t_us,adc
38304000,0
38306001,0
38308000,0
38310001,0
38312000,0
38314000,0
38316001,0
38318000,0
38320000,0
38322000,0
38324000,0
38326000,0
38328000,0
38330001,0
38332000,0
38334001,0
38336000,0
38338000,0
38340000,0
38342000,0
38344000,0
38346000,0
38348000,0
38350000,0
38352000,0
38354001,0
38356000,0
38358001,0
38360000,0
38362001,0
38364000,0
38366001,0
38368000,0
38370001,0
38372000,0
38374000,0
38376001,0
38378000,0
38380001,0
38382000,0
38384000,0
38386000,0
38388000,0
38390001,0
38392000,0
38394001,0
38396000,0
38398001,0
38400000,0
38402001,0
38404000,0
38406001,0
38408000,0
38410001,0
38412000,0
38414000,0
38416000,0
38418000,0
38420000,0
38422000,0
38424000,0
38426000,0
38428000,0
38430001,0
38432000,0
38434000,0
38436000,0
38438001,0
38440000,0
38442000,0
38444000,0
38446001,0
38448000,0
38450001,0
38452000,0
38454001,0
38456000,0
38458000,0
38460000,0
38462000,0
38464000,0
38466000,0
38468000,0
38470000,0
38472001,0
38474000,0
38476000,0
38478000,0
38480001,0
38482000,0
38484000,0
38486001,0
38488000,0
38490000,0
38492000,0
38494000,0
38496001,0
38498000,0
38500000,0
38502000,0
38504000,0
38506000,0
38508000,0
38510000,0
38512000,0
38514001,0
38516000,0
38518000,0
38520000,0
38522000,0
38524001,0
38526000,0
38528001,0
38530000,0
38532000,0
38534000,0
38536000,0
38538000,0
38540000,0
38542000,0
38544001,0
38546000,0
38548000,0
38550000,0
38552000,0
38554000,0
38556001,0
38558000,0
38560001,0
38562000,0
38564000,0
38566000,0
38568000,0
38570000,0
38572001,0
38574000,0
38576000,0
38578000,0
38580000,0
38582000,0
38584001,0
38586000,0
38588001,0
38590000,0
38592000,0
38594000,0
38596001,0
38598000,0
38600000,0
38602000,0
38604001,0
38606000,0
38608001,0
38610000,0
38612001,0
38614000,0
38616000,0
38618000,0
38620001,0
38622000,0
38624000,0
38626000,0
38628000,0
38630001,0
38632000,0
38634000,0
38636000,0
38638000,0
38640000,0
38642000,0
38644000,0
38646000,0
38648000,0
38650001,0
38652000,0
38654001,0
38656000,0
38658000,0
38660000,0
38662000,0
38664000,0
38666000,0
38668001,0
38670000,0
38672001,0
38674000,0
38676000,0
38678001,0
38680000,0
38682000,0
38684000,0
38686000,0
38688000,0
38690000,0
38692001,0
38694000,0
38696000,0
38698000,0
38700000,0
38702000,0
38704000,0
38706000,0
38708000,0
38710000,0
38712000,0
38714001,0
38716000,0
38718001,0
38720000,0
38722001,0
38724000,0
38726000,0
38728000,0
38730000,0
38732000,0
38734000,0
38736000,0
38738000,0
38740001,0
38742000,0
38744000,0
38746000,0
38748000,0
38750000,0
38752000,0
38754000,0
38756000,0
38758000,0
38760000,0
38762000,0
38764000,0
38766000,0
38768000,0
38770000,0
38772000,0
38774000,0
38776000,0
38778000,0
38780000,0
38782000,0
38784001,0
38786000,0
38788001,0
38790000,0
38792000,0
38794000,0
38796000,0
38798000,0
38800000,0
38802000,0
38804001,0
38806000,0
38808000,0
38810000,0
38812001,0
38814000,0
38816000,0
38818001,0
38820000,0
38822001,0
38824000,0
38826001,0
38828000,0
38830000,0
38832000,0
38834000,0
38836001,0
38838000,0
38840001,0
38842000,0
38844000,0
38846000,0
38848000,0
38850000,0
38852000,0
38854001,0
38856000,0
38858000,0
38860000,0
38862001,0
38864000,0
38866001,0
38868000,0
38870000,0
38872000,0
38874000,0
38876000,0
38878000,0
38880000,0
38882000,0
38884000,0
38886001,0
38888000,0
38890001,0
38892000,0
38894001,0
38896000,0
38898000,0
38900001,0
38902000,0
38904000,0
38906000,0
38908000,0
38910001,0
38912000,0
38914000,0
38916000,0
38918001,0
38920000,0
38922000,0
38924000,0
38926000,0
38928000,0
38930000,0
38932001,0
38934000,0
38936000,0
38938000,0
38940001,0
38942000,0
38944001,0
38946000,0
38948001,0
38950000,0
38952000,0
38954001,0
38956000,0
38958001,0
38960000,0
38962000,0
38964000,0
38966001,0
38968000,0
38970001,0
38972000,0
38974000,0
38976000,0
38978000,0
38980000,0
38982000,0
38984001,0
38986000,0
38988000,0
38990000,0
38992001,0
38994000,0
38996001,0
38998000,0
39000000,0
39002000,0
39004001,0
39006000,0
39008000,0
39010000,0
39012001,0
39014000,0
39016000,0
39018001,0
39020000,0
39022000,0
39024000,0
39026000,0
39028000,0
39030000,0
39032000,0
39034001,0
39036000,0
39038000,0
39040000,0
39042001,0
39044000,0
39046000,0
39048000,0
39050001,0
39052000,0
39054000,0
39056000,0
39058000,0
39060000,0
39062001,0
39064000,0
39066000,0
39068000,0
39070000,0
39072000,0
39074001,0
39076000,0
39078001,0
39080000,0
39082000,0
39084000,0
39086001,0
39088000,0
39090000,0
39092000,0
39094000,0
39096000,0
39098000,0
39100000,0
39102001,0
39104000,0
39106001,0
39108000,0
39110001,0
39112000,0
39114001,0
39116000,0
39118000,0
39120000,0
39122000,0
39124000,0
39126001,0
39128000,0
39130001,0
39132000,0
39134000,0
39136000,0
39138000,0
39140000,0
39142001,0
39144000,0
39146000,0
39148001,0
39150000,0
39152001,0
39154000,0
39156000,0
39158000,0
39160000,0
39162000,0
39164000,0
39166001,0
39168000,0
39170001,0
39172000,0
39174001,0
39176000,0
39178001,0
39180000,0
39182000,0
39184000,0
39186000,0
39188000,0
39190000,0
39192001,0
39194000,0
39196000,0
39198000,0
39200000,0
39202000,0
39204000,0
39206001,0
39208000,0
39210000,0
39212001,0
39214000,0
39216000,0
39218000,0
39220000,0
39222000,0
39224000,0
39226000,0
39228001,0
39230000,0
39232000,0
39234000,0
39236000,0
39238000,0
39240000,0
39242000,0
39244001,0
39246000,0
39248001,0
39250000,0
39252001,0
39254000,0
39256000,0
39258000,0
39260000,0
39262000,0
39264000,0
39266000,0
39268000,0
39270000,0
39272001,0
39274000,0
39276000,0
39278000,0
39280000,0
39282000,0
39284000,0
39286000,0
39288000,0
39290000,0
39292000,0
39294000,0
39296000,0
39298000,0
39300001,0
39302000,0
39304000,0
39306000,0
39308000,0
39310000,0
39312000,0
39314001,0
39316000,0
39318000,0
39320000,0
39322001,0
39324000,0
39326001,0
39328000,0
39330001,0
39332000,0
39334001,0
39336000,0
39338000,0
39340000,0
39342000,0
39344001,0
39346000,0
39348001,0
39350000,0
39352001,0
39354000,0
39356000,0
39358000,0
39360001,0
39362000,0
39364000,0
39366000,0
39368001,0
39370000,0
39372000,0
39374000,0
39376000,0
39378000,0
39380000,0
39382000,0
39384000,0
39386000,0
39388000,0
39390000,0
39392000,0
39394000,0
39396000,0
39398001,0
39400000,0
39402001,0
39404000,0
39406000,0
39408000,0
39410000,0
39412001,0
39414000,0
39416001,0
39418000,0
39420001,0
39422000,0
39424000,0
39426000,0
39428000,0
39430000,0
39432001,0
39434000,0
39436000,0
39438001,0
39440000,0
39442000,0
39444001,0
39446000,0
39448000,0
39450000,0
39452000,0
39454001,0
39456000,0
39458000,0
39460000,0
39462001,0
39464000,0
39466001,0
39468000,0
39470001,0
39472000,0
39474000,0
39476001,0
39478000,0
39480000,0
39482001,0
39484000,0
39486000,0
39488000,0
39490001,0
39492000,0
39494000,0
39496000,0
39498000,0
39500000,0
39502000,0
39504000,0
39506000,0
39508001,0
39510000,0
39512000,0
39514000,0
39516001,0
39518000,0
39520001,0
39522000,0
39524000,0
39526001,0
39528000,0
39530000,0
39532000,0
39534001,0
39536000,0
39538001,0
39540000,0
39542001,0
39544000,0
39546000,0
39548000,0
39550000,0
39552000,0
39554000,0
39556000,0
39558000,0
39560000,0
39562000,0
39564001,0
39566000,0
39568001,0
39570000,0
39572000,0
39574000,0
39576000,0
39578000,0
39580000,0
39582000,0
39584000,0
39586000,0
39588000,0
39590001,0
39592000,0
39594001,0
39596000,0
39598000,0
39600001,0
39602000,0
39604001,0
39606000,0
39608000,0
39610000,0
39612001,0
39614000,0
39616000,0
39618000,0
39620000,0
39622001,0
39624000,0
39626001,0
39628000,0
39630000,0
39632000,0
39634000,0
39636000,0
39638001,0
39640000,0
39642000,0
39644000,0
39646000,0
39648000,0
39650000,0
39652000,0
39654000,0
39656000,0
39658000,0
39660000,0
39662001,0
39664000,0
39666000,0
39668000,0
39670001,0
39672000,0
39674001,0
39676000,0
39678001,0
39680000,0
39682000,0
39684000,0
39686001,0
39688000,0
39690000,0
39692000,0
39694001,0
39696000,0
39698000,0
39700000,0
39702001,0
39704000,0
39706000,0
39708000,0
39710000,0
39712000,0
39714001,0
39716000,0
39718000,0
39720000,0
39722001,0
39724000,0
39726000,0
39728000,0
39730001,0
39732000,0
39734001,0
39736000,0
39738001,0
39740000,0
39742000,0
39744000,0
39746001,0
39748000,0
39750000,0
39752000,0
39754001,0
39756000,0
39758000,0
39760000,0
39762000,0
39764001,0
39766000,0
39768001,0
39770000,0
39772000,0
39774000,0
39776001,0
39778000,0
39780000,0
39782000,0
39784000,0
39786000,0
39788000,0
39790000,0
39792000,0
39794000,0
39796000,0
39798000,0
39800001,0
39802000,0
39804000,0
39806000,0
39808000,0
39810000,0
39812001,0
39814000,0
39816000,0
39818000,0
39820000,0
39822001,0
39824000,0
39826000,0
39828000,0
39830000,0
39832000,0
39834000,0
39836000,0
39838000,0
39840000,0
39842000,0
39844000,0
39846000,0
39848000,0
39850000,0
39852000,0
39854000,0
39856000,0
39858000,0
39860000,0
39862000,0
39864000,0
39866001,0
39868000,0
39870001,0
39872000,0
39874000,0
39876000,0
39878000,0
39880000,0
39882000,0
39884000,0
39886000,0
39888000,0
39890001,0
39892000,0
39894001,0
39896000,0
39898001,0
39900000,0
39902000,0
39904000,0
39906001,0
39908000,0
39910000,0
39912000,0
39914001,0
39916000,0
39918000,0
39920001,0
39922000,0
39924000,0
39926000,0
39928000,0
39930001,0
39932000,0
39934001,0
39936000,0
39938000,0
39940001,0
39942000,0
39944000,0
39946001,0
39948000,0
39950000,0
39952001,0
39954000,0
39956000,0
39958001,0
39960000,0
39962001,0
39964000,0
39966001,0
39968000,0
39970000,0
39972001,0
39974000,0
39976001,0
39978000,0
39980000,0
39982000,0
39984000,0
39986001,0
39988000,0
39990000,0
39992000,0
39994000,0
39996000,0
39998000,0
40000000,0
40002000,0
40004000,0
40006000,0
40008001,0
40010000,0
40012000,0
40014000,0
40016000,0
40018001,0
40020000,0
40022001,0
40024000,0
40026000,0
40028000,0
40030001,0
40032000,0
40034001,0
40036000,0
40038000,0
40040001,0
40042000,0
40044000,0
40046001,0
40048000,0
40050001,0
40052000,0
40054001,0
40056000,0
40058001,0
40060000,0
40062001,0
40064000,0
40066001,0
40068000,0
40070000,0
40072000,0
40074000,0
40076000,0
40078001,0
40080000,0
40082001,0
40084000,0
40086000,0
40088000,0
40090001,0
40092000,0
40094000,0
40096000,0
40098000,0
40100000,0
40102001,0
40104000,0
40106000,0
40108000,0
40110000,0
40112000,0
40114000,0
40116000,0
40118000,0
40120000,0
40122000,0
40124000,0
40126000,0
40128001,0
40130000,0
40132000,0
40134000,0
40136001,0
40138000,0
40140000,0
40142000,0
40144001,0
40146000,0
40148001,0
40150000,0
40152001,0
40154000,0
40156000,0
40158000,0
40160000,0
40162000,0
40164000,0
40166000,0
40168000,0
40170000,0
40172000,0
40174000,0
40176000,0
40178000,0
40180000,0
40182000,0
40184001,0
40186000,0
40188000,0
40190000,0
40192000,0
40194000,0
40196000,0
40198000,0
40200000,0
40202000,0
40204000,0
40206000,0
40208000,0
40210000,0
40212000,0
40214000,0
40216000,0
40218000,0
40220001,0
40222000,0
40224000,0
40226000,0
40228000,0
40230001,0
40232000,0
40234000,0
40236000,0
40238001,0
40240000,0
40242000,0
40244001,0
40246000,0
40248000,0
40250001,0
40252000,0
40254001,0
40256000,0
40258001,0
40260000,0
40262000,0
40264001,0
40266000,0
40268000,0
40270000,0
40272001,0
40274000,0
40276000,0
40278000,0
40280001,0
40282000,0
40284000,0
40286000,0
40288001,0
40290000,0
40292001,0
40294000,0
40296001,0
40298000,0
40300000,0
40302000,0
40304001,0
40306000,0
40308000,0
40310000,0
40312000,0
40314000,0
40316000,0
40318000,0
40320000,0
40322000,0
40324000,0
40326000,0
40328001,0
40330000,0
40332001,0
40334000,0
40336001,0
40338000,0
40340001,0
40342000,0
40344000,0
40346000,0
40348001,0
40350000,0
40352001,0
40354000,0
40356001,0
40358000,0
40360000,0
40362000,0
40364000,0
40366001,0
40368000,0
40370000,0
40372000,0
40374001,0
40376000,0
40378000,0
40380001,0
40382000,0
40384000,0
40386000,0
40388001,0
40390000,0
40392000,0
40394000,0
40396000,0
40398000,0
40400000,0
40402000,0
40404000,0
40406000,0
40408000,0
40410000,0
40412001,0
40414000,0
40416000,0
40418000,0
40420000,0
40422000,0
40424000,0
40426000,0
40428001,0
40430000,0
40432000,0
40434000,0
40436001,0
40438000,0
40440000,0
40442001,0
40444000,0
40446000,0
40448000,0
40450000,0
40452000,0
40454000,0
40456000,0
40458001,0
40460000,0
40462001,0
40464000,0
40466000,0
40468000,0
40470000,0
40472000,0
40474000,0
40476000,0
40478000,0
40480001,0
40482000,0
40484000,0
40486001,0
40488000,0
40490000,0
40492000,0
40494000,0
40496000,0
40498000,0
40500000,0
40502001,0
40504000,0
40506001,0
40508000,0
40510001,0
40512000,0
40514000,0
40516000,0
40518001,0
40520000,0
40522001,0
40524000,0
40526000,0
40528000,0
40530001,0
40532000,0
40534001,0
40536000,0
40538000,0
40540000,0
40542000,0
40544000,0
40546000,0
40548000,0
40550001,0
40552000,0
40554001,0
40556000,0
40558000,0
40560001,0
40562000,0
40564000,0
40566000,0
40568000,0
40570001,0
40572000,0
40574001,0
40576000,0
40578000,0
40580000,0
40582000,0
40584000,0
40586000,0
40588000,0
40590000,0
40592000,0
40594000,0
40596000,0
40598000,0
40600000,0
40602000,0
40604000,0
40606000,0
40608001,0
40610000,0
40612000,0
40614000,0
40616000,0
40618000,0
40620000,0
40622000,0
40624000,0
40626000,0
40628000,0
40630001,0
40632000,0
40634000,0
40636000,0
40638001,0
40640000,0
40642000,0
40644000,0
40646000,0
40648000,0
40650001,0
40652000,0
40654001,0
40656000,0
40658000,0
40660000,0
40662001,0
40664000,0
40666001,0
40668000,0
40670001,0
40672000,0
40674001,0
40676000,0
40678000,0
40680000,0
40682000,0
40684001,0
40686000,0
40688001,0
40690000,0
40692000,0
40694000,0
40696001,0
40698000,0
40700001,0
40702000,0
40704001,0
40706000,0
40708000,0
40710000,0
40712001,0
40714000,0
40716000,0
40718000,0
40720000,0
40722001,0
40724000,0
40726001,0
40728000,0
40730001,0
40732000,0
40734000,0
40736000,0
40738000,0
40740000,0
40742000,0
40744000,0
40746001,0
40748000,0
40750001,0
40752000,0
40754001,0
40756000,0
40758001,0
40760000,0
40762001,0
40764000,0
40766001,0
40768000,0
40770000,0
40772000,0
40774000,0
40776000,0
40778000,0
40780001,0
40782000,0
40784000,0
40786001,0
40788000,0
40790001,0
40792000,0
40794001,0
40796000,0
40798000,0
40800000,0
40802000,0
40804001,0
40806000,0
40808001,0
40810000,0
40812001,0
40814000,0
40816000,0
40818000,0
40820000,0
40822000,0
40824001,0
40826000,0
40828001,0
40830000,0
40832000,0
40834000,0
40836001,0
40838000,0
40840001,0
40842000,0
40844000,0
40846000,0
40848000,0
40850000,0
40852000,0
40854000,0
40856000,0
40858001,0
40860000,0
40862000,0
40864000,0
40866001,0
40868000,0
40870000,0
40872000,0
40874001,0
40876000,0
40878001,0
40880000,0
40882001,0
40884000,0
40886000,0
40888000,0
40890000,0
40892000,0
40894000,0
40896001,0
40898000,0
40900000,0
40902000,0
40904000,0
40906000,0
40908000,0
40910000,0
40912000,0
40914000,0
40916000,0
40918000,0
40920000,0
40922000,0
40924000,0
40926001,0
40928000,0
40930000,0
40932001,0
40934000,0
40936000,0
40938000,0
40940000,0
40942000,0
40944000,0
40946000,0
40948000,0
40950000,0
40952000,0
40954001,0
40956000,0
40958000,0
40960000,0
40962000,0
40964000,0
40966000,0
40968000,0
40970000,0
40972000,0
40974001,0
40976000,0
40978001,0
40980000,0
40982000,0
40984000,0
40986000,0
40988000,0
40990000,0
40992000,0
40994000,0
40996001,0
40998000,0
41000001,0
41002000,0
41004000,0
41006000,0
41008001,0
41010000,0
41012000,0
41014000,0
41016000,0
41018000,0
41020000,0
41022000,0
41024000,0
41026000,0
41028000,0
41030000,0
41032000,0
41034000,0
41036000,0
41038000,0
41040000,0
41042001,0
41044000,0
41046000,0
41048000,0
41050000,0
41052000,0
41054000,0
41056000,0
41058000,0
41060000,0
41062001,0
41064000,0
41066000,0
41068000,0
41070001,0
41072000,0
41074000,0
41076000,0
41078000,0
41080000,0
41082000,0
41084000,0
41086000,0
41088000,0
41090000,0
41092000,0
41094001,0
41096000,0
41098001,0
41100000,0
41102001,0
41104000,0
41106001,0
41108000,0
41110001,0
41112000,0
41114000,0
41116000,0
41118001,0
41120000,0
41122000,0
41124000,0
41126001,0
41128000,0
41130000,0
41132000,0
41134001,0
41136000,0
41138001,0
41140000,0
41142000,0
41144000,0
41146001,0
41148000,0
41150000,0
41152000,0
41154000,0
41156000,0
41158000,0
41160000,0
41162000,0
41164000,0
41166000,0
41168000,0
41170000,0
41172000,0
41174000,0
41176000,0
41178000,0
41180001,0
41182000,0
41184000,0
41186001,0
41188000,0
41190000,0
41192000,0
41194001,0
41196000,0
41198000,0
41200000,0
41202000,0
41204001,0
41206000,0
41208000,0
41210000,0
41212000,0
41214000,0
41216000,0
41218000,0
41220000,0
41222000,0
41224000,0
41226000,0
41228000,0
41230000,0
41232000,0
41234000,0
41236000,0
41238000,0
41240000,0
41242000,0
41244001,0
41246000,0
41248000,0
41250000,0
41252000,0
41254000,0
41256001,0
41258000,0
41260001,0
41262000,0
41264000,0
41266001,0
41268000,0
41270000,0
41272000,0
41274000,0
41276000,0
41278000,0
41280000,0
41282000,0
41284000,0
41286000,0
41288000,0
41290000,0
41292000,0
41294000,0
41296001,0
41298000,0
41300000,0
41302000,0
41304000,0
41306000,0
41308000,0
41310000,0
41312000,0
41314000,0
41316000,0
41318001,0
41320000,0
41322001,0
41324000,0
41326001,0
41328000,0
41330000,0
41332000,0
41334000,0
41336000,0
41338001,0
41340000,0
41342000,0
41344001,0
41346000,0
41348000,0
41350000,0
41352001,0
41354000,0
41356000,0
41358000,0
41360000,0
41362000,0
41364000,0
41366000,0
41368000,0
41370000,0
41372000,0
41374000,0
41376001,0
41378000,0
41380001,0
41382000,0
41384000,0
41386000,0
41388000,0
41390000,0
41392000,0
41394001,0
41396000,0
41398000,0
41400000,0
41402001,0
41404000,0
41406000,0
41408000,0
41410000,0
41412001,0
41414000,0
41416000,0
41418000,0
41420000,0
41422000,0
41424000,0
41426000,0
41428000,0
41430001,0
41432000,0
41434000,0
41436000,0
41438000,0
41440000,0
41442000,0
41444000,0
41446000,0
41448000,0
41450001,0
41452000,0
41454001,0
41456000,0
41458001,0
41460000,0
41462000,0
41464000,0
41466000,0
41468000,0
41470001,0
41472000,0
41474000,0
41476000,0
41478000,0
41480000,0
41482000,0
41484000,0
41486000,0
41488000,0
41490000,0
41492001,0
41494000,0
41496001,0
41498000,0
41500000,0
41502000,0
41504000,0
41506000,0
41508001,0
41510000,0
41512001,0
41514000,0
41516001,0
41518000,0
41520000,0
41522000,0
41524000,0
41526001,0
41528000,0
41530000,0
41532000,0
41534001,0
41536000,0
41538000,0
41540000,0
41542000,0
41544000,0
41546001,0
41548000,0
41550000,0
41552000,0
41554000,0
41556000,0
41558000,0
41560000,0
41562000,0
41564000,0
41566001,0
41568000,0
41570000,0
41572000,0
41574000,0
41576000,0
41578000,0
41580000,0
41582001,0
41584000,0
41586000,0
41588001,0
41590000,0
41592001,0
41594000,0
41596001,0
41598000,0
41600000,0
41602001,0
41604000,0
41606001,0
41608000,0
41610001,0
41612000,0
41614001,0
41616000,0
41618001,0
41620000,0
41622001,0
41624000,0
41626000,0
41628000,0
41630001,0
41632000,0
41634001,0
41636000,0
41638001,0
41640000,0
41642001,0
41644000,0
41646000,0
41648000,0
41650000,0
41652000,0
41654000,0
41656000,0
41658000,0
41660000,0
41662000,0
41664000,0
41666000,0
41668000,0
41670000,0
41672000,0
41674000,0
41676000,0
41678000,0
41680000,0
41682000,0
41684000,0
41686000,0
41688000,0
41690000,0
41692000,0
41694000,0
41696001,0
41698000,0
41700000,0
41702000,0
41704000,0
41706000,0
41708000,0
41710001,0
41712000,0
41714000,0
41716000,0
41718001,0
41720000,0
41722001,0
41724000,0
41726000,0
41728000,0
41730000,0
41732001,0
41734000,0
41736000,0
41738000,0
41740000,0
41742000,0
41744000,0
41746000,0
41748000,0
41750000,0
41752000,0
41754000,0
41756001,0
41758000,0
41760000,0
41762000,0
41764000,0
41766000,0
41768000,0
41770000,0
41772001,0
41774000,0
41776000,0
41778000,0
41780001,0
41782000,0
41784000,0
41786000,0
41788000,0
41790000,0
41792000,0
41794000,0
41796000,0
41798000,0
41800000,0
41802000,0
41804000,0
41806000,0
41808000,0
41810000,0
41812000,0
41814001,0
41816000,0
41818001,0
41820000,0
41822001,0
41824000,0
41826000,0
41828000,0
41830000,0
41832000,0
41834000,0
41836000,0
41838000,0
41840000,0
41842000,0
41844000,0
41846000,0
41848001,0
41850000,0
41852000,0
41854000,0
41856000,0
41858000,0
41860001,0
41862000,0
41864000,0
41866000,0
41868000,0
41870000,0
41872000,0
41874000,0
41876000,0
41878000,0
41880000,0
41882001,0
41884000,0
41886000,0
41888000,0
41890000,0
41892000,0
41894000,0
41896000,0
41898000,0
41900000,0
41902000,0
41904000,0
41906001,0
41908000,0
41910000,0
41912000,0
41914000,0
41916001,0
41918000,0
41920000,0
41922000,0
41924000,0
41926000,0
41928001,0
41930000,0
41932000,0
41934000,0
41936000,0
41938000,0
41940000,0
41942000,0
41944000,0
41946000,0
41948000,0
41950000,0
41952000,0
41954000,0
41956001,0
41958000,0
41960000,0
41962000,0
41964000,0
41966000,0
41968001,0
41970000,0
41972001,0
41974000,0
41976000,0
41978000,0
41980000,0
41982000,0
41984000,0
41986001,0
41988000,0
41990000,0
41992001,0
41994000,0
41996001,0
41998000,0
42000000,0
42002000,0
42004000,0
42006000,0
42008001,0
42010000,0
42012000,0
42014000,0
42016000,0
42018000,0
42020000,0
42022001,0
42024000,0
42026000,0
42028000,0
42030000,0
42032000,0
42034000,0
42036000,0
42038000,0
42040000,0
42042001,0
42044000,0
42046000,0
42048000,0
42050000,0
42052000,0
42054001,0
42056000,0
42058000,0
42060000,0
42062001,0
42064000,0
42066001,0
42068000,0
42070000,0
42072000,0
42074000,0
42076000,0
42078000,0
42080000,0
42082001,0
42084000,0
42086000,0
42088000,0
42090001,0
42092000,0
42094000,0
42096001,0
42098000,0
42100001,0
42102000,0
42104001,0
42106000,0
42108001,0
42110000,0
42112000,0
42114001,0
42116000,0
42118000,0
42120000,0
42122000,0
42124000,0
42126000,0
42128000,0
42130000,0
42132001,0
42134000,0
42136000,0
42138000,0
42140001,0
42142000,0
42144001,0
42146000,0
42148000,0
42150000,0
42152001,0
42154000,0
42156000,0
42158000,0
42160001,0
42162000,0
42164000,0
42166000,0
42168000,0
42170000,0
42172000,0
42174001,0
42176000,0
42178001,0
42180000,0
42182001,0
42184000,0
42186000,0
42188000,0
42190000,0
42192000,0
42194000,0
42196000,0
42198000,0
42200000,0
42202000,0
42204000,0
42206000,0
42208000,0
42210001,0
42212000,0
42214000,0
42216000,0
42218001,0
42220000,0
42222000,0
42224000,0
42226000,0
42228000,0
42230000,0
42232000,0
42234000,0
42236000,0
42238000,0
42240000,0
42242000,0
42244000,0
42246000,0
42248001,0
42250000,0
42252001,0
42254000,0
42256001,0
42258000,0
42260000,0
42262000,0
42264000,0
42266001,0
42268000,0
42270000,0
42272000,0
42274000,0
42276001,0
42278000,0
42280000,0
42282001,0
42284000,0
42286000,0
42288000,0
42290000,0
42292000,0
42294000,0
42296000,0
42298000,0
42300000,0
42302000,0
42304000,0
42306001,0
42308000,0
42310000,0
42312001,0
42314000,0
42316000,0
42318000,0
42320000,0
42322000,0
42324000,0
42326000,0
42328000,0
42330000,0
42332001,0
42334000,0
42336000,0
42338000,0
42340000,0
42342001,0
42344000,0
42346000,0
42348000,0
42350000,0
42352001,0
42354000,0
42356000,0
42358000,0
42360000,0
42362001,0
42364000,0
42366000,0
42368000,0
42370000,0
42372000,0
42374000,0
42376000,0
42378000,0
42380000,0
42382001,0
42384000,0
42386000,0
42388000,0
42390000,0
42392000,0
42394000,0
42396000,0
42398001,0
42400000,0
42402000,0
42404000,0
42406000,0
42408001,0
42410000,0
42412001,0
42414000,0
42416000,0
42418000,0
42420000,0
42422000,0
42424000,0
42426001,0
42428000,0
42430001,0
42432000,0
42434000,0
42436000,0
42438001,0
42440000,0
42442000,0
42444000,0
42446000,0
42448000,0
42450001,0
42452000,0
42454001,0
42456000,0
42458001,0
42460000,0
42462000,0
42464001,0
42466000,0
42468001,0
42470000,0
42472001,0
42474000,0
42476000,0
42478000,0
42480000,0
42482000,0
42484001,0
42486000,0
42488000,0
42490000,0
42492000,0
42494000,0
42496000,0
42498000,0
42500000,0
42502000,0
42504001,0
42506000,0
42508000,0
42510000,0
42512000,0
42514000,0
42516000,0
42518000,0
42520001,0
42522000,0
42524000,0
42526000,0
42528000,0
42530001,0
42532000,0
42534000,0
42536000,0
42538001,0
42540000,0
42542000,0
42544000,0
42546000,0
42548000,0
42550000,0
42552000,0
42554000,0
42556001,0
42558000,0
42560001,0
42562000,0
42564000,0
42566000,0
42568000,0
42570000,0
42572000,0
42574000,0
42576000,0
42578000,0
42580000,0
42582000,0
42584001,0
42586000,0
42588000,0
42590000,0
42592001,0
42594000,0
42596000,0
42598000,0
42600000,0
42602000,0
42604000,0
42606001,0
42608000,0
42610001,0
42612000,0
42614001,0
42616000,0
42618000,0
42620000,0
42622001,0
42624000,0
42626000,0
42628000,0
42630000,0
42632000,0
42634001,0
42636000,0
42638000,0
42640000,0
42642001,0
42644000,0
42646000,0
42648000,0
42650000,0
42652000,0
42654000,0
42656000,0
42658001,0
42660000,0
42662001,0
42664000,0
42666001,0
42668000,0
42670001,0
42672000,0
42674000,0
42676001,0
42678000,0
42680000,0
42682000,0
42684001,0
42686000,0
42688001,0
42690000,0
42692000,0
42694000,0
42696000,0
42698001,0
42700000,0
42702000,0
42704001,0
42706000,0
42708000,0
42710001,0
42712000,0
42714001,0
42716000,0
42718001,0
42720000,0
42722000,0
42724000,0
42726001,0
42728000,0
42730001,0
42732000,0
42734001,0
42736000,0
42738000,0
42740000,0
42742000,0
42744000,0
42746001,0
42748000,0
42750000,0
42752000,0
42754000,0
42756000,0
42758000,0
42760000,0
42762001,0
42764000,0
42766000,0
42768000,0
42770000,0
42772000,0
42774001,0
42776000,0
42778000,0
42780000,0
42782000,0
42784001,0
42786000,0
42788000,0
42790000,0
42792000,0
42794000,0
42796000,0
42798000,0
42800000,0
42802000,0
42804000,0
42806000,0
42808001,0
42810000,0
42812001,0
42814000,0
42816000,0
42818000,0
42820000,0
42822000,0
42824000,0
42826000,0
42828000,0
42830000,0
42832000,0
42834000,0
42836000,0
42838000,0
42840001,0
42842000,0
42844001,0
42846000,0
42848000,0
42850000,0
42852000,0
42854000,0
42856001,0
42858000,0
42860001,0
42862000,0
42864001,0
42866000,0
42868001,0
42870000,0
42872000,0
42874000,0
42876000,0
42878001,0
42880000,0
42882000,0
42884000,0
42886000,0
42888000,0
42890000,0
42892001,0
42894000,0
42896001,0
42898000,0
42900001,0
42902000,0
42904000,0
42906000,0
42908000,0
42910001,0
42912000,0
42914000,0
42916000,0
42918001,0
42920000,0
42922001,0
42924000,0
42926001,0
42928000,0
42930000,0
42932000,0
42934000,0
42936000,0
42938000,0
42940000,0
42942001,0
42944000,0
42946000,0
42948000,0
42950000,0
42952000,0
42954001,0
42956000,0
42958000,0
42960000,0
42962000,0
42964000,0
42966000,0
42968000,0
42970000,0
42972000,0
42974001,0
42976000,0
42978001,0
42980000,0
42982000,0
42984001,0
42986000,0
42988000,0
42990001,0
42992000,0
42994000,0
42996000,0
42998000,0
43000001,0
43002000,0
43004000,0
43006000,0
43008001,0
43010000,0
43012000,0
43014000,0
43016000,0
43018000,0
43020000,0
43022000,0
43024000,0
43026000,0
43028001,0
43030000,0
43032000,0
43034000,0
43036000,0
43038000,0
43040001,0
43042000,0
43044000,0
43046000,0
43048000,0
43050000,0
43052000,0
43054000,0
43056000,0
43058000,0
43060001,0
43062000,0
43064000,0
43066000,0
43068000,0
43070000,0
43072001,0
43074000,0
43076001,0
43078000,0
43080000,0
43082000,0
43084000,0
43086000,0
43088001,0
43090000,0
43092000,0
43094000,0
43096000,0
43098000,0
43100001,0
43102000,0
43104000,0
43106000,0
43108001,0
43110000,0
43112000,0
43114000,0
43116000,0
43118000,0
43120000,0
43122000,0
43124000,0
43126000,0
43128000,0
43130001,0
43132000,0
43134000,0
43136000,0
43138000,0
43140000,0
43142000,0
43144000,0
43146001,0
43148000,0
43150000,0
43152000,0
43154001,0
43156000,0
43158001,0
43160000,0
43162000,0
43164000,0
43166000,0
43168000,0
43170001,0
43172000,0
43174000,0
43176000,0
43178001,0
43180000,0
43182001,0
43184000,0
43186001,0
43188000,0
43190000,0
43192000,0
43194000,0
43196000,0
43198001,0
43200000,0
43202000,0
43204001,0
43206000,0
43208001,0
43210000,0
43212000,0
43214000,0
43216000,0
43218000,0
43220000,0
43222000,0
43224000,0
43226000,0
43228000,0
43230001,0
43232000,0
43234001,0
43236000,0
43238000,0
43240000,0
43242000,0
43244000,0
43246000,0
43248000,0
43250001,0
43252000,0
43254000,0
43256001,0
43258000,0
43260000,0
43262000,0
43264000,0
43266000,0
43268000,0
43270000,0
43272000,0
43274000,0
43276000,0
43278000,0
43280000,0
43282000,0
43284001,0
43286000,0
43288000,0
43290000,0
43292000,0
43294000,0
43296000,0
43298000,0
43300000,0
43302000,0
43304000,0
43306000,0
43308000,0
43310001,0
43312000,0
43314001,0
43316000,0
43318000,0
43320000,0
43322000,0
43324000,0
43326000,0
43328000,0
43330001,0
43332000,0
43334000,0
43336000,0
43338001,0
43340000,0
43342000,0
43344000,0
43346000,0
43348000,0
43350000,0
43352001,0
43354000,0
43356001,0
43358000,0
43360000,0
43362000,0
43364000,0
43366001,0
43368000,0
43370000,0
43372000,0
43374000,0
43376001,0
43378000,0
43380000,0
43382000,0
43384000,0
43386001,0
43388000,0
43390001,0
43392000,0
43394001,0
43396000,0
43398001,0
43400000,0
43402000,0
43404000,0
43406000,0
43408000,0
43410000,0
43412000,0
43414000,0
43416000,0
43418000,0
43420000,0
43422001,0
43424000,0
43426001,0
43428000,0
43430000,0
43432000,0
43434001,0
43436000,0
43438000,0
43440000,0
43442001,0
43444000,0
43446000,0
43448000,0
43450001,0
43452000,0
43454001,0
43456000,0
43458000,0
43460001,0
43462000,0
43464001,0
43466000,0
43468000,0
43470000,0
43472000,0
43474000,0
43476000,0
43478000,0
43480000,0
43482001,0
43484000,0
43486000,0
43488001,0
43490000,0
43492000,0
43494000,0
43496001,0
43498000,0
43500000,0
43502000,0
43504000,0
43506000,0
43508000,0
43510001,0
43512000,0
43514001,0
43516000,0
43518001,0
43520000,0
43522001,0
43524000,0
43526000,0
43528000,0
43530000,0
43532000,0
43534000,0
43536000,0
43538000,0
43540000,0
43542000,0
43544000,0
43546001,0
43548000,0
43550001,0
43552000,0
43554000,0
43556001,0
43558000,0
43560000,0
43562001,0
43564000,0
43566000,0
43568000,0
43570000,0
43572000,0
43574000,0
43576000,0
43578000,0
43580000,0
43582000,0
43584000,0
43586000,0
43588000,0
43590000,0
43592000,0
43594000,0
43596000,0
43598001,0
43600000,0
43602001,0
43604000,0
43606000,0
43608000,0
43610000,0
43612000,0
43614000,0
43616000,0
43618001,0
43620000,0
43622001,0
43624000,0
43626001,0
43628000,0
43630001,0
43632000,0
43634001,0
43636000,0
43638000,0
43640000,0
43642000,0
43644000,0
43646000,0
43648000,0
43650000,0
43652000,0
43654000,0
43656000,0
43658001,0
43660000,0
43662000,0
43664000,0
43666001,0
43668000,0
43670001,0
43672000,0
43674000,0
43676000,0
43678000,0
43680000,0
43682000,0
43684000,0
43686000,0
43688000,0
43690001,0
43692000,0
43694000,0
43696000,0
43698001,0
43700000,0
43702000,0
43704000,0
43706000,0
43708001,0
43710000,0
43712000,0
43714000,0
43716000,0
43718001,0
43720000,0
43722001,0
43724000,0
43726001,0
43728000,0
43730000,0
43732000,0
43734001,0
43736000,0
43738000,0
43740000,0
43742000,0
43744001,0
43746000,0
43748000,0
43750000,0
43752000,0
43754000,0
43756000,0
43758000,0
43760000,0
43762000,0
43764001,0
43766000,0
43768000,0
43770000,0
43772001,0
43774000,0
43776000,0
43778000,0
43780000,0
43782000,0
43784000,0
43786000,0
43788001,0
43790000,0
43792000,0
43794000,0
43796000,0
43798000,0
43800000,0
43802001,0
43804000,0
43806000,0
43808000,0
43810000,0
43812000,0
43814001,0
43816000,0
43818000,0
43820000,0
43822000,0
43824001,0
43826000,0
43828001,0
43830000,0
43832000,0
43834000,0
43836000,0
43838000,0
43840000,0
43842000,0
43844000,0
43846000,0
43848000,0
43850000,0
43852000,0
43854000,0
43856000,0
43858000,0
43860000,0
43862001,0
43864000,0
43866001,0
43868000,0
43870001,0
43872000,0
43874001,0
43876000,0
43878000,0
43880000,0
43882000,0
43884001,0
43886000,0
43888001,0
43890000,0
43892001,0
43894000,0
43896000,0
43898000,0
43900000,0
43902000,0
43904000,0
43906001,0
43908000,0
43910000,0
43912000,0
43914000,0
43916000,0
43918001,0
43920000,0
43922000,0
43924000,0
43926001,0
43928000,0
43930000,0
43932000,0
43934000,0
43936001,0
43938000,0
43940000,0
43942000,0
43944000,0
43946000,0
43948001,0
43950000,0
43952001,0
43954000,0
43956000,0
43958000,0
43960000,0
43962001,0
43964000,0
43966000,0
43968000,0
43970001,0
43972000,0
43974000,0
43976000,0
43978001,0
43980000,0
43982000,0
43984000,0
43986001,0
43988000,0
43990001,0
43992000,0
43994000,0
43996001,0
43998000,0
44000000,0
44002000,0
44004000,0
44006000,0
44008000,0
44010000,0
44012000,0
44014000,0
44016000,0
44018000,0
44020000,0
44022000,0
44024001,0
44026000,0
44028000,0
44030000,0
44032000,0
44034001,0
44036000,0
44038001,0
44040000,0
44042000,0
44044000,0
44046000,0
44048000,0
44050000,0
44052000,0
44054000,0
44056000,0
44058001,0
44060000,0
44062000,0
44064000,0
44066001,0
44068000,0
44070000,0
44072000,0
44074000,0
44076000,0
44078000,0
44080000,0
44082000,0
44084000,0
44086000,0
44088000,0
44090000,0
44092000,0
44094000,0
44096000,0
44098000,0
44100000,0
44102000,0
44104000,0
44106001,0
44108000,0
44110001,0
44112000,0
44114000,0
44116001,0
44118000,0
44120001,0
44122000,0
44124000,0
44126000,0
44128001,0
44130000,0
44132001,0
44134000,0
44136000,0
44138000,0
44140000,0
44142001,0
44144000,0
44146000,0
44148000,0
44150001,0
44152000,0
44154001,0
44156000,0
44158001,0
44160000,0
44162000,0
44164000,0
44166000,0
44168001,0
44170000,0
44172000,0
44174000,0
44176001,0
44178000,0
44180001,0
44182000,0
44184001,0
44186000,0
44188001,0
44190000,0
44192000,0
44194000,0
44196000,0
44198000,0
44200000,0
44202000,0
44204001,0
44206000,0
44208000,0
44210000,0
44212000,0
44214000,0
44216000,0
44218000,0
44220000,0
44222000,0
44224000,0
44226000,0
44228000,0
44230001,0
44232000,0
44234000,0
44236000,0
44238000,0
44240000,0
44242000,0
44244000,0
44246000,0
44248000,0
44250001,0
44252000,0
44254001,0
44256000,0
44258000,0
44260000,0
44262001,0
44264000,0
44266001,0
44268000,0
44270000,0
44272000,0
44274000,0
44276000,0
44278000,0
44280000,0
44282000,0
44284000,0
44286001,0
44288000,0
44290000,0
44292000,0
44294000,0
44296000,0
44298000,0
44300000,0
44302001,0
44304000,0
44306001,0
44308000,0
44310000,0
44312000,0
44314000,0
44316000,0
44318001,0
44320000,0
44322000,0
44324000,0
44326000,0
44328000,0
44330000,0
44332000,0
44334000,0
44336001,0
44338000,0
44340000,0
44342000,0
44344001,0
44346000,0
44348000,0
44350000,0
44352000,0
44354000,0
44356001,0
44358000,0
44360000,0
44362000,0
44364000,0
44366000,0
44368000,0
44370000,0
44372000,0
44374000,0
44376001,0
44378000,0
44380000,0
44382000,0
44384000,0
44386000,0
44388000,0
44390001,0
44392000,0
44394000,0
44396000,0
44398000,0
44400000,0
44402000,0
44404001,0
44406000,0
44408000,0
44410000,0
44412000,0
44414000,0
44416000,0
44418000,0
44420000,0
44422000,0
44424000,0
44426000,0
44428000,0
44430001,0
44432000,0
44434000,0
44436000,0
44438000,0
44440000,0
44442001,0
44444000,0
44446000,0
44448000,0
44450000,0
44452000,0
44454001,0
44456000,0
44458000,0
44460001,0
44462000,0
44464000,0
44466000,0
44468001,0
44470000,0
44472001,0
44474000,0
44476000,0
44478000,0
44480000,0
44482000,0
44484000,0
44486000,0
44488001,0
44490000,0
44492001,0
44494000,0
44496001,0
44498000,0
44500001,0
44502000,0
44504000,0
44506000,0
44508000,0
44510000,0
44512000,0
44514000,0
44516001,0
44518000,0
44520000,0
44522000,0
44524001,0
44526000,0
44528001,0
44530000,0
44532001,0
44534000,0
44536000,0
44538000,0
44540000,0
44542000,0
44544000,0
44546000,0
44548001,0
44550000,0
44552001,0
44554000,0
44556001,0
44558000,0
44560001,0
44562000,0
44564001,0
44566000,0
44568000,0
44570000,0
44572001,0
44574000,0
44576001,0
44578000,0
44580000,0
44582000,0
44584000,0
44586000,0
44588000,0
44590000,0
44592001,0
44594000,0
44596000,0
44598000,0
44600001,0
44602000,0
44604000,0
44606000,0
44608000,0
44610000,0
44612000,0
44614000,0
44616001,0
44618000,0
44620001,0
44622000,0
44624000,0
44626001,0
44628000,0
44630001,0
44632000,0
44634000,0
44636000,0
44638000,0
44640000,0
44642000,0
44644000,0
44646000,0
44648001,0
44650000,0
44652000,0
44654000,0
44656000,0
44658000,0
44660001,0
44662000,0
44664000,0
44666000,0
44668000,0
44670001,0
44672000,0
44674000,0
44676000,0
44678001,0
44680000,0
44682000,0
44684000,0
44686001,0
44688000,0
44690000,0
44692000,0
44694000,0
44696000,0
44698000,0
44700000,0
44702001,0
44704000,0
44706000,0
44708000,0
44710000,0
44712001,0
44714000,0
44716000,0
44718000,0
44720000,0
44722000,0
44724000,0
44726000,0
44728000,0
44730000,0
44732000,0
44734001,0
44736000,0
44738000,0
44740000,0
44742000,0
44744000,0
44746000,0
44748000,0
44750000,0
44752000,0
44754001,0
44756000,0
44758001,0
44760000,0
44762000,0
44764000,0
44766000,0
44768000,0
44770000,0
44772000,0
44774000,0
44776000,0
44778000,0
44780000,0
44782000,0
44784000,0
44786000,0
44788000,0
44790001,0
44792000,0
44794001,0
44796000,0
44798000,0
44800000,0
44802000,0
44804000,0
44806000,0
44808000,0
44810000,0
44812000,0
44814000,0
44816000,0
44818001,0
44820000,0
44822000,0
44824000,0
44826000,0
44828000,0
44830000,0
44832001,0
44834000,0
44836001,0
44838000,0
44840000,0
44842000,0
44844000,0
44846001,0
44848000,0
44850001,0
44852000,0
44854000,0
44856000,0
44858001,0
44860000,0
44862000,0
44864001,0
44866000,0
44868000,0
44870000,0
44872000,0
44874000,0
44876001,0
44878000,0
44880000,0
44882000,0
44884000,0
44886000,0
44888001,0
44890000,0
44892000,0
44894000,0
44896000,0
44898000,0
44900000,0
44902000,0
44904000,0
44906000,0
44908001,0
44910000,0
44912000,0
44914000,0
44916000,0
44918000,0
44920000,0
44922000,0
44924000,0
44926000,0
44928000,0
44930000,0
44932000,0
44934001,0
44936000,0
44938001,0
44940000,0
44942001,0
44944000,0
44946000,0
44948000,0
44950000,0
44952000,0
44954001,0
44956000,0
44958001,0
44960000,0
44962001,0
44964000,0
44966000,0
44968000,0
44970000,0
44972000,0
44974001,0
44976000,0
44978001,0
44980000,0
44982001,0
44984000,0
44986000,0
44988000,0
44990000,0
44992000,0
44994000,0
44996000,0
44998001,0
45000000,0
45002000,0
45004000,0
45006000,0
45008000,0
45010000,0
45012000,0
45014000,0
45016000,0
45018000,0
45020001,0
45022000,0
45024000,0
45026000,0
45028000,0
45030000,0
45032000,0
45034000,0
45036001,0
45038000,0
45040000,0
45042000,0
45044000,0
45046000,0
45048000,0
45050000,0
45052000,0
45054001,0
45056000,0
45058000,0
45060000,0
45062000,0
45064000,0
45066000,0
45068000,0
45070000,0
45072000,0
45074000,0
45076000,0
45078000,0
45080000,0
45082000,0
45084001,0
45086000,0
45088000,0
45090000,0
45092000,0
45094000,0
45096000,0
45098000,0
45100000,0
45102000,0
45104000,0
45106000,0
45108000,0
45110000,0
45112000,0
45114000,0
45116000,0
45118000,0
45120000,0
45122000,0
45124000,0
45126000,0
45128001,0
45130000,0
45132000,0
45134000,0
45136001,0
45138000,0
45140000,0
45142000,0
45144000,0
45146000,0
45148000,0
45150001,0
45152000,0
45154000,0
45156000,0
45158000,0
45160000,0
45162000,0
45164000,0
45166000,0
45168000,0
45170000,0
45172001,0
45174000,0
45176001,0
45178000,0
45180000,0
45182001,0
45184000,0
45186001,0
45188000,0
45190000,0
45192000,0
45194000,0
45196000,0
45198000,0
45200000,0
45202000,0
45204000,0
45206001,0
45208000,0
45210000,0
45212000,0
45214000,0
45216000,0
45218000,0
45220000,0
45222000,0
45224001,0
45226000,0
45228001,0
45230000,0
45232001,0
45234000,0
45236001,0
45238000,0
45240000,0
45242000,0
45244000,0
45246000,0
45248000,0
45250000,0
45252001,0
45254000,0
45256000,0
45258000,0
45260000,0
45262001,0
45264000,0
45266001,0
45268000,0
45270000,0
45272000,0
45274000,0
45276001,0
45278000,0
45280000,0
45282000,0
45284000,0
45286000,0
45288000,0
45290000,0
45292001,0
45294000,0
45296001,0
45298000,0
45300000,0
45302000,0
45304000,0
45306001,0
45308000,0
45310000,0
45312000,0
45314000,0
45316001,0
45318000,0
45320001,0
45322000,0
45324001,0
45326000,0
45328000,0
45330000,0
45332000,0
45334000,0
45336000,0
45338000,0
45340000,0
45342000,0
45344000,0
45346000,0
45348000,0
45350000,0
45352000,0
45354001,0
45356000,0
45358000,0
45360000,0
45362001,0
45364000,0
45366001,0
45368000,0
45370000,0
45372000,0
45374000,0
45376000,0
45378000,0
45380000,0
45382000,0
45384001,0
45386000,0
45388001,0
45390000,0
45392000,0
45394000,0
45396001,0
45398000,0
45400000,0
45402000,0
45404000,0
45406000,0
45408000,0
45410000,0
45412001,0
45414000,0
45416000,0
45418000,0
45420000,0
45422000,0
45424001,0
45426000,0
45428000,0
45430000,0
45432000,0
45434000,0
45436000,0
45438000,0
45440000,0
45442000,0
45444001,0
45446000,0
45448000,0
45450000,0
45452001,0
45454000,0
45456000,0
45458000,0
45460000,0
45462000,0
45464001,0
45466000,0
45468001,0
45470000,0
45472001,0
45474000,0
45476000,0
45478000,0
45480000,0
45482000,0
45484000,0
45486000,0
45488000,0
45490000,0
45492001,0
45494000,0
45496001,0
45498000,0
45500000,0
45502000,0
45504000,0
45506000,0
45508000,0
45510000,0
45512001,0
45514000,0
45516001,0
45518000,0
45520000,0
45522000,0
45524001,0
45526000,0
45528000,0
45530000,0
45532000,0
45534000,0
45536000,0
45538000,0
45540000,0
45542000,0
45544000,0
45546000,0
45548000,0
45550000,0
45552000,0
45554000,0
45556000,0
45558000,0
45560000,0
45562000,0
45564000,0
45566000,0
45568000,0
45570000,0
45572000,0
45574000,0
45576001,0
45578000,0
45580000,0
45582001,0
45584000,0
45586001,0
45588000,0
45590001,0
45592000,0
45594000,0
45596000,0
45598001,0
45600000,0
45602001,0
45604000,0
45606001,0
45608000,0
45610001,0
45612000,0
45614000,0
45616000,0
45618000,0
45620000,0
45622001,0
45624000,0
45626001,0
45628000,0
45630000,0
45632000,0
45634000,0
45636000,0
45638000,0
45640000,0
45642000,0
45644000,0
45646000,0
45648000,0
45650000,0
45652001,0
45654000,0
45656000,0
45658000,0
45660000,0
45662000,0
45664000,0
45666000,0
45668000,0
45670001,0
45672000,0
45674000,0
45676000,0
45678001,0
45680000,0
45682001,0
45684000,0
45686000,0
45688000,0
45690000,0
45692000,0
45694000,0
45696000,0
45698000,0
45700000,0
45702000,0
45704001,0
45706000,0
45708001,0
45710000,0
45712001,0
45714000,0
45716000,0
45718000,0
45720000,0
45722000,0
45724001,0
45726000,0
45728001,0
45730000,0
45732001,0
45734000,0
45736000,0
45738000,0
45740001,0
45742000,0
45744000,0
45746001,0
45748000,0
45750000,0
45752000,0
45754000,0
45756000,0
45758000,0
45760000,0
45762000,0
45764000,0
45766001,0
45768000,0
45770001,0
45772000,0
45774001,0
45776000,0
45778001,0
45780000,0
45782000,0
45784001,0
45786000,0
45788001,0
45790000,0
45792001,0
45794000,0
45796000,0
45798000,0
45800000,0
45802001,0
45804000,0
45806000,0
45808000,0
45810001,0
45812000,0
45814000,0
45816000,0
45818000,0
45820000,0
45822000,0
45824001,0
45826000,0
45828000,0
45830000,0
45832001,0
45834000,0
45836001,0
45838000,0
45840000,0
45842000,0
45844001,0
45846000,0
45848000,0
45850001,0
45852000,0
45854000,0
45856000,0
45858001,0
45860000,0
45862000,0
45864000,0
45866000,0
45868001,0
45870000,0
45872000,0
45874000,0
45876000,0
45878000,0
45880000,0
45882000,0
45884001,0
45886000,0
45888001,0
45890000,0
45892000,0
45894000,0
45896001,0
45898000,0
45900000,0
45902000,0
45904000,0
45906000,0
45908000,0
45910000,0
45912000,0
45914000,0
45916000,0
45918000,0
45920001,0
45922000,0
45924000,0
45926000,0
45928000,0
45930001,0
45932000,0
45934000,0
45936000,0
45938000,0
45940000,0
45942000,0
45944001,0
45946000,0
45948001,0
45950000,0
45952000,0
45954000,0
45956000,0
45958000,0
45960001,0
45962000,0
45964000,0
45966000,0
45968001,0
45970000,0
45972000,0
45974000,0
45976001,0
45978000,0
45980000,0
45982000,0
45984000,0
45986000,0
45988000,0
45990001,0
45992000,0
45994000,0
45996000,0
45998000,0
46000000,0
46002000,0
46004000,0
46006000,0
46008000,0
46010000,0
46012000,0
46014000,0
46016000,0
46018001,0
46020000,0
46022000,0
46024000,0
46026001,0
46028000,0
46030001,0
46032000,0
46034000,0
46036000,0
46038000,0
46040001,0
46042000,0
46044000,0
46046000,0
46048000,0
46050000,0
46052000,0
46054001,0
46056000,0
46058000,0
46060000,0
46062000,0
46064001,0
46066000,0
46068001,0
46070000,0
46072001,0
46074000,0
46076001,0
46078000,0
46080000,0
46082000,0
46084000,0
46086000,0
46088001,0
46090000,0
46092000,0
46094000,0
46096001,0
46098000,0
46100000,0
46102000,0
46104000,0
46106000,0
46108000,0
46110001,0
46112000,0
46114001,0
46116000,0
46118001,0
46120000,0
46122000,0
46124000,0
46126001,0
46128000,0
46130000,0
46132000,0
46134001,0
46136000,0
46138001,0
46140000,0
46142000,0
46144000,0
46146000,0
46148000,0
46150000,0
46152000,0
46154001,0
46156000,0
46158001,0
46160000,0
46162000,0
46164000,0
46166000,0
46168000,0
46170001,0
46172000,0
46174000,0
46176001,0
46178000,0
46180001,0
46182000,0
46184000,0
46186001,0
46188000,0
46190001,0
46192000,0
46194000,0
46196000,0
46198000,0
46200000,0
46202000,0
46204000,0
46206000,0
46208000,0
46210001,0
46212000,0
46214000,0
46216001,0
46218000,0
46220000,0
46222000,0
46224000,0
46226000,0
46228001,0
46230000,0
46232000,0
46234000,0
46236000,0
46238000,0
46240001,0
46242000,0
46244001,0
46246000,0
46248000,0
46250000,0
46252001,0
46254000,0
46256000,0
46258000,0
46260001,0
46262000,0
46264000,0
46266000,0
46268001,0
46270000,0
46272000,0
46274000,0
46276000,0
46278000,0
46280001,0
46282000,0
46284000,0
46286000,0
46288000,0
46290000,0
46292000,0
46294000,0
46296001,0
46298000,0
46300001,0
46302000,0
46304001,0
46306000,0
46308000,0
46310000,0
46312000,0
46314001,0
46316000,0
46318000,0
46320000,0
46322000,0
46324001,0
46326000,0
46328000,0
46330000,0
46332000,0
46334001,0
46336000,0
46338001,0
46340000,0
46342000,0
46344000,0
46346000,0
46348000,0
46350000,0
46352000,0
46354000,0
46356000,0
46358000,0
46360000,0
46362000,0
46364000,0
46366000,0
46368000,0
46370000,0
46372000,0
46374000,0
46376001,0
46378000,0
46380001,0
46382000,0
46384001,0
46386000,0
46388001,0
46390000,0
46392001,0
46394000,0
46396000,0
46398000,0
46400001,0
46402000,0
46404000,0
46406001,0
46408000,0
46410001,0
46412000,0
46414000,0
46416000,0
46418001,0
46420000,0
46422000,0
46424000,0
46426000,0
46428000,0
46430000,0
46432000,0
46434000,0
46436001,0
46438000,0
46440000,0
46442000,0
46444000,0
46446000,0
46448000,0
46450001,0
46452000,0
46454000,0
46456000,0
46458001,0
46460000,0
46462001,0
46464000,0
46466000,0
46468000,0
46470001,0
46472000,0
46474001,0
46476000,0
46478000,0
46480000,0
46482000,0
46484000,0
46486000,0
46488000,0
46490000,0
46492000,0
46494000,0
46496001,0
46498000,0
46500000,0
46502000,0
46504001,0
46506000,0
46508000,0
46510000,0
46512001,0
46514000,0
46516001,0
46518000,0
46520000,0
46522000,0
46524001,0
46526000,0
46528000,0
46530000,0
46532000,0
46534000,0
46536000,0
46538000,0
46540001,0
46542000,0
46544000,0
46546000,0
46548000,0
46550000,0
46552000,0
46554001,0
46556000,0
46558000,0
46560000,0
46562001,0
46564000,0
46566000,0
46568000,0
46570001,0
46572000,0
46574000,0
46576000,0
46578000,0
46580000,0
46582000,0
46584000,0
46586000,0
46588001,0
46590000,0
46592001,0
46594000,0
46596000,0
46598001,0
46600000,0
46602000,0
46604000,0
46606000,0
46608000,0
46610000,0
46612000,0
46614000,0
46616001,0
46618000,0
46620001,0
46622000,0
46624000,0
46626000,0
46628000,0
46630000,0
46632000,0
46634000,0
46636000,0
46638000,0
46640000,0
46642000,0
46644000,0
46646000,0
46648000,0
46650000,0
46652000,0
46654001,0
46656000,0
46658000,0
46660000,0
46662000,0
46664000,0
46666001,0
46668000,0
46670000,0
46672000,0
46674001,0
46676000,0
46678000,0
46680000,0
46682000,0
46684000,0
46686000,0
46688001,0
46690000,0
46692000,0
46694000,0
46696000,0
46698000,0
46700000,0
46702000,0
46704000,0
46706000,0
46708000,0
46710000,0
46712000,0
46714000,0
46716000,0
46718000,0
46720000,0
46722000,0
46724000,0
46726001,0
46728000,0
46730000,0
46732000,0
46734000,0
46736000,0
46738000,0
46740000,0
46742000,0
46744000,0
46746000,0
46748000,0
46750001,0
46752000,0
46754001,0
46756000,0
46758001,0
46760000,0
46762000,0
46764000,0
46766000,0
46768000,0
46770001,0
46772000,0
46774001,0
46776000,0
46778000,0
46780000,0
46782001,0
46784000,0
46786000,0
46788000,0
46790000,0
46792000,0
46794000,0
46796000,0
46798001,0
46800000,0
46802001,0
46804000,0
46806000,0
46808000,0
46810000,0
46812000,0
46814000,0
46816000,0
46818000,0
46820000,0
46822000,0
46824000,0
46826000,0
46828000,0
46830000,0
46832000,0
46834000,0
46836000,0
46838000,0
46840000,0
46842000,0
46844000,0
46846000,0
46848000,0
46850000,0
46852000,0
46854000,0
46856001,0
46858000,0
46860000,0
46862000,0
46864001,0
46866000,0
46868001,0
46870000,0
46872000,0
46874000,0
46876001,0
46878000,0
46880001,0
46882000,0
46884001,0
46886000,0
46888000,0
46890000,0
46892000,0
46894000,0
46896000,0
46898000,0
46900000,0
46902000,0
46904000,0
46906000,0
46908000,0
46910001,0
46912000,0
46914001,0
46916000,0
46918000,0
46920000,0
46922000,0
46924000,0
46926000,0
46928000,0
46930000,0
46932000,0
46934000,0
46936000,0
46938000,0
46940000,0
46942000,0
46944001,0
46946000,0
46948001,0
46950000,0
46952001,0
46954000,0
46956000,0
46958000,0
46960000,0
46962000,0
46964001,0
46966000,0
46968001,0
46970000,0
46972000,0
46974000,0
46976000,0
46978000,0
46980000,0
46982000,0
46984000,0
46986001,0
46988000,0
46990001,0
46992000,0
46994000,0
46996000,0
46998000,0
47000000,0
47002000,0
47004000,0
47006000,0
47008000,0
47010000,0
47012000,0
47014000,0
47016000,0
47018000,0
47020000,0
47022001,0
47024000,0
47026001,0
47028000,0
47030000,0
47032000,0
47034000,0
47036000,0
47038000,0
47040000,0
47042001,0
47044000,0
47046000,0
47048000,0
47050001,0
47052000,0
47054000,0
47056000,0
47058000,0
47060000,0
47062000,0
47064001,0
47066000,0
47068000,0
47070000,0
47072000,0
47074000,0
47076000,0
47078000,0
47080000,0
47082000,0
47084000,0
47086000,0
47088001,0
47090000,0
47092000,0
47094001,0
47096000,0
47098000,0
47100000,0
47102001,0
47104000,0
47106000,0
47108000,0
47110000,0
47112000,0
47114000,0
47116001,0
47118000,0
47120000,0
47122000,0
47124000,0
47126000,0
47128001,0
47130000,0
47132000,0
47134000,0
47136000,0
47138000,0
47140001,0
47142000,0
47144000,0
47146000,0
47148000,0
47150000,0
47152001,0
47154000,0
47156000,0
47158000,0
47160000,0
47162001,0
47164000,0
47166001,0
47168000,0
47170000,0
47172000,0
47174000,0
47176000,0
47178000,0
47180000,0
47182000,0
47184000,0
47186000,0
47188000,0
47190000,0
47192001,0
47194000,0
47196000,0
47198000,0
47200000,0
47202000,0
47204000,0
47206001,0
47208000,0
47210001,0
47212000,0
47214000,0
47216000,0
47218000,0
47220001,0
47222000,0
47224000,0
47226000,0
47228000,0
47230000,0
47232000,0
47234000,0
47236000,0
47238000,0
47240000,0
47242000,0
47244001,0
47246000,0
47248000,0
47250000,0
47252000,0
47254000,0
47256000,0
47258000,0
47260000,0
47262000,0
47264001,0
47266000,0
47268000,0
47270000,0
47272000,0
47274001,0
47276000,0
47278000,0
47280000,0
47282001,0
47284000,0
47286000,0
47288000,0
47290001,0
47292000,0
47294001,0
47296000,0
47298000,0
47300000,0
47302000,0
47304000,0
47306000,0
47308001,0
47310000,0
47312000,0
47314000,0
47316000,0
47318000,0
47320000,0
47322000,0
47324000,0
47326000,0
47328000,0
47330000,0
47332000,0
47334000,0
47336000,0
47338000,0
47340000,0
47342000,0
47344000,0
47346000,0
47348000,0
47350000,0
47352000,0
47354000,0
47356000,0
47358000,0
47360001,0
47362000,0
47364000,0
47366000,0
47368000,0
47370000,0
47372001,0
47374000,0
47376000,0
47378000,0
47380001,0
47382000,0
47384000,0
47386000,0
47388000,0
47390000,0
47392001,0
47394000,0
47396001,0
47398000,0
47400000,0
47402000,0
47404000,0
47406001,0
47408000,0
47410000,0
47412001,0
47414000,0
47416000,0
47418000,0
47420000,0
47422000,0
47424000,0
47426000,0
47428000,0
47430000,0
47432000,0
47434000,0
47436000,0
47438000,0
47440000,0
47442000,0
47444000,0
47446000,0
47448001,0
47450000,0
47452000,0
47454000,0
47456001,0
47458000,0
47460001,0
47462000,0
47464001,0
47466000,0
47468000,0
47470000,0
47472000,0
47474001,0
47476000,0
47478001,0
47480000,0
47482000,0
47484001,0
47486000,0
47488000,0
47490000,0
47492000,0
47494000,0
47496000,0
47498000,0
47500000,0
47502000,0
47504001,0
47506000,0
47508000,0
47510000,0
47512001,0
47514000,0
47516000,0
47518000,0
47520000,0
47522000,0
47524000,0
47526000,0
47528000,0
47530000,0
47532000,0
47534000,0
47536000,0
47538000,0
47540000,0
47542000,0
47544000,0
47546000,0
47548001,0
47550000,0
47552000,0
47554000,0
47556000,0
47558000,0
47560000,0
47562000,0
47564000,0
47566000,0
47568000,0
47570001,0
47572000,0
47574000,0
47576000,0
47578000,0
47580001,0
47582000,0
47584000,0
47586000,0
47588000,0
47590000,0
47592000,0
47594000,0
47596000,0
47598000,0
47600000,0
47602000,0
47604000,0
47606000,0
47608000,0
47610000,0
47612000,0
47614000,0
47616001,0
47618000,0
47620000,0
47622000,0
47624000,0
47626000,0
47628000,0
47630000,0
47632000,0
47634000,0
47636000,0
47638000,0
47640001,0
47642000,0
47644000,0
47646000,0
47648000,0
47650000,0
47652000,0
47654001,0
47656000,0
47658000,0
47660000,0
47662000,0
47664000,0
47666001,0
47668000,0
47670000,0
47672000,0
47674000,0
47676000,0
47678000,0
47680000,0
47682000,0
47684001,0
47686000,0
47688000,0
47690000,0
47692000,0
47694000,0
47696001,0
47698000,0
47700000,0
47702000,0
47704000,0
47706000,0
47708000,0
47710000,0
47712000,0
47714001,0
47716000,0
47718000,0
47720000,0
47722000,0
47724001,0
47726000,0
47728001,0
47730000,0
47732000,0
47734000,0
47736001,0
47738000,0
47740000,0
47742000,0
47744000,0
47746000,0
47748000,0
47750000,0
47752001,0
47754000,0
47756000,0
47758000,0
47760000,0
47762000,0
47764001,0
47766000,0
47768000,0
47770000,0
47772000,0
47774000,0
47776000,0
47778001,0
47780000,0
47782000,0
47784000,0
47786000,0
47788000,0
47790000,0
47792000,0
47794000,0
47796000,0
47798001,0
47800000,0
47802000,0
47804000,0
47806001,0
47808000,0
47810000,0
47812000,0
47814000,0
47816000,0
47818000,0
47820000,0
47822000,0
47824001,0
47826000,0
47828000,0
47830000,0
47832001,0
47834000,0
47836001,0
47838000,0
47840000,0
47842000,0
47844000,0
47846000,0
47848001,0
47850000,0
47852001,0
47854000,0
47856000,0
47858000,0
47860000,0
47862000,0
47864000,0
47866000,0
47868000,0
47870000,0
47872001,0
47874000,0
47876001,0
47878000,0
47880000,0
47882000,0
47884001,0
47886000,0
47888001,0
47890000,0
47892000,0
47894000,0
47896000,0
47898000,0
47900000,0
47902001,0
47904000,0
47906000,0
47908000,0
47910000,0
47912000,0
47914001,0
47916000,0
47918001,0
47920000,0
47922000,0
47924000,0
47926000,0
47928000,0
47930000,0
47932001,0
47934000,0
47936000,0
47938001,0
47940000,0
47942001,0
47944000,0
47946000,0
47948000,0
47950001,0
47952000,0
47954000,0
47956000,0
47958000,0
47960001,0
47962000,0
47964001,0
47966000,0
47968000,0
47970000,0
47972000,0
47974001,0
47976000,0
47978000,0
47980000,0
47982001,0
47984000,0
47986000,0
47988000,0
47990000,0
47992000,0
47994001,0
47996000,0
47998000,0
48000000,0
48002001,0
48004000,0
48006000,0
48008000,0
48010000,0
48012000,0
48014000,0
48016000,0
48018000,0
48020001,0
48022000,0
48024000,0
48026000,0
48028001,0
48030000,0
48032001,0
48034000,0
48036000,0
48038000,0
48040000,0
48042000,0
48044000,0
48046001,0
48048000,0
48050000,0
48052000,0
48054000,0
48056001,0
48058000,0
48060000,0
48062000,0
48064000,0
48066000,0
48068000,0
48070000,0
48072001,0
48074000,0
48076000,0
48078000,0
48080001,0
48082000,0
48084001,0
48086000,0
48088001,0
48090000,0
48092001,0
48094000,0
48096000,0
48098000,0
48100000,0
48102001,0
48104000,0
48106001,0
48108000,0
48110000,0
48112000,0
48114001,0
48116000,0
48118000,0
48120000,0
48122000,0
48124000,0
48126001,0
48128000,0
48130000,0
48132000,0
48134001,0
48136000,0
48138000,0
48140000,0
48142000,0
48144000,0
48146000,0
48148001,0
48150000,0
48152000,0
48154000,0
48156000,0
48158000,0
48160001,0
48162000,0
48164001,0
48166000,0
48168001,0
48170000,0
48172000,0
48174000,0
48176001,0
48178000,0
48180000,0
48182000,0
48184001,0
48186000,0
48188000,0
48190000,0
48192000,0
48194000,0
48196000,0
48198000,0
48200000,0
48202000,0
48204001,0
48206000,0
48208001,0
48210000,0
48212000,0
48214000,0
48216000,0
48218000,0
48220000,0
48222000,0
48224000,0
48226000,0
48228000,0
48230000,0
48232000,0
48234000,0
48236000,0
48238001,0
48240000,0
48242001,0
48244000,0
48246000,0
48248000,0
48250000,0
48252000,0
48254000,0
48256001,0
48258000,0
48260001,0
48262000,0
48264000,0
48266000,0
48268000,0
48270000,0
48272000,0
48274000,0
48276000,0
48278000,0
48280000,0
48282000,0
48284000,0
48286000,0
48288001,0
48290000,0
48292001,0
48294000,0
48296001,0
48298000,0
48300000,0
48302000,0
48304000,0
48306000,0
48308000,0
48310000,0
48312001,0
48314000,0
48316001,0
48318000,0
48320000,0
48322000,0
48324001,0
48326000,0
48328001,0
48330000,0
48332000,0
48334000,0
48336001,0
48338000,0
48340000,0
48342000,0
48344000,0
48346000,0
48348000,0
48350000,0
48352000,0
48354000,0
48356001,0
48358000,0
48360000,0
48362000,0
48364000,0
48366000,0
48368000,0
48370000,0
48372000,0
48374000,0
48376000,0
48378000,0
48380001,0
48382000,0
48384000,0
48386000,0
48388000,0
48390001,0
48392000,0
48394001,0
48396000,0
48398001,0
48400000,0
48402001,0
48404000,0
48406001,0
48408000,0
48410000,0
48412001,0
48414000,0
48416000,0
48418000,0
48420000,0
48422000,0
48424000,0
48426000,0
48428000,0
48430000,0
48432000,0
48434000,0
48436000,0
48438000,0
48440000,0
48442001,0
48444000,0
48446000,0
48448001,0
48450000,0
48452000,0
48454000,0
48456000,0
48458000,0
48460001,0
48462000,0
48464000,0
48466001,0
48468000,0
48470000,0
48472001,0
48474000,0
48476000,0
48478000,0
48480001,0
48482000,0
48484001,0
48486000,0
48488000,0
48490000,0
48492000,0
48494000,0
48496000,0
48498000,0
48500000,0
48502000,0
48504000,0
48506000,0
48508001,0
48510000,0
48512001,0
48514000,0
48516000,0
48518000,0
48520000,0
48522000,0
48524000,0
48526000,0
48528000,0
48530001,0
48532000,0
48534001,0
48536000,0
48538000,0
48540000,0
48542000,0
48544000,0
48546000,0
48548001,0
48550000,0
48552000,0
48554000,0
48556001,0
48558000,0
48560000,0
48562000,0
48564000,0
48566000,0
48568000,0
48570000,0
48572001,0
48574000,0
48576000,0
48578000,0
48580000,0
48582000,0
48584000,0
48586000,0
48588000,0
48590001,0
48592000,0
48594000,0
48596000,0
48598000,0
48600000,0
48602001,0
48604000,0
48606000,0
48608000,0
48610001,0
48612000,0
48614000,0
48616000,0
48618001,0
48620000,0
48622000,0
48624000,0
48626000,0
48628000,0
48630000,0
48632001,0
48634000,0
48636000,0
48638000,0
48640000,0
48642000,0
48644000,0
48646000,0
48648000,0
48650000,0
48652000,0
48654001,0
48656000,0
48658001,0
48660000,0
48662000,0
48664000,0
48666001,0
48668000,0
48670000,0
48672000,0
48674000,0
48676000,0
48678001,0
48680000,0
48682000,0
48684000,0
48686000,0
48688000,0
48690000,0
48692000,0
48694000,0
48696001,0
48698000,0
48700000,0
48702000,0
48704000,0
48706000,0
48708000,0
48710000,0
48712000,0
48714000,0
48716000,0
48718000,0
48720000,0
48722000,0
48724001,0
48726000,0
48728000,0
48730000,0
48732001,0
48734000,0
48736001,0
48738000,0
48740000,0
48742000,0
48744001,0
48746000,0
48748000,0
48750000,0
48752000,0
48754000,0
48756001,0
48758000,0
48760000,0
48762001,0
48764000,0
48766000,0
48768000,0
48770000,0
48772001,0
48774000,0
48776000,0
48778000,0
48780000,0
48782000,0
48784001,0
48786000,0
48788001,0
48790000,0
48792000,0
48794000,0
48796000,0
48798000,0
48800000,0
48802000,0
48804000,0
48806000,0
48808001,0
48810000,0
48812000,0
48814000,0
48816000,0
48818000,0
48820000,0
48822000,0
48824000,0
48826000,0
48828000,0
48830000,0
48832000,0
48834000,0
48836000,0
48838000,0
48840000,0
48842001,0
48844000,0
48846001,0
48848000,0
48850001,0
48852000,0
48854001,0
48856000,0
48858000,0
48860000,0
48862001,0
48864000,0
48866001,0
48868000,0
48870000,0
48872000,0
48874000,0
48876000,0
48878000,0
48880001,0
48882000,0
48884001,0
48886000,0
48888001,0
48890000,0
48892000,0
48894000,0
48896000,0
48898000,0
48900000,0
48902000,0
48904001,0
48906000,0
48908001,0
48910000,0
48912000,0
48914000,0
48916001,0
48918000,0
48920000,0
48922000,0
48924000,0
48926001,0
48928000,0
48930000,0
48932000,0
48934000,0
48936000,0
48938000,0
48940000,0
48942000,0
48944000,0
48946001,0
48948000,0
48950000,0
48952001,0
48954000,0
48956000,0
48958000,0
48960001,0
48962000,0
48964000,0
48966000,0
48968001,0
48970000,0
48972000,0
48974001,0
48976000,0
48978000,0
48980000,0
48982000,0
48984000,0
48986000,0
48988000,0
48990000,0
48992000,0
48994000,0
48996000,0
48998000,0
49000001,0
49002000,0
49004000,0
49006000,0
49008001,0
49010000,0
49012000,0
49014000,0
49016000,0
49018000,0
49020000,0
49022000,0
49024001,0
49026000,0
49028001,0
49030000,0
49032000,0
49034000,0
49036000,0
49038000,0
49040000,0
49042000,0
49044000,0
49046000,0
49048000,0
49050000,0
49052001,0
49054000,0
49056000,0
49058000,0
49060001,0
49062000,0
49064000,0
49066001,0
49068000,0
49070000,0
49072000,0
49074000,0
49076000,0
49078000,0
49080000,0
49082000,0
49084001,0
49086000,0
49088001,0
49090000,0
49092001,0
49094000,0
49096000,0
49098000,0
49100001,0
49102000,0
49104001,0
49106000,0
49108000,0
49110001,0
49112000,0
49114000,0
49116000,0
49118000,0
49120000,0
49122000,0
49124000,0
49126000,0
49128000,0
49130000,0
49132000,0
49134000,0
49136000,0
49138001,0
49140000,0
49142000,0
49144000,0
49146001,0
49148000,0
49150001,0
49152000,0
49154000,0
49156000,0
49158001,0
49160000,0
49162000,0
49164000,0
49166000,0
49168000,0
49170001,0
49172000,0
49174001,0
49176000,0
49178001,0
49180000,0
49182000,0
49184000,0
49186000,0
49188001,0
49190000,0
49192001,0
49194000,0
49196000,0
49198000,0
49200000,0
49202000,0
49204000,0
49206000,0
49208000,0
49210000,0
49212000,0
49214000,0
49216000,0
49218000,0
49220000,0
49222000,0
49224000,0
49226000,0
49228000,0
49230000,0
49232000,0
49234000,0
49236000,0
49238000,0
49240000,0
49242000,0
49244001,0
49246000,0
49248000,0
49250000,0
49252000,0
49254000,0
49256000,0
49258001,0
49260000,0
49262001,0
49264000,0
49266000,0
49268000,0
49270001,0
49272000,0
49274000,0
49276000,0
49278000,0
49280000,0
49282001,0
49284000,0
49286001,0
49288000,0
49290001,0
49292000,0
49294000,0
49296000,0
49298000,0
49300001,0
49302000,0
49304000,0
49306000,0
49308000,0
49310000,0
49312000,0
49314000,0
49316000,0
49318001,0
49320000,0
49322000,0
49324001,0
49326000,0
49328000,0
49330000,0
49332000,0
49334000,0
49336001,0
49338000,0
49340001,0
49342000,0
49344000,0
49346000,0
49348001,0
49350000,0
49352000,0
49354000,0
49356000,0
49358000,0
49360000,0
49362000,0
49364000,0
49366000,0
49368000,0
49370000,0
49372000,0
49374000,0
49376000,0
49378000,0
49380001,0
49382000,0
49384001,0
49386000,0
49388001,0
49390000,0
49392000,0
49394000,0
49396000,0
49398000,0
49400000,0
49402000,0
49404001,0
49406000,0
49408000,0
49410000,0
49412000,0
49414000,0
49416000,0
49418000,0
49420000,0
49422000,0
49424000,0
49426000,0
49428000,0
49430000,0
49432001,0
49434000,0
49436000,0
49438000,0
49440000,0
49442000,0
49444000,0
49446001,0
49448000,0
49450000,0
49452000,0
49454001,0
49456000,0
49458001,0
49460000,0
49462001,0
49464000,0
49466000,0
49468001,0
49470000,0
49472000,0
49474001,0
49476000,0
49478001,0
49480000,0
49482000,0
49484000,0
49486000,0
49488001,0
49490000,0
49492000,0
49494000,0
49496001,0
49498000,0
49500000,0
49502000,0
49504000,0
49506000,0
49508000,0
49510000,0
49512000,0
49514001,0
49516000,0
49518000,0
49520001,0
49522000,0
49524001,0
49526000,0
49528001,0
49530000,0
49532001,0
49534000,0
49536001,0
49538000,0
49540001,0
49542000,0
49544001,0
49546000,0
49548000,0
49550000,0
49552000,0
49554001,0
49556000,0
49558000,0
49560001,0
49562000,0
49564001,0
49566000,0
49568000,0
49570000,0
49572000,0
49574000,0
49576000,0
49578001,0
49580000,0
49582000,0
49584000,0
49586001,0
49588000,0
49590000,0
49592000,0
49594000,0
49596001,0
49598000,0
49600000,0
49602000,0
49604000,0
49606000,0
49608000,0
49610000,0
49612000,0
49614000,0
49616000,0
49618000,0
49620000,0
49622000,0
49624000,0
49626000,0
49628000,0
49630001,0
49632000,0
49634001,0
49636000,0
49638000,0
49640000,0
49642001,0
49644000,0
49646001,0
49648000,0
49650001,0
49652000,0
49654000,0
49656000,0
49658001,0
49660000,0
49662001,0
49664000,0
49666001,0
49668000,0
49670001,0
49672000,0
49674000,0
49676000,0
49678000,0
49680001,0
49682000,0
49684000,0
49686000,0
49688000,0
49690000,0
49692000,0
49694000,0
49696000,0
49698000,0
49700000,0
49702000,0
49704000,0
49706000,0
49708000,0
49710000,0
49712000,0
49714000,0
49716000,0
49718000,0
49720001,0
49722000,0
49724000,0
49726000,0
49728000,0
49730000,0
49732000,0
49734001,0
49736000,0
49738001,0
49740000,0
49742001,0
49744000,0
49746000,0
49748000,0
49750001,0
49752000,0
49754001,0
49756000,0
49758000,0
49760000,0
49762001,0
49764000,0
49766000,0
49768000,0
49770000,0
49772000,0
49774001,0
49776000,0
49778000,0
49780000,0
49782000,0
49784000,0
49786000,0
49788000,0
49790000,0
49792000,0
49794000,0
49796000,0
49798000,0
49800001,0
49802000,0
49804000,0
49806000,0
49808000,0
49810000,0
49812000,0
49814000,0
49816000,0
49818000,0
49820000,0
49822001,0
49824000,0
49826001,0
49828000,0
49830001,0
49832000,0
49834001,0
49836000,0
49838001,0
49840000,0
49842000,0
49844000,0
49846000,0
49848000,0
49850001,0
49852000,0
49854001,0
49856000,0
49858000,0
49860000,0
49862001,0
49864000,0
49866000,0
49868000,0
49870001,0
49872000,0
49874000,0
49876000,0
49878000,0
49880000,0
49882000,0
49884000,0
49886000,0
49888000,0
49890000,0
49892000,0
49894000,0
49896000,0
49898000,0
49900000,0
49902000,0
49904000,0
49906000,0
49908001,0
49910000,0
49912000,0
49914000,0
49916000,0
49918001,0
49920000,0
49922001,0
49924000,0
49926000,0
49928001,0
49930000,0
49932001,0
49934000,0
49936000,0
49938000,0
49940000,0
49942000,0
49944000,0
49946000,0
49948000,0
49950000,0
49952001,0
49954000,0
49956001,0
49958000,0
49960000,0
49962000,0
49964001,0
49966000,0
49968000,0
49970000,0
49972000,0
49974000,0
49976001,0
49978000,0
49980001,0
49982000,0
49984000,0
49986000,0
49988001,0
49990000,0
49992001,0
49994000,0
49996000,0
49998000,0
50000000,0
50002000,0
50004000,0
50006000,0
50008000,0
50010000,0
50012000,0
50014001,0
50016000,0
50018001,0
50020000,0
50022000,0
50024000,0
50026000,0
50028001,0
50030000,0
50032000,0
50034000,0
50036000,0
50038000,0
50040000,0
50042000,0
50044001,0
50046000,0
50048000,0
50050000,0
50052000,0
50054000,0
50056001,0
50058000,0
50060000,0
50062000,0
50064000,0
50066000,0
50068000,0
50070000,0
50072001,0
50074000,0
50076000,0
50078000,0
50080000,0
50082000,0
50084000,0
50086000,0
50088000,0
50090001,0
50092000,0
50094001,0
50096000,0
50098000,0
50100000,0
50102000,0
50104000,0
50106000,0
50108000,0
50110000,0
50112000,0
50114000,0
50116000,0
50118000,0
50120000,0
50122000,0
50124000,0
50126000,0
50128000,0
50130000,0
50132000,0
50134001,0
50136000,0
50138000,0
50140000,0
50142000,0
50144000,0
50146001,0
50148000,0
50150000,0
50152000,0
50154000,0
50156001,0
50158000,0
50160000,0
50162000,0
50164000,0
50166000,0
50168000,0
50170000,0
50172000,0
50174000,0
50176000,0
50178000,0
50180000,0
50182000,0
50184001,0
50186000,0
50188001,0
50190000,0
50192000,0
50194000,0
50196001,0
50198000,0
50200001,0
50202000,0
50204000,0
50206000,0
50208000,0
50210000,0
50212000,0
50214001,0
50216000,0
50218001,0
50220000,0
50222001,0
50224000,0
50226000,0
50228000,0
50230000,0
50232000,0
50234000,0
50236000,0
50238000,0
50240000,0
50242001,0
50244000,0
50246000,0
50248001,0
50250000,0
50252001,0
50254000,0
50256001,0
50258000,0
50260000,0
50262001,0
50264000,0
50266001,0
50268000,0
50270000,0
50272000,0
50274000,0
50276000,0
50278000,0
50280000,0
50282001,0
50284000,0
50286001,0
50288000,0
50290000,0
50292000,0
50294000,0
50296000,0
50298000,0
50300000,0
50302000,0
50304001,0
50306000,0
50308000,0
50310000,0
50312001,0
50314000,0
50316001,0
50318000,0
50320000,0
50322001,0
50324000,0
50326000,0
50328000,0
50330001,0
50332000,0
50334001,0
50336000,0
50338001,0
50340000,0
50342000,0
50344001,0
50346000,0
50348000,0
50350000,0
50352001,0
50354000,0
50356000,0
50358000,0
50360000,0
50362000,0
50364000,0
50366000,0
50368000,0
50370000,0
50372000,0
50374000,0
50376000,0
50378001,0
50380000,0
50382000,0
50384000,0
50386000,0
50388001,0
50390000,0
50392000,0
50394000,0
50396000,0
50398000,0
50400000,0
50402000,0
50404001,0
50406000,0
50408000,0
50410000,0
50412000,0
50414000,0
50416000,0
50418000,0
50420000,0
50422001,0
50424000,0
50426001,0
50428000,0
50430000,0
50432000,0
50434000,0
50436000,0
50438001,0
50440000,0
50442000,0
50444000,0
50446000,0
50448000,0
50450000,0
50452000,0
50454000,0
50456000,0
50458000,0
50460000,0
50462000,0
50464000,0
50466000,0
50468000,0
50470000,0
50472000,0
50474000,0
50476000,0
50478001,0
50480000,0
50482001,0
50484000,0
50486001,0
50488000,0
50490000,0
50492000,0
50494000,0
50496000,0
50498001,0
50500000,0
50502001,0
50504000,0
50506000,0
50508000,0
50510000,0
50512000,0
50514000,0
50516000,0
50518000,0
50520000,0
50522000,0
50524000,0
50526000,0
50528000,0
50530001,0
50532000,0
50534001,0
50536000,0
50538000,0
50540000,0
50542000,0
50544000,0
50546000,0
50548000,0
50550000,0
50552000,0
50554000,0
50556000,0
50558001,0
50560000,0
50562000,0
50564000,0
50566001,0
50568000,0
50570000,0
50572000,0
50574000,0
50576001,0
50578000,0
50580000,0
50582000,0
50584000,0
50586001,0
50588000,0
50590000,0
50592000,0
50594000,0
50596000,0
50598000,0
50600000,0
50602001,0
50604000,0
50606001,0
50608000,0
50610001,0
50612000,0
50614000,0
50616000,0
50618001,0
50620000,0
50622001,0
50624000,0
50626000,0
50628001,0
50630000,0
50632000,0
50634000,0
50636000,0
50638000,0
50640000,0
50642000,0
50644001,0
50646000,0
50648000,0
50650000,0
50652000,0
50654000,0
50656000,0
50658000,0
50660000,0
50662001,0
50664000,0
50666000,0
50668000,0
50670001,0
50672000,0
50674001,0
50676000,0
50678000,0
50680000,0
50682000,0
50684001,0
50686000,0
50688001,0
50690000,0
50692000,0
50694000,0
50696000,0
50698000,0
50700001,0
50702000,0
50704000,0
50706000,0
50708001,0
50710000,0
50712001,0
50714000,0
50716000,0
50718000,0
50720000,0
50722000,0
50724000,0
50726000,0
50728001,0
50730000,0
50732000,0
50734000,0
50736000,0
50738000,0
50740000,0
50742000,0
50744000,0
50746000,0
50748000,0
50750001,0
50752000,0
50754000,0
50756000,0
50758000,0
50760000,0
50762001,0
50764000,0
50766000,0
50768000,0
50770000,0
50772000,0
50774000,0
50776000,0
50778001,0
50780000,0
50782001,0
50784000,0
50786000,0
50788000,0
50790000,0
50792000,0
50794001,0
50796000,0
50798000,0
50800000,0
50802000,0
50804000,0
50806000,0
50808000,0
50810000,0
50812000,0
50814000,0
50816001,0
50818000,0
50820000,0
50822001,0
50824000,0
50826000,0
50828000,0
50830001,0
50832000,0
50834000,0
50836000,0
50838000,0
50840000,0
50842000,0
50844000,0
50846000,0
50848000,0
50850000,0
50852000,0
50854000,0
50856000,0
50858000,0
50860000,0
50862001,0
50864000,0
50866000,0
50868000,0
50870000,0
50872000,0
50874000,0
50876000,0
50878000,0
50880000,0
50882000,0
50884001,0
50886000,0
50888000,0
50890000,0
50892000,0
50894000,0
50896000,0
50898001,0
50900000,0
50902000,0
50904000,0
50906000,0
50908000,0
50910000,0
50912000,0
50914000,0
50916001,0
50918000,0
50920000,0
50922000,0
50924000,0
50926001,0
50928000,0
50930001,0
50932000,0
50934000,0
50936000,0
50938000,0
50940000,0
50942000,0
50944000,0
50946000,0
50948000,0
50950000,0
50952000,0
50954000,0
50956000,0
50958000,0
50960000,0
50962001,0
50964000,0
50966000,0
50968000,0
50970000,0
50972000,0
50974000,0
50976000,0
50978001,0
50980000,0
50982000,0
50984000,0
50986001,0
50988000,0
50990001,0
50992000,0
50994001,0
50996000,0
50998000,0
51000000,0
51002000,0
51004000,0
51006001,0
51008000,0
51010001,0
51012000,0
51014000,0
51016000,0
51018000,0
51020000,0
51022000,0
51024000,0
51026000,0
51028000,0
51030000,0
51032000,0
51034000,0
51036000,0
51038001,0
51040000,0
51042001,0
51044000,0
51046001,0
51048000,0
51050000,0
51052000,0
51054000,0
51056000,0
51058000,0
51060000,0
51062000,0
51064000,0
51066001,0
51068000,0
51070000,0
51072000,0
51074000,0
51076000,0
51078000,0
51080001,0
51082000,0
51084000,0
51086000,0
51088001,0
51090000,0
51092000,0
51094000,0
51096000,0
51098000,0
51100000,0
51102000,0
51104000,0
51106000,0
51108000,0
51110001,0
51112000,0
51114000,0
51116000,0
51118000,0
51120000,0
51122000,0
51124000,0
51126000,0
51128000,0
51130000,0
51132000,0
51134000,0
51136000,0
51138000,0
51140000,0
51142000,0
51144000,0
51146000,0
51148000,0
51150000,0
51152000,0
51154001,0
51156000,0
51158000,0
51160000,0
51162001,0
51164000,0
51166001,0
51168000,0
51170000,0
51172000,0
51174001,0
51176000,0
51178000,0
51180000,0
51182001,0
51184000,0
51186001,0
51188000,0
51190000,0
51192000,0
51194000,0
51196000,0
51198001,0
51200000,0
51202001,0
51204000,0
51206001,0
51208000,0
51210000,0
51212000,0
51214000,0
51216000,0
51218000,0
51220000,0
51222001,0
51224000,0
51226000,0
51228000,0
51230000,0
51232000,0
51234000,0
51236000,0
51238001,0
51240000,0
51242000,0
51244000,0
51246000,0
51248000,0
51250000,0
51252000,0
51254000,0
51256001,0
51258000,0
51260001,0
51262000,0
51264000,0
51266000,0
51268000,0
51270000,0
51272000,0
51274001,0
51276000,0
51278001,0
51280000,0
51282000,0
51284000,0
51286001,0
51288000,0
51290001,0
51292000,0
51294001,0
51296000,0
51298001,0
51300000,0
51302000,0
51304000,0
51306001,0
51308000,0
51310001,0
51312000,0
51314000,0
51316000,0
51318000,0
51320000,0
51322000,0
51324000,0
51326001,0
51328000,0
51330000,0
51332000,0
51334001,0
51336000,0
51338000,0
51340000,0
51342001,0
51344000,0
51346000,0
51348000,0
51350000,0
51352000,0
51354001,0
51356000,0
51358000,0
51360000,0
51362000,0
51364000,0
51366001,0
51368000,0
51370000,0
51372000,0
51374001,0
51376000,0
51378000,0
51380000,0
51382000,0
51384000,0
51386001,0
51388000,0
51390001,0
51392000,0
51394001,0
51396000,0
51398000,0
51400000,0
51402000,0
51404000,0
51406000,0
51408000,0
51410000,0
51412000,0
51414000,0
51416000,0
51418000,0
51420000,0
51422000,0
51424001,0
51426000,0
51428000,0
51430000,0
51432000,0
51434000,0
51436000,0
51438000,0
51440000,0
51442000,0
51444000,0
51446000,0
51448001,0
51450000,0
51452000,0
51454000,0
51456000,0
51458000,0
51460000,0
51462000,0
51464000,0
51466000,0
51468000,0
51470000,0
51472000,0
51474000,0
51476000,0
51478000,0
51480000,0
51482000,0
51484001,0
51486000,0
51488000,0
51490000,0
51492001,0
51494000,0
51496000,0
51498001,0
51500000,0
51502000,0
51504000,0
51506001,0
51508000,0
51510000,0
51512000,0
51514000,0
51516000,0
51518001,0
51520000,0
51522001,0
51524000,0
51526000,0
51528000,0
51530001,0
51532000,0
51534001,0
51536000,0
51538000,0
51540000,0
51542000,0
51544000,0
51546001,0
51548000,0
51550000,0
51552000,0
51554000,0
51556000,0
51558000,0
51560000,0
51562000,0
51564000,0
51566000,0
51568000,0
51570000,0
51572000,0
51574000,0
51576001,0
51578000,0
51580000,0
51582000,0
51584001,0
51586000,0
51588000,0
51590001,0
51592000,0
51594001,0
51596000,0
51598000,0
51600000,0
51602000,0
51604000,0
51606000,0
51608000,0
51610000,0
51612000,0
51614000,0
51616000,0
51618001,0
51620000,0
51622000,0
51624001,0
51626000,0
51628000,0
51630000,0
51632000,0
51634000,0
51636000,0
51638001,0
51640000,0
51642001,0
51644000,0
51646000,0
51648000,0
51650000,0
51652000,0
51654000,0
51656000,0
51658000,0
51660001,0
51662000,0
51664000,0
51666000,0
51668001,0
51670000,0
51672000,0
51674000,0
51676000,0
51678000,0
51680000,0
51682000,0
51684000,0
51686000,0
51688001,0
51690000,0
51692000,0
51694001,0
51696000,0
51698000,0
51700000,0
51702001,0
51704000,0
51706000,0
51708001,0
51710000,0
51712001,0
51714000,0
51716000,0
51718000,0
51720000,0
51722000,0
51724000,0
51726001,0
51728000,0
51730000,0
51732001,0
51734000,0
51736001,0
51738000,0
51740000,0
51742000,0
51744000,0
51746000,0
51748000,0
51750000,0
51752000,0
51754000,0
51756000,0
51758001,0
51760000,0
51762000,0
51764000,0
51766000,0
51768000,0
51770001,0
51772000,0
51774000,0
51776000,0
51778001,0
51780000,0
51782000,0
51784000,0
51786000,0
51788000,0
51790001,0
51792000,0
51794001,0
51796000,0
51798000,0
51800000,0
51802001,0
51804000,0
51806000,0
51808000,0
51810000,0
51812001,0
51814000,0
51816000,0
51818000,0
51820000,0
51822000,0
51824000,0
51826000,0
51828000,0
51830001,0
51832000,0
51834001,0
51836000,0
51838000,0
51840000,0
51842001,0
51844000,0
51846000,0
51848000,0
51850001,0
51852000,0
51854001,0
51856000,0
51858000,0
51860000,0
51862000,0
51864001,0
51866000,0
51868000,0
51870000,0
51872001,0
51874000,0
51876000,0
51878001,0
51880000,0
51882000,0
51884000,0
51886000,0
51888000,0
51890001,0
51892000,0
51894000,0
51896000,0
51898000,0
51900000,0
51902000,0
51904000,0
51906000,0
51908000,0
51910001,0
51912000,0
51914001,0
51916000,0
51918000,0
51920000,0
51922000,0
51924001,0
51926000,0
51928001,0
51930000,0
51932000,0
51934001,0
51936000,0
51938000,0
51940000,0
51942000,0
51944000,0
51946000,0
51948000,0
51950001,0
51952000,0
51954000,0
51956000,0
51958000,0
51960000,0
51962001,0
51964000,0
51966000,0
51968000,0
51970000,0
51972000,0
51974000,0
51976000,0
51978000,0
51980000,0
51982000,0
51984000,0
51986000,0
51988001,0
51990000,0
51992001,0
51994000,0
51996001,0
51998000,0
52000000,0
52002000,0
52004001,0
52006000,0
52008000,0
52010000,0
52012000,0
52014000,0
52016000,0
52018000,0
52020000,0
52022001,0
52024000,0
52026000,0
52028001,0
52030000,0
52032001,0
52034000,0
52036000,0
52038000,0
52040000,0
52042001,0
52044000,0
52046000,0
52048000,0
52050000,0
52052000,0
52054000,0
52056000,0
52058000,0
52060000,0
52062000,0
52064000,0
52066000,0
52068000,0
52070000,0
52072000,0
52074000,0
52076000,0
52078000,0
52080001,0
52082000,0
52084000,0
52086000,0
52088000,0
52090000,0
52092001,0
52094000,0
52096000,0
52098001,0
52100000,0
52102000,0
52104000,0
52106000,0
52108001,0
52110000,0
52112000,0
52114001,0
52116000,0
52118001,0
52120000,0
52122001,0
52124000,0
52126000,0
52128000,0
52130000,0
52132000,0
52134000,0
52136000,0
52138000,0
52140000,0
52142000,0
52144000,0
52146000,0
52148000,0
52150000,0
52152000,0
52154001,0
52156000,0
52158000,0
52160000,0
52162001,0
52164000,0
52166001,0
52168000,0
52170000,0
52172000,0
52174000,0
52176000,0
52178000,0
52180000,0
52182001,0
52184000,0
52186001,0
52188000,0
52190000,0
52192000,0
52194000,0
52196001,0
52198000,0
52200001,0
52202000,0
52204001,0
52206000,0
52208000,0
52210001,0
52212000,0
52214000,0
52216000,0
52218000,0
52220000,0
52222000,0
52224001,0
52226000,0
52228000,0
52230000,0
52232000,0
52234000,0
52236000,0
52238000,0
52240001,0
52242000,0
52244000,0
52246000,0
52248000,0
52250000,0
52252000,0
52254000,0
52256000,0
52258000,0
52260001,0
52262000,0
52264000,0
52266000,0
52268001,0
52270000,0
52272000,0
52274000,0
52276000,0
52278000,0
52280001,0
52282000,0
52284000,0
52286000,0
52288000,0
52290000,0
52292001,0
52294000,0
52296000,0
52298000,0
52300000,0
52302000,0
52304000,0
52306000,0
52308000,0
52310000,0
52312000,0
52314000,0
52316000,0
52318001,0
52320000,0
52322000,0
52324000,0
52326001,0
52328000,0
52330000,0
52332000,0
52334000,0
52336001,0
52338000,0
52340000,0
52342001,0
52344000,0
52346001,0
52348000,0
52350000,0
52352000,0
52354000,0
52356001,0
52358000,0
52360001,0
52362000,0
52364000,0
52366000,0
52368000,0
52370000,0
52372000,0
52374000,0
52376000,0
52378000,0
52380001,0
52382000,0
52384000,0
52386000,0
52388000,0
52390000,0
52392000,0
52394000,0
52396001,0
52398000,0
52400000,0
52402000,0
52404001,0
52406000,0
52408001,0
52410000,0
52412000,0
52414000,0
52416000,0
52418000,0
52420000,0
52422000,0
52424000,0
52426000,0
52428000,0
52430000,0
52432000,0
52434001,0
52436000,0
52438000,0
52440000,0
52442001,0
52444000,0
52446001,0
52448000,0
52450000,0
52452000,0
52454001,0
52456000,0
52458000,0
52460000,0
52462000,0
52464000,0
52466000,0
52468001,0
52470000,0
52472000,0
52474000,0
52476001,0
52478000,0
52480000,0
52482000,0
52484000,0
52486001,0
52488000,0
52490001,0
52492000,0
52494000,0
52496000,0
52498000,0
52500000,0
52502000,0
52504000,0
52506000,0
52508000,0
52510000,0
52512000,0
52514000,0
52516000,0
52518001,0
52520000,0
52522000,0
52524000,0
52526001,0
52528000,0
52530000,0
52532000,0
52534000,0
52536000,0
52538000,0
52540000,0
52542000,0
52544000,0
52546001,0
52548000,0
52550000,0
52552000,0
52554001,0
52556000,0
52558001,0
52560000,0
52562000,0
52564000,0
52566000,0
52568000,0
52570000,0
52572000,0
52574000,0
52576000,0
52578000,0
52580000,0
52582000,0
52584000,0
52586000,0
52588000,0
52590000,0
52592000,0
52594001,0
52596000,0
52598000,0
52600001,0
52602000,0
52604000,0
52606000,0
52608000,0
52610000,0
52612001,0
52614000,0
52616000,0
52618000,0
52620001,0
52622000,0
52624000,0
52626000,0
52628000,0
52630000,0
52632000,0
52634000,0
52636000,0
52638000,0
52640000,0
52642000,0
52644000,0
52646000,0
52648000,0
52650001,0
52652000,0
52654000,0
52656000,0
52658001,0
52660000,0
52662000,0
52664000,0
52666000,0
52668000,0
52670000,0
52672000,0
52674000,0
52676000,0
52678000,0
52680001,0
52682000,0
52684001,0
52686000,0
52688001,0
52690000,0
52692000,0
52694000,0
52696001,0
52698000,0
52700001,0
52702000,0
52704000,0
52706000,0
52708000,0
52710000,0
52712001,0
52714000,0
52716001,0
52718000,0
52720000,0
52722000,0
52724000,0
52726000,0
52728001,0
52730000,0
52732000,0
52734000,0
52736000,0
52738000,0
52740001,0
52742000,0
52744001,0
52746000,0
52748001,0
52750000,0
52752000,0
52754000,0
52756001,0
52758000,0
52760000,0
52762000,0
52764000,0
52766001,0
52768000,0
52770000,0
52772000,0
52774001,0
52776000,0
52778001,0
52780000,0
52782000,0
52784000,0
52786000,0
52788000,0
52790000,0
52792000,0
52794000,0
52796001,0
52798000,0
52800000,0
52802000,0
52804000,0
52806000,0
52808000,0
52810000,0
52812000,0
52814000,0
52816000,0
52818000,0
52820000,0
52822000,0
52824000,0
52826000,0
52828000,0
52830000,0
52832000,0
52834000,0
52836000,0
52838000,0
52840000,0
52842000,0
52844000,0
52846000,0
52848000,0
52850000,0
52852000,0
52854000,0
52856000,0
52858001,0
52860000,0
52862001,0
52864000,0
52866000,0
52868000,0
52870000,0
52872000,0
52874000,0
52876000,0
52878000,0
52880000,0
52882000,0
52884001,0
52886000,0
52888000,0
52890000,0
52892000,0
52894000,0
52896000,0
52898000,0
52900000,0
52902000,0
52904000,0
52906001,0
52908000,0
52910000,0
52912000,0
52914000,0
52916001,0
52918000,0
52920000,0
52922000,0
52924000,0
52926001,0
52928000,0
52930001,0
52932000,0
52934001,0
52936000,0
52938000,0
52940000,0
52942000,0
52944000,0
52946000,0
52948000,0
52950001,0
52952000,0
52954000,0
52956000,0
52958000,0
52960000,0
52962000,0
52964000,0
52966000,0
52968000,0
52970000,0
52972000,0
52974001,0
52976000,0
52978001,0
52980000,0
52982000,0
52984000,0
52986000,0
52988000,0
52990000,0
52992000,0
52994000,0
52996000,0
52998000,0
53000000,0
53002000,0
53004000,0
53006000,0
53008000,0
53010000,0
53012001,0
53014000,0
53016000,0
53018000,0
53020001,0
53022000,0
53024000,0
53026000,0
53028000,0
53030000,0
53032000,0
53034000,0
53036001,0
53038000,0
53040000,0
53042000,0
53044000,0
53046000,0
53048000,0
53050001,0
53052000,0
53054000,0
53056000,0
53058001,0
53060000,0
53062001,0
53064000,0
53066000,0
53068001,0
53070000,0
53072001,0
53074000,0
53076000,0
53078000,0
53080000,0
53082000,0
53084000,0
53086000,0
53088000,0
53090000,0
53092000,0
53094000,0
53096000,0
53098000,0
53100000,0
53102000,0
53104000,0
53106000,0
53108000,0
53110000,0
53112000,0
53114000,0
53116000,0
53118000,0
53120000,0
53122000,0
53124000,0
53126000,0
53128000,0
53130000,0
53132001,0
53134000,0
53136001,0
53138000,0
53140001,0
53142000,0
53144000,0
53146000,0
53148000,0
53150001,0
53152000,0
53154000,0
53156000,0
53158000,0
53160000,0
53162000,0
53164001,0
53166000,0
53168000,0
53170001,0
53172000,0
53174001,0
53176000,0
53178000,0
53180000,0
53182001,0
53184000,0
53186000,0
53188000,0
53190000,0
53192001,0
53194000,0
53196001,0
53198000,0
53200001,0
53202000,0
53204000,0
53206000,0
53208000,0
53210000,0
53212001,0
53214000,0
53216000,0
53218000,0
53220000,0
53222001,0
53224000,0
53226000,0
53228001,0
53230000,0
53232001,0
53234000,0
53236000,0
53238000,0
53240001,0
53242000,0
53244000,0
53246000,0
53248000,0
53250001,0
53252000,0
53254000,0
53256000,0
53258000,0
53260000,0
53262000,0
53264000,0
53266001,0
53268000,0
53270001,0
53272000,0
53274000,0
53276000,0
53278000,0
53280000,0
53282000,0
53284000,0
53286000,0
53288000,0
53290000,0
53292000,0
53294000,0
53296000,0
53298001,0
53300000,0
53302000,0
53304000,0
53306000,0
53308000,0
53310001,0
53312000,0
53314001,0
53316000,0
53318000,0
53320000,0
53322000,0
53324000,0
53326000,0
53328000,0
53330000,0
53332000,0
53334000,0
53336000,0
53338000,0
53340000,0
53342001,0
53344000,0
53346000,0
53348000,0
53350000,0
53352000,0
53354000,0
53356000,0
53358000,0
53360000,0
53362000,0
53364000,0
53366001,0
53368000,0
53370001,0
53372000,0
53374000,0
53376000,0
53378000,0
53380000,0
53382000,0
53384000,0
53386000,0
53388000,0
53390000,0
53392000,0
53394000,0
53396000,0
53398000,0
53400000,0
53402000,0
53404000,0
53406000,0
53408001,0
53410000,0
53412001,0
53414000,0
53416000,0
53418000,0
53420000,0
53422000,0
53424000,0
53426000,0
53428001,0
53430000,0
53432000,0
53434000,0
53436000,0
53438001,0
53440000,0
53442000,0
53444000,0
53446000,0
53448000,0
53450000,0
53452000,0
53454001,0
53456000,0
53458000,0
53460000,0
53462000,0
53464000,0
53466000,0
53468000,0
53470000,0
53472001,0
53474000,0
53476000,0
53478000,0
53480000,0
53482001,0
53484000,0
53486001,0
53488000,0
53490001,0
53492000,0
53494000,0
53496000,0
53498000,0
53500000,0
53502000,0
53504000,0
53506000,0
53508000,0
53510000,0
53512001,0
53514000,0
53516001,0
53518000,0
53520000,0
53522001,0
53524000,0
53526000,0
53528000,0
53530000,0
53532000,0
53534000,0
53536000,0
53538000,0
53540001,0
53542000,0
53544001,0
53546000,0
53548000,0
53550000,0
53552001,0
53554000,0
53556000,0
53558000,0
53560000,0
53562000,0
53564000,0
53566001,0
53568000,0
53570000,0
53572000,0
53574000,0
53576000,0
53578000,0
53580000,0
53582000,0
53584000,0
53586000,0
53588000,0
53590001,0
53592000,0
53594000,0
53596001,0
53598000,0
53600001,0
53602000,0
53604000,0
53606000,0
53608000,0
53610000,0
53612001,0
53614000,0
53616001,0
53618000,0
53620000,0
53622000,0
53624000,0
53626001,0
53628000,0
53630000,0
53632000,0
53634000,0
53636000,0
53638000,0
53640000,0
53642000,0
53644001,0
53646000,0
53648001,0
53650000,0
53652001,0
53654000,0
53656000,0
53658000,0
53660000,0
53662000,0
53664001,0
53666000,0
53668000,0
53670000,0
53672000,0
53674000,0
53676000,0
53678000,0
53680000,0
53682000,0
53684000,0
53686000,0
53688000,0
53690001,0
53692000,0
53694001,0
53696000,0
53698001,0
53700000,0
53702000,0
53704000,0
53706000,0
53708000,0
53710000,0
53712000,0
53714000,0
53716001,0
53718000,0
53720000,0
53722000,0
53724000,0
53726000,0
53728001,0
53730000,0
53732000,0
53734000,0
53736001,0
53738000,0
53740000,0
53742000,0
53744000,0
53746000,0
53748001,0
53750000,0
53752000,0
53754000,0
53756001,0
53758000,0
53760001,0
53762000,0
53764000,0
53766000,0
53768001,0
53770000,0
53772001,0
53774000,0
53776001,0
53778000,0
53780001,0
53782000,0
53784000,0
53786000,0
53788000,0
53790000,0
53792000,0
53794000,0
53796000,0
53798000,0
53800000,0
53802000,0
53804000,0
53806000,0
53808000,0
53810000,0
53812000,0
53814000,0
53816000,0
53818000,0
53820000,0
53822000,0
53824000,0
53826001,0
53828000,0
53830000,0
53832001,0
53834000,0
53836000,0
53838000,0
53840000,0
53842000,0
53844000,0
53846001,0
53848000,0
53850000,0
53852000,0
53854001,0
53856000,0
53858000,0
53860000,0
53862001,0
53864000,0
53866001,0
53868000,0
53870000,0
53872000,0
53874001,0
53876000,0
53878000,0
53880000,0
53882001,0
53884000,0
53886001,0
53888000,0
53890000,0
53892001,0
53894000,0
53896001,0
53898000,0
53900000,0
53902000,0
53904000,0
53906000,0
53908000,0
53910000,0
53912000,0
53914000,0
53916000,0
53918000,0
53920000,0
53922000,0
53924001,0
53926000,0
53928000,0
53930000,0
53932000,0
53934000,0
53936000,0
53938000,0
53940000,0
53942000,0
53944000,0
53946000,0
53948000,0
53950000,0
53952000,0
53954000,0
53956001,0
53958000,0
53960000,0
53962000,0
53964000,0
53966000,0
53968000,0
53970000,0
53972001,0
53974000,0
53976000,0
53978000,0
53980001,0
53982000,0
53984000,0
53986000,0
53988000,0
53990000,0
53992000,0
53994000,0
53996000,0
53998001,0
54000000,0
54002000,0
54004001,0
54006000,0
54008001,0
54010000,0
54012000,0
54014000,0
54016001,0
54018000,0
54020001,0
54022000,0
54024001,0
54026000,0
54028000,0
54030000,0
54032000,0
54034000,0
54036001,0
54038000,0
54040000,0
54042000,0
54044001,0
54046000,0
54048001,0
54050000,0
54052001,0
54054000,0
54056001,0
54058000,0
54060000,0
54062000,0
54064000,0
54066000,0
54068001,0
54070000,0
54072001,0
54074000,0
54076000,0
54078000,0
54080000,0
54082001,0
54084000,0
54086000,0
54088000,0
54090001,0
54092000,0
54094000,0
54096001,0
54098000,0
54100000,0
54102000,0
54104000,0
54106001,0
54108000,0
54110001,0
54112000,0
54114000,0
54116000,0
54118000,0
54120001,0
54122000,0
54124000,0
54126000,0
54128000,0
54130000,0
54132001,0
54134000,0
54136001,0
54138000,0
54140001,0
54142000,0
54144000,0
54146000,0
54148000,0
54150000,0
54152000,0
54154000,0
54156000,0
54158001,0
54160000,0
54162000,0
54164000,0
54166000,0
54168001,0
54170000,0
54172000,0
54174000,0
54176001,0
54178000,0
54180000,0
54182000,0
54184000,0
54186000,0
54188001,0
54190000,0
54192000,0
54194000,0
54196000,0
54198000,0
54200000,0
54202000,0
54204000,0
54206001,0
54208000,0
54210000,0
54212001,0
54214000,0
54216000,0
54218000,0
54220000,0
54222000,0
54224000,0
54226000,0
54228000,0
54230000,0
54232000,0
54234000,0
54236000,0
54238000,0
54240000,0
54242000,0
54244001,0
54246000,0
54248001,0
54250000,0
54252000,0
54254000,0
54256000,0
54258000,0
54260000,0
54262000,0
54264001,0
54266000,0
54268001,0
54270000,0
54272000,0
54274000,0
54276000,0
54278000,0
54280000,0
54282000,0
54284000,0
54286001,0
54288000,0
54290000,0
54292000,0
54294000,0
54296000,0
54298000,0
54300000,0
54302000,0
54304000,0
54306000,0
54308000,0
54310000,0
54312001,0
54314000,0
54316000,0
54318000,0
54320000,0
54322001,0
54324000,0
54326000,0
54328000,0
54330001,0
54332000,0
54334000,0
54336000,0
54338000,0
54340000,0
54342000,0
54344000,0
54346001,0
54348000,0
54350000,0
54352001,0
54354000,0
54356001,0
54358000,0
54360000,0
54362000,0
54364001,0
54366000,0
54368001,0
54370000,0
54372000,0
54374000,0
54376000,0
54378000,0
54380001,0
54382000,0
54384001,0
54386000,0
54388000,0
54390000,0
54392001,0
54394000,0
54396000,0
54398000,0
54400000,0
54402001,0
54404000,0
54406001,0
54408000,0
54410000,0
54412001,0
54414000,0
54416000,0
54418000,0
54420001,0
54422000,0
54424000,0
54426000,0
54428000,0
54430000,0
54432001,0
54434000,0
54436000,0
54438000,0
54440001,0
54442000,0
54444000,0
54446000,0
54448000,0
54450000,0
54452001,0
54454000,0
54456001,0
54458000,0
54460001,0
54462000,0
54464000,0
54466000,0
54468001,0
54470000,0
54472000,0
54474000,0
54476000,0
54478000,0
54480000,0
54482000,0
54484000,0
54486001,0
54488000,0
54490000,0
54492000,0
54494000,0
54496000,0
54498000,0
54500001,0
54502000,0
54504001,0
54506000,0
54508000,0
54510000,0
54512000,0
54514000,0
54516001,0
54518000,0
54520001,0
54522000,0
54524000,0
54526000,0
54528000,0
54530000,0
54532000,0
54534000,0
54536000,0
54538000,0
54540000,0
54542000,0
54544000,0
54546000,0
54548000,0
54550001,0
54552000,0
54554000,0
54556000,0
54558000,0
54560000,0
54562000,0
54564000,0
54566000,0
54568000,0
54570000,0
54572000,0
54574000,0
54576000,0
54578000,0
54580000,0
54582000,0
54584000,0
54586001,0
54588000,0
54590000,0
54592000,0
54594000,0
54596001,0
54598000,0
54600001,0
54602000,0
54604001,0
54606000,0
54608001,0
54610000,0
54612001,0
54614000,0
54616001,0
54618000,0
54620001,0
54622000,0
54624000,0
54626000,0
54628001,0
54630000,0
54632000,0
54634000,0
54636001,0
54638000,0
54640000,0
54642000,0
54644000,0
54646000,0
54648000,0
54650000,0
54652000,0
54654000,0
54656000,0
54658001,0
54660000,0
54662000,0
54664001,0
54666000,0
54668000,0
54670000,0
54672001,0
54674000,0
54676000,0
54678000,0
54680000,0
54682000,0
54684001,0
54686000,0
54688000,0
54690000,0
54692000,0
54694000,0
54696000,0
54698000,0
54700000,0
54702001,0
54704000,0
54706000,0
54708000,0
54710000,0
54712001,0
54714000,0
54716000,0
54718000,0
54720000,0
54722000,0
54724000,0
54726000,0
54728000,0
54730000,0
54732000,0
54734000,0
54736000,0
54738000,0
54740000,0
54742000,0
54744001,0
54746000,0
54748000,0
54750000,0
54752000,0
54754000,0
54756000,0
54758000,0
54760000,0
54762000,0
54764000,0
54766000,0
54768000,0
54770000,0
54772000,0
54774000,0
54776000,0
54778000,0
54780000,0
54782000,0
54784001,0
54786000,0
54788000,0
54790001,0
54792000,0
54794000,0
54796000,0
54798001,0
54800000,0
54802000,0
54804000,0
54806000,0
54808000,0
54810001,0
54812000,0
54814000,0
54816000,0
54818001,0
54820000,0
54822001,0
54824000,0
54826001,0
54828000,0
54830000,0
54832000,0
54834000,0
54836000,0
54838001,0
54840000,0
54842000,0
54844000,0
54846000,0
54848000,0
54850000,0
54852000,0
54854000,0
54856001,0
54858000,0
54860000,0
54862001,0
54864000,0
54866000,0
54868000,0
54870000,0
54872000,0
54874000,0
54876000,0
54878000,0
54880000,0
54882000,0
54884000,0
54886000,0
54888000,0
54890000,0
54892000,0
54894001,0
54896000,0
54898001,0
54900000,0
54902000,0
54904000,0
54906001,0
54908000,0
54910000,0
54912000,0
54914000,0
54916000,0
54918000,0
54920000,0
54922000,0
54924000,0
54926000,0
54928001,0
54930000,0
54932001,0
54934000,0
54936000,0
54938001,0
54940000,0
54942000,0
54944000,0
54946000,0
54948000,0
54950000,0
54952001,0
54954000,0
54956000,0
54958000,0
54960000,0
54962000,0
54964000,0
54966000,0
54968001,0
54970000,0
54972000,0
54974000,0
54976001,0
54978000,0
54980001,0
54982000,0
54984000,0
54986000,0
54988000,0
54990000,0
54992000,0
54994000,0
54996000,0
54998000,0
55000000,0
55002000,0
55004000,0
55006000,0
55008000,0
55010000,0
55012000,0
55014000,0
55016000,0
55018001,0
55020000,0
55022000,0
55024000,0
55026001,0
55028000,0
55030001,0
55032000,0
55034000,0
55036000,0
55038000,0
55040000,0
55042001,0
55044000,0
55046000,0
55048000,0
55050000,0
55052000,0
55054000,0
55056000,0
55058000,0
55060000,0
55062000,0
55064000,0
55066001,0
55068000,0
55070000,0
55072000,0
55074001,0
55076000,0
55078001,0
55080000,0
55082000,0
55084000,0
55086000,0
55088000,0
55090001,0
55092000,0
55094000,0
55096001,0
55098000,0
55100000,0
55102000,0
55104001,0
55106000,0
55108000,0
55110000,0
55112000,0
55114000,0
55116001,0
55118000,0
55120001,0
55122000,0
55124000,0
55126000,0
55128000,0
55130000,0
55132000,0
55134000,0
55136000,0
55138000,0
55140000,0
55142000,0
55144000,0
55146000,0
55148001,0
55150000,0
55152000,0
55154000,0
55156000,0
55158000,0
55160000,0
55162000,0
55164000,0
55166000,0
55168000,0
55170000,0
55172000,0
55174000,0
55176000,0
55178000,0
55180000,0
55182000,0
55184000,0
55186000,0
55188000,0
55190000,0
55192000,0
55194000,0
55196000,0
55198000,0
55200000,0
55202000,0
55204001,0
55206000,0
55208000,0
55210000,0
55212000,0
55214001,0
55216000,0
55218001,0
55220000,0
55222000,0
55224000,0
55226000,0
55228000,0
55230000,0
55232000,0
55234001,0
55236000,0
55238000,0
55240000,0
55242000,0
55244000,0
55246000,0
55248000,0
55250000,0
55252000,0
55254000,0
55256000,0
55258000,0
55260000,0
55262001,0
55264000,0
55266000,0
55268000,0
55270001,0
55272000,0
55274001,0
55276000,0
55278000,0
55280000,0
55282000,0
55284000,0
55286000,0
55288000,0
55290000,0
55292000,0
55294001,0
55296000,0
55298001,0
55300000,0
55302000,0
55304001,0
55306000,0
55308000,0
55310000,0
55312000,0
55314000,0
55316000,0
55318000,0
55320000,0
55322000,0
55324000,0
55326000,0
55328001,0
55330000,0
55332000,0
55334000,0
55336000,0
55338000,0
55340000,0
55342000,0
55344000,0
55346001,0
55348000,0
55350000,0
55352000,0
55354001,0
55356000,0
55358001,0
55360000,0
55362001,0
55364000,0
55366001,0
55368000,0
55370001,0
55372000,0
55374001,0
55376000,0
55378001,0
55380000,0
55382001,0
55384000,0
55386001,0
55388000,0
55390000,0
55392000,0
55394000,0
55396000,0
55398000,0
55400000,0
55402000,0
55404000,0
55406000,0
55408000,0
55410000,0
55412001,0
55414000,0
55416000,0
55418000,0
55420000,0
55422000,0
55424000,0
55426000,0
55428000,0
55430000,0
55432000,0
55434000,0
55436000,0
55438000,0
55440000,0
55442001,0
55444000,0
55446000,0
55448000,0
55450001,0
55452000,0
55454000,0
55456000,0
55458000,0
55460000,0
55462000,0
55464000,0
55466000,0
55468000,0
55470001,0
55472000,0
55474001,0
55476000,0
55478000,0
55480001,0
55482000,0
55484001,0
55486000,0
55488000,0
55490000,0
55492000,0
55494000,0
55496000,0
55498001,0
55500000,0
55502001,0
55504000,0
55506000,0
55508000,0
55510001,0
55512000,0
55514000,0
55516000,0
55518000,0
55520000,0
55522001,0
55524000,0
55526000,0
55528000,0
55530000,0
55532000,0
55534000,0
55536000,0
55538001,0
55540000,0
55542000,0
55544000,0
55546000,0
55548001,0
55550000,0
55552001,0
55554000,0
55556001,0
55558000,0
55560001,0
55562000,0
55564000,0
55566000,0
55568001,0
55570000,0
55572000,0
55574000,0
55576000,0
55578001,0
55580000,0
55582000,0
55584000,0
55586001,0
55588000,0
55590000,0
55592001,0
55594000,0
55596001,0
55598000,0
55600000,0
55602000,0
55604001,0
55606000,0
55608001,0
55610000,0
55612001,0
55614000,0
55616001,0
55618000,0
55620001,0
55622000,0
55624000,0
55626000,0
55628001,0
55630000,0
55632000,0
55634000,0
55636001,0
55638000,0
55640000,0
55642000,0
55644000,0
55646001,0
55648000,0
55650001,0
55652000,0
55654000,0
55656000,0
55658000,0
55660001,0
55662000,0
55664000,0
55666000,0
55668001,0
55670000,0
55672000,0
55674001,0
55676000,0
55678000,0
55680000,0
55682000,0
55684000,0
55686000,0
55688001,0
55690000,0
55692000,0
55694000,0
55696001,0
55698000,0
55700001,0
55702000,0
55704000,0
55706000,0
55708000,0
55710000,0
55712000,0
55714000,0
55716000,0
55718000,0
55720000,0
55722000,0
55724000,0
55726000,0
55728000,0
55730000,0
55732001,0
55734000,0
55736001,0
55738000,0
55740001,0
55742000,0
55744000,0
55746000,0
55748000,0
55750001,0
55752000,0
55754000,0
55756000,0
55758000,0
55760000,0
55762000,0
55764000,0
55766000,0
55768000,0
55770000,0
55772000,0
55774000,0
55776001,0
55778000,0
55780000,0
55782000,0
55784001,0
55786000,0
55788000,0
55790000,0
55792001,0
55794000,0
55796000,0
55798000,0
55800001,0
55802000,0
55804000,0
55806001,0
55808000,0
55810000,0
55812000,0
55814000,0
55816000,0
55818000,0
55820000,0
55822000,0
55824000,0
55826000,0
55828000,0
55830000,0
55832000,0
55834000,0
55836000,0
55838000,0
55840001,0
55842000,0
55844001,0
55846000,0
55848000,0
55850000,0
55852000,0
55854000,0
55856000,0
55858000,0
55860000,0
55862000,0
55864000,0
55866000,0
55868000,0
55870000,0
55872001,0
55874000,0
55876000,0
55878000,0
55880001,0
55882000,0
55884000,0
55886000,0
55888000,0
55890001,0
55892000,0
55894000,0
55896000,0
55898001,0
55900000,0
55902001,0
55904000,0
55906000,0
55908000,0
55910000,0
55912000,0
55914000,0
55916000,0
55918000,0
55920000,0
55922000,0
55924001,0
55926000,0
55928001,0
55930000,0
55932001,0
55934000,0
55936000,0
55938000,0
55940000,0
55942000,0
55944001,0
55946000,0
55948000,0
55950000,0
55952000,0
55954000,0
55956000,0
55958000,0
55960000,0
55962000,0
55964001,0
55966000,0
55968000,0
55970000,0
55972001,0
55974000,0
55976001,0
55978000,0
55980000,0
55982000,0
55984000,0
55986000,0
55988001,0
55990000,0
55992000,0
55994000,0
55996001,0
55998000,0
56000000,0
56002000,0
56004000,0
56006000,0
56008000,0
56010000,0
56012001,0
56014000,0
56016000,0
56018000,0
56020000,0
56022000,0
56024000,0
56026000,0
56028000,0
56030000,0
56032001,0
56034000,0
56036000,0
56038000,0
56040001,0
56042000,0
56044000,0
56046000,0
56048001,0
56050000,0
56052001,0
56054000,0
56056000,0
56058000,0
56060001,0
56062000,0
56064001,0
56066000,0
56068001,0
56070000,0
56072001,0
56074000,0
56076000,0
56078000,0
56080001,0
56082000,0
56084000,0
56086000,0
56088000,0
56090000,0
56092001,0
56094000,0
56096000,0
56098001,0
56100000,0
56102000,0
56104000,0
56106000,0
56108001,0
56110000,0
56112000,0
56114000,0
56116000,0
56118000,0
56120001,0
56122000,0
56124000,0
56126001,0
56128000,0
56130000,0
56132000,0
56134001,0
56136000,0
56138000,0
56140000,0
56142000,0
56144000,0
56146000,0
56148000,0
56150000,0
56152000,0
56154000,0
56156001,0
56158000,0
56160000,0
56162000,0
56164000,0
56166000,0
56168000,0
56170001,0
56172000,0
56174000,0
56176000,0
56178001,0
56180000,0
56182000,0
56184000,0
56186000,0
56188000,0
56190000,0
56192000,0
56194000,0
56196000,0
56198000,0
56200001,0
56202000,0
56204000,0
56206000,0
56208001,0
56210000,0
56212000,0
56214000,0
56216000,0
56218000,0
56220000,0
56222000,0
56224001,0
56226000,0
56228000,0
56230000,0
56232000,0
56234001,0
56236000,0
56238001,0
56240000,0
56242001,0
56244000,0
56246000,0
56248000,0
56250001,0
56252000,0
56254000,0
56256000,0
56258001,0
56260000,0
56262001,0
56264000,0
56266001,0
56268000,0
56270001,0
56272000,0
56274001,0
56276000,0
56278000,0
56280000,0
56282000,0
56284000,0
56286000,0
56288000,0
56290000,0
56292000,0
56294001,0
56296000,0
56298001,0
56300000,0
56302001,0
56304000,0
56306000,0
56308000,0
56310000,0
56312000,0
56314000,0
56316000,0
56318000,0
56320000,0
56322000,0
56324000,0
56326001,0
56328000,0
56330000,0
56332000,0
56334000,0
56336000,0
56338000,0
56340000,0
56342000,0
56344001,0
56346000,0
56348001,0
56350000,0
56352001,0
56354000,0
56356001,0
56358000,0
56360000,0
56362000,0
56364000,0
56366001,0
56368000,0
56370001,0
56372000,0
56374001,0
56376000,0
56378001,0
56380000,0
56382000,0
56384000,0
56386001,0
56388000,0
56390000,0
56392001,0
56394000,0
56396000,0
56398000,0
56400000,0
56402001,0
56404000,0
56406000,0
56408000,0
56410000,0
56412000,0
56414000,0
56416001,0
56418000,0
56420000,0
56422001,0
56424000,0
56426000,0
56428000,0
56430001,0
56432000,0
56434001,0
56436000,0
56438001,0
56440000,0
56442000,0
56444000,0
56446000,0
56448000,0
56450001,0
56452000,0
56454001,0
56456000,0
56458001,0
56460000,0
56462000,0
56464001,0
56466000,0
56468000,0
56470000,0
56472001,0
56474000,0
56476000,0
56478000,0
56480001,0
56482000,0
56484001,0
56486000,0
56488001,0
56490000,0
56492000,0
56494000,0
56496000,0
56498000,0
56500000,0
56502001,0
56504000,0
56506000,0
56508001,0
56510000,0
56512000,0
56514000,0
56516000,0
56518000,0
56520000,0
56522001,0
56524000,0
56526000,0
56528000,0
56530001,0
56532000,0
56534000,0
56536000,0
56538000,0
56540001,0
56542000,0
56544001,0
56546000,0
56548001,0
56550000,0
56552000,0
56554000,0
56556000,0
56558000,0
56560001,0
56562000,0
56564000,0
56566000,0
56568000,0
56570000,0
56572000,0
56574000,0
56576000,0
56578001,0
56580000,0
56582000,0
56584000,0
56586000,0
56588000,0
56590000,0
56592000,0
56594001,0
56596000,0
56598000,0
56600000,0
56602000,0
56604000,0
56606000,0
56608000,0
56610001,0
56612000,0
56614000,0
56616000,0
56618000,0
56620000,0
56622000,0
56624000,0
56626001,0
56628000,0
56630000,0
56632001,0
56634000,0
56636001,0
56638000,0
56640001,0
56642000,0
56644001,0
56646000,0
56648000,0
56650000,0
56652000,0
56654000,0
56656000,0
56658000,0
56660001,0
56662000,0
56664000,0
56666000,0
56668000,0
56670000,0
56672000,0
56674000,0
56676000,0
56678000,0
56680000,0
56682000,0
56684000,0
56686000,0
56688000,0
56690000,0
56692000,0
56694000,0
56696000,0
56698000,0
56700000,0
56702000,0
56704001,0
56706000,0
56708000,0
56710001,0
56712000,0
56714000,0
56716000,0
56718000,0
56720000,0
56722000,0
56724000,0
56726000,0
56728000,0
56730000,0
56732000,0
56734000,0
56736001,0
56738000,0
56740000,0
56742000,0
56744000,0
56746000,0
56748000,0
56750000,0
56752000,0
56754000,0
56756000,0
56758000,0
56760001,0
56762000,0
56764001,0
56766000,0
56768001,0
56770000,0
56772000,0
56774000,0
56776001,0
56778000,0
56780000,0
56782000,0
56784000,0
56786000,0
56788000,0
56790001,0
56792000,0
56794001,0
56796000,0
56798000,0
56800000,0
56802000,0
56804000,0
56806000,0
56808001,0
56810000,0
56812000,0
56814000,0
56816000,0
56818001,0
56820000,0
56822000,0
56824000,0
56826000,0
56828000,0
56830000,0
56832000,0
56834000,0
56836000,0
56838001,0
56840000,0
56842000,0
56844000,0
56846001,0
56848000,0
56850000,0
56852000,0
56854000,0
56856000,0
56858000,0
56860000,0
56862000,0
56864000,0
56866001,0
56868000,0
56870000,0
56872000,0
56874001,0
56876000,0
56878001,0
56880000,0
56882001,0
56884000,0
56886001,0
56888000,0
56890001,0
56892000,0
56894000,0
56896000,0
56898000,0
56900000,0
56902000,0
56904000,0
56906000,0
56908001,0
56910000,0
56912000,0
56914000,0
56916000,0
56918000,0
56920000,0
56922000,0
56924000,0
56926000,0
56928000,0
56930000,0
56932000,0
56934000,0
56936000,0
56938000,0
56940000,0
56942001,0
56944000,0
56946000,0
56948000,0
56950000,0
56952000,0
56954000,0
56956000,0
56958000,0
56960000,0
56962000,0
56964000,0
56966000,0
56968000,0
56970000,0
56972001,0
56974000,0
56976000,0
56978000,0
56980000,0
56982001,0
56984000,0
56986000,0
56988000,0
56990001,0
56992000,0
56994000,0
56996000,0
56998000,0
57000000,0
57002001,0
57004000,0
57006000,0
57008000,0
57010000,0
57012000,0
57014000,0
57016000,0
57018001,0
57020000,0
57022001,0
57024000,0
57026000,0
57028000,0
57030000,0
57032000,0
57034000,0
57036000,0
57038000,0
57040000,0
57042000,0
57044000,0
57046001,0
57048000,0
57050001,0
57052000,0
57054000,0
57056000,0
57058000,0
57060000,0
57062000,0
57064000,0
57066001,0
57068000,0
57070001,0
57072000,0
57074000,0
57076001,0
57078000,0
57080001,0
57082000,0
57084000,0
57086000,0
57088000,0
57090000,0
57092000,0
57094000,0
57096001,0
57098000,0
57100000,0
57102000,0
57104000,0
57106000,0
57108001,0
57110000,0
57112000,0
57114001,0
57116000,0
57118001,0
57120000,0
57122001,0
57124000,0
57126000,0
57128000,0
57130000,0
57132000,0
57134000,0
57136001,0
57138000,0
57140000,0
57142000,0
57144000,0
57146001,0
57148000,0
57150001,0
57152000,0
57154001,0
57156000,0
57158000,0
57160000,0
57162000,0
57164000,0
57166000,0
57168000,0
57170000,0
57172000,0
57174001,0
57176000,0
57178000,0
57180000,0
57182000,0
57184000,0
57186000,0
57188000,0
57190000,0
57192000,0
57194000,0
57196000,0
57198001,0
57200000,0
57202001,0
57204000,0
57206000,0
57208000,0
57210001,0
57212000,0
57214000,0
57216000,0
57218000,0
57220000,0
57222000,0
57224000,0
57226000,0
57228000,0
57230000,0
57232000,0
57234000,0
57236000,0
57238000,0
57240000,0
57242000,0
57244000,0
57246000,0
57248000,0
57250001,0
57252000,0
57254000,0
57256000,0
57258001,0
57260000,0
57262000,0
57264000,0
57266001,0
57268000,0
57270000,0
57272000,0
57274000,0
57276000,0
57278000,0
57280001,0
57282000,0
57284000,0
57286000,0
57288000,0
57290000,0
57292000,0
57294000,0
57296000,0
57298000,0
57300000,0
57302000,0
57304000,0
57306001,0
57308000,0
57310000,0
57312000,0
57314001,0
57316000,0
57318001,0
57320000,0
57322001,0
57324000,0
57326000,0
57328000,0
57330000,0
57332000,0
57334000,0
57336000,0
57338000,0
57340000,0
57342000,0
57344000,0
57346000,0
57348000,0
57350000,0
57352000,0
57354000,0
57356000,0
57358000,0
57360000,0
57362000,0
57364000,0
57366000,0
57368000,0
57370000,0
57372000,0
57374001,0
57376000,0
57378000,0
57380001,0
57382000,0
57384001,0
57386000,0
57388000,0
57390000,0
57392000,0
57394000,0
57396000,0
57398000,0
57400000,0
57402000,0
57404000,0
57406000,0
57408001,0
57410000,0
57412001,0
57414000,0
57416000,0
57418000,0
57420000,0
57422001,0
57424000,0
57426000,0
57428000,0
57430000,0
57432000,0
57434000,0
57436001,0
57438000,0
57440001,0
57442000,0
57444000,0
57446001,0
57448000,0
57450001,0
57452000,0
57454000,0
57456000,0
57458000,0
57460000,0
57462000,0
57464000,0
57466000,0
57468000,0
57470000,0
57472000,0
57474000,0
57476001,0
57478000,0
57480001,0
57482000,0
57484001,0
57486000,0
57488000,0
57490000,0
57492000,0
57494000,0
57496000,0
57498000,0
57500000,0
57502000,0
57504000,0
57506000,0
57508001,0
57510000,0
57512000,0
57514000,0
57516000,0
57518000,0
57520000,0
57522000,0
57524000,0
57526000,0
57528000,0
57530000,0
57532000,0
57534000,0
57536000,0
57538001,0
57540000,0
57542001,0
57544000,0
57546000,0
57548001,0
57550000,0
57552000,0
57554000,0
57556001,0
57558000,0
57560000,0
57562001,0
57564000,0
57566000,0
57568000,0
57570000,0
57572000,0
57574000,0
57576000,0
57578000,0
57580000,0
57582001,0
57584000,0
57586001,0
57588000,0
57590001,0
57592000,0
57594000,0
57596000,0
57598000,0
57600000,0
57602000,0
57604000,0
57606000,0
57608000,0
57610000,0
57612000,0
57614000,0
57616000,0
57618000,0
57620000,0
57622000,0
57624000,0
57626000,0
57628000,0
57630001,0
57632000,0
57634000,0
57636000,0
57638000,0
57640000,0
57642000,0
57644000,0
57646001,0
57648000,0
57650000,0
57652000,0
57654000,0
57656001,0
57658000,0
57660001,0
57662000,0
57664000,0
57666000,0
57668000,0
57670000,0
57672000,0
57674000,0
57676001,0
57678000,0
57680000,0
57682000,0
57684000,0
57686000,0
57688000,0
57690000,0
57692000,0
57694000,0
57696000,0
57698000,0
57700000,0
57702001,0
57704000,0
57706001,0
57708000,0
57710001,0
57712000,0
57714000,0
57716000,0
57718000,0
57720000,0
57722000,0
57724000,0
57726000,0
57728000,0
57730001,0
57732000,0
57734000,0
57736000,0
57738000,0
57740000,0
57742000,0
57744001,0
57746000,0
57748000,0
57750000,0
57752000,0
57754000,0
57756000,0
57758000,0
57760001,0
57762000,0
57764001,0
57766000,0
57768001,0
57770000,0
57772000,0
57774000,0
57776000,0
57778000,0
57780001,0
57782000,0
57784000,0
57786000,0
57788001,0
57790000,0
57792000,0
57794000,0
57796000,0
57798000,0
57800001,0
57802000,0
57804001,0
57806000,0
57808000,0
57810000,0
57812000,0
57814000,0
57816000,0
57818000,0
57820000,0
57822000,0
57824000,0
57826000,0
57828000,0
57830000,0
57832000,0
57834000,0
57836000,0
57838001,0
57840000,0
57842001,0
57844000,0
57846000,0
57848000,0
57850001,0
57852000,0
57854001,0
57856000,0
57858001,0
57860000,0
57862000,0
57864000,0
57866000,0
57868000,0
57870000,0
57872000,0
57874000,0
57876001,0
57878000,0
57880001,0
57882000,0
57884001,0
57886000,0
57888000,0
57890000,0
57892000,0
57894000,0
57896000,0
57898000,0
57900000,0
57902000,0
57904000,0
57906000,0
57908000,0
57910000,0
57912000,0
57914001,0
57916000,0
57918000,0
57920000,0
57922000,0
57924000,0
57926000,0
57928000,0
57930000,0
57932001,0
57934000,0
57936001,0
57938000,0
57940000,0
57942000,0
57944000,0
57946000,0
57948000,0
57950000,0
57952001,0
57954000,0
57956000,0
57958000,0
57960000,0
57962000,0
57964000,0
57966000,0
57968000,0
57970000,0
57972000,0
57974000,0
57976000,0
57978001,0
57980000,0
57982001,0
57984000,0
57986001,0
57988000,0
57990001,0
57992000,0
57994001,0
57996000,0
57998001,0
58000000,0
58002001,0
58004000,0
58006000,0
58008000,0
58010000,0
58012000,0
58014001,0
58016000,0
58018000,0
58020001,0
58022000,0
58024000,0
58026000,0
58028000,0
58030000,0
58032000,0
58034001,0
58036000,0
58038000,0
58040000,0
58042000,0
58044000,0
58046001,0
58048000,0
58050001,0
58052000,0
58054001,0
58056000,0
58058001,0
58060000,0
58062000,0
58064000,0
58066000,0
58068000,0
58070001,0
58072000,0
58074001,0
58076000,0
58078000,0
58080000,0
58082001,0
58084000,0
58086001,0
58088000,0
58090000,0
58092000,0
58094001,0
58096000,0
58098000,0
58100000,0
58102001,0
58104000,0
58106001,0
58108000,0
58110001,0
58112000,0
58114000,0
58116000,0
58118000,0
58120000,0
58122000,0
58124000,0
58126000,0
58128000,0
58130000,0
58132000,0
58134000,0
58136000,0
58138001,0
58140000,0
58142001,0
58144000,0
58146001,0
58148000,0
58150000,0
58152000,0
58154000,0
58156001,0
58158000,0
58160001,0
58162000,0
58164000,0
58166000,0
58168000,0
58170000,0
58172000,0
58174000,0
58176000,0
58178000,0
58180001,0
58182000,0
58184001,0
58186000,0
58188000,0
58190000,0
58192000,0
58194001,0
58196000,0
58198001,0
58200000,0
58202001,0
58204000,0
58206000,0
58208000,0
58210000,0
58212000,0
58214000,0
58216001,0
58218000,0
58220000,0
58222000,0
58224001,0
58226000,0
58228000,0
58230001,0
58232000,0
58234001,0
58236000,0
58238000,0
58240000,0
58242000,0
58244000,0
58246001,0
58248000,0
58250001,0
58252000,0
58254000,0
58256000,0
58258001,0
58260000,0
58262000,0
58264000,0
58266000,0
58268000,0
58270000,0
58272000,0
58274000,0
58276000,0
58278000,0
58280000,0
58282000,0
58284000,0
58286000,0
58288000,0
58290000,0
58292001,0
58294000,0
58296001,0
58298000,0
58300001,0
58302000,0
58304000,0
58306000,0
58308000,0
58310000,0
58312000,0
58314001,0
58316000,0
58318000,0
58320000,0
58322000,0
58324000,0
58326000,0
58328000,0
58330000,0
58332000,0
58334000,0
58336000,0
58338001,0
58340000,0
58342000,0
58344000,0
58346001,0
58348000,0
58350000,0
58352000,0
58354000,0
58356000,0
58358001,0
58360000,0
58362001,0
58364000,0
58366000,0
58368000,0
58370000,0
58372000,0
58374001,0
58376000,0
58378000,0
58380000,0
58382000,0
58384000,0
58386000,0
58388000,0
58390000,0
58392000,0
58394000,0
58396001,0
58398000,0
58400000,0
58402000,0
58404001,0
58406000,0
58408000,0
58410000,0
58412000,0
58414001,0
58416000,0
58418001,0
58420000,0
58422000,0
58424001,0
58426000,0
58428001,0
58430000,0
58432000,0
58434000,0
58436000,0
58438000,0
58440000,0
58442000,0
58444000,0
58446000,0
58448000,0
58450000,0
58452000,0
58454000,0
58456000,0
58458000,0
58460000,0
58462000,0
58464001,0
58466000,0
58468000,0
58470000,0
58472001,0
58474000,0
58476000,0
58478000,0
58480000,0
58482000,0
58484001,0
58486000,0
58488001,0
58490000,0
58492001,0
58494000,0
58496000,0
58498000,0
58500001,0
58502000,0
58504001,0
58506000,0
58508000,0
58510000,0
58512000,0
58514000,0
58516000,0
58518000,0
58520000,0
58522000,0
58524000,0
58526000,0
58528000,0
58530000,0
58532001,0
58534000,0
58536001,0
58538000,0
58540001,0
58542000,0
58544001,0
58546000,0
58548001,0
58550000,0
58552001,0
58554000,0
58556001,0
58558000,0
58560000,0
58562000,0
58564000,0
58566000,0
58568000,0
58570000,0
58572000,0
58574001,0
58576000,0
58578000,0
58580000,0
58582000,0
58584000,0
58586000,0
58588000,0
58590000,0
58592001,0
58594000,0
58596000,0
58598000,0
58600001,0
58602000,0
58604001,0
58606000,0
58608000,0
58610000,0
58612000,0
58614000,0
58616001,0
58618000,0
58620000,0
58622000,0
58624000,0
58626000,0
58628000,0
58630000,0
58632001,0
58634000,0
58636000,0
58638000,0
58640001,0
58642000,0
58644001,0
58646000,0
58648000,0
58650000,0
58652000,0
58654001,0
58656000,0
58658000,0
58660001,0
58662000,0
58664001,0
58666000,0
58668001,0
58670000,0
58672000,0
58674000,0
58676000,0
58678001,0
58680000,0
58682001,0
58684000,0
58686000,0
58688000,0
58690001,0
58692000,0
58694000,0
58696000,0
58698000,0
58700000,0
58702000,0
58704000,0
58706000,0
58708000,0
58710001,0
58712000,0
58714000,0
58716000,0
58718000,0
58720001,0
58722000,0
58724001,0
58726000,0
58728000,0
58730000,0
58732000,0
58734000,0
58736000,0
58738000,0
58740001,0
58742000,0
58744000,0
58746000,0
58748000,0
58750000,0
58752001,0
58754000,0
58756000,0
58758000,0
58760000,0
58762000,0
58764000,0
58766000,0
58768000,0
58770000,0
58772000,0
58774000,0
58776000,0
58778000,0
58780000,0
58782000,0
58784000,0
58786001,0
58788000,0
58790001,0
58792000,0
58794001,0
58796000,0
58798000,0
58800000,0
58802000,0
58804000,0
58806000,0
58808000,0
58810000,0
58812000,0
58814000,0
58816000,0
58818000,0
58820000,0
58822000,0
58824000,0
58826000,0
58828000,0
58830000,0
58832000,0
58834000,0
58836000,0
58838000,0
58840000,0
58842000,0
58844000,0
58846000,0
58848001,0
58850000,0
58852001,0
58854000,0
58856000,0
58858000,0
58860000,0
58862000,0
58864000,0
58866000,0
58868000,0
58870000,0
58872001,0
58874000,0
58876001,0
58878000,0
58880000,0
58882001,0
58884000,0
58886001,0
58888000,0
58890000,0
58892000,0
58894001,0
58896000,0
58898000,0
58900000,0
58902000,0
58904000,0
58906001,0
58908000,0
58910001,0
58912000,0
58914000,0
58916000,0
58918000,0
58920000,0
58922000,0
58924001,0
58926000,0
58928001,0
58930000,0
58932000,0
58934000,0
58936000,0
58938000,0
58940001,0
58942000,0
58944001,0
58946000,0
58948000,0
58950000,0
58952000,0
58954000,0
58956000,0
58958000,0
58960001,0
58962000,0
58964000,0
58966000,0
58968001,0
58970000,0
58972001,0
58974000,0
58976001,0
58978000,0
58980001,0
58982000,0
58984000,0
58986000,0
58988000,0
58990000,0
58992001,0
58994000,0
58996000,0
58998000,0
59000000,0
59002001,0
59004000,0
59006000,0
59008000,0
59010000,0
59012000,0
59014000,0
59016000,0
59018000,0
59020000,0
59022000,0
59024000,0
59026000,0
59028000,0
59030000,0
59032000,0
59034001,0
59036000,0
59038000,0
59040001,0
59042000,0
59044001,0
59046000,0
59048000,0
59050000,0
59052001,0
59054000,0
59056000,0
59058000,0
59060000,0
59062000,0
59064000,0
59066000,0
59068000,0
59070001,0
59072000,0
59074000,0
59076001,0
59078000,0
59080000,0
59082000,0
59084000,0
59086000,0
59088000,0
59090000,0
59092000,0
59094000,0
59096000,0
59098000,0
59100000,0
59102000,0
59104000,0
59106000,0
59108001,0
59110000,0
59112000,0
59114000,0
59116000,0
59118000,0
59120000,0
59122000,0
59124000,0
59126000,0
59128001,0
59130000,0
59132001,0
59134000,0
59136001,0
59138000,0
59140000,0
59142000,0
59144000,0
59146001,0
59148000,0
59150000,0
59152000,0
59154001,0
59156000,0
59158001,0
59160000,0
59162001,0
59164000,0
59166000,0
59168000,0
59170000,0
59172000,0
59174000,0
59176000,0
59178000,0
59180000,0
59182000,0
59184000,0
59186001,0
59188000,0
59190000,0
59192000,0
59194000,0
59196000,0
59198000,0
59200000,0
59202000,0
59204000,0
59206000,0
59208000,0
59210000,0
59212000,0
59214000,0
59216001,0
59218000,0
59220000,0
59222000,0
59224001,0
59226000,0
59228000,0
59230000,0
59232000,0
59234000,0
59236000,0
59238001,0
59240000,0
59242000,0
59244000,0
59246001,0
59248000,0
59250000,0
59252000,0
59254000,0
59256000,0
59258000,0
59260000,0
59262001,0
59264000,0
59266000,0
59268000,0
59270000,0
59272000,0
59274000,0
59276000,0
59278000,0
59280000,0
59282000,0
59284000,0
59286000,0
59288000,0
59290000,0
59292000,0
59294000,0
59296000,0
59298001,0
59300000,0
59302001,0
59304000,0
59306000,0
59308000,0
59310001,0
59312000,0
59314000,0
59316000,0
59318000,0
59320000,0
59322000,0
59324001,0
59326000,0
59328001,0
59330000,0
59332000,0
59334000,0
59336000,0
59338000,0
59340000,0
59342000,0
59344000,0
59346000,0
59348000,0
59350001,0
59352000,0
59354001,0
59356000,0
59358000,0
59360000,0
59362000,0
59364000,0
59366000,0
59368001,0
59370000,0
59372000,0
59374000,0
59376000,0
59378000,0
59380000,0
59382000,0
59384000,0
59386000,0
59388000,0
59390000,0
59392001,0
59394000,0
59396001,0
59398000,0
59400001,0
59402000,0
59404001,0
59406000,0
59408000,0
59410000,0
59412001,0
59414000,0
59416001,0
59418000,0
59420000,0
59422000,0
59424000,0
59426000,0
59428000,0
59430000,0
59432000,0
59434001,0
59436000,0
59438001,0
59440000,0
59442000,0
59444000,0
59446000,0
59448001,0
59450000,0
59452000,0
59454000,0
59456000,0
59458001,0
59460000,0
59462001,0
59464000,0
59466000,0
59468000,0
59470000,0
59472001,0
59474000,0
59476000,0
59478000,0
59480000,0
59482000,0
59484000,0
59486001,0
59488000,0
59490001,0
59492000,0
59494001,0
59496000,0
59498001,0
59500000,0
59502001,0
59504000,0
59506001,0
59508000,0
59510000,0
59512000,0
59514001,0
59516000,0
59518001,0
59520000,0
59522001,0
59524000,0
59526000,0
59528000,0
59530000,0
59532000,0
59534001,0
59536000,0
59538001,0
59540000,0
59542000,0
59544001,0
59546000,0
59548000,0
59550000,0
59552000,0
59554000,0
59556001,0
59558000,0
59560001,0
59562000,0
59564000,0
59566000,0
59568000,0
59570000,0
59572000,0
59574000,0
59576000,0
59578000,0
59580001,0
59582000,0
59584001,0
59586000,0
59588000,0
59590000,0
59592000,0
59594000,0
59596001,0
59598000,0
59600000,0
59602000,0
59604001,0
59606000,0
59608000,0
59610000,0
59612000,0
59614000,0
59616000,0
59618000,0
59620000,0
59622000,0
59624001,0
59626000,0
59628001,0
59630000,0
59632000,0
59634000,0
59636000,0
59638000,0
59640000,0
59642000,0
59644001,0
59646000,0
59648000,0
59650000,0
59652000,0
59654000,0
59656001,0
59658000,0
59660000,0
59662000,0
59664000,0
59666000,0
59668001,0
59670000,0
59672000,0
59674000,0
59676000,0
59678000,0
59680000,0
59682000,0
59684000,0
59686000,0
59688000,0
59690000,0
59692000,0
59694000,0
59696000,0
59698001,0
59700000,0
59702000,0
59704000,0
59706000,0
59708001,0
59710000,0
59712000,0
59714000,0
59716000,0
59718001,0
59720000,0
59722000,0
59724000,0
59726000,0
59728000,0
59730000,0
59732000,0
59734000,0
59736000,0
59738000,0
59740000,0
59742001,0
59744000,0
59746001,0
59748000,0
59750000,0
59752000,0
59754000,0
59756000,0
59758001,0
59760000,0
59762001,0
59764000,0
59766000,0
59768000,0
59770000,0
59772000,0
59774000,0
59776000,0
59778000,0
59780000,0
59782000,0
59784000,0
59786000,0
59788001,0
59790000,0
59792000,0
59794000,0
59796000,0
59798000,0
59800000,0
59802000,0
59804000,0
59806000,0
59808000,0
59810001,0
59812000,0
59814001,0
59816000,0
59818001,0
59820000,0
59822001,0
59824000,0
59826001,0
59828000,0
59830000,0
59832000,0
59834000,0
59836000,0
59838000,0
59840000,0
59842000,0
59844001,0
59846000,0
59848001,0
59850000,0
59852000,0
59854001,0
59856000,0
59858000,0
59860000,0
59862000,0
59864000,0
59866000,0
59868000,0
59870001,0
59872000,0
59874001,0
59876000,0
59878000,0
59880000,0
59882000,0
59884000,0
59886000,0
59888000,0
59890001,0
59892000,0
59894000,0
59896000,0
59898000,0
59900000,0
59902000,0
59904000,0
59906000,0
59908000,0
59910000,0
59912001,0
59914000,0
59916000,0
59918000,0
59920000,0
59922000,0
59924000,0
59926000,0
59928000,0
59930000,0
59932000,0
59934000,0
59936000,0
59938000,0
59940001,0
59942000,0
59944000,0
59946001,0
59948000,0
59950000,0
59952000,0
59954001,0
59956000,0
59958000,0
59960000,0
59962001,0
59964000,0
59966000,0
59968000,0
59970001,0
59972000,0
59974000,0
59976000,0
59978001,0
59980000,0
59982000,0
59984001,0
59986000,0
59988001,0
59990000,0
59992001,0
59994000,0
59996000,0
59998000,0
60000001,0
60002000,0
60004000,0
60006000,0
60008000,0
60010000,0
60012000,0
60014000,0
60016000,0
60018000,0
60020000,0
60022000,0
60024000,0
60026001,0
60028000,0
60030000,0
60032000,0
60034000,0
60036000,0
60038001,0
60040000,0
60042001,0
60044000,0
60046001,0
60048000,0
60050000,0
60052000,0
60054000,0
60056000,0
60058001,0
60060000,0
60062001,0
60064000,0
60066001,0
60068000,0
60070000,0
60072000,0
60074000,0
60076000,0
60078000,0
60080000,0
60082000,0
60084001,0
60086000,0
60088000,0
60090000,0
60092000,0
60094000,0
60096000,0
60098000,0
60100000,0
60102001,0
60104000,0
60106001,0
60108000,0
60110001,0
60112000,0
60114000,0
60116000,0
60118000,0
60120000,0
60122000,0
60124001,0
60126000,0
60128000,0
60130000,0
60132001,0
60134000,0
60136000,0
60138000,0
60140000,0
60142000,0
60144000,0
60146000,0
60148000,0
60150000,0
60152000,0
60154000,0
60156001,0
60158000,0
60160001,0
60162000,0
60164000,0
60166000,0
60168000,0
60170000,0
60172000,0
60174000,0
60176000,0
60178001,0
60180000,0
60182000,0
60184000,0
60186000,0
60188000,0
60190000,0
60192000,0
60194000,0
60196000,0
60198000,0
60200000,0
60202001,0
60204000,0
60206000,0
60208000,0
60210000,0
60212000,0
60214000,0
60216000,0
60218000,0
60220000,0
60222000,0
60224000,0
60226001,0
60228000,0
60230000,0
60232000,0
60234000,0
60236000,0
60238001,0
60240000,0
60242000,0
60244000,0
60246000,0
60248000,0
60250000,0
60252000,0
60254000,0
60256000,0
60258000,0
60260000,0
60262000,0
60264000,0
60266000,0
60268001,0
60270000,0
60272000,0
60274001,0
60276000,0
60278000,0
60280000,0
60282000,0
60284000,0
60286000,0
60288000,0
60290000,0
60292000,0
60294000,0
60296000,0
60298001,0
60300000,0
60302000,0
60304000,0
60306000,0
60308000,0
60310001,0
60312000,0
60314000,0
60316000,0
60318000,0
60320000,0
60322000,0
60324001,0
60326000,0
60328000,0
60330000,0
60332000,0
60334001,0
60336000,0
60338001,0
60340000,0
60342000,0
60344000,0
60346000,0
60348000,0
60350001,0
60352000,0
60354001,0
60356000,0
60358001,0
60360000,0
60362000,0
60364000,0
60366001,0
60368000,0
60370000,0
60372000,0
60374000,0
60376000,0
60378000,0
60380000,0
60382000,0
60384000,0
60386001,0
60388000,0
60390001,0
60392000,0
60394000,0
60396000,0
60398000,0
60400000,0
60402000,0
60404000,0
60406000,0
60408000,0
60410000,0
60412000,0
60414000,0
60416001,0
60418000,0
60420000,0
60422000,0
60424000,0
60426000,0
60428000,0
60430001,0
60432000,0
60434001,0
60436000,0
60438000,0
60440000,0
60442000,0
60444001,0
60446000,0
60448000,0
60450000,0
60452000,0
60454000,0
60456001,0
60458000,0
60460001,0
60462000,0
60464001,0
60466000,0
60468001,0
60470000,0
60472001,0
60474000,0
60476000,0
60478000,0
60480000,0
60482000,0
60484000,0
60486001,0
60488000,0
60490000,0
60492000,0
60494000,0
60496000,0
60498000,0
60500001,0
60502000,0
60504001,0
60506000,0
60508001,0
60510000,0
60512000,0
60514001,0
60516000,0
60518000,0
60520001,0
60522000,0
60524000,0
60526000,0
60528000,0
60530000,0
60532001,0
60534000,0
60536000,0
60538000,0
60540001,0
60542000,0
60544000,0
60546000,0
60548000,0
60550001,0
60552000,0
60554000,0
60556000,0
60558000,0
60560000,0
60562000,0
60564000,0
60566000,0
60568000,0
60570000,0
60572001,0
60574000,0
60576000,0
60578000,0
60580000,0
60582000,0
60584001,0
60586000,0
60588000,0
60590000,0
60592000,0
60594000,0
60596000,0
60598000,0
60600000,0
60602001,0
60604000,0
60606000,0
60608000,0
60610000,0
60612000,0
60614000,0
60616000,0
60618000,0
60620000,0
60622000,0
60624000,0
60626001,0
60628000,0
60630000,0
60632000,0
60634000,0
60636000,0
60638000,0
60640000,0
60642001,0
60644000,0
60646000,0
60648000,0
60650001,0
60652000,0
60654000,0
60656000,0
60658001,0
60660000,0
60662000,0
60664000,0
60666001,0
60668000,0
60670000,0
60672000,0
60674001,0
60676000,0
60678000,0
60680001,0
60682000,0
60684000,0
60686000,0
60688000,0
60690000,0
60692000,0
60694000,0
60696001,0
60698000,0
60700000,0
60702000,0
60704000,0
60706000,0
60708000,0
60710000,0
60712000,0
60714000,0
60716000,0
60718001,0
60720000,0
60722001,0
60724000,0
60726001,0
60728000,0
60730000,0
60732000,0
60734001,0
60736000,0
60738000,0
60740000,0
60742000,0
60744000,0
60746000,0
60748000,0
60750001,0
60752000,0
60754000,0
60756000,0
60758000,0
60760000,0
60762000,0
60764000,0
60766000,0
60768000,0
60770000,0
60772000,0
60774000,0
60776001,0
60778000,0
60780001,0
60782000,0
60784000,0
60786000,0
60788000,0
60790000,0
60792000,0
60794001,0
60796000,0
60798001,0
60800000,0
60802000,0
60804000,0
60806000,0
60808000,0
60810000,0
60812000,0
60814001,0
60816000,0
60818000,0
60820000,0
60822000,0
60824000,0
60826000,0
60828000,0
60830000,0
60832000,0
60834000,0
60836001,0
60838000,0
60840000,0
60842000,0
60844000,0
60846000,0
60848000,0
60850000,0
60852001,0
60854000,0
60856001,0
60858000,0
60860001,0
60862000,0
60864000,0
60866000,0
60868000,0
60870000,0
60872001,0
60874000,0
60876001,0
60878000,0
60880000,0
60882000,0
60884001,0
60886000,0
60888001,0
60890000,0
60892000,0
60894000,0
60896000,0
60898000,0
60900000,0
60902000,0
60904000,0
60906001,0
60908000,0
60910000,0
60912000,0
60914000,0
60916000,0
60918000,0
60920000,0
60922001,0
60924000,0
60926001,0
60928000,0
60930000,0
60932000,0
60934000,0
60936000,0
60938000,0
60940000,0
60942001,0
60944000,0
60946000,0
60948000,0
60950000,0
60952000,0
60954000,0
60956001,0
60958000,0
60960001,0
60962000,0
60964000,0
60966000,0
60968000,0
60970000,0
60972001,0
60974000,0
60976000,0
60978000,0
60980001,0
60982000,0
60984001,0
60986000,0
60988000,0
60990000,0
60992000,0
60994001,0
60996000,0
60998000,0
61000000,0
61002000,0
61004000,0
61006001,0
61008000,0
61010000,0
61012000,0
61014001,0
61016000,0
61018000,0
61020000,0
61022000,0
61024000,0
61026000,0
61028000,0
61030001,0
61032000,0
61034001,0
61036000,0
61038000,0
61040000,0
61042000,0
61044001,0
61046000,0
61048000,0
61050000,0
61052000,0
61054000,0
61056000,0
61058000,0
61060000,0
61062000,0
61064000,0
61066000,0
61068000,0
61070000,0
61072000,0
61074001,0
61076000,0
61078000,0
61080000,0
61082000,0
61084000,0
61086000,0
61088000,0
61090000,0
61092000,0
61094001,0
61096000,0
61098001,0
61100000,0
61102000,0
61104001,0
61106000,0
61108000,0
61110000,0
61112000,0
61114000,0
61116000,0
61118000,0
61120000,0
61122000,0
61124000,0
61126001,0
61128000,0
61130001,0
61132000,0
61134000,0
61136000,0
61138000,0
61140000,0
61142001,0
61144000,0
61146000,0
61148000,0
61150001,0
61152000,0
61154000,0
61156000,0
61158001,0
61160000,0
61162000,0
61164000,0
61166000,0
61168000,0
61170001,0
61172000,0
61174001,0
61176000,0
61178000,0
61180000,0
61182000,0
61184000,0
61186000,0
61188000,0
61190000,0
61192000,0
61194001,0
61196000,0
61198000,0
61200000,0
61202000,0
61204000,0
61206000,0
61208000,0
61210001,0
61212000,0
61214000,0
61216000,0
61218000,0
61220000,0
61222000,0
61224000,0
61226000,0
61228000,0
61230000,0
61232000,0
61234000,0
61236000,0
61238001,0
61240000,0
61242001,0
61244000,0
61246000,0
61248000,0
61250000,0
61252001,0
61254000,0
61256001,0
61258000,0
61260001,0
61262000,0
61264000,0
61266000,0
61268000,0
61270000,0
61272001,0
61274000,0
61276000,0
61278000,0
61280000,0
61282000,0
61284000,0
61286000,0
61288001,0
61290000,0
61292000,0
61294000,0
61296001,0
61298000,0
61300000,0
61302000,0
61304000,0
61306000,0
61308000,0
61310000,0
61312000,0
61314001,0
61316000,0
61318000,0
61320000,0
61322001,0
61324000,0
61326000,0
61328000,0
61330000,0
61332000,0
61334000,0
61336000,0
61338000,0
61340000,0
61342001,0
61344000,0
61346000,0
61348000,0
61350000,0
61352000,0
61354000,0
61356000,0
61358001,0
61360000,0
61362001,0
61364000,0
61366000,0
61368001,0
61370000,0
61372001,0
61374000,0
61376000,0
61378000,0
61380001,0
61382000,0
61384000,0
61386000,0
61388000,0
61390000,0
61392001,0
61394000,0
61396000,0
61398000,0
61400000,0
61402000,0
61404000,0
61406000,0
61408000,0
61410000,0
61412000,0
61414000,0
61416000,0
61418000,0
61420000,0
61422000,0
61424000,0
61426000,0
61428000,0
61430000,0
61432000,0
61434000,0
61436000,0
61438000,0
61440000,0
61442000,0
61444001,0
61446000,0
61448001,0
61450000,0
61452000,0
61454000,0
61456001,0
61458000,0
61460001,0
61462000,0
61464000,0
61466000,0
61468000,0
61470000,0
61472000,0
61474000,0
61476000,0
61478000,0
61480000,0
61482001,0
61484000,0
61486001,0
61488000,0
61490001,0
61492000,0
61494001,0
61496000,0
61498000,0
61500000,0
61502000,0
61504001,0
61506000,0
61508001,0
61510000,0
61512000,0
61514000,0
61516001,0
61518000,0
61520001,0
61522000,0
61524000,0
61526000,0
61528001,0
61530000,0
61532001,0
61534000,0
61536000,0
61538000,0
61540000,0
61542000,0
61544000,0
61546000,0
61548001,0
61550000,0
61552001,0
61554000,0
61556000,0
61558000,0
61560001,0
61562000,0
61564000,0
61566000,0
61568000,0
61570000,0
61572000,0
61574000,0
61576000,0
61578000,0
61580000,0
61582000,0
61584000,0
61586001,0
61588000,0
61590001,0
61592000,0
61594001,0
61596000,0
61598000,0
61600000,0
61602000,0
61604000,0
61606001,0
61608000,0
61610000,0
61612000,0
61614000,0
61616000,0
61618000,0
61620000,0
61622001,0
61624000,0
61626000,0
61628000,0
61630001,0
61632000,0
61634000,0
61636001,0
61638000,0
61640000,0
61642000,0
61644001,0
61646000,0
61648001,0
61650000,0
61652000,0
61654000,0
61656000,0
61658000,0
61660001,0
61662000,0
61664001,0
61666000,0
61668001,0
61670000,0
61672000,0
61674000,0
61676000,0
61678000,0
61680000,0
61682001,0
61684000,0
61686001,0
61688000,0
61690000,0
61692000,0
61694000,0
61696000,0
61698000,0
61700000,0
61702000,0
61704000,0
61706000,0
61708000,0
61710000,0
61712000,0
61714000,0
61716000,0
61718001,0
61720000,0
61722001,0
61724000,0
61726000,0
61728000,0
61730000,0
61732000,0
61734001,0
61736000,0
61738001,0
61740000,0
61742000,0
61744000,0
61746000,0
61748000,0
61750000,0
61752000,0
61754000,0
61756001,0
61758000,0
61760000,0
61762000,0
61764000,0
61766000,0
61768001,0
61770000,0
61772000,0
61774000,0
61776001,0
61778000,0
61780001,0
61782000,0
61784001,0
61786000,0
61788001,0
61790000,0
61792000,0
61794000,0
61796001,0
61798000,0
61800001,0
61802000,0
61804000,0
61806000,0
61808000,0
61810001,0
61812000,0
61814000,0
61816001,0
61818000,0
61820000,0
61822000,0
61824001,0
61826000,0
61828001,0
61830000,0
61832000,0
61834000,0
61836000,0
61838000,0
61840000,0
61842000,0
61844000,0
61846000,0
61848000,0
61850001,0
61852000,0
61854000,0
61856000,0
61858001,0
61860000,0
61862001,0
61864000,0
61866000,0
61868000,0
61870001,0
61872000,0
61874000,0
61876000,0
61878001,0
61880000,0
61882000,0
61884000,0
61886000,0
61888000,0
61890000,0
61892000,0
61894001,0
61896000,0
61898001,0
61900000,0
61902000,0
61904000,0
61906000,0
61908000,0
61910000,0
61912000,0
61914000,0
61916000,0
61918000,0
61920001,0
61922000,0
61924000,0
61926000,0
61928000,0
61930000,0
61932000,0
61934001,0
61936000,0
61938000,0
61940000,0
61942000,0
61944000,0
61946000,0
61948001,0
61950000,0
61952000,0
61954000,0
61956001,0
61958000,0
61960000,0
61962000,0
61964001,0
61966000,0
61968001,0
61970000,0
61972000,0
61974000,0
61976000,0
61978000,0
61980000,0
61982000,0
61984000,0
61986000,0
61988000,0
61990000,0
61992000,0
61994000,0
61996000,0
61998000,0
62000000,0
62002000,0
62004001,0
62006000,0
62008000,0
62010000,0
62012000,0
62014000,0
62016000,0
62018001,0
62020000,0
62022001,0
62024000,0
62026001,0
62028000,0
62030000,0
62032000,0
62034001,0
62036000,0
62038000,0
62040000,0
62042000,0
62044000,0
62046001,0
62048000,0
62050000,0
62052001,0
62054000,0
62056001,0
62058000,0
62060001,0
62062000,0
62064000,0
62066000,0
62068000,0
62070000,0
62072000,0
62074001,0
62076000,0
62078000,0
62080000,0
62082000,0
62084000,0
62086000,0
62088000,0
62090001,0
62092000,0
62094000,0
62096000,0
62098000,0
62100000,0
62102000,0
62104001,0
62106000,0
62108000,0
62110000,0
62112000,0
62114000,0
62116000,0
62118000,0
62120001,0
62122000,0
62124000,0
62126000,0
62128001,0
62130000,0
62132000,0
62134000,0
62136000,0
62138000,0
62140001,0
62142000,0
62144000,0
62146000,0
62148001,0
62150000,0
62152000,0
62154001,0
62156000,0
62158001,0
62160000,0
62162000,0
62164000,0
62166000,0
62168000,0
62170001,0
62172000,0
62174000,0
62176000,0
62178000,0
62180000,0
62182000,0
62184000,0
62186000,0
62188000,0
62190000,0
62192000,0
62194000,0
62196001,0
62198000,0
62200001,0
62202000,0
62204000,0
62206000,0
62208000,0
62210000,0
62212000,0
62214000,0
62216001,0
62218000,0
62220000,0
62222000,0
62224001,0
62226000,0
62228001,0
62230000,0
62232000,0
62234000,0
62236001,0
62238000,0
62240000,0
62242000,0
62244001,0
62246000,0
62248000,0
62250000,0
62252000,0
62254000,0
62256000,0
62258000,0
62260001,0
62262000,0
62264000,0
62266000,0
62268000,0
62270000,0
62272001,0
62274000,0
62276000,0
62278000,0
62280000,0
62282000,0
62284000,0
62286000,0
62288001,0
62290000,0
62292000,0
62294000,0
62296001,0
62298000,0
62300001,0
62302000,0
62304001,0
62306000,0
62308000,0
62310001,0
62312000,0
62314000,0
62316000,0
62318000,0
62320000,0
62322000,0
62324000,0
62326001,0
62328000,0
62330000,0
62332000,0
62334000,0
62336001,0
62338000,0
62340001,0
62342000,0
62344000,0
62346000,0
62348000,0
62350001,0
62352000,0
62354001,0
62356000,0
62358000,0
62360000,0
62362000,0
62364000,0
62366000,0
62368001,0
62370000,0
62372000,0
62374000,0
62376000,0
62378000,0
62380000,0
62382000,0
62384000,0
62386000,0
62388000,0
62390000,0
62392000,0
62394000,0
62396000,0
62398000,0
62400000,0
62402000,0
62404000,0
62406000,0
62408000,0
62410001,0
62412000,0
62414000,0
62416000,0
62418000,0
62420000,0
62422001,0
62424000,0
62426000,0
62428001,0
62430000,0
62432000,0
62434000,0
62436000,0
62438000,0
62440000,0
62442000,0
62444000,0
62446000,0
62448000,0
62450000,0
62452000,0
62454000,0
62456000,0
62458000,0
62460000,0
62462001,0
62464000,0
62466000,0
62468000,0
62470000,0
62472000,0
62474000,0
62476001,0
62478000,0
62480000,0
62482000,0
62484000,0
62486000,0
62488000,0
62490000,0
62492000,0
62494000,0
62496000,0
62498000,0
62500000,0
62502000,0
62504000,0
62506000,0
62508000,0
62510000,0
62512001,0
62514000,0
62516001,0
62518000,0
62520001,0
62522000,0
62524000,0
62526000,0
62528001,0
62530000,0
62532000,0
62534000,0
62536000,0
62538000,0
62540001,0
62542000,0
62544001,0
62546000,0
62548001,0
62550000,0
62552000,0
62554000,0
62556000,0
62558000,0
62560000,0
62562000,0
62564000,0
62566000,0
62568000,0
62570000,0
62572001,0
62574000,0
62576000,0
62578000,0
62580000,0
62582000,0
62584001,0
62586000,0
62588000,0
62590000,0
62592000,0
62594000,0
62596000,0
62598000,0
62600000,0
62602000,0
62604000,0
62606000,0
62608000,0
62610000,0
62612000,0
62614000,0
62616000,0
62618000,0
62620000,0
62622001,0
62624000,0
62626000,0
62628000,0
62630001,0
62632000,0
62634000,0
62636000,0
62638000,0
62640000,0
62642000,0
62644000,0
62646000,0
62648001,0
62650000,0
62652000,0
62654000,0
62656000,0
62658000,0
62660000,0
62662000,0
62664000,0
62666000,0
62668000,0
62670000,0
62672000,0
62674000,0
62676001,0
62678000,0
62680000,0
62682000,0
62684000,0
62686000,0
62688000,0
62690000,0
62692000,0
62694000,0
62696001,0
62698000,0
62700000,0
62702000,0
62704000,0
62706000,0
62708000,0
62710000,0
62712000,0
62714000,0
62716001,0
62718000,0
62720000,0
62722000,0
62724000,0
62726000,0
62728000,0
62730000,0
62732000,0
62734000,0
62736000,0
62738000,0
62740000,0
62742000,0
62744000,0
62746000,0
62748000,0
62750000,0
62752000,0
62754001,0
62756000,0
62758000,0
62760000,0
62762000,0
62764001,0
62766000,0
62768000,0
62770000,0
62772000,0
62774000,0
62776000,0
62778000,0
62780000,0
62782000,0
62784000,0
62786000,0
62788000,0
62790000,0
62792000,0
62794000,0
62796000,0
62798000,0
62800001,0
62802000,0
62804000,0
62806000,0
62808000,0
62810000,0
62812000,0
62814000,0
62816000,0
62818000,0
62820001,0
62822000,0
62824000,0
62826000,0
62828000,0
62830000,0
62832000,0
62834000,0
62836000,0
62838000,0
62840000,0
62842000,0
62844000,0
62846001,0
62848000,0
62850001,0
62852000,0
62854000,0
62856001,0
62858000,0
62860000,0
62862000,0
62864001,0
62866000,0
62868000,0
62870001,0
62872000,0
62874000,0
62876000,0
62878000,0
62880001,0
62882000,0
62884000,0
62886000,0
62888000,0
62890000,0
62892000,0
62894000,0
62896000,0
62898001,0
62900000,0
62902001,0
62904000,0
62906001,0
62908000,0
62910000,0
62912000,0
62914000,0
62916000,0
62918000,0
62920000,0
62922000,0
62924000,0
62926000,0
62928000,0
62930000,0
62932000,0
62934000,0
62936000,0
62938000,0
62940000,0
62942000,0
62944000,0
62946000,0
62948000,0
62950000,0
62952000,0
62954001,0
62956000,0
62958000,0
62960000,0
62962000,0
62964000,0
62966000,0
62968000,0
62970000,0
62972000,0
62974000,0
62976000,0
62978000,0
62980000,0
62982000,0
62984000,0
62986000,0
62988001,0
62990000,0
62992001,0
62994000,0
62996000,0
62998000,0
63000001,0
63002000,0
63004000,0
63006000,0
63008000,0
63010000,0
63012001,0
63014000,0
63016000,0
63018000,0
63020000,0
63022000,0
63024000,0
63026000,0
63028000,0
63030000,0
63032001,0
63034000,0
63036000,0
63038000,0
63040001,0
63042000,0
63044001,0
63046000,0
63048000,0
63050000,0
63052000,0
63054000,0
63056001,0
63058000,0
63060001,0
63062000,0
63064000,0
63066001,0
63068000,0
63070001,0
63072000,0
63074000,0
63076000,0
63078000,0
63080000,0
63082000,0
63084000,0
63086001,0
63088000,0
63090000,0
63092000,0
63094001,0
63096000,0
63098000,0
63100000,0
63102001,0
63104000,0
63106000,0
63108000,0
63110001,0
63112000,0
63114000,0
63116000,0
63118001,0
63120000,0
63122000,0
63124000,0
63126000,0
63128000,0
63130000,0
63132000,0
63134001,0
63136000,0
63138000,0
63140000,0
63142000,0
63144000,0
63146000,0
63148000,0
63150000,0
63152000,0
63154000,0
63156000,0
63158000,0
63160001,0
63162000,0
63164000,0
63166000,0
63168001,0
63170000,0
63172001,0
63174000,0
63176001,0
63178000,0
63180000,0
63182000,0
63184001,0
63186000,0
63188001,0
63190000,0
63192000,0
63194000,0
63196000,0
63198001,0
63200000,0
63202000,0
63204000,0
63206001,0
63208000,0
63210000,0
63212000,0
63214001,0
63216000,0
63218000,0
63220000,0
63222000,0
63224000,0
63226000,0
63228000,0
63230000,0
63232001,0
63234000,0
63236000,0
63238000,0
63240001,0
63242000,0
63244000,0
63246000,0
63248000,0
63250000,0
63252001,0
63254000,0
63256000,0
63258000,0
63260000,0
63262001,0
63264000,0
63266001,0
63268000,0
63270000,0
63272000,0
63274001,0
63276000,0
63278000,0
63280000,0
63282000,0
63284000,0
63286000,0
63288000,0
63290001,0
63292000,0
63294001,0
63296000,0
63298000,0
63300000,0
63302001,0
63304000,0
63306000,0
63308000,0
63310000,0
63312000,0
63314000,0
63316000,0
63318000,0
63320000,0
63322001,0
63324000,0
63326000,0
63328000,0
63330000,0
63332000,0
63334001,0
63336000,0
63338001,0
63340000,0
63342001,0
63344000,0
63346000,0
63348000,0
63350000,0
63352000,0
63354000,0
63356001,0
63358000,0
63360000,0
63362000,0
63364001,0
63366000,0
63368000,0
63370000,0
63372000,0
63374000,0
63376000,0
63378001,0
63380000,0
63382000,0
63384000,0
63386000,0
63388000,0
63390001,0
63392000,0
63394000,0
63396000,0
63398001,0
63400000,0
63402000,0
63404000,0
63406001,0
63408000,0
63410000,0
63412001,0
63414000,0
63416000,0
63418000,0
63420000,0
63422000,0
63424000,0
63426000,0
63428000,0
63430001,0
63432000,0
63434000,0
63436000,0
63438000,0
63440000,0
63442000,0
63444001,0
63446000,0
63448001,0
63450000,0
63452001,0
63454000,0
63456000,0
63458000,0
63460001,0
63462000,0
63464001,0
63466000,0
63468001,0
63470000,0
63472001,0
63474000,0
63476000,0
63478001,0
63480000,0
63482001,0
63484000,0
63486000,0
63488000,0
63490000,0
63492000,0
63494000,0
63496000,0
63498000,0
63500000,0
63502000,0
63504001,0
63506000,0
63508000,0
63510000,0
63512001,0
63514000,0
63516001,0
63518000,0
63520000,0
63522000,0
63524001,0
63526000,0
63528000,0
63530000,0
63532000,0
63534000,0
63536000,0
63538000,0
63540000,0
63542000,0
63544001,0
63546000,0
63548000,0
63550000,0
63552001,0
63554000,0
63556000,0
63558000,0
63560001,0
63562000,0
63564000,0
63566000,0
63568001,0
63570000,0
63572001,0
63574000,0
63576001,0
63578000,0
63580000,0
63582000,0
63584000,0
63586000,0
63588000,0
63590000,0
63592000,0
63594000,0
63596000,0
63598000,0
63600000,0
63602000,0
63604001,0
63606000,0
63608001,0
63610000,0
63612001,0
63614000,0
63616000,0
63618000,0
63620000,0
63622000,0
63624000,0
63626000,0
63628001,0
63630000,0
63632001,0
63634000,0
63636000,0
63638000,0
63640000,0
63642000,0
63644000,0
63646000,0
63648000,0
63650000,0
63652000,0
63654001,0
63656000,0
63658000,0
63660000,0
63662000,0
63664000,0
63666001,0
63668000,0
63670000,0
63672000,0
63674001,0
63676000,0
63678000,0
63680000,0
63682000,0
63684000,0
63686000,0
63688000,0
63690000,0
63692000,0
63694000,0
63696001,0
63698000,0
63700001,0
63702000,0
63704000,0
63706000,0
63708000,0
63710000,0
63712000,0
63714001,0
63716000,0
63718000,0
63720000,0
63722001,0
63724000,0
63726001,0
63728000,0
63730000,0
63732000,0
63734000,0
63736000,0
63738001,0
63740000,0
63742000,0
63744000,0
63746001,0
63748000,0
63750000,0
63752000,0
63754001,0
63756000,0
63758000,0
63760000,0
63762001,0
63764000,0
63766000,0
63768000,0
63770000,0
63772001,0
63774000,0
63776001,0
63778000,0
63780001,0
63782000,0
63784001,0
63786000,0
63788001,0
63790000,0
63792000,0
63794000,0
63796000,0
63798000,0
63800000,0
63802000,0
63804000,0
63806000,0
63808000,0
63810000,0
63812000,0
63814000,0
63816001,0
63818000,0
63820000,0
63822000,0
63824000,0
63826001,0
63828000,0
63830000,0
63832000,0
63834000,0
63836000,0
63838000,0
63840000,0
63842000,0
63844000,0
63846001,0
63848000,0
63850000,0
63852000,0
63854000,0
63856000,0
63858000,0
63860000,0
63862000,0
63864001,0
63866000,0
63868000,0
63870000,0
63872000,0
63874000,0
63876001,0
63878000,0
63880001,0
63882000,0
63884000,0
63886000,0
63888000,0
63890001,0
63892000,0
63894000,0
63896000,0
63898000,0
63900000,0
63902001,0
63904000,0
63906000,0
63908000,0
63910000,0
63912001,0
63914000,0
63916001,0
63918000,0
63920001,0
63922000,0
63924000,0
63926000,0
63928000,0
63930000,0
63932000,0
63934000,0
63936000,0
63938000,0
63940000,0
63942000,0
63944001,0
63946000,0
63948001,0
63950000,0
63952000,0
63954000,0
63956001,0
63958000,0
63960000,0
63962001,0
63964000,0
63966000,0
63968000,0
63970001,0
63972000,0
63974001,0
63976000,0
63978000,0
63980000,0
63982001,0
63984000,0
63986000,0
63988000,0
63990000,0
63992000,0
63994001,0
63996000,0
63998000,0
64000000,0
64002001,0
64004000,0
64006000,0
64008000,0
64010001,0
64012000,0
64014000,0
64016000,0
64018000,0
64020000,0
64022000,0
64024000,0
64026000,0
64028000,0
64030000,0
64032000,0
64034000,0
64036001,0
64038000,0
64040001,0
64042000,0
64044000,0
64046000,0
64048001,0
64050000,0
64052000,0
64054000,0
64056000,0
64058000,0
64060000,0
64062000,0
64064000,0
64066000,0
64068000,0
64070000,0
64072000,0
64074000,0
64076000,0
64078000,0
64080000,0
64082000,0
64084000,0
64086001,0
64088000,0
64090001,0
64092000,0
64094001,0
64096000,0
64098000,0
64100000,0
64102001,0
64104000,0
64106000,0
64108000,0
64110001,0
64112000,0
64114000,0
64116001,0
64118000,0
64120000,0
64122000,0
64124001,0
64126000,0
64128000,0
64130000,0
64132000,0
64134000,0
64136000,0
64138000,0
64140001,0
64142000,0
64144000,0
64146000,0
64148000,0
64150000,0
64152000,0
64154000,0
64156001,0
64158000,0
64160001,0
64162000,0
64164000,0
64166000,0
64168000,0
64170000,0
64172000,0
64174000,0
64176001,0
64178000,0
64180001,0
64182000,0
64184000,0
64186000,0
64188001,0
64190000,0
64192000,0
64194000,0
64196000,0
64198000,0
64200000,0
64202000,0
64204000,0
64206000,0
64208000,0
64210000,0
64212000,0
64214000,0
64216000,0
64218000,0
64220000,0
64222000,0
64224000,0
64226000,0
64228000,0
64230000,0
64232000,0
64234001,0
64236000,0
64238000,0
64240000,0
64242001,0
64244000,0
64246000,0
64248000,0
64250000,0
64252000,0
64254000,0
64256000,0
64258001,0
64260000,0
64262001,0
64264000,0
64266001,0
64268000,0
64270001,0
64272000,0
64274001,0
64276000,0
64278000,0
64280000,0
64282000,0
64284000,0
64286000,0
64288000,0
64290000,0
64292001,0
64294000,0
64296001,0
64298000,0
64300001,0
64302000,0
64304001,0
64306000,0
64308000,0
64310000,0
64312000,0
64314001,0
64316000,0
64318000,0
64320001,0
64322000,0
64324001,0
64326000,0
64328000,0
64330000,0
64332000,0
64334000,0
64336000,0
64338000,0
64340000,0
64342000,0
64344000,0
64346000,0
64348000,0
64350001,0
64352000,0
64354001,0
64356000,0
64358000,0
64360000,0
64362000,0
64364000,0
64366000,0
64368001,0
64370000,0
64372000,0
64374001,0
64376000,0
64378000,0
64380000,0
64382000,0
64384001,0
64386000,0
64388001,0
64390000,0
64392001,0
64394000,0
64396000,0
64398000,0
64400001,0
64402000,0
64404001,0
64406000,0
64408000,0
64410000,0
64412000,0
64414001,0
64416000,0
64418000,0
64420000,0
64422000,0
64424000,0
64426000,0
64428000,0
64430001,0
64432000,0
64434000,0
64436000,0
64438000,0
64440000,0
64442000,0
64444000,0
64446001,0
64448000,0
64450000,0
64452000,0
64454000,0
64456000,0
64458000,0
64460000,0
64462001,0
64464000,0
64466000,0
64468000,0
64470000,0
64472001,0
64474000,0
64476000,0
64478000,0
64480001,0
64482000,0
64484000,0
64486000,0
64488000,0
64490000,0
64492000,0
64494001,0
64496000,0
64498000,0
64500000,0
64502000,0
64504000,0
64506000,0
64508000,0
64510001,0
64512000,0
64514000,0
64516000,0
64518000,0
64520000,0
64522000,0
64524000,0
64526000,0
64528000,0
64530000,0
64532000,0
64534001,0
64536000,0
64538001,0
64540000,0
64542000,0
64544000,0
64546001,0
64548000,0
64550001,0
64552000,0
64554000,0
64556000,0
64558001,0
64560000,0
64562000,0
64564000,0
64566000,0
64568000,0
64570000,0
64572000,0
64574001,0
64576000,0
64578001,0
64580000,0
64582000,0
64584000,0
64586000,0
64588000,0
64590000,0
64592001,0
64594000,0
64596000,0
64598000,0
64600000,0
64602000,0
64604000,0
64606000,0
64608000,0
64610001,0
64612000,0
64614001,0
64616000,0
64618000,0
64620000,0
64622000,0
64624000,0
64626000,0
64628000,0
64630001,0
64632000,0
64634000,0
64636000,0
64638000,0
64640000,0
64642000,0
64644000,0
64646000,0
64648000,0
64650001,0
64652000,0
64654000,0
64656001,0
64658000,0
64660001,0
64662000,0
64664000,0
64666000,0
64668001,0
64670000,0
64672000,0
64674000,0
64676000,0
64678000,0
64680000,0
64682000,0
64684000,0
64686000,0
64688000,0
64690000,0
64692000,0
64694000,0
64696000,0
64698000,0
64700001,0
64702000,0
64704001,0
64706000,0
64708000,0
64710000,0
64712000,0
64714000,0
64716000,0
64718000,0
64720001,0
64722000,0
64724000,0
64726001,0
64728000,0
64730000,0
64732000,0
64734000,0
64736000,0
64738000,0
64740001,0
64742000,0
64744001,0
64746000,0
64748001,0
64750000,0
64752000,0
64754000,0
64756001,0
64758000,0
64760001,0
64762000,0
64764000,0
64766000,0
64768000,0
64770000,0
64772001,0
64774000,0
64776001,0
64778000,0
64780001,0
64782000,0
64784000,0
64786000,0
64788000,0
64790000,0
64792000,0
64794001,0
64796000,0
64798000,0
64800000,0
64802000,0
64804000,0
64806000,0
64808000,0
64810000,0
64812000,0
64814000,0
64816001,0
64818000,0
64820000,0
64822000,0
64824001,0
64826000,0
64828000,0
64830000,0
64832000,0
64834000,0
64836000,0
64838000,0
64840000,0
64842000,0
64844000,0
64846000,0
64848001,0
64850000,0
64852000,0
64854000,0
64856000,0
64858000,0
64860000,0
64862000,0
64864000,0
64866001,0
64868000,0
64870000,0
64872000,0
64874000,0
64876000,0
64878001,0
64880000,0
64882000,0
64884000,0
64886000,0
64888001,0
64890000,0
64892000,0
64894000,0
64896001,0
64898000,0
64900000,0
64902000,0
64904000,0
64906000,0
64908000,0
64910001,0
64912000,0
64914000,0
64916000,0
64918000,0
64920000,0
64922001,0
64924000,0
64926001,0
64928000,0
64930001,0
64932000,0
64934000,0
64936000,0
64938001,0
64940000,0
64942000,0
64944000,0
64946000,0
64948001,0
64950000,0
64952000,0
64954000,0
64956000,0
64958000,0
64960000,0
64962000,0
64964001,0
64966000,0
64968000,0
64970000,0
64972001,0
64974000,0
64976001,0
64978000,0
64980000,0
64982000,0
64984000,0
64986000,0
64988000,0
64990000,0
64992000,0
64994000,0
64996001,0
64998000,0
65000001,0
65002000,0
65004001,0
65006000,0
65008000,0
65010000,0
65012000,0
65014000,0
65016000,0
65018001,0
65020000,0
65022000,0
65024001,0
65026000,0
65028001,0
65030000,0
65032000,0
65034000,0
65036000,0
65038000,0
65040000,0
65042000,0
65044000,0
65046001,0
65048000,0
65050000,0
65052000,0
65054000,0
65056000,0
65058000,0
65060000,0
65062000,0
65064000,0
65066000,0
65068000,0
65070000,0
65072000,0
65074000,0
65076000,0
65078000,0
65080000,0
65082000,0
65084001,0
65086000,0
65088001,0
65090000,0
65092000,0
65094000,0
65096000,0
65098000,0
65100000,0
65102000,0
65104000,0
65106001,0
65108000,0
65110001,0
65112000,0
65114000,0
65116000,0
65118000,0
65120001,0
65122000,0
65124001,0
65126000,0
65128000,0
65130000,0
65132000,0
65134000,0
65136000,0
65138000,0
65140000,0
65142001,0
65144000,0
65146000,0
65148001,0
65150000,0
65152000,0
65154000,0
65156000,0
65158000,0
65160000,0
65162000,0
65164000,0
65166000,0
65168000,0
65170000,0
65172000,0
65174001,0
65176000,0
65178000,0
65180000,0
65182000,0
65184000,0
65186000,0
65188000,0
65190000,0
65192000,0
65194000,0
65196000,0
65198001,0
65200000,0
65202000,0
65204000,0
65206000,0
65208000,0
65210000,0
65212000,0
65214000,0
65216001,0
65218000,0
65220000,0
65222001,0
65224000,0
65226000,0
65228001,0
65230000,0
65232000,0
65234001,0
65236000,0
65238000,0
65240000,0
65242000,0
65244000,0
65246001,0
65248000,0
65250001,0
65252000,0
65254000,0
65256000,0
65258000,0
65260000,0
65262000,0
65264000,0
65266000,0
65268000,0
65270000,0
65272000,0
65274001,0
65276000,0
65278000,0
65280000,0
65282000,0
65284000,0
65286000,0
65288000,0
65290000,0
65292000,0
65294000,0
65296000,0
65298000,0
65300000,0
65302000,0
65304000,0
65306001,0
65308000,0
65310000,0
65312001,0
65314000,0
65316000,0
65318000,0
65320001,0
65322000,0
65324001,0
65326000,0
65328000,0
65330000,0
65332000,0
65334000,0
65336000,0
65338000,0
65340001,0
65342000,0
65344000,0
65346000,0
65348000,0
65350001,0
65352000,0
65354000,0
65356000,0
65358000,0
65360000,0
65362000,0
65364001,0
65366000,0
65368001,0
65370000,0
65372000,0
65374000,0
65376000,0
65378000,0
65380001,0
65382000,0
65384001,0
65386000,0
65388000,0
65390000,0
65392000,0
65394000,0
65396000,0
65398000,0
65400000,0
65402001,0
65404000,0
65406000,0
65408000,0
65410000,0
65412001,0
65414000,0
65416000,0
65418000,0
65420001,0
65422000,0
65424000,0
65426000,0
65428000,0
65430001,0
65432000,0
65434001,0
65436000,0
65438000,0
65440000,0
65442000,0
65444000,0
65446000,0
65448001,0
65450000,0
65452001,0
65454000,0
65456000,0
65458000,0
65460000,0
65462000,0
65464000,0
65466000,0
65468001,0
65470000,0
65472000,0
65474000,0
65476000,0
65478000,0
65480000,0
65482000,0
65484000,0
65486000,0
65488000,0
65490000,0
65492000,0
65494000,0
65496000,0
65498000,0
65500001,0
65502000,0
65504000,0
65506000,0
65508000,0
65510000,0
65512001,0
65514000,0
65516000,0
65518000,0
65520000,0
65522000,0
65524000,0
65526000,0
65528000,0
65530000,0
65532000,0
65534000,0
65536000,0
65538000,0
65540000,0
65542001,0
65544000,0
65546000,0
65548000,0
65550001,0
65552000,0
65554000,0
65556000,0
65558000,0
65560000,0
65562000,0
65564000,0
65566000,0
65568000,0
65570000,0
65572000,0
65574000,0
65576000,0
65578001,0
65580000,0
65582000,0
65584000,0
65586000,0
65588000,0
65590001,0
65592000,0
65594000,0
65596000,0
65598000,0
65600000,0
65602001,0
65604000,0
65606001,0
65608000,0
65610000,0
65612000,0
65614000,0
65616001,0
65618000,0
65620001,0
65622000,0
65624000,0
65626000,0
65628000,0
65630000,0
65632001,0
65634000,0
65636001,0
65638000,0
65640000,0
65642000,0
65644001,0
65646000,0
65648000,0
65650000,0
65652001,0
65654000,0
65656000,0
65658000,0
65660000,0
65662000,0
65664001,0
65666000,0
65668000,0
65670000,0
65672000,0
65674000,0
65676000,0
65678000,0
65680001,0
65682000,0
65684001,0
65686000,0
65688000,0
65690000,0
65692000,0
65694001,0
65696000,0
65698000,0
65700000,0
65702000,0
65704001,0
65706000,0
65708000,0
65710000,0
65712000,0
65714000,0
65716000,0
65718000,0
65720000,0
65722000,0
65724000,0
65726000,0
65728000,0
65730000,0
65732000,0
65734000,0
65736000,0
65738000,0
65740001,0
65742000,0
65744000,0
65746000,0
65748000,0
65750000,0
65752000,0
65754000,0
65756000,0
65758000,0
65760001,0
65762000,0
65764000,0
65766000,0
65768000,0
65770001,0
65772000,0
65774000,0
65776000,0
65778000,0
65780000,0
65782001,0
65784000,0
65786000,0
65788000,0
65790000,0
65792001,0
65794000,0
65796001,0
65798000,0
65800000,0
65802000,0
65804000,0
65806000,0
65808000,0
65810000,0
65812000,0
65814001,0
65816000,0
65818000,0
65820000,0
65822000,0
65824000,0
65826000,0
65828000,0
65830000,0
65832000,0
65834000,0
65836000,0
65838000,0
65840000,0
65842000,0
65844000,0
65846000,0
65848000,0
65850000,0
65852000,0
65854000,0
65856000,0
65858000,0
65860000,0
65862000,0
65864001,0
65866000,0
65868000,0
65870000,0
65872000,0
65874001,0
65876000,0
65878001,0
65880000,0
65882000,0
65884000,0
65886000,0
65888000,0
65890000,0
65892000,0
65894000,0
65896001,0
65898000,0
65900000,0
65902000,0
65904001,0
65906000,0
65908000,0
65910000,0
65912000,0
65914000,0
65916000,0
65918000,0
65920000,0
65922000,0
65924000,0
65926000,0
65928000,0
65930000,0
65932000,0
65934000,0
65936001,0
65938000,0
65940000,0
65942000,0
65944000,0
65946000,0
65948000,0
65950000,0
65952000,0
65954000,0
65956000,0
65958000,0
65960001,0
65962000,0
65964001,0
65966000,0
65968000,0
65970000,0
65972000,0
65974000,0
65976000,0
65978000,0
65980000,0
65982001,0
65984000,0
65986000,0
65988000,0
65990001,0
65992000,0
65994000,0
65996000,0
65998000,0
66000000,0
66002001,0
66004000,0
66006000,0
66008000,0
66010001,0
66012000,0
66014001,0
66016000,0
66018001,0
66020000,0
66022001,0
66024000,0
66026001,0
66028000,0
66030000,0
66032000,0
66034000,0
66036000,0
66038000,0
66040000,0
66042000,0
66044000,0
66046000,0
66048000,0
66050001,0
66052000,0
66054001,0
66056000,0
66058001,0
66060000,0
66062001,0
66064000,0
66066000,0
66068000,0
66070000,0
66072001,0
66074000,0
66076000,0
66078000,0
66080000,0
66082000,0
66084000,0
66086000,0
66088000,0
66090000,0
66092000,0
66094000,0
66096000,0
66098000,0
66100000,0
66102001,0
66104000,0
66106000,0
66108000,0
66110000,0
66112000,0
66114000,0
66116001,0
66118000,0
66120000,0
66122000,0
66124001,0
66126000,0
66128000,0
66130000,0
66132000,0
66134000,0
66136000,0
66138000,0
66140000,0
66142000,0
66144000,0
66146000,0
66148000,0
66150000,0
66152000,0
66154000,0
66156000,0
66158000,0
66160000,0
66162000,0
66164000,0
66166000,0
66168000,0
66170000,0
66172000,0
66174000,0
66176000,0
66178000,0
66180000,0
66182000,0
66184000,0
66186000,0
66188000,0
66190001,0
66192000,0
66194000,0
66196000,0
66198000,0
66200000,0
66202000,0
66204000,0
66206000,0
66208000,0
66210000,0
66212001,0
66214000,0
66216001,0
66218000,0
66220001,0
66222000,0
66224000,0
66226000,0
66228000,0
66230000,0
66232000,0
66234000,0
66236000,0
66238000,0
66240001,0
66242000,0
66244000,0
66246000,0
66248000,0
66250001,0
66252000,0
66254001,0
66256000,0
66258001,0
66260000,0
66262000,0
66264000,0
66266000,0
66268000,0
66270000,0
66272001,0
66274000,0
66276000,0
66278000,0
66280000,0
66282000,0
66284000,0
66286000,0
66288001,0
66290000,0
66292000,0
66294000,0
66296000,0
66298000,0
66300001,0
66302000,0
66304001,0
66306000,0
66308001,0
66310000,0
66312000,0
66314000,0
66316000,0
66318000,0
66320000,0
66322000,0
66324001,0
66326000,0
66328000,0
66330000,0
66332000,0
66334000,0
66336001,0
66338000,0
66340001,0
66342000,0
66344000,0
66346000,0
66348001,0
66350000,0
66352000,0
66354000,0
66356000,0
66358000,0
66360000,0
66362001,0
66364000,0
66366000,0
66368000,0
66370000,0
66372000,0
66374000,0
66376001,0
66378000,0
66380000,0
66382000,0
66384001,0
66386000,0
66388001,0
66390000,0
66392000,0
66394000,0
66396001,0
66398000,0
66400000,0
66402000,0
66404000,0
66406000,0
66408000,0
66410000,0
66412001,0
66414000,0
66416001,0
66418000,0
66420000,0
66422000,0
66424000,0
66426000,0
66428000,0
66430000,0
66432000,0
66434001,0
66436000,0
66438000,0
66440000,0
66442000,0
66444000,0
66446000,0
66448000,0
66450001,0
66452000,0
66454000,0
66456000,0
66458000,0
66460000,0
66462001,0
66464000,0
66466000,0
66468000,0
66470001,0
66472000,0
66474001,0
66476000,0
66478000,0
66480000,0
66482000,0
66484000,0
66486001,0
66488000,0
66490000,0
66492000,0
66494000,0
66496000,0
66498001,0
66500000,0
66502001,0
66504000,0
66506000,0
66508000,0
66510000,0
66512000,0
66514001,0
66516000,0
66518000,0
66520000,0
66522001,0
66524000,0
66526001,0
66528000,0
66530000,0
66532000,0
66534000,0
66536000,0
66538000,0
66540001,0
66542000,0
66544001,0
66546000,0
66548001,0
66550000,0
66552000,0
66554000,0
66556000,0
66558001,0
66560000,0
66562000,0
66564000,0
66566000,0
66568000,0
66570000,0
66572000,0
66574000,0
66576001,0
66578000,0
66580001,0
66582000,0
66584000,0
66586000,0
66588001,0
66590000,0
66592000,0
66594001,0
66596000,0
66598000,0
66600000,0
66602000,0
66604000,0
66606000,0
66608000,0
66610000,0
66612000,0
66614000,0
66616001,0
66618000,0
66620000,0
66622000,0
66624000,0
66626001,0
66628000,0
66630001,0
66632000,0
66634000,0
66636000,0
66638000,0
66640000,0
66642000,0
66644000,0
66646000,0
66648000,0
66650001,0
66652000,0
66654000,0
66656000,0
66658000,0
66660000,0
66662000,0
66664000,0
66666000,0
66668000,0
66670000,0
66672000,0
66674001,0
66676000,0
66678001,0
66680000,0
66682001,0
66684000,0
66686001,0
66688000,0
66690000,0
66692000,0
66694000,0
66696000,0
66698000,0
66700000,0
66702000,0
66704000,0
66706000,0
66708000,0
66710001,0
66712000,0
66714001,0
66716000,0
66718001,0
66720000,0
66722001,0
66724000,0
66726000,0
66728000,0
66730000,0
66732000,0
66734000,0
66736000,0
66738000,0
66740000,0
66742000,0
66744000,0
66746000,0
66748000,0
66750000,0
66752000,0
66754000,0
66756000,0
66758000,0
66760000,0
66762000,0
66764000,0
66766000,0
66768000,0
66770000,0
66772000,0
66774000,0
66776000,0
66778000,0
66780001,0
66782000,0
66784000,0
66786000,0
66788000,0
66790000,0
66792000,0
66794001,0
66796000,0
66798001,0
66800000,0
66802000,0
66804000,0
66806000,0
66808000,0
66810000,0
66812000,0
66814001,0
66816000,0
66818000,0
66820000,0
66822001,0
66824000,0
66826000,0
66828000,0
66830000,0
66832000,0
66834000,0
66836001,0
66838000,0
66840000,0
66842000,0
66844001,0
66846000,0
66848001,0
66850000,0
66852000,0
66854000,0
66856000,0
66858000,0
66860001,0
66862000,0
66864000,0
66866000,0
66868000,0
66870000,0
66872000,0
66874001,0
66876000,0
66878000,0
66880000,0
66882001,0
66884000,0
66886000,0
66888000,0
66890000,0
66892000,0
66894000,0
66896000,0
66898000,0
66900000,0
66902001,0
66904000,0
66906000,0
66908000,0
66910000,0
66912000,0
66914000,0
66916000,0
66918001,0
66920000,0
66922000,0
66924000,0
66926000,0
66928000,0
66930000,0
66932000,0
66934000,0
66936000,0
66938000,0
66940000,0
66942000,0
66944000,0
66946000,0
66948001,0
66950000,0
66952001,0
66954000,0
66956001,0
66958000,0
66960001,0
66962000,0
66964000,0
66966000,0
66968001,0
66970000,0
66972001,0
66974000,0
66976000,0
66978000,0
66980001,0
66982000,0
66984001,0
66986000,0
66988000,0
66990000,0
66992000,0
66994001,0
66996000,0
66998001,0
67000000,0
67002001,0
67004000,0
67006000,0
67008000,0
67010000,0
67012001,0
67014000,0
67016001,0
67018000,0
67020000,0
67022000,0
67024000,0
67026000,0
67028001,0
67030000,0
67032001,0
67034000,0
67036000,0
67038000,0
67040000,0
67042000,0
67044000,0
67046000,0
67048000,0
67050000,0
67052001,0
67054000,0
67056000,0
67058000,0
67060000,0
67062000,0
67064000,0
67066000,0
67068000,0
67070000,0
67072000,0
67074000,0
67076001,0
67078000,0
67080000,0
67082001,0
67084000,0
67086000,0
67088000,0
67090000,0
67092000,0
67094000,0
67096000,0
67098000,0
67100000,0
67102000,0
67104000,0
67106001,0
67108000,0
67110000,0
67112000,0
67114000,0
67116000,0
67118001,0
67120000,0
67122001,0
67124000,0
67126000,0
67128000,0
67130000,0
67132000,0
67134001,0
67136000,0
67138001,0
67140000,0
67142001,0
67144000,0
67146001,0
67148000,0
67150000,0
67152000,0
67154000,0
67156000,0
67158001,0
67160000,0
67162001,0
67164000,0
67166000,0
67168000,0
67170000,0
67172000,0
67174000,0
67176000,0
67178000,0
67180001,0
67182000,0
67184000,0
67186000,0
67188001,0
67190000,0
67192000,0
67194000,0
67196001,0
67198000,0
67200000,0
67202000,0
67204000,0
67206001,0
67208000,0
67210001,0
67212000,0
67214000,0
67216000,0
67218000,0
67220001,0
67222000,0
67224001,0
67226000,0
67228001,0
67230000,0
67232000,0
67234000,0
67236001,0
67238000,0
67240000,0
67242000,0
67244000,0
67246000,0
67248000,0
67250000,0
67252000,0
67254000,0
67256000,0
67258000,0
67260000,0
67262000,0
67264000,0
67266001,0
67268000,0
67270000,0
67272000,0
67274000,0
67276000,0
67278000,0
67280001,0
67282000,0
67284000,0
67286000,0
67288001,0
67290000,0
67292000,0
67294001,0
67296000,0
67298000,0
67300001,0
67302000,0
67304000,0
67306000,0
67308001,0
67310000,0
67312000,0
67314000,0
67316000,0
67318000,0
67320000,0
67322000,0
67324000,0
67326001,0
67328000,0
67330000,0
67332000,0
67334000,0
67336000,0
67338000,0
67340000,0
67342000,0
67344000,0
67346001,0
67348000,0
67350000,0
67352000,0
67354000,0
67356000,0
67358000,0
67360000,0
67362000,0
67364000,0
67366000,0
67368000,0
67370000,0
67372001,0
67374000,0
67376001,0
67378000,0
67380000,0
67382000,0
67384001,0
67386000,0
67388000,0
67390000,0
67392000,0
67394000,0
67396000,0
67398000,0
67400000,0
67402000,0
67404000,0
67406000,0
67408000,0
67410000,0
67412001,0
67414000,0
67416001,0
67418000,0
67420001,0
67422000,0
67424000,0
67426000,0
67428000,0
67430000,0
67432000,0
67434000,0
67436000,0
67438000,0
67440000,0
67442000,0
67444000,0
67446000,0
67448001,0
67450000,0
67452001,0
67454000,0
67456000,0
67458000,0
67460001,0
67462000,0
67464000,0
67466000,0
67468000,0
67470000,0
67472000,0
67474000,0
67476000,0
67478000,0
67480000,0
67482000,0
67484000,0
67486000,0
67488000,0
67490000,0
67492000,0
67494001,0
67496000,0
67498001,0
67500000,0
67502001,0
67504000,0
67506001,0
67508000,0
67510001,0
67512000,0
67514001,0
67516000,0
67518000,0
67520000,0
67522000,0
67524000,0
67526000,0
67528000,0
67530000,0
67532001,0
67534000,0
67536000,0
67538000,0
67540000,0
67542000,0
67544000,0
67546000,0
67548000,0
67550000,0
67552000,0
67554000,0
67556000,0
67558000,0
67560000,0
67562000,0
67564001,0
67566000,0
67568000,0
67570000,0
67572000,0
67574000,0
67576001,0
67578000,0
67580001,0
67582000,0
67584000,0
67586000,0
67588000,0
67590001,0
67592000,0
67594001,0
67596000,0
67598000,0
67600000,0
67602000,0
67604000,0
67606000,0
67608001,0
67610000,0
67612000,0
67614000,0
67616000,0
67618000,0
67620000,0
67622000,0
67624000,0
67626001,0
67628000,0
67630000,0
67632000,0
67634000,0
67636000,0
67638001,0
67640000,0
67642000,0
67644000,0
67646000,0
67648000,0
67650000,0
67652000,0
67654000,0
67656000,0
67658001,0
67660000,0
67662000,0
67664000,0
67666000,0
67668000,0
67670000,0
67672000,0
67674000,0
67676000,0
67678000,0
67680000,0
67682000,0
67684000,0
67686000,0
67688001,0
67690000,0
67692000,0
67694000,0
67696000,0
67698001,0
67700000,0
67702000,0
67704001,0
67706000,0
67708000,0
67710000,0
67712000,0
67714000,0
67716000,0
67718001,0
67720000,0
67722000,0
67724000,0
67726000,0
67728000,0
67730000,0
67732001,0
67734000,0
67736001,0
67738000,0
67740000,0
67742000,0
67744001,0
67746000,0
67748001,0
67750000,0
67752001,0
67754000,0
67756001,0
67758000,0
67760000,0
67762000,0
67764000,0
67766001,0
67768000,0
67770000,0
67772000,0
67774000,0
67776001,0
67778000,0
67780001,0
67782000,0
67784001,0
67786000,0
67788001,0
67790000,0
67792000,0
67794000,0
67796000,0
67798000,0
67800000,0
67802000,0
67804000,0
67806000,0
67808000,0
67810000,0
67812001,0
67814000,0
67816001,0
67818000,0
67820001,0
67822000,0
67824000,0
67826001,0
67828000,0
67830000,0
67832000,0
67834001,0
67836000,0
67838001,0
67840000,0
67842000,0
67844001,0
67846000,0
67848001,0
67850000,0
67852001,0
67854000,0
67856000,0
67858001,0
67860000,0
67862001,0
67864000,0
67866000,0
67868000,0
67870001,0
67872000,0
67874000,0
67876000,0
67878000,0
67880000,0
67882001,0
67884000,0
67886000,0
67888000,0
67890000,0
67892001,0
67894000,0
67896001,0
67898000,0
67900001,0
67902000,0
67904001,0
67906000,0
67908001,0
67910000,0
67912000,0
67914000,0
67916000,0
67918000,0
67920001,0
67922000,0
67924000,0
67926000,0
67928000,0
67930000,0
67932001,0
67934000,0
67936000,0
67938000,0
67940000,0
67942000,0
67944000,0
67946001,0
67948000,0
67950001,0
67952000,0
67954000,0
67956000,0
67958001,0
67960000,0
67962000,0
67964000,0
67966000,0
67968000,0
67970001,0
67972000,0
67974000,0
67976000,0
67978000,0
67980000,0
67982000,0
67984000,0
67986000,0
67988000,0
67990000,0
67992001,0
67994000,0
67996001,0
67998000,0
68000000,0
68002000,0
68004000,0
68006000,0
68008001,0
68010000,0
68012000,0
68014000,0
68016001,0
68018000,0
68020000,0
68022000,0
68024000,0
68026000,0
68028000,0
68030000,0
68032000,0
68034000,0
68036000,0
68038000,0
68040000,0
68042000,0
68044000,0
68046001,0
68048000,0
68050001,0
68052000,0
68054000,0
68056000,0
68058000,0
68060000,0
68062000,0
68064001,0
68066000,0
68068000,0
68070000,0
68072001,0
68074000,0
68076000,0
68078000,0
68080000,0
68082000,0
68084000,0
68086000,0
68088000,0
68090001,0
68092000,0
68094000,0
68096000,0
68098001,0
68100000,0
68102000,0
68104000,0
68106000,0
68108001,0
68110000,0
68112000,0
68114000,0
68116001,0
68118000,0
68120001,0
68122000,0
68124001,0
68126000,0
68128001,0
68130000,0
68132000,0
68134000,0
68136000,0
68138000,0
68140000,0
68142000,0
68144001,0
68146000,0
68148000,0
68150000,0
68152001,0
68154000,0
68156000,0
68158000,0
68160000,0
68162000,0
68164000,0
68166000,0
68168000,0
68170000,0
68172001,0
68174000,0
68176000,0
68178000,0
68180000,0
68182000,0
68184001,0
68186000,0
68188000,0
68190000,0
68192000,0
68194000,0
68196000,0
68198000,0
68200000,0
68202000,0
68204000,0
68206000,0
68208000,0
68210000,0
68212000,0
68214000,0
68216000,0
68218000,0
68220000,0
68222000,0
68224000,0
68226000,0
68228000,0
68230000,0
68232000,0
68234000,0
68236001,0
68238000,0
68240001,0
68242000,0
68244000,0
68246000,0
68248001,0
68250000,0
68252000,0
68254000,0
68256000,0
68258000,0
68260000,0
68262000,0
68264000,0
68266000,0
68268001,0
68270000,0
68272000,0
68274000,0
68276000,0
68278000,0
68280000,0
68282000,0
68284000,0
68286000,0
68288000,0
68290000,0
68292000,0
68294000,0
68296000,0
68298000,0
68300000,0
68302000,0
68304000,0
68306000,0
68308000,0
68310001,0
68312000,0
68314000,0
68316001,0
68318000,0
68320000,0
68322000,0
68324000,0
68326000,0
68328000,0
68330001,0
68332000,0
68334001,0
68336000,0
68338000,0
68340000,0
68342000,0
68344000,0
68346000,0
68348000,0
68350000,0
68352000,0
68354001,0
68356000,0
68358000,0
68360001,0
68362000,0
68364001,0
68366000,0
68368000,0
68370000,0
68372000,0
68374000,0
68376000,0
68378000,0
68380001,0
68382000,0
68384000,0
68386000,0
68388000,0
68390000,0
68392000,0
68394000,0
68396001,0
68398000,0
68400000,0
68402000,0
68404000,0
68406000,0
68408000,0
68410001,0
68412000,0
68414001,0
68416000,0
68418000,0
68420000,0
68422001,0
68424000,0
68426000,0
68428000,0
68430001,0
68432000,0
68434001,0
68436000,0
68438001,0
68440000,0
68442001,0
68444000,0
68446001,0
68448000,0
68450000,0
68452000,0
68454000,0
68456000,0
68458000,0
68460000,0
68462000,0
68464000,0
68466000,0
68468000,0
68470000,0
68472001,0
68474000,0
68476000,0
68478000,0
68480001,0
68482000,0
68484000,0
68486000,0
68488000,0
68490001,0
68492000,0
68494000,0
68496000,0
68498000,0
68500000,0
68502000,0
68504000,0
68506000,0
68508001,0
68510000,0
68512000,0
68514000,0
68516001,0
68518000,0
68520000,0
68522000,0
68524001,0
68526000,0
68528000,0
68530000,0
68532000,0
68534000,0
68536000,0
68538000,0
68540000,0
68542000,0
68544001,0
68546000,0
68548000,0
68550000,0
68552000,0
68554000,0
68556001,0
68558000,0
68560000,0
68562001,0
68564000,0
68566000,0
68568000,0
68570001,0
68572000,0
68574000,0
68576001,0
68578000,0
68580000,0
68582000,0
68584001,0
68586000,0
68588000,0
68590000,0
68592000,0
68594000,0
68596000,0
68598000,0
68600000,0
68602000,0
68604001,0
68606000,0
68608000,0
68610000,0
68612000,0
68614000,0
68616000,0
68618000,0
68620000,0
68622000,0
68624001,0
68626000,0
68628000,0
68630000,0
68632000,0
68634000,0
68636000,0
68638000,0
68640000,0
68642000,0
68644000,0
68646000,0
68648000,0
68650000,0
68652000,0
68654000,0
68656000,0
68658000,0
68660000,0
68662000,0
68664000,0
68666000,0
68668000,0
68670000,0
68672000,0
68674001,0
68676000,0
68678001,0
68680000,0
68682001,0
68684000,0
68686000,0
68688000,0
68690000,0
68692000,0
68694001,0
68696000,0
68698001,0
68700000,0
68702000,0
68704000,0
68706000,0
68708000,0
68710001,0
68712000,0
68714001,0
68716000,0
68718000,0
68720000,0
68722000,0
68724000,0
68726000,0
68728001,0
68730000,0
68732000,0
68734000,0
68736000,0
68738000,0
68740000,0
68742000,0
68744001,0
68746000,0
68748000,0
68750000,0
68752000,0
68754000,0
68756000,0
68758000,0
68760001,0
68762000,0
68764000,0
68766000,0
68768001,0
68770000,0
68772000,0
68774000,0
68776001,0
68778000,0
68780001,0
68782000,0
68784000,0
68786000,0
68788000,0
68790001,0
68792000,0
68794001,0
68796000,0
68798000,0
68800001,0
68802000,0
68804000,0
68806000,0
68808001,0
68810000,0
68812000,0
68814000,0
68816000,0
68818000,0
68820001,0
68822000,0
68824001,0
68826000,0
68828000,0
68830000,0
68832000,0
68834000,0
68836000,0
68838001,0
68840000,0
68842000,0
68844000,0
68846000,0
68848001,0
68850000,0
68852001,0
68854000,0
68856000,0
68858000,0
68860001,0
68862000,0
68864000,0
68866000,0
68868000,0
68870001,0
68872000,0
68874001,0
68876000,0
68878000,0
68880000,0
68882000,0
68884001,0
68886000,0
68888000,0
68890000,0
68892000,0
68894000,0
68896001,0
68898000,0
68900000,0
68902000,0
68904000,0
68906000,0
68908000,0
68910000,0
68912000,0
68914000,0
68916000,0
68918000,0
68920000,0
68922001,0
68924000,0
68926000,0
68928000,0
68930000,0
68932000,0
68934001,0
68936000,0
68938001,0
68940000,0
68942001,0
68944000,0
68946001,0
68948000,0
68950001,0
68952000,0
68954000,0
68956000,0
68958000,0
68960000,0
68962000,0
68964000,0
68966001,0
68968000,0
68970000,0
68972000,0
68974000,0
68976000,0
68978001,0
68980000,0
68982000,0
68984001,0
68986000,0
68988000,0
68990000,0
68992001,0
68994000,0
68996000,0
68998000,0
69000000,0
69002000,0
69004001,0
69006000,0
69008000,0
69010000,0
69012000,0
69014000,0
69016000,0
69018000,0
69020000,0
69022000,0
69024000,0
69026001,0
69028000,0
69030000,0
69032000,0
69034000,0
69036000,0
69038000,0
69040000,0
69042000,0
69044001,0
69046000,0
69048000,0
69050000,0
69052000,0
69054000,0
69056000,0
69058000,0
69060001,0
69062000,0
69064000,0
69066000,0
69068001,0
69070000,0
69072001,0
69074000,0
69076000,0
69078000,0
69080001,0
69082000,0
69084001,0
69086000,0
69088000,0
69090000,0
69092000,0
69094000,0
69096000,0
69098000,0
69100001,0
69102000,0
69104000,0
69106000,0
69108001,0
69110000,0
69112000,0
69114000,0
69116000,0
69118000,0
69120000,0
69122001,0
69124000,0
69126000,0
69128000,0
69130000,0
69132000,0
69134000,0
69136000,0
69138000,0
69140000,0
69142000,0
69144000,0
69146000,0
69148000,0
69150000,0
69152000,0
69154000,0
69156000,0
69158000,0
69160000,0
69162000,0
69164000,0
69166000,0
69168000,0
69170000,0
69172000,0
69174001,0
69176000,0
69178000,0
69180000,0
69182001,0
69184000,0
69186001,0
69188000,0
69190000,0
69192000,0
69194000,0
69196000,0
69198000,0
69200000,0
69202000,0
69204000,0
69206000,0
69208000,0
69210000,0
69212001,0
69214000,0
69216000,0
69218000,0
69220000,0
69222000,0
69224001,0
69226000,0
69228000,0
69230000,0
69232001,0
69234000,0
69236001,0
69238000,0
69240001,0
69242000,0
69244001,0
69246000,0
69248001,0
69250000,0
69252001,0
69254000,0
69256000,0
69258000,0
69260000,0
69262000,0
69264000,0
69266000,0
69268000,0
69270000,0
69272000,0
69274000,0
69276000,0
69278000,0
69280000,0
69282000,0
69284000,0
69286000,0
69288000,0
69290001,0
69292000,0
69294000,0
69296000,0
69298000,0
69300000,0
69302001,0
69304000,0
69306001,0
69308000,0
69310001,0
69312000,0
69314001,0
69316000,0
69318000,0
69320000,0
69322001,0
69324000,0
69326000,0
69328000,0
69330000,0
69332000,0
69334000,0
69336000,0
69338001,0
69340000,0
69342001,0
69344000,0
69346000,0
69348000,0
69350000,0
69352000,0
69354001,0
69356000,0
69358000,0
69360000,0
69362001,0
69364000,0
69366000,0
69368000,0
69370000,0
69372001,0
69374000,0
69376000,0
69378000,0
69380001,0
69382000,0
69384000,0
69386000,0
69388000,0
69390000,0
69392000,0
69394000,0
69396001,0
69398000,0
69400001,0
69402000,0
69404000,0
69406000,0
69408000,0
69410000,0
69412000,0
69414000,0
69416000,0
69418000,0
69420000,0
69422000,0
69424000,0
69426000,0
69428001,0
69430000,0
69432000,0
69434000,0
69436000,0
69438000,0
69440001,0
69442000,0
69444000,0
69446000,0
69448000,0
69450001,0
69452000,0
69454000,0
69456000,0
69458000,0
69460000,0
69462001,0
69464000,0
69466000,0
69468000,0
69470000,0
69472000,0
69474000,0
69476000,0
69478000,0
69480000,0
69482000,0
69484000,0
69486000,0
69488000,0
69490000,0
69492000,0
69494000,0
69496000,0
69498000,0
69500001,0
69502000,0
69504000,0
69506000,0
69508000,0
69510001,0
69512000,0
69514000,0
69516000,0
69518000,0
69520001,0
69522000,0
69524000,0
69526000,0
69528000,0
69530000,0
69532000,0
69534000,0
69536001,0
69538000,0
69540000,0
69542000,0
69544001,0
69546000,0
69548001,0
69550000,0
69552000,0
69554000,0
69556000,0
69558000,0
69560000,0
69562000,0
69564000,0
69566000,0
69568000,0
69570000,0
69572000,0
69574000,0
69576000,0
69578000,0
69580001,0
69582000,0
69584000,0
69586000,0
69588000,0
69590000,0
69592001,0
69594000,0
69596001,0
69598000,0
69600001,0
69602000,0
69604001,0
69606000,0
69608000,0
69610000,0
69612000,0
69614000,0
69616000,0
69618000,0
69620000,0
69622000,0
69624001,0
69626000,0
69628001,0
69630000,0
69632000,0
69634001,0
69636000,0
69638001,0
69640000,0
69642001,0
69644000,0
69646000,0
69648000,0
69650000,0
69652000,0
69654000,0
69656000,0
69658000,0
69660000,0
69662000,0
69664001,0
69666000,0
69668000,0
69670001,0
69672000,0
69674001,0
69676000,0
69678001,0
69680000,0
69682000,0
69684000,0
69686000,0
69688000,0
69690001,0
69692000,0
69694000,0
69696000,0
69698000,0
69700000,0
69702000,0
69704000,0
69706001,0
69708000,0
69710000,0
69712000,0
69714000,0
69716000,0
69718000,0
69720000,0
69722001,0
69724000,0
69726000,0
69728000,0
69730000,0
69732000,0
69734000,0
69736000,0
69738000,0
69740000,0
69742001,0
69744000,0
69746000,0
69748000,0
69750000,0
69752001,0
69754000,0
69756000,0
69758000,0
69760001,0
69762000,0
69764000,0
69766000,0
69768000,0
69770000,0
69772000,0
69774000,0
69776000,0
69778000,0
69780000,0
69782000,0
69784000,0
69786000,0
69788001,0
69790000,0
69792000,0
69794000,0
69796000,0
69798000,0
69800000,0
69802000,0
69804000,0
69806000,0
69808000,0
69810000,0
69812001,0
69814000,0
69816000,0
69818001,0
69820000,0
69822000,0
69824000,0
69826000,0
69828001,0
69830000,0
69832000,0
69834000,0
69836000,0
69838000,0
69840000,0
69842000,0
69844000,0
69846000,0
69848000,0
69850000,0
69852000,0
69854001,0
69856000,0
69858000,0
69860000,0
69862000,0
69864000,0
69866000,0
69868000,0
69870000,0
69872000,0
69874001,0
69876000,0
69878001,0
69880000,0
69882000,0
69884000,0
69886000,0
69888000,0
69890000,0
69892000,0
69894001,0
69896000,0
69898000,0
69900000,0
69902000,0
69904000,0
69906000,0
69908000,0
69910000,0
69912000,0
69914000,0
69916001,0
69918000,0
69920000,0
69922000,0
69924000,0
69926000,0
69928000,0
69930000,0
69932000,0
69934001,0
69936000,0
69938000,0
69940000,0
69942001,0
69944000,0
69946000,0
69948000,0
69950000,0
69952000,0
69954001,0
69956000,0
69958001,0
69960000,0
69962000,0
69964000,0
69966000,0
69968000,0
69970000,0
69972001,0
69974000,0
69976000,0
69978000,0
69980000,0
69982000,0
69984000,0
69986000,0
69988000,0
69990000,0
69992000,0
69994000,0
69996001,0
69998000,0
70000001,0
70002000,0
70004001,0
70006000,0
70008001,0
70010000,0
70012000,0
70014000,0
70016001,0
70018000,0
70020000,0
70022000,0
70024000,0
70026000,0
70028000,0
70030000,0
70032000,0
70034000,0
70036000,0
70038000,0
70040001,0
70042000,0
70044000,0
70046000,0
70048000,0
70050000,0
70052000,0
70054000,0
70056000,0
70058000,0
70060000,0
70062000,0
70064000,0
70066001,0
70068000,0
70070001,0
70072000,0
70074000,0
70076000,0
70078000,0
70080000,0
70082000,0
70084000,0
70086000,0
70088000,0
70090000,0
70092000,0
70094000,0
70096000,0
70098000,0
70100000,0
70102000,0
70104000,0
70106000,0
70108000,0
70110000,0
70112001,0
70114000,0
70116000,0
70118000,0
70120000,0
70122000,0
70124000,0
70126000,0
70128000,0
70130000,0
70132000,0
70134000,0
70136000,0
70138000,0
70140000,0
70142000,0
70144001,0
70146000,0
70148001,0
70150000,0
70152000,0
70154001,0
70156000,0
70158000,0
70160000,0
70162000,0
70164000,0
70166000,0
70168000,0
70170000,0
70172000,0
70174000,0
70176000,0
70178000,0
70180000,0
70182001,0
70184000,0
70186000,0
70188000,0
70190000,0
70192000,0
70194000,0
70196000,0
70198000,0
70200000,0
70202000,0
70204000,0
70206000,0
70208000,0
70210000,0
70212000,0
70214000,0
70216000,0
70218000,0
70220001,0
70222000,0
70224000,0
70226000,0
70228001,0
70230000,0
70232000,0
70234000,0
70236001,0
70238000,0
70240000,0
70242000,0
70244000,0
70246001,0
70248000,0
70250000,0
70252000,0
70254001,0
70256000,0
70258000,0
70260000,0
70262000,0
70264000,0
70266000,0
70268000,0
70270000,0
70272001,0
70274000,0
70276001,0
70278000,0
70280001,0
70282000,0
70284001,0
70286000,0
70288000,0
70290000,0
70292000,0
70294001,0
70296000,0
70298000,0
70300000,0
70302000,0
70304000,0
70306000,0
70308000,0
70310000,0
70312000,0
70314001,0
70316000,0
70318000,0
70320000,0
70322000,0
70324000,0
70326000,0
70328001,0
70330000,0
70332000,0
70334000,0
70336000,0
70338000,0
70340001,0
70342000,0
70344000,0
70346000,0
70348000,0
70350000,0
70352000,0
70354000,0
70356000,0
70358000,0
70360001,0
70362000,0
70364000,0
70366000,0
70368001,0
70370000,0
70372000,0
70374000,0
70376000,0
70378000,0
70380000,0
70382000,0
70384000,0
70386000,0
70388001,0
70390000,0
70392000,0
70394000,0
70396000,0
70398000,0
70400000,0
70402000,0
70404000,0
70406000,0
70408000,0
70410000,0
70412000,0
70414000,0
70416000,0
70418000,0
70420000,0
70422000,0
70424000,0
70426001,0
70428000,0
70430000,0
70432000,0
70434001,0
70436000,0
70438001,0
70440000,0
70442000,0
70444000,0
70446000,0
70448000,0
70450000,0
70452000,0
70454000,0
70456000,0
70458000,0
70460001,0
70462000,0
70464000,0
70466000,0
70468000,0
70470000,0
70472000,0
70474000,0
70476000,0
70478000,0
70480000,0
70482000,0
70484000,0
70486000,0
70488000,0
70490000,0
70492000,0
70494000,0
70496000,0
70498000,0
70500000,0
70502001,0
70504000,0
70506001,0
70508000,0
70510000,0
70512000,0
70514000,0
70516000,0
70518000,0
70520000,0
70522000,0
70524000,0
70526000,0
70528000,0
70530000,0
70532000,0
70534000,0
70536000,0
70538000,0
70540000,0
70542000,0
70544000,0
70546001,0
70548000,0
70550001,0
70552000,0
70554000,0
70556000,0
70558000,0
70560000,0
70562000,0
70564000,0
70566001,0
70568000,0
70570000,0
70572000,0
70574001,0
70576000,0
70578001,0
70580000,0
70582000,0
70584000,0
70586000,0
70588000,0
70590000,0
70592001,0
70594000,0
70596000,0
70598000,0
70600000,0
70602000,0
70604000,0
70606000,0
70608000,0
70610000,0
70612001,0
70614000,0
70616000,0
70618000,0
70620000,0
70622000,0
70624000,0
70626000,0
70628000,0
70630000,0
70632000,0
70634000,0
70636001,0
70638000,0
70640001,0
70642000,0
70644000,0
70646001,0
70648000,0
70650001,0
70652000,0
70654001,0
70656000,0
70658000,0
70660000,0
70662000,0
70664000,0
70666001,0
70668000,0
70670001,0
70672000,0
70674000,0
70676000,0
70678001,0
70680000,0
70682000,0
70684000,0
70686000,0
70688000,0
70690001,0
70692000,0
70694001,0
70696000,0
70698000,0
70700000,0
70702000,0
70704000,0
70706000,0
70708001,0
70710000,0
70712000,0
70714000,0
70716000,0
70718000,0
70720000,0
70722000,0
70724000,0
70726001,0
70728000,0
70730000,0
70732000,0
70734001,0
70736000,0
70738000,0
70740000,0
70742000,0
70744000,0
70746001,0
70748000,0
70750000,0
70752000,0
70754001,0
70756000,0
70758001,0
70760000,0
70762001,0
70764000,0
70766001,0
70768000,0
70770000,0
70772000,0
70774000,0
70776000,0
70778000,0
70780000,0
70782000,0
70784000,0
70786000,0
70788000,0
70790000,0
70792001,0
70794000,0
70796001,0
70798000,0
70800000,0
70802000,0
70804000,0
70806000,0
70808001,0
70810000,0
70812001,0
70814000,0
70816000,0
70818000,0
70820000,0
70822000,0
70824000,0
70826000,0
70828000,0
70830000,0
70832001,0
70834000,0
70836000,0
70838000,0
70840000,0
70842001,0
70844000,0
70846001,0
70848000,0
70850000,0
70852000,0
70854000,0
70856000,0
70858000,0
70860000,0
70862000,0
70864000,0
70866000,0
70868000,0
70870000,0
70872001,0
70874000,0
70876000,0
70878001,0
70880000,0
70882001,0
70884000,0
70886000,0
70888000,0
70890000,0
70892000,0
70894000,0
70896000,0
70898000,0
70900000,0
70902000,0
70904001,0
70906000,0
70908001,0
70910000,0
70912000,0
70914000,0
70916001,0
70918000,0
70920000,0
70922000,0
70924001,0
70926000,0
70928001,0
70930000,0
70932000,0
70934001,0
70936000,0
70938001,0
70940000,0
70942001,0
70944000,0
70946001,0
70948000,0
70950000,0
70952000,0
70954000,0
70956000,0
70958001,0
70960000,0
70962000,0
70964000,0
70966000,0
70968001,0
70970000,0
70972000,0
70974000,0
70976001,0
70978000,0
70980000,0
70982001,0
70984000,0
70986000,0
70988000,0
70990000,0
70992000,0
70994000,0
70996000,0
70998000,0
71000000,0
71002000,0
71004000,0
71006000,0
71008000,0
71010000,0
71012000,0
71014000,0
71016000,0
71018000,0
71020000,0
71022000,0
71024001,0
71026000,0
71028001,0
71030000,0
71032000,0
71034000,0
71036000,0
71038000,0
71040000,0
71042000,0
71044001,0
71046000,0
71048001,0
71050000,0
71052000,0
71054000,0
71056001,0
71058000,0
71060000,0
71062000,0
71064000,0
71066000,0
71068000,0
71070000,0
71072001,0
71074000,0
71076000,0
71078000,0
71080000,0
71082000,0
71084000,0
71086000,0
71088000,0
71090000,0
71092000,0
71094000,0
71096001,0
71098000,0
71100000,0
71102000,0
71104000,0
71106000,0
71108001,0
71110000,0
71112000,0
71114000,0
71116000,0
71118000,0
71120000,0
71122000,0
71124001,0
71126000,0
71128001,0
71130000,0
71132000,0
71134000,0
71136000,0
71138000,0
71140000,0
71142001,0
71144000,0
71146000,0
71148000,0
71150000,0
71152001,0
71154000,0
71156000,0
71158000,0
71160000,0
71162001,0
71164000,0
71166000,0
71168000,0
71170000,0
71172001,0
71174000,0
71176000,0
71178000,0
71180000,0
71182000,0
71184000,0
71186000,0
71188000,0
71190000,0
71192001,0
71194000,0
71196000,0
71198000,0
71200000,0
71202000,0
71204000,0
71206000,0
71208000,0
71210000,0
71212000,0
71214000,0
71216001,0
71218000,0
71220001,0
71222000,0
71224001,0
71226000,0
71228000,0
71230000,0
71232001,0
71234000,0
71236000,0
71238000,0
71240000,0
71242000,0
71244001,0
71246000,0
71248000,0
71250000,0
71252000,0
71254000,0
71256000,0
71258000,0
71260000,0
71262000,0
71264001,0
71266000,0
71268000,0
71270000,0
71272000,0
71274000,0
71276000,0
71278001,0
71280000,0
71282000,0
71284000,0
71286001,0
71288000,0
71290000,0
71292000,0
71294000,0
71296000,0
71298000,0
71300000,0
71302000,0
71304000,0
71306000,0
71308001,0
71310000,0
71312000,0
71314000,0
71316000,0
71318000,0
71320000,0
71322000,0
71324000,0
71326001,0
71328000,0
71330001,0
71332000,0
71334001,0
71336000,0
71338001,0
71340000,0
71342000,0
71344001,0
71346000,0
71348001,0
71350000,0
71352000,0
71354000,0
71356000,0
71358000,0
71360000,0
71362000,0
71364000,0
71366000,0
71368000,0
71370000,0
71372001,0
71374000,0
71376001,0
71378000,0
71380000,0
71382000,0
71384000,0
71386000,0
71388000,0
71390000,0
71392001,0
71394000,0
71396000,0
71398000,0
71400000,0
71402000,0
71404000,0
71406000,0
71408001,0
71410000,0
71412000,0
71414000,0
71416001,0
71418000,0
71420000,0
71422001,0
71424000,0
71426001,0
71428000,0
71430001,0
71432000,0
71434001,0
71436000,0
71438000,0
71440000,0
71442000,0
71444000,0
71446000,0
71448000,0
71450000,0
71452001,0
71454000,0
71456000,0
71458000,0
71460000,0
71462001,0
71464000,0
71466000,0
71468000,0
71470000,0
71472001,0
71474000,0
71476001,0
71478000,0
71480001,0
71482000,0
71484000,0
71486000,0
71488001,0
71490000,0
71492001,0
71494000,0
71496000,0
71498000,0
71500000,0
71502000,0
71504001,0
71506000,0
71508000,0
71510000,0
71512000,0
71514000,0
71516000,0
71518000,0
71520000,0
71522000,0
71524000,0
71526001,0
71528000,0
71530001,0
71532000,0
71534000,0
71536000,0
71538001,0
71540000,0
71542000,0
71544000,0
71546000,0
71548000,0
71550001,0
71552000,0
71554000,0
71556000,0
71558000,0
71560000,0
71562000,0
71564000,0
71566001,0
71568000,0
71570000,0
71572000,0
71574001,0
71576000,0
71578000,0
71580000,0
71582000,0
71584000,0
71586001,0
71588000,0
71590000,0
71592001,0
71594000,0
71596001,0
71598000,0
71600001,0
71602000,0
71604001,0
71606000,0
71608000,0
71610000,0
71612000,0
71614000,0
71616000,0
71618000,0
71620001,0
71622000,0
71624000,0
71626000,0
71628000,0
71630000,0
71632000,0
71634001,0
71636000,0
71638001,0
71640000,0
71642001,0
71644000,0
71646000,0
71648000,0
71650001,0
71652000,0
71654001,0
71656000,0
71658001,0
71660000,0
71662000,0
71664000,0
71666000,0
71668001,0
71670000,0
71672000,0
71674000,0
71676000,0
71678000,0
71680000,0
71682001,0
71684000,0
71686001,0
71688000,0
71690001,0
71692000,0
71694000,0
71696000,0
71698001,0
71700000,0
71702001,0
71704000,0
71706000,0
71708000,0
71710000,0
71712000,0
71714001,0
71716000,0
71718000,0
71720000,0
71722000,0
71724001,0
71726000,0
71728001,0
71730000,0
71732000,0
71734000,0
71736000,0
71738001,0
71740000,0
71742000,0
71744000,0
71746001,0
71748000,0
71750000,0
71752000,0
71754000,0
71756000,0
71758000,0
71760000,0
71762000,0
71764000,0
71766000,0
71768001,0
71770000,0
71772000,0
71774000,0
71776000,0
71778000,0
71780000,0
71782001,0
71784000,0
71786000,0
71788000,0
71790001,0
71792000,0
71794000,0
71796000,0
71798000,0
71800000,0
71802000,0
71804000,0
71806000,0
71808000,0
71810000,0
71812000,0
71814000,0
71816001,0
71818000,0
71820000,0
71822000,0
71824000,0
71826000,0
71828001,0
71830000,0
71832000,0
71834000,0
71836001,0
71838000,0
71840001,0
71842000,0
71844001,0
71846000,0
71848000,0
71850000,0
71852001,0
71854000,0
71856000,0
71858000,0
71860000,0
71862000,0
71864000,0
71866000,0
71868000,0
71870000,0
71872000,0
71874000,0
71876000,0
71878000,0
71880000,0
71882000,0
71884000,0
71886000,0
71888000,0
71890000,0
71892000,0
71894000,0
71896000,0
71898000,0
71900000,0
71902000,0
71904001,0
71906000,0
71908000,0
71910000,0
71912000,0
71914000,0
71916000,0
71918001,0
71920000,0
71922001,0
71924000,0
71926000,0
71928000,0
71930000,0
71932000,0
71934001,0
71936000,0
71938000,0
71940000,0
71942000,0
71944000,0
71946000,0
71948000,0
71950000,0
71952000,0
71954001,0
71956000,0
71958001,0
71960000,0
71962000,0
71964000,0
71966000,0
71968000,0
71970000,0
71972000,0
71974000,0
71976000,0
71978000,0
71980000,0
71982000,0
71984000,0
71986001,0
71988000,0
71990000,0
71992000,0
71994000,0
71996000,0
71998000,0
72000000,0
72002000,0
72004000,0
72006000,0
72008001,0
72010000,0
72012000,0
72014000,0
72016000,0
72018000,0
72020000,0
72022000,0
72024001,0
72026000,0
72028000,0
72030000,0
72032000,0
72034000,0
72036000,0
72038000,0
72040000,0
72042000,0
72044000,0
72046000,0
72048000,0
72050000,0
72052000,0
72054000,0
72056000,0
72058001,0
72060000,0
72062000,0
72064000,0
72066000,0
72068000,0
72070000,0
72072000,0
72074000,0
72076000,0
72078000,0
72080000,0
72082000,0
72084000,0
72086000,0
72088000,0
72090000,0
72092000,0
72094000,0
72096001,0
72098000,0
72100000,0
72102001,0
72104000,0
72106000,0
72108000,0
72110001,0
72112000,0
72114000,0
72116000,0
72118000,0
72120000,0
72122000,0
72124000,0
72126000,0
72128000,0
72130000,0
72132001,0
72134000,0
72136000,0
72138001,0
72140000,0
72142000,0
72144000,0
72146000,0
72148000,0
72150000,0
72152001,0
72154000,0
72156000,0
72158000,0
72160000,0
72162000,0
72164000,0
72166000,0
72168000,0
72170000,0
72172000,0
72174000,0
72176000,0
72178000,0
72180000,0
72182001,0
72184000,0
72186001,0
72188000,0
72190000,0
72192000,0
72194000,0
72196000,0
72198000,0
72200000,0
72202000,0
72204001,0
72206000,0
72208000,0
72210000,0
72212000,0
72214000,0
72216000,0
72218000,0
72220000,0
72222000,0
72224000,0
72226000,0
72228000,0
72230000,0
72232000,0
72234000,0
72236000,0
72238001,0
72240000,0
72242001,0
72244000,0
72246000,0
72248000,0
72250000,0
72252001,0
72254000,0
72256000,0
72258000,0
72260000,0
72262000,0
72264000,0
72266000,0
72268001,0
72270000,0
72272000,0
72274000,0
72276000,0
72278000,0
72280000,0
72282000,0
72284000,0
72286000,0
72288000,0
72290000,0
72292001,0
72294000,0
72296000,0
72298000,0
72300000,0
72302001,0
72304000,0
72306000,0
72308000,0
72310001,0
72312000,0
72314001,0
72316000,0
72318000,0
72320000,0
72322000,0
72324001,0
72326000,0
72328000,0
72330000,0
72332001,0
72334000,0
72336001,0
72338000,0
72340001,0
72342000,0
72344000,0
72346000,0
72348001,0
72350000,0
72352000,0
72354000,0
72356001,0
72358000,0
72360001,0
72362000,0
72364001,0
72366000,0
72368001,0
72370000,0
72372000,0
72374000,0
72376000,0
72378000,0
72380001,0
72382000,0
72384001,0
72386000,0
72388001,0
72390000,0
72392001,0
72394000,0
72396000,0
72398000,0
72400000,0
72402001,0
72404000,0
72406001,0
72408000,0
72410000,0
72412000,0
72414000,0
72416000,0
72418000,0
72420000,0
72422000,0
72424000,0
72426000,0
72428000,0
72430000,0
72432000,0
72434000,0
72436000,0
72438000,0
72440001,0
72442000,0
72444001,0
72446000,0
72448000,0
72450000,0
72452001,0
72454000,0
72456001,0
72458000,0
72460000,0
72462000,0
72464000,0
72466000,0
72468001,0
72470000,0
72472000,0
72474000,0
72476000,0
72478001,0
72480000,0
72482000,0
72484000,0
72486000,0
72488000,0
72490001,0
72492000,0
72494000,0
72496000,0
72498000,0
72500000,0
72502000,0
72504000,0
72506000,0
72508000,0
72510000,0
72512000,0
72514001,0
72516000,0
72518000,0
72520000,0
72522000,0
72524000,0
72526000,0
72528000,0
72530000,0
72532000,0
72534000,0
72536000,0
72538000,0
72540000,0
72542000,0
72544000,0
72546001,0
72548000,0
72550000,0
72552000,0
72554000,0
72556000,0
72558000,0
72560000,0
72562000,0
72564000,0
72566000,0
72568000,0
72570000,0
72572000,0
72574001,0
72576000,0
72578001,0
72580000,0
72582000,0
72584000,0
72586000,0
72588000,0
72590000,0
72592001,0
72594000,0
72596000,0
72598000,0
72600000,0
72602000,0
72604000,0
72606000,0
72608000,0
72610000,0
72612001,0
72614000,0
72616000,0
72618000,0
72620001,0
72622000,0
72624001,0
72626000,0
72628001,0
72630000,0
72632000,0
72634000,0
72636000,0
72638000,0
72640000,0
72642000,0
72644000,0
72646000,0
72648000,0
72650000,0
72652000,0
72654000,0
72656000,0
72658000,0
72660000,0
72662000,0
72664000,0
72666000,0
72668000,0
72670000,0
72672000,0
72674001,0
72676000,0
72678001,0
72680000,0
72682000,0
72684000,0
72686000,0
72688001,0
72690000,0
72692000,0
72694000,0
72696000,0
72698000,0
72700000,0
72702000,0
72704000,0
72706001,0
72708000,0
72710001,0
72712000,0
72714000,0
72716001,0
72718000,0
72720001,0
72722000,0
72724001,0
72726000,0
72728000,0
72730000,0
72732000,0
72734000,0
72736000,0
72738000,0
72740000,0
72742000,0
72744000,0
72746000,0
72748000,0
72750000,0
72752000,0
72754000,0
72756001,0
72758000,0
72760001,0
72762000,0
72764001,0
72766000,0
72768000,0
72770000,0
72772000,0
72774000,0
72776000,0
72778000,0
72780000,0
72782000,0
72784000,0
72786000,0
72788000,0
72790000,0
72792000,0
72794000,0
72796001,0
72798000,0
72800000,0
72802000,0
72804000,0
72806000,0
72808001,0
72810000,0
72812000,0
72814000,0
72816001,0
72818000,0
72820001,0
72822000,0
72824001,0
72826000,0
72828000,0
72830000,0
72832000,0
72834000,0
72836001,0
72838000,0
72840000,0
72842000,0
72844000,0
72846000,0
72848000,0
72850000,0
72852000,0
72854001,0
72856000,0
72858001,0
72860000,0
72862000,0
72864000,0
72866000,0
72868000,0
72870000,0
72872001,0
72874000,0
72876001,0
72878000,0
72880000,0
72882000,0
72884000,0
72886000,0
72888000,0
72890001,0
72892000,0
72894000,0
72896000,0
72898000,0
72900000,0
72902000,0
72904001,0
72906000,0
72908001,0
72910000,0
72912001,0
72914000,0
72916000,0
72918000,0
72920001,0
72922000,0
72924001,0
72926000,0
72928001,0
72930000,0
72932000,0
72934000,0
72936001,0
72938000,0
72940000,0
72942000,0
72944000,0
72946001,0
72948000,0
72950001,0
72952000,0
72954000,0
72956000,0
72958001,0
72960000,0
72962000,0
72964000,0
72966000,0
72968000,0
72970001,0
72972000,0
72974000,0
72976000,0
72978000,0
72980001,0
72982000,0
72984001,0
72986000,0
72988000,0
72990000,0
72992000,0
72994000,0
72996000,0
72998001,0
73000000,0
73002000,0
73004000,0
73006000,0
73008000,0
73010000,0
73012000,0
73014001,0
73016000,0
73018000,0
73020000,0
73022000,0
73024001,0
73026000,0
73028000,0
73030000,0
73032000,0
73034000,0
73036001,0
73038000,0
73040001,0
73042000,0
73044000,0
73046000,0
73048000,0
73050000,0
73052000,0
73054000,0
73056000,0
73058000,0
73060000,0
73062001,0
73064000,0
73066001,0
73068000,0
73070000,0
73072000,0
73074000,0
73076000,0
73078000,0
73080001,0
73082000,0
73084000,0
73086000,0
73088001,0
73090000,0
73092001,0
73094000,0
73096001,0
73098000,0
73100001,0
73102000,0
73104001,0
73106000,0
73108000,0
73110000,0
73112001,0
73114000,0
73116001,0
73118000,0
73120000,0
73122000,0
73124000,0
73126000,0
73128000,0
73130001,0
73132000,0
73134000,0
73136000,0
73138000,0
73140000,0
73142000,0
73144000,0
73146000,0
73148000,0
73150000,0
73152000,0
73154000,0
73156000,0
73158000,0
73160000,0
73162000,0
73164001,0
73166000,0
73168000,0
73170000,0
73172000,0
73174000,0
73176000,0
73178000,0
73180000,0
73182000,0
73184000,0
73186000,0
73188001,0
73190000,0
73192000,0
73194000,0
73196000,0
73198000,0
73200000,0
73202000,0
73204001,0
73206000,0
73208001,0
73210000,0
73212000,0
73214000,0
73216001,0
73218000,0
73220000,0
73222000,0
73224001,0
73226000,0
73228000,0
73230000,0
73232000,0
73234000,0
73236000,0
73238000,0
73240000,0
73242000,0
73244000,0
73246000,0
73248000,0
73250000,0
73252000,0
73254000,0
73256001,0
73258000,0
73260000,0
73262000,0
73264000,0
73266000,0
73268001,0
73270000,0
73272000,0
73274000,0
73276000,0
73278000,0
73280000,0
73282000,0
73284000,0
73286000,0
73288000,0
73290001,0
73292000,0
73294000,0
73296000,0
73298001,0
73300000,0
73302000,0
73304000,0
73306001,0
73308000,0
73310001,0
73312000,0
73314000,0
73316000,0
73318000,0
73320000,0
73322000,0
73324000,0
73326000,0
73328000,0
73330000,0
73332000,0
73334000,0
73336000,0
73338001,0
73340000,0
73342000,0
73344001,0
73346000,0
73348000,0
73350000,0
73352000,0
73354000,0
73356001,0
73358000,0
73360001,0
73362000,0
73364000,0
73366000,0
73368000,0
73370000,0
73372000,0
73374000,0
73376000,0
73378001,0
73380000,0
73382000,0
73384000,0
73386001,0
73388000,0
73390000,0
73392000,0
73394000,0
73396001,0
73398000,0
73400000,0
73402000,0
73404000,0
73406001,0
73408000,0
73410000,0
73412000,0
73414001,0
73416000,0
73418001,0
73420000,0
73422000,0
73424000,0
73426000,0
73428000,0
73430001,0
73432000,0
73434001,0
73436000,0
73438000,0
73440000,0
73442001,0
73444000,0
73446000,0
73448000,0
73450000,0
73452000,0
73454000,0
73456001,0
73458000,0
73460001,0
73462000,0
73464000,0
73466000,0
73468000,0
73470000,0
73472000,0
73474000,0
73476000,0
73478000,0
73480001,0
73482000,0
73484001,0
73486000,0
73488000,0
73490000,0
73492000,0
73494000,0
73496000,0
73498000,0
73500000,0
73502001,0
73504000,0
73506000,0
73508000,0
73510001,0
73512000,0
73514000,0
73516000,0
73518000,0
73520000,0
73522000,0
73524000,0
73526001,0
73528000,0
73530001,0
73532000,0
73534000,0
73536000,0
73538001,0
73540000,0
73542001,0
73544000,0
73546000,0
73548000,0
73550001,0
73552000,0
73554000,0
73556000,0
73558000,0
73560000,0
73562000,0
73564000,0
73566000,0
73568001,0
73570000,0
73572000,0
73574000,0
73576000,0
73578000,0
73580000,0
73582000,0
73584001,0
73586000,0
73588000,0
73590000,0
73592000,0
73594000,0
73596000,0
73598000,0
73600000,0
73602000,0
73604001,0
73606000,0
73608000,0
73610000,0
73612000,0
73614000,0
73616000,0
73618000,0
73620000,0
73622001,0
73624000,0
73626001,0
73628000,0
73630000,0
73632000,0
73634001,0
73636000,0
73638001,0
73640000,0
73642001,0
73644000,0
73646000,0
73648000,0
73650001,0
73652000,0
73654001,0
73656000,0
73658000,0
73660000,0
73662000,0
73664001,0
73666000,0
73668000,0
73670000,0
73672000,0
73674000,0
73676000,0
73678000,0
73680000,0
73682000,0
73684000,0
73686001,0
73688000,0
73690001,0
73692000,0
73694001,0
73696000,0
73698000,0
73700000,0
73702000,0
73704000,0
73706001,0
73708000,0
73710000,0
73712000,0
73714001,0
73716000,0
73718000,0
73720000,0
73722000,0
73724000,0
73726000,0
73728000,0
73730001,0
73732000,0
73734000,0
73736000,0
73738000,0
73740000,0
73742001,0
73744000,0
73746001,0
73748000,0
73750000,0
73752000,0
73754000,0
73756000,0
73758000,0
73760000,0
73762000,0
73764000,0
73766000,0
73768000,0
73770001,0
73772000,0
73774000,0
73776000,0
73778000,0
73780000,0
73782000,0
73784000,0
73786000,0
73788000,0
73790000,0
73792000,0
73794000,0
73796000,0
73798000,0
73800000,0
73802000,0
73804000,0
73806000,0
73808000,0
73810000,0
73812000,0
73814001,0
73816000,0
73818000,0
73820000,0
73822000,0
73824000,0
73826001,0
73828000,0
73830000,0
73832000,0
73834001,0
73836000,0
73838000,0
73840000,0
73842000,0
73844000,0
73846000,0
73848001,0
73850000,0
73852000,0
73854000,0
73856000,0
73858000,0
73860000,0
73862000,0
73864001,0
73866000,0
73868000,0
73870000,0
73872000,0
73874000,0
73876001,0
73878000,0
73880000,0
73882000,0
73884000,0
73886000,0
73888001,0
73890000,0
73892001,0
73894000,0
73896000,0
73898000,0
73900000,0
73902000,0
73904001,0
73906000,0
73908000,0
73910000,0
73912001,0
73914000,0
73916000,0
73918000,0
73920000,0
73922001,0
73924000,0
73926000,0
73928000,0
73930000,0
73932000,0
73934000,0
73936000,0
73938000,0
73940000,0
73942000,0
73944000,0
73946000,0
73948000,0
73950000,0
73952001,0
73954000,0
73956000,0
73958000,0
73960000,0
73962000,0
73964000,0
73966001,0
73968000,0
73970000,0
73972001,0
73974000,0
73976000,0
73978000,0
73980000,0
73982000,0
73984001,0
73986000,0
73988000,0
73990000,0
73992000,0
73994000,0
73996000,0
73998000,0
74000001,0
74002000,0
74004001,0
74006000,0
74008000,0
74010000,0
74012000,0
74014000,0
74016001,0
74018000,0
74020001,0
74022000,0
74024000,0
74026000,0
74028000,0
74030001,0
74032000,0
74034001,0
74036000,0
74038000,0
74040000,0
74042000,0
74044000,0
74046000,0
74048001,0
74050000,0
74052000,0
74054000,0
74056000,0
74058000,0
74060000,0
74062000,0
74064000,0
74066000,0
74068000,0
74070000,0
74072000,0
74074000,0
74076001,0
74078000,0
74080000,0
74082000,0
74084000,0
74086000,0
74088000,0
74090000,0
74092000,0
74094000,0
74096001,0
74098000,0
74100001,0
74102000,0
74104000,0
74106000,0
74108001,0
74110000,0
74112000,0
74114000,0
74116000,0
74118000,0
74120001,0
74122000,0
74124000,0
74126000,0
74128000,0
74130000,0
74132000,0
74134000,0
74136000,0
74138000,0
74140001,0
74142000,0
74144001,0
74146000,0
74148000,0
74150000,0
74152001,0
74154000,0
74156001,0
74158000,0
74160000,0
74162000,0
74164001,0
74166000,0
74168001,0
74170000,0
74172001,0
74174000,0
74176000,0
74178000,0
74180000,0
74182000,0
74184000,0
74186000,0
74188000,0
74190000,0
74192000,0
74194000,0
74196000,0
74198000,0
74200001,0
74202000,0
74204001,0
74206000,0
74208001,0
74210000,0
74212001,0
74214000,0
74216000,0
74218001,0
74220000,0
74222000,0
74224000,0
74226000,0
74228000,0
74230001,0
74232000,0
74234000,0
74236000,0
74238000,0
74240000,0
74242000,0
74244000,0
74246000,0
74248000,0
74250001,0
74252000,0
74254000,0
74256000,0
74258000,0
74260000,0
74262001,0
74264000,0
74266000,0
74268000,0
74270001,0
74272000,0
74274000,0
74276000,0
74278000,0
74280000,0
74282000,0
74284000,0
74286000,0
74288000,0
74290000,0
74292000,0
74294000,0
74296000,0
74298000,0
74300000,0
74302000,0
74304000,0
74306000,0
74308001,0
74310000,0
74312000,0
74314000,0
74316001,0
74318000,0
74320000,0
74322000,0
74324001,0
74326000,0
74328000,0
74330000,0
74332000,0
74334000,0
74336000,0
74338001,0
74340000,0
74342000,0
74344000,0
74346000,0
74348000,0
74350001,0
74352000,0
74354000,0
74356000,0
74358000,0
74360000,0
74362000,0
74364000,0
74366001,0
74368000,0
74370000,0
74372000,0
74374000,0
74376001,0
74378000,0
74380000,0
74382000,0
74384001,0
74386000,0
74388000,0
74390000,0
74392001,0
74394000,0
74396001,0
74398000,0
74400001,0
74402000,0
74404001,0
74406000,0
74408000,0
74410000,0
74412000,0
74414000,0
74416001,0
74418000,0
74420000,0
74422000,0
74424000,0
74426000,0
74428000,0
74430001,0
74432000,0
74434000,0
74436000,0
74438000,0
74440000,0
74442001,0
74444000,0
74446000,0
74448001,0
74450000,0
74452000,0
74454000,0
74456000,0
74458001,0
74460000,0
74462000,0
74464000,0
74466001,0
74468000,0
74470000,0
74472000,0
74474001,0
74476000,0
74478000,0
74480000,0
74482001,0
74484000,0
74486001,0
74488000,0
74490001,0
74492000,0
74494001,0
74496000,0
74498001,0
74500000,0
74502000,0
74504000,0
74506000,0
74508000,0
74510000,0
74512000,0
74514000,0
74516000,0
74518001,0
74520000,0
74522000,0
74524000,0
74526000,0
74528000,0
74530000,0
74532000,0
74534000,0
74536000,0
74538000,0
74540000,0
74542000,0
74544000,0
74546001,0
74548000,0
74550000,0
74552000,0
74554000,0
74556000,0
74558000,0
74560000,0
74562000,0
74564000,0
74566001,0
74568000,0
74570000,0
74572000,0
74574000,0
74576000,0
74578001,0
74580000,0
74582000,0
74584000,0
74586001,0
74588000,0
74590000,0
74592000,0
74594001,0
74596000,0
74598001,0
74600000,0
74602000,0
74604000,0
74606001,0
74608000,0
74610001,0
74612000,0
74614000,0
74616000,0
74618000,0
74620000,0
74622001,0
74624000,0
74626000,0
74628000,0
74630000,0
74632000,0
74634000,0
74636000,0
74638001,0
74640000,0
74642001,0
74644000,0
74646000,0
74648000,0
74650000,0
74652000,0
74654000,0
74656000,0
74658000,0
74660000,0
74662000,0
74664000,0
74666000,0
74668000,0
74670000,0
74672000,0
74674000,0
74676000,0
74678001,0
74680000,0
74682001,0
74684000,0
74686000,0
74688000,0
74690001,0
74692000,0
74694000,0
74696000,0
74698001,0
74700000,0
74702000,0
74704000,0
74706000,0
74708001,0
74710000,0
74712001,0
74714000,0
74716000,0
74718000,0
74720001,0
74722000,0
74724000,0
74726000,0
74728000,0
74730000,0
74732000,0
74734000,0
74736000,0
74738000,0
74740001,0
74742000,0
74744000,0
74746000,0
74748000,0
74750000,0
74752000,0
74754000,0
74756000,0
74758000,0
74760001,0
74762000,0
74764001,0
74766000,0
74768000,0
74770000,0
74772001,0
74774000,0
74776001,0
74778000,0
74780000,0
74782000,0
74784000,0
74786000,0
74788000,0
74790001,0
74792000,0
74794001,0
74796000,0
74798000,0
74800000,0
74802000,0
74804001,0
74806000,0
74808001,0
74810000,0
74812000,0
74814000,0
74816000,0
74818000,0
74820000,0
74822000,0
74824000,0
74826001,0
74828000,0
74830000,0
74832001,0
74834000,0
74836000,0
74838000,0
74840001,0
74842000,0
74844000,0
74846000,0
74848000,0
74850001,0
74852000,0
74854001,0
74856000,0
74858001,0
74860000,0
74862000,0
74864001,0
74866000,0
74868001,0
74870000,0
74872000,0
74874000,0
74876000,0
74878000,0
74880001,0
74882000,0
74884000,0
74886000,0
74888000,0
74890000,0
74892000,0
74894000,0
74896000,0
74898000,0
74900000,0
74902000,0
74904000,0
74906000,0
74908001,0
74910000,0
74912000,0
74914000,0
74916001,0
74918000,0
74920001,0
74922000,0
74924000,0
74926000,0
74928001,0
74930000,0
74932000,0
74934000,0
74936000,0
74938000,0
74940000,0
74942000,0
74944001,0
74946000,0
74948000,0
74950000,0
74952001,0
74954000,0
74956000,0
74958001,0
74960000,0
74962000,0
74964000,0
74966000,0
74968001,0
74970000,0
74972001,0
74974000,0
74976000,0
74978000,0
74980000,0
74982000,0
74984000,0
74986000,0
74988000,0
74990001,0
74992000,0
74994001,0
74996000,0
74998000,0
75000000,0
75002000,0
75004001,0
75006000,0
75008001,0
75010000,0
75012000,0
75014000,0
75016000,0
75018000,0
75020000,0
75022000,0
75024000,0
75026000,0
75028000,0
75030000,0
75032000,0
75034000,0
75036001,0
75038000,0
75040001,0
75042000,0
75044000,0
75046001,0
75048000,0
75050000,0
75052000,0
75054000,0
75056000,0
75058001,0
75060000,0
75062000,0
75064000,0
75066000,0
75068000,0
75070000,0
75072000,0
75074000,0
75076000,0
75078000,0
75080000,0
75082001,0
75084000,0
75086000,0
75088000,0
75090000,0
75092000,0
75094000,0
75096000,0
75098000,0
75100001,0
75102000,0
75104000,0
75106000,0
75108000,0
75110000,0
75112000,0
75114000,0
75116000,0
75118001,0
75120000,0
75122001,0
75124000,0
75126000,0
75128000,0
75130000,0
75132000,0
75134000,0
75136000,0
75138000,0
75140000,0
75142000,0
75144000,0
75146001,0
75148000,0
75150001,0
75152000,0
75154000,0
75156001,0
75158000,0
75160001,0
75162000,0
75164000,0
75166000,0
75168000,0
75170000,0
75172000,0
75174000,0
75176000,0
75178000,0
75180000,0
75182000,0
75184000,0
75186000,0
75188000,0
75190000,0
75192000,0
75194000,0
75196000,0
75198000,0
75200000,0
75202000,0
75204001,0
75206000,0
75208001,0
75210000,0
75212000,0
75214000,0
75216000,0
75218001,0
75220000,0
75222001,0
75224000,0
75226001,0
75228000,0
75230001,0
75232000,0
75234000,0
75236000,0
75238000,0
75240000,0
75242000,0
75244000,0
75246000,0
75248001,0
75250000,0
75252001,0
75254000,0
75256000,0
75258000,0
75260001,0
75262000,0
75264000,0
75266000,0
75268000,0
75270000,0
75272001,0
75274000,0
75276001,0
75278000,0
75280000,0
75282000,0
75284000,0
75286000,0
75288000,0
75290000,0
75292000,0
75294001,0
75296000,0
75298001,0
75300000,0
75302000,0
75304001,0
75306000,0
75308001,0
75310000,0
75312001,0
75314000,0
75316000,0
75318000,0
75320000,0
75322000,0
75324000,0
75326000,0
75328000,0
75330000,0
75332000,0
75334000,0
75336000,0
75338000,0
75340000,0
75342000,0
75344000,0
75346001,0
75348000,0
75350000,0
75352000,0
75354001,0
75356000,0
75358001,0
75360000,0
75362001,0
75364000,0
75366000,0
75368000,0
75370000,0
75372001,0
75374000,0
75376000,0
75378001,0
75380000,0
75382000,0
75384000,0
75386000,0
75388001,0
75390000,0
75392000,0
75394000,0
75396000,0
75398000,0
75400000,0
75402000,0
75404000,0
75406001,0
75408000,0
75410000,0
75412000,0
75414000,0
75416000,0
75418000,0
75420000,0
75422000,0
75424000,0
75426001,0
75428000,0
75430001,0
75432000,0
75434001,0
75436000,0
75438000,0
75440000,0
75442000,0
75444000,0
75446000,0
75448000,0
75450001,0
75452000,0
75454000,0
75456001,0
75458000,0
75460001,0
75462000,0
75464000,0
75466000,0
75468000,0
75470000,0
75472000,0
75474000,0
75476001,0
75478000,0
75480000,0
75482000,0
75484001,0
75486000,0
75488001,0
75490000,0
75492001,0
75494000,0
75496001,0
75498000,0
75500001,0
75502000,0
75504000,0
75506000,0
75508001,0
75510000,0
75512001,0
75514000,0
75516000,0
75518000,0
75520001,0
75522000,0
75524000,0
75526000,0
75528001,0
75530000,0
75532001,0
75534000,0
75536001,0
75538000,0
75540000,0
75542001,0
75544000,0
75546000,0
75548000,0
75550001,0
75552000,0
75554001,0
75556000,0
75558000,0
75560000,0
75562001,0
75564000,0
75566001,0
75568000,0
75570001,0
75572000,0
75574000,0
75576000,0
75578000,0
75580000,0
75582000,0
75584001,0
75586000,0
75588001,0
75590000,0
75592000,0
75594000,0
75596000,0
75598000,0
75600001,0
75602000,0
75604000,0
75606000,0
75608000,0
75610000,0
75612001,0
75614000,0
75616001,0
75618000,0
75620001,0
75622000,0
75624001,0
75626000,0
75628001,0
75630000,0
75632000,0
75634000,0
75636001,0
75638000,0
75640000,0
75642000,0
75644000,0
75646000,0
75648000,0
75650000,0
75652000,0
75654000,0
75656000,0
75658000,0
75660001,0
75662000,0
75664000,0
75666000,0
75668000,0
75670000,0
75672000,0
75674001,0
75676000,0
75678000,0
75680000,0
75682000,0
75684000,0
75686000,0
75688000,0
75690000,0
75692000,0
75694000,0
75696000,0
75698000,0
75700000,0
75702001,0
75704000,0
75706000,0
75708000,0
75710000,0
75712000,0
75714000,0
75716000,0
75718000,0
75720001,0
75722000,0
75724000,0
75726000,0
75728000,0
75730001,0
75732000,0
75734000,0
75736000,0
75738000,0
75740000,0
75742000,0
75744001,0
75746000,0
75748000,0
75750000,0
75752001,0
75754000,0
75756000,0
75758000,0
75760001,0
75762000,0
75764000,0
75766000,0
75768000,0
75770000,0
75772000,0
75774000,0
75776000,0
75778000,0
75780000,0
75782000,0
75784001,0
75786000,0
75788001,0
75790000,0
75792000,0
75794000,0
75796000,0
75798000,0
75800001,0
75802000,0
75804001,0
75806000,0
75808000,0
75810001,0
75812000,0
75814000,0
75816000,0
75818000,0
75820000,0
75822000,0
75824000,0
75826000,0
75828000,0
75830000,0
75832000,0
75834000,0
75836000,0
75838001,0
75840000,0
75842001,0
75844000,0
75846000,0
75848000,0
75850000,0
75852000,0
75854000,0
75856000,0
75858000,0
75860000,0
75862000,0
75864000,0
75866000,0
75868000,0
75870000,0
75872000,0
75874000,0
75876000,0
75878000,0
75880000,0
75882001,0
75884000,0
75886001,0
75888000,0
75890000,0
75892000,0
75894001,0
75896000,0
75898000,0
75900000,0
75902000,0
75904000,0
75906000,0
75908001,0
75910000,0
75912000,0
75914000,0
75916000,0
75918000,0
75920001,0
75922000,0
75924001,0
75926000,0
75928000,0
75930001,0
75932000,0
75934000,0
75936000,0
75938000,0
75940000,0
75942000,0
75944000,0
75946000,0
75948000,0
75950000,0
75952000,0
75954000,0
75956000,0
75958000,0
75960000,0
75962000,0
75964000,0
75966001,0
75968000,0
75970000,0
75972000,0
75974000,0
75976000,0
75978000,0
75980000,0
75982001,0
75984000,0
75986001,0
75988000,0
75990000,0
75992000,0
75994000,0
75996000,0
75998000,0
76000000,0
76002001,0
76004000,0
76006001,0
76008000,0
76010000,0
76012000,0
76014001,0
76016000,0
76018000,0
76020000,0
76022000,0
76024000,0
76026000,0
76028001,0
76030000,0
76032000,0
76034000,0
76036000,0
76038000,0
76040000,0
76042000,0
76044000,0
76046000,0
76048000,0
76050000,0
76052000,0
76054000,0
76056001,0
76058000,0
76060000,0
76062000,0
76064000,0
76066000,0
76068000,0
76070000,0
76072000,0
76074000,0
76076000,0
76078000,0
76080000,0
76082000,0
76084000,0
76086000,0
76088000,0
76090001,0
76092000,0
76094001,0
76096000,0
76098001,0
76100000,0
76102001,0
76104000,0
76106000,0
76108000,0
76110000,0
76112000,0
76114000,0
76116000,0
76118001,0
76120000,0
76122000,0
76124000,0
76126000,0
76128001,0
76130000,0
76132001,0
76134000,0
76136000,0
76138000,0
76140001,0
76142000,0
76144000,0
76146000,0
76148001,0
76150000,0
76152000,0
76154000,0
76156000,0
76158000,0
76160001,0
76162000,0
76164000,0
76166000,0
76168000,0
76170000,0
76172000,0
76174000,0
76176000,0
76178000,0
76180001,0
76182000,0
76184000,0
76186000,0
76188001,0
76190000,0
76192001,0
76194000,0
76196001,0
76198000,0
76200000,0
76202000,0
76204001,0
76206000,0
76208001,0
76210000,0
76212000,0
76214000,0
76216000,0
76218001,0
76220000,0
76222001,0
76224000,0
76226001,0
76228000,0
76230000,0
76232000,0
76234000,0
76236000,0
76238001,0
76240000,0
76242000,0
76244000,0
76246000,0
76248000,0
76250000,0
76252000,0
76254000,0
76256000,0
76258000,0
76260000,0
76262000,0
76264000,0
76266000,0
76268000,0
76270000,0
76272001,0
76274000,0
76276000,0
76278000,0
76280000,0
76282000,0
76284000,0
76286000,0
76288000,0
76290001,0
76292000,0
76294000,0
76296000,0
76298001,0
76300000,0
76302001,0
76304000,0
76306000,0
76308000,0
76310001,0
76312000,0
76314001,0
76316000,0
76318000,0
76320000,0
76322000,0
76324000,0
76326000,0
76328000,0
76330000,0
76332000,0
76334000,0
76336000,0
76338000,0
76340001,0
76342000,0
76344000,0
76346000,0
76348000,0
76350000,0
76352000,0
76354000,0
76356000,0
76358000,0
76360001,0
76362000,0
76364000,0
76366000,0
76368001,0
76370000,0
76372001,0
76374000,0
76376000,0
76378000,0
76380001,0
76382000,0
76384001,0
76386000,0
76388000,0
76390000,0
76392000,0
76394000,0
76396000,0
76398000,0
76400001,0
76402000,0
76404001,0
76406000,0
76408001,0
76410000,0
76412001,0
76414000,0
76416000,0
76418001,0
76420000,0
76422000,0
76424000,0
76426000,0
76428001,0
76430000,0
76432000,0
76434000,0
76436001,0
76438000,0
76440000,0
76442000,0
76444000,0
76446000,0
76448000,0
76450000,0
76452000,0
76454000,0
76456000,0
76458000,0
76460000,0
76462000,0
76464000,0
76466001,0
76468000,0
76470000,0
76472000,0
76474000,0
76476000,0
76478000,0
76480000,0
76482000,0
76484000,0
76486000,0
76488000,0
76490000,0
76492000,0
76494001,0
76496000,0
76498000,0
76500001,0
76502000,0
76504001,0
76506000,0
76508000,0
76510000,0
76512000,0
76514000,0
76516000,0
76518000,0
76520001,0
76522000,0
76524000,0
76526000,0
76528001,0
76530000,0
76532000,0
76534000,0
76536000,0
76538001,0
76540000,0
76542000,0
76544000,0
76546000,0
76548000,0
76550000,0
76552000,0
76554001,0
76556000,0
76558001,0
76560000,0
76562001,0
76564000,0
76566000,0
76568000,0
76570000,0
76572000,0
76574000,0
76576000,0
76578000,0
76580000,0
76582000,0
76584000,0
76586000,0
76588000,0
76590001,0
76592000,0
76594000,0
76596000,0
76598001,0
76600000,0
76602000,0
76604000,0
76606001,0
76608000,0
76610000,0
76612000,0
76614000,0
76616000,0
76618000,0
76620000,0
76622001,0
76624000,0
76626001,0
76628000,0
76630000,0
76632000,0
76634000,0
76636000,0
76638000,0
76640000,0
76642000,0
76644000,0
76646000,0
76648000,0
76650000,0
76652000,0
76654000,0
76656001,0
76658000,0
76660000,0
76662000,0
76664000,0
76666000,0
76668000,0
76670001,0
76672000,0
76674000,0
76676000,0
76678000,0
76680000,0
76682000,0
76684000,0
76686000,0
76688000,0
76690000,0
76692000,0
76694000,0
76696000,0
76698000,0
76700000,0
76702000,0
76704000,0
76706001,0
76708000,0
76710001,0
76712000,0
76714000,0
76716000,0
76718000,0
76720001,0
76722000,0
76724001,0
76726000,0
76728000,0
76730000,0
76732000,0
76734000,0
76736000,0
76738001,0
76740000,0
76742001,0
76744000,0
76746001,0
76748000,0
76750000,0
76752000,0
76754001,0
76756000,0
76758001,0
76760000,0
76762001,0
76764000,0
76766000,0
76768000,0
76770001,0
76772000,0
76774000,0
76776000,0
76778000,0
76780000,0
76782000,0
76784000,0
76786000,0
76788000,0
76790000,0
76792001,0
76794000,0
76796000,0
76798000,0
76800001,0
76802000,0
76804000,0
76806000,0
76808000,0
76810000,0
76812000,0
76814000,0
76816000,0
76818001,0
76820000,0
76822000,0
76824000,0
76826000,0
76828001,0
76830000,0
76832001,0
76834000,0
76836000,0
76838000,0
76840000,0
76842000,0
76844000,0
76846000,0
76848000,0
76850000,0
76852000,0
76854000,0
76856000,0
76858000,0
76860000,0
76862001,0
76864000,0
76866000,0
76868000,0
76870000,0
76872000,0
76874001,0
76876000,0
76878000,0
76880000,0
76882000,0
76884000,0
76886001,0
76888000,0
76890000,0
76892000,0
76894000,0
76896000,0
76898000,0
76900000,0
76902000,0
76904000,0
76906001,0
76908000,0
76910001,0
76912000,0
76914000,0
76916000,0
76918000,0
76920000,0
76922000,0
76924000,0
76926000,0
76928001,0
76930000,0
76932000,0
76934001,0
76936000,0
76938000,0
76940000,0
76942000,0
76944000,0
76946000,0
76948000,0
76950000,0
76952000,0
76954000,0
76956001,0
76958000,0
76960000,0
76962000,0
76964000,0
76966000,0
76968000,0
76970000,0
76972000,0
76974000,0
76976000,0
76978001,0
76980000,0
76982001,0
76984000,0
76986001,0
76988000,0
76990001,0
76992000,0
76994000,0
76996000,0
76998000,0
77000001,0
77002000,0
77004000,0
77006000,0
77008001,0
77010000,0
77012000,0
77014000,0
77016001,0
77018000,0
77020000,0
77022000,0
77024000,0
77026000,0
77028001,0
77030000,0
77032001,0
77034000,0
77036000,0
77038000,0
77040001,0
77042000,0
77044000,0
77046000,0
77048000,0
77050001,0
77052000,0
77054000,0
77056000,0
77058000,0
77060000,0
77062000,0
77064001,0
77066000,0
77068000,0
77070000,0
77072000,0
77074000,0
77076000,0
77078000,0
77080000,0
77082000,0
77084001,0
77086000,0
77088000,0
77090000,0
77092000,0
77094000,0
77096001,0
77098000,0
77100000,0
77102000,0
77104001,0
77106000,0
77108001,0
77110000,0
77112001,0
77114000,0
77116000,0
77118000,0
77120000,0
77122000,0
77124000,0
77126001,0
77128000,0
77130000,0
77132001,0
77134000,0
77136000,0
77138000,0
77140000,0
77142001,0
77144000,0
77146000,0
77148001,0
77150000,0
77152000,0
77154000,0
77156000,0
77158000,0
77160000,0
77162000,0
77164000,0
77166000,0
77168000,0
77170000,0
77172000,0
77174000,0
77176000,0
77178001,0
77180000,0
77182000,0
77184000,0
77186000,0
77188000,0
77190000,0
77192000,0
77194001,0
77196000,0
77198000,0
77200000,0
77202000,0
77204000,0
77206000,0
77208000,0
77210000,0
77212000,0
77214000,0
77216000,0
77218000,0
77220000,0
77222000,0
77224000,0
77226000,0
77228000,0
77230000,0
77232000,0
77234000,0
77236000,0
77238000,0
77240001,0
77242000,0
77244001,0
77246000,0
77248001,0
77250000,0
77252000,0
77254000,0
77256000,0
77258000,0
77260000,0
77262000,0
77264001,0
77266000,0
77268000,0
77270000,0
77272000,0
77274000,0
77276000,0
77278000,0
77280000,0
77282000,0
77284000,0
77286000,0
77288000,0
77290000,0
77292000,0
77294000,0
77296000,0
77298000,0
77300000,0
77302000,0
77304001,0
77306000,0
77308000,0
77310000,0
77312000,0
77314001,0
77316000,0
77318001,0
77320000,0
77322001,0
77324000,0
77326000,0
77328000,0
77330000,0
77332001,0
77334000,0
77336000,0
77338000,0
77340000,0
77342000,0
77344000,0
77346000,0
77348000,0
77350001,0
77352000,0
77354000,0
77356000,0
77358000,0
77360001,0
77362000,0
77364000,0
77366000,0
77368000,0
77370000,0
77372000,0
77374000,0
77376000,0
77378001,0
77380000,0
77382000,0
77384000,0
77386001,0
77388000,0
77390000,0
77392000,0
77394000,0
77396000,0
77398000,0
77400000,0
77402000,0
77404000,0
77406000,0
77408000,0
77410001,0
77412000,0
77414000,0
77416000,0
77418000,0
77420000,0
77422000,0
77424000,0
77426000,0
77428000,0
77430000,0
77432000,0
77434000,0
77436000,0
77438000,0
77440000,0
77442000,0
77444000,0
77446000,0
77448000,0
77450000,0
77452000,0
77454000,0
77456000,0
77458000,0
77460000,0
77462001,0
77464000,0
77466000,0
77468000,0
77470001,0
77472000,0
77474000,0
77476000,0
77478000,0
77480001,0
77482000,0
77484000,0
77486000,0
77488000,0
77490000,0
77492000,0
77494000,0
77496000,0
77498000,0
77500000,0
77502000,0
77504000,0
77506000,0
77508001,0
77510000,0
77512001,0
77514000,0
77516000,0
77518001,0
77520000,0
77522001,0
77524000,0
77526000,0
77528001,0
77530000,0
77532000,0
77534000,0
77536000,0
77538000,0
77540000,0
77542000,0
77544000,0
77546000,0
77548000,0
77550000,0
77552000,0
77554001,0
77556000,0
77558000,0
77560000,0
77562000,0
77564000,0
77566000,0
77568000,0
77570001,0
77572000,0
77574000,0
77576000,0
77578000,0
77580000,0
77582000,0
77584000,0
77586000,0
77588000,0
77590000,0
77592000,0
77594001,0
77596000,0
77598001,0
77600000,0
77602000,0
77604000,0
77606000,0
77608000,0
77610001,0
77612000,0
77614000,0
77616000,0
77618000,0
77620000,0
77622000,0
77624000,0
77626000,0
77628000,0
77630000,0
77632000,0
77634000,0
77636001,0
77638000,0
77640001,0
77642000,0
77644000,0
77646001,0
77648000,0
77650000,0
77652000,0
77654000,0
77656000,0
77658000,0
77660001,0
77662000,0
77664000,0
77666000,0
77668000,0
77670000,0
77672000,0
77674000,0
77676000,0
77678000,0
77680001,0
77682000,0
77684000,0
77686000,0
77688001,0
77690000,0
77692001,0
77694000,0
77696000,0
77698000,0
77700000,0
77702001,0
77704000,0
77706000,0
77708000,0
77710001,0
77712000,0
77714000,0
77716000,0
77718000,0
77720000,0
77722001,0
77724000,0
77726001,0
77728000,0
77730000,0
77732000,0
77734001,0
77736000,0
77738001,0
77740000,0
77742000,0
77744000,0
77746000,0
77748000,0
77750000,0
77752000,0
77754000,0
77756000,0
77758001,0
77760000,0
77762001,0
77764000,0
77766000,0
77768000,0
77770000,0
77772000,0
77774000,0
77776000,0
77778001,0
77780000,0
77782001,0
77784000,0
77786000,0
77788000,0
77790000,0
77792001,0
77794000,0
77796000,0
77798000,0
77800000,0
77802000,0
77804000,0
77806000,0
77808000,0
77810001,0
77812000,0
77814000,0
77816000,0
77818001,0
77820000,0
77822000,0
77824000,0
77826000,0
77828000,0
77830000,0
77832000,0
77834001,0
77836000,0
77838000,0
77840001,0
77842000,0
77844001,0
77846000,0
77848000,0
77850000,0
77852000,0
77854000,0
77856000,0
77858000,0
77860001,0
77862000,0
77864001,0
77866000,0
77868000,0
77870000,0
77872000,0
77874000,0
77876000,0
77878000,0
77880000,0
77882000,0
77884000,0
77886000,0
77888000,0
77890000,0
77892000,0
77894000,0
77896000,0
77898000,0
77900000,0
77902000,0
77904000,0
77906001,0
77908000,0
77910001,0
77912000,0
77914000,0
77916000,0
77918000,0
77920000,0
77922001,0
77924000,0
77926000,0
77928000,0
77930000,0
77932000,0
77934000,0
77936001,0
77938000,0
77940000,0
77942000,0
77944000,0
77946000,0
77948000,0
77950000,0
77952000,0
77954000,0
77956000,0
77958001,0
77960000,0
77962000,0
77964001,0
77966000,0
77968000,0
77970000,0
77972001,0
77974000,0
77976000,0
77978000,0
77980001,0
77982000,0
77984001,0
77986000,0
77988000,0
77990000,0
77992000,0
77994000,0
77996000,0
77998000,0
78000000,0
78002000,0
78004000,0
78006000,0
78008000,0
78010000,0
78012000,0
78014001,0
78016000,0
78018000,0
78020000,0
78022000,0
78024001,0
78026000,0
78028000,0
78030000,0
78032000,0
78034001,0
78036000,0
78038001,0
78040000,0
78042000,0
78044001,0
78046000,0
78048000,0
78050000,0
78052000,0
78054001,0
78056000,0
78058000,0
78060000,0
78062000,0
78064000,0
78066000,0
78068000,0
78070000,0
78072000,0
78074001,0
78076000,0
78078001,0
78080000,0
78082001,0
78084000,0
78086001,0
78088000,0
78090001,0
78092000,0
78094000,0
78096000,0
78098000,0
78100001,0
78102000,0
78104001,0
78106000,0
78108001,0
78110000,0
78112001,0
78114000,0
78116000,0
78118000,0
78120000,0
78122001,0
78124000,0
78126001,0
78128000,0
78130000,0
78132000,0
78134000,0
78136000,0
78138001,0
78140000,0
78142001,0
78144000,0
78146000,0
78148000,0
78150001,0
78152000,0
78154000,0
78156000,0
78158000,0
78160000,0
78162000,0
78164000,0
78166001,0
78168000,0
78170000,0
78172000,0
78174000,0
78176000,0
78178000,0
78180000,0
78182000,0
78184000,0
78186000,0
78188000,0
78190000,0
78192000,0
78194001,0
78196000,0
78198001,0
78200000,0
78202000,0
78204000,0
78206000,0
78208000,0
78210000,0
78212001,0
78214000,0
78216000,0
78218000,0
78220000,0
78222000,0
78224000,0
78226000,0
78228000,0
78230000,0
78232000,0
78234000,0
78236001,0
78238000,0
78240001,0
78242000,0
78244000,0
78246001,0
78248000,0
78250001,0
78252000,0
78254001,0
78256000,0
78258000,0
78260000,0
78262000,0
78264000,0
78266000,0
78268000,0
78270000,0
78272000,0
78274001,0
78276000,0
78278001,0
78280000,0
78282001,0
78284000,0
78286001,0
78288000,0
78290000,0
78292000,0
78294000,0
78296000,0
78298000,0
78300000,0
78302000,0
78304000,0
78306001,0
78308000,0
78310000,0
78312000,0
78314000,0
78316000,0
78318000,0
78320000,0
78322000,0
78324000,0
78326000,0
78328000,0
78330000,0
78332000,0
78334000,0
78336000,0
78338001,0
78340000,0
78342000,0
78344000,0
78346000,0
78348000,0
78350000,0
78352000,0
78354001,0
78356000,0
78358000,0
78360000,0
78362000,0
78364000,0
78366000,0
78368000,0
78370000,0
78372000,0
78374000,0
78376000,0
78378001,0
78380000,0
78382000,0
78384000,0
78386000,0
78388000,0
78390000,0
78392000,0
78394000,0
78396000,0
78398000,0
78400000,0
78402000,0
78404000,0
78406001,0
78408000,0
78410001,0
78412000,0
78414000,0
78416000,0
78418000,0
78420000,0
78422000,0
78424000,0
78426000,0
78428000,0
78430001,0
78432000,0
78434001,0
78436000,0
78438000,0
78440000,0
78442000,0
78444000,0
78446000,0
78448000,0
78450001,0
78452000,0
78454000,0
78456000,0
78458000,0
78460000,0
78462000,0
78464001,0
78466000,0
78468000,0
78470000,0
78472000,0
78474000,0
78476001,0
78478000,0
78480001,0
78482000,0
78484000,0
78486000,0
78488000,0
78490000,0
78492000,0
78494000,0
78496001,0
78498000,0
78500000,0
78502000,0
78504000,0
78506000,0
78508001,0
78510000,0
78512001,0
78514000,0
78516000,0
78518000,0
78520000,0
78522000,0
78524000,0
78526000,0
78528000,0
78530000,0
78532000,0
78534000,0
78536000,0
78538001,0
78540000,0
78542000,0
78544000,0
78546000,0
78548000,0
78550000,0
78552000,0
78554000,0
78556000,0
78558000,0
78560000,0
78562001,0
78564000,0
78566001,0
78568000,0
78570000,0
78572000,0
78574000,0
78576000,0
78578000,0
78580000,0
78582000,0
78584001,0
78586000,0
78588000,0
78590000,0
78592000,0
78594000,0
78596001,0
78598000,0
78600000,0
78602000,0
78604001,0
78606000,0
78608001,0
78610000,0
78612001,0
78614000,0
78616001,0
78618000,0
78620000,0
78622000,0
78624001,0
78626000,0
78628001,0
78630000,0
78632001,0
78634000,0
78636001,0
78638000,0
78640000,0
78642000,0
78644000,0
78646001,0
78648000,0
78650000,0
78652000,0
78654000,0
78656001,0
78658000,0
78660000,0
78662000,0
78664000,0
78666000,0
78668000,0
78670000,0
78672000,0
78674001,0
78676000,0
78678000,0
78680000,0
78682001,0
78684000,0
78686000,0
78688000,0
78690000,0
78692000,0
78694000,0
78696000,0
78698000,0
78700000,0
78702000,0
78704001,0
78706000,0
78708000,0
78710000,0
78712000,0
78714000,0
78716000,0
78718000,0
78720000,0
78722000,0
78724000,0
78726001,0
78728000,0
78730000,0
78732000,0
78734001,0
78736000,0
78738000,0
78740000,0
78742000,0
78744000,0
78746000,0
78748000,0
78750000,0
78752001,0
78754000,0
78756000,0
78758001,0
78760000,0
78762001,0
78764000,0
78766000,0
78768000,0
78770000,0
78772000,0
78774000,0
78776000,0
78778001,0
78780000,0
78782001,0
78784000,0
78786000,0
78788000,0
78790000,0
78792001,0
78794000,0
78796000,0
78798000,0
78800000,0
78802000,0
78804000,0
78806001,0
78808000,0
78810000,0
78812000,0
78814000,0
78816000,0
78818000,0
78820000,0
78822000,0
78824000,0
78826000,0
78828000,0
78830000,0
78832000,0
78834000,0
78836000,0
78838001,0
78840000,0
78842000,0
78844000,0
78846001,0
78848000,0
78850000,0
78852000,0
78854000,0
78856000,0
78858000,0
78860000,0
78862000,0
78864000,0
78866000,0
78868001,0
78870000,0
78872001,0
78874000,0
78876001,0
78878000,0
78880000,0
78882000,0
78884000,0
78886000,0
78888000,0
78890000,0
78892000,0
78894001,0
78896000,0
78898001,0
78900000,0
78902000,0
78904000,0
78906000,0
78908000,0
78910001,0
78912000,0
78914001,0
78916000,0
78918001,0
78920000,0
78922000,0
78924000,0
78926000,0
78928000,0
78930000,0
78932000,0
78934001,0
78936000,0
78938000,0
78940000,0
78942000,0
78944000,0
78946000,0
78948000,0
78950000,0
78952000,0
78954000,0
78956000,0
78958000,0
78960000,0
78962000,0
78964000,0
78966000,0
78968000,0
78970000,0
78972000,0
78974000,0
78976000,0
78978000,0
78980000,0
78982000,0
78984000,0
78986000,0
78988000,0
78990000,0
78992000,0
78994000,0
78996000,0
78998001,0
79000000,0
79002000,0
79004001,0
79006000,0
79008001,0
79010000,0
79012001,0
79014000,0
79016000,0
79018000,0
79020001,0
79022000,0
79024001,0
79026000,0
79028000,0
79030000,0
79032000,0
79034000,0
79036000,0
79038001,0
79040000,0
79042000,0
79044000,0
79046000,0
79048000,0
79050001,0
79052000,0
79054001,0
79056000,0
79058000,0
79060000,0
79062000,0
79064000,0
79066000,0
79068000,0
79070000,0
79072000,0
79074001,0
79076000,0
79078000,0
79080000,0
79082000,0
79084000,0
79086001,0
79088000,0
79090000,0
79092000,0
79094000,0
79096001,0
79098000,0
79100000,0
79102000,0
79104000,0
79106000,0
79108001,0
79110000,0
79112001,0
79114000,0
79116001,0
79118000,0
79120000,0
79122000,0
79124000,0
79126000,0
79128001,0
79130000,0
79132001,0
79134000,0
79136001,0
79138000,0
79140001,0
79142000,0
79144001,0
79146000,0
79148001,0
79150000,0
79152000,0
79154000,0
79156000,0
79158000,0
79160000,0
79162000,0
79164000,0
79166000,0
79168000,0
79170000,0
79172001,0
79174000,0
79176000,0
79178000,0
79180000,0
79182000,0
79184000,0
79186000,0
79188000,0
79190001,0
79192000,0
79194000,0
79196000,0
79198000,0
79200001,0
79202000,0
79204001,0
79206000,0
79208001,0
79210000,0
79212001,0
79214000,0
79216001,0
79218000,0
79220000,0
79222000,0
79224001,0
79226000,0
79228000,0
79230000,0
79232001,0
79234000,0
79236000,0
79238000,0
79240000,0
79242000,0
79244001,0
79246000,0
79248000,0
79250000,0
79252000,0
79254000,0
79256000,0
79258000,0
79260000,0
79262000,0
79264000,0
79266000,0
79268001,0
79270000,0
79272001,0
79274000,0
79276001,0
79278000,0
79280000,0
79282000,0
79284001,0
79286000,0
79288001,0
79290000,0
79292000,0
79294000,0
79296001,0
79298000,0
79300000,0
79302000,0
79304000,0
79306000,0
79308001,0
79310000,0
79312000,0
79314000,0
79316000,0
79318000,0
79320000,0
79322001,0
79324000,0
79326000,0
79328000,0
79330001,0
79332000,0
79334000,0
79336000,0
79338000,0
79340000,0
79342000,0
79344000,0
79346001,0
79348000,0
79350000,0
79352000,0
79354000,0
79356001,0
79358000,0
79360001,0
79362000,0
79364000,0
79366000,0
79368000,0
79370000,0
79372000,0
79374001,0
79376000,0
79378000,0
79380000,0
79382000,0
79384000,0
79386000,0
79388000,0
79390000,0
79392000,0
79394000,0
79396000,0
79398000,0
79400000,0
79402000,0
79404000,0
79406000,0
79408000,0
79410000,0
79412000,0
79414001,0
79416000,0
79418000,0
79420000,0
79422000,0
79424000,0
79426000,0
79428001,0
79430000,0
79432001,0
79434000,0
79436000,0
79438000,0
79440000,0
79442000,0
79444000,0
79446000,0
79448000,0
79450000,0
79452000,0
79454000,0
79456000,0
79458000,0
79460001,0
79462000,0
79464000,0
79466000,0
79468000,0
79470000,0
79472000,0
79474000,0
79476001,0
79478000,0
79480000,0
79482000,0
79484000,0
79486000,0
79488000,0
79490000,0
79492000,0
79494000,0
79496000,0
79498000,0
79500000,0
79502000,0
79504000,0
79506000,0
79508000,0
79510000,0
79512001,0
79514000,0
79516000,0
79518000,0
79520001,0
79522000,0
79524000,0
79526000,0
79528000,0
79530000,0
79532001,0
79534000,0
79536001,0
79538000,0
79540000,0
79542000,0
79544000,0
79546000,0
79548000,0
79550000,0
79552000,0
79554001,0
79556000,0
79558000,0
79560000,0
79562000,0
79564000,0
79566000,0
79568000,0
79570001,0
79572000,0
79574000,0
79576000,0
79578001,0
79580000,0
79582000,0
79584000,0
79586000,0
79588000,0
79590000,0
79592000,0
79594000,0
79596000,0
79598001,0
79600000,0
79602000,0
79604000,0
79606000,0
79608000,0
79610000,0
79612000,0
79614000,0
79616000,0
79618001,0
79620000,0
79622000,0
79624000,0
79626000,0
79628000,0
79630001,0
79632000,0
79634000,0
79636000,0
79638001,0
79640000,0
79642001,0
79644000,0
79646000,0
79648000,0
79650000,0
79652000,0
79654000,0
79656000,0
79658000,0
79660001,0
79662000,0
79664000,0
79666000,0
79668000,0
79670000,0
79672000,0
79674000,0
79676000,0
79678000,0
79680000,0
79682001,0
79684000,0
79686000,0
79688000,0
79690000,0
79692000,0
79694000,0
79696000,0
79698000,0
79700000,0
79702000,0
79704000,0
79706000,0
79708001,0
79710000,0
79712000,0
79714001,0
79716000,0
79718001,0
79720000,0
79722000,0
79724000,0
79726000,0
79728000,0
79730000,0
79732001,0
79734000,0
79736001,0
79738000,0
79740000,0
79742000,0
79744000,0
79746000,0
79748000,0
79750000,0
79752000,0
79754000,0
79756000,0
79758000,0
79760000,0
79762000,0
79764000,0
79766000,0
79768000,0
79770001,0
79772000,0
79774000,0
79776000,0
79778000,0
79780000,0
79782000,0
79784000,0
79786000,0
79788001,0
79790000,0
79792000,0
79794000,0
79796000,0
79798000,0
79800000,0
79802000,0
79804000,0
79806000,0
79808000,0
79810000,0
79812000,0
79814000,0
79816001,0
79818000,0
79820001,0
79822000,0
79824001,0
79826000,0
79828001,0
79830000,0
79832000,0
79834000,0
79836000,0
79838000,0
79840000,0
79842001,0
79844000,0
79846001,0
79848000,0
79850000,0
79852000,0
79854001,0
79856000,0
79858001,0
79860000,0
79862000,0
79864000,0
79866000,0
79868000,0
79870000,0
79872001,0
79874000,0
79876001,0
79878000,0
79880000,0
79882001,0
79884000,0
79886000,0
79888000,0
79890000,0
79892000,0
79894001,0
79896000,0
79898000,0
79900000,0
79902001,0
79904000,0
79906000,0
79908000,0
79910000,0
79912000,0
79914001,0
79916000,0
79918000,0
79920001,0
79922000,0
79924000,0
79926000,0
79928000,0
79930000,0
79932000,0
79934000,0
79936001,0
79938000,0
79940000,0
79942000,0
79944000,0
79946000,0
79948000,0
79950000,0
79952001,0
79954000,0
79956000,0
79958000,0
79960000,0
79962000,0
79964001,0
79966000,0
79968000,0
79970000,0
79972000,0
79974000,0
79976000,0
79978000,0
79980000,0
79982000,0
79984000,0
79986000,0
79988000,0
79990000,0
79992000,0
79994000,0
79996000,0
79998000,0
80000000,0
80002000,0
80004000,0
80006000,0
80008000,0
80010000,0
80012001,0
80014000,0
80016000,0
80018000,0
80020000,0
80022000,0
80024000,0
80026000,0
80028000,0
80030000,0
80032000,0
80034000,0
80036000,0
80038000,0
80040000,0
80042000,0
80044000,0
80046000,0
80048001,0
80050000,0
80052000,0
80054000,0
80056000,0
80058000,0
80060000,0
80062000,0
80064000,0
80066000,0
80068000,0
80070000,0
80072001,0
80074000,0
80076001,0
80078000,0
80080000,0
80082000,0
80084000,0
80086000,0
80088000,0
80090000,0
80092000,0
80094000,0
80096000,0
80098000,0
80100000,0
80102001,0
80104000,0
80106001,0
80108000,0
80110000,0
80112000,0
80114001,0
80116000,0
80118000,0
80120000,0
80122000,0
80124000,0
80126000,0
80128000,0
80130000,0
80132000,0
80134000,0
80136000,0
80138000,0
80140000,0
80142000,0
80144000,0
80146000,0
80148001,0
80150000,0
80152000,0
80154000,0
80156000,0
80158001,0
80160000,0
80162001,0
80164000,0
80166000,0
80168000,0
80170000,0
80172000,0
80174000,0
80176000,0
80178000,0
80180000,0
80182000,0
80184000,0
80186000,0
80188001,0
80190000,0
80192001,0
80194000,0
80196001,0
80198000,0
80200000,0
80202000,0
80204000,0
80206000,0
80208000,0
80210001,0
80212000,0
80214000,0
80216000,0
80218001,0
80220000,0
80222000,0
80224000,0
80226000,0
80228001,0
80230000,0
80232000,0
80234000,0
80236000,0
80238000,0
80240000,0
80242000,0
80244000,0
80246000,0
80248001,0
80250000,0
80252001,0
80254000,0
80256000,0
80258001,0
80260000,0
80262000,0
80264000,0
80266000,0
80268000,0
80270000,0
80272000,0
80274000,0
80276000,0
80278000,0
80280000,0
80282000,0
80284000,0
80286000,0
80288000,0
80290000,0
80292000,0
80294000,0
80296000,0
80298000,0
80300000,0
80302000,0
80304000,0
80306000,0
80308000,0
80310000,0
80312000,0
80314000,0
80316000,0
80318000,0
80320000,0
80322000,0
80324000,0
80326001,0
80328000,0
80330001,0
80332000,0
80334000,0
80336000,0
80338000,0
80340000,0
80342001,0
80344000,0
80346000,0
80348000,0
80350000,0
80352000,0
80354000,0
80356000,0
80358000,0
80360000,0
80362001,0
80364000,0
80366001,0
80368000,0
80370000,0
80372000,0
80374000,0
80376000,0
80378000,0
80380001,0
80382000,0
80384001,0
80386000,0
80388000,0
80390000,0
80392000,0
80394000,0
80396001,0
80398000,0
80400000,0
80402000,0
80404000,0
80406000,0
80408000,0
80410000,0
80412001,0
80414000,0
80416001,0
80418000,0
80420001,0
80422000,0
80424001,0
80426000,0
80428001,0
80430000,0
80432001,0
80434000,0
80436000,0
80438000,0
80440000,0
80442000,0
80444000,0
80446001,0
80448000,0
80450001,0
80452000,0
80454001,0
80456000,0
80458001,0
80460000,0
80462000,0
80464000,0
80466000,0
80468000,0
80470000,0
80472000,0
80474001,0
80476000,0
80478000,0
80480000,0
80482001,0
80484000,0
80486000,0
80488000,0
80490001,0
80492000,0
80494001,0
80496000,0
80498001,0
80500000,0
80502000,0
80504000,0
80506000,0
80508000,0
80510000,0
80512000,0
80514000,0
80516000,0
80518001,0
80520000,0
80522000,0
80524000,0
80526000,0
80528000,0
80530001,0
80532000,0
80534001,0
80536000,0
80538000,0
80540000,0
80542000,0
80544000,0
80546000,0
80548001,0
80550000,0
80552000,0
80554000,0
80556000,0
80558000,0
80560001,0
80562000,0
80564000,0
80566000,0
80568000,0
80570000,0
80572000,0
80574000,0
80576000,0
80578000,0
80580000,0
80582000,0
80584000,0
80586000,0
80588001,0
80590000,0
80592001,0
80594000,0
80596000,0
80598000,0
80600001,0
80602000,0
80604000,0
80606000,0
80608000,0
80610000,0
80612000,0
80614000,0
80616000,0
80618001,0
80620000,0
80622001,0
80624000,0
80626000,0
80628000,0
80630000,0
80632000,0
80634000,0
80636000,0
80638000,0
80640000,0
80642000,0
80644001,0
80646000,0
80648000,0
80650000,0
80652000,0
80654000,0
80656000,0
80658000,0
80660000,0
80662000,0
80664000,0
80666000,0
80668000,0
80670000,0
80672000,0
80674000,0
80676000,0
80678000,0
80680000,0
80682000,0
80684000,0
80686000,0
80688000,0
80690000,0
80692000,0
80694000,0
80696000,0
80698001,0
80700000,0
80702001,0
80704000,0
80706000,0
80708000,0
80710000,0
80712000,0
80714001,0
80716000,0
80718001,0
80720000,0
80722001,0
80724000,0
80726000,0
80728000,0
80730000,0
80732000,0
80734000,0
80736000,0
80738000,0
80740000,0
80742000,0
80744000,0
80746000,0
80748000,0
80750000,0
80752000,0
80754000,0
80756001,0
80758000,0
80760001,0
80762000,0
80764000,0
80766000,0
80768000,0
80770001,0
80772000,0
80774000,0
80776000,0
80778000,0
80780001,0
80782000,0
80784000,0
80786000,0
80788000,0
80790000,0
80792000,0
80794000,0
80796000,0
80798000,0
80800000,0
80802001,0
80804000,0
80806000,0
80808000,0
80810000,0
80812000,0
80814000,0
80816001,0
80818000,0
80820000,0
80822000,0
80824000,0
80826000,0
80828000,0
80830000,0
80832000,0
80834000,0
80836000,0
80838000,0
80840000,0
80842000,0
80844000,0
80846000,0
80848001,0
80850000,0
80852000,0
80854000,0
80856000,0
80858001,0
80860000,0
80862000,0
80864000,0
80866000,0
80868000,0
80870000,0
80872001,0
80874000,0
80876001,0
80878000,0
80880000,0
80882000,0
80884000,0
80886000,0
80888001,0
80890000,0
80892001,0
80894000,0
80896000,0
80898000,0
80900000,0
80902000,0
80904001,0
80906000,0
80908001,0
80910000,0
80912001,0
80914000,0
80916001,0
80918000,0
80920000,0
80922000,0
80924000,0
80926000,0
80928001,0
80930000,0
80932001,0
80934000,0
80936001,0
80938000,0
80940000,0
80942000,0
80944000,0
80946000,0
80948000,0
80950000,0
80952001,0
80954000,0
80956000,0
80958000,0
80960000,0
80962001,0
80964000,0
80966000,0
80968000,0
80970000,0
80972000,0
80974001,0
80976000,0
80978001,0
80980000,0
80982001,0
80984000,0
80986000,0
80988000,0
80990000,0
80992000,0
80994000,0
80996000,0
80998000,0
81000000,0
81002001,0
81004000,0
81006000,0
81008000,0
81010001,0
81012000,0
81014000,0
81016000,0
81018000,0
81020000,0
81022000,0
81024000,0
81026000,0
81028000,0
81030000,0
81032000,0
81034000,0
81036000,0
81038000,0
81040000,0
81042000,0
81044000,0
81046000,0
81048000,0
81050000,0
81052001,0
81054000,0
81056000,0
81058000,0
81060000,0
81062000,0
81064000,0
81066000,0
81068001,0
81070000,0
81072000,0
81074000,0
81076001,0
81078000,0
81080000,0
81082000,0
81084000,0
81086000,0
81088000,0
81090000,0
81092000,0
81094000,0
81096000,0
81098000,0
81100000,0
81102000,0
81104001,0
81106000,0
81108000,0
81110000,0
81112000,0
81114000,0
81116000,0
81118000,0
81120001,0
81122000,0
81124001,0
81126000,0
81128000,0
81130000,0
81132000,0
81134000,0
81136000,0
81138000,0
81140000,0
81142000,0
81144000,0
81146000,0
81148000,0
81150000,0
81152000,0
81154000,0
81156000,0
81158000,0
81160001,0
81162000,0
81164000,0
81166000,0
81168001,0
81170000,0
81172000,0
81174000,0
81176000,0
81178000,0
81180000,0
81182000,0
81184000,0
81186000,0
81188000,0
81190000,0
81192001,0
81194000,0
81196000,0
81198000,0
81200001,0
81202000,0
81204000,0
81206000,0
81208000,0
81210000,0
81212000,0
81214000,0
81216000,0
81218001,0
81220000,0
81222000,0
81224000,0
81226000,0
81228000,0
81230000,0
81232000,0
81234000,0
81236000,0
81238000,0
81240000,0
81242001,0
81244000,0
81246000,0
81248000,0
81250001,0
81252000,0
81254000,0
81256000,0
81258000,0
81260000,0
81262001,0
81264000,0
81266000,0
81268000,0
81270001,0
81272000,0
81274000,0
81276000,0
81278001,0
81280000,0
81282001,0
81284000,0
81286000,0
81288000,0
81290000,0
81292000,0
81294000,0
81296000,0
81298000,0
81300001,0
81302000,0
81304001,0
81306000,0
81308000,0
81310000,0
81312001,0
81314000,0
81316000,0
81318000,0
81320001,0
81322000,0
81324000,0
81326001,0
81328000,0
81330001,0
81332000,0
81334000,0
81336000,0
81338000,0
81340000,0
81342000,0
81344001,0
81346000,0
81348001,0
81350000,0
81352000,0
81354000,0
81356000,0
81358000,0
81360000,0
81362000,0
81364000,0
81366000,0
81368000,0
81370001,0
81372000,0
81374000,0
81376000,0
81378001,0
81380000,0
81382000,0
81384000,0
81386000,0
81388000,0
81390000,0
81392000,0
81394000,0
81396000,0
81398001,0
81400000,0
81402001,0
81404000,0
81406001,0
81408000,0
81410000,0
81412000,0
81414000,0
81416000,0
81418000,0
81420000,0
81422000,0
81424000,0
81426000,0
81428000,0
81430000,0
81432001,0
81434000,0
81436000,0
81438000,0
81440000,0
81442000,0
81444000,0
81446000,0
81448000,0
81450001,0
81452000,0
81454001,0
81456000,0
81458001,0
81460000,0
81462000,0
81464000,0
81466000,0
81468000,0
81470000,0
81472000,0
81474001,0
81476000,0
81478001,0
81480000,0
81482000,0
81484000,0
81486000,0
81488000,0
81490000,0
81492000,0
81494000,0
81496000,0
81498000,0
81500000,0
81502000,0
81504000,0
81506000,0
81508000,0
81510001,0
81512000,0
81514000,0
81516000,0
81518000,0
81520000,0
81522001,0
81524000,0
81526000,0
81528000,0
81530000,0
81532001,0
81534000,0
81536000,0
81538000,0
81540000,0
81542000,0
81544000,0
81546000,0
81548000,0
81550001,0
81552000,0
81554001,0
81556000,0
81558001,0
81560000,0
81562000,0
81564000,0
81566001,0
81568000,0
81570000,0
81572000,0
81574000,0
81576001,0
81578000,0
81580001,0
81582000,0
81584000,0
81586000,0
81588001,0
81590000,0
81592000,0
81594000,0
81596000,0
81598000,0
81600000,0
81602000,0
81604001,0
81606000,0
81608001,0
81610000,0
81612001,0
81614000,0
81616000,0
81618001,0
81620000,0
81622000,0
81624000,0
81626000,0
81628001,0
81630000,0
81632000,0
81634000,0
81636001,0
81638000,0
81640001,0
81642000,0
81644000,0
81646000,0
81648001,0
81650000,0
81652000,0
81654000,0
81656000,0
81658000,0
81660000,0
81662001,0
81664000,0
81666001,0
81668000,0
81670000,0
81672000,0
81674000,0
81676000,0
81678000,0
81680000,0
81682001,0
81684000,0
81686000,0
81688000,0
81690001,0
81692000,0
81694001,0
81696000,0
81698001,0
81700000,0
81702000,0
81704000,0
81706000,0
81708000,0
81710000,0
81712000,0
81714000,0
81716000,0
81718000,0
81720000,0
81722000,0
81724000,0
81726000,0
81728001,0
81730000,0
81732001,0
81734000,0
81736001,0
81738000,0
81740000,0
81742000,0
81744000,0
81746000,0
81748000,0
81750000,0
81752000,0
81754000,0
81756000,0
81758000,0
81760000,0
81762001,0
81764000,0
81766000,0
81768000,0
81770000,0
81772000,0
81774000,0
81776000,0
81778000,0
81780001,0
81782000,0
81784000,0
81786000,0
81788000,0
81790000,0
81792000,0
81794001,0
81796000,0
81798001,0
81800000,0
81802000,0
81804000,0
81806001,0
81808000,0
81810000,0
81812000,0
81814000,0
81816000,0
81818001,0
81820000,0
81822000,0
81824000,0
81826000,0
81828000,0
81830001,0
81832000,0
81834000,0
81836000,0
81838001,0
81840000,0
81842001,0
81844000,0
81846000,0
81848000,0
81850000,0
81852000,0
81854000,0
81856000,0
81858001,0
81860000,0
81862000,0
81864000,0
81866000,0
81868000,0
81870000,0
81872001,0
81874000,0
81876000,0
81878000,0
81880001,0
81882000,0
81884000,0
81886000,0
81888001,0
81890000,0
81892000,0
81894001,0
81896000,0
81898001,0
81900000,0
81902001,0
81904000,0
81906001,0
81908000,0
81910001,0
81912000,0
81914000,0
81916000,0
81918001,0
81920000,0
81922001,0
81924000,0
81926001,0
81928000,0
81930000,0
81932000,0
81934000,0
81936000,0
81938000,0
81940000,0
81942000,0
81944001,0
81946000,0
81948001,0
81950000,0
81952001,0
81954000,0
81956001,0
81958000,0
81960000,0
81962000,0
81964001,0
81966000,0
81968000,0
81970000,0
81972001,0
81974000,0
81976000,0
81978000,0
81980000,0
81982001,0
81984000,0
81986001,0
81988000,0
81990001,0
81992000,0
81994000,0
81996000,0
81998000,0
82000000,0
82002000,0
82004000,0
82006000,0
82008000,0
82010000,0
82012000,0
82014001,0
82016000,0
82018000,0
82020000,0
82022000,0
82024001,0
82026000,0
82028000,0
82030000,0
82032000,0
82034000,0
82036001,0
82038000,0
82040001,0
82042000,0
82044000,0
82046000,0
82048000,0
82050000,0
82052000,0
82054000,0
82056000,0
82058000,0
82060000,0
82062000,0
82064000,0
82066000,0
82068000,0
82070000,0
82072000,0
82074000,0
82076000,0
82078000,0
82080001,0
82082000,0
82084001,0
82086000,0
82088000,0
82090000,0
82092000,0
82094001,0
82096000,0
82098000,0
82100000,0
82102001,0
82104000,0
82106000,0
82108001,0
82110000,0
82112001,0
82114000,0
82116001,0
82118000,0
82120000,0
82122000,0
82124000,0
82126000,0
82128001,0
82130000,0
82132001,0
82134000,0
82136001,0
82138000,0
82140000,0
82142000,0
82144000,0
82146000,0
82148000,0
82150000,0
82152000,0
82154000,0
82156001,0
82158000,0
82160000,0
82162000,0
82164000,0
82166000,0
82168000,0
82170001,0
82172000,0
82174000,0
82176000,0
82178000,0
82180000,0
82182000,0
82184000,0
82186000,0
82188000,0
82190000,0
82192000,0
82194000,0
82196000,0
82198000,0
82200000,0
82202000,0
82204000,0
82206000,0
82208000,0
82210000,0
82212001,0
82214000,0
82216001,0
82218000,0
82220000,0
82222000,0
82224000,0
82226000,0
82228001,0
82230000,0
82232000,0
82234000,0
82236000,0
82238001,0
82240000,0
82242001,0
82244000,0
82246001,0
82248000,0
82250000,0
82252001,0
82254000,0
82256001,0
82258000,0
82260001,0
82262000,0
82264000,0
82266000,0
82268001,0
82270000,0
82272000,0
82274000,0
82276000,0
82278000,0
82280000,0
82282000,0
82284000,0
82286000,0
82288000,0
82290001,0
82292000,0
82294000,0
82296000,0
82298001,0
82300000,0
82302001,0
82304000,0
82306000,0
82308000,0
82310000,0
82312000,0
82314000,0
82316000,0
82318000,0
82320000,0
82322001,0
82324000,0
82326001,0
82328000,0
82330001,0
82332000,0
82334000,0
82336000,0
82338001,0
82340000,0
82342000,0
82344000,0
82346000,0
82348000,0
82350000,0
82352000,0
82354000,0
82356001,0
82358000,0
82360000,0
82362000,0
82364001,0
82366000,0
82368000,0
82370000,0
82372001,0
82374000,0
82376000,0
82378000,0
82380000,0
82382000,0
82384000,0
82386001,0
82388000,0
82390000,0
82392000,0
82394000,0
82396000,0
82398000,0
82400000,0
82402000,0
82404000,0
82406001,0
82408000,0
82410001,0
82412000,0
82414001,0
82416000,0
82418000,0
82420000,0
82422000,0
82424000,0
82426000,0
82428000,0
82430000,0
82432000,0
82434001,0
82436000,0
82438000,0
82440000,0
82442000,0
82444000,0
82446001,0
82448000,0
82450000,0
82452000,0
82454000,0
82456000,0
82458000,0
82460001,0
82462000,0
82464000,0
82466000,0
82468001,0
82470000,0
82472001,0
82474000,0
82476000,0
82478000,0
82480001,0
82482000,0
82484001,0
82486000,0
82488000,0
82490000,0
82492000,0
82494000,0
82496000,0
82498000,0
82500001,0
82502000,0
82504001,0
82506000,0
82508000,0
82510000,0
82512000,0
82514000,0
82516000,0
82518000,0
82520000,0
82522000,0
82524000,0
82526000,0
82528000,0
82530000,0
82532000,0
82534001,0
82536000,0
82538000,0
82540000,0
82542000,0
82544000,0
82546000,0
82548000,0
82550001,0
82552000,0
82554001,0
82556000,0
82558000,0
82560000,0
82562000,0
82564000,0
82566001,0
82568000,0
82570000,0
82572000,0
82574001,0
82576000,0
82578001,0
82580000,0
82582001,0
82584000,0
82586000,0
82588000,0
82590000,0
82592001,0
82594000,0
82596001,0
82598000,0
82600000,0
82602000,0
82604000,0
82606000,0
82608000,0
82610000,0
82612001,0
82614000,0
82616000,0
82618000,0
82620001,0
82622000,0
82624000,0
82626000,0
82628001,0
82630000,0
82632000,0
82634000,0
82636001,0
82638000,0
82640000,0
82642000,0
82644000,0
82646000,0
82648000,0
82650000,0
82652000,0
82654000,0
82656001,0
82658000,0
82660000,0
82662000,0
82664000,0
82666000,0
82668000,0
82670000,0
82672000,0
82674000,0
82676000,0
82678000,0
82680000,0
82682001,0
82684000,0
82686000,0
82688000,0
82690000,0
82692000,0
82694000,0
82696000,0
82698001,0
82700000,0
82702000,0
82704000,0
82706001,0
82708000,0
82710000,0
82712001,0
82714000,0
82716001,0
82718000,0
82720000,0
82722000,0
82724001,0
82726000,0
82728001,0
82730000,0
82732000,0
82734000,0
82736000,0
82738000,0
82740001,0
82742000,0
82744001,0
82746000,0
82748000,0
82750000,0
82752000,0
82754000,0
82756001,0
82758000,0
82760000,0
82762000,0
82764000,0
82766000,0
82768001,0
82770000,0
82772001,0
82774000,0
82776001,0
82778000,0
82780000,0
82782000,0
82784000,0
82786001,0
82788000,0
82790000,0
82792000,0
82794001,0
82796000,0
82798000,0
82800000,0
82802000,0
82804001,0
82806000,0
82808000,0
82810000,0
82812000,0
82814000,0
82816000,0
82818000,0
82820000,0
82822000,0
82824000,0
82826000,0
82828000,0
82830000,0
82832000,0
82834001,0
82836000,0
82838001,0
82840000,0
82842000,0
82844000,0
82846000,0
82848000,0
82850001,0
82852000,0
82854000,0
82856000,0
82858000,0
82860000,0
82862001,0
82864000,0
82866000,0
82868000,0
82870001,0
82872000,0
82874000,0
82876000,0
82878001,0
82880000,0
82882001,0
82884000,0
82886000,0
82888000,0
82890000,0
82892000,0
82894000,0
82896000,0
82898001,0
82900000,0
82902000,0
82904001,0
82906000,0
82908001,0
82910000,0
82912000,0
82914000,0
82916000,0
82918000,0
82920000,0
82922000,0
82924000,0
82926001,0
82928000,0
82930001,0
82932000,0
82934000,0
82936000,0
82938000,0
82940000,0
82942000,0
82944000,0
82946000,0
82948000,0
82950000,0
82952000,0
82954000,0
82956000,0
82958000,0
82960000,0
82962000,0
82964001,0
82966000,0
82968000,0
82970001,0
82972000,0
82974001,0
82976000,0
82978000,0
82980000,0
82982000,0
82984000,0
82986000,0
82988000,0
82990001,0
82992000,0
82994001,0
82996000,0
82998001,0
83000000,0
83002001,0
83004000,0
83006000,0
83008000,0
83010000,0
83012001,0
83014000,0
83016001,0
83018000,0
83020001,0
83022000,0
83024000,0
83026000,0
83028000,0
83030001,0
83032000,0
83034000,0
83036000,0
83038000,0
83040000,0
83042000,0
83044000,0
83046000,0
83048000,0
83050000,0
83052000,0
83054000,0
83056000,0
83058000,0
83060000,0
83062000,0
83064000,0
83066000,0
83068000,0
83070000,0
83072000,0
83074000,0
83076000,0
83078000,0
83080000,0
83082001,0
83084000,0
83086000,0
83088000,0
83090001,0
83092000,0
83094000,0
83096000,0
83098000,0
83100000,0
83102000,0
83104000,0
83106001,0
83108000,0
83110000,0
83112000,0
83114000,0
83116001,0
83118000,0
83120001,0
83122000,0
83124000,0
83126000,0
83128000,0
83130001,0
83132000,0
83134000,0
83136000,0
83138000,0
83140000,0
83142001,0
83144000,0
83146001,0
83148000,0
83150000,0
83152000,0
83154000,0
83156000,0
83158000,0
83160000,0
83162000,0
83164001,0
83166000,0
83168001,0
83170000,0
83172000,0
83174000,0
83176001,0
83178000,0
83180000,0
83182000,0
83184000,0
83186000,0
83188001,0
83190000,0
83192000,0
83194000,0
83196000,0
83198000,0
83200001,0
83202000,0
83204001,0
83206000,0
83208001,0
83210000,0
83212000,0
83214000,0
83216000,0
83218000,0
83220001,0
83222000,0
83224001,0
83226000,0
83228000,0
83230000,0
83232000,0
83234000,0
83236000,0
83238000,0
83240000,0
83242000,0
83244000,0
83246000,0
83248001,0
83250000,0
83252001,0
83254000,0
83256000,0
83258001,0
83260000,0
83262000,0
83264001,0
83266000,0
83268000,0
83270000,0
83272001,0
83274000,0
83276000,0
83278000,0
83280000,0
83282000,0
83284000,0
83286000,0
83288000,0
83290000,0
83292000,0
83294000,0
83296000,0
83298001,0
83300000,0
83302000,0
83304000,0
83306001,0
83308000,0
83310000,0
83312000,0
83314000,0
83316001,0
83318000,0
83320001,0
83322000,0
83324000,0
83326000,0
83328000,0
83330000,0
83332000,0
83334000,0
83336000,0
83338000,0
83340000,0
83342000,0
83344000,0
83346000,0
83348001,0
83350000,0
83352000,0
83354000,0
83356000,0
83358000,0
83360000,0
83362000,0
83364000,0
83366000,0
83368001,0
83370000,0
83372000,0
83374000,0
83376000,0
83378000,0
83380000,0
83382000,0
83384001,0
83386000,0
83388000,0
83390000,0
83392000,0
83394000,0
83396001,0
83398000,0
83400000,0
83402000,0
83404000,0
83406000,0
83408000,0
83410000,0
83412001,0
83414000,0
83416000,0
83418000,0
83420000,0
83422000,0
83424000,0
83426000,0
83428001,0
83430000,0
83432000,0
83434000,0
83436000,0
83438000,0
83440000,0
83442000,0
83444001,0
83446000,0
83448000,0
83450000,0
83452001,0
83454000,0
83456000,0
83458001,0
83460000,0
83462001,0
83464000,0
83466000,0
83468000,0
83470000,0
83472000,0
83474000,0
83476000,0
83478000,0
83480000,0
83482000,0
83484001,0
83486000,0
83488000,0
83490000,0
83492000,0
83494000,0
83496000,0
83498000,0
83500000,0
83502000,0
83504000,0
83506000,0
83508000,0
83510000,0
83512000,0
83514001,0
83516000,0
83518000,0
83520000,0
83522000,0
83524000,0
83526000,0
83528000,0
83530000,0
83532001,0
83534000,0
83536000,0
83538000,0
83540001,0
83542000,0
83544001,0
83546000,0
83548001,0
83550000,0
83552000,0
83554000,0
83556000,0
83558000,0
83560000,0
83562000,0
83564000,0
83566000,0
83568000,0
83570000,0
83572000,0
83574001,0
83576000,0
83578000,0
83580000,0
83582000,0
83584000,0
83586001,0
83588000,0
83590000,0
83592000,0
83594000,0
83596000,0
83598000,0
83600000,0
83602000,0
83604000,0
83606000,0
83608000,0
83610000,0
83612000,0
83614001,0
83616000,0
83618000,0
83620000,0
83622001,0
83624000,0
83626000,0
83628000,0
83630000,0
83632000,0
83634000,0
83636000,0
83638000,0
83640000,0
83642001,0
83644000,0
83646000,0
83648000,0
83650000,0
83652000,0
83654001,0
83656000,0
83658000,0
83660000,0
83662000,0
83664000,0
83666001,0
83668000,0
83670000,0
83672000,0
83674001,0
83676000,0
83678000,0
83680000,0
83682001,0
83684000,0
83686001,0
83688000,0
83690000,0
83692000,0
83694001,0
83696000,0
83698001,0
83700000,0
83702000,0
83704000,0
83706000,0
83708000,0
83710000,0
83712000,0
83714000,0
83716000,0
83718000,0
83720000,0
83722000,0
83724001,0
83726000,0
83728000,0
83730000,0
83732000,0
83734001,0
83736000,0
83738000,0
83740000,0
83742001,0
83744000,0
83746000,0
83748000,0
83750001,0
83752000,0
83754000,0
83756000,0
83758001,0
83760000,0
83762001,0
83764000,0
83766000,0
83768000,0
83770000,0
83772000,0
83774000,0
83776000,0
83778000,0
83780000,0
83782001,0
83784000,0
83786000,0
83788000,0
83790000,0
83792000,0
83794000,0
83796000,0
83798000,0
83800001,0
83802000,0
83804000,0
83806000,0
83808000,0
83810000,0
83812000,0
83814000,0
83816001,0
83818000,0
83820000,0
83822000,0
83824001,0
83826000,0
83828000,0
83830000,0
83832001,0
83834000,0
83836001,0
83838000,0
83840000,0
83842000,0
83844000,0
83846000,0
83848000,0
83850001,0
83852000,0
83854000,0
83856000,0
83858000,0
83860000,0
83862001,0
83864000,0
83866001,0
83868000,0
83870000,0
83872001,0
83874000,0
83876000,0
83878000,0
83880001,0
83882000,0
83884000,0
83886001,0
83888000,0
83890001,0
83892000,0
83894000,0
83896000,0
83898000,0
83900000,0
83902001,0
83904000,0
83906000,0
83908000,0
83910000,0
83912000,0
83914000,0
83916000,0
83918000,0
83920001,0
83922000,0
83924000,0
83926000,0
83928000,0
83930000,0
83932001,0
83934000,0
83936001,0
83938000,0
83940000,0
83942000,0
83944000,0
83946000,0
83948000,0
83950000,0
83952001,0
83954000,0
83956000,0
83958000,0
83960000,0
83962000,0
83964000,0
83966000,0
83968001,0
83970000,0
83972000,0
83974000,0
83976000,0
83978000,0
83980000,0
83982000,0
83984000,0
83986000,0
83988000,0
83990000,0
83992000,0
83994000,0
83996000,0
83998000,0
84000000,0
84002001,0
84004000,0
84006001,0
84008000,0
84010000,0
84012000,0
84014000,0
84016000,0
84018001,0
84020000,0
84022001,0
84024000,0
84026001,0
84028000,0
84030000,0
84032000,0
84034000,0
84036000,0
84038001,0
84040000,0
84042000,0
84044000,0
84046000,0
84048000,0
84050000,0
84052000,0
84054000,0
84056001,0
84058000,0
84060001,0
84062000,0
84064001,0
84066000,0
84068000,0
84070000,0
84072000,0
84074000,0
84076000,0
84078000,0
84080000,0
84082000,0
84084000,0
84086000,0
84088001,0
84090000,0
84092000,0
84094000,0
84096000,0
84098000,0
84100000,0
84102000,0
84104000,0
84106000,0
84108000,0
84110001,0
84112000,0
84114001,0
84116000,0
84118001,0
84120000,0
84122001,0
84124000,0
84126000,0
84128000,0
84130000,0
84132000,0
84134000,0
84136000,0
84138000,0
84140000,0
84142001,0
84144000,0
84146000,0
84148000,0
84150001,0
84152000,0
84154000,0
84156000,0
84158001,0
84160000,0
84162000,0
84164001,0
84166000,0
84168001,0
84170000,0
84172001,0
84174000,0
84176000,0
84178000,0
84180000,0
84182000,0
84184000,0
84186000,0
84188001,0
84190000,0
84192000,0
84194000,0
84196000,0
84198001,0
84200000,0
84202001,0
84204000,0
84206000,0
84208000,0
84210000,0
84212000,0
84214001,0
84216000,0
84218001,0
84220000,0
84222000,0
84224000,0
84226000,0
84228001,0
84230000,0
84232000,0
84234000,0
84236000,0
84238000,0
84240000,0
84242000,0
84244000,0
84246001,0
84248000,0
84250000,0
84252000,0
84254001,0
84256000,0
84258001,0
84260000,0
84262000,0
84264000,0
84266000,0
84268000,0
84270001,0
84272000,0
84274000,0
84276000,0
84278000,0
84280000,0
84282000,0
84284000,0
84286000,0
84288001,0
84290000,0
84292001,0
84294000,0
84296001,0
84298000,0
84300000,0
84302000,0
84304000,0
84306000,0
84308000,0
84310000,0
84312000,0
84314001,0
84316000,0
84318001,0
84320000,0
84322000,0
84324000,0
84326001,0
84328000,0
84330001,0
84332000,0
84334000,0
84336000,0
84338001,0
84340000,0
84342000,0
84344000,0
84346000,0
84348001,0
84350000,0
84352001,0
84354000,0
84356001,0
84358000,0
84360001,0
84362000,0
84364000,0
84366000,0
84368001,0
84370000,0
84372000,0
84374000,0
84376000,0
84378001,0
84380000,0
84382000,0
84384000,0
84386001,0
84388000,0
84390000,0
84392000,0
84394000,0
84396000,0
84398000,0
84400000,0
84402000,0
84404001,0
84406000,0
84408000,0
84410001,0
84412000,0
84414001,0
84416000,0
84418001,0
84420000,0
84422000,0
84424000,0
84426000,0
84428000,0
84430001,0
84432000,0
84434001,0
84436000,0
84438001,0
84440000,0
84442000,0
84444000,0
84446000,0
84448000,0
84450000,0
84452000,0
84454000,0
84456000,0
84458001,0
84460000,0
84462001,0
84464000,0
84466000,0
84468000,0
84470000,0
84472000,0
84474000,0
84476000,0
84478000,0
84480001,0
84482000,0
84484000,0
84486001,0
84488000,0
84490000,0
84492000,0
84494000,0
84496000,0
84498000,0
84500000,0
84502000,0
84504000,0
84506001,0
84508000,0
84510000,0
84512000,0
84514000,0
84516000,0
84518000,0
84520000,0
84522001,0
84524000,0
84526000,0
84528000,0
84530000,0
84532000,0
84534001,0
84536000,0
84538001,0
84540000,0
84542001,0
84544000,0
84546000,0
84548000,0
84550001,0
84552000,0
84554000,0
84556000,0
84558000,0
84560000,0
84562000,0
84564001,0
84566000,0
84568000,0
84570000,0
84572001,0
84574000,0
84576000,0
84578000,0
84580001,0
84582000,0
84584000,0
84586000,0
84588000,0
84590000,0
84592000,0
84594000,0
84596001,0
84598000,0
84600000,0
84602000,0
84604001,0
84606000,0
84608001,0
84610000,0
84612001,0
84614000,0
84616001,0
84618000,0
84620001,0
84622000,0
84624000,0
84626000,0
84628000,0
84630000,0
84632000,0
84634000,0
84636000,0
84638000,0
84640000,0
84642000,0
84644000,0
84646000,0
84648000,0
84650000,0
84652000,0
84654001,0
84656000,0
84658000,0
84660000,0
84662000,0
84664000,0
84666000,0
84668000,0
84670000,0
84672001,0
84674000,0
84676000,0
84678000,0
84680000,0
84682000,0
84684000,0
84686001,0
84688000,0
84690000,0
84692000,0
84694000,0
84696000,0
84698001,0
84700000,0
84702000,0
84704000,0
84706001,0
84708000,0
84710000,0
84712000,0
84714000,0
84716000,0
84718000,0
84720000,0
84722000,0
84724000,0
84726000,0
84728000,0
84730000,0
84732001,0
84734000,0
84736000,0
84738000,0
84740000,0
84742000,0
84744001,0
84746000,0
84748000,0
84750000,0
84752000,0
84754000,0
84756001,0
84758000,0
84760001,0
84762000,0
84764000,0
84766000,0
84768001,0
84770000,0
84772001,0
84774000,0
84776001,0
84778000,0
84780000,0
84782000,0
84784000,0
84786000,0
84788000,0
84790000,0
84792000,0
84794000,0
84796000,0
84798001,0
84800000,0
84802000,0
84804000,0
84806000,0
84808001,0
84810000,0
84812001,0
84814000,0
84816000,0
84818000,0
84820000,0
84822000,0
84824000,0
84826000,0
84828000,0
84830000,0
84832000,0
84834000,0
84836000,0
84838000,0
84840000,0
84842000,0
84844000,0
84846000,0
84848000,0
84850000,0
84852000,0
84854000,0
84856000,0
84858000,0
84860000,0
84862000,0
84864000,0
84866000,0
84868000,0
84870000,0
84872000,0
84874000,0
84876000,0
84878001,0
84880000,0
84882000,0
84884000,0
84886000,0
84888000,0
84890000,0
84892000,0
84894000,0
84896000,0
84898000,0
84900000,0
84902001,0
84904000,0
84906001,0
84908000,0
84910001,0
84912000,0
84914000,0
84916000,0
84918000,0
84920000,0
84922000,0
84924000,0
84926000,0
84928000,0
84930000,0
84932001,0
84934000,0
84936000,0
84938000,0
84940001,0
84942000,0
84944001,0
84946000,0
84948001,0
84950000,0
84952001,0
84954000,0
84956000,0
84958000,0
84960000,0
84962000,0
84964000,0
84966000,0
84968000,0
84970000,0
84972000,0
84974000,0
84976000,0
84978000,0
84980000,0
84982001,0
84984000,0
84986000,0
84988001,0
84990000,0
84992000,0
84994000,0
84996000,0
84998001,0
85000000,0
85002001,0
85004000,0
85006000,0
85008000,0
85010000,0
85012000,0
85014000,0
85016000,0
85018000,0
85020000,0
85022000,0
85024000,0
85026000,0
85028000,0
85030000,0
85032000,0
85034000,0
85036000,0
85038001,0
85040000,0
85042001,0
85044000,0
85046000,0
85048000,0
85050000,0
85052001,0
85054000,0
85056000,0
85058000,0
85060000,0
85062000,0
85064000,0
85066000,0
85068000,0
85070000,0
85072001,0
85074000,0
85076001,0
85078000,0
85080001,0
85082000,0
85084000,0
85086000,0
85088000,0
85090000,0
85092000,0
85094001,0
85096000,0
85098000,0
85100000,0
85102000,0
85104000,0
85106000,0
85108000,0
85110000,0
85112000,0
85114000,0
85116000,0
85118001,0
85120000,0
85122000,0
85124000,0
85126000,0
85128000,0
85130000,0
85132000,0
85134000,0
85136000,0
85138001,0
85140000,0
85142000,0
85144000,0
85146000,0
85148000,0
85150001,0
85152000,0
85154000,0
85156000,0
85158000,0
85160000,0
85162000,0
85164000,0
85166000,0
85168000,0
85170000,0
85172000,0
85174001,0
85176000,0
85178000,0
85180000,0
85182000,0
85184000,0
85186000,0
85188000,0
85190001,0
85192000,0
85194000,0
85196000,0
85198000,0
85200000,0
85202000,0
85204000,0
85206000,0
85208001,0
85210000,0
85212001,0
85214000,0
85216000,0
85218000,0
85220000,0
85222000,0
85224000,0
85226000,0
85228000,0
85230000,0
85232000,0
85234001,0
85236000,0
85238001,0
85240000,0
85242000,0
85244001,0
85246000,0
85248000,0
85250000,0
85252001,0
85254000,0
85256000,0
85258001,0
85260000,0
85262000,0
85264000,0
85266000,0
85268001,0
85270000,0
85272001,0
85274000,0
85276000,0
85278000,0
85280001,0
85282000,0
85284001,0
85286000,0
85288001,0
85290000,0
85292001,0
85294000,0
85296001,0
85298000,0
85300000,0
85302000,0
85304000,0
85306000,0
85308001,0
85310000,0
85312001,0
85314000,0
85316000,0
85318000,0
85320000,0
85322000,0
85324000,0
85326000,0
85328001,0
85330000,0
85332000,0
85334000,0
85336000,0
85338000,0
85340000,0
85342001,0
85344000,0
85346001,0
85348000,0
85350000,0
85352000,0
85354000,0
85356000,0
85358001,0
85360000,0
85362000,0
85364000,0
85366001,0
85368000,0
85370000,0
85372001,0
85374000,0
85376000,0
85378000,0
85380000,0
85382000,0
85384001,0
85386000,0
85388001,0
85390000,0
85392000,0
85394000,0
85396000,0
85398000,0
85400000,0
85402001,0
85404000,0
85406001,0
85408000,0
85410000,0
85412000,0
85414000,0
85416000,0
85418000,0
85420000,0
85422001,0
85424000,0
85426000,0
85428000,0
85430000,0
85432000,0
85434000,0
85436000,0
85438000,0
85440000,0
85442000,0
85444001,0
85446000,0
85448000,0
85450000,0
85452001,0
85454000,0
85456000,0
85458000,0
85460000,0
85462000,0
85464000,0
85466000,0
85468000,0
85470000,0
85472000,0
85474001,0
85476000,0
85478001,0
85480000,0
85482001,0
85484000,0
85486001,0
85488000,0
85490000,0
85492000,0
85494000,0
85496000,0
85498000,0
85500000,0
85502000,0
85504001,0
85506000,0
85508000,0
85510000,0
85512000,0
85514000,0
85516000,0
85518000,0
85520000,0
85522000,0
85524000,0
85526000,0
85528000,0
85530000,0
85532001,0
85534000,0
85536000,0
85538000,0
85540001,0
85542000,0
85544000,0
85546000,0
85548000,0
85550000,0
85552001,0
85554000,0
85556000,0
85558000,0
85560000,0
85562000,0
85564001,0
85566000,0
85568000,0
85570001,0
85572000,0
85574000,0
85576000,0
85578000,0
85580000,0
85582000,0
85584000,0
85586000,0
85588000,0
85590000,0
85592000,0
85594001,0
85596000,0
85598001,0
85600000,0
85602000,0
85604000,0
85606001,0
85608000,0
85610000,0
85612001,0
85614000,0
85616000,0
85618000,0
85620001,0
85622000,0
85624000,0
85626000,0
85628001,0
85630000,0
85632000,0
85634000,0
85636000,0
85638000,0
85640000,0
85642000,0
85644000,0
85646000,0
85648001,0
85650000,0
85652000,0
85654000,0
85656000,0
85658000,0
85660000,0
85662000,0
85664000,0
85666001,0
85668000,0
85670000,0
85672000,0
85674001,0
85676000,0
85678000,0
85680000,0
85682001,0
85684000,0
85686000,0
85688001,0
85690000,0
85692001,0
85694000,0
85696000,0
85698000,0
85700001,0
85702000,0
85704000,0
85706000,0
85708001,0
85710000,0
85712000,0
85714000,0
85716000,0
85718000,0
85720000,0
85722000,0
85724000,0
85726000,0
85728000,0
85730000,0
85732000,0
85734000,0
85736000,0
85738000,0
85740000,0
85742000,0
85744000,0
85746001,0
85748000,0
85750000,0
85752000,0
85754000,0
85756000,0
85758000,0
85760000,0
85762000,0
85764000,0
85766000,0
85768000,0
85770000,0
85772000,0
85774000,0
85776000,0
85778000,0
85780000,0
85782000,0
85784000,0
85786000,0
85788000,0
85790000,0
85792001,0
85794000,0
85796000,0
85798000,0
85800001,0
85802000,0
85804000,0
85806000,0
85808000,0
85810000,0
85812000,0
85814000,0
85816000,0
85818000,0
85820001,0
85822000,0
85824000,0
85826000,0
85828000,0
85830000,0
85832000,0
85834000,0
85836000,0
85838001,0
85840000,0
85842000,0
85844000,0
85846001,0
85848000,0
85850000,0
85852000,0
85854000,0
85856000,0
85858000,0
85860000,0
85862000,0
85864000,0
85866000,0
85868000,0
85870000,0
85872000,0
85874000,0
85876000,0
85878000,0
85880000,0
85882000,0
85884001,0
85886000,0
85888000,0
85890000,0
85892000,0
85894000,0
85896000,0
85898000,0
85900000,0
85902000,0
85904000,0
85906000,0
85908000,0
85910000,0
85912000,0
85914000,0
85916000,0
85918000,0
85920000,0
85922000,0
85924000,0
85926001,0
85928000,0
85930000,0
85932000,0
85934000,0
85936000,0
85938001,0
85940000,0
85942001,0
85944000,0
85946001,0
85948000,0
85950000,0
85952000,0
85954000,0
85956000,0
85958001,0
85960000,0
85962001,0
85964000,0
85966000,0
85968000,0
85970001,0
85972000,0
85974001,0
85976000,0
85978001,0
85980000,0
85982000,0
85984000,0
85986000,0
85988001,0
85990000,0
85992000,0
85994000,0
85996000,0
85998000,0
86000000,0
86002000,0
86004000,0
86006000,0
86008001,0
86010000,0
86012000,0
86014000,0
86016001,0
86018000,0
86020001,0
86022000,0
86024001,0
86026000,0
86028001,0
86030000,0
86032000,0
86034000,0
86036001,0
86038000,0
86040000,0
86042000,0
86044001,0
86046000,0
86048000,0
86050001,0
86052000,0
86054000,0
86056000,0
86058000,0
86060000,0
86062001,0
86064000,0
86066001,0
86068000,0
86070001,0
86072000,0
86074000,0
86076000,0
86078000,0
86080001,0
86082000,0
86084000,0
86086000,0
86088000,0
86090000,0
86092000,0
86094001,0
86096000,0
86098000,0
86100000,0
86102000,0
86104000,0
86106000,0
86108000,0
86110001,0
86112000,0
86114000,0
86116000,0
86118000,0
86120000,0
86122000,0
86124001,0
86126000,0
86128000,0
86130001,0
86132000,0
86134000,0
86136001,0
86138000,0
86140000,0
86142000,0
86144000,0
86146001,0
86148000,0
86150000,0
86152000,0
86154000,0
86156000,0
86158000,0
86160000,0
86162000,0
86164000,0
86166000,0
86168000,0
86170001,0
86172000,0
86174000,0
86176000,0
86178000,0
86180001,0
86182000,0
86184001,0
86186000,0
86188001,0
86190000,0
86192001,0
86194000,0
86196000,0
86198000,0
86200000,0
86202000,0
86204000,0
86206000,0
86208000,0
86210000,0
86212000,0
86214000,0
86216000,0
86218000,0
86220001,0
86222000,0
86224001,0
86226000,0
86228001,0
86230000,0
86232001,0
86234000,0
86236000,0
86238000,0
86240000,0
86242000,0
86244000,0
86246000,0
86248000,0
86250001,0
86252000,0
86254001,0
86256000,0
86258000,0
86260000,0
86262000,0
86264000,0
86266000,0
86268000,0
86270000,0
86272000,0
86274000,0
86276000,0
86278001,0
86280000,0
86282000,0
86284000,0
86286000,0
86288000,0
86290000,0
86292000,0
86294000,0
86296000,0
86298000,0
86300000,0
86302000,0
86304000,0
86306000,0
86308000,0
86310000,0
86312000,0
86314000,0
86316000,0
86318000,0
86320000,0
86322000,0
86324000,0
86326000,0
86328000,0
86330000,0
86332000,0
86334000,0
86336000,0
86338000,0
86340000,0
86342000,0
86344000,0
86346000,0
86348001,0
86350000,0
86352000,0
86354001,0
86356000,0
86358000,0
86360000,0
86362000,0
86364000,0
86366000,0
86368000,0
86370000,0
86372000,0
86374000,0
86376000,0
86378000,0
86380000,0
86382000,0
86384000,0
86386000,0
86388000,0
86390000,0
86392000,0
86394000,0
86396000,0
86398000,0
86400001,0
86402000,0
86404000,0
86406000,0
86408001,0
86410000,0
86412000,0
86414000,0
86416001,0
86418000,0
86420001,0
86422000,0
86424000,0
86426000,0
86428001,0
86430000,0
86432000,0
86434000,0
86436000,0
86438000,0
86440000,0
86442000,0
86444000,0
86446000,0
86448000,0
86450000,0
86452000,0
86454001,0
86456000,0
86458000,0
86460000,0
86462001,0
86464000,0
86466001,0
86468000,0
86470000,0
86472000,0
86474001,0
86476000,0
86478000,0
86480000,0
86482000,0
86484000,0
86486001,0
86488000,0
86490000,0
86492000,0
86494000,0
86496000,0
86498000,0
86500000,0
86502000,0
86504000,0
86506000,0
86508000,0
86510000,0
86512000,0
86514001,0
86516000,0
86518000,0
86520000,0
86522000,0
86524000,0
86526000,0
86528000,0
86530000,0
86532000,0
86534000,0
86536000,0
86538000,0
86540000,0
86542000,0
86544000,0
86546000,0
86548000,0
86550000,0
86552001,0
86554000,0
86556000,0
86558000,0
86560000,0
86562001,0
86564000,0
86566000,0
86568000,0
86570001,0
86572000,0
86574000,0
86576000,0
86578001,0
86580000,0
86582000,0
86584000,0
86586001,0
86588000,0
86590000,0
86592000,0
86594000,0
86596000,0
86598000,0
86600000,0
86602000,0
86604000,0
86606000,0
86608000,0
86610001,0
86612000,0
86614001,0
86616000,0
86618000,0
86620001,0
86622000,0
86624000,0
86626000,0
86628000,0
86630000,0
86632000,0
86634001,0
86636000,0
86638001,0
86640000,0
86642001,0
86644000,0
86646000,0
86648000,0
86650000,0
86652000,0
86654000,0
86656000,0
86658000,0
86660000,0
86662000,0
86664001,0
86666000,0
86668001,0
86670000,0
86672000,0
86674001,0
86676000,0
86678001,0
86680000,0
86682001,0
86684000,0
86686000,0
86688000,0
86690000,0
86692000,0
86694000,0
86696000,0
86698000,0
86700000,0
86702000,0
86704000,0
86706000,0
86708001,0
86710000,0
86712000,0
86714000,0
86716000,0
86718000,0
86720000,0
86722000,0
86724000,0
86726000,0
86728000,0
86730000,0
86732000,0
86734000,0
86736000,0
86738001,0
86740000,0
86742000,0
86744000,0
86746000,0
86748000,0
86750000,0
86752000,0
86754000,0
86756000,0
86758000,0
86760000,0
86762001,0
86764000,0
86766001,0
86768000,0
86770000,0
86772000,0
86774001,0
86776000,0
86778000,0
86780000,0
86782000,0
86784000,0
86786001,0
86788000,0
86790000,0
86792000,0
86794000,0
86796000,0
86798000,0
86800000,0
86802001,0
86804000,0
86806001,0
86808000,0
86810001,0
86812000,0
86814001,0
86816000,0
86818001,0
86820000,0
86822001,0
86824000,0
86826001,0
86828000,0
86830000,0
86832000,0
86834000,0
86836000,0
86838000,0
86840000,0
86842000,0
86844000,0
86846000,0
86848000,0
86850001,0
86852000,0
86854000,0
86856000,0
86858000,0
86860000,0
86862001,0
86864000,0
86866001,0
86868000,0
86870000,0
86872000,0
86874000,0
86876000,0
86878000,0
86880000,0
86882000,0
86884000,0
86886000,0
86888001,0
86890000,0
86892001,0
86894000,0
86896001,0
86898000,0
86900000,0
86902000,0
86904000,0
86906001,0
86908000,0
86910000,0
86912000,0
86914000,0
86916000,0
86918001,0
86920000,0
86922000,0
86924000,0
86926000,0
86928000,0
86930000,0
86932000,0
86934000,0
86936001,0
86938000,0
86940001,0
86942000,0
86944001,0
86946000,0
86948000,0
86950000,0
86952000,0
86954000,0
86956000,0
86958000,0
86960000,0
86962000,0
86964000,0
86966000,0
86968000,0
86970000,0
86972000,0
86974000,0
86976000,0
86978000,0
86980000,0
86982000,0
86984001,0
86986000,0
86988001,0
86990000,0
86992000,0
86994000,0
86996000,0
86998000,0
87000000,0
87002001,0
87004000,0
87006001,0
87008000,0
87010000,0
87012000,0
87014000,0
87016000,0
87018000,0
87020000,0
87022000,0
87024000,0
87026000,0
87028000,0
87030001,0
87032000,0
87034000,0
87036000,0
87038000,0
87040000,0
87042000,0
87044000,0
87046000,0
87048001,0
87050000,0
87052000,0
87054000,0
87056000,0
87058000,0
87060000,0
87062000,0
87064000,0
87066000,0
87068000,0
87070000,0
87072000,0
87074000,0
87076001,0
87078000,0
87080001,0
87082000,0
87084000,0
87086000,0
87088000,0
87090001,0
87092000,0
87094000,0
87096000,0
87098000,0
87100000,0
87102001,0
87104000,0
87106001,0
87108000,0
87110000,0
87112000,0
87114000,0
87116000,0
87118000,0
87120000,0
87122000,0
87124000,0
87126000,0
87128001,0
87130000,0
87132000,0
87134000,0
87136000,0
87138000,0
87140001,0
87142000,0
87144000,0
87146001,0
87148000,0
87150001,0
87152000,0
87154001,0
87156000,0
87158001,0
87160000,0
87162000,0
87164000,0
87166000,0
87168000,0
87170000,0
87172000,0
87174000,0
87176000,0
87178000,0
87180001,0
87182000,0
87184001,0
87186000,0
87188000,0
87190000,0
87192000,0
87194000,0
87196000,0
87198000,0
87200000,0
87202000,0
87204000,0
87206000,0
87208000,0
87210000,0
87212000,0
87214000,0
87216000,0
87218000,0
87220000,0
87222000,0
87224000,0
87226000,0
87228000,0
87230000,0
87232000,0
87234001,0
87236000,0
87238000,0
87240000,0
87242001,0
87244000,0
87246000,0
87248000,0
87250000,0
87252000,0
87254000,0
87256000,0
87258001,0
87260000,0
87262001,0
87264000,0
87266000,0
87268000,0
87270000,0
87272000,0
87274000,0
87276000,0
87278001,0
87280000,0
87282000,0
87284001,0
87286000,0
87288001,0
87290000,0
87292000,0
87294000,0
87296001,0
87298000,0
87300000,0
87302000,0
87304000,0
87306000,0
87308000,0
87310000,0
87312000,0
87314000,0
87316000,0
87318000,0
87320000,0
87322000,0
87324000,0
87326000,0
87328000,0
87330000,0
87332001,0
87334000,0
87336000,0
87338000,0
87340001,0
87342000,0
87344001,0
87346000,0
87348001,0
87350000,0
87352000,0
87354000,0
87356001,0
87358000,0
87360001,0
87362000,0
87364000,0
87366000,0
87368000,0
87370000,0
87372000,0
87374000,0
87376001,0
87378000,0
87380000,0
87382000,0
87384000,0
87386000,0
87388000,0
87390000,0
87392000,0
87394000,0
87396000,0
87398000,0
87400000,0
87402000,0
87404000,0
87406000,0
87408000,0
87410001,0
87412000,0
87414001,0
87416000,0
87418000,0
87420000,0
87422000,0
87424000,0
87426000,0
87428000,0
87430000,0
87432000,0
87434000,0
87436000,0
87438000,0
87440000,0
87442000,0
87444000,0
87446000,0
87448000,0
87450000,0
87452000,0
87454000,0
87456000,0
87458000,0
87460000,0
87462000,0
87464000,0
87466000,0
87468000,0
87470000,0
87472000,0
87474000,0
87476000,0
87478000,0
87480000,0
87482000,0
87484000,0
87486000,0
87488000,0
87490000,0
87492000,0
87494000,0
87496001,0
87498000,0
87500001,0
87502000,0
87504000,0
87506000,0
87508001,0
87510000,0
87512000,0
87514000,0
87516000,0
87518000,0
87520001,0
87522000,0
87524001,0
87526000,0
87528000,0
87530001,0
87532000,0
87534000,0
87536000,0
87538000,0
87540000,0
87542000,0
87544000,0
87546000,0
87548000,0
87550000,0
87552000,0
87554000,0
87556000,0
87558000,0
87560000,0
87562000,0
87564001,0
87566000,0
87568001,0
87570000,0
87572001,0
87574000,0
87576001,0
87578000,0
87580000,0
87582000,0
87584001,0
87586000,0
87588000,0
87590000,0
87592000,0
87594000,0
87596000,0
87598001,0
87600000,0
87602001,0
87604000,0
87606000,0
87608001,0
87610000,0
87612001,0
87614000,0
87616001,0
87618000,0
87620001,0
87622000,0
87624001,0
87626000,0
87628001,0
87630000,0
87632000,0
87634000,0
87636000,0
87638000,0
87640000,0
87642000,0
87644000,0
87646001,0
87648000,0
87650000,0
87652000,0
87654000,0
87656000,0
87658000,0
87660000,0
87662000,0
87664000,0
87666001,0
87668000,0
87670000,0
87672000,0
87674000,0
87676000,0
87678001,0
87680000,0
87682000,0
87684000,0
87686001,0
87688000,0
87690000,0
87692000,0
87694000,0
87696000,0
87698001,0
87700000,0
87702001,0
87704000,0
87706001,0
87708000,0
87710000,0
87712000,0
87714001,0
87716000,0
87718001,0
87720000,0
87722001,0
87724000,0
87726000,0
87728000,0
87730001,0
87732000,0
87734000,0
87736000,0
87738000,0
87740000,0
87742000,0
87744000,0
87746000,0
87748000,0
87750000,0
87752000,0
87754000,0
87756001,0
87758000,0
87760000,0
87762000,0
87764000,0
87766001,0
87768000,0
87770000,0
87772000,0
87774000,0
87776000,0
87778001,0
87780000,0
87782000,0
87784000,0
87786000,0
87788000,0
87790000,0
87792000,0
87794000,0
87796000,0
87798000,0
87800001,0
87802000,0
87804001,0
87806000,0
87808001,0
87810000,0
87812000,0
87814000,0
87816000,0
87818000,0
87820000,0
87822000,0
87824001,0
87826000,0
87828001,0
87830000,0
87832000,0
87834000,0
87836001,0
87838000,0
87840000,0
87842000,0
87844000,0
87846000,0
87848000,0
87850000,0
87852001,0
87854000,0
87856001,0
87858000,0
87860001,0
87862000,0
87864000,0
87866000,0
87868000,0
87870000,0
87872000,0
87874000,0
87876000,0
87878001,0
87880000,0
87882001,0
87884000,0
87886001,0
87888000,0
87890001,0
87892000,0
87894000,0
87896000,0
87898000,0
87900000,0
87902000,0
87904000,0
87906000,0
87908001,0
87910000,0
87912000,0
87914000,0
87916001,0
87918000,0
87920000,0
87922000,0
87924001,0
87926000,0
87928000,0
87930000,0
87932001,0
87934000,0
87936001,0
87938000,0
87940001,0
87942000,0
87944001,0
87946000,0
87948001,0
87950000,0
87952000,0
87954000,0
87956000,0
87958000,0
87960000,0
87962000,0
87964000,0
87966000,0
87968000,0
87970000,0
87972001,0
87974000,0
87976001,0
87978000,0
87980000,0
87982000,0
87984000,0
87986000,0
87988001,0
87990000,0
87992001,0
87994000,0
87996000,0
87998000,0
88000000,0
88002001,0
88004000,0
88006000,0
88008000,0
88010000,0
88012000,0
88014000,0
88016000,0
88018000,0
88020000,0
88022001,0
88024000,0
88026000,0
88028000,0
88030000,0
88032000,0
88034001,0
88036000,0
88038000,0
88040000,0
88042000,0
88044000,0
88046000,0
88048000,0
88050000,0
88052000,0
88054000,0
88056001,0
88058000,0
88060001,0
88062000,0
88064000,0
88066000,0
88068000,0
88070000,0
88072000,0
88074000,0
88076000,0
88078000,0
88080000,0
88082001,0
88084000,0
88086001,0
88088000,0
88090000,0
88092000,0
88094000,0
88096000,0
88098000,0
88100000,0
88102000,0
88104000,0
88106000,0
88108000,0
88110001,0
88112000,0
88114001,0
88116000,0
88118000,0
88120000,0
88122000,0
88124000,0
88126000,0
88128000,0
88130001,0
88132000,0
88134000,0
88136000,0
88138000,0
88140000,0
88142001,0
88144000,0
88146000,0
88148000,0
88150000,0
88152001,0
88154000,0
88156001,0
88158000,0
88160000,0
88162000,0
88164001,0
88166000,0
88168000,0
88170000,0
88172000,0
88174000,0
88176000,0
88178000,0
88180001,0
88182000,0
88184000,0
88186001,0
88188000,0
88190000,0
88192000,0
88194000,0
88196000,0
88198000,0
88200000,0
88202001,0
88204000,0
88206000,0
88208000,0
88210000,0
88212000,0
88214001,0
88216000,0
88218000,0
88220000,0
88222001,0
88224000,0
88226000,0
88228000,0
88230000,0
88232000,0
88234001,0
88236000,0
88238001,0
88240000,0
88242001,0
88244000,0
88246001,0
88248000,0
88250000,0
88252000,0
88254000,0
88256001,0
88258000,0
88260000,0
88262001,0
88264000,0
88266001,0
88268000,0
88270000,0
88272000,0
88274000,0
88276000,0
88278001,0
88280000,0
88282000,0
88284000,0
88286001,0
88288000,0
88290000,0
88292000,0
88294000,0
88296000,0
88298000,0
88300000,0
88302001,0
88304000,0
88306000,0
88308000,0
88310000,0
88312000,0
88314001,0
88316000,0
88318000,0
88320001,0
88322000,0
88324001,0
88326000,0
88328000,0
88330000,0
88332000,0
88334000,0
88336000,0
88338001,0
88340000,0
88342000,0
88344000,0
88346000,0
88348000,0
88350000,0
88352000,0
88354000,0
88356001,0
88358000,0
88360001,0
88362000,0
88364001,0
88366000,0
88368000,0
88370000,0
88372000,0
88374001,0
88376000,0
88378000,0
88380000,0
88382001,0
88384000,0
88386001,0
88388000,0
88390001,0
88392000,0
88394000,0
88396000,0
88398000,0
88400000,0
88402000,0
88404000,0
88406000,0
88408001,0
88410000,0
88412000,0
88414000,0
88416000,0
88418000,0
88420000,0
88422000,0
88424000,0
88426000,0
88428000,0
88430000,0
88432000,0
88434000,0
88436000,0
88438000,0
88440000,0
88442001,0
88444000,0
88446000,0
88448000,0
88450001,0
88452000,0
88454000,0
88456000,0
88458001,0
88460000,0
88462000,0
88464000,0
88466001,0
88468000,0
88470000,0
88472000,0
88474000,0
88476000,0
88478000,0
88480000,0
88482000,0
88484000,0
88486000,0
88488000,0
88490000,0
88492000,0
88494000,0
88496000,0
88498000,0
88500000,0
88502000,0
88504000,0
88506001,0
88508000,0
88510000,0
88512000,0
88514001,0
88516000,0
88518000,0
88520000,0
88522000,0
88524000,0
88526000,0
88528000,0
88530000,0
88532000,0
88534000,0
88536000,0
88538000,0
88540000,0
88542000,0
88544000,0
88546000,0
88548000,0
88550001,0
88552000,0
88554000,0
88556001,0
88558000,0
88560000,0
88562000,0
88564000,0
88566001,0
88568000,0
88570001,0
88572000,0
88574000,0
88576000,0
88578000,0
88580000,0
88582000,0
88584000,0
88586000,0
88588001,0
88590000,0
88592000,0
88594000,0
88596000,0
88598000,0
88600000,0
88602000,0
88604000,0
88606000,0
88608000,0
88610001,0
88612000,0
88614000,0
88616000,0
88618000,0
88620000,0
88622000,0
88624000,0
88626000,0
88628000,0
88630000,0
88632001,0
88634000,0
88636001,0
88638000,0
88640001,0
88642000,0
88644000,0
88646000,0
88648000,0
88650000,0
88652000,0
88654000,0
88656000,0
88658000,0
88660001,0
88662000,0
88664001,0
88666000,0
88668000,0
88670000,0
88672001,0
88674000,0
88676000,0
88678000,0
88680001,0
88682000,0
88684000,0
88686000,0
88688001,0
88690000,0
88692001,0
88694000,0
88696000,0
88698000,0
88700000,0
88702000,0
88704000,0
88706000,0
88708000,0
88710000,0
88712000,0
88714000,0
88716001,0
88718000,0
88720000,0
88722000,0
88724001,0
88726000,0
88728001,0
88730000,0
88732000,0
88734000,0
88736000,0
88738000,0
88740001,0
88742000,0
88744000,0
88746000,0
88748000,0
88750000,0
88752000,0
88754000,0
88756000,0
88758000,0
88760001,0
88762000,0
88764001,0
88766000,0
88768001,0
88770000,0
88772000,0
88774000,0
88776001,0
88778000,0
88780000,0
88782000,0
88784001,0
88786000,0
88788000,0
88790001,0
88792000,0
88794000,0
88796000,0
88798000,0
88800000,0
88802001,0
88804000,0
88806001,0
88808000,0
88810000,0
88812000,0
88814000,0
88816000,0
88818000,0
88820000,0
88822000,0
88824000,0
88826000,0
88828000,0
88830000,0
88832000,0
88834000,0
88836000,0
88838000,0
88840000,0
88842000,0
88844001,0
88846000,0
88848000,0
88850000,0
88852000,0
88854001,0
88856000,0
88858000,0
88860000,0
88862000,0
88864001,0
88866000,0
88868000,0
88870001,0
88872000,0
88874000,0
88876000,0
88878000,0
88880000,0
88882001,0
88884000,0
88886000,0
88888000,0
88890001,0
88892000,0
88894000,0
88896000,0
88898001,0
88900000,0
88902000,0
88904000,0
88906000,0
88908000,0
88910000,0
88912000,0
88914001,0
88916000,0
88918001,0
88920000,0
88922000,0
88924000,0
88926000,0
88928000,0
88930001,0
88932000,0
88934000,0
88936000,0
88938000,0
88940000,0
88942000,0
88944000,0
88946000,0
88948000,0
88950000,0
88952000,0
88954000,0
88956000,0
88958000,0
88960000,0
88962000,0
88964000,0
88966000,0
88968001,0
88970000,0
88972001,0
88974000,0
88976000,0
88978000,0
88980000,0
88982000,0
88984001,0
88986000,0
88988001,0
88990000,0
88992001,0
88994000,0
88996000,0
88998000,0
89000000,0
89002000,0
89004000,0
89006000,0
89008000,0
89010001,0
89012000,0
89014001,0
89016000,0
89018000,0
89020000,0
89022000,0
89024000,0
89026000,0
89028000,0
89030000,0
89032000,0
89034000,0
89036000,0
89038001,0
89040000,0
89042001,0
89044000,0
89046000,0
89048001,0
89050000,0
89052001,0
89054000,0
89056000,0
89058000,0
89060000,0
89062001,0
89064000,0
89066001,0
89068000,0
89070000,0
89072000,0
89074000,0
89076000,0
89078000,0
89080000,0
89082000,0
89084000,0
89086000,0
89088000,0
89090000,0
89092001,0
89094000,0
89096000,0
89098000,0
89100001,0
89102000,0
89104001,0
89106000,0
89108000,0
89110000,0
89112000,0
89114000,0
89116000,0
89118000,0
89120001,0
89122000,0
89124000,0
89126000,0
89128000,0
89130000,0
89132001,0
89134000,0
89136001,0
89138000,0
89140000,0
89142000,0
89144000,0
89146000,0
89148000,0
89150001,0
89152000,0
89154000,0
89156000,0
89158001,0
89160000,0
89162000,0
89164000,0
89166000,0
89168000,0
89170000,0
89172000,0
89174000,0
89176000,0
89178000,0
89180000,0
89182000,0
89184000,0
89186001,0
89188000,0
89190000,0
89192000,0
89194000,0
89196000,0
89198001,0
89200000,0
89202001,0
89204000,0
89206000,0
89208000,0
89210001,0
89212000,0
89214000,0
89216000,0
89218000,0
89220001,0
89222000,0
89224001,0
89226000,0
89228001,0
89230000,0
89232001,0
89234000,0
89236001,0
89238000,0
89240000,0
89242000,0
89244000,0
89246000,0
89248000,0
89250000,0
89252001,0
89254000,0
89256000,0
89258000,0
89260000,0
89262000,0
89264000,0
89266001,0
89268000,0
89270001,0
89272000,0
89274000,0
89276000,0
89278000,0
89280001,0
89282000,0
89284000,0
89286000,0
89288000,0
89290000,0
89292000,0
89294000,0
89296000,0
89298000,0
89300000,0
89302000,0
89304000,0
89306001,0
89308000,0
89310000,0
89312000,0
89314000,0
89316000,0
89318001,0
89320000,0
89322000,0
89324000,0
89326000,0
89328000,0
89330000,0
89332000,0
89334000,0
89336000,0
89338000,0
89340001,0
89342000,0
89344001,0
89346000,0
89348000,0
89350000,0
89352001,0
89354000,0
89356000,0
89358000,0
89360000,0
89362000,0
89364000,0
89366000,0
89368001,0
89370000,0
89372001,0
89374000,0
89376000,0
89378000,0
89380000,0
89382000,0
89384000,0
89386000,0
89388000,0
89390000,0
89392000,0
89394000,0
89396001,0
89398000,0
89400000,0
89402000,0
89404001,0
89406000,0
89408000,0
89410001,0
89412000,0
89414000,0
89416000,0
89418001,0
89420000,0
89422001,0
89424000,0
89426000,0
89428000,0
89430000,0
89432000,0
89434000,0
89436000,0
89438000,0
89440000,0
89442000,0
89444000,0
89446000,0
89448000,0
89450000,0
89452000,0
89454000,0
89456001,0
89458000,0
89460000,0
89462000,0
89464000,0
89466000,0
89468000,0
89470000,0
89472000,0
89474000,0
89476001,0
89478000,0
89480000,0
89482000,0
89484000,0
89486000,0
89488000,0
89490000,0
89492000,0
89494001,0
89496000,0
89498000,0
89500000,0
89502000,0
89504000,0
89506000,0
89508001,0
89510000,0
89512000,0
89514000,0
89516000,0
89518000,0
89520000,0
89522000,0
89524000,0
89526000,0
89528000,0
89530000,0
89532000,0
89534000,0
89536000,0
89538000,0
89540000,0
89542000,0
89544000,0
89546000,0
89548001,0
89550000,0
89552001,0
89554000,0
89556000,0
89558000,0
89560000,0
89562000,0
89564000,0
89566000,0
89568000,0
89570000,0
89572000,0
89574000,0
89576000,0
89578001,0
89580000,0
89582000,0
89584001,0
89586000,0
89588000,0
89590000,0
89592000,0
89594001,0
89596000,0
89598000,0
89600000,0
89602000,0
89604000,0
89606000,0
89608001,0
89610000,0
89612000,0
89614000,0
89616001,0
89618000,0
89620000,0
89622000,0
89624000,0
89626000,0
89628000,0
89630000,0
89632000,0
89634000,0
89636000,0
89638000,0
89640001,0
89642000,0
89644001,0
89646000,0
89648000,0
89650000,0
89652000,0
89654000,0
89656000,0
89658000,0
89660000,0
89662000,0
89664000,0
89666000,0
89668000,0
89670000,0
89672000,0
89674000,0
89676000,0
89678000,0
89680000,0
89682001,0
89684000,0
89686000,0
89688000,0
89690000,0
89692000,0
89694000,0
89696000,0
89698000,0
89700000,0
89702000,0
89704000,0
89706000,0
89708000,0
89710001,0
89712000,0
89714000,0
89716000,0
89718000,0
89720000,0
89722000,0
89724000,0
89726000,0
89728000,0
89730000,0
89732000,0
89734000,0
89736000,0
89738000,0
89740000,0
89742001,0
89744000,0
89746000,0
89748000,0
89750000,0
89752000,0
89754001,0
89756000,0
89758000,0
89760000,0
89762001,0
89764000,0
89766000,0
89768000,0
89770000,0
89772000,0
89774000,0
89776000,0
89778000,0
89780000,0
89782000,0
89784000,0
89786001,0
89788000,0
89790000,0
89792000,0
89794001,0
89796000,0
89798000,0
89800000,0
89802000,0
89804000,0
89806001,0
89808000,0
89810000,0
89812001,0
89814000,0
89816000,0
89818000,0
89820000,0
89822001,0
89824000,0
89826000,0
89828001,0
89830000,0
89832001,0
89834000,0
89836000,0
89838000,0
89840000,0
89842000,0
89844001,0
89846000,0
89848000,0
89850000,0
89852000,0
89854000,0
89856000,0
89858000,0
89860001,0
89862000,0
89864000,0
89866001,0
89868000,0
89870001,0
89872000,0
89874001,0
89876000,0
89878000,0
89880000,0
89882000,0
89884000,0
89886001,0
89888000,0
89890001,0
89892000,0
89894000,0
89896000,0
89898001,0
89900000,0
89902000,0
89904000,0
89906000,0
89908000,0
89910000,0
89912000,0
89914000,0
89916000,0
89918000,0
89920000,0
89922001,0
89924000,0
89926001,0
89928000,0
89930000,0
89932000,0
89934000,0
89936000,0
89938000,0
89940000,0
89942001,0
89944000,0
89946000,0
89948000,0
89950000,0
89952000,0
89954001,0
89956000,0
89958001,0
89960000,0
89962001,0
89964000,0
89966000,0
89968000,0
89970000,0
89972000,0
89974000,0
89976000,0
89978000,0
89980000,0
89982001,0
89984000,0
89986000,0
89988000,0
89990000,0
89992000,0
89994001,0
89996000,0
89998001,0
90000000,0
90002000,0
90004000,0
90006000,0
90008000,0
90010000,0
90012000,0
90014001,0
90016000,0
90018001,0
90020000,0
90022001,0
90024000,0
90026000,0
90028000,0
90030000,0
90032000,0
90034000,0
90036001,0
90038000,0
90040000,0
90042000,0
90044001,0
90046000,0
90048000,0
90050000,0
90052000,0
90054000,0
90056000,0
90058000,0
90060000,0
90062001,0
90064000,0
90066000,0
90068000,0
90070000,0
90072000,0
90074000,0
90076000,0
90078000,0
90080000,0
90082001,0
90084000,0
90086000,0
90088000,0
90090000,0
90092000,0
90094000,0
90096000,0
90098000,0
90100000,0
90102000,0
90104000,0
90106000,0
90108000,0
90110000,0
90112000,0
90114000,0
90116001,0
90118000,0
90120000,0
90122000,0
90124001,0
90126000,0
90128000,0
90130000,0
90132000,0
90134000,0
90136000,0
90138000,0
90140000,0
90142000,0
90144000,0
90146000,0
90148000,0
90150001,0
90152000,0
90154001,0
90156000,0
90158000,0
90160000,0
90162000,0
90164000,0
90166000,0
90168000,0
90170000,0
90172000,0
90174001,0
90176000,0
90178001,0
90180000,0
90182000,0
90184000,0
90186001,0
90188000,0
90190001,0
90192000,0
90194000,0
90196000,0
90198001,0
90200000,0
90202001,0
90204000,0
90206000,0
90208000,0
90210000,0
90212000,0
90214000,0
90216001,0
90218000,0
90220000,0
90222000,0
90224001,0
90226000,0
90228000,0
90230000,0
90232000,0
90234000,0
90236001,0
90238000,0
90240000,0
90242000,0
90244000,0
90246000,0
90248000,0
90250000,0
90252001,0
90254000,0
90256000,0
90258000,0
90260001,0
90262000,0
90264001,0
90266000,0
90268000,0
90270000,0
90272000,0
90274000,0
90276000,0
90278001,0
90280000,0
90282001,0
90284000,0
90286001,0
90288000,0
90290000,0
90292000,0
90294000,0
90296000,0
90298000,0
90300000,0
90302000,0
90304000,0
90306000,0
90308000,0
90310001,0
90312000,0
90314000,0
90316000,0
90318001,0
90320000,0
90322001,0
90324000,0
90326000,0
90328000,0
90330000,0
90332000,0
90334000,0
90336000,0
90338000,0
90340000,0
90342000,0
90344000,0
90346001,0
90348000,0
90350001,0
90352000,0
90354000,0
90356000,0
90358000,0
90360000,0
90362000,0
90364000,0
90366000,0
90368000,0
90370000,0
90372000,0
90374000,0
90376000,0
90378000,0
90380000,0
90382000,0
90384000,0
90386001,0
90388000,0
90390001,0
90392000,0
90394000,0
90396000,0
90398001,0
90400000,0
90402000,0
90404000,0
90406000,0
90408000,0
90410000,0
90412000,0
90414000,0
90416000,0
90418000,0
90420000,0
90422000,0
90424000,0
90426001,0
90428000,0
90430000,0
90432000,0
90434000,0
90436000,0
90438000,0
90440000,0
90442000,0
90444000,0
90446000,0
90448000,0
90450000,0
90452001,0
90454000,0
90456001,0
90458000,0
90460001,0
90462000,0
90464000,0
90466000,0
90468001,0
90470000,0
90472001,0
90474000,0
90476000,0
90478001,0
90480000,0
90482000,0
90484000,0
90486000,0
90488000,0
90490000,0
90492000,0
90494000,0
90496000,0
90498000,0
90500000,0
90502000,0
90504001,0
90506000,0
90508000,0
90510000,0
90512000,0
90514000,0
90516000,0
90518001,0
90520000,0
90522001,0
90524000,0
90526001,0
90528000,0
90530000,0
90532000,0
90534000,0
90536001,0
90538000,0
90540000,0
90542000,0
90544000,0
90546001,0
90548000,0
90550001,0
90552000,0
90554000,0
90556000,0
90558000,0
90560000,0
90562000,0
90564000,0
90566000,0
90568000,0
90570000,0
90572000,0
90574000,0
90576001,0
90578000,0
90580000,0
90582001,0
90584000,0
90586000,0
90588000,0
90590000,0
90592000,0
90594000,0
90596000,0
90598000,0
90600000,0
90602000,0
90604000,0
90606000,0
90608001,0
90610000,0
90612000,0
90614000,0
90616001,0
90618000,0
90620000,0
90622000,0
90624000,0
90626001,0
90628000,0
90630000,0
90632000,0
90634000,0
90636000,0
90638000,0
90640000,0
90642000,0
90644000,0
90646000,0
90648000,0
90650000,0
90652001,0
90654000,0
90656000,0
90658000,0
90660001,0
90662000,0
90664000,0
90666000,0
90668001,0
90670000,0
90672000,0
90674000,0
90676000,0
90678000,0
90680000,0
90682000,0
90684000,0
90686000,0
90688000,0
90690000,0
90692000,0
90694000,0
90696000,0
90698000,0
90700001,0
90702000,0
90704000,0
90706000,0
90708001,0
90710000,0
90712000,0
90714000,0
90716000,0
90718001,0
90720000,0
90722001,0
90724000,0
90726000,0
90728000,0
90730000,0
90732001,0
90734000,0
90736000,0
90738000,0
90740000,0
90742000,0
90744000,0
90746000,0
90748000,0
90750000,0
90752000,0
90754000,0
90756001,0
90758000,0
90760000,0
90762000,0
90764000,0
90766000,0
90768000,0
90770000,0
90772000,0
90774001,0
90776000,0
90778000,0
90780000,0
90782000,0
90784000,0
90786000,0
90788000,0
90790001,0
90792000,0
90794000,0
90796000,0
90798000,0
90800000,0
90802000,0
90804000,0
90806000,0
90808000,0
90810001,0
90812000,0
90814000,0
90816000,0
90818001,0
90820000,0
90822000,0
90824000,0
90826000,0
90828000,0
90830001,0
90832000,0
90834000,0
90836000,0
90838000,0
90840000,0
90842000,0
90844001,0
90846000,0
90848000,0
90850000,0
90852001,0
90854000,0
90856001,0
90858000,0
90860001,0
90862000,0
90864000,0
90866000,0
90868000,0
90870000,0
90872001,0
90874000,0
90876000,0
90878000,0
90880000,0
90882001,0
90884000,0
90886000,0
90888000,0
90890000,0
90892000,0
90894000,0
90896000,0
90898000,0
90900000,0
90902000,0
90904000,0
90906000,0
90908000,0
90910000,0
90912001,0
90914000,0
90916000,0
90918000,0
90920000,0
90922000,0
90924000,0
90926000,0
90928000,0
90930000,0
90932000,0
90934001,0
90936000,0
90938001,0
90940000,0
90942001,0
90944000,0
90946001,0
90948000,0
90950001,0
90952000,0
90954000,0
90956000,0
90958000,0
90960000,0
90962001,0
90964000,0
90966000,0
90968000,0
90970000,0
90972001,0
90974000,0
90976001,0
90978000,0
90980000,0
90982001,0
90984000,0
90986000,0
90988000,0
90990000,0
90992000,0
90994000,0
90996000,0
90998001,0
91000000,0
91002000,0
91004000,0
91006000,0
91008000,0
91010001,0
91012000,0
91014001,0
91016000,0
91018001,0
91020000,0
91022001,0
91024000,0
91026000,0
91028000,0
91030000,0
91032000,0
91034000,0
91036000,0
91038000,0
91040000,0
91042000,0
91044000,0
91046000,0
91048000,0
91050000,0
91052000,0
91054000,0
91056000,0
91058000,0
91060000,0
91062001,0
91064000,0
91066001,0
91068000,0
91070000,0
91072000,0
91074000,0
91076000,0
91078000,0
91080001,0
91082000,0
91084001,0
91086000,0
91088001,0
91090000,0
91092000,0
91094000,0
91096001,0
91098000,0
91100000,0
91102000,0
91104000,0
91106000,0
91108000,0
91110000,0
91112000,0
91114000,0
91116000,0
91118000,0
91120000,0
91122000,0
91124000,0
91126001,0
91128000,0
91130000,0
91132000,0
91134000,0
91136000,0
91138000,0
91140000,0
91142000,0
91144000,0
91146000,0
91148000,0
91150001,0
91152000,0
91154001,0
91156000,0
91158001,0
91160000,0
91162001,0
91164000,0
91166000,0
91168001,0
91170000,0
91172000,0
91174000,0
91176000,0
91178000,0
91180000,0
91182000,0
91184000,0
91186000,0
91188000,0
91190000,0
91192001,0
91194000,0
91196001,0
91198000,0
91200000,0
91202000,0
91204000,0
91206000,0
91208000,0
91210001,0
91212000,0
91214001,0
91216000,0
91218000,0
91220000,0
91222001,0
91224000,0
91226000,0
91228000,0
91230001,0
91232000,0
91234000,0
91236001,0
91238000,0
91240001,0
91242000,0
91244000,0
91246000,0
91248001,0
91250000,0
91252000,0
91254000,0
91256000,0
91258000,0
91260000,0
91262000,0
91264000,0
91266000,0
91268000,0
91270001,0
91272000,0
91274000,0
91276000,0
91278001,0
91280000,0
91282001,0
91284000,0
91286001,0
91288000,0
91290001,0
91292000,0
91294001,0
91296000,0
91298000,0
91300000,0
91302000,0
91304000,0
91306000,0
91308000,0
91310001,0
91312000,0
91314001,0
91316000,0
91318001,0
91320000,0
91322000,0
91324000,0
91326001,0
91328000,0
91330000,0
91332000,0
91334000,0
91336000,0
91338000,0
91340001,0
91342000,0
91344001,0
91346000,0
91348000,0
91350000,0
91352000,0
91354000,0
91356000,0
91358001,0
91360000,0
91362000,0
91364000,0
91366000,0
91368000,0
91370001,0
91372000,0
91374001,0
91376000,0
91378000,0
91380000,0
91382001,0
91384000,0
91386000,0
91388000,0
91390001,0
91392000,0
91394001,0
91396000,0
91398000,0
91400000,0
91402000,0
91404000,0
91406000,0
91408000,0
91410000,0
91412000,0
91414001,0
91416000,0
91418000,0
91420000,0
91422001,0
91424000,0
91426000,0
91428000,0
91430000,0
91432001,0
91434000,0
91436001,0
91438000,0
91440000,0
91442000,0
91444000,0
91446000,0
91448000,0
91450000,0
91452000,0
91454001,0
91456000,0
91458000,0
91460000,0
91462000,0
91464000,0
91466000,0
91468000,0
91470000,0
91472000,0
91474000,0
91476001,0
91478000,0
91480001,0
91482000,0
91484001,0
91486000,0
91488000,0
91490000,0
91492000,0
91494000,0
91496001,0
91498000,0
91500000,0
91502000,0
91504000,0
91506000,0
91508001,0
91510000,0
91512000,0
91514000,0
91516001,0
91518000,0
91520001,0
91522000,0
91524000,0
91526000,0
91528001,0
91530000,0
91532001,0
91534000,0
91536001,0
91538000,0
91540001,0
91542000,0
91544001,0
91546000,0
91548001,0
91550000,0
91552000,0
91554000,0
91556000,0
91558000,0
91560000,0
91562000,0
91564000,0
91566000,0
91568000,0
91570000,0
91572000,0
91574001,0
91576000,0
91578000,0
91580000,0
91582001,0
91584000,0
91586001,0
91588000,0
91590000,0
91592000,0
91594000,0
91596000,0
91598000,0
91600000,0
91602000,0
91604001,0
91606000,0
91608001,0
91610000,0
91612001,0
91614000,0
91616000,0
91618000,0
91620001,0
91622000,0
91624000,0
91626000,0
91628000,0
91630000,0
91632001,0
91634000,0
91636000,0
91638001,0
91640000,0
91642001,0
91644000,0
91646001,0
91648000,0
91650000,0
91652000,0
91654000,0
91656000,0
91658000,0
91660001,0
91662000,0
91664000,0
91666000,0
91668000,0
91670000,0
91672000,0
91674000,0
91676001,0
91678000,0
91680000,0
91682000,0
91684001,0
91686000,0
91688000,0
91690001,0
91692000,0
91694000,0
91696000,0
91698000,0
91700000,0
91702001,0
91704000,0
91706000,0
91708000,0
91710001,0
91712000,0
91714000,0
91716000,0
91718001,0
91720000,0
91722001,0
91724000,0
91726000,0
91728000,0
91730001,0
91732000,0
91734000,0
91736000,0
91738001,0
91740000,0
91742000,0
91744000,0
91746001,0
91748000,0
91750000,0
91752000,0
91754000,0
91756000,0
91758001,0
91760000,0
91762001,0
91764000,0
91766000,0
91768000,0
91770000,0
91772000,0
91774000,0
91776000,0
91778000,0
91780000,0
91782000,0
91784001,0
91786000,0
91788000,0
91790000,0
91792000,0
91794000,0
91796000,0
91798000,0
91800000,0
91802000,0
91804000,0
91806000,0
91808000,0
91810000,0
91812001,0
91814000,0
91816000,0
91818001,0
91820000,0
91822000,0
91824001,0
91826000,0
91828000,0
91830000,0
91832000,0
91834001,0
91836000,0
91838001,0
91840000,0
91842001,0
91844000,0
91846001,0
91848000,0
91850000,0
91852000,0
91854000,0
91856000,0
91858000,0
91860000,0
91862000,0
91864000,0
91866001,0
91868000,0
91870000,0
91872000,0
91874000,0
91876000,0
91878000,0
91880000,0
91882001,0
91884000,0
91886001,0
91888000,0
91890000,0
91892000,0
91894000,0
91896000,0
91898000,0
91900000,0
91902000,0
91904001,0
91906000,0
91908000,0
91910000,0
91912001,0
91914000,0
91916000,0
91918000,0
91920000,0
91922000,0
91924001,0
91926000,0
91928000,0
91930001,0
91932000,0
91934000,0
91936000,0
91938000,0
91940000,0
91942000,0
91944001,0
91946000,0
91948001,0
91950000,0
91952001,0
91954000,0
91956000,0
91958000,0
91960001,0
91962000,0
91964001,0
91966000,0
91968001,0
91970000,0
91972001,0
91974000,0
91976000,0
91978001,0
91980000,0
91982000,0
91984000,0
91986000,0
91988001,0
91990000,0
91992000,0
91994000,0
91996001,0
91998000,0
92000000,0
92002000,0
92004001,0
92006000,0
92008000,0
92010000,0
92012000,0
92014000,0
92016000,0
92018000,0
92020000,0
92022001,0
92024000,0
92026001,0
92028000,0
92030001,0
92032000,0
92034001,0
92036000,0
92038000,0
92040000,0
92042001,0
92044000,0
92046001,0
92048000,0
92050000,0
92052000,0
92054000,0
92056000,0
92058000,0
92060000,0
92062000,0
92064000,0
92066000,0
92068001,0
92070000,0
92072001,0
92074000,0
92076001,0
92078000,0
92080001,0
92082000,0
92084000,0
92086000,0
92088000,0
92090000,0
92092001,0
92094000,0
92096001,0
92098000,0
92100000,0
92102000,0
92104000,0
92106001,0
92108000,0
92110001,0
92112000,0
92114000,0
92116000,0
92118000,0
92120000,0
92122000,0
92124000,0
92126000,0
92128000,0
92130001,0
92132000,0
92134001,0
92136000,0
92138001,0
92140000,0
92142000,0
92144000,0
92146000,0
92148000,0
92150000,0
92152000,0
92154001,0
92156000,0
92158001,0
92160000,0
92162000,0
92164000,0
92166001,0
92168000,0
92170000,0
92172000,0
92174001,0
92176000,0
92178001,0
92180000,0
92182000,0
92184000,0
92186000,0
92188001,0
92190000,0
92192000,0
92194000,0
92196001,0
92198000,0
92200000,0
92202000,0
92204001,0
92206000,0
92208000,0
92210000,0
92212000,0
92214000,0
92216001,0
92218000,0
92220001,0
92222000,0
92224001,0
92226000,0
92228001,0
92230000,0
92232000,0
92234000,0
92236000,0
92238000,0
92240000,0
92242000,0
92244000,0
92246000,0
92248000,0
92250000,0
92252000,0
92254000,0
92256000,0
92258000,0
92260000,0
92262000,0
92264000,0
92266000,0
92268001,0
92270000,0
92272001,0
92274000,0
92276001,0
92278000,0
92280000,0
92282000,0
92284001,0
92286000,0
92288001,0
92290000,0
92292000,0
92294000,0
92296001,0
92298000,0
92300000,0
92302000,0
92304000,0
92306000,0
92308000,0
92310000,0
92312000,0
92314000,0
92316001,0
92318000,0
92320000,0
92322000,0
92324000,0
92326000,0
92328000,0
92330000,0
92332000,0
92334001,0
92336000,0
92338001,0
92340000,0
92342001,0
92344000,0
92346000,0
92348000,0
92350001,0
92352000,0
92354000,0
92356000,0
92358000,0
92360000,0
92362001,0
92364000,0
92366000,0
92368000,0
92370001,0
92372000,0
92374000,0
92376000,0
92378000,0
92380001,0
92382000,0
92384001,0
92386000,0
92388001,0
92390000,0
92392000,0
92394000,0
92396001,0
92398000,0
92400000,0
92402000,0
92404000,0
92406000,0
92408000,0
92410000,0
92412000,0
92414000,0
92416000,0
92418000,0
92420000,0
92422001,0
92424000,0
92426000,0
92428000,0
92430000,0
92432000,0
92434000,0
92436001,0
92438000,0
92440000,0
92442000,0
92444000,0
92446000,0
92448000,0
92450000,0
92452000,0
92454000,0
92456000,0
92458000,0
92460000,0
92462000,0
92464000,0
92466001,0
92468000,0
92470001,0
92472000,0
92474001,0
92476000,0
92478000,0
92480000,0
92482000,0
92484000,0
92486000,0
92488000,0
92490000,0
92492000,0
92494000,0
92496000,0
92498000,0
92500000,0
92502001,0
92504000,0
92506001,0
92508000,0
92510000,0
92512000,0
92514001,0
92516000,0
92518000,0
92520000,0
92522000,0
92524000,0
92526000,0
92528000,0
92530001,0
92532000,0
92534001,0
92536000,0
92538001,0
92540000,0
92542000,0
92544000,0
92546001,0
92548000,0
92550000,0
92552000,0
92554000,0
92556000,0
92558000,0
92560001,0
92562000,0
92564001,0
92566000,0
92568000,0
92570000,0
92572000,0
92574001,0
92576000,0
92578000,0
92580000,0
92582000,0
92584000,0
92586001,0
92588000,0
92590000,0
92592000,0
92594001,0
92596000,0
92598000,0
92600000,0
92602000,0
92604001,0
92606000,0
92608001,0
92610000,0
92612000,0
92614000,0
92616000,0
92618000,0
92620001,0
92622000,0
92624000,0
92626000,0
92628001,0
92630000,0
92632001,0
92634000,0
92636000,0
92638000,0
92640000,0
92642001,0
92644000,0
92646000,0
92648000,0
92650001,0
92652000,0
92654001,0
92656000,0
92658001,0
92660000,0
92662001,0
92664000,0
92666000,0
92668000,0
92670000,0
92672001,0
92674000,0
92676000,0
92678000,0
92680000,0
92682000,0
92684000,0
92686000,0
92688000,0
92690000,0
92692000,0
92694000,0
92696000,0
92698000,0
92700000,0
92702000,0
92704001,0
92706000,0
92708001,0
92710000,0
92712000,0
92714000,0
92716000,0
92718000,0
92720000,0
92722000,0
92724000,0
92726000,0
92728000,0
92730000,0
92732001,0
92734000,0
92736000,0
92738000,0
92740001,0
92742000,0
92744000,0
92746000,0
92748000,0
92750000,0
92752000,0
92754000,0
92756001,0
92758000,0
92760001,0
92762000,0
92764000,0
92766000,0
92768001,0
92770000,0
92772001,0
92774000,0
92776000,0
92778000,0
92780000,0
92782000,0
92784001,0
92786000,0
92788001,0
92790000,0
92792001,0
92794000,0
92796000,0
92798000,0
92800000,0
92802000,0
92804000,0
92806000,0
92808001,0
92810000,0
92812000,0
92814000,0
92816000,0
92818000,0
92820000,0
92822000,0
92824000,0
92826000,0
92828000,0
92830000,0
92832000,0
92834000,0
92836001,0
92838000,0
92840000,0
92842000,0
92844000,0
92846000,0
92848001,0
92850000,0
92852000,0
92854000,0
92856001,0
92858000,0
92860001,0
92862000,0
92864000,0
92866000,0
92868000,0
92870000,0
92872000,0
92874000,0
92876000,0
92878001,0
92880000,0
92882000,0
92884000,0
92886001,0
92888000,0
92890000,0
92892000,0
92894001,0
92896000,0
92898000,0
92900000,0
92902000,0
92904000,0
92906001,0
92908000,0
92910000,0
92912000,0
92914000,0
92916000,0
92918000,0
92920000,0
92922000,0
92924000,0
92926000,0
92928000,0
92930000,0
92932000,0
92934000,0
92936001,0
92938000,0
92940001,0
92942000,0
92944000,0
92946000,0
92948001,0
92950000,0
92952000,0
92954000,0
92956000,0
92958000,0
92960000,0
92962000,0
92964000,0
92966001,0
92968000,0
92970000,0
92972000,0
92974001,0
92976000,0
92978001,0
92980000,0
92982000,0
92984000,0
92986001,0
92988000,0
92990000,0
92992000,0
92994000,0
92996000,0
92998000,0
93000000,0
93002000,0
93004000,0
93006000,0
93008000,0
93010000,0
93012000,0
93014000,0
93016000,0
93018000,0
93020000,0
93022000,0
93024000,0
93026000,0
93028000,0
93030000,0
93032000,0
93034000,0
93036000,0
93038000,0
93040000,0
93042000,0
93044000,0
93046000,0
93048000,0
93050000,0
93052000,0
93054001,0
93056000,0
93058001,0
93060000,0
93062001,0
93064000,0
93066001,0
93068000,0
93070000,0
93072000,0
93074000,0
93076001,0
93078000,0
93080001,0
93082000,0
93084001,0
93086000,0
93088000,0
93090000,0
93092000,0
93094000,0
93096000,0
93098000,0
93100000,0
93102000,0
93104000,0
93106000,0
93108001,0
93110000,0
93112000,0
93114000,0
93116001,0
93118000,0
93120001,0
93122000,0
93124000,0
93126000,0
93128000,0
93130000,0
93132001,0
93134000,0
93136000,0
93138000,0
93140000,0
93142001,0
93144000,0
93146000,0
93148001,0
93150000,0
93152000,0
93154000,0
93156001,0
93158000,0
93160001,0
93162000,0
93164000,0
93166000,0
93168000,0
93170000,0
93172000,0
93174001,0
93176000,0
93178000,0
93180000,0
93182000,0
93184000,0
93186000,0
93188001,0
93190000,0
93192001,0
93194000,0
93196000,0
93198000,0
93200000,0
93202000,0
93204000,0
93206000,0
93208000,0
93210000,0
93212000,0
93214000,0
93216000,0
93218000,0
93220000,0
93222000,0
93224000,0
93226000,0
93228000,0
93230000,0
93232000,0
93234000,0
93236000,0
93238000,0
93240000,0
93242000,0
93244000,0
93246001,0
93248000,0
93250001,0
93252000,0
93254000,0
93256000,0
93258001,0
93260000,0
93262000,0
93264000,0
93266000,0
93268000,0
93270000,0
93272000,0
93274000,0
93276000,0
93278000,0
93280000,0
93282000,0
93284000,0
93286000,0
93288000,0
93290000,0
93292000,0
93294000,0
93296000,0
93298000,0
93300000,0
93302000,0
93304000,0
93306000,0
93308000,0
93310000,0
93312001,0
93314000,0
93316000,0
93318000,0
93320001,0
93322000,0
93324000,0
93326000,0
93328000,0
93330000,0
93332000,0
93334000,0
93336001,0
93338000,0
93340000,0
93342000,0
93344000,0
93346000,0
93348000,0
93350000,0
93352001,0
93354000,0
93356001,0
93358000,0
93360000,0
93362000,0
93364000,0
93366000,0
93368000,0
93370000,0
93372000,0
93374001,0
93376000,0
93378000,0
93380000,0
93382000,0
93384000,0
93386001,0
93388000,0
93390000,0
93392000,0
93394000,0
93396000,0
93398000,0
93400000,0
93402000,0
93404000,0
93406000,0
93408000,0
93410001,0
93412000,0
93414000,0
93416000,0
93418000,0
93420000,0
93422000,0
93424001,0
93426000,0
93428001,0
93430000,0
93432000,0
93434000,0
93436000,0
93438000,0
93440000,0
93442000,0
93444000,0
93446000,0
93448000,0
93450000,0
93452001,0
93454000,0
93456000,0
93458000,0
93460000,0
93462000,0
93464000,0
93466000,0
93468000,0
93470000,0
93472000,0
93474000,0
93476000,0
93478000,0
93480001,0
93482000,0
93484000,0
93486000,0
93488001,0
93490000,0
93492001,0
93494000,0
93496000,0
93498000,0
93500000,0
93502000,0
93504000,0
93506000,0
93508000,0
93510000,0
93512000,0
93514000,0
93516000,0
93518000,0
93520000,0
93522000,0
93524000,0
93526000,0
93528000,0
93530000,0
93532000,0
93534000,0
93536000,0
93538000,0
93540000,0
93542000,0
93544001,0
93546000,0
93548000,0
93550000,0
93552000,0
93554000,0
93556000,0
93558000,0
93560000,0
93562000,0
93564001,0
93566000,0
93568000,0
93570000,0
93572001,0
93574000,0
93576000,0
93578000,0
93580000,0
93582000,0
93584001,0
93586000,0
93588001,0
93590000,0
93592000,0
93594001,0
93596000,0
93598000,0
93600000,0
93602000,0
93604001,0
93606000,0
93608000,0
93610000,0
93612000,0
93614000,0
93616000,0
93618000,0
93620000,0
93622000,0
93624000,0
93626000,0
93628000,0
93630000,0
93632000,0
93634001,0
93636000,0
93638000,0
93640000,0
93642000,0
93644000,0
93646000,0
93648001,0
93650000,0
93652001,0
93654000,0
93656000,0
93658001,0
93660000,0
93662001,0
93664000,0
93666000,0
93668000,0
93670000,0
93672001,0
93674000,0
93676000,0
93678001,0
93680000,0
93682000,0
93684000,0
93686000,0
93688000,0
93690000,0
93692000,0
93694001,0
93696000,0
93698000,0
93700000,0
93702000,0
93704000,0
93706000,0
93708001,0
93710000,0
93712000,0
93714000,0
93716000,0
93718000,0
93720000,0
93722000,0
93724000,0
93726000,0
93728000,0
93730000,0
93732000,0
93734001,0
93736000,0
93738000,0
93740000,0
93742000,0
93744001,0
93746000,0
93748000,0
93750000,0
93752000,0
93754001,0
93756000,0
93758000,0
93760000,0
93762001,0
93764000,0
93766000,0
93768000,0
93770001,0
93772000,0
93774000,0
93776001,0
93778000,0
93780001,0
93782000,0
93784000,0
93786000,0
93788000,0
93790000,0
93792000,0
93794000,0
93796001,0
93798000,0
93800000,0
93802000,0
93804000,0
93806000,0
93808000,0
93810000,0
93812000,0
93814001,0
93816000,0
93818000,0
93820001,0
93822000,0
93824001,0
93826000,0
93828000,0
93830000,0
93832000,0
93834000,0
93836000,0
93838000,0
93840000,0
93842000,0
93844000,0
93846000,0
93848000,0
93850000,0
93852000,0
93854000,0
93856000,0
93858000,0
93860000,0
93862000,0
93864000,0
93866000,0
93868000,0
93870000,0
93872000,0
93874000,0
93876000,0
93878000,0
93880001,0
93882000,0
93884000,0
93886000,0
93888000,0
93890000,0
93892000,0
93894001,0
93896000,0
93898000,0
93900000,0
93902000,0
93904000,0
93906000,0
93908000,0
93910000,0
93912001,0
93914000,0
93916000,0
93918000,0
93920001,0
93922000,0
93924000,0
93926000,0
93928000,0
93930000,0
93932000,0
93934000,0
93936000,0
93938000,0
93940000,0
93942001,0
93944000,0
93946000,0
93948000,0
93950000,0
93952000,0
93954000,0
93956000,0
93958000,0
93960000,0
93962000,0
93964000,0
93966000,0
93968000,0
93970000,0
93972000,0
93974000,0
93976000,0
93978000,0
93980000,0
93982001,0
93984000,0
93986000,0
93988000,0
93990000,0
93992000,0
93994001,0
93996000,0
93998001,0
94000000,0
94002001,0
94004000,0
94006001,0
94008000,0
94010000,0
94012000,0
94014000,0
94016001,0
94018000,0
94020000,0
94022000,0
94024001,0
94026000,0
94028001,0
94030000,0
94032000,0
94034000,0
94036001,0
94038000,0
94040000,0
94042000,0
94044000,0
94046000,0
94048001,0
94050000,0
94052000,0
94054000,0
94056000,0
94058000,0
94060000,0
94062000,0
94064000,0
94066001,0
94068000,0
94070000,0
94072000,0
94074000,0
94076001,0
94078000,0
94080000,0
94082000,0
94084000,0
94086000,0
94088000,0
94090000,0
94092000,0
94094000,0
94096001,0
94098000,0
94100000,0
94102000,0
94104000,0
94106000,0
94108001,0
94110000,0
94112000,0
94114000,0
94116001,0
94118000,0
94120000,0
94122000,0
94124000,0
94126000,0
94128001,0
94130000,0
94132000,0
94134001,0
94136000,0
94138001,0
94140000,0
94142000,0
94144000,0
94146001,0
94148000,0
94150000,0
94152001,0
94154000,0
94156000,0
94158000,0
94160000,0
94162000,0
94164000,0
94166000,0
94168000,0
94170000,0
94172000,0
94174000,0
94176000,0
94178001,0
94180000,0
94182000,0
94184000,0
94186000,0
94188000,0
94190001,0
94192000,0
94194000,0
94196000,0
94198001,0
94200000,0
94202001,0
94204000,0
94206000,0
94208000,0
94210000,0
94212000,0
94214000,0
94216000,0
94218000,0
94220000,0
94222000,0
94224000,0
94226000,0
94228000,0
94230000,0
94232001,0
94234000,0
94236000,0
94238000,0
94240001,0
94242000,0
94244001,0
94246000,0
94248000,0
94250000,0
94252001,0
94254000,0
94256001,0
94258000,0
94260000,0
94262000,0
94264000,0
94266001,0
94268000,0
94270000,0
94272000,0
94274000,0
94276000,0
94278000,0
94280000,0
94282001,0
94284000,0
94286000,0
94288000,0
94290000,0
94292000,0
94294000,0
94296000,0
94298000,0
94300000,0
94302000,0
94304000,0
94306000,0
94308000,0
94310000,0
94312000,0
94314000,0
94316000,0
94318001,0
94320000,0
94322001,0
94324000,0
94326000,0
94328000,0
94330001,0
94332000,0
94334001,0
94336000,0
94338001,0
94340000,0
94342000,0
94344000,0
94346000,0
94348001,0
94350000,0
94352000,0
94354000,0
94356000,0
94358001,0
94360000,0
94362000,0
94364000,0
94366000,0
94368000,0
94370000,0
94372001,0
94374000,0
94376000,0
94378001,0
94380000,0
94382001,0
94384000,0
94386000,0
94388000,0
94390000,0
94392000,0
94394000,0
94396000,0
94398000,0
94400000,0
94402000,0
94404000,0
94406000,0
94408000,0
94410000,0
94412001,0
94414000,0
94416000,0
94418000,0
94420001,0
94422000,0
94424001,0
94426000,0
94428001,0
94430000,0
94432000,0
94434000,0
94436000,0
94438000,0
94440000,0
94442000,0
94444000,0
94446000,0
94448000,0
94450000,0
94452001,0
94454000,0
94456000,0
94458001,0
94460000,0
94462000,0
94464000,0
94466001,0
94468000,0
94470000,0
94472000,0
94474001,0
94476000,0
94478000,0
94480000,0
94482000,0
94484001,0
94486000,0
94488000,0
94490000,0
94492000,0
94494000,0
94496000,0
94498000,0
94500001,0
94502000,0
94504000,0
94506000,0
94508000,0
94510000,0
94512000,0
94514000,0
94516000,0
94518000,0
94520001,0
94522000,0
94524001,0
94526000,0
94528000,0
94530000,0
94532000,0
94534000,0
94536000,0
94538000,0
94540000,0
94542000,0
94544000,0
94546000,0
94548000,0
94550000,0
94552000,0
94554000,0
94556000,0
94558000,0
94560000,0
94562000,0
94564000,0
94566000,0
94568001,0
94570000,0
94572001,0
94574000,0
94576000,0
94578000,0
94580001,0
94582000,0
94584000,0
94586000,0
94588000,0
94590000,0
94592000,0
94594000,0
94596001,0
94598000,0
94600001,0
94602000,0
94604001,0
94606000,0
94608000,0
94610000,0
94612000,0
94614000,0
94616000,0
94618000,0
94620001,0
94622000,0
94624000,0
94626000,0
94628000,0
94630000,0
94632000,0
94634000,0
94636000,0
94638001,0
94640000,0
94642000,0
94644000,0
94646000,0
94648000,0
94650000,0
94652000,0
94654000,0
94656000,0
94658000,0
94660000,0
94662000,0
94664000,0
94666000,0
94668000,0
94670000,0
94672000,0
94674000,0
94676000,0
94678001,0
94680000,0
94682001,0
94684000,0
94686000,0
94688000,0
94690000,0
94692000,0
94694000,0
94696000,0
94698000,0
94700001,0
94702000,0
94704001,0
94706000,0
94708000,0
94710000,0
94712000,0
94714000,0
94716001,0
94718000,0
94720001,0
94722000,0
94724000,0
94726000,0
94728000,0
94730000,0
94732000,0
94734000,0
94736000,0
94738000,0
94740000,0
94742000,0
94744001,0
94746000,0
94748000,0
94750000,0
94752000,0
94754000,0
94756000,0
94758000,0
94760000,0
94762001,0
94764000,0
94766000,0
94768000,0
94770000,0
94772000,0
94774000,0
94776000,0
94778000,0
94780000,0
94782000,0
94784000,0
94786000,0
94788000,0
94790000,0
94792000,0
94794001,0
94796000,0
94798000,0
94800000,0
94802000,0
94804001,0
94806000,0
94808000,0
94810001,0
94812000,0
94814000,0
94816000,0
94818000,0
94820000,0
94822000,0
94824000,0
94826001,0
94828000,0
94830001,0
94832000,0
94834000,0
94836000,0
94838000,0
94840001,0
94842000,0
94844001,0
94846000,0
94848001,0
94850000,0
94852001,0
94854000,0
94856000,0
94858000,0
94860000,0
94862000,0
94864001,0
94866000,0
94868000,0
94870000,0
94872000,0
94874000,0
94876000,0
94878001,0
94880000,0
94882000,0
94884000,0
94886001,0
94888000,0
94890001,0
94892000,0
94894000,0
94896000,0
94898000,0
94900000,0
94902001,0
94904000,0
94906000,0
94908000,0
94910000,0
94912000,0
94914000,0
94916000,0
94918000,0
94920000,0
94922000,0
94924000,0
94926000,0
94928001,0
94930000,0
94932000,0
94934000,0
94936000,0
94938000,0
94940000,0
94942000,0
94944000,0
94946000,0
94948000,0
94950000,0
94952001,0
94954000,0
94956001,0
94958000,0
94960000,0
94962000,0
94964000,0
94966000,0
94968000,0
94970000,0
94972001,0
94974000,0
94976000,0
94978000,0
94980000,0
94982000,0
94984000,0
94986000,0
94988000,0
94990000,0
94992000,0
94994000,0
94996000,0
94998000,0
95000000,0
95002000,0
95004000,0
95006001,0
95008000,0
95010000,0
95012000,0
95014000,0
95016000,0
95018000,0
95020000,0
95022000,0
95024000,0
95026000,0
95028000,0
95030001,0
95032000,0
95034000,0
95036000,0
95038001,0
95040000,0
95042000,0
95044000,0
95046000,0
95048000,0
95050000,0
95052000,0
95054001,0
95056000,0
95058000,0
95060000,0
95062000,0
95064000,0
95066001,0
95068000,0
95070001,0
95072000,0
95074001,0
95076000,0
95078001,0
95080000,0
95082000,0
95084000,0
95086000,0
95088000,0
95090001,0
95092000,0
95094001,0
95096000,0
95098001,0
95100000,0
95102000,0
95104000,0
95106000,0
95108000,0
95110000,0
95112001,0
95114000,0
95116001,0
95118000,0
95120001,0
95122000,0
95124001,0
95126000,0
95128000,0
95130000,0
95132001,0
95134000,0
95136000,0
95138001,0
95140000,0
95142000,0
95144000,0
95146000,0
95148000,0
95150001,0
95152000,0
95154000,0
95156000,0
95158000,0
95160000,0
95162000,0
95164001,0
95166000,0
95168000,0
95170000,0
95172000,0
95174000,0
95176001,0
95178000,0
95180000,0
95182001,0
95184000,0
95186000,0
95188001,0
95190000,0
95192001,0
95194000,0
95196000,0
95198000,0
95200000,0
95202000,0
95204000,0
95206000,0
95208001,0
95210000,0
95212000,0
95214000,0
95216000,0
95218001,0
95220000,0
95222001,0
95224000,0
95226001,0
95228000,0
95230000,0
95232000,0
95234001,0
95236000,0
95238000,0
95240000,0
95242000,0
95244000,0
95246000,0
95248001,0
95250000,0
95252000,0
95254000,0
95256001,0
95258000,0
95260000,0
95262000,0
95264001,0
95266000,0
95268001,0
95270000,0
95272000,0
95274000,0
95276000,0
95278000,0
95280000,0
95282000,0
95284000,0
95286000,0
95288001,0
95290000,0
95292000,0
95294000,0
95296000,0
95298000,0
95300000,0
95302000,0
95304000,0
95306000,0
95308000,0
95310000,0
95312001,0
95314000,0
95316000,0
95318000,0
95320001,0
95322000,0
95324001,0
95326000,0
95328000,0
95330000,0
95332001,0
95334000,0
95336000,0
95338000,0
95340000,0
95342000,0
95344001,0
95346000,0
95348000,0
95350000,0
95352000,0
95354000,0
95356000,0
95358000,0
95360000,0
95362000,0
95364000,0
95366000,0
95368000,0
95370000,0
95372000,0
95374000,0
95376000,0
95378000,0
95380000,0
95382000,0
95384001,0
95386000,0
95388001,0
95390000,0
95392000,0
95394000,0
95396000,0
95398000,0
95400001,0
95402000,0
95404000,0
95406000,0
95408000,0
95410001,0
95412000,0
95414001,0
95416000,0
95418001,0
95420000,0
95422001,0
95424000,0
95426001,0
95428000,0
95430000,0
95432000,0
95434000,0
95436000,0
95438000,0
95440000,0
95442000,0
95444000,0
95446000,0
95448000,0
95450000,0
95452001,0
95454000,0
95456000,0
95458000,0
95460001,0
95462000,0
95464000,0
95466000,0
95468000,0
95470001,0
95472000,0
95474000,0
95476000,0
95478000,0
95480000,0
95482001,0
95484000,0
95486001,0
95488000,0
95490001,0
95492000,0
95494000,0
95496000,0
95498000,0
95500001,0
95502000,0
95504000,0
95506000,0
95508001,0
95510000,0
95512000,0
95514000,0
95516000,0
95518000,0
95520000,0
95522000,0
95524001,0
95526000,0
95528001,0
95530000,0
95532001,0
95534000,0
95536000,0
95538000,0
95540001,0
95542000,0
95544000,0
95546000,0
95548000,0
95550000,0
95552000,0
95554000,0
95556000,0
95558000,0
95560000,0
95562000,0
95564000,0
95566001,0
95568000,0
95570000,0
95572000,0
95574001,0
95576000,0
95578000,0
95580000,0
95582000,0
95584000,0
95586000,0
95588000,0
95590001,0
95592000,0
95594001,0
95596000,0
95598000,0
95600000,0
95602001,0
95604000,0
95606001,0
95608000,0
95610000,0
95612001,0
95614000,0
95616001,0
95618000,0
95620001,0
95622000,0
95624000,0
95626000,0
95628000,0
95630000,0
95632000,0
95634000,0
95636001,0
95638000,0
95640001,0
95642000,0
95644000,0
95646000,0
95648000,0
95650000,0
95652000,0
95654000,0
95656000,0
95658000,0
95660001,0
95662000,0
95664000,0
95666000,0
95668000,0
95670000,0
95672000,0
95674000,0
95676000,0
95678000,0
95680000,0
95682000,0
95684000,0
95686000,0
95688000,0
95690000,0
95692000,0
95694000,0
95696000,0
95698000,0
95700000,0
95702000,0
95704000,0
95706000,0
95708000,0
95710000,0
95712000,0
95714000,0
95716000,0
95718000,0
95720001,0
95722000,0
95724000,0
95726000,0
95728001,0
95730000,0
95732000,0
95734000,0
95736000,0
95738001,0
95740000,0
95742001,0
95744000,0
95746000,0
95748000,0
95750000,0
95752000,0
95754001,0
95756000,0
95758000,0
95760000,0
95762001,0
95764000,0
95766000,0
95768000,0
95770000,0
95772000,0
95774000,0
95776001,0
95778000,0
95780001,0
95782000,0
95784000,0
95786001,0
95788000,0
95790000,0
95792000,0
95794000,0
95796000,0
95798001,0
95800000,0
95802001,0
95804000,0
95806000,0
95808000,0
95810001,0
95812000,0
95814001,0
95816000,0
95818000,0
95820000,0
95822000,0
95824000,0
95826000,0
95828000,0
95830000,0
95832000,0
95834000,0
95836000,0
95838001,0
95840000,0
95842001,0
95844000,0
95846000,0
95848000,0
95850001,0
95852000,0
95854000,0
95856000,0
95858000,0
95860000,0
95862000,0
95864000,0
95866000,0
95868000,0
95870000,0
95872001,0
95874000,0
95876001,0
95878000,0
95880000,0
95882000,0
95884001,0
95886000,0
95888000,0
95890000,0
95892000,0
95894000,0
95896000,0
95898000,0
95900001,0
95902000,0
95904001,0
95906000,0
95908000,0
95910000,0
95912001,0
95914000,0
95916000,0
95918000,0
95920000,0
95922000,0
95924001,0
95926000,0
95928000,0
95930000,0
95932001,0
95934000,0
95936000,0
95938000,0
95940000,0
95942000,0
95944000,0
95946000,0
95948000,0
95950000,0
95952000,0
95954000,0
95956000,0
95958000,0
95960001,0
95962000,0
95964001,0
95966000,0
95968001,0
95970000,0
95972000,0
95974000,0
95976000,0
95978000,0
95980001,0
95982000,0
95984000,0
95986000,0
95988000,0
95990000,0
95992000,0
95994000,0
95996001,0
95998000,0
96000000,0
96002000,0
96004000,0
96006001,0
96008000,0
96010000,0
96012000,0
96014000,0
96016000,0
96018000,0
96020000,0
96022000,0
96024000,0
96026001,0
96028000,0
96030000,0
96032000,0
96034000,0
96036000,0
96038000,0
96040000,0
96042000,0
96044000,0
96046001,0
96048000,0
96050000,0
96052000,0
96054001,0
96056000,0
96058000,0
96060000,0
96062000,0
96064000,0
96066001,0
96068000,0
96070001,0
96072000,0
96074000,0
96076000,0
96078001,0
96080000,0
96082000,0
96084000,0
96086000,0
96088001,0
96090000,0
96092001,0
96094000,0
96096000,0
96098000,0
96100000,0
96102000,0
96104000,0
96106000,0
96108000,0
96110000,0
96112000,0
96114000,0
96116001,0
96118000,0
96120000,0
96122000,0
96124000,0
96126000,0
96128000,0
96130000,0
96132001,0
96134000,0
96136000,0
96138000,0
96140000,0
96142000,0
96144000,0
96146000,0
96148000,0
96150000,0
96152000,0
96154000,0
96156000,0
96158000,0
96160000,0
96162000,0
96164001,0
96166000,0
96168001,0
96170000,0
96172001,0
96174000,0
96176000,0
96178001,0
96180000,0
96182000,0
96184000,0
96186000,0
96188000,0
96190000,0
96192000,0
96194000,0
96196000,0
96198000,0
96200001,0
96202000,0
96204000,0
96206000,0
96208000,0
96210000,0
96212000,0
96214001,0
96216000,0
96218000,0
96220000,0
96222000,0
96224000,0
96226000,0
96228001,0
96230000,0
96232000,0
96234000,0
96236001,0
96238000,0
96240000,0
96242000,0
96244000,0
96246000,0
96248000,0
96250001,0
96252000,0
96254001,0
96256000,0
96258000,0
96260000,0
96262000,0
96264000,0
96266000,0
96268000,0
96270000,0
96272000,0
96274000,0
96276000,0
96278000,0
96280000,0
96282000,0
96284000,0
96286000,0
96288000,0
96290000,0
96292000,0
96294001,0
96296000,0
96298000,0
96300000,0
96302000,0
96304000,0
96306000,0
96308000,0
96310000,0
96312000,0
96314000,0
96316001,0
96318000,0
96320000,0
96322001,0
96324000,0
96326001,0
96328000,0
96330001,0
96332000,0
96334000,0
96336000,0
96338001,0
96340000,0
96342001,0
96344000,0
96346001,0
96348000,0
96350001,0
96352000,0
96354001,0
96356000,0
96358000,0
96360000,0
96362000,0
96364000,0
96366000,0
96368000,0
96370000,0
96372000,0
96374001,0
96376000,0
96378000,0
96380000,0
96382000,0
96384000,0
96386000,0
96388000,0
96390000,0
96392000,0
96394000,0
96396000,0
96398000,0
96400000,0
96402000,0
96404001,0
96406000,0
96408001,0
96410000,0
96412000,0
96414000,0
96416001,0
96418000,0
96420000,0
96422000,0
96424000,0
96426000,0
96428000,0
96430000,0
96432001,0
96434000,0
96436001,0
96438000,0
96440001,0
96442000,0
96444000,0
96446000,0
96448000,0
96450001,0
96452000,0
96454000,0
96456001,0
96458000,0
96460000,0
96462000,0
96464000,0
96466000,0
96468001,0
96470000,0
96472000,0
96474000,0
96476000,0
96478000,0
96480000,0
96482000,0
96484001,0
96486000,0
96488001,0
96490000,0
96492000,0
96494000,0
96496001,0
96498000,0
96500000,0
96502000,0
96504000,0
96506000,0
96508000,0
96510000,0
96512000,0
96514000,0
96516000,0
96518000,0
96520001,0
96522000,0
96524001,0
96526000,0
96528000,0
96530000,0
96532000,0
96534000,0
96536000,0
96538000,0
96540000,0
96542000,0
96544001,0
96546000,0
96548000,0
96550000,0
96552000,0
96554000,0
96556001,0
96558000,0
96560000,0
96562000,0
96564001,0
96566000,0
96568000,0
96570000,0
96572000,0
96574000,0
96576000,0
96578000,0
96580000,0
96582001,0
96584000,0
96586001,0
96588000,0
96590001,0
96592000,0
96594001,0
96596000,0
96598001,0
96600000,0
96602000,0
96604000,0
96606000,0
96608000,0
96610001,0
96612000,0
96614000,0
96616000,0
96618001,0
96620000,0
96622000,0
96624000,0
96626000,0
96628000,0
96630000,0
96632000,0
96634000,0
96636000,0
96638001,0
96640000,0
96642000,0
96644000,0
96646000,0
96648000,0
96650001,0
96652000,0
96654000,0
96656000,0
96658000,0
96660000,0
96662000,0
96664000,0
96666000,0
96668000,0
96670001,0
96672000,0
96674000,0
96676000,0
96678000,0
96680000,0
96682001,0
96684000,0
96686001,0
96688000,0
96690001,0
96692000,0
96694001,0
96696000,0
96698001,0
96700000,0
96702001,0
96704000,0
96706001,0
96708000,0
96710001,0
96712000,0
96714000,0
96716000,0
96718001,0
96720000,0
96722000,0
96724000,0
96726001,0
96728000,0
96730000,0
96732000,0
96734000,0
96736000,0
96738000,0
96740000,0
96742000,0
96744000,0
96746000,0
96748000,0
96750000,0
96752000,0
96754001,0
96756000,0
96758000,0
96760000,0
96762001,0
96764000,0
96766000,0
96768000,0
96770000,0
96772000,0
96774000,0
96776000,0
96778000,0
96780000,0
96782001,0
96784000,0
96786000,0
96788000,0
96790000,0
96792000,0
96794000,0
96796000,0
96798000,0
96800000,0
96802000,0
96804000,0
96806000,0
96808000,0
96810000,0
96812001,0
96814000,0
96816000,0
96818000,0
96820001,0
96822000,0
96824001,0
96826000,0
96828000,0
96830000,0
96832000,0
96834000,0
96836001,0
96838000,0
96840001,0
96842000,0
96844000,0
96846000,0
96848000,0
96850000,0
96852000,0
96854000,0
96856000,0
96858001,0
96860000,0
96862000,0
96864000,0
96866000,0
96868000,0
96870000,0
96872000,0
96874000,0
96876000,0
96878001,0
96880000,0
96882000,0
96884000,0
96886000,0
96888000,0
96890001,0
96892000,0
96894001,0
96896000,0
96898000,0
96900000,0
96902000,0
96904001,0
96906000,0
96908001,0
96910000,0
96912001,0
96914000,0
96916000,0
96918001,0
96920000,0
96922001,0
96924000,0
96926001,0
96928000,0
96930000,0
96932000,0
96934000,0
96936000,0
96938000,0
96940000,0
96942001,0
96944000,0
96946000,0
96948000,0
96950001,0
96952000,0
96954000,0
96956000,0
96958000,0
96960000,0
96962000,0
96964000,0
96966000,0
96968000,0
96970000,0
96972001,0
96974000,0
96976000,0
96978000,0
96980000,0
96982001,0
96984000,0
96986000,0
96988000,0
96990000,0
96992000,0
96994000,0
96996000,0
96998000,0
97000000,0
97002000,0
97004000,0
97006001,0
97008000,0
97010000,0
97012000,0
97014001,0
97016000,0
97018000,0
97020000,0
97022000,0
97024000,0
97026000,0
97028000,0
97030000,0
97032000,0
97034000,0
97036000,0
97038001,0
97040000,0
97042001,0
97044000,0
97046001,0
97048000,0
97050001,0
97052000,0
97054000,0
97056000,0
97058001,0
97060000,0
97062001,0
97064000,0
97066000,0
97068000,0
97070000,0
97072000,0
97074000,0
97076000,0
97078001,0
97080000,0
97082001,0
97084000,0
97086001,0
97088000,0
97090000,0
97092001,0
97094000,0
97096000,0
97098000,0
97100000,0
97102000,0
97104000,0
97106000,0
97108001,0
97110000,0
97112000,0
97114000,0
97116000,0
97118000,0
97120000,0
97122000,0
97124001,0
97126000,0
97128000,0
97130000,0
97132001,0
97134000,0
97136000,0
97138000,0
97140001,0
97142000,0
97144000,0
97146000,0
97148000,0
97150000,0
97152000,0
97154000,0
97156000,0
97158001,0
97160000,0
97162001,0
97164000,0
97166000,0
97168000,0
97170001,0
97172000,0
97174000,0
97176000,0
97178000,0
97180000,0
97182001,0
97184000,0
97186000,0
97188000,0
97190000,0
97192000,0
97194000,0
97196000,0
97198000,0
97200000,0
97202000,0
97204000,0
97206000,0
97208000,0
97210000,0
97212000,0
97214000,0
97216000,0
97218000,0
97220000,0
97222001,0
97224000,0
97226000,0
97228000,0
97230000,0
97232000,0
97234000,0
97236000,0
97238000,0
97240000,0
97242000,0
97244000,0
97246000,0
97248000,0
97250000,0
97252000,0
97254000,0
97256000,0
97258000,0
97260000,0
97262000,0
97264001,0
97266000,0
97268000,0
97270000,0
97272000,0
97274000,0
97276000,0
97278000,0
97280001,0
97282000,0
97284000,0
97286000,0
97288000,0
97290000,0
97292000,0
97294000,0
97296001,0
97298000,0
97300000,0
97302001,0
97304000,0
97306001,0
97308000,0
97310001,0
97312000,0
97314000,0
97316000,0
97318000,0
97320000,0
97322000,0
97324000,0
97326000,0
97328000,0
97330001,0
97332000,0
97334000,0
97336000,0
97338000,0
97340000,0
97342001,0
97344000,0
97346000,0
97348000,0
97350000,0
97352000,0
97354000,0
97356000,0
97358000,0
97360001,0
97362000,0
97364000,0
97366000,0
97368000,0
97370000,0
97372000,0
97374000,0
97376000,0
97378000,0
97380000,0
97382000,0
97384001,0
97386000,0
97388000,0
97390001,0
97392000,0
97394000,0
97396000,0
97398000,0
97400000,0
97402000,0
97404000,0
97406000,0
97408000,0
97410000,0
97412001,0
97414000,0
97416000,0
97418000,0
97420000,0
97422000,0
97424001,0
97426000,0
97428001,0
97430000,0
97432000,0
97434001,0
97436000,0
97438000,0
97440000,0
97442000,0
97444000,0
97446001,0
97448000,0
97450000,0
97452000,0
97454000,0
97456000,0
97458000,0
97460000,0
97462001,0
97464000,0
97466000,0
97468000,0
97470000,0
97472000,0
97474001,0
97476000,0
97478000,0
97480000,0
97482000,0
97484000,0
97486000,0
97488000,0
97490000,0
97492000,0
97494001,0
97496000,0
97498001,0
97500000,0
97502000,0
97504001,0
97506000,0
97508000,0
97510000,0
97512000,0
97514000,0
97516000,0
97518001,0
97520000,0
97522001,0
97524000,0
97526001,0
97528000,0
97530000,0
97532000,0
97534000,0
97536000,0
97538000,0
97540000,0
97542000,0
97544001,0
97546000,0
97548000,0
97550001,0
97552000,0
97554000,0
97556000,0
97558001,0
97560000,0
97562000,0
97564000,0
97566000,0
97568000,0
97570000,0
97572000,0
97574000,0
97576001,0
97578000,0
97580000,0
97582000,0
97584000,0
97586000,0
97588000,0
97590000,0
97592000,0
97594001,0
97596000,0
97598000,0
97600000,0
97602000,0
97604000,0
97606000,0
97608000,0
97610000,0
97612000,0
97614001,0
97616000,0
97618001,0
97620000,0
97622000,0
97624000,0
97626000,0
97628000,0
97630001,0
97632000,0
97634000,0
97636000,0
97638001,0
97640000,0
97642000,0
97644000,0
97646001,0
97648000,0
97650000,0
97652000,0
97654001,0
97656000,0
97658000,0
97660000,0
97662000,0
97664000,0
97666000,0
97668000,0
97670000,0
97672001,0
97674000,0
97676000,0
97678000,0
97680000,0
97682000,0
97684000,0
97686000,0
97688000,0
97690000,0
97692001,0
97694000,0
97696000,0
97698000,0
97700000,0
97702000,0
97704000,0
97706001,0
97708000,0
97710000,0
97712001,0
97714000,0
97716001,0
97718000,0
97720001,0
97722000,0
97724000,0
97726000,0
97728001,0
97730000,0
97732000,0
97734001,0
97736000,0
97738000,0
97740000,0
97742000,0
97744000,0
97746001,0
97748000,0
97750001,0
97752000,0
97754000,0
97756000,0
97758000,0
97760000,0
97762000,0
97764000,0
97766000,0
97768000,0
97770000,0
97772000,0
97774000,0
97776000,0
97778000,0
97780000,0
97782000,0
97784000,0
97786000,0
97788000,0
97790000,0
97792000,0
97794001,0
97796000,0
97798001,0
97800000,0
97802000,0
97804000,0
97806001,0
97808000,0
97810000,0
97812000,0
97814000,0
97816000,0
97818000,0
97820000,0
97822000,0
97824000,0
97826000,0
97828000,0
97830000,0
97832000,0
97834000,0
97836000,0
97838000,0
97840000,0
97842001,0
97844000,0
97846000,0
97848000,0
97850000,0
97852001,0
97854000,0
97856001,0
97858000,0
97860001,0
97862000,0
97864000,0
97866000,0
97868001,0
97870000,0
97872000,0
97874000,0
97876000,0
97878000,0
97880000,0
97882000,0
97884001,0
97886000,0
97888000,0
97890000,0
97892001,0
97894000,0
97896001,0
97898000,0
97900000,0
97902000,0
97904000,0
97906000,0
97908001,0
97910000,0
97912000,0
97914000,0
97916000,0
97918001,0
97920000,0
97922001,0
97924000,0
97926000,0
97928000,0
97930001,0
97932000,0
97934000,0
97936000,0
97938000,0
97940000,0
97942000,0
97944000,0
97946000,0
97948000,0
97950000,0
97952000,0
97954000,0
97956000,0
97958000,0
97960000,0
97962000,0
97964000,0
97966000,0
97968000,0
97970000,0
97972000,0
97974000,0
97976000,0
97978000,0
97980000,0
97982000,0
97984000,0
97986000,0
97988001,0
97990000,0
97992000,0
97994000,0
97996000,0
97998000,0
98000001,0
98002000,0
98004001,0
98006000,0
98008000,0
98010000,0
98012000,0
98014000,0
98016000,0
98018000,0
98020000,0
98022001,0
98024000,0
98026000,0
98028000,0
98030000,0
98032001,0
98034000,0
98036000,0
98038000,0
98040000,0
98042000,0
98044000,0
98046000,0
98048001,0
98050000,0
98052000,0
98054000,0
98056000,0
98058000,0
98060000,0
98062001,0
98064000,0
98066001,0
98068000,0
98070000,0
98072000,0
98074000,0
98076000,0
98078000,0
98080001,0
98082000,0
98084000,0
98086000,0
98088000,0
98090001,0
98092000,0
98094000,0
98096000,0
98098001,0
98100000,0
98102000,0
98104000,0
98106000,0
98108000,0
98110000,0
98112000,0
98114001,0
98116000,0
98118000,0
98120000,0
98122000,0
98124000,0
98126001,0
98128000,0
98130000,0
98132000,0
98134000,0
98136000,0
98138000,0
98140000,0
98142000,0
98144000,0
98146000,0
98148000,0
98150000,0
98152000,0
98154000,0
98156000,0
98158000,0
98160000,0
98162000,0
98164000,0
98166000,0
98168001,0
98170000,0
98172000,0
98174000,0
98176000,0
98178000,0
98180000,0
98182001,0
98184000,0
98186000,0
98188000,0
98190000,0
98192000,0
98194000,0
98196000,0
98198000,0
98200000,0
98202001,0
98204000,0
98206000,0
98208000,0
98210000,0
98212000,0
98214000,0
98216001,0
98218000,0
98220000,0
98222000,0
98224001,0
98226000,0
98228001,0
98230000,0
98232000,0
98234000,0
98236000,0
98238000,0
98240000,0
98242001,0
98244000,0
98246001,0
98248000,0
98250001,0
98252000,0
98254000,0
98256000,0
98258000,0
98260000,0
98262001,0
98264000,0
98266000,0
98268000,0
98270000,0
98272000,0
98274000,0
98276001,0
98278000,0
98280001,0
98282000,0
98284000,0
98286000,0
98288000,0
98290000,0
98292001,0
98294000,0
98296001,0
98298000,0
98300000,0
98302000,0
98304000,0
98306000,0
98308000,0
98310000,0
98312000,0
98314000,0
98316000,0
98318000,0
98320000,0
98322000,0
98324000,0
98326000,0
98328000,0
98330000,0
98332000,0
98334000,0
98336001,0
98338000,0
98340000,0
98342000,0
98344001,0
98346000,0
98348000,0
98350000,0
98352001,0
98354000,0
98356001,0
98358000,0
98360000,0
98362000,0
98364001,0
98366000,0
98368001,0
98370000,0
98372000,0
98374000,0
98376000,0
98378000,0
98380000,0
98382000,0
98384001,0
98386000,0
98388000,0
98390000,0
98392000,0
98394000,0
98396000,0
98398000,0
98400000,0
98402000,0
98404000,0
98406000,0
98408000,0
98410000,0
98412001,0
98414000,0
98416000,0
98418000,0
98420001,0
98422000,0
98424000,0
98426000,0
98428001,0
98430000,0
98432001,0
98434000,0
98436000,0
98438000,0
98440000,0
98442000,0
98444000,0
98446000,0
98448001,0
98450000,0
98452000,0
98454000,0
98456000,0
98458000,0
98460000,0
98462000,0
98464000,0
98466000,0
98468000,0
98470000,0
98472000,0
98474000,0
98476001,0
98478000,0
98480001,0
98482000,0
98484000,0
98486000,0
98488000,0
98490001,0
98492000,0
98494000,0
98496000,0
98498000,0
98500000,0
98502000,0
98504000,0
98506001,0
98508000,0
98510000,0
98512000,0
98514001,0
98516000,0
98518000,0
98520000,0
98522000,0
98524000,0
98526001,0
98528000,0
98530000,0
98532000,0
98534000,0
98536000,0
98538000,0
98540000,0
98542000,0
98544000,0
98546000,0
98548000,0
98550001,0
98552000,0
98554001,0
98556000,0
98558000,0
98560000,0
98562000,0
98564001,0
98566000,0
98568000,0
98570000,0
98572000,0
98574000,0
98576001,0
98578000,0
98580000,0
98582000,0
98584000,0
98586001,0
98588000,0
98590000,0
98592000,0
98594000,0
98596000,0
98598000,0
98600001,0
98602000,0
98604000,0
98606000,0
98608000,0
98610000,0
98612000,0
98614000,0
98616000,0
98618000,0
98620000,0
98622000,0
98624000,0
98626000,0
98628000,0
98630000,0
98632000,0
98634001,0
98636000,0
98638000,0
98640000,0
98642001,0
98644000,0
98646000,0
98648000,0
98650000,0
98652000,0
98654000,0
98656000,0
98658001,0
98660000,0
98662000,0
98664000,0
98666001,0
98668000,0
98670001,0
98672000,0
98674001,0
98676000,0
98678000,0
98680000,0
98682000,0
98684000,0
98686000,0
98688000,0
98690000,0
98692000,0
98694000,0
98696000,0
98698000,0
98700000,0
98702001,0
98704000,0
98706000,0
98708000,0
98710000,0
98712000,0
98714000,0
98716000,0
98718000,0
98720001,0
98722000,0
98724000,0
98726000,0
98728000,0
98730000,0
98732000,0
98734000,0
98736000,0
98738000,0
98740000,0
98742000,0
98744000,0
98746000,0
98748001,0
98750000,0
98752001,0
98754000,0
98756000,0
98758000,0
98760000,0
98762000,0
98764000,0
98766000,0
98768000,0
98770001,0
98772000,0
98774001,0
98776000,0
98778001,0
98780000,0
98782001,0
98784000,0
98786000,0
98788000,0
98790000,0
98792000,0
98794000,0
98796000,0
98798000,0
98800000,0
98802000,0
98804000,0
98806000,0
98808000,0
98810000,0
98812000,0
98814001,0
98816000,0
98818000,0
98820000,0
98822000,0
98824000,0
98826000,0
98828000,0
98830000,0
98832000,0
98834000,0
98836000,0
98838000,0
98840000,0
98842000,0
98844000,0
98846000,0
98848000,0
98850000,0
98852001,0
98854000,0
98856000,0
98858001,0
98860000,0
98862000,0
98864000,0
98866000,0
98868000,0
98870001,0
98872000,0
98874000,0
98876000,0
98878000,0
98880000,0
98882000,0
98884000,0
98886000,0
98888000,0
98890001,0
98892000,0
98894000,0
98896000,0
98898000,0
98900000,0
98902000,0
98904001,0
98906000,0
98908000,0
98910000,0
98912000,0
98914000,0
98916000,0
98918000,0
98920000,0
98922000,0
98924000,0
98926000,0
98928000,0
98930000,0
98932000,0
98934000,0
98936000,0
98938000,0
98940000,0
98942000,0
98944000,0
98946000,0
98948000,0
98950000,0
98952000,0
98954000,0
98956000,0
98958001,0
98960000,0
98962001,0
98964000,0
98966001,0
98968000,0
98970000,0
98972000,0
98974000,0
98976000,0
98978001,0
98980000,0
98982000,0
98984000,0
98986000,0
98988000,0
98990001,0
98992000,0
98994001,0
98996000,0
98998000,0
99000000,0
99002001,0
99004000,0
99006000,0
99008000,0
99010000,0
99012000,0
99014001,0
99016000,0
99018000,0
99020000,0
99022000,0
99024001,0
99026000,0
99028001,0
99030000,0
99032000,0
99034000,0
99036001,0
99038000,0
99040000,0
99042000,0
99044000,0
99046000,0
99048000,0
99050001,0
99052000,0
99054000,0
99056000,0
99058000,0
99060000,0
99062000,0
99064000,0
99066000,0
99068000,0
99070000,0
99072000,0
99074000,0
99076000,0
99078000,0
99080001,0
99082000,0
99084001,0
99086000,0
99088000,0
99090000,0
99092001,0
99094000,0
99096001,0
99098000,0
99100000,0
99102001,0
99104000,0
99106000,0
99108000,0
99110000,0
99112000,0
99114000,0
99116000,0
99118000,0
99120000,0
99122000,0
99124000,0
99126001,0
99128000,0
99130001,0
99132000,0
99134000,0
99136000,0
99138001,0
99140000,0
99142000,0
99144000,0
99146000,0
99148001,0
99150000,0
99152000,0
99154000,0
99156001,0
99158000,0
99160000,0
99162000,0
99164000,0
99166000,0
99168000,0
99170000,0
99172000,0
99174000,0
99176000,0
99178000,0
99180000,0
99182000,0
99184000,0
99186000,0
99188001,0
99190000,0
99192000,0
99194000,0
99196001,0
99198000,0
99200000,0
99202000,0
99204001,0
99206000,0
99208000,0
99210000,0
99212000,0
99214001,0
99216000,0
99218001,0
99220000,0
99222000,0
99224000,0
99226000,0
99228000,0
99230000,0
99232001,0
99234000,0
99236000,0
99238000,0
99240000,0
99242000,0
99244000,0
99246001,0
99248000,0
99250001,0
99252000,0
99254001,0
99256000,0
99258000,0
99260000,0
99262000,0
99264000,0
99266001,0
99268000,0
99270000,0
99272000,0
99274000,0
99276000,0
99278000,0
99280000,0
99282000,0
99284000,0
99286000,0
99288001,0
99290000,0
99292001,0
99294000,0
99296000,0
99298000,0
99300001,0
99302000,0
99304000,0
99306000,0
99308000,0
99310000,0
99312000,0
99314000,0
99316000,0
99318000,0
99320000,0
99322000,0
99324000,0
99326000,0
99328001,0
99330000,0
99332000,0
99334000,0
99336000,0
99338000,0
99340000,0
99342000,0
99344000,0
99346000,0
99348000,0
99350000,0
99352001,0
99354000,0
99356000,0
99358000,0
99360001,0
99362000,0
99364000,0
99366000,0
99368000,0
99370000,0
99372001,0
99374000,0
99376000,0
99378000,0
99380001,0
99382000,0
99384000,0
99386000,0
99388000,0
99390000,0
99392001,0
99394000,0
99396000,0
99398000,0
99400001,0
99402000,0
99404000,0
99406000,0
99408000,0
99410000,0
99412000,0
99414000,0
99416000,0
99418000,0
99420000,0
99422001,0
99424000,0
99426001,0
99428000,0
99430000,0
99432000,0
99434000,0
99436001,0
99438000,0
99440001,0
99442000,0
99444000,0
99446000,0
99448000,0
99450000,0
99452000,0
99454000,0
99456000,0
99458000,0
99460000,0
99462000,0
99464000,0
99466000,0
99468000,0
99470001,0
99472000,0
99474000,0
99476000,0
99478000,0
99480000,0
99482001,0
99484000,0
99486001,0
99488000,0
99490000,0
99492000,0
99494000,0
99496000,0
99498000,0
99500000,0
99502000,0
99504000,0
99506000,0
99508000,0
99510000,0
99512000,0
99514001,0
99516000,0
99518001,0
99520000,0
99522001,0
99524000,0
99526000,0
99528000,0
99530000,0
99532000,0
99534000,0
99536000,0
99538000,0
99540000,0
99542000,0
99544000,0
99546000,0
99548000,0
99550001,0
99552000,0
99554000,0
99556000,0
99558000,0
99560000,0
99562000,0
99564000,0
99566000,0
99568000,0
99570000,0
99572000,0
99574000,0
99576001,0
99578000,0
99580000,0
99582000,0
99584000,0
99586000,0
99588000,0
99590000,0
99592001,0
99594000,0
99596000,0
99598000,0
99600000,0
99602000,0
99604000,0
99606000,0
99608000,0
99610001,0
99612000,0
99614000,0
99616000,0
99618000,0
99620001,0
99622000,0
99624000,0
99626000,0
99628000,0
99630001,0
99632000,0
99634001,0
99636000,0
99638001,0
99640000,0
99642000,0
99644000,0
99646000,0
99648000,0
99650001,0
99652000,0
99654000,0
99656000,0
99658000,0
99660000,0
99662000,0
99664000,0
99666000,0
99668000,0
99670001,0
99672000,0
99674001,0
99676000,0
99678000,0
99680000,0
99682000,0
99684000,0
99686001,0
99688000,0
99690001,0
99692000,0
99694001,0
99696000,0
99698000,0
99700001,0
99702000,0
99704000,0
99706000,0
99708000,0
99710000,0
99712001,0
99714000,0
99716000,0
99718000,0
99720000,0
99722001,0
99724000,0
99726000,0
99728000,0
99730001,0
99732000,0
99734001,0
99736000,0
99738000,0
99740000,0
99742001,0
99744000,0
99746000,0
99748000,0
99750001,0
99752000,0
99754000,0
99756000,0
99758001,0
99760000,0
99762000,0
99764000,0
99766000,0
99768000,0
99770000,0
99772000,0
99774000,0
99776000,0
99778000,0
99780000,0
99782000,0
99784000,0
99786000,0
99788000,0
99790001,0
99792000,0
99794000,0
99796000,0
99798000,0
99800000,0
99802001,0
99804000,0
99806000,0
99808000,0
99810000,0
99812000,0
99814000,0
99816000,0
99818000,0
99820000,0
99822001,0
99824000,0
99826000,0
99828000,0
99830000,0
99832000,0
99834000,0
99836000,0
99838000,0
99840000,0
99842001,0
99844000,0
99846000,0
99848000,0
99850000,0
99852001,0
99854000,0
99856000,0
99858000,0
99860000,0
99862000,0
99864000,0
99866001,0
99868000,0
99870000,0
99872000,0
99874000,0
99876000,0
99878000,0
99880000,0
99882001,0
99884000,0
99886000,0
99888000,0
99890000,0
99892000,0
99894000,0
99896000,0
99898000,0
99900000,0
99902000,0
99904000,0
99906000,0
99908000,0
99910000,0
99912001,0
99914000,0
99916000,0
99918000,0
99920001,0
99922000,0
99924001,0
99926000,0
99928000,0
99930000,0
99932001,0
99934000,0
99936001,0
99938000,0
99940001,0
99942000,0
99944000,0
99946000,0
99948000,0
99950001,0
99952000,0
99954000,0
99956001,0
99958000,0
99960001,0
99962000,0
99964001,0
99966000,0
99968001,0
99970000,0
99972000,0
99974000,0
99976001,0
99978000,0
99980000,0
99982000,0
99984000,0
99986000,0
99988000,0
99990000,0
99992000,0
99994000,0
99996000,0
99998000,0
100000001,0
100002000,0
100004000,0
100006000,0
100008000,0
100010000,0
100012000,0
100014000,0
100016000,0
100018000,0
100020000,0
100022001,0
100024001,0
100026000,0
100028000,0
100030001,0
100032000,0
100034001,0
100036001,0
100038000,0
100040001,0
100042000,0
100044000,0
100046000,0
100048000,0
100050000,0
100052000,0
100054001,0
100056000,0
100058001,0
100060000,0
100062000,0
100064001,0
100066000,0
100068001,0
100070000,0
100072000,0
100074000,0
100076000,0
100078000,0
100080000,0
100082000,0
100084001,0
100086000,0
100088000,0
100090000,0
100092000,0
100094000,0
100096000,0
100098000,0
100100000,0
100102000,0
100104000,0
100106000,0
100108000,0
100110000,0
100112000,0
100114000,0
100116000,0
100118000,0
100120000,0
100122000,0
100124000,0
100126000,0
100128000,0
100130000,0
100132000,0
100134000,0
100136000,0
100138000,0
100140001,0
100142001,0
100144001,0
100146001,0
100148001,0
100150000,0
100152000,0
100154000,0
100156001,0
100158000,0
100160000,0
100162000,0
100164001,0
100166000,0
100168001,0
100170001,0
100172000,0
100174001,0
100176000,0
100178000,0
100180000,0
100182000,0
100184000,0
100186000,0
100188001,0
100190000,0
100192001,0
100194000,0
100196000,0
100198000,0
100200001,0
100202000,0
100204000,0
100206000,0
100208000,0
100210000,0
100212000,0
100214000,0
100216000,0
100218000,0
100220001,0
100222000,0
100224000,0
100226000,0
100228000,0
100230001,0
100232000,0
100234000,0
100236001,0
100238001,0
100240000,0
100242001,0
100244000,0
100246000,0
100248000,0
100250000,0
100252000,0
100254000,0
100256000,0
100258000,0
100260000,0
100262000,0
100264000,0
100266000,0
100268000,0
100270000,0
100272000,0
100274000,0
100276000,0
100278000,0
100280000,0
100282000,0
100284000,0
100286000,0
100288000,0
100290000,0
100292000,0
100294000,0
100296000,0
100298000,0
100300000,0
100302000,0
100304000,0
100306001,0
100308000,0
100310000,0
100312000,0
100314000,0
100316001,0
100318000,0
100320000,0
100322000,0
100324000,0
100326000,0
100328000,0
100330000,0
100332000,0
100334000,0
100336000,0
100338000,0
100340000,0
100342000,0
100344000,0
100346000,0
100348000,0
100350000,0
100352000,0
100354000,0
100356000,0
100358000,0
100360000,0
100362000,0
100364000,0
100366000,0
100368001,0
100370000,0
100372000,0
100374000,0
100376001,0
100378000,0
100380000,0
100382000,0
100384000,0
100386001,0
100388001,0
100390000,0
100392000,0
100394001,0
100396001,0
100398000,0
100400000,0
100402000,0
100404000,0
100406000,0
100408000,0
100410000,0
100412000,0
100414000,0
100416000,0
100418000,0
100420001,0
100422000,0
100424000,0
100426000,0
100428000,0
100430000,0
100432001,0
100434000,0
100436000,0
100438001,0
100440000,0
100442000,0
100444000,0
100446000,0
100448001,0
100450000,0
100452001,0
100454001,0
100456000,0
100458000,0
100460000,0
100462000,0
100464000,0
100466000,0
100468000,0
100470000,0
100472001,0
100474000,0
100476000,0
100478000,0
100480000,0
100482000,0
100484000,0
100486001,0
100488000,0
100490001,0
100492000,0
100494000,0
100496000,0
100498000,0
100500001,0
100502000,0
100504000,0
100506000,0
100508000,0
100510000,0
100512000,0
100514000,0
100516000,0
100518000,0
100520000,0
100522000,0
100524000,0
100526000,0
100528000,0
100530000,0
100532000,0
100534000,0
100536000,0
100538000,0
100540001,0
100542000,0
100544000,0
100546001,0
100548000,0
100550001,0
100552000,0
100554000,0
100556001,0
100558001,0
100560000,0
100562000,0
100564000,0
100566000,0
100568000,0
100570000,0
100572000,0
100574000,0
100576000,0
100578000,0
100580000,0
100582000,0
100584000,0
100586000,0
100588000,0
100590000,0
100592000,0
100594000,0
100596000,0
100598000,0
100600000,0
100602000,0
100604000,0
100606000,0
100608000,0
100610000,0
100612000,0
100614000,0
100616000,0
100618000,0
100620001,0
100622000,0
100624000,0
100626000,0
100628000,0
100630000,0
100632000,0
100634000,0
100636000,0
100638000,0
100640000,0
100642000,0
100644000,0
100646001,0
100648000,0
100650001,0
100652000,0
100654000,0
100656000,0
100658000,0
100660000,0
100662000,0
100664000,0
100666000,0
100668000,0
100670000,0
100672000,0
100674000,0
100676000,0
100678000,0
100680000,0
100682000,0
100684000,0
100686000,0
100688000,0
100690000,0
100692001,0
100694000,0
100696001,0
100698001,0
100700000,0
100702000,0
100704000,0
100706000,0
100708000,0
100710000,0
100712000,0
100714000,0
100716001,0
100718001,0
100720001,0
100722000,0
100724001,0
100726000,0
100728000,0
100730000,0
100732000,0
100734000,0
100736000,0
100738000,0
100740001,0
100742000,0
100744001,0
100746000,0
100748001,0
100750000,0
100752000,0
100754000,0
100756000,0
100758000,0
100760000,0
100762000,0
100764000,0
100766000,0
100768000,0
100770000,0
100772000,0
100774000,0
100776000,0
100778000,0
100780000,0
100782000,0
100784000,0
100786000,0
100788000,0
100790000,0
100792000,0
100794000,0
100796000,0
100798000,0
100800000,0
100802001,0
100804001,0
100806000,0
100808000,0
100810000,0
100812000,0
100814001,0
100816001,0
100818000,0
100820000,0
100822001,0
100824001,0
100826000,0
100828000,0
100830000,0
100832000,0
100834000,0
100836000,0
100838000,0
100840001,0
100842000,0
100844000,0
100846001,0
100848000,0
100850000,0
100852000,0
100854000,0
100856000,0
100858000,0
100860000,0
100862000,0
100864000,0
100866000,0
100868000,0
100870000,0
100872000,0
100874000,0
100876000,0
100878000,0
100880000,0
100882000,0
100884001,0
100886001,0
100888000,0
100890001,0
100892000,0
100894001,0
100896000,0
100898000,0
100900000,0
100902000,0
100904001,0
100906000,0
100908000,0
100910000,0
100912000,0
100914000,0
100916000,0
100918000,0
100920000,0
100922000,0
100924001,0
100926000,0
100928000,0
100930000,0
100932000,0
100934001,0
100936001,0
100938000,0
100940001,0
100942001,0
100944000,0
100946000,0
100948000,0
100950000,0
100952000,0
100954000,0
100956000,0
100958000,0
100960000,0
100962001,0
100964000,0
100966000,0
100968001,0
100970000,0
100972001,0
100974001,0
100976001,0
100978000,0
100980000,0
100982001,0
100984000,0
100986001,0
100988001,0
100990001,0
100992000,0
100994001,0
100996001,0
100998000,0
101000000,0
101002000,0
101004000,0
101006000,0
101008001,0
101010000,0
101012001,0
101014000,0
101016000,0
101018000,0
101020000,0
101022000,0
101024001,0
101026001,0
101028001,0
101030000,0
101032000,0
101034000,0
101036000,0
101038001,0
101040000,0
101042001,0
101044000,0
101046000,0
101048001,0
101050001,0
101052001,0
101054001,0
101056000,0
101058000,0
101060001,0
101062001,0
101064000,0
101066000,0
101068000,0
101070000,0
101072001,0
101074001,0
101076001,0
101078001,0
101080000,0
101082001,0
101084000,0
101086001,0
101088000,0
101090000,0
101092000,0
101094001,0
101096001,0
101098001,0
101100001,0
101102000,0
101104001,0
101106000,0
101108000,0
101110000,0
101112000,0
101114000,0
101116000,0
101118000,0
101120000,0
101122001,0
101124001,0
101126000,0
101128001,0
101130001,0
101132001,0
101134000,0
101136000,0
101138000,0
101140000,0
101142000,0
101144001,0
101146000,0
101148001,0
101150000,0
101152001,0
101154000,0
101156001,0
101158000,0
101160001,0
101162000,0
101164001,0
101166001,0
101168001,0
101170001,0
101172001,0
101174001,0
101176001,0
101178001,0
101180000,0
101182000,0
101184000,0
101186000,0
101188000,0
101190000,0
101192000,0
101194000,0
101196000,0
101198001,0
101200000,0
101202001,0
101204001,0
101206001,0
101208000,0
101210000,0
101212000,0
101214000,0
101216000,0
101218000,0
101220001,0
101222000,0
101224000,0
101226000,0
101228000,0
101230000,0
101232000,0
101234000,0
101236001,0
101238000,0
101240000,0
101242000,0
101244000,0
101246000,0
101248000,0
101250000,0
101252000,0
101254001,0
101256000,0
101258001,0
101260000,0
101262000,0
101264001,0
101266000,0
101268000,0
101270000,0
101272000,0
101274000,0
101276000,0
101278000,0
101280001,0
101282001,0
101284000,0
101286000,0
101288000,0
101290000,0
101292000,0
101294000,0
101296000,0
101298000,0
101300000,0
101302000,0
101304001,0
101306001,0
101308001,0
101310001,0
101312000,0
101314000,0
101316000,0
101318000,0
101320001,0
101322000,0
101324000,0
101326000,0
101328000,0
101330000,0
101332001,0
101334001,0
101336000,0
101338000,0
101340000,0
101342000,0
101344000,0
101346000,0
101348001,0
101350000,0
101352001,0
101354000,0
101356000,0
101358000,0
101360000,0
101362000,0
101364000,0
101366000,0
101368000,0
101370000,0
101372000,0
101374000,0
101376001,0
101378000,0
101380000,0
101382000,0
101384000,0
101386000,0
101388001,0
101390001,0
101392001,0
101394000,0
101396000,0
101398000,0
101400000,0
101402000,0
101404000,0
101406001,0
101408000,0
101410000,0
101412000,0
101414001,0
101416001,0
101418001,0
101420001,0
101422000,0
101424001,0
101426001,0
101428000,0
101430001,0
101432000,0
101434001,0
101436000,0
101438001,0
101440001,0
101442000,0
101444001,0
101446000,0
101448001,0
101450001,0
101452000,0
101454001,0
101456000,0
101458000,0
101460000,0
101462000,0
101464001,0
101466000,0
101468001,0
101470000,0
101472001,0
101474000,0
101476000,0
101478001,0
101480000,0
101482001,0
101484001,0
101486000,0
101488000,0
101490000,0
101492000,0
101494000,0
101496000,0
101498000,0
101500000,0
101502000,0
101504001,0
101506000,0
101508001,0
101510000,0
101512000,0
101514000,0
101516000,0
101518000,0
101520000,0
101522001,0
101524001,0
101526001,0
101528000,0
101530000,0
101532000,0
101534000,0
101536001,0
101538001,0
101540001,0
101542000,0
101544000,0
101546001,0
101548000,0
101550001,0
101552000,0
101554001,0
101556001,0
101558001,0
101560000,0
101562000,0
101564000,0
101566001,0
101568000,0
101570000,0
101572000,0
101574000,0
101576000,0
101578000,0
101580000,0
101582000,0
101584000,0
101586000,0
101588000,0
101590000,0
101592000,0
101594000,0
101596000,0
101598000,0
101600001,0
101602001,0
101604001,0
101606001,0
101608000,0
101610001,0
101612001,0
101614001,0
101616000,0
101618000,0
101620000,0
101622000,0
101624000,0
101626000,0
101628001,0
101630001,0
101632001,0
101634000,0
101636000,0
101638000,0
101640001,0
101642000,0
101644000,0
101646000,0
101648000,0
101650000,0
101652000,0
101654000,0
101656001,0
101658001,0
101660001,0
101662000,0
101664001,0
101666001,0
101668000,0
101670001,0
101672000,0
101674001,0
101676000,0
101678000,0
101680001,0
101682000,0
101684000,0
101686001,0
101688001,0
101690000,0
101692000,0
101694001,0
101696001,0
101698001,0
101700000,0
101702000,0
101704000,0
101706001,0
101708001,0
101710001,0
101712001,0
101714000,0
101716000,0
101718000,0
101720000,0
101722001,0
101724000,0
101726000,0
101728000,0
101730001,0
101732001,0
101734000,0
101736000,0
101738000,0
101740000,0
101742000,0
101744000,0
101746000,0
101748000,0
101750000,0
101752001,0
101754001,0
101756000,0
101758001,0
101760000,0
101762000,0
101764001,0
101766001,0
101768000,0
101770001,0
101772000,0
101774001,0
101776000,0
101778000,0
101780000,0
101782000,0
101784000,0
101786000,0
101788000,0
101790000,0
101792000,0
101794001,0
101796001,0
101798000,0
101800000,0
101802000,0
101804000,0
101806000,0
101808000,0
101810001,0
101812001,0
101814000,0
101816000,0
101818001,0
101820000,0
101822000,0
101824000,0
101826000,0
101828001,0
101830001,0
101832000,0
101834001,0
101836000,0
101838000,0
101840000,0
101842000,0
101844000,0
101846001,0
101848000,0
101850000,0
101852000,0
101854000,0
101856000,0
101858000,0
101860000,0
101862000,0
101864000,0
101866000,0
101868000,0
101870000,0
101872001,0
101874000,0
101876000,0
101878001,0
101880001,0
101882000,0
101884001,0
101886000,0
101888001,0
101890000,0
101892000,0
101894000,0
101896001,0
101898001,0
101900000,0
101902000,0
101904000,0
101906000,0
101908000,0
101910000,0
101912000,0
101914000,0
101916000,0
101918000,0
101920000,0
101922000,0
101924001,0
101926000,0
101928001,0
101930001,0
101932001,0
101934001,0
101936000,0
101938001,0
101940000,0
101942001,0
101944000,0
101946000,0
101948000,0
101950000,0
101952000,0
101954000,0
101956000,0
101958000,0
101960000,0
101962001,0
101964001,0
101966001,0
101968000,0
101970000,0
101972000,0
101974000,0
101976001,0
101978000,0
101980001,0
101982001,0
101984001,0
101986000,0
101988001,0
101990000,0
101992000,0
101994000,0
101996001,0
101998000,0
102000000,0
102002001,0
102004001,0
102006001,0
102008000,0
102010000,0
102012000,0
102014000,0
102016000,0
102018000,0
102020000,0
102022000,0
102024000,0
102026000,0
102028000,0
102030000,0
102032000,0
102034001,0
102036000,0
102038001,0
102040000,0
102042001,0
102044000,0
102046000,0
102048001,0
102050000,0
102052000,0
102054000,0
102056000,0
102058001,0
102060000,0
102062001,0
102064001,0
102066000,0
102068001,0
102070001,0
102072000,0
102074000,0
102076001,0
102078000,0
102080000,0
102082000,0
102084000,0
102086000,0
102088000,0
102090000,0
102092000,0
102094000,0
102096000,0
102098000,0
102100000,0
102102000,0
102104000,0
102106000,0
102108000,0
102110000,0
102112000,0
102114000,0
102116000,0
102118000,0
102120000,0
102122001,0
102124001,0
102126001,0
102128000,0
102130000,0
102132000,0
102134000,0
102136000,0
102138000,0
102140000,0
102142001,0
102144001,0
102146000,0
102148001,0
102150001,0
102152001,0
102154000,0
102156001,0
102158001,0
102160001,0
102162001,0
102164000,0
102166000,0
102168000,0
102170000,0
102172001,0
102174001,0
102176000,0
102178000,0
102180000,0
102182001,0
102184000,0
102186000,0
102188000,0
102190001,0
102192001,0
102194000,0
102196000,0
102198001,0
102200000,0
102202000,0
102204000,0
102206001,0
102208000,0
102210000,0
102212000,0
102214001,0
102216001,0
102218000,0
102220001,0
102222000,0
102224000,0
102226000,0
102228000,0
102230001,0
102232000,0
102234000,0
102236000,0
102238001,0
102240001,0
102242001,0
102244001,0
102246001,0
102248000,0
102250000,0
102252000,0
102254000,0
102256000,0
102258000,0
102260001,0
102262000,0
102264000,0
102266000,0
102268000,0
102270000,0
102272000,0
102274000,0
102276000,0
102278000,0
102280000,0
102282000,0
102284000,0
102286000,0
102288000,0
102290000,0
102292000,0
102294001,0
102296001,0
102298001,0
102300000,0
102302001,0
102304000,0
102306001,0
102308000,0
102310001,0
102312000,0
102314000,0
102316000,0
102318000,0
102320000,0
102322001,0
102324001,0
102326001,0
102328000,0
102330000,0
102332000,0
102334000,0
102336001,0
102338000,0
102340000,0
102342000,0
102344001,0
102346000,0
102348000,0
102350000,0
102352000,0
102354000,0
102356001,0
102358001,0
102360001,0
102362000,0
102364000,0
102366000,0
102368000,0
102370000,0
102372000,0
102374000,0
102376000,0
102378000,0
102380000,0
102382000,0
102384000,0
102386000,0
102388000,0
102390000,0
102392000,0
102394000,0
102396000,0
102398000,0
102400000,0
102402000,0
102404000,0
102406000,0
102408000,0
102410000,0
102412000,0
102414000,0
102416000,0
102418000,0
102420001,0
102422000,0
102424000,0
102426000,0
102428000,0
102430000,0
102432000,0
102434000,0
102436000,0
102438000,0
102440000,0
102442000,0
102444000,0
102446000,0
102448000,0
102450000,0
102452000,0
102454000,0
102456000,0
102458000,0
102460000,0
102462000,0
102464000,0
102466000,0
102468000,0
102470000,0
102472000,0
102474000,0
102476000,0
102478000,0
102480000,0
102482000,0
102484000,0
102486000,0
102488000,0
102490001,0
102492001,0
102494001,0
102496000,0
102498001,0
102500001,0
102502001,0
102504000,0
102506001,0
102508000,0
102510000,0
102512000,0
102514001,0
102516000,0
102518001,0
102520000,0
102522000,0
102524000,0
102526000,0
102528000,0
102530000,0
102532001,0
102534001,0
102536000,0
102538000,0
102540000,0
102542001,0
102544001,0
102546000,0
102548001,0
102550000,0
102552000,0
102554000,0
102556000,0
102558000,0
102560000,0
102562000,0
102564000,0
102566000,0
102568000,0
102570000,0
102572000,0
102574001,0
102576001,0
102578001,0
102580000,0
102582001,0
102584001,0
102586001,0
102588000,0
102590001,0
102592000,0
102594000,0
102596001,0
102598001,0
102600000,0
102602001,0
102604000,0
102606000,0
102608000,0
102610000,0
102612000,0
102614000,0
102616000,0
102618000,0
102620000,0
102622001,0
102624000,0
102626000,0
102628000,0
102630000,0
102632000,0
102634001,0
102636000,0
102638000,0
102640000,0
102642000,0
102644000,0
102646001,0
102648001,0
102650000,0
102652000,0
102654000,0
102656000,0
102658000,0
102660000,0
102662000,0
102664001,0
102666000,0
102668000,0
102670000,0
102672000,0
102674000,0
102676000,0
102678001,0
102680000,0
102682000,0
102684000,0
102686001,0
102688000,0
102690001,0
102692000,0
102694000,0
102696001,0
102698000,0
102700000,0
102702001,0
102704001,0
102706001,0
102708000,0
102710001,0
102712000,0
102714001,0
102716001,0
102718000,0
102720000,0
102722000,0
102724000,0
102726000,0
102728000,0
102730000,0
102732000,0
102734001,0
102736000,0
102738000,0
102740000,0
102742001,0
102744001,0
102746000,0
102748000,0
102750000,0
102752001,0
102754000,0
102756000,0
102758000,0
102760000,0
102762000,0
102764000,0
102766001,0
102768000,0
102770000,0
102772001,0
102774000,0
102776001,0
102778001,0
102780000,0
102782000,0
102784000,0
102786000,0
102788001,0
102790001,0
102792001,0
102794000,0
102796000,0
102798000,0
102800001,0
102802000,0
102804001,0
102806000,0
102808000,0
102810000,0
102812000,0
102814001,0
102816000,0
102818000,0
102820000,0
102822000,0
102824000,0
102826000,0
102828001,0
102830001,0
102832001,0
102834000,0
102836000,0
102838000,0
102840000,0
102842000,0
102844000,0
102846000,0
102848000,0
102850000,0
102852000,0
102854001,0
102856000,0
102858001,0
102860000,0
102862001,0
102864000,0
102866000,0
102868001,0
102870000,0
102872000,0
102874000,0
102876001,0
102878000,0
102880001,0
102882000,0
102884000,0
102886000,0
102888000,0
102890000,0
102892000,0
102894000,0
102896000,0
102898000,0
102900001,0
102902000,0
102904001,0
102906000,0
102908001,0
102910000,0
102912000,0
102914000,0
102916000,0
102918000,0
102920000,0
102922001,0
102924001,0
102926000,0
102928001,0
102930001,0
102932000,0
102934001,0
102936001,0
102938001,0
102940000,0
102942000,0
102944000,0
102946000,0
102948000,0
102950000,0
102952000,0
102954000,0
102956000,0
102958000,0
102960000,0
102962000,0
102964000,0
102966000,0
102968001,0
102970000,0
102972000,0
102974000,0
102976000,0
102978000,0
102980000,0
102982000,0
102984001,0
102986000,0
102988000,0
102990000,0
102992000,0
102994000,0
102996000,0
102998000,0
103000000,0
103002000,0
103004000,0
103006000,0
103008000,0
103010000,0
103012000,0
103014000,0
103016000,0
103018000,0
103020000,0
103022000,0
103024000,0
103026000,0
103028000,0
103030000,0
103032000,0
103034000,0
103036001,0
103038001,0
103040000,0
103042000,0
103044000,0
103046000,0
103048000,0
103050000,0
103052000,0
103054000,0
103056000,0
103058000,0
103060000,0
103062001,0
103064000,0
103066000,0
103068000,0
103070000,0
103072001,0
103074000,0
103076000,0
103078000,0
103080000,0
103082000,0
103084000,0
103086000,0
103088000,0
103090000,0
103092000,0
103094000,0
103096000,0
103098000,0
103100001,0
103102000,0
103104000,0
103106001,0
103108000,0
103110000,0
103112000,0
103114000,0
103116001,0
103118001,0
103120001,0
103122001,0
103124000,0
103126001,0
103128000,0
103130000,0
103132000,0
103134000,0
103136000,0
103138001,0
103140000,0
103142000,0
103144000,0
103146001,0
103148001,0
103150000,0
103152000,0
103154000,0
103156000,0
103158000,0
103160000,0
103162000,0
103164000,0
103166000,0
103168000,0
103170000,0
103172000,0
103174000,0
103176000,0
103178000,0
103180000,0
103182001,0
103184000,0
103186000,0
103188001,0
103190000,0
103192000,0
103194000,0
103196000,0
103198000,0
103200000,0
103202001,0
103204001,0
103206001,0
103208000,0
103210000,0
103212000,0
103214000,0
103216000,0
103218000,0
103220001,0
103222001,0
103224000,0
103226000,0
103228000,0
103230001,0
103232000,0
103234000,0
103236001,0
103238001,0
103240001,0
103242000,0
103244000,0
103246000,0
103248000,0
103250000,0
103252000,0
103254001,0
103256000,0
103258000,0
103260000,0
103262000,0
103264000,0
103266000,0
103268001,0
103270001,0
103272001,0
103274000,0
103276000,0
103278000,0
103280000,0
103282001,0
103284000,0
103286001,0
103288001,0
103290001,0
103292000,0
103294001,0
103296001,0
103298000,0
103300000,0
103302001,0
103304000,0
103306000,0
103308000,0
103310001,0
103312001,0
103314000,0
103316000,0
103318000,0
103320000,0
103322001,0
103324000,0
103326001,0
103328001,0
103330000,0
103332001,0
103334000,0
103336000,0
103338000,0
103340000,0
103342000,0
103344000,0
103346000,0
103348000,0
103350000,0
103352000,0
103354000,0
103356001,0
103358000,0
103360001,0
103362000,0
103364000,0
103366000,0
103368000,0
103370000,0
103372000,0
103374001,0
103376001,0
103378000,0
103380000,0
103382000,0
103384000,0
103386000,0
103388000,0
103390000,0
103392001,0
103394000,0
103396000,0
103398000,0
103400000,0
103402000,0
103404000,0
103406000,0
103408000,0
103410000,0
103412000,0
103414000,0
103416000,0
103418000,0
103420000,0
103422000,0
103424000,0
103426000,0
103428001,0
103430000,0
103432001,0
103434000,0
103436000,0
103438001,0
103440000,0
103442000,0
103444000,0
103446000,0
103448000,0
103450001,0
103452001,0
103454001,0
103456000,0
103458000,0
103460000,0
103462000,0
103464000,0
103466000,0
103468000,0
103470000,0
103472000,0
103474000,0
103476000,0
103478000,0
103480000,0
103482000,0
103484000,0
103486000,0
103488001,0
103490001,0
103492000,0
103494001,0
103496000,0
103498001,0
103500000,0
103502001,0
103504001,0
103506000,0
103508001,0
103510000,0
103512000,0
103514000,0
103516000,0
103518000,0
103520000,0
103522000,0
103524000,0
103526001,0
103528000,0
103530001,0
103532000,0
103534000,0
103536000,0
103538000,0
103540000,0
103542000,0
103544001,0
103546001,0
103548000,0
103550001,0
103552000,0
103554001,0
103556001,0
103558001,0
103560000,0
103562000,0
103564000,0
103566000,0
103568001,0
103570001,0
103572000,0
103574001,0
103576000,0
103578001,0
103580000,0
103582000,0
103584000,0
103586000,0
103588000,0
103590000,0
103592000,0
103594000,0
103596000,0
103598000,0
103600000,0
103602000,0
103604000,0
103606000,0
103608000,0
103610000,0
103612000,0
103614000,0
103616000,0
103618000,0
103620000,0
103622000,0
103624000,0
103626001,0
103628000,0
103630000,0
103632001,0
103634000,0
103636000,0
103638000,0
103640001,0
103642000,0
103644000,0
103646000,0
103648001,0
103650000,0
103652000,0
103654000,0
103656000,0
103658000,0
103660000,0
103662001,0
103664000,0
103666000,0
103668001,0
103670000,0
103672001,0
103674001,0
103676001,0
103678000,0
103680000,0
103682001,0
103684000,0
103686000,0
103688000,0
103690001,0
103692001,0
103694001,0
103696000,0
103698000,0
103700000,0
103702001,0
103704001,0
103706000,0
103708001,0
103710000,0
103712001,0
103714001,0
103716001,0
103718001,0
103720000,0
103722000,0
103724001,0
103726001,0
103728001,0
103730000,0
103732001,0
103734000,0
103736000,0
103738000,0
103740000,0
103742000,0
103744000,0
103746000,0
103748000,0
103750000,0
103752000,0
103754000,0
103756000,0
103758000,0
103760000,0
103762000,0
103764000,0
103766000,0
103768000,0
103770000,0
103772000,0
103774001,0
103776001,0
103778000,0
103780000,0
103782000,0
103784000,0
103786000,0
103788000,0
103790001,0
103792001,0
103794000,0
103796001,0
103798000,0
103800000,0
103802000,0
103804001,0
103806000,0
103808001,0
103810000,0
103812000,0
103814001,0
103816000,0
103818001,0
103820000,0
103822001,0
103824000,0
103826001,0
103828000,0
103830000,0
103832000,0
103834000,0
103836000,0
103838000,0
103840000,0
103842000,0
103844000,0
103846001,0
103848000,0
103850000,0
103852000,0
103854000,0
103856000,0
103858000,0
103860001,0
103862001,0
103864000,0
103866001,0
103868000,0
103870000,0
103872000,0
103874000,0
103876000,0
103878000,0
103880000,0
103882001,0
103884000,0
103886000,0
103888000,0
103890000,0
103892000,0
103894000,0
103896000,0
103898000,0
103900000,0
103902000,0
103904001,0
103906001,0
103908001,0
103910001,0
103912000,0
103914000,0
103916001,0
103918000,0
103920000,0
103922000,0
103924000,0
103926000,0
103928000,0
103930000,0
103932000,0
103934000,0
103936001,0
103938000,0
103940000,0
103942000,0
103944000,0
103946000,0
103948001,0
103950000,0
103952001,0
103954000,0
103956000,0
103958000,0
103960000,0
103962001,0
103964001,0
103966000,0
103968001,0
103970001,0
103972000,0
103974000,0
103976001,0
103978000,0
103980000,0
103982000,0
103984000,0
103986000,0
103988000,0
103990000,0
103992000,0
103994000,0
103996000,0
103998000,0
104000000,0
104002000,0
104004001,0
104006000,0
104008001,0
104010000,0
104012000,0
104014000,0
104016000,0
104018000,0
104020000,0
104022000,0
104024000,0
104026000,0
104028000,0
104030000,0
104032000,0
104034000,0
104036000,0
104038000,0
104040000,0
104042000,0
104044000,0
104046000,0
104048000,0
104050000,0
104052000,0
104054000,0
104056000,0
104058000,0
104060001,0
104062000,0
104064000,0
104066000,0
104068000,0
104070000,0
104072001,0
104074000,0
104076000,0
104078000,0
104080000,0
104082000,0
104084000,0
104086000,0
104088000,0
104090000,0
104092000,0
104094000,0
104096000,0
104098000,0
104100000,0
104102000,0
104104000,0
104106001,0
104108001,0
104110001,0
104112001,0
104114000,0
104116000,0
104118000,0
104120001,0
104122000,0
104124000,0
104126000,0
104128000,0
104130000,0
104132000,0
104134001,0
104136000,0
104138001,0
104140001,0
104142001,0
104144001,0
104146000,0
104148000,0
104150000,0
104152000,0
104154000,0
104156000,0
104158000,0
104160001,0
104162000,0
104164000,0
104166000,0
104168000,0
104170000,0
104172000,0
104174000,0
104176000,0
104178000,0
104180000,0
104182000,0
104184001,0
104186000,0
104188000,0
104190000,0
104192000,0
104194001,0
104196000,0
104198000,0
104200000,0
104202000,0
104204000,0
104206000,0
104208000,0
104210001,0
104212000,0
104214000,0
104216000,0
104218000,0
104220000,0
104222001,0
104224000,0
104226000,0
104228000,0
104230001,0
104232000,0
104234000,0
104236001,0
104238000,0
104240000,0
104242000,0
104244000,0
104246000,0
104248001,0
104250000,0
104252000,0
104254000,0
104256000,0
104258000,0
104260000,0
104262000,0
104264000,0
104266000,0
104268001,0
104270000,0
104272001,0
104274000,0
104276001,0
104278000,0
104280001,0
104282000,0
104284000,0
104286000,0
104288000,0
104290000,0
104292000,0
104294000,0
104296000,0
104298000,0
104300001,0
104302000,0
104304000,0
104306000,0
104308000,0
104310000,0
104312000,0
104314000,0
104316000,0
104318000,0
104320000,0
104322000,0
104324000,0
104326000,0
104328000,0
104330000,0
104332000,0
104334000,0
104336000,0
104338001,0
104340001,0
104342000,0
104344000,0
104346000,0
104348000,0
104350000,0
104352001,0
104354001,0
104356001,0
104358000,0
104360000,0
104362000,0
104364000,0
104366000,0
104368001,0
104370000,0
104372000,0
104374000,0
104376000,0
104378000,0
104380001,0
104382000,0
104384000,0
104386000,0
104388000,0
104390000,0
104392000,0
104394000,0
104396001,0
104398001,0
104400000,0
104402000,0
104404000,0
104406000,0
104408001,0
104410001,0
104412000,0
104414000,0
104416000,0
104418001,0
104420000,0
104422001,0
104424000,0
104426001,0
104428001,0
104430000,0
104432001,0
104434001,0
104436001,0
104438001,0
104440000,0
104442001,0
104444000,0
104446000,0
104448001,0
104450000,0
104452001,0
104454000,0
104456001,0
104458000,0
104460000,0
104462000,0
104464001,0
104466000,0
104468000,0
104470001,0
104472000,0
104474000,0
104476000,0
104478000,0
104480000,0
104482000,0
104484000,0
104486000,0
104488001,0
104490000,0
104492000,0
104494001,0
104496001,0
104498001,0
104500001,0
104502001,0
104504001,0
104506001,0
104508000,0
104510001,0
104512000,0
104514001,0
104516001,0
104518001,0
104520000,0
104522001,0
104524000,0
104526000,0
104528001,0
104530000,0
104532001,0
104534000,0
104536001,0
104538000,0
104540000,0
104542000,0
104544000,0
104546000,0
104548001,0
104550001,0
104552001,0
104554000,0
104556000,0
104558001,0
104560000,0
104562000,0
104564000,0
104566000,0
104568000,0
104570001,0
104572001,0
104574000,0
104576001,0
104578001,0
104580000,0
104582000,0
104584001,0
104586001,0
104588000,0
104590000,0
104592001,0
104594001,0
104596000,0
104598000,0
104600000,0
104602000,0
104604000,0
104606000,0
104608000,0
104610000,0
104612000,0
104614000,0
104616000,0
104618001,0
104620000,0
104622000,0
104624000,0
104626000,0
104628001,0
104630001,0
104632000,0
104634000,0
104636001,0
104638000,0
104640001,0
104642000,0
104644000,0
104646000,0
104648001,0
104650001,0
104652001,0
104654000,0
104656001,0
104658000,0
104660000,0
104662000,0
104664000,0
104666001,0
104668000,0
104670000,0
104672001,0
104674000,0
104676000,0
104678000,0
104680000,0
104682000,0
104684000,0
104686000,0
104688000,0
104690000,0
104692000,0
104694001,0
104696000,0
104698000,0
104700000,0
104702001,0
104704000,0
104706001,0
104708000,0
104710000,0
104712000,0
104714000,0
104716000,0
104718001,0
104720001,0
104722000,0
104724000,0
104726000,0
104728000,0
104730000,0
104732001,0
104734000,0
104736001,0
104738001,0
104740000,0
104742000,0
104744000,0
104746000,0
104748001,0
104750001,0
104752001,0
104754001,0
104756001,0
104758001,0
104760000,0
104762000,0
104764001,0
104766000,0
104768000,0
104770000,0
104772000,0
104774000,0
104776000,0
104778000,0
104780001,0
104782000,0
104784001,0
104786001,0
104788000,0
104790000,0
104792000,0
104794000,0
104796000,0
104798000,0
104800000,0
104802000,0
104804000,0
104806000,0
104808000,0
104810001,0
104812000,0
104814001,0
104816001,0
104818000,0
104820000,0
104822000,0
104824000,0
104826001,0
104828001,0
104830000,0
104832001,0
104834001,0
104836000,0
104838000,0
104840000,0
104842001,0
104844001,0
104846001,0
104848000,0
104850000,0
104852000,0
104854000,0
104856000,0
104858000,0
104860000,0
104862001,0
104864000,0
104866001,0
104868001,0
104870000,0
104872000,0
104874001,0
104876000,0
104878001,0
104880001,0
104882000,0
104884000,0
104886000,0
104888000,0
104890000,0
104892001,0
104894001,0
104896000,0
104898001,0
104900001,0
104902001,0
104904000,0
104906001,0
104908001,0
104910000,0
104912000,0
104914000,0
104916000,0
104918001,0
104920001,0
104922001,0
104924001,0
104926001,0
104928000,0
104930001,0
104932000,0
104934001,0
104936000,0
104938000,0
104940001,0
104942000,0
104944000,0
104946000,0
104948000,0
104950000,0
104952000,0
104954001,0
104956000,0
104958001,0
104960000,0
104962001,0
104964001,0
104966000,0
104968000,0
104970000,0
104972000,0
104974000,0
104976001,0
104978000,0
104980000,0
104982000,0
104984000,0
104986000,0
104988001,0
104990000,0
104992001,0
104994000,0
104996000,0
104998000,0
105000000,0
105002000,0
105004000,0
105006000,0
105008000,0
105010001,0
105012000,0
105014001,0
105016001,0
105018001,0
105020000,0
105022000,0
105024000,0
105026000,0
105028000,0
105030000,0
105032001,0
105034001,0
105036001,0
105038000,0
105040001,0
105042000,0
105044001,0
105046001,0
105048001,0
105050000,0
105052001,0
105054000,0
105056001,0
105058001,0
105060001,0
105062001,0
105064000,0
105066001,0
105068000,0
105070001,0
105072000,0
105074000,0
105076000,0
105078000,0
105080001,0
105082001,0
105084000,0
105086000,0
105088000,0
105090000,0
105092000,0
105094001,0
105096000,0
105098000,0
105100001,0
105102000,0
105104001,0
105106000,0
105108001,0
105110000,0
105112000,0
105114001,0
105116001,0
105118001,0
105120001,0
105122001,0
105124000,0
105126000,0
105128000,0
105130000,0
105132000,0
105134000,0
105136000,0
105138001,0
105140000,0
105142001,0
105144000,0
105146000,0
105148000,0
105150000,0
105152000,0
105154000,0
105156001,0
105158000,0
105160000,0
105162000,0
105164001,0
105166000,0
105168001,0
105170000,0
105172001,0
105174000,0
105176001,0
105178000,0
105180000,0
105182001,0
105184000,0
105186000,0
105188001,0
105190000,0
105192000,0
105194001,0
105196000,0
105198000,0
105200000,0
105202000,0
105204001,0
105206000,0
105208001,0
105210000,0
105212001,0
105214000,0
105216000,0
105218001,0
105220000,0
105222000,0
105224001,0
105226000,0
105228001,0
105230000,0
105232000,0
105234000,0
105236001,0
105238001,0
105240000,0
105242001,0
105244000,0
105246000,0
105248000,0
105250000,0
105252000,0
105254000,0
105256000,0
105258001,0
105260001,0
105262000,0
105264001,0
105266001,0
105268000,0
105270000,0
105272001,0
105274001,0
105276001,0
105278001,0
105280000,0
105282000,0
105284000,0
105286001,0
105288000,0
105290001,0
105292000,0
105294000,0
105296000,0
105298000,0
105300000,0
105302001,0
105304001,0
105306000,0
105308000,0
105310000,0
105312000,0
105314000,0
105316000,0
105318000,0
105320000,0
105322001,0
105324000,0
105326000,0
105328000,0
105330000,0
105332001,0
105334000,0
105336001,0
105338000,0
105340001,0
105342001,0
105344001,0
105346000,0
105348000,0
105350001,0
105352001,0
105354000,0
105356000,0
105358000,0
105360000,0
105362000,0
105364000,0
105366000,0
105368000,0
105370000,0
105372000,0
105374000,0
105376000,0
105378000,0
105380000,0
105382000,0
105384001,0
105386000,0
105388001,0
105390001,0
105392001,0
105394000,0
105396001,0
105398000,0
105400000,0
105402000,0
105404001,0
105406001,0
105408000,0
105410000,0
105412000,0
105414000,0
105416000,0
105418000,0
105420001,0
105422000,0
105424000,0
105426001,0
105428001,0
105430000,0
105432000,0
105434000,0
105436000,0
105438000,0
105440000,0
105442000,0
105444000,0
105446001,0
105448001,0
105450001,0
105452000,0
105454000,0
105456000,0
105458000,0
105460000,0
105462000,0
105464000,0
105466000,0
105468000,0
105470000,0
105472001,0
105474001,0
105476000,0
105478000,0
105480000,0
105482000,0
105484001,0
105486000,0
105488001,0
105490000,0
105492000,0
105494000,0
105496000,0
105498001,0
105500001,0
105502000,0
105504000,0
105506000,0
105508000,0
105510000,0
105512000,0
105514000,0
105516000,0
105518000,0
105520000,0
105522000,0
105524000,0
105526001,0
105528001,0
105530000,0
105532001,0
105534000,0
105536000,0
105538000,0
105540000,0
105542000,0
105544000,0
105546000,0
105548001,0
105550001,0
105552000,0
105554000,0
105556000,0
105558001,0
105560000,0
105562000,0
105564000,0
105566001,0
105568000,0
105570001,0
105572000,0
105574000,0
105576000,0
105578000,0
105580000,0
105582000,0
105584000,0
105586000,0
105588000,0
105590000,0
105592000,0
105594000,0
105596000,0
105598001,0
105600001,0
105602001,0
105604001,0
105606001,0
105608000,0
105610000,0
105612000,0
105614000,0
105616000,0
105618000,0
105620000,0
105622000,0
105624000,0
105626000,0
105628001,0
105630000,0
105632000,0
105634001,0
105636001,0
105638000,0
105640001,0
105642001,0
105644000,0
105646000,0
105648000,0
105650000,0
105652000,0
105654000,0
105656001,0
105658000,0
105660000,0
105662000,0
105664000,0
105666000,0
105668000,0
105670000,0
105672000,0
105674000,0
105676000,0
105678000,0
105680001,0
105682000,0
105684000,0
105686000,0
105688001,0
105690001,0
105692000,0
105694001,0
105696000,0
105698000,0
105700001,0
105702001,0
105704000,0
105706000,0
105708001,0
105710001,0
105712001,0
105714000,0
105716000,0
105718000,0
105720000,0
105722000,0
105724000,0
105726000,0
105728000,0
105730001,0
105732000,0
105734000,0
105736000,0
105738000,0
105740001,0
105742001,0
105744000,0
105746001,0
105748000,0
105750001,0
105752000,0
105754000,0
105756000,0
105758000,0
105760001,0
105762000,0
105764000,0
105766000,0
105768000,0
105770000,0
105772001,0
105774001,0
105776001,0
105778000,0
105780000,0
105782000,0
105784001,0
105786001,0
105788000,0
105790000,0
105792000,0
105794001,0
105796000,0
105798001,0
105800000,0
105802000,0
105804001,0
105806000,0
105808001,0
105810001,0
105812001,0
105814001,0
105816001,0
105818000,0
105820000,0
105822000,0
105824001,0
105826000,0
105828000,0
105830000,0
105832000,0
105834000,0
105836000,0
105838000,0
105840000,0
105842000,0
105844000,0
105846000,0
105848000,0
105850000,0
105852000,0
105854001,0
105856000,0
105858000,0
105860001,0
105862000,0
105864000,0
105866001,0
105868000,0
105870000,0
105872000,0
105874001,0
105876000,0
105878000,0
105880000,0
105882001,0
105884001,0
105886000,0
105888000,0
105890000,0
105892000,0
105894000,0
105896000,0
105898000,0
105900000,0
105902000,0
105904000,0
105906000,0
105908000,0
105910000,0
105912001,0
105914001,0
105916001,0
105918001,0
105920001,0
105922000,0
105924000,0
105926000,0
105928001,0
105930000,0
105932001,0
105934000,0
105936000,0
105938000,0
105940000,0
105942000,0
105944000,0
105946000,0
105948000,0
105950000,0
105952001,0
105954000,0
105956000,0
105958001,0
105960001,0
105962001,0
105964000,0
105966001,0
105968000,0
105970000,0
105972000,0
105974000,0
105976000,0
105978000,0
105980001,0
105982000,0
105984000,0
105986000,0
105988000,0
105990000,0
105992000,0
105994000,0
105996000,0
105998000,0
106000000,0
106002001,0
106004000,0
106006001,0
106008000,0
106010000,0
106012000,0
106014000,0
106016000,0
106018000,0
106020000,0
106022000,0
106024000,0
106026001,0
106028001,0
106030001,0
106032001,0
106034001,0
106036000,0
106038000,0
106040001,0
106042000,0
106044000,0
106046000,0
106048000,0
106050000,0
106052000,0
106054000,0
106056000,0
106058000,0
106060000,0
106062000,0
106064000,0
106066000,0
106068000,0
106070001,0
106072001,0
106074000,0
106076000,0
106078001,0
106080000,0
106082000,0
106084000,0
106086000,0
106088000,0
106090000,0
106092000,0
106094000,0
106096000,0
106098000,0
106100000,0
106102000,0
106104000,0
106106000,0
106108000,0
106110000,0
106112000,0
106114000,0
106116000,0
106118000,0
106120000,0
106122000,0
106124000,0
106126000,0
106128000,0
106130000,0
106132000,0
106134000,0
106136000,0
106138000,0
106140000,0
106142000,0
106144001,0
106146000,0
106148000,0
106150001,0
106152000,0
106154001,0
106156000,0
106158000,0
106160000,0
106162000,0
106164001,0
106166001,0
106168000,0
106170000,0
106172000,0
106174001,0
106176000,0
106178000,0
106180000,0
106182000,0
106184000,0
106186000,0
106188000,0
106190001,0
106192001,0
106194000,0
106196001,0
106198000,0
106200001,0
106202000,0
106204001,0
106206001,0
106208001,0
106210001,0
106212000,0
106214000,0
106216000,0
106218000,0
106220000,0
106222000,0
106224000,0
106226000,0
106228001,0
106230000,0
106232001,0
106234000,0
106236000,0
106238000,0
106240000,0
106242000,0
106244000,0
106246000,0
106248000,0
106250000,0
106252000,0
106254000,0
106256000,0
106258000,0
106260000,0
106262000,0
106264001,0
106266001,0
106268001,0
106270000,0
106272000,0
106274000,0
106276000,0
106278000,0
106280001,0
106282001,0
106284000,0
106286000,0
106288000,0
106290000,0
106292000,0
106294000,0
106296000,0
106298000,0
106300000,0
106302000,0
106304000,0
106306001,0
106308000,0
106310000,0
106312000,0
106314000,0
106316000,0
106318000,0
106320000,0
106322000,0
106324000,0
106326000,0
106328000,0
106330000,0
106332000,0
106334001,0
106336001,0
106338000,0
106340000,0
106342000,0
106344000,0
106346000,0
106348000,0
106350001,0
106352000,0
106354001,0
106356000,0
106358001,0
106360001,0
106362000,0
106364000,0
106366000,0
106368000,0
106370000,0
106372000,0
106374000,0
106376000,0
106378000,0
106380000,0
106382000,0
106384000,0
106386000,0
106388000,0
106390000,0
106392000,0
106394001,0
106396000,0
106398001,0
106400000,0
106402000,0
106404000,0
106406000,0
106408000,0
106410000,0
106412001,0
106414000,0
106416000,0
106418000,0
106420000,0
106422000,0
106424001,0
106426000,0
106428000,0
106430000,0
106432000,0
106434000,0
106436000,0
106438000,0
106440000,0
106442000,0
106444000,0
106446000,0
106448000,0
106450000,0
106452000,0
106454000,0
106456000,0
106458000,0
106460000,0
106462000,0
106464000,0
106466001,0
106468001,0
106470000,0
106472000,0
106474000,0
106476000,0
106478000,0
106480000,0
106482000,0
106484000,0
106486000,0
106488000,0
106490000,0
106492000,0
106494001,0
106496001,0
106498000,0
106500000,0
106502001,0
106504001,0
106506000,0
106508000,0
106510000,0
106512001,0
106514000,0
106516000,0
106518001,0
106520000,0
106522001,0
106524000,0
106526001,0
106528000,0
106530001,0
106532000,0
106534001,0
106536001,0
106538000,0
106540001,0
106542000,0
106544001,0
106546001,0
106548000,0
106550001,0
106552000,0
106554001,0
106556001,0
106558000,0
106560001,0
106562000,0
106564000,0
106566000,0
106568001,0
106570000,0
106572001,0
106574001,0
106576001,0
106578000,0
106580000,0
106582001,0
106584000,0
106586000,0
106588000,0
106590000,0
106592000,0
106594000,0
106596000,0
106598000,0
106600000,0
106602000,0
106604001,0
106606000,0
106608001,0
106610001,0
106612000,0
106614001,0
106616001,0
106618000,0
106620000,0
106622000,0
106624000,0
106626000,0
106628001,0
106630001,0
106632000,0
106634000,0
106636000,0
106638000,0
106640000,0
106642001,0
106644001,0
106646000,0
106648000,0
106650000,0
106652000,0
106654000,0
106656000,0
106658000,0
106660000,0
106662000,0
106664000,0
106666000,0
106668000,0
106670000,0
106672000,0
106674000,0
106676000,0
106678000,0
106680000,0
106682000,0
106684000,0
106686000,0
106688000,0
106690000,0
106692000,0
106694000,0
106696000,0
106698000,0
106700001,0
106702000,0
106704000,0
106706001,0
106708001,0
106710000,0
106712000,0
106714000,0
106716000,0
106718001,0
106720001,0
106722001,0
106724000,0
106726000,0
106728001,0
106730000,0
106732000,0
106734000,0
106736000,0
106738000,0
106740001,0
106742000,0
106744000,0
106746000,0
106748000,0
106750001,0
106752000,0
106754000,0
106756000,0
106758000,0
106760001,0
106762000,0
106764000,0
106766000,0
106768000,0
106770000,0
106772000,0
106774001,0
106776000,0
106778000,0
106780000,0
106782000,0
106784000,0
106786000,0
106788000,0
106790000,0
106792000,0
106794000,0
106796000,0
106798000,0
106800000,0
106802001,0
106804001,0
106806000,0
106808000,0
106810000,0
106812000,0
106814000,0
106816000,0
106818000,0
106820000,0
106822000,0
106824000,0
106826000,0
106828000,0
106830000,0
106832001,0
106834001,0
106836000,0
106838001,0
106840000,0
106842000,0
106844000,0
106846000,0
106848001,0
106850000,0
106852000,0
106854000,0
106856000,0
106858000,0
106860000,0
106862000,0
106864000,0
106866000,0
106868001,0
106870000,0
106872000,0
106874000,0
106876000,0
106878000,0
106880000,0
106882001,0
106884001,0
106886000,0
106888000,0
106890000,0
106892001,0
106894000,0
106896000,0
106898000,0
106900000,0
106902000,0
106904000,0
106906000,0
106908001,0
106910000,0
106912001,0
106914000,0
106916000,0
106918001,0
106920001,0
106922001,0
106924001,0
106926000,0
106928000,0
106930001,0
106932001,0
106934000,0
106936001,0
106938001,0
106940001,0
106942001,0
106944000,0
106946000,0
106948000,0
106950001,0
106952000,0
106954000,0
106956000,0
106958000,0
106960000,0
106962000,0
106964000,0
106966000,0
106968000,0
106970000,0
106972000,0
106974000,0
106976000,0
106978000,0
106980000,0
106982000,0
106984001,0
106986000,0
106988000,0
106990000,0
106992000,0
106994000,0
106996000,0
106998001,0
107000001,0
107002001,0
107004000,0
107006001,0
107008000,0
107010001,0
107012000,0
107014000,0
107016000,0
107018000,0
107020000,0
107022000,0
107024001,0
107026001,0
107028001,0
107030001,0
107032000,0
107034000,0
107036000,0
107038000,0
107040000,0
107042000,0
107044000,0
107046000,0
107048000,0
107050000,0
107052000,0
107054000,0
107056000,0
107058000,0
107060000,0
107062000,0
107064000,0
107066000,0
107068000,0
107070000,0
107072000,0
107074000,0
107076000,0
107078000,0
107080000,0
107082000,0
107084000,0
107086000,0
107088000,0
107090000,0
107092000,0
107094000,0
107096000,0
107098000,0
107100000,0
107102000,0
107104000,0
107106000,0
107108001,0
107110001,0
107112000,0
107114000,0
107116000,0
107118000,0
107120001,0
107122001,0
107124000,0
107126000,0
107128000,0
107130001,0
107132001,0
107134001,0
107136001,0
107138000,0
107140001,0
107142000,0
107144000,0
107146000,0
107148000,0
107150000,0
107152000,0
107154000,0
107156000,0
107158000,0
107160000,0
107162000,0
107164000,0
107166001,0
107168000,0
107170000,0
107172000,0
107174000,0
107176000,0
107178000,0
107180000,0
107182001,0
107184001,0
107186000,0
107188000,0
107190000,0
107192001,0
107194000,0
107196000,0
107198000,0
107200000,0
107202000,0
107204001,0
107206000,0
107208000,0
107210001,0
107212000,0
107214000,0
107216000,0
107218000,0
107220000,0
107222000,0
107224000,0
107226000,0
107228000,0
107230000,0
107232000,0
107234000,0
107236001,0
107238000,0
107240000,0
107242000,0
107244000,0
107246001,0
107248000,0
107250000,0
107252000,0
107254001,0
107256001,0
107258000,0
107260001,0
107262001,0
107264000,0
107266000,0
107268000,0
107270000,0
107272000,0
107274000,0
107276000,0
107278001,0
107280001,0
107282000,0
107284000,0
107286000,0
107288000,0
107290000,0
107292001,0
107294000,0
107296000,0
107298000,0
107300001,0
107302000,0
107304000,0
107306000,0
107308000,0
107310001,0
107312000,0
107314000,0
107316001,0
107318001,0
107320000,0
107322001,0
107324000,0
107326001,0
107328001,0
107330001,0
107332000,0
107334000,0
107336000,0
107338000,0
107340001,0
107342000,0
107344000,0
107346001,0
107348000,0
107350000,0
107352000,0
107354000,0
107356000,0
107358000,0
107360000,0
107362000,0
107364000,0
107366000,0
107368000,0
107370000,0
107372001,0
107374001,0
107376000,0
107378001,0
107380001,0
107382001,0
107384000,0
107386001,0
107388000,0
107390000,0
107392000,0
107394000,0
107396001,0
107398001,0
107400001,0
107402000,0
107404000,0
107406000,0
107408000,0
107410000,0
107412000,0
107414000,0
107416000,0
107418000,0
107420000,0
107422000,0
107424000,0
107426000,0
107428000,0
107430001,0
107432000,0
107434000,0
107436000,0
107438001,0
107440001,0
107442001,0
107444000,0
107446001,0
107448000,0
107450000,0
107452000,0
107454000,0
107456000,0
107458000,0
107460001,0
107462000,0
107464001,0
107466000,0
107468000,0
107470000,0
107472000,0
107474000,0
107476000,0
107478001,0
107480001,0
107482001,0
107484000,0
107486000,0
107488000,0
107490000,0
107492001,0
107494000,0
107496001,0
107498001,0
107500001,0
107502000,0
107504001,0
107506001,0
107508000,0
107510000,0
107512001,0
107514000,0
107516001,0
107518001,0
107520000,0
107522000,0
107524000,0
107526000,0
107528000,0
107530000,0
107532000,0
107534000,0
107536000,0
107538000,0
107540000,0
107542000,0
107544000,0
107546001,0
107548000,0
107550001,0
107552000,0
107554000,0
107556000,0
107558000,0
107560000,0
107562000,0
107564000,0
107566000,0
107568001,0
107570001,0
107572001,0
107574001,0
107576001,0
107578000,0
107580000,0
107582000,0
107584000,0
107586000,0
107588000,0
107590000,0
107592000,0
107594000,0
107596000,0
107598001,0
107600001,0
107602001,0
107604000,0
107606001,0
107608000,0
107610001,0
107612001,0
107614001,0
107616000,0
107618000,0
107620000,0
107622000,0
107624000,0
107626001,0
107628000,0
107630000,0
107632000,0
107634000,0
107636001,0
107638001,0
107640001,0
107642000,0
107644000,0
107646000,0
107648001,0
107650000,0
107652000,0
107654001,0
107656001,0
107658001,0
107660000,0
107662000,0
107664000,0
107666001,0
107668001,0
107670000,0
107672000,0
107674000,0
107676000,0
107678001,0
107680000,0
107682000,0
107684000,0
107686000,0
107688000,0
107690000,0
107692000,0
107694001,0
107696000,0
107698001,0
107700001,0
107702000,0
107704000,0
107706000,0
107708000,0
107710000,0
107712001,0
107714001,0
107716001,0
107718001,0
107720001,0
107722001,0
107724001,0
107726001,0
107728000,0
107730000,0
107732000,0
107734001,0
107736000,0
107738000,0
107740000,0
107742000,0
107744000,0
107746000,0
107748000,0
107750000,0
107752000,0
107754000,0
107756000,0
107758000,0
107760001,0
107762000,0
107764001,0
107766000,0
107768001,0
107770000,0
107772001,0
107774001,0
107776000,0
107778000,0
107780000,0
107782000,0
107784000,0
107786000,0
107788000,0
107790000,0
107792000,0
107794001,0
107796000,0
107798001,0
107800001,0
107802000,0
107804001,0
107806001,0
107808001,0
107810000,0
107812000,0
107814000,0
107816000,0
107818000,0
107820001,0
107822000,0
107824000,0
107826000,0
107828000,0
107830001,0
107832000,0
107834001,0
107836000,0
107838000,0
107840000,0
107842000,0
107844001,0
107846000,0
107848000,0
107850000,0
107852001,0
107854001,0
107856000,0
107858001,0
107860000,0
107862001,0
107864000,0
107866000,0
107868001,0
107870001,0
107872001,0
107874001,0
107876000,0
107878001,0
107880000,0
107882001,0
107884000,0
107886001,0
107888000,0
107890000,0
107892001,0
107894001,0
107896001,0
107898000,0
107900000,0
107902001,0
107904001,0
107906000,0
107908000,0
107910000,0
107912000,0
107914000,0
107916000,0
107918000,0
107920001,0
107922000,0
107924000,0
107926000,0
107928000,0
107930000,0
107932000,0
107934000,0
107936000,0
107938000,0
107940000,0
107942001,0
107944000,0
107946000,0
107948000,0
107950000,0
107952000,0
107954000,0
107956000,0
107958000,0
107960000,0
107962000,0
107964001,0
107966001,0
107968001,0
107970001,0
107972000,0
107974000,0
107976001,0
107978000,0
107980000,0
107982000,0
107984000,0
107986000,0
107988000,0
107990000,0
107992000,0
107994000,0
107996000,0
107998000,0
108000000,0
108002000,0
108004000,0
108006001,0
108008000,0
108010000,0
108012000,0
108014000,0
108016000,0
108018000,0
108020000,0
108022000,0
108024000,0
108026000,0
108028000,0
108030000,0
108032000,0
108034001,0
108036001,0
108038001,0
108040000,0
108042001,0
108044000,0
108046000,0
108048001,0
108050001,0
108052000,0
108054000,0
108056000,0
108058000,0
108060000,0
108062000,0
108064000,0
108066000,0
108068000,0
108070001,0
108072000,0
108074001,0
108076000,0
108078000,0
108080001,0
108082000,0
108084000,0
108086000,0
108088000,0
108090000,0
108092000,0
108094000,0
108096000,0
108098001,0
108100001,0
108102000,0
108104000,0
108106000,0
108108000,0
108110000,0
108112000,0
108114000,0
108116000,0
108118000,0
108120000,0
108122000,0
108124000,0
108126000,0
108128001,0
108130000,0
108132000,0
108134000,0
108136000,0
108138000,0
108140000,0
108142001,0
108144000,0
108146000,0
108148000,0
108150001,0
108152001,0
108154000,0
108156000,0
108158000,0
108160000,0
108162000,0
108164000,0
108166000,0
108168001,0
108170000,0
108172000,0
108174000,0
108176000,0
108178000,0
108180000,0
108182000,0
108184001,0
108186000,0
108188000,0
108190000,0
108192000,0
108194000,0
108196001,0
108198000,0
108200000,0
108202000,0
108204000,0
108206001,0
108208001,0
108210000,0
108212000,0
108214000,0
108216000,0
108218001,0
108220001,0
108222000,0
108224000,0
108226000,0
108228000,0
108230000,0
108232000,0
108234000,0
108236000,0
108238000,0
108240000,0
108242000,0
108244000,0
108246000,0
108248000,0
108250001,0
108252000,0
108254001,0
108256000,0
108258000,0
108260000,0
108262000,0
108264000,0
108266000,0
108268000,0
108270001,0
108272000,0
108274000,0
108276000,0
108278001,0
108280000,0
108282001,0
108284000,0
108286000,0
108288001,0
108290001,0
108292001,0
108294000,0
108296000,0
108298000,0
108300000,0
108302000,0
108304000,0
108306000,0
108308000,0
108310000,0
108312000,0
108314000,0
108316000,0
108318001,0
108320001,0
108322001,0
108324001,0
108326000,0
108328001,0
108330001,0
108332001,0
108334000,0
108336000,0
108338000,0
108340001,0
108342000,0
108344000,0
108346000,0
108348000,0
108350000,0
108352000,0
108354000,0
108356000,0
108358000,0
108360001,0
108362000,0
108364000,0
108366000,0
108368000,0
108370000,0
108372000,0
108374000,0
108376001,0
108378000,0
108380001,0
108382000,0
108384000,0
108386000,0
108388000,0
108390000,0
108392000,0
108394001,0
108396000,0
108398000,0
108400001,0
108402001,0
108404000,0
108406000,0
108408000,0
108410000,0
108412000,0
108414000,0
108416001,0
108418001,0
108420000,0
108422000,0
108424000,0
108426000,0
108428000,0
108430000,0
108432000,0
108434000,0
108436001,0
108438000,0
108440000,0
108442000,0
108444000,0
108446000,0
108448000,0
108450000,0
108452000,0
108454000,0
108456000,0
108458001,0
108460000,0
108462000,0
108464000,0
108466000,0
108468000,0
108470000,0
108472000,0
108474000,0
108476000,0
108478001,0
108480000,0
108482001,0
108484001,0
108486000,0
108488000,0
108490000,0
108492000,0
108494000,0
108496000,0
108498000,0
108500000,0
108502000,0
108504000,0
108506000,0
108508000,0
108510000,0
108512000,0
108514000,0
108516000,0
108518001,0
108520000,0
108522001,0
108524000,0
108526000,0
108528001,0
108530001,0
108532001,0
108534000,0
108536000,0
108538000,0
108540000,0
108542000,0
108544000,0
108546000,0
108548000,0
108550000,0
108552000,0
108554001,0
108556000,0
108558000,0
108560001,0
108562001,0
108564000,0
108566000,0
108568000,0
108570000,0
108572000,0
108574000,0
108576000,0
108578000,0
108580000,0
108582000,0
108584000,0
108586000,0
108588001,0
108590001,0
108592000,0
108594001,0
108596001,0
108598001,0
108600000,0
108602000,0
108604001,0
108606000,0
108608000,0
108610001,0
108612000,0
108614001,0
108616000,0
108618000,0
108620000,0
108622000,0
108624000,0
108626000,0
108628000,0
108630001,0
108632000,0
108634000,0
108636000,0
108638000,0
108640000,0
108642000,0
108644000,0
108646001,0
108648001,0
108650000,0
108652001,0
108654001,0
108656001,0
108658001,0
108660000,0
108662000,0
108664000,0
108666000,0
108668000,0
108670000,0
108672000,0
108674000,0
108676000,0
108678000,0
108680000,0
108682001,0
108684000,0
108686001,0
108688000,0
108690000,0
108692000,0
108694000,0
108696001,0
108698001,0
108700001,0
108702001,0
108704001,0
108706001,0
108708001,0
108710001,0
108712001,0
108714000,0
108716001,0
108718001,0
108720000,0
108722001,0
108724001,0
108726000,0
108728000,0
108730001,0
108732001,0
108734000,0
108736000,0
108738000,0
108740000,0
108742000,0
108744000,0
108746000,0
108748001,0
108750000,0
108752000,0
108754000,0
108756001,0
108758000,0
108760000,0
108762000,0
108764000,0
108766000,0
108768000,0
108770000,0
108772000,0
108774001,0
108776000,0
108778000,0
108780000,0
108782000,0
108784001,0
108786000,0
108788001,0
108790001,0
108792000,0
108794001,0
108796001,0
108798001,0
108800001,0
108802001,0
108804000,0
108806000,0
108808000,0
108810000,0
108812000,0
108814000,0
108816000,0
108818000,0
108820000,0
108822000,0
108824000,0
108826000,0
108828000,0
108830000,0
108832000,0
108834000,0
108836000,0
108838001,0
108840001,0
108842000,0
108844000,0
108846001,0
108848000,0
108850001,0
108852000,0
108854000,0
108856000,0
108858001,0
108860000,0
108862001,0
108864000,0
108866001,0
108868001,0
108870000,0
108872000,0
108874000,0
108876000,0
108878001,0
108880000,0
108882000,0
108884000,0
108886000,0
108888000,0
108890000,0
108892001,0
108894000,0
108896000,0
108898000,0
108900001,0
108902000,0
108904000,0
108906000,0
108908001,0
108910001,0
108912001,0
108914000,0
108916000,0
108918000,0
108920000,0
108922001,0
108924000,0
108926001,0
108928000,0
108930000,0
108932000,0
108934000,0
108936000,0
108938001,0
108940000,0
108942000,0
108944000,0
108946001,0
108948000,0
108950000,0
108952000,0
108954000,0
108956000,0
108958001,0
108960000,0
108962001,0
108964001,0
108966001,0
108968000,0
108970001,0
108972001,0
108974001,0
108976000,0
108978001,0
108980001,0
108982001,0
108984000,0
108986001,0
108988000,0
108990001,0
108992001,0
108994000,0
108996000,0
108998000,0
109000000,0
109002000,0
109004000,0
109006000,0
109008000,0
109010000,0
109012000,0
109014001,0
109016000,0
109018001,0
109020000,0
109022000,0
109024000,0
109026000,0
109028000,0
109030000,0
109032000,0
109034001,0
109036001,0
109038000,0
109040000,0
109042000,0
109044000,0
109046000,0
109048000,0
109050000,0
109052000,0
109054000,0
109056000,0
109058000,0
109060000,0
109062000,0
109064000,0
109066000,0
109068000,0
109070000,0
109072000,0
109074000,0
109076001,0
109078001,0
109080000,0
109082001,0
109084000,0
109086000,0
109088000,0
109090000,0
109092000,0
109094001,0
109096000,0
109098000,0
109100001,0
109102001,0
109104000,0
109106000,0
109108000,0
109110000,0
109112000,0
109114000,0
109116000,0
109118001,0
109120001,0
109122001,0
109124000,0
109126000,0
109128000,0
109130000,0
109132000,0
109134000,0
109136000,0
109138000,0
109140000,0
109142000,0
109144000,0
109146000,0
109148000,0
109150001,0
109152000,0
109154001,0
109156000,0
109158000,0
109160000,0
109162000,0
109164000,0
109166000,0
109168000,0
109170000,0
109172000,0
109174001,0
109176001,0
109178000,0
109180001,0
109182001,0
109184001,0
109186001,0
109188001,0
109190001,0
109192001,0
109194001,0
109196000,0
109198000,0
109200000,0
109202000,0
109204000,0
109206000,0
109208001,0
109210001,0
109212000,0
109214000,0
109216000,0
109218001,0
109220001,0
109222001,0
109224001,0
109226000,0
109228000,0
109230000,0
109232000,0
109234000,0
109236000,0
109238000,0
109240000,0
109242000,0
109244000,0
109246000,0
109248000,0
109250000,0
109252000,0
109254000,0
109256001,0
109258000,0
109260001,0
109262001,0
109264000,0
109266001,0
109268000,0
109270000,0
109272000,0
109274000,0
109276001,0
109278001,0
109280000,0
109282001,0
109284000,0
109286000,0
109288000,0
109290000,0
109292001,0
109294001,0
109296000,0
109298000,0
109300001,0
109302000,0
109304000,0
109306000,0
109308000,0
109310001,0
109312001,0
109314000,0
109316000,0
109318000,0
109320000,0
109322000,0
109324000,0
109326000,0
109328000,0
109330000,0
109332000,0
109334001,0
109336000,0
109338000,0
109340000,0
109342000,0
109344000,0
109346001,0
109348000,0
109350001,0
109352001,0
109354001,0
109356000,0
109358000,0
109360000,0
109362000,0
109364000,0
109366000,0
109368000,0
109370000,0
109372000,0
109374001,0
109376000,0
109378000,0
109380000,0
109382001,0
109384000,0
109386001,0
109388000,0
109390001,0
109392000,0
109394000,0
109396000,0
109398000,0
109400000,0
109402001,0
109404000,0
109406001,0
109408001,0
109410001,0
109412000,0
109414001,0
109416001,0
109418001,0
109420000,0
109422000,0
109424000,0
109426000,0
109428001,0
109430001,0
109432000,0
109434001,0
109436001,0
109438001,0
109440001,0
109442001,0
109444001,0
109446000,0
109448000,0
109450000,0
109452000,0
109454000,0
109456000,0
109458000,0
109460000,0
109462000,0
109464000,0
109466000,0
109468000,0
109470000,0
109472000,0
109474000,0
109476000,0
109478000,0
109480001,0
109482000,0
109484001,0
109486000,0
109488001,0
109490001,0
109492001,0
109494000,0
109496001,0
109498000,0
109500000,0
109502001,0
109504000,0
109506000,0
109508000,0
109510000,0
109512000,0
109514001,0
109516000,0
109518001,0
109520001,0
109522001,0
109524000,0
109526000,0
109528000,0
109530000,0
109532000,0
109534001,0
109536000,0
109538000,0
109540000,0
109542000,0
109544000,0
109546000,0
109548000,0
109550000,0
109552000,0
109554000,0
109556000,0
109558000,0
109560000,0
109562000,0
109564000,0
109566001,0
109568000,0
109570000,0
109572001,0
109574001,0
109576000,0
109578000,0
109580001,0
109582000,0
109584000,0
109586001,0
109588001,0
109590000,0
109592001,0
109594001,0
109596001,0
109598001,0
109600000,0
109602000,0
109604000,0
109606000,0
109608000,0
109610000,0
109612000,0
109614000,0
109616000,0
109618000,0
109620000,0
109622000,0
109624000,0
109626000,0
109628000,0
109630000,0
109632001,0
109634000,0
109636000,0
109638000,0
109640001,0
109642001,0
109644000,0
109646000,0
109648000,0
109650000,0
109652000,0
109654000,0
109656000,0
109658000,0
109660000,0
109662000,0
109664000,0
109666000,0
109668000,0
109670000,0
109672000,0
109674000,0
109676000,0
109678000,0
109680000,0
109682000,0
109684000,0
109686000,0
109688001,0
109690001,0
109692000,0
109694000,0
109696000,0
109698000,0
109700000,0
109702000,0
109704000,0
109706000,0
109708000,0
109710000,0
109712001,0
109714000,0
109716000,0
109718000,0
109720000,0
109722000,0
109724000,0
109726001,0
109728000,0
109730001,0
109732001,0
109734000,0
109736001,0
109738001,0
109740000,0
109742000,0
109744000,0
109746000,0
109748001,0
109750001,0
109752001,0
109754001,0
109756000,0
109758000,0
109760000,0
109762000,0
109764000,0
109766000,0
109768001,0
109770001,0
109772000,0
109774001,0
109776001,0
109778000,0
109780000,0
109782000,0
109784000,0
109786000,0
109788001,0
109790001,0
109792000,0
109794000,0
109796001,0
109798000,0
109800001,0
109802000,0
109804000,0
109806001,0
109808000,0
109810000,0
109812000,0
109814000,0
109816000,0
109818000,0
109820000,0
109822000,0
109824000,0
109826000,0
109828001,0
109830000,0
109832000,0
109834000,0
109836000,0
109838000,0
109840000,0
109842000,0
109844000,0
109846000,0
109848000,0
109850000,0
109852000,0
109854000,0
109856000,0
109858000,0
109860000,0
109862000,0
109864000,0
109866000,0
109868000,0
109870000,0
109872001,0
109874000,0
109876001,0
109878000,0
109880000,0
109882000,0
109884000,0
109886000,0
109888000,0
109890000,0
109892000,0
109894000,0
109896000,0
109898000,0
109900000,0
109902000,0
109904000,0
109906000,0
109908000,0
109910001,0
109912001,0
109914000,0
109916001,0
109918000,0
109920000,0
109922001,0
109924000,0
109926000,0
109928000,0
109930001,0
109932000,0
109934001,0
109936001,0
109938001,0
109940001,0
109942000,0
109944000,0
109946000,0
109948000,0
109950000,0
109952000,0
109954000,0
109956000,0
109958000,0
109960000,0
109962000,0
109964000,0
109966000,0
109968000,0
109970000,0
109972000,0
109974000,0
109976000,0
109978000,0
109980000,0
109982000,0
109984000,0
109986000,0
109988000,0
109990000,0
109992000,0
109994000,0
109996000,0
109998000,0
110000001,0
110002001,0
110004000,0
110006000,0
110008000,0
110010001,0
110012001,0
110014001,0
110016000,0
110018000,0
110020000,0
110022000,0
110024000,0
110026000,0
110028000,0
110030000,0
110032000,0
110034001,0
110036000,0
110038001,0
110040000,0
110042000,0
110044001,0
110046001,0
110048000,0
110050000,0
110052000,0
110054000,0
110056001,0
110058000,0
110060001,0
110062000,0
110064000,0
110066000,0
110068000,0
110070001,0
110072000,0
110074001,0
110076000,0
110078000,0
110080000,0
110082000,0
110084000,0
110086000,0
110088000,0
110090001,0
110092000,0
110094000,0
110096000,0
110098000,0
110100001,0
110102000,0
110104000,0
110106001,0
110108001,0
110110001,0
110112000,0
110114000,0
110116000,0
110118000,0
110120000,0
110122000,0
110124001,0
110126001,0
110128000,0
110130000,0
110132000,0
110134000,0
110136000,0
110138000,0
110140000,0
110142000,0
110144000,0
110146000,0
110148000,0
110150000,0
110152000,0
110154000,0
110156000,0
110158000,0
110160001,0
110162000,0
110164001,0
110166001,0
110168000,0
110170001,0
110172000,0
110174000,0
110176000,0
110178000,0
110180000,0
110182000,0
110184000,0
110186000,0
110188000,0
110190000,0
110192000,0
110194000,0
110196000,0
110198000,0
110200000,0
110202001,0
110204000,0
110206001,0
110208000,0
110210000,0
110212000,0
110214000,0
110216000,0
110218000,0
110220000,0
110222000,0
110224000,0
110226000,0
110228000,0
110230000,0
110232000,0
110234000,0
110236001,0
110238000,0
110240001,0
110242000,0
110244001,0
110246000,0
110248001,0
110250000,0
110252000,0
110254000,0
110256000,0
110258000,0
110260000,0
110262000,0
110264000,0
110266000,0
110268000,0
110270000,0
110272000,0
110274000,0
110276001,0
110278000,0
110280001,0
110282001,0
110284000,0
110286000,0
110288000,0
110290000,0
110292000,0
110294000,0
110296000,0
110298000,0
110300000,0
110302000,0
110304000,0
110306000,0
110308000,0
110310001,0
110312001,0
110314000,0
110316001,0
110318000,0
110320000,0
110322000,0
110324001,0
110326000,0
110328001,0
110330000,0
110332000,0
110334000,0
110336000,0
110338000,0
110340000,0
110342000,0
110344001,0
110346001,0
110348001,0
110350000,0
110352000,0
110354000,0
110356000,0
110358000,0
110360001,0
110362000,0
110364000,0
110366000,0
110368000,0
110370000,0
110372000,0
110374000,0
110376001,0
110378000,0
110380000,0
110382000,0
110384000,0
110386000,0
110388000,0
110390000,0
110392001,0
110394000,0
110396000,0
110398000,0
110400000,0
110402000,0
110404001,0
110406001,0
110408000,0
110410001,0
110412000,0
110414000,0
110416000,0
110418001,0
110420001,0
110422001,0
110424000,0
110426000,0
110428000,0
110430000,0
110432000,0
110434000,0
110436000,0
110438000,0
110440000,0
110442000,0
110444000,0
110446001,0
110448000,0
110450001,0
110452001,0
110454000,0
110456001,0
110458000,0
110460000,0
110462000,0
110464000,0
110466000,0
110468001,0
110470001,0
110472001,0
110474001,0
110476001,0
110478001,0
110480001,0
110482001,0
110484000,0
110486000,0
110488000,0
110490000,0
110492000,0
110494000,0
110496001,0
110498000,0
110500001,0
110502001,0
110504000,0
110506000,0
110508000,0
110510001,0
110512000,0
110514000,0
110516001,0
110518000,0
110520001,0
110522001,0
110524000,0
110526001,0
110528000,0
110530000,0
110532000,0
110534000,0
110536000,0
110538001,0
110540001,0
110542001,0
110544001,0
110546001,0
110548000,0
110550000,0
110552001,0
110554001,0
110556000,0
110558000,0
110560001,0
110562001,0
110564000,0
110566000,0
110568000,0
110570000,0
110572000,0
110574000,0
110576001,0
110578000,0
110580001,0
110582000,0
110584001,0
110586000,0
110588000,0
110590000,0
110592000,0
110594000,0
110596000,0
110598000,0
110600000,0
110602000,0
110604000,0
110606000,0
110608000,0
110610000,0
110612000,0
110614001,0
110616001,0
110618000,0
110620000,0
110622000,0
110624000,0
110626000,0
110628000,0
110630001,0
110632000,0
110634000,0
110636000,0
110638000,0
110640000,0
110642001,0
110644000,0
110646000,0
110648001,0
110650000,0
110652000,0
110654000,0
110656000,0
110658000,0
110660000,0
110662001,0
110664000,0
110666000,0
110668000,0
110670000,0
110672000,0
110674000,0
110676000,0
110678000,0
110680000,0
110682000,0
110684001,0
110686001,0
110688000,0
110690001,0
110692000,0
110694000,0
110696000,0
110698001,0
110700000,0
110702001,0
110704001,0
110706001,0
110708000,0
110710000,0
110712001,0
110714000,0
110716001,0
110718000,0
110720001,0
110722001,0
110724000,0
110726000,0
110728000,0
110730000,0
110732000,0
110734001,0
110736001,0
110738000,0
110740000,0
110742000,0
110744000,0
110746000,0
110748000,0
110750000,0
110752000,0
110754000,0
110756000,0
110758001,0
110760000,0
110762000,0
110764000,0
110766000,0
110768001,0
110770000,0
110772001,0
110774000,0
110776001,0
110778001,0
110780000,0
110782000,0
110784000,0
110786000,0
110788000,0
110790000,0
110792001,0
110794000,0
110796000,0
110798000,0
110800000,0
110802000,0
110804000,0
110806000,0
110808000,0
110810000,0
110812000,0
110814000,0
110816000,0
110818000,0
110820000,0
110822000,0
110824000,0
110826001,0
110828000,0
110830001,0
110832000,0
110834001,0
110836000,0
110838000,0
110840000,0
110842001,0
110844000,0
110846000,0
110848000,0
110850001,0
110852001,0
110854000,0
110856001,0
110858000,0
110860000,0
110862000,0
110864001,0
110866001,0
110868001,0
110870001,0
110872000,0
110874001,0
110876001,0
110878000,0
110880000,0
110882000,0
110884000,0
110886001,0
110888001,0
110890000,0
110892000,0
110894000,0
110896000,0
110898000,0
110900001,0
110902001,0
110904001,0
110906001,0
110908000,0
110910000,0
110912000,0
110914001,0
110916000,0
110918000,0
110920000,0
110922000,0
110924000,0
110926000,0
110928001,0
110930001,0
110932000,0
110934000,0
110936000,0
110938000,0
110940000,0
110942001,0
110944000,0
110946000,0
110948000,0
110950000,0
110952000,0
110954000,0
110956000,0
110958000,0
110960000,0
110962000,0
110964000,0
110966000,0
110968000,0
110970000,0
110972000,0
110974000,0
110976000,0
110978000,0
110980001,0
110982000,0
110984000,0
110986000,0
110988000,0
110990000,0
110992000,0
110994000,0
110996000,0
110998000,0
111000000,0
111002001,0
111004000,0
111006001,0
111008000,0
111010000,0
111012001,0
111014001,0
111016000,0
111018000,0
111020000,0
111022000,0
111024000,0
111026000,0
111028000,0
111030001,0
111032001,0
111034000,0
111036000,0
111038000,0
111040001,0
111042001,0
111044000,0
111046001,0
111048001,0
111050000,0
111052000,0
111054000,0
111056000,0
111058001,0
111060000,0
111062000,0
111064000,0
111066001,0
111068000,0
111070000,0
111072000,0
111074000,0
111076000,0
111078000,0
111080001,0
111082000,0
111084000,0
111086000,0
111088000,0
111090000,0
111092000,0
111094000,0
111096000,0
111098000,0
111100000,0
111102000,0
111104000,0
111106000,0
111108000,0
111110000,0
111112000,0
111114000,0
111116000,0
111118000,0
111120001,0
111122000,0
111124000,0
111126000,0
111128000,0
111130000,0
111132000,0
111134000,0
111136000,0
111138000,0
111140000,0
111142000,0
111144001,0
111146000,0
111148000,0
111150000,0
111152000,0
111154000,0
111156000,0
111158000,0
111160001,0
111162000,0
111164000,0
111166000,0
111168000,0
111170000,0
111172000,0
111174000,0
111176000,0
111178000,0
111180000,0
111182000,0
111184000,0
111186000,0
111188000,0
111190001,0
111192000,0
111194000,0
111196000,0
111198001,0
111200001,0
111202000,0
111204000,0
111206000,0
111208001,0
111210000,0
111212001,0
111214000,0
111216001,0
111218001,0
111220000,0
111222001,0
111224001,0
111226001,0
111228000,0
111230000,0
111232000,0
111234000,0
111236001,0
111238000,0
111240000,0
111242000,0
111244001,0
111246000,0
111248000,0
111250000,0
111252001,0
111254000,0
111256000,0
111258000,0
111260000,0
111262001,0
111264000,0
111266001,0
111268001,0
111270000,0
111272001,0
111274000,0
111276000,0
111278001,0
111280000,0
111282000,0
111284001,0
111286000,0
111288000,0
111290000,0
111292000,0
111294000,0
111296001,0
111298001,0
111300000,0
111302001,0
111304000,0
111306000,0
111308001,0
111310000,0
111312001,0
111314000,0
111316000,0
111318000,0
111320000,0
111322000,0
111324000,0
111326000,0
111328001,0
111330001,0
111332001,0
111334000,0
111336000,0
111338000,0
111340000,0
111342000,0
111344000,0
111346000,0
111348001,0
111350000,0
111352000,0
111354000,0
111356000,0
111358000,0
111360000,0
111362000,0
111364000,0
111366000,0
111368000,0
111370000,0
111372000,0
111374000,0
111376000,0
111378001,0
111380001,0
111382001,0
111384000,0
111386000,0
111388001,0
111390000,0
111392000,0
111394000,0
111396000,0
111398000,0
111400001,0
111402000,0
111404001,0
111406000,0
111408000,0
111410000,0
111412001,0
111414001,0
111416000,0
111418001,0
111420001,0
111422000,0
111424000,0
111426001,0
111428001,0
111430000,0
111432001,0
111434000,0
111436000,0
111438001,0
111440001,0
111442001,0
111444001,0
111446001,0
111448000,0
111450000,0
111452000,0
111454000,0
111456000,0
111458000,0
111460000,0
111462000,0
111464001,0
111466001,0
111468000,0
111470000,0
111472000,0
111474000,0
111476000,0
111478001,0
111480000,0
111482001,0
111484000,0
111486000,0
111488000,0
111490000,0
111492000,0
111494001,0
111496000,0
111498000,0
111500000,0
111502000,0
111504000,0
111506000,0
111508000,0
111510000,0
111512000,0
111514001,0
111516001,0
111518001,0
111520000,0
111522000,0
111524000,0
111526000,0
111528001,0
111530000,0
111532000,0
111534000,0
111536000,0
111538000,0
111540000,0
111542001,0
111544000,0
111546001,0
111548000,0
111550001,0
111552000,0
111554000,0
111556000,0
111558000,0
111560000,0
111562000,0
111564000,0
111566000,0
111568000,0
111570000,0
111572000,0
111574001,0
111576000,0
111578001,0
111580000,0
111582000,0
111584000,0
111586001,0
111588001,0
111590000,0
111592000,0
111594000,0
111596000,0
111598000,0
111600001,0
111602001,0
111604000,0
111606000,0
111608001,0
111610000,0
111612000,0
111614001,0
111616000,0
111618001,0
111620000,0
111622000,0
111624001,0
111626001,0
111628000,0
111630000,0
111632000,0
111634000,0
111636000,0
111638000,0
111640000,0
111642001,0
111644000,0
111646000,0
111648000,0
111650000,0
111652000,0
111654000,0
111656000,0
111658000,0
111660000,0
111662000,0
111664000,0
111666000,0
111668000,0
111670001,0
111672001,0
111674000,0
111676001,0
111678000,0
111680000,0
111682001,0
111684000,0
111686000,0
111688000,0
111690000,0
111692000,0
111694000,0
111696000,0
111698001,0
111700000,0
111702001,0
111704000,0
111706000,0
111708001,0
111710001,0
111712001,0
111714001,0
111716001,0
111718000,0
111720000,0
111722001,0
111724001,0
111726001,0
111728000,0
111730001,0
111732001,0
111734001,0
111736000,0
111738000,0
111740000,0
111742001,0
111744000,0
111746001,0
111748000,0
111750000,0
111752000,0
111754000,0
111756000,0
111758000,0
111760000,0
111762000,0
111764000,0
111766000,0
111768000,0
111770000,0
111772000,0
111774000,0
111776001,0
111778000,0
111780000,0
111782001,0
111784000,0
111786001,0
111788001,0
111790000,0
111792000,0
111794000,0
111796001,0
111798001,0
111800000,0
111802000,0
111804000,0
111806000,0
111808000,0
111810000,0
111812001,0
111814000,0
111816000,0
111818000,0
111820000,0
111822000,0
111824000,0
111826000,0
111828000,0
111830000,0
111832000,0
111834000,0
111836000,0
111838000,0
111840000,0
111842000,0
111844000,0
111846000,0
111848000,0
111850000,0
111852000,0
111854000,0
111856000,0
111858000,0
111860000,0
111862000,0
111864000,0
111866001,0
111868000,0
111870000,0
111872000,0
111874000,0
111876000,0
111878000,0
111880000,0
111882000,0
111884000,0
111886000,0
111888000,0
111890000,0
111892000,0
111894000,0
111896000,0
111898000,0
111900000,0
111902000,0
111904001,0
111906001,0
111908000,0
111910000,0
111912001,0
111914001,0
111916000,0
111918000,0
111920000,0
111922000,0
111924000,0
111926000,0
111928000,0
111930001,0
111932000,0
111934000,0
111936000,0
111938001,0
111940000,0
111942000,0
111944000,0
111946000,0
111948001,0
111950000,0
111952000,0
111954000,0
111956000,0
111958000,0
111960001,0
111962000,0
111964001,0
111966001,0
111968000,0
111970000,0
111972000,0
111974001,0
111976001,0
111978001,0
111980001,0
111982000,0
111984000,0
111986001,0
111988000,0
111990000,0
111992000,0
111994000,0
111996000,0
111998000,0
112000000,0
112002000,0
112004000,0
112006000,0
112008000,0
112010000,0
112012000,0
112014000,0
112016001,0
112018000,0
112020001,0
112022000,0
112024001,0
112026000,0
112028000,0
112030000,0
112032000,0
112034000,0
112036001,0
112038000,0
112040000,0
112042000,0
112044000,0
112046000,0
112048000,0
112050000,0
112052000,0
112054000,0
112056000,0
112058000,0
112060000,0
112062000,0
112064000,0
112066000,0
112068000,0
112070000,0
112072000,0
112074000,0
112076000,0
112078000,0
112080000,0
112082000,0
112084000,0
112086000,0
112088000,0
112090000,0
112092000,0
112094000,0
112096000,0
112098000,0
112100000,0
112102000,0
112104001,0
112106000,0
112108001,0
112110000,0
112112000,0
112114000,0
112116000,0
112118000,0
112120000,0
112122000,0
112124000,0
112126000,0
112128000,0
112130000,0
112132000,0
112134000,0
112136000,0
112138000,0
112140000,0
112142000,0
112144000,0
112146001,0
112148001,0
112150001,0
112152000,0
112154000,0
112156000,0
112158000,0
112160000,0
112162001,0
112164000,0
112166000,0
112168000,0
112170000,0
112172000,0
112174000,0
112176000,0
112178000,0
112180000,0
112182000,0
112184000,0
112186000,0
112188000,0
112190001,0
112192001,0
112194001,0
112196001,0
112198001,0
112200000,0
112202001,0
112204000,0
112206000,0
112208000,0
112210001,0
112212000,0
112214000,0
112216000,0
112218000,0
112220000,0
112222000,0
112224000,0
112226000,0
112228000,0
112230000,0
112232000,0
112234000,0
112236000,0
112238000,0
112240000,0
112242000,0
112244000,0
112246000,0
112248000,0
112250000,0
112252000,0
112254000,0
112256000,0
112258000,0
112260000,0
112262000,0
112264000,0
112266000,0
112268000,0
112270000,0
112272000,0
112274000,0
112276001,0
112278000,0
112280000,0
112282000,0
112284000,0
112286000,0
112288001,0
112290000,0
112292001,0
112294000,0
112296000,0
112298000,0
112300000,0
112302001,0
112304001,0
112306001,0
112308000,0
112310001,0
112312000,0
112314000,0
112316001,0
112318000,0
112320000,0
112322000,0
112324000,0
112326000,0
112328001,0
112330000,0
112332000,0
112334000,0
112336000,0
112338000,0
112340001,0
112342001,0
112344000,0
112346000,0
112348001,0
112350001,0
112352000,0
112354000,0
112356000,0
112358000,0
112360000,0
112362000,0
112364001,0
112366001,0
112368000,0
112370000,0
112372001,0
112374001,0
112376000,0
112378000,0
112380001,0
112382000,0
112384001,0
112386000,0
112388000,0
112390000,0
112392000,0
112394001,0
112396000,0
112398000,0
112400000,0
112402000,0
112404000,0
112406000,0
112408001,0
112410000,0
112412000,0
112414000,0
112416000,0
112418001,0
112420001,0
112422000,0
112424000,0
112426000,0
112428001,0
112430001,0
112432000,0
112434000,0
112436000,0
112438000,0
112440000,0
112442000,0
112444000,0
112446000,0
112448000,0
112450000,0
112452000,0
112454000,0
112456001,0
112458001,0
112460000,0
112462000,0
112464000,0
112466000,0
112468000,0
112470000,0
112472000,0
112474000,0
112476001,0
112478001,0
112480000,0
112482000,0
112484001,0
112486000,0
112488000,0
112490000,0
112492001,0
112494001,0
112496000,0
112498001,0
112500000,0
112502001,0
112504000,0
112506000,0
112508000,0
112510000,0
112512000,0
112514000,0
112516000,0
112518000,0
112520000,0
112522000,0
112524000,0
112526000,0
112528000,0
112530000,0
112532000,0
112534000,0
112536000,0
112538000,0
112540000,0
112542000,0
112544000,0
112546000,0
112548000,0
112550000,0
112552000,0
112554001,0
112556000,0
112558000,0
112560001,0
112562001,0
112564001,0
112566000,0
112568001,0
112570000,0
112572001,0
112574000,0
112576001,0
112578000,0
112580001,0
112582001,0
112584001,0
112586001,0
112588001,0
112590000,0
112592000,0
112594000,0
112596001,0
112598001,0
112600000,0
112602001,0
112604000,0
112606000,0
112608000,0
112610001,0
112612000,0
112614001,0
112616001,0
112618001,0
112620000,0
112622001,0
112624000,0
112626001,0
112628000,0
112630001,0
112632000,0
112634000,0
112636000,0
112638000,0
112640000,0
112642000,0
112644000,0
112646000,0
112648000,0
112650001,0
112652000,0
112654000,0
112656000,0
112658000,0
112660000,0
112662000,0
112664000,0
112666000,0
112668000,0
112670000,0
112672000,0
112674000,0
112676000,0
112678000,0
112680000,0
112682000,0
112684000,0
112686000,0
112688000,0
112690000,0
112692000,0
112694000,0
112696000,0
112698000,0
112700000,0
112702000,0
112704000,0
112706000,0
112708000,0
112710000,0
112712000,0
112714000,0
112716001,0
112718000,0
112720000,0
112722000,0
112724000,0
112726000,0
112728000,0
112730000,0
112732000,0
112734001,0
112736000,0
112738001,0
112740000,0
112742001,0
112744000,0
112746001,0
112748000,0
112750000,0
112752000,0
112754001,0
112756001,0
112758000,0
112760000,0
112762000,0
112764000,0
112766000,0
112768001,0
112770000,0
112772000,0
112774001,0
112776001,0
112778000,0
112780000,0
112782000,0
112784001,0
112786000,0
112788000,0
112790000,0
112792000,0
112794000,0
112796001,0
112798001,0
112800000,0
112802000,0
112804000,0
112806001,0
112808001,0
112810001,0
112812000,0
112814000,0
112816000,0
112818000,0
112820001,0
112822000,0
112824001,0
112826000,0
112828000,0
112830000,0
112832001,0
112834001,0
112836000,0
112838000,0
112840000,0
112842000,0
112844000,0
112846000,0
112848000,0
112850000,0
112852000,0
112854001,0
112856000,0
112858001,0
112860001,0
112862000,0
112864001,0
112866000,0
112868001,0
112870000,0
112872000,0
112874000,0
112876000,0
112878000,0
112880000,0
112882001,0
112884001,0
112886000,0
112888000,0
112890000,0
112892000,0
112894000,0
112896000,0
112898000,0
112900000,0
112902001,0
112904000,0
112906001,0
112908000,0
112910000,0
112912000,0
112914000,0
112916000,0
112918000,0
112920000,0
112922001,0
112924000,0
112926000,0
112928001,0
112930000,0
112932000,0
112934001,0
112936000,0
112938000,0
112940001,0
112942000,0
112944000,0
112946001,0
112948001,0
112950000,0
112952001,0
112954000,0
112956000,0
112958000,0
112960000,0
112962001,0
112964001,0
112966000,0
112968000,0
112970000,0
112972000,0
112974000,0
112976000,0
112978000,0
112980000,0
112982000,0
112984000,0
112986000,0
112988001,0
112990000,0
112992000,0
112994000,0
112996000,0
112998000,0
113000001,0
113002000,0
113004000,0
113006000,0
113008000,0
113010000,0
113012000,0
113014000,0
113016000,0
113018000,0
113020001,0
113022000,0
113024001,0
113026001,0
113028000,0
113030001,0
113032000,0
113034001,0
113036000,0
113038000,0
113040001,0
113042000,0
113044000,0
113046000,0
113048001,0
113050000,0
113052000,0
113054000,0
113056000,0
113058000,0
113060000,0
113062000,0
113064000,0
113066000,0
113068000,0
113070001,0
113072001,0
113074001,0
113076000,0
113078000,0
113080000,0
113082000,0
113084000,0
113086000,0
113088000,0
113090000,0
113092000,0
113094000,0
113096000,0
113098000,0
113100000,0
113102000,0
113104000,0
113106000,0
113108000,0
113110001,0
113112001,0
113114000,0
113116000,0
113118000,0
113120000,0
113122000,0
113124000,0
113126000,0
113128000,0
113130001,0
113132000,0
113134001,0
113136001,0
113138000,0
113140000,0
113142000,0
113144000,0
113146000,0
113148000,0
113150000,0
113152000,0
113154000,0
113156000,0
113158000,0
113160000,0
113162001,0
113164000,0
113166000,0
113168001,0
113170000,0
113172000,0
113174000,0
113176000,0
113178000,0
113180000,0
113182000,0
113184000,0
113186000,0
113188000,0
113190000,0
113192000,0
113194000,0
113196000,0
113198000,0
113200000,0
113202000,0
113204000,0
113206000,0
113208000,0
113210000,0
113212000,0
113214000,0
113216000,0
113218000,0
113220000,0
113222000,0
113224000,0
113226000,0
113228000,0
113230000,0
113232000,0
113234000,0
113236001,0
113238000,0
113240000,0
113242000,0
113244000,0
113246000,0
113248000,0
113250000,0
113252000,0
113254000,0
113256001,0
113258001,0
113260001,0
113262000,0
113264000,0
113266000,0
113268001,0
113270001,0
113272000,0
113274001,0
113276000,0
113278000,0
113280000,0
113282001,0
113284001,0
113286001,0
113288000,0
113290000,0
113292000,0
113294000,0
113296001,0
113298000,0
113300000,0
113302001,0
113304001,0
113306000,0
113308000,0
113310000,0
113312000,0
113314000,0
113316001,0
113318000,0
113320000,0
113322000,0
113324001,0
113326001,0
113328001,0
113330000,0
113332000,0
113334000,0
113336000,0
113338000,0
113340000,0
113342000,0
113344000,0
113346000,0
113348000,0
113350000,0
113352000,0
113354000,0
113356000,0
113358000,0
113360001,0
113362001,0
113364000,0
113366000,0
113368000,0
113370000,0
113372000,0
113374000,0
113376000,0
113378000,0
113380001,0
113382000,0
113384000,0
113386000,0
113388000,0
113390000,0
113392000,0
113394000,0
113396000,0
113398000,0
113400000,0
113402000,0
113404000,0
113406000,0
113408001,0
113410000,0
113412000,0
113414001,0
113416000,0
113418000,0
113420000,0
113422000,0
113424000,0
113426000,0
113428000,0
113430000,0
113432000,0
113434001,0
113436000,0
113438001,0
113440000,0
113442000,0
113444000,0
113446000,0
113448000,0
113450000,0
113452000,0
113454001,0
113456001,0
113458000,0
113460000,0
113462000,0
113464000,0
113466000,0
113468000,0
113470000,0
113472000,0
113474000,0
113476000,0
113478000,0
113480000,0
113482000,0
113484000,0
113486000,0
113488000,0
113490000,0
113492000,0
113494000,0
113496001,0
113498001,0
113500000,0
113502001,0
113504001,0
113506000,0
113508000,0
113510000,0
113512000,0
113514000,0
113516001,0
113518000,0
113520000,0
113522000,0
113524000,0
113526000,0
113528000,0
113530000,0
113532000,0
113534000,0
113536001,0
113538001,0
113540000,0
113542000,0
113544000,0
113546001,0
113548001,0
113550001,0
113552001,0
113554000,0
113556000,0
113558000,0
113560000,0
113562000,0
113564000,0
113566000,0
113568000,0
113570001,0
113572000,0
113574000,0
113576001,0
113578000,0
113580001,0
113582000,0
113584000,0
113586001,0
113588000,0
113590000,0
113592000,0
113594000,0
113596000,0
113598000,0
113600000,0
113602000,0
113604000,0
113606000,0
113608000,0
113610000,0
113612000,0
113614000,0
113616000,0
113618000,0
113620000,0
113622000,0
113624000,0
113626000,0
113628000,0
113630000,0
113632000,0
113634000,0
113636000,0
113638000,0
113640000,0
113642000,0
113644001,0
113646000,0
113648001,0
113650001,0
113652000,0
113654000,0
113656000,0
113658000,0
113660000,0
113662000,0
113664000,0
113666000,0
113668000,0
113670000,0
113672001,0
113674000,0
113676000,0
113678000,0
113680000,0
113682000,0
113684001,0
113686001,0
113688000,0
113690001,0
113692000,0
113694000,0
113696000,0
113698000,0
113700000,0
113702000,0
113704000,0
113706001,0
113708000,0
113710001,0
113712001,0
113714000,0
113716000,0
113718000,0
113720000,0
113722000,0
113724001,0
113726001,0
113728001,0
113730001,0
113732001,0
113734001,0
113736000,0
113738000,0
113740001,0
113742000,0
113744000,0
113746000,0
113748000,0
113750000,0
113752000,0
113754000,0
113756000,0
113758001,0
113760001,0
113762001,0
113764000,0
113766000,0
113768000,0
113770000,0
113772001,0
113774001,0
113776000,0
113778000,0
113780000,0
113782000,0
113784000,0
113786000,0
113788000,0
113790000,0
113792000,0
113794000,0
113796000,0
113798000,0
113800000,0
113802001,0
113804000,0
113806000,0
113808000,0
113810001,0
113812000,0
113814001,0
113816000,0
113818000,0
113820000,0
113822001,0
113824000,0
113826001,0
113828000,0
113830000,0
113832000,0
113834000,0
113836000,0
113838000,0
113840001,0
113842000,0
113844000,0
113846000,0
113848000,0
113850000,0
113852000,0
113854001,0
113856000,0
113858000,0
113860000,0
113862000,0
113864000,0
113866001,0
113868000,0
113870001,0
113872000,0
113874001,0
113876000,0
113878000,0
113880000,0
113882001,0
113884000,0
113886000,0
113888000,0
113890000,0
113892000,0
113894000,0
113896000,0
113898000,0
113900000,0
113902000,0
113904000,0
113906000,0
113908000,0
113910000,0
113912000,0
113914000,0
113916000,0
113918000,0
113920000,0
113922000,0
113924001,0
113926000,0
113928000,0
113930001,0
113932000,0
113934001,0
113936001,0
113938001,0
113940000,0
113942000,0
113944000,0
113946000,0
113948001,0
113950000,0
113952000,0
113954000,0
113956000,0
113958000,0
113960000,0
113962000,0
113964000,0
113966000,0
113968000,0
113970000,0
113972000,0
113974000,0
113976000,0
113978000,0
113980000,0
113982000,0
113984000,0
113986000,0
113988001,0
113990000,0
113992000,0
113994000,0
113996000,0
113998000,0
114000000,0
114002001,0
114004000,0
114006000,0
114008000,0
114010000,0
114012000,0
114014000,0
114016000,0
114018000,0
114020000,0
114022000,0
114024001,0
114026000,0
114028000,0
114030000,0
114032000,0
114034000,0
114036001,0
114038000,0
114040000,0
114042001,0
114044000,0
114046001,0
114048000,0
114050001,0
114052000,0
114054000,0
114056001,0
114058000,0
114060000,0
114062000,0
114064000,0
114066000,0
114068000,0
114070000,0
114072001,0
114074000,0
114076001,0
114078001,0
114080000,0
114082000,0
114084000,0
114086000,0
114088000,0
114090001,0
114092001,0
114094001,0
114096000,0
114098000,0
114100000,0
114102000,0
114104000,0
114106000,0
114108000,0
114110000,0
114112000,0
114114000,0
114116000,0
114118000,0
114120000,0
114122000,0
114124000,0
114126000,0
114128000,0
114130000,0
114132000,0
114134000,0
114136001,0
114138001,0
114140000,0
114142000,0
114144000,0
114146001,0
114148001,0
114150000,0
114152001,0
114154000,0
114156000,0
114158000,0
114160000,0
114162001,0
114164000,0
114166001,0
114168001,0
114170000,0
114172000,0
114174000,0
114176000,0
114178000,0
114180000,0
114182000,0
114184000,0
114186001,0
114188001,0
114190000,0
114192000,0
114194000,0
114196000,0
114198000,0
114200000,0
114202001,0
114204000,0
114206000,0
114208000,0
114210000,0
114212000,0
114214000,0
114216000,0
114218000,0
114220000,0
114222000,0
114224000,0
114226000,0
114228000,0
114230000,0
114232000,0
114234001,0
114236001,0
114238001,0
114240000,0
114242000,0
114244000,0
114246000,0
114248000,0
114250000,0
114252000,0
114254000,0
114256000,0
114258000,0
114260001,0
114262000,0
114264000,0
114266001,0
114268000,0
114270001,0
114272000,0
114274000,0
114276000,0
114278000,0
114280000,0
114282000,0
114284000,0
114286000,0
114288001,0
114290000,0
114292001,0
114294000,0
114296000,0
114298000,0
114300000,0
114302000,0
114304000,0
114306000,0
114308001,0
114310001,0
114312001,0
114314000,0
114316000,0
114318000,0
114320000,0
114322001,0
114324001,0
114326000,0
114328000,0
114330000,0
114332000,0
114334001,0
114336000,0
114338000,0
114340000,0
114342000,0
114344000,0
114346001,0
114348000,0
114350000,0
114352000,0
114354000,0
114356000,0
114358000,0
114360000,0
114362000,0
114364000,0
114366000,0
114368000,0
114370000,0
114372000,0
114374000,0
114376000,0
114378000,0
114380000,0
114382000,0
114384000,0
114386001,0
114388000,0
114390001,0
114392000,0
114394001,0
114396001,0
114398000,0
114400001,0
114402001,0
114404001,0
114406000,0
114408000,0
114410000,0
114412000,0
114414000,0
114416000,0
114418000,0
114420000,0
114422000,0
114424000,0
114426000,0
114428000,0
114430000,0
114432000,0
114434000,0
114436000,0
114438000,0
114440000,0
114442000,0
114444000,0
114446000,0
114448000,0
114450000,0
114452000,0
114454000,0
114456000,0
114458000,0
114460001,0
114462000,0
114464001,0
114466000,0
114468000,0
114470000,0
114472000,0
114474000,0
114476000,0
114478000,0
114480000,0
114482000,0
114484000,0
114486000,0
114488000,0
114490001,0
114492001,0
114494000,0
114496000,0
114498001,0
114500001,0
114502000,0
114504000,0
114506000,0
114508000,0
114510001,0
114512000,0
114514000,0
114516000,0
114518000,0
114520000,0
114522000,0
114524001,0
114526001,0
114528000,0
114530001,0
114532000,0
114534000,0
114536000,0
114538000,0
114540000,0
114542000,0
114544000,0
114546001,0
114548000,0
114550000,0
114552000,0
114554000,0
114556001,0
114558000,0
114560000,0
114562000,0
114564000,0
114566000,0
114568000,0
114570000,0
114572000,0
114574000,0
114576000,0
114578000,0
114580000,0
114582001,0
114584001,0
114586001,0
114588000,0
114590000,0
114592000,0
114594000,0
114596000,0
114598000,0
114600000,0
114602001,0
114604001,0
114606000,0
114608000,0
114610000,0
114612000,0
114614000,0
114616000,0
114618000,0
114620000,0
114622000,0
114624001,0
114626000,0
114628000,0
114630000,0
114632000,0
114634000,0
114636001,0
114638001,0
114640000,0
114642001,0
114644001,0
114646000,0
114648001,0
114650000,0
114652000,0
114654001,0
114656000,0
114658000,0
114660000,0
114662000,0
114664000,0
114666000,0
114668000,0
114670000,0
114672000,0
114674000,0
114676000,0
114678001,0
114680001,0
114682000,0
114684000,0
114686000,0
114688000,0
114690000,0
114692000,0
114694001,0
114696001,0
114698001,0
114700001,0
114702001,0
114704000,0
114706000,0
114708000,0
114710000,0
114712000,0
114714000,0
114716000,0
114718000,0
114720000,0
114722001,0
114724001,0
114726001,0
114728000,0
114730000,0
114732001,0
114734000,0
114736001,0
114738000,0
114740001,0
114742001,0
114744000,0
114746001,0
114748001,0
114750000,0
114752000,0
114754000,0
114756000,0
114758001,0
114760001,0
114762000,0
114764000,0
114766001,0
114768000,0
114770000,0
114772000,0
114774000,0
114776000,0
114778000,0
114780001,0
114782001,0
114784001,0
114786001,0
114788001,0
114790000,0
114792001,0
114794001,0
114796000,0
114798000,0
114800000,0
114802000,0
114804000,0
114806001,0
114808000,0
114810001,0
114812000,0
114814001,0
114816000,0
114818000,0
114820000,0
114822000,0
114824000,0
114826000,0
114828000,0
114830000,0
114832000,0
114834000,0
114836000,0
114838000,0
114840000,0
114842000,0
114844000,0
114846000,0
114848000,0
114850000,0
114852000,0
114854000,0
114856000,0
114858000,0
114860000,0
114862000,0
114864000,0
114866000,0
114868000,0
114870001,0
114872001,0
114874000,0
114876000,0
114878000,0
114880000,0
114882000,0
114884000,0
114886000,0
114888000,0
114890000,0
114892000,0
114894001,0
114896000,0
114898000,0
114900000,0
114902000,0
114904001,0
114906001,0
114908000,0
114910001,0
114912001,0
114914001,0
114916000,0
114918001,0
114920001,0
114922000,0
114924001,0
114926000,0
114928001,0
114930000,0
114932000,0
114934000,0
114936000,0
114938000,0
114940000,0
114942000,0
114944000,0
114946000,0
114948000,0
114950000,0
114952000,0
114954000,0
114956000,0
114958001,0
114960001,0
114962000,0
114964000,0
114966000,0
114968001,0
114970000,0
114972001,0
114974000,0
114976000,0
114978001,0
114980001,0
114982001,0
114984001,0
114986000,0
114988000,0
114990000,0
114992000,0
114994000,0
114996000,0
114998000,0
115000000,0
115002000,0
115004000,0
115006000,0
115008000,0
115010000,0
115012000,0
115014000,0
115016000,0
115018000,0
115020001,0
115022000,0
115024000,0
115026000,0
115028000,0
115030000,0
115032000,0
115034000,0
115036001,0
115038000,0
115040001,0
115042000,0
115044000,0
115046001,0
115048000,0
115050000,0
115052000,0
115054000,0
115056000,0
115058000,0
115060000,0
115062000,0
115064000,0
115066000,0
115068000,0
115070000,0
115072000,0
115074000,0
115076000,0
115078000,0
115080000,0
115082000,0
115084000,0
115086000,0
115088000,0
115090000,0
115092000,0
115094000,0
115096000,0
115098000,0
115100000,0
115102001,0
115104001,0
115106000,0
115108001,0
115110000,0
115112001,0
115114001,0
115116001,0
115118001,0
115120000,0
115122001,0
115124001,0
115126001,0
115128001,0
115130001,0
115132001,0
115134000,0
115136001,0
115138001,0
115140000,0
115142000,0
115144000,0
115146000,0
115148001,0
115150000,0
115152000,0
115154000,0
115156000,0
115158000,0
115160000,0
115162000,0
115164000,0
115166000,0
115168001,0
115170000,0
115172000,0
115174000,0
115176000,0
115178001,0
115180000,0
115182000,0
115184001,0
115186000,0
115188000,0
115190000,0
115192000,0
115194000,0
115196000,0
115198000,0
115200000,0
115202000,0
115204001,0
115206001,0
115208000,0
115210000,0
115212000,0
115214000,0
115216001,0
115218000,0
115220001,0
115222000,0
115224000,0
115226000,0
115228000,0
115230000,0
115232000,0
115234000,0
115236000,0
115238000,0
115240000,0
115242000,0
115244000,0
115246000,0
115248000,0
115250000,0
115252001,0
115254001,0
115256000,0
115258000,0
115260000,0
115262001,0
115264000,0
115266000,0
115268000,0
115270000,0
115272000,0
115274000,0
115276000,0
115278000,0
115280000,0
115282000,0
115284000,0
115286000,0
115288000,0
115290001,0
115292000,0
115294000,0
115296000,0
115298000,0
115300000,0
115302000,0
115304001,0
115306001,0
115308000,0
115310000,0
115312000,0
115314000,0
115316001,0
115318001,0
115320001,0
115322001,0
115324001,0
115326001,0
115328001,0
115330000,0
115332001,0
115334001,0
115336000,0
115338000,0
115340000,0
115342000,0
115344000,0
115346000,0
115348000,0
115350001,0
115352001,0
115354001,0
115356001,0
115358000,0
115360000,0
115362000,0
115364000,0
115366000,0
115368001,0
115370000,0
115372000,0
115374000,0
115376000,0
115378000,0
115380000,0
115382001,0
115384001,0
115386001,0
115388000,0
115390001,0
115392001,0
115394001,0
115396000,0
115398000,0
115400000,0
115402000,0
115404001,0
115406000,0
115408000,0
115410000,0
115412000,0
115414000,0
115416000,0
115418000,0
115420000,0
115422000,0
115424000,0
115426000,0
115428001,0
115430001,0
115432000,0
115434000,0
115436000,0
115438001,0
115440001,0
115442000,0
115444001,0
115446001,0
115448001,0
115450000,0
115452001,0
115454000,0
115456000,0
115458000,0
115460000,0
115462000,0
115464000,0
115466000,0
115468000,0
115470000,0
115472000,0
115474000,0
115476000,0
115478000,0
115480000,0
115482001,0
115484001,0
115486000,0
115488000,0
115490000,0
115492000,0
115494000,0
115496000,0
115498000,0
115500001,0
115502000,0
115504000,0
115506000,0
115508001,0
115510000,0
115512000,0
115514000,0
115516001,0
115518000,0
115520001,0
115522000,0
115524001,0
115526000,0
115528000,0
115530000,0
115532000,0
115534000,0
115536000,0
115538000,0
115540000,0
115542000,0
115544000,0
115546000,0
115548000,0
115550001,0
115552001,0
115554000,0
115556001,0
115558001,0
115560000,0
115562000,0
115564001,0
115566001,0
115568001,0
115570001,0
115572000,0
115574000,0
115576000,0
115578001,0
115580000,0
115582001,0
115584000,0
115586000,0
115588000,0
115590000,0
115592000,0
115594000,0
115596000,0
115598000,0
115600001,0
115602000,0
115604000,0
115606000,0
115608000,0
115610000,0
115612000,0
115614000,0
115616000,0
115618000,0
115620000,0
115622000,0
115624000,0
115626000,0
115628000,0
115630001,0
115632000,0
115634001,0
115636000,0
115638001,0
115640001,0
115642000,0
115644001,0
115646001,0
115648001,0
115650000,0
115652000,0
115654000,0
115656000,0
115658001,0
115660001,0
115662001,0
115664001,0
115666000,0
115668000,0
115670000,0
115672000,0
115674000,0
115676000,0
115678000,0
115680000,0
115682000,0
115684000,0
115686000,0
115688000,0
115690000,0
115692000,0
115694000,0
115696001,0
115698001,0
115700000,0
115702000,0
115704000,0
115706000,0
115708000,0
115710001,0
115712001,0
115714000,0
115716001,0
115718000,0
115720001,0
115722000,0
115724001,0
115726000,0
115728000,0
115730000,0
115732000,0
115734000,0
115736000,0
115738000,0
115740000,0
115742001,0
115744000,0
115746001,0
115748001,0
115750000,0
115752000,0
115754000,0
115756000,0
115758000,0
115760000,0
115762000,0
115764000,0
115766000,0
115768000,0
115770000,0
115772000,0
115774000,0
115776001,0
115778000,0
115780001,0
115782001,0
115784000,0
115786001,0
115788001,0
115790000,0
115792000,0
115794000,0
115796001,0
115798001,0
115800001,0
115802001,0
115804000,0
115806001,0
115808001,0
115810000,0
115812000,0
115814001,0
115816000,0
115818000,0
115820000,0
115822000,0
115824000,0
115826000,0
115828000,0
115830000,0
115832001,0
115834001,0
115836000,0
115838000,0
115840001,0
115842001,0
115844000,0
115846000,0
115848000,0
115850001,0
115852001,0
115854001,0
115856000,0
115858001,0
115860000,0
115862001,0
115864000,0
115866000,0
115868000,0
115870000,0
115872000,0
115874000,0
115876000,0
115878000,0
115880000,0
115882000,0
115884001,0
115886000,0
115888000,0
115890001,0
115892000,0
115894000,0
115896000,0
115898000,0
115900000,0
115902001,0
115904000,0
115906001,0
115908000,0
115910000,0
115912000,0
115914000,0
115916000,0
115918000,0
115920000,0
115922000,0
115924000,0
115926000,0
115928000,0
115930001,0
115932000,0
115934000,0
115936000,0
115938001,0
115940000,0
115942000,0
115944000,0
115946000,0
115948000,0
115950000,0
115952000,0
115954000,0
115956000,0
115958000,0
115960000,0
115962000,0
115964000,0
115966000,0
115968000,0
115970000,0
115972000,0
115974000,0
115976000,0
115978000,0
115980001,0
115982000,0
115984001,0
115986001,0
115988000,0
115990001,0
115992000,0
115994000,0
115996000,0
115998001,0
116000001,0
116002000,0
116004000,0
116006001,0
116008000,0
116010001,0
116012000,0
116014000,0
116016000,0
116018000,0
116020000,0
116022000,0
116024001,0
116026000,0
116028000,0
116030000,0
116032000,0
116034000,0
116036000,0
116038000,0
116040001,0
116042000,0
116044001,0
116046001,0
116048001,0
116050001,0
116052001,0
116054000,0
116056000,0
116058000,0
116060000,0
116062000,0
116064001,0
116066001,0
116068000,0
116070001,0
116072001,0
116074001,0
116076001,0
116078000,0
116080001,0
116082001,0
116084000,0
116086000,0
116088000,0
116090000,0
116092000,0
116094001,0
116096001,0
116098000,0
116100000,0
116102000,0
116104000,0
116106000,0
116108000,0
116110000,0
116112000,0
116114000,0
116116001,0
116118001,0
116120000,0
116122000,0
116124000,0
116126000,0
116128000,0
116130000,0
116132000,0
116134000,0
116136000,0
116138000,0
116140000,0
116142001,0
116144000,0
116146000,0
116148000,0
116150001,0
116152001,0
116154001,0
116156000,0
116158000,0
116160000,0
116162000,0
116164000,0
116166000,0
116168000,0
116170001,0
116172001,0
116174000,0
116176000,0
116178000,0
116180000,0
116182000,0
116184000,0
116186001,0
116188001,0
116190000,0
116192001,0
116194000,0
116196000,0
116198000,0
116200000,0
116202000,0
116204000,0
116206001,0
116208000,0
116210000,0
116212000,0
116214000,0
116216000,0
116218001,0
116220000,0
116222000,0
116224000,0
116226000,0
116228000,0
116230001,0
116232001,0
116234001,0
116236001,0
116238001,0
116240000,0
116242000,0
116244000,0
116246000,0
116248000,0
116250000,0
116252000,0
116254000,0
116256000,0
116258000,0
116260000,0
116262000,0
116264000,0
116266000,0
116268000,0
116270000,0
116272000,0
116274000,0
116276000,0
116278000,0
116280000,0
116282000,0
116284000,0
116286000,0
116288000,0
116290000,0
116292000,0
116294000,0
116296001,0
116298000,0
116300000,0
116302000,0
116304000,0
116306000,0
116308000,0
116310000,0
116312000,0
116314000,0
116316000,0
116318001,0
116320000,0
116322000,0
116324000,0
116326001,0
116328000,0
116330000,0
116332001,0
116334001,0
116336001,0
116338001,0
116340000,0
116342000,0
116344001,0
116346001,0
116348001,0
116350000,0
116352001,0
116354000,0
116356000,0
116358000,0
116360001,0
116362000,0
116364000,0
116366000,0
116368000,0
116370000,0
116372001,0
116374001,0
116376000,0
116378000,0
116380000,0
116382000,0
116384001,0
116386000,0
116388001,0
116390000,0
116392000,0
116394000,0
116396001,0
116398001,0
116400000,0
116402000,0
116404001,0
116406000,0
116408001,0
116410000,0
116412000,0
116414000,0
116416000,0
116418001,0
116420000,0
116422000,0
116424001,0
116426001,0
116428000,0
116430001,0
116432000,0
116434001,0
116436001,0
116438000,0
116440000,0
116442000,0
116444001,0
116446001,0
116448000,0
116450001,0
116452001,0
116454001,0
116456000,0
116458000,0
116460000,0
116462000,0
116464000,0
116466000,0
116468000,0
116470000,0
116472000,0
116474000,0
116476000,0
116478000,0
116480000,0
116482000,0
116484000,0
116486000,0
116488000,0
116490000,0
116492001,0
116494000,0
116496000,0
116498000,0
116500000,0
116502000,0
116504000,0
116506000,0
116508001,0
116510001,0
116512001,0
116514000,0
116516000,0
116518000,0
116520000,0
116522000,0
116524000,0
116526000,0
116528001,0
116530000,0
116532001,0
116534001,0
116536000,0
116538000,0
116540000,0
116542001,0
116544001,0
116546000,0
116548000,0
116550001,0
116552000,0
116554001,0
116556000,0
116558000,0
116560000,0
116562000,0
116564000,0
116566000,0
116568000,0
116570000,0
116572000,0
116574000,0
116576000,0
116578000,0
116580000,0
116582000,0
116584000,0
116586000,0
116588000,0
116590000,0
116592000,0
116594000,0
116596000,0
116598001,0
116600000,0
116602000,0
116604000,0
116606001,0
116608001,0
116610000,0
116612000,0
116614000,0
116616001,0
116618000,0
116620000,0
116622000,0
116624000,0
116626000,0
116628000,0
116630000,0
116632001,0
116634000,0
116636000,0
116638000,0
116640000,0
116642000,0
116644000,0
116646000,0
116648000,0
116650000,0
116652000,0
116654000,0
116656000,0
116658001,0
116660001,0
116662001,0
116664000,0
116666001,0
116668001,0
116670001,0
116672000,0
116674001,0
116676001,0
116678001,0
116680000,0
116682001,0
116684000,0
116686000,0
116688000,0
116690000,0
116692000,0
116694000,0
116696000,0
116698000,0
116700000,0
116702000,0
116704000,0
116706001,0
116708001,0
116710000,0
116712001,0
116714001,0
116716001,0
116718000,0
116720001,0
116722000,0
116724001,0
116726001,0
116728000,0
116730000,0
116732000,0
116734000,0
116736000,0
116738000,0
116740000,0
116742001,0
116744000,0
116746001,0
116748001,0
116750001,0
116752001,0
116754000,0
116756000,0
116758000,0
116760000,0
116762000,0
116764000,0
116766000,0
116768000,0
116770000,0
116772000,0
116774000,0
116776000,0
116778000,0
116780000,0
116782000,0
116784000,0
116786000,0
116788001,0
116790000,0
116792000,0
116794001,0
116796001,0
116798000,0
116800001,0
116802000,0
116804000,0
116806001,0
116808000,0
116810000,0
116812000,0
116814000,0
116816000,0
116818000,0
116820000,0
116822000,0
116824000,0
116826000,0
116828000,0
116830000,0
116832000,0
116834000,0
116836000,0
116838000,0
116840001,0
116842000,0
116844001,0
116846000,0
116848000,0
116850000,0
116852001,0
116854001,0
116856001,0
116858001,0
116860000,0
116862000,0
116864000,0
116866000,0
116868000,0
116870000,0
116872001,0
116874000,0
116876000,0
116878001,0
116880000,0
116882000,0
116884000,0
116886000,0
116888000,0
116890000,0
116892000,0
116894001,0
116896000,0
116898000,0
116900000,0
116902001,0
116904000,0
116906000,0
116908001,0
116910000,0
116912001,0
116914000,0
116916001,0
116918000,0
116920001,0
116922000,0
116924000,0
116926000,0
116928000,0
116930000,0
116932000,0
116934000,0
116936000,0
116938000,0
116940000,0
116942000,0
116944000,0
116946000,0
116948000,0
116950000,0
116952001,0
116954001,0
116956000,0
116958001,0
116960000,0
116962000,0
116964000,0
116966000,0
116968000,0
116970000,0
116972000,0
116974000,0
116976000,0
116978000,0
116980000,0
116982000,0
116984000,0
116986000,0
116988001,0
116990001,0
116992000,0
116994000,0
116996000,0
116998001,0
117000000,0
117002000,0
117004000,0
117006000,0
117008000,0
117010000,0
117012000,0
117014000,0
117016000,0
117018000,0
117020001,0
117022000,0
117024001,0
117026000,0
117028000,0
117030000,0
117032000,0
117034000,0
117036000,0
117038000,0
117040000,0
117042000,0
117044001,0
117046001,0
117048000,0
117050000,0
117052001,0
117054000,0
117056000,0
117058000,0
117060000,0
117062000,0
117064000,0
117066000,0
117068000,0
117070000,0
117072000,0
117074000,0
117076000,0
117078000,0
117080000,0
117082001,0
117084001,0
117086001,0
117088001,0
117090000,0
117092000,0
117094000,0
117096000,0
117098000,0
117100000,0
117102000,0
117104000,0
117106000,0
117108000,0
117110000,0
117112000,0
117114000,0
117116001,0
117118001,0
117120000,0
117122000,0
117124000,0
117126001,0
117128000,0
117130000,0
117132001,0
117134000,0
117136001,0
117138000,0
117140000,0
117142000,0
117144001,0
117146000,0
117148001,0
117150001,0
117152000,0
117154001,0
117156000,0
117158000,0
117160000,0
117162000,0
117164001,0
117166001,0
117168001,0
117170000,0
117172000,0
117174000,0
117176000,0
117178000,0
117180000,0
117182000,0
117184001,0
117186000,0
117188000,0
117190001,0
117192000,0
117194001,0
117196000,0
117198000,0
117200000,0
117202000,0
117204000,0
117206000,0
117208000,0
117210000,0
117212000,0
117214000,0
117216001,0
117218000,0
117220000,0
117222000,0
117224000,0
117226001,0
117228000,0
117230001,0
117232000,0
117234000,0
117236000,0
117238000,0
117240000,0
117242000,0
117244001,0
117246000,0
117248000,0
117250001,0
117252001,0
117254001,0
117256000,0
117258000,0
117260000,0
117262000,0
117264000,0
117266000,0
117268000,0
117270000,0
117272000,0
117274000,0
117276001,0
117278000,0
117280001,0
117282000,0
117284001,0
117286000,0
117288001,0
117290001,0
117292001,0
117294000,0
117296000,0
117298001,0
117300000,0
117302000,0
117304000,0
117306000,0
117308000,0
117310000,0
117312001,0
117314001,0
117316000,0
117318001,0
117320000,0
117322001,0
117324001,0
117326000,0
117328001,0
117330001,0
117332001,0
117334001,0
117336000,0
117338001,0
117340000,0
117342000,0
117344001,0
117346000,0
117348000,0
117350000,0
117352000,0
117354000,0
117356000,0
117358000,0
117360000,0
117362000,0
117364000,0
117366000,0
117368001,0
117370000,0
117372000,0
117374000,0
117376001,0
117378000,0
117380000,0
117382000,0
117384000,0
117386000,0
117388000,0
117390000,0
117392000,0
117394001,0
117396000,0
117398000,0
117400000,0
117402000,0
117404000,0
117406000,0
117408000,0
117410000,0
117412000,0
117414000,0
117416000,0
117418000,0
117420000,0
117422000,0
117424000,0
117426000,0
117428000,0
117430000,0
117432000,0
117434000,0
117436001,0
117438000,0
117440001,0
117442000,0
117444000,0
117446000,0
117448000,0
117450000,0
117452000,0
117454000,0
117456000,0
117458000,0
117460000,0
117462000,0
117464000,0
117466000,0
117468000,0
117470000,0
117472001,0
117474001,0
117476001,0
117478001,0
117480000,0
117482001,0
117484000,0
117486000,0
117488000,0
117490000,0
117492000,0
117494000,0
117496000,0
117498000,0
117500000,0
117502000,0
117504000,0
117506000,0
117508000,0
117510001,0
117512001,0
117514001,0
117516001,0
117518001,0
117520000,0
117522001,0
117524001,0
117526000,0
117528001,0
117530000,0
117532000,0
117534000,0
117536001,0
117538000,0
117540000,0
117542000,0
117544000,0
117546000,0
117548000,0
117550001,0
117552001,0
117554000,0
117556000,0
117558000,0
117560000,0
117562000,0
117564000,0
117566000,0
117568000,0
117570000,0
117572000,0
117574000,0
117576000,0
117578000,0
117580000,0
117582000,0
117584000,0
117586001,0
117588000,0
117590000,0
117592000,0
117594000,0
117596000,0
117598001,0
117600001,0
117602001,0
117604000,0
117606000,0
117608000,0
117610001,0
117612001,0
117614001,0
117616000,0
117618001,0
117620000,0
117622000,0
117624000,0
117626001,0
117628001,0
117630000,0
117632000,0
117634001,0
117636001,0
117638000,0
117640000,0
117642000,0
117644000,0
117646000,0
117648001,0
117650000,0
117652000,0
117654000,0
117656001,0
117658001,0
117660001,0
117662000,0
117664000,0
117666001,0
117668001,0
117670001,0
117672001,0
117674001,0
117676001,0
117678001,0
117680000,0
117682000,0
117684001,0
117686000,0
117688001,0
117690001,0
117692000,0
117694000,0
117696000,0
117698000,0
117700000,0
117702000,0
117704000,0
117706000,0
117708001,0
117710000,0
117712000,0
117714001,0
117716000,0
117718000,0
117720000,0
117722000,0
117724000,0
117726000,0
117728000,0
117730001,0
117732000,0
117734000,0
117736000,0
117738000,0
117740001,0
117742001,0
117744001,0
117746001,0
117748000,0
117750001,0
117752001,0
117754001,0
117756000,0
117758000,0
117760000,0
117762000,0
117764001,0
117766001,0
117768000,0
117770000,0
117772000,0
117774000,0
117776000,0
117778000,0
117780001,0
117782000,0
117784001,0
117786001,0
117788000,0
117790001,0
117792001,0
117794000,0
117796001,0
117798001,0
117800000,0
117802000,0
117804000,0
117806000,0
117808001,0
117810000,0
117812000,0
117814000,0
117816000,0
117818000,0
117820000,0
117822000,0
117824000,0
117826000,0
117828001,0
117830001,0
117832000,0
117834000,0
117836000,0
117838000,0
117840000,0
117842000,0
117844000,0
117846000,0
117848000,0
117850000,0
117852000,0
117854000,0
117856000,0
117858001,0
117860001,0
117862000,0
117864000,0
117866000,0
117868000,0
117870000,0
117872000,0
117874000,0
117876000,0
117878000,0
117880000,0
117882000,0
117884000,0
117886000,0
117888000,0
117890000,0
117892000,0
117894001,0
117896001,0
117898000,0
117900000,0
117902000,0
117904000,0
117906001,0
117908000,0
117910000,0
117912000,0
117914000,0
117916001,0
117918000,0
117920000,0
117922001,0
117924001,0
117926000,0
117928000,0
117930001,0
117932000,0
117934001,0
117936000,0
117938000,0
117940000,0
117942000,0
117944000,0
117946001,0
117948001,0
117950001,0
117952000,0
117954000,0
117956000,0
117958000,0
117960000,0
117962000,0
117964001,0
117966000,0
117968000,0
117970000,0
117972000,0
117974001,0
117976000,0
117978001,0
117980001,0
117982000,0
117984000,0
117986000,0
117988000,0
117990000,0
117992001,0
117994000,0
117996000,0
117998000,0
118000000,0
118002000,0
118004000,0
118006000,0
118008000,0
118010000,0
118012000,0
118014000,0
118016000,0
118018000,0
118020000,0
118022000,0
118024001,0
118026001,0
118028000,0
118030001,0
118032001,0
118034000,0
118036000,0
118038000,0
118040000,0
118042000,0
118044000,0
118046000,0
118048000,0
118050001,0
118052001,0
118054001,0
118056001,0
118058001,0
118060000,0
118062001,0
118064000,0
118066001,0
118068000,0
118070000,0
118072000,0
118074000,0
118076000,0
118078000,0
118080000,0
118082000,0
118084000,0
118086000,0
118088000,0
118090000,0
118092000,0
118094000,0
118096000,0
118098000,0
118100000,0
118102000,0
118104000,0
118106000,0
118108000,0
118110000,0
118112000,0
118114000,0
118116000,0
118118000,0
118120000,0
118122000,0
118124000,0
118126000,0
118128000,0
118130001,0
118132001,0
118134001,0
118136000,0
118138000,0
118140001,0
118142001,0
118144001,0
118146000,0
118148000,0
118150000,0
118152000,0
118154000,0
118156000,0
118158000,0
118160000,0
118162000,0
118164000,0
118166000,0
118168000,0
118170001,0
118172000,0
118174000,0
118176001,0
118178001,0
118180001,0
118182000,0
118184000,0
118186001,0
118188000,0
118190000,0
118192001,0
118194001,0
118196000,0
118198000,0
118200000,0
118202000,0
118204000,0
118206000,0
118208000,0
118210000,0
118212000,0
118214000,0
118216001,0
118218000,0
118220000,0
118222000,0
118224001,0
118226001,0
118228000,0
118230000,0
118232001,0
118234000,0
118236000,0
118238000,0
118240001,0
118242000,0
118244000,0
118246000,0
118248000,0
118250000,0
118252001,0
118254000,0
118256000,0
118258001,0
118260001,0
118262000,0
118264000,0
118266001,0
118268001,0
118270001,0
118272000,0
118274000,0
118276000,0
118278000,0
118280000,0
118282000,0
118284000,0
118286000,0
118288000,0
118290000,0
118292000,0
118294000,0
118296000,0
118298000,0
118300000,0
118302000,0
118304000,0
118306001,0
118308000,0
118310000,0
118312001,0
118314000,0
118316000,0
118318000,0
118320000,0
118322000,0
118324000,0
118326000,0
118328000,0
118330000,0
118332000,0
118334000,0
118336000,0
118338000,0
118340000,0
118342000,0
118344000,0
118346000,0
118348000,0
118350000,0
118352000,0
118354000,0
118356000,0
118358000,0
118360000,0
118362000,0
118364000,0
118366000,0
118368000,0
118370000,0
118372000,0
118374000,0
118376000,0
118378001,0
118380000,0
118382000,0
118384000,0
118386000,0
118388000,0
118390001,0
118392000,0
118394000,0
118396001,0
118398000,0
118400000,0
118402001,0
118404000,0
118406001,0
118408000,0
118410000,0
118412000,0
118414000,0
118416000,0
118418000,0
118420000,0
118422000,0
118424000,0
118426000,0
118428000,0
118430000,0
118432000,0
118434000,0
118436001,0
118438000,0
118440000,0
118442001,0
118444000,0
118446001,0
118448001,0
118450000,0
118452001,0
118454000,0
118456001,0
118458001,0
118460000,0
118462001,0
118464001,0
118466001,0
118468000,0
118470000,0
118472001,0
118474001,0
118476001,0
118478000,0
118480000,0
118482000,0
118484000,0
118486000,0
118488000,0
118490000,0
118492000,0
118494000,0
118496000,0
118498001,0
118500001,0
118502000,0
118504000,0
118506000,0
118508001,0
118510000,0
118512001,0
118514001,0
118516000,0
118518000,0
118520001,0
118522000,0
118524000,0
118526000,0
118528000,0
118530000,0
118532000,0
118534000,0
118536000,0
118538001,0
118540000,0
118542001,0
118544000,0
118546001,0
118548001,0
118550001,0
118552001,0
118554000,0
118556000,0
118558000,0
118560000,0
118562000,0
118564000,0
118566000,0
118568000,0
118570000,0
118572000,0
118574000,0
118576001,0
118578000,0
118580000,0
118582001,0
118584000,0
118586000,0
118588000,0
118590000,0
118592000,0
118594000,0
118596000,0
118598000,0
118600000,0
118602000,0
118604000,0
118606000,0
118608000,0
118610000,0
118612001,0
118614000,0
118616000,0
118618000,0
118620001,0
118622001,0
118624000,0
118626000,0
118628000,0
118630000,0
118632000,0
118634000,0
118636001,0
118638001,0
118640000,0
118642000,0
118644000,0
118646000,0
118648000,0
118650000,0
118652000,0
118654000,0
118656001,0
118658001,0
118660000,0
118662000,0
118664000,0
118666000,0
118668001,0
118670001,0
118672001,0
118674001,0
118676000,0
118678000,0
118680000,0
118682000,0
118684000,0
118686001,0
118688000,0
118690001,0
118692000,0
118694001,0
118696001,0
118698000,0
118700000,0
118702000,0
118704001,0
118706000,0
118708000,0
118710000,0
118712000,0
118714000,0
118716000,0
118718001,0
118720000,0
118722000,0
118724000,0
118726000,0
118728000,0
118730000,0
118732000,0
118734000,0
118736000,0
118738000,0
118740000,0
118742000,0
118744001,0
118746001,0
118748000,0
118750000,0
118752000,0
118754000,0
118756000,0
118758000,0
118760000,0
118762000,0
118764000,0
118766000,0
118768001,0
118770001,0
118772001,0
118774000,0
118776001,0
118778000,0
118780001,0
118782001,0
118784000,0
118786000,0
118788000,0
118790000,0
118792001,0
118794001,0
118796001,0
118798000,0
118800000,0
118802000,0
118804000,0
118806001,0
118808000,0
118810001,0
118812001,0
118814000,0
118816000,0
118818001,0
118820000,0
118822001,0
118824000,0
118826001,0
118828001,0
118830001,0
118832001,0
118834000,0
118836000,0
118838000,0
118840000,0
118842001,0
118844000,0
118846001,0
118848000,0
118850001,0
118852001,0
118854001,0
118856000,0
118858000,0
118860001,0
118862001,0
118864000,0
118866000,0
118868001,0
118870000,0
118872000,0
118874001,0
118876000,0
118878001,0
118880001,0
118882001,0
118884001,0
118886001,0
118888000,0
118890001,0
118892001,0
118894001,0
118896001,0
118898001,0
118900000,0
118902000,0
118904000,0
118906000,0
118908000,0
118910000,0
118912000,0
118914000,0
118916000,0
118918000,0
118920000,0
118922000,0
118924000,0
118926000,0
118928000,0
118930000,0
118932000,0
118934000,0
118936000,0
118938000,0
118940000,0
118942000,0
118944000,0
118946000,0
118948000,0
118950000,0
118952001,0
118954001,0
118956001,0
118958000,0
118960000,0
118962000,0
118964000,0
118966000,0
118968001,0
118970000,0
118972001,0
118974000,0
118976001,0
118978000,0
118980000,0
118982000,0
118984000,0
118986000,0
118988000,0
118990000,0
118992000,0
118994000,0
118996000,0
118998000,0
119000000,0
119002000,0
119004000,0
119006000,0
119008000,0
119010000,0
119012000,0
119014001,0
119016000,0
119018000,0
119020000,0
119022000,0
119024000,0
119026000,0
119028001,0
119030001,0
119032000,0
119034001,0
119036000,0
119038001,0
119040001,0
119042001,0
119044000,0
119046000,0
119048000,0
119050000,0
119052000,0
119054000,0
119056000,0
119058000,0
119060000,0
119062000,0
119064001,0
119066000,0
119068000,0
119070000,0
119072000,0
119074000,0
119076000,0
119078000,0
119080000,0
119082001,0
119084000,0
119086000,0
119088000,0
119090000,0
119092000,0
119094000,0
119096000,0
119098000,0
119100000,0
119102000,0
119104000,0
119106000,0
119108000,0
119110000,0
119112000,0
119114000,0
119116000,0
119118001,0
119120000,0
119122000,0
119124001,0
119126000,0
119128000,0
119130000,0
119132000,0
119134001,0
119136000,0
119138000,0
119140000,0
119142000,0
119144000,0
119146000,0
119148000,0
119150000,0
119152000,0
119154000,0
119156000,0
119158001,0
119160000,0
119162000,0
119164000,0
119166000,0
119168000,0
119170000,0
119172000,0
119174001,0
119176001,0
119178000,0
119180001,0
119182000,0
119184000,0
119186000,0
119188001,0
119190000,0
119192000,0
119194000,0
119196000,0
119198001,0
119200000,0
119202000,0
119204000,0
119206001,0
119208001,0
119210000,0
119212001,0
119214001,0
119216001,0
119218000,0
119220000,0
119222001,0
119224001,0
119226000,0
119228001,0
119230001,0
119232001,0
119234000,0
119236000,0
119238000,0
119240001,0
119242000,0
119244000,0
119246001,0
119248000,0
119250001,0
119252000,0
119254000,0
119256000,0
119258000,0
119260000,0
119262000,0
119264000,0
119266000,0
119268000,0
119270000,0
119272000,0
119274000,0
119276000,0
119278001,0
119280001,0
119282001,0
119284000,0
119286000,0
119288000,0
119290000,0
119292000,0
119294000,0
119296000,0
119298000,0
119300001,0
119302000,0
119304000,0
119306000,0
119308000,0
119310001,0
119312001,0
119314000,0
119316000,0
119318000,0
119320000,0
119322000,0
119324000,0
119326000,0
119328000,0
119330000,0
119332000,0
119334000,0
119336000,0
119338000,0
119340000,0
119342000,0
119344000,0
119346000,0
119348000,0
119350000,0
119352000,0
119354000,0
119356000,0
119358000,0
119360000,0
119362000,0
119364001,0
119366001,0
119368000,0
119370001,0
119372001,0
119374001,0
119376000,0
119378000,0
119380000,0
119382000,0
119384000,0
119386000,0
119388001,0
119390000,0
119392001,0
119394000,0
119396000,0
119398000,0
119400001,0
119402000,0
119404001,0
119406001,0
119408001,0
119410000,0
119412000,0
119414000,0
119416000,0
119418000,0
119420000,0
119422000,0
119424000,0
119426000,0
119428000,0
119430001,0
119432001,0
119434001,0
119436000,0
119438000,0
119440000,0
119442000,0
119444000,0
119446000,0
119448000,0
119450000,0
119452000,0
119454000,0
119456000,0
119458000,0
119460000,0
119462000,0
119464001,0
119466000,0
119468000,0
119470001,0
119472000,0
119474001,0
119476001,0
119478000,0
119480001,0
119482000,0
119484001,0
119486001,0
119488000,0
119490000,0
119492001,0
119494001,0
119496000,0
119498001,0
119500001,0
119502000,0
119504001,0
119506001,0
119508001,0
119510000,0
119512000,0
119514000,0
119516000,0
119518000,0
119520000,0
119522000,0
119524001,0
119526000,0
119528000,0
119530000,0
119532001,0
119534000,0
119536001,0
119538000,0
119540000,0
119542001,0
119544001,0
119546001,0
119548000,0
119550000,0
119552001,0
119554000,0
119556001,0
119558000,0
119560000,0
119562000,0
119564000,0
119566000,0
119568000,0
119570000,0
119572000,0
119574001,0
119576001,0
119578000,0
119580001,0
119582000,0
119584001,0
119586001,0
119588001,0
119590000,0
119592000,0
119594001,0
119596000,0
119598000,0
119600000,0
119602000,0
119604001,0
119606000,0
119608001,0
119610000,0
119612000,0
119614000,0
119616001,0
119618001,0
119620000,0
119622000,0
119624001,0
119626000,0
119628001,0
119630000,0
119632000,0
119634001,0
119636000,0
119638000,0
119640000,0
119642000,0
119644000,0
119646000,0
119648000,0
119650000,0
119652000,0
119654000,0
119656000,0
119658000,0
119660000,0
119662000,0
119664000,0
119666000,0
119668000,0
119670000,0
119672000,0
119674000,0
119676000,0
119678001,0
119680001,0
119682000,0
119684000,0
119686000,0
119688000,0
119690001,0
119692000,0
119694000,0
119696000,0
119698000,0
119700000,0
119702000,0
119704000,0
119706000,0
119708000,0
119710000,0
119712000,0
119714000,0
119716000,0
119718000,0
119720000,0
119722000,0
119724000,0
119726000,0
119728000,0
119730000,0
119732000,0
119734000,0
119736000,0
119738000,0
119740000,0
119742001,0
119744000,0
119746001,0
119748001,0
119750000,0
119752001,0
119754001,0
119756000,0
119758000,0
119760000,0
119762000,0
119764000,0
119766000,0
119768000,0
119770000,0
119772001,0
119774000,0
119776000,0
119778000,0
119780000,0
119782000,0
119784001,0
119786001,0
119788000,0
119790000,0
119792001,0
119794001,0
119796000,0
119798001,0
119800000,0
119802000,0
119804000,0
119806000,0
119808000,0
119810000,0
119812000,0
119814000,0
119816000,0
119818000,0
119820001,0
119822000,0
119824000,0
119826000,0
119828000,0
119830000,0
119832000,0
119834000,0
119836000,0
119838001,0
119840001,0
119842000,0
119844001,0
119846000,0
119848000,0
119850001,0
119852000,0
119854001,0
119856000,0
119858001,0
119860000,0
119862000,0
119864000,0
119866000,0
119868000,0
119870000,0
119872000,0
119874000,0
119876001,0
119878000,0
119880000,0
119882000,0
119884000,0
119886000,0
119888000,0
119890000,0
119892000,0
119894000,0
119896001,0
119898000,0
119900001,0
119902000,0
119904000,0
119906000,0
119908000,0
119910000,0
119912000,0
119914001,0
119916001,0
119918000,0
119920000,0
119922000,0
119924000,0
119926000,0
119928000,0
119930000,0
119932001,0
119934000,0
119936001,0
119938001,0
119940000,0
119942001,0
119944000,0
119946000,0
119948001,0
119950000,0
119952000,0
119954001,0
119956001,0
119958001,0
119960000,0
119962001,0
119964001,0
119966001,0
119968000,0
119970000,0
119972000,0
119974000,0
119976001,0
119978001,0
119980000,0
119982001,0
119984000,0
119986000,0
119988000,0
119990000,0
119992000,0
119994000,0
119996001,0
119998000,0
120000000,0
120002000,0
120004000,0
120006000,0
120008001,0
120010000,0
120012001,0
120014001,0
120016000,0
120018001,0
120020000,0
120022001,0
120024001,0
120026000,0
120028000,0
120030000,0
120032000,0
120034000,0
120036000,0
120038000,0
120040000,0
120042000,0
120044000,0
120046000,0
120048000,0
120050000,0
120052001,0
120054000,0
120056001,0
120058001,0
120060000,0
120062000,0
120064000,0
120066000,0
120068000,0
120070000,0
120072000,0
120074000,0
120076000,0
120078000,0
120080000,0
120082000,0
120084000,0
120086000,0
120088000,0
120090001,0
120092000,0
120094001,0
120096000,0
120098000,0
120100001,0
120102000,0
120104000,0
120106000,0
120108000,0
120110001,0
120112001,0
120114001,0
120116000,0
120118000,0
120120000,0
120122000,0
120124001,0
120126000,0
120128000,0
120130000,0
120132000,0
120134001,0
120136000,0
120138000,0
120140000,0
120142000,0
120144001,0
120146001,0
120148001,0
120150000,0
120152000,0
120154000,0
120156000,0
120158000,0
120160000,0
120162000,0
120164000,0
120166001,0
120168000,0
120170001,0
120172001,0
120174000,0
120176000,0
120178000,0
120180000,0
120182000,0
120184000,0
120186000,0
120188000,0
120190000,0
120192000,0
120194000,0
120196001,0
120198001,0
120200000,0
120202000,0
120204001,0
120206000,0
120208000,0
120210000,0
120212000,0
120214000,0
120216000,0
120218000,0
120220000,0
120222000,0
120224000,0
120226000,0
120228000,0
120230000,0
120232000,0
120234001,0
120236001,0
120238000,0
120240001,0
120242000,0
120244000,0
120246000,0
120248001,0
120250000,0
120252001,0
120254001,0
120256000,0
120258000,0
120260000,0
120262000,0
120264001,0
120266001,0
120268000,0
120270001,0
120272000,0
120274000,0
120276000,0
120278000,0
120280000,0
120282000,0
120284001,0
120286000,0
120288001,0
120290000,0
120292000,0
120294000,0
120296000,0
120298001,0
120300000,0
120302000,0
120304001,0
120306000,0
120308000,0
120310001,0
120312000,0
120314001,0
120316000,0
120318001,0
120320001,0
120322000,0
120324001,0
120326001,0
120328001,0
120330000,0
120332001,0
120334001,0
120336000,0
120338000,0
120340001,0
120342000,0
120344000,0
120346000,0
120348000,0
120350000,0
120352000,0
120354001,0
120356001,0
120358000,0
120360001,0
120362001,0
120364000,0
120366001,0
120368000,0
120370001,0
120372000,0
120374000,0
120376001,0
120378001,0
120380000,0
120382000,0
120384001,0
120386001,0
120388000,0
120390000,0
120392000,0
120394000,0
120396000,0
120398001,0
120400001,0
120402001,0
120404001,0
120406000,0
120408000,0
120410000,0
120412000,0
120414000,0
120416000,0
120418000,0
120420000,0
120422000,0
120424001,0
120426000,0
120428000,0
120430000,0
120432000,0
120434000,0
120436000,0
120438000,0
120440000,0
120442000,0
120444001,0
120446001,0
120448000,0
120450000,0
120452000,0
120454000,0
120456000,0
120458000,0
120460000,0
120462000,0
120464000,0
120466000,0
120468000,0
120470000,0
120472001,0
120474000,0
120476001,0
120478000,0
120480000,0
120482000,0
120484001,0
120486000,0
120488000,0
120490000,0
120492000,0
120494001,0
120496000,0
120498000,0
120500000,0
120502000,0
120504000,0
120506000,0
120508000,0
120510000,0
120512000,0
120514000,0
120516000,0
120518000,0
120520000,0
120522000,0
120524000,0
120526000,0
120528000,0
120530000,0
120532000,0
120534001,0
120536001,0
120538001,0
120540001,0
120542001,0
120544000,0
120546000,0
120548001,0
120550000,0
120552001,0
120554001,0
120556000,0
120558000,0
120560000,0
120562001,0
120564001,0
120566000,0
120568000,0
120570000,0
120572000,0
120574000,0
120576001,0
120578000,0
120580001,0
120582001,0
120584000,0
120586001,0
120588001,0
120590000,0
120592001,0
120594001,0
120596001,0
120598000,0
120600000,0
120602000,0
120604000,0
120606001,0
120608000,0
120610001,0
120612000,0
120614000,0
120616000,0
120618000,0
120620001,0
120622000,0
120624000,0
120626001,0
120628001,0
120630000,0
120632001,0
120634001,0
120636000,0
120638000,0
120640000,0
120642000,0
120644000,0
120646001,0
120648000,0
120650001,0
120652000,0
120654000,0
120656001,0
120658000,0
120660000,0
120662001,0
120664001,0
120666000,0
120668000,0
120670000,0
120672001,0
120674001,0
120676000,0
120678000,0
120680000,0
120682001,0
120684001,0
120686001,0
120688000,0
120690000,0
120692000,0
120694000,0
120696000,0
120698000,0
120700000,0
120702000,0
120704000,0
120706000,0
120708000,0
120710000,0
120712000,0
120714000,0
120716000,0
120718000,0
120720000,0
120722000,0
120724001,0
120726000,0
120728001,0
120730000,0
120732000,0
120734001,0
120736001,0
120738000,0
120740000,0
120742000,0
120744000,0
120746000,0
120748000,0
120750000,0
120752000,0
120754001,0
120756000,0
120758000,0
120760001,0
120762000,0
120764000,0
120766000,0
120768001,0
120770000,0
120772000,0
120774000,0
120776000,0
120778000,0
120780000,0
120782000,0
120784000,0
120786000,0
120788000,0
120790000,0
120792000,0
120794000,0
120796000,0
120798000,0
120800000,0
120802000,0
120804000,0
120806000,0
120808000,0
120810000,0
120812000,0
120814000,0
120816000,0
120818000,0
120820000,0
120822000,0
120824000,0
120826000,0
120828000,0
120830000,0
120832000,0
120834000,0
120836000,0
120838000,0
120840000,0
120842000,0
120844000,0
120846000,0
120848000,0
120850000,0
120852000,0
120854000,0
120856000,0
120858000,0
120860000,0
120862000,0
120864000,0
120866000,0
120868001,0
120870000,0
120872000,0
120874000,0
120876000,0
120878000,0
120880000,0
120882000,0
120884000,0
120886000,0
120888000,0
120890001,0
120892000,0
120894000,0
120896000,0
120898000,0
120900000,0
120902000,0
120904000,0
120906000,0
120908000,0
120910000,0
120912000,0
120914000,0
120916000,0
120918001,0
120920000,0
120922000,0
120924001,0
120926000,0
120928001,0
120930000,0
120932000,0
120934001,0
120936000,0
120938000,0
120940000,0
120942000,0
120944000,0
120946000,0
120948000,0
120950000,0
120952000,0
120954000,0
120956000,0
120958000,0
120960000,0
120962000,0
120964000,0
120966000,0
120968000,0
120970000,0
120972000,0
120974000,0
120976000,0
120978000,0
120980000,0
120982000,0
120984000,0
120986000,0
120988000,0
120990000,0
120992000,0
120994000,0
120996000,0
120998000,0
121000000,0
121002000,0
121004000,0
121006000,0
121008000,0
121010000,0
121012000,0
121014000,0
121016000,0
121018000,0
121020000,0
121022000,0
121024001,0
121026000,0
121028001,0
121030000,0
121032000,0
121034000,0
121036000,0
121038000,0
121040000,0
121042000,0
121044000,0
121046000,0
121048001,0
121050000,0
121052000,0
121054001,0
121056000,0
121058000,0
121060000,0
121062000,0
121064000,0
121066000,0
121068000,0
121070000,0
121072000,0
121074000,0
121076000,0
121078001,0
121080001,0
121082000,0
121084001,0
121086000,0
121088000,0
121090000,0
121092000,0
121094001,0
121096001,0
121098000,0
121100000,0
121102001,0
121104000,0
121106000,0
121108000,0
121110001,0
121112001,0
121114000,0
121116000,0
121118001,0
121120000,0
121122000,0
121124000,0
121126001,0
121128000,0
121130000,0
121132000,0
121134000,0
121136000,0
121138000,0
121140001,0
121142000,0
121144000,0
121146001,0
121148000,0
121150000,0
121152000,0
121154000,0
121156000,0
121158000,0
121160000,0
121162001,0
121164000,0
121166000,0
121168000,0
121170001,0
121172000,0
121174001,0
121176000,0
121178000,0
121180000,0
121182000,0
121184000,0
121186000,0
121188001,0
121190001,0
121192000,0
121194000,0
121196000,0
121198001,0
121200000,0
121202001,0
121204001,0
121206000,0
121208001,0
121210000,0
121212001,0
121214000,0
121216000,0
121218000,0
121220000,0
121222000,0
121224000,0
121226001,0
121228001,0
121230001,0
121232000,0
121234000,0
121236000,0
121238000,0
121240000,0
121242001,0
121244000,0
121246000,0
121248001,0
121250000,0
121252000,0
121254000,0
121256000,0
121258000,0
121260000,0
121262000,0
121264000,0
121266000,0
121268000,0
121270000,0
121272001,0
121274000,0
121276001,0
121278000,0
121280000,0
121282000,0
121284000,0
121286000,0
121288000,0
121290000,0
121292000,0
121294000,0
121296000,0
121298000,0
121300000,0
121302000,0
121304000,0
121306000,0
121308000,0
121310000,0
121312000,0
121314001,0
121316001,0
121318000,0
121320001,0
121322001,0
121324001,0
121326001,0
121328000,0
121330001,0
121332001,0
121334001,0
121336000,0
121338000,0
121340000,0
121342000,0
121344000,0
121346000,0
121348000,0
121350000,0
121352000,0
121354000,0
121356000,0
121358000,0
121360000,0
121362000,0
121364000,0
121366000,0
121368000,0
121370000,0
121372001,0
121374000,0
121376001,0
121378000,0
121380001,0
121382000,0
121384000,0
121386001,0
121388001,0
121390000,0
121392000,0
121394000,0
121396000,0
121398000,0
121400000,0
121402000,0
121404000,0
121406000,0
121408000,0
121410000,0
121412000,0
121414000,0
121416000,0
121418000,0
121420000,0
121422001,0
121424000,0
121426000,0
121428000,0
121430000,0
121432000,0
121434001,0
121436000,0
121438000,0
121440000,0
121442001,0
121444001,0
121446001,0
121448000,0
121450001,0
121452001,0
121454001,0
121456000,0
121458001,0
121460000,0
121462000,0
121464001,0
121466001,0
121468001,0
121470001,0
121472001,0
121474000,0
121476001,0
121478001,0
121480000,0
121482000,0
121484000,0
121486000,0
121488001,0
121490000,0
121492001,0
121494000,0
121496000,0
121498000,0
121500001,0
121502000,0
121504000,0
121506000,0
121508000,0
121510000,0
121512001,0
121514000,0
121516000,0
121518000,0
121520000,0
121522001,0
121524001,0
121526001,0
121528001,0
121530000,0
121532000,0
121534001,0
121536000,0
121538000,0
121540001,0
121542001,0
121544000,0
121546001,0
121548001,0
121550001,0
121552000,0
121554001,0
121556001,0
121558000,0
121560000,0
121562000,0
121564000,0
121566000,0
121568000,0
121570000,0
121572000,0
121574000,0
121576001,0
121578000,0
121580001,0
121582001,0
121584000,0
121586000,0
121588000,0
121590000,0
121592000,0
121594000,0
121596000,0
121598000,0
121600001,0
121602001,0
121604001,0
121606001,0
121608000,0
121610000,0
121612000,0
121614000,0
121616000,0
121618000,0
121620000,0
121622000,0
121624000,0
121626001,0
121628001,0
121630000,0
121632000,0
121634000,0
121636001,0
121638001,0
121640000,0
121642001,0
121644001,0
121646001,0
121648000,0
121650000,0
121652000,0
121654000,0
121656000,0
121658000,0
121660000,0
121662000,0
121664000,0
121666001,0
121668001,0
121670000,0
121672001,0
121674001,0
121676000,0
121678000,0
121680000,0
121682000,0
121684000,0
121686001,0
121688000,0
121690000,0
121692000,0
121694001,0
121696001,0
121698001,0
121700001,0
121702001,0
121704001,0
121706000,0
121708001,0
121710000,0
121712000,0
121714000,0
121716000,0
121718000,0
121720000,0
121722000,0
121724000,0
121726000,0
121728000,0
121730000,0
121732001,0
121734001,0
121736000,0
121738000,0
121740000,0
121742000,0
121744001,0
121746001,0
121748000,0
121750000,0
121752000,0
121754000,0
121756000,0
121758000,0
121760000,0
121762000,0
121764000,0
121766000,0
121768000,0
121770001,0
121772001,0
121774001,0
121776000,0
121778001,0
121780000,0
121782000,0
121784000,0
121786000,0
121788000,0
121790000,0
121792001,0
121794000,0
121796001,0
121798001,0
121800000,0
121802000,0
121804000,0
121806000,0
121808000,0
121810000,0
121812000,0
121814000,0
121816000,0
121818001,0
121820000,0
121822000,0
121824001,0
121826001,0
121828000,0
121830001,0
121832000,0
121834000,0
121836000,0
121838000,0
121840001,0
121842001,0
121844000,0
121846000,0
121848000,0
121850001,0
121852000,0
121854000,0
121856000,0
121858001,0
121860001,0
121862001,0
121864000,0
121866001,0
121868000,0
121870001,0
121872000,0
121874000,0
121876001,0
121878000,0
121880000,0
121882000,0
121884000,0
121886000,0
121888000,0
121890000,0
121892000,0
121894001,0
121896000,0
121898000,0
121900000,0
121902000,0
121904000,0
121906000,0
121908001,0
121910001,0
121912000,0
121914000,0
121916001,0
121918000,0
121920000,0
121922001,0
121924001,0
121926000,0
121928001,0
121930001,0
121932000,0
121934000,0
121936000,0
121938000,0
121940000,0
121942000,0
121944000,0
121946000,0
121948000,0
121950000,0
121952000,0
121954001,0
121956001,0
121958000,0
121960000,0
121962000,0
121964000,0
121966000,0
121968001,0
121970000,0
121972000,0
121974000,0
121976000,0
121978000,0
121980000,0
121982000,0
121984001,0
121986001,0
121988000,0
121990000,0
121992001,0
121994000,0
121996000,0
121998000,0
122000000,0
122002000,0
122004000,0
122006000,0
122008001,0
122010000,0
122012001,0
122014000,0
122016000,0
122018000,0
122020000,0
122022000,0
122024000,0
122026000,0
122028000,0
122030000,0
122032000,0
122034000,0
122036000,0
122038001,0
122040001,0
122042000,0
122044000,0
122046000,0
122048000,0
122050000,0
122052000,0
122054000,0
122056000,0
122058000,0
122060001,0
122062001,0
122064000,0
122066001,0
122068000,0
122070000,0
122072000,0
122074000,0
122076000,0
122078000,0
122080000,0
122082000,0
122084000,0
122086000,0
122088001,0
122090000,0
122092000,0
122094000,0
122096000,0
122098000,0
122100000,0
122102000,0
122104001,0
122106001,0
122108000,0
122110000,0
122112000,0
122114000,0
122116000,0
122118000,0
122120000,0
122122000,0
122124001,0
122126001,0
122128000,0
122130001,0
122132000,0
122134001,0
122136000,0
122138000,0
122140000,0
122142000,0
122144000,0
122146000,0
122148000,0
122150000,0
122152000,0
122154000,0
122156000,0
122158001,0
122160000,0
122162000,0
122164000,0
122166000,0
122168000,0
122170000,0
122172000,0
122174000,0
122176000,0
122178000,0
122180000,0
122182000,0
122184000,0
122186000,0
122188000,0
122190000,0
122192000,0
122194000,0
122196000,0
122198000,0
122200000,0
122202000,0
122204000,0
122206000,0
122208001,0
122210001,0
122212000,0
122214001,0
122216000,0
122218000,0
122220000,0
122222000,0
122224000,0
122226000,0
122228001,0
122230000,0
122232001,0
122234000,0
122236000,0
122238001,0
122240000,0
122242000,0
122244001,0
122246001,0
122248000,0
122250000,0
122252000,0
122254000,0
122256000,0
122258000,0
122260000,0
122262000,0
122264000,0
122266001,0
122268000,0
122270000,0
122272000,0
122274000,0
122276000,0
122278000,0
122280000,0
122282000,0
122284001,0
122286000,0
122288001,0
122290000,0
122292001,0
122294001,0
122296000,0
122298001,0
122300000,0
122302001,0
122304000,0
122306001,0
122308001,0
122310000,0
122312000,0
122314000,0
122316001,0
122318000,0
122320000,0
122322000,0
122324000,0
122326000,0
122328000,0
122330000,0
122332000,0
122334000,0
122336000,0
122338000,0
122340001,0
122342001,0
122344000,0
122346001,0
122348000,0
122350000,0
122352000,0
122354000,0
122356000,0
122358000,0
122360001,0
122362000,0
122364001,0
122366000,0
122368000,0
122370000,0
122372000,0
122374000,0
122376000,0
122378000,0
122380000,0
122382001,0
122384001,0
122386001,0
122388001,0
122390001,0
122392000,0
122394000,0
122396000,0
122398001,0
122400001,0
122402000,0
122404000,0
122406000,0
122408001,0
122410000,0
122412000,0
122414000,0
122416000,0
122418000,0
122420000,0
122422000,0
122424000,0
122426000,0
122428001,0
122430001,0
122432000,0
122434001,0
122436000,0
122438000,0
122440000,0
122442000,0
122444000,0
122446000,0
122448000,0
122450000,0
122452001,0
122454000,0
122456001,0
122458000,0
122460001,0
122462000,0
122464001,0
122466000,0
122468000,0
122470001,0
122472000,0
122474000,0
122476000,0
122478001,0
122480000,0
122482001,0
122484000,0
122486000,0
122488001,0
122490000,0
122492001,0
122494000,0
122496001,0
122498000,0
122500000,0
122502000,0
122504000,0
122506000,0
122508001,0
122510000,0
122512000,0
122514000,0
122516001,0
122518001,0
122520001,0
122522000,0
122524000,0
122526001,0
122528000,0
122530000,0
122532000,0
122534000,0
122536000,0
122538000,0
122540000,0
122542000,0
122544000,0
122546000,0
122548001,0
122550001,0
122552001,0
122554000,0
122556001,0
122558001,0
122560000,0
122562000,0
122564001,0
122566001,0
122568000,0
122570000,0
122572000,0
122574000,0
122576000,0
122578000,0
122580000,0
122582000,0
122584000,0
122586000,0
122588000,0
122590000,0
122592000,0
122594000,0
122596000,0
122598000,0
122600001,0
122602000,0
122604000,0
122606000,0
122608000,0
122610000,0
122612000,0
122614000,0
122616001,0
122618000,0
122620000,0
122622000,0
122624000,0
122626001,0
122628001,0
122630001,0
122632001,0
122634000,0
122636000,0
122638000,0
122640000,0
122642000,0
122644000,0
122646000,0
122648000,0
122650000,0
122652000,0
122654001,0
122656000,0
122658001,0
122660001,0
122662001,0
122664001,0
122666000,0
122668000,0
122670000,0
122672000,0
122674000,0
122676000,0
122678001,0
122680000,0
122682001,0
122684000,0
122686001,0
122688000,0
122690000,0
122692000,0
122694000,0
122696001,0
122698000,0
122700000,0
122702000,0
122704000,0
122706000,0
122708001,0
122710001,0
122712000,0
122714000,0
122716000,0
122718000,0
122720000,0
122722000,0
122724001,0
122726001,0
122728000,0
122730001,0
122732000,0
122734000,0
122736000,0
122738000,0
122740000,0
122742000,0
122744000,0
122746000,0
122748000,0
122750000,0
122752000,0
122754000,0
122756000,0
122758000,0
122760000,0
122762000,0
122764000,0
122766000,0
122768000,0
122770000,0
122772000,0
122774000,0
122776001,0
122778000,0
122780000,0
122782000,0
122784000,0
122786000,0
122788000,0
122790001,0
122792001,0
122794000,0
122796001,0
122798001,0
122800000,0
122802001,0
122804000,0
122806001,0
122808001,0
122810000,0
122812001,0
122814000,0
122816000,0
122818000,0
122820000,0
122822001,0
122824000,0
122826001,0
122828000,0
122830000,0
122832000,0
122834000,0
122836000,0
122838000,0
122840000,0
122842001,0
122844001,0
122846001,0
122848000,0
122850001,0
122852000,0
122854000,0
122856000,0
122858000,0
122860000,0
122862000,0
122864000,0
122866001,0
122868001,0
122870001,0
122872000,0
122874001,0
122876001,0
122878000,0
122880000,0
122882000,0
122884000,0
122886000,0
122888001,0
122890001,0
122892001,0
122894001,0
122896001,0
122898000,0
122900001,0
122902001,0
122904001,0
122906000,0
122908001,0
122910000,0
122912001,0
122914001,0
122916000,0
122918001,0
122920001,0
122922001,0
122924000,0
122926000,0
122928000,0
122930001,0
122932001,0
122934001,0
122936001,0
122938000,0
122940000,0
122942000,0
122944000,0
122946000,0
122948000,0
122950000,0
122952000,0
122954000,0
122956000,0
122958000,0
122960000,0
122962000,0
122964001,0
122966001,0
122968000,0
122970001,0
122972001,0
122974001,0
122976000,0
122978001,0
122980000,0
122982001,0
122984000,0
122986000,0
122988000,0
122990000,0
122992000,0
122994000,0
122996000,0
122998000,0
123000001,0
123002000,0
123004000,0
123006000,0
123008000,0
123010000,0
123012000,0
123014000,0
123016000,0
123018000,0
123020000,0
123022000,0
123024000,0
123026000,0
123028000,0
123030000,0
123032000,0
123034000,0
123036000,0
123038000,0
123040000,0
123042000,0
123044001,0
123046001,0
123048000,0
123050000,0
123052000,0
123054000,0
123056000,0
123058000,0
123060000,0
123062000,0
123064000,0
123066000,0
123068000,0
123070000,0
123072000,0
123074001,0
123076001,0
123078001,0
123080001,0
123082001,0
123084000,0
123086001,0
123088000,0
123090000,0
123092001,0
123094001,0
123096000,0
123098000,0
123100000,0
123102000,0
123104000,0
123106001,0
123108000,0
123110001,0
123112000,0
123114000,0
123116001,0
123118000,0
123120000,0
123122000,0
123124000,0
123126000,0
123128000,0
123130000,0
123132000,0
123134000,0
123136000,0
123138001,0
123140000,0
123142001,0
123144000,0
123146000,0
123148000,0
123150000,0
123152000,0
123154000,0
123156000,0
123158001,0
123160000,0
123162000,0
123164000,0
123166000,0
123168000,0
123170001,0
123172001,0
123174001,0
123176000,0
123178000,0
123180000,0
123182000,0
123184000,0
123186000,0
123188000,0
123190000,0
123192000,0
123194000,0
123196000,0
123198000,0
123200001,0
123202001,0
123204001,0
123206000,0
123208000,0
123210000,0
123212000,0
123214000,0
123216000,0
123218001,0
123220000,0
123222001,0
123224000,0
123226000,0
123228000,0
123230000,0
123232000,0
123234001,0
123236000,0
123238000,0
123240000,0
123242000,0
123244000,0
123246000,0
123248000,0
123250000,0
123252000,0
123254000,0
123256000,0
123258001,0
123260001,0
123262001,0
123264000,0
123266001,0
123268000,0
123270000,0
123272001,0
123274000,0
123276000,0
123278000,0
123280000,0
123282000,0
123284000,0
123286000,0
123288000,0
123290001,0
123292001,0
123294001,0
123296001,0
123298000,0
123300000,0
123302001,0
123304000,0
123306001,0
123308000,0
123310000,0
123312000,0
123314000,0
123316000,0
123318000,0
123320000,0
123322000,0
123324000,0
123326001,0
123328001,0
123330000,0
123332000,0
123334000,0
123336000,0
123338000,0
123340000,0
123342000,0
123344000,0
123346000,0
123348000,0
123350001,0
123352001,0
123354001,0
123356001,0
123358000,0
123360001,0
123362000,0
123364001,0
123366000,0
123368001,0
123370000,0
123372001,0
123374001,0
123376000,0
123378001,0
123380001,0
123382001,0
123384000,0
123386000,0
123388001,0
123390001,0
123392001,0
123394000,0
123396000,0
123398000,0
123400000,0
123402001,0
123404000,0
123406000,0
123408000,0
123410000,0
123412001,0
123414000,0
123416001,0
123418001,0
123420001,0
123422000,0
123424000,0
123426000,0
123428000,0
123430000,0
123432000,0
123434000,0
123436000,0
123438001,0
123440000,0
123442001,0
123444000,0
123446001,0
123448000,0
123450001,0
123452001,0
123454001,0
123456001,0
123458001,0
123460001,0
123462000,0
123464000,0
123466001,0
123468000,0
123470000,0
123472000,0
123474000,0
123476001,0
123478001,0
123480000,0
123482001,0
123484000,0
123486000,0
123488000,0
123490000,0
123492000,0
123494000,0
123496001,0
123498001,0
123500001,0
123502000,0
123504000,0
123506000,0
123508000,0
123510001,0
123512001,0
123514000,0
123516000,0
123518000,0
123520001,0
123522001,0
123524001,0
123526001,0
123528000,0
123530000,0
123532000,0
123534000,0
123536001,0
123538000,0
123540000,0
123542001,0
123544000,0
123546000,0
123548001,0
123550000,0
123552000,0
123554001,0
123556000,0
123558000,0
123560001,0
123562000,0
123564001,0
123566000,0
123568001,0
123570001,0
123572000,0
123574001,0
123576000,0
123578001,0
123580001,0
123582000,0
123584001,0
123586001,0
123588000,0
123590001,0
123592001,0
123594000,0
123596001,0
123598001,0
123600000,0
123602000,0
123604000,0
123606000,0
123608000,0
123610000,0
123612000,0
123614000,0
123616000,0
123618000,0
123620000,0
123622000,0
123624000,0
123626000,0
123628000,0
123630000,0
123632000,0
123634000,0
123636000,0
123638000,0
123640000,0
123642000,0
123644001,0
123646001,0
123648000,0
123650000,0
123652001,0
123654000,0
123656000,0
123658001,0
123660001,0
123662001,0
123664001,0
123666000,0
123668000,0
123670000,0
123672001,0
123674001,0
123676000,0
123678000,0
123680000,0
123682000,0
123684000,0
123686000,0
123688000,0
123690000,0
123692000,0
123694000,0
123696000,0
123698000,0
123700000,0
123702000,0
123704001,0
123706001,0
123708001,0
123710001,0
123712001,0
123714000,0
123716000,0
123718001,0
123720001,0
123722001,0
123724001,0
123726000,0
123728000,0
123730000,0
123732000,0
123734000,0
123736000,0
123738000,0
123740000,0
123742000,0
123744000,0
123746000,0
123748000,0
123750001,0
123752000,0
123754001,0
123756001,0
123758001,0
123760000,0
123762000,0
123764000,0
123766000,0
123768000,0
123770001,0
123772000,0
123774000,0
123776001,0
123778000,0
123780000,0
123782000,0
123784000,0
123786000,0
123788001,0
123790000,0
123792000,0
123794001,0
123796000,0
123798001,0
123800001,0
123802000,0
123804000,0
123806001,0
123808000,0
123810000,0
123812000,0
123814000,0
123816000,0
123818000,0
123820001,0
123822001,0
123824000,0
123826001,0
123828000,0
123830001,0
123832001,0
123834000,0
123836001,0
123838000,0
123840001,0
123842000,0
123844000,0
123846000,0
123848000,0
123850000,0
123852000,0
123854000,0
123856000,0
123858000,0
123860000,0
123862000,0
123864000,0
123866001,0
123868000,0
123870000,0
123872000,0
123874000,0
123876000,0
123878000,0
123880001,0
123882001,0
123884000,0
123886000,0
123888000,0
123890000,0
123892000,0
123894000,0
123896000,0
123898001,0
123900001,0
123902000,0
123904000,0
123906000,0
123908000,0
123910000,0
123912000,0
123914001,0
123916001,0
123918000,0
123920000,0
123922000,0
123924000,0
123926000,0
123928000,0
123930000,0
123932000,0
123934000,0
123936000,0
123938000,0
123940000,0
123942000,0
123944000,0
123946001,0
123948001,0
123950000,0
123952001,0
123954000,0
123956001,0
123958000,0
123960001,0
123962000,0
123964000,0
123966000,0
123968000,0
123970001,0
123972001,0
123974000,0
123976000,0
123978000,0
123980000,0
123982000,0
123984000,0
123986000,0
123988000,0
123990000,0
123992000,0
123994000,0
123996000,0
123998000,0
124000000,0
124002000,0
124004000,0
124006000,0
124008000,0
124010000,0
124012000,0
124014000,0
124016000,0
124018000,0
124020000,0
124022000,0
124024001,0
124026001,0
124028001,0
124030000,0
124032000,0
124034000,0
124036000,0
124038000,0
124040000,0
124042000,0
124044000,0
124046000,0
124048000,0
124050001,0
124052000,0
124054000,0
124056000,0
124058000,0
124060000,0
124062000,0
124064000,0
124066000,0
124068000,0
124070001,0
124072000,0
124074001,0
124076001,0
124078001,0
124080001,0
124082000,0
124084000,0
124086000,0
124088000,0
124090000,0
124092000,0
124094000,0
124096000,0
124098001,0
124100000,0
124102001,0
124104000,0
124106001,0
124108001,0
124110000,0
124112000,0
124114000,0
124116000,0
124118000,0
124120000,0
124122000,0
124124001,0
124126001,0
124128000,0
124130001,0
124132000,0
124134001,0
124136001,0
124138001,0
124140001,0
124142000,0
124144000,0
124146000,0
124148000,0
124150000,0
124152000,0
124154000,0
124156000,0
124158000,0
124160000,0
124162000,0
124164000,0
124166000,0
124168001,0
124170001,0
124172001,0
124174000,0
124176000,0
124178000,0
124180000,0
124182000,0
124184000,0
124186000,0
124188000,0
124190000,0
124192000,0
124194000,0
124196000,0
124198000,0
124200000,0
124202000,0
124204000,0
124206001,0
124208000,0
124210001,0
124212001,0
124214000,0
124216000,0
124218000,0
124220000,0
124222000,0
124224000,0
124226000,0
124228000,0
124230000,0
124232000,0
124234000,0
124236000,0
124238000,0
124240000,0
124242000,0
124244000,0
124246000,0
124248000,0
124250000,0
124252000,0
124254001,0
124256000,0
124258000,0
124260000,0
124262000,0
124264000,0
124266000,0
124268000,0
124270000,0
124272000,0
124274001,0
124276000,0
124278001,0
124280000,0
124282000,0
124284000,0
124286001,0
124288000,0
124290000,0
124292001,0
124294000,0
124296001,0
124298000,0
124300000,0
124302000,0
124304000,0
124306000,0
124308000,0
124310000,0
124312000,0
124314000,0
124316000,0
124318000,0
124320000,0
124322000,0
124324000,0
124326000,0
124328000,0
124330000,0
124332000,0
124334000,0
124336000,0
124338000,0
124340000,0
124342000,0
124344000,0
124346000,0
124348000,0
124350000,0
124352000,0
124354000,0
124356000,0
124358000,0
124360000,0
124362000,0
124364000,0
124366000,0
124368000,0
124370000,0
124372000,0
124374000,0
124376000,0
124378000,0
124380001,0
124382000,0
124384001,0
124386001,0
124388000,0
124390000,0
124392000,0
124394001,0
124396000,0
124398001,0
124400001,0
124402000,0
124404000,0
124406000,0
124408001,0
124410000,0
124412001,0
124414000,0
124416000,0
124418000,0
124420001,0
124422001,0
124424000,0
124426000,0
124428000,0
124430000,0
124432000,0
124434000,0
124436000,0
124438000,0
124440000,0
124442001,0
124444000,0
124446001,0
124448001,0
124450000,0
124452001,0
124454001,0
124456001,0
124458000,0
124460001,0
124462001,0
124464000,0
124466000,0
124468000,0
124470000,0
124472000,0
124474000,0
124476000,0
124478000,0
124480000,0
124482000,0
124484000,0
124486000,0
124488000,0
124490000,0
124492001,0
124494000,0
124496001,0
124498000,0
124500000,0
124502000,0
124504001,0
124506001,0
124508001,0
124510001,0
124512000,0
124514001,0
124516001,0
124518000,0
124520001,0
124522000,0
124524000,0
124526001,0
124528001,0
124530001,0
124532000,0
124534000,0
124536000,0
124538000,0
124540000,0
124542000,0
124544000,0
124546000,0
124548000,0
124550000,0
124552000,0
124554000,0
124556000,0
124558001,0
124560000,0
124562001,0
124564000,0
124566000,0
124568000,0
124570000,0
124572000,0
124574000,0
124576000,0
124578000,0
124580000,0
124582000,0
124584001,0
124586000,0
124588000,0
124590000,0
124592000,0
124594001,0
124596000,0
124598001,0
124600001,0
124602001,0
124604000,0
124606001,0
124608000,0
124610001,0
124612001,0
124614000,0
124616000,0
124618000,0
124620000,0
124622000,0
124624000,0
124626000,0
124628000,0
124630000,0
124632000,0
124634000,0
124636001,0
124638001,0
124640000,0
124642000,0
124644000,0
124646000,0
124648001,0
124650000,0
124652000,0
124654001,0
124656000,0
124658001,0
124660000,0
124662001,0
124664001,0
124666000,0
124668001,0
124670000,0
124672000,0
124674000,0
124676000,0
124678000,0
124680000,0
124682000,0
124684001,0
124686000,0
124688001,0
124690001,0
124692000,0
124694000,0
124696001,0
124698000,0
124700000,0
124702000,0
124704000,0
124706001,0
124708000,0
124710000,0
124712000,0
124714000,0
124716000,0
124718000,0
124720000,0
124722000,0
124724001,0
124726001,0
124728001,0
124730000,0
124732000,0
124734000,0
124736000,0
124738000,0
124740000,0
124742000,0
124744001,0
124746001,0
124748001,0
124750000,0
124752000,0
124754000,0
124756001,0
124758001,0
124760000,0
124762001,0
124764000,0
124766000,0
124768001,0
124770000,0
124772001,0
124774001,0
124776001,0
124778000,0
124780001,0
124782000,0
124784001,0
124786000,0
124788000,0
124790000,0
124792000,0
124794000,0
124796000,0
124798000,0
124800000,0
124802000,0
124804000,0
124806000,0
124808000,0
124810000,0
124812001,0
124814000,0
124816000,0
124818000,0
124820000,0
124822000,0
124824001,0
124826000,0
124828000,0
124830000,0
124832001,0
124834000,0
124836001,0
124838000,0
124840000,0
124842000,0
124844001,0
124846001,0
124848001,0
124850000,0
124852000,0
124854000,0
124856000,0
124858000,0
124860000,0
124862000,0
124864000,0
124866000,0
124868000,0
124870001,0
124872000,0
124874000,0
124876001,0
124878000,0
124880000,0
124882001,0
124884000,0
124886001,0
124888001,0
124890000,0
124892000,0
124894000,0
124896000,0
124898000,0
124900000,0
124902001,0
124904000,0
124906001,0
124908001,0
124910000,0
124912001,0
124914001,0
124916000,0
124918000,0
124920001,0
124922000,0
124924000,0
124926000,0
124928000,0
124930001,0
124932000,0
124934000,0
124936001,0
124938000,0
124940001,0
124942000,0
124944001,0
124946001,0
124948001,0
124950000,0
124952000,0
124954000,0
124956000,0
124958000,0
124960000,0
124962000,0
124964001,0
124966000,0
124968000,0
124970000,0
124972000,0
124974001,0
124976000,0
124978000,0
124980001,0
124982001,0
124984001,0
124986000,0
124988000,0
124990000,0
124992000,0
124994000,0
124996000,0
124998000,0
125000000,0
125002000,0
125004000,0
125006001,0
125008000,0
125010001,0
125012000,0
125014000,0
125016000,0
125018000,0
125020000,0
125022000,0
125024000,0
125026000,0
125028000,0
125030000,0
125032000,0
125034000,0
125036001,0
125038001,0
125040000,0
125042000,0
125044000,0
125046000,0
125048001,0
125050000,0
125052000,0
125054001,0
125056000,0
125058000,0
125060000,0
125062000,0
125064001,0
125066000,0
125068000,0
125070000,0
125072000,0
125074000,0
125076000,0
125078000,0
125080000,0
125082000,0
125084000,0
125086000,0
125088000,0
125090000,0
125092000,0
125094000,0
125096000,0
125098001,0
125100000,0
125102000,0
125104000,0
125106000,0
125108000,0
125110001,0
125112001,0
125114001,0
125116000,0
125118000,0
125120000,0
125122000,0
125124001,0
125126001,0
125128001,0
125130000,0
125132000,0
125134000,0
125136000,0
125138000,0
125140000,0
125142000,0
125144000,0
125146000,0
125148000,0
125150000,0
125152000,0
125154000,0
125156001,0
125158000,0
125160000,0
125162000,0
125164000,0
125166000,0
125168000,0
125170000,0
125172000,0
125174000,0
125176000,0
125178001,0
125180001,0
125182001,0
125184000,0
125186000,0
125188000,0
125190000,0
125192001,0
125194000,0
125196000,0
125198001,0
125200001,0
125202000,0
125204000,0
125206000,0
125208000,0
125210001,0
125212000,0
125214000,0
125216000,0
125218000,0
125220000,0
125222000,0
125224000,0
125226000,0
125228000,0
125230000,0
125232000,0
125234000,0
125236001,0
125238000,0
125240000,0
125242000,0
125244000,0
125246000,0
125248000,0
125250000,0
125252000,0
125254001,0
125256001,0
125258000,0
125260000,0
125262000,0
125264000,0
125266000,0
125268000,0
125270001,0
125272000,0
125274000,0
125276000,0
125278000,0
125280001,0
125282000,0
125284000,0
125286000,0
125288000,0
125290001,0
125292000,0
125294000,0
125296000,0
125298000,0
125300001,0
125302000,0
125304001,0
125306000,0
125308000,0
125310000,0
125312000,0
125314000,0
125316000,0
125318000,0
125320000,0
125322000,0
125324001,0
125326000,0
125328000,0
125330000,0
125332000,0
125334000,0
125336000,0
125338000,0
125340001,0
125342000,0
125344001,0
125346000,0
125348001,0
125350001,0
125352000,0
125354000,0
125356001,0
125358001,0
125360000,0
125362000,0
125364001,0
125366001,0
125368000,0
125370001,0
125372000,0
125374001,0
125376000,0
125378000,0
125380001,0
125382001,0
125384000,0
125386000,0
125388000,0
125390000,0
125392000,0
125394000,0
125396001,0
125398001,0
125400000,0
125402000,0
125404000,0
125406000,0
125408000,0
125410001,0
125412000,0
125414000,0
125416000,0
125418000,0
125420000,0
125422000,0
125424000,0
125426000,0
125428000,0
125430001,0
125432000,0
125434000,0
125436000,0
125438000,0
125440000,0
125442000,0
125444000,0
125446000,0
125448000,0
125450001,0
125452000,0
125454000,0
125456001,0
125458000,0
125460000,0
125462000,0
125464000,0
125466000,0
125468000,0
125470000,0
125472000,0
125474000,0
125476001,0
125478000,0
125480000,0
125482000,0
125484001,0
125486001,0
125488000,0
125490000,0
125492000,0
125494000,0
125496000,0
125498000,0
125500000,0
125502000,0
125504000,0
125506000,0
125508000,0
125510000,0
125512000,0
125514000,0
125516001,0
125518000,0
125520000,0
125522000,0
125524001,0
125526000,0
125528000,0
125530000,0
125532000,0
125534000,0
125536000,0
125538000,0
125540001,0
125542000,0
125544000,0
125546000,0
125548000,0
125550000,0
125552000,0
125554000,0
125556001,0
125558000,0
125560001,0
125562001,0
125564000,0
125566001,0
125568000,0
125570000,0
125572000,0
125574001,0
125576000,0
125578001,0
125580001,0
125582001,0
125584000,0
125586001,0
125588000,0
125590000,0
125592001,0
125594000,0
125596000,0
125598000,0
125600000,0
125602000,0
125604000,0
125606000,0
125608000,0
125610000,0
125612000,0
125614000,0
125616000,0
125618000,0
125620000,0
125622001,0
125624000,0
125626001,0
125628000,0
125630001,0
125632000,0
125634000,0
125636001,0
125638000,0
125640001,0
125642000,0
125644000,0
125646001,0
125648000,0
125650000,0
125652000,0
125654000,0
125656000,0
125658001,0
125660000,0
125662000,0
125664000,0
125666000,0
125668000,0
125670000,0
125672000,0
125674001,0
125676000,0
125678001,0
125680000,0
125682000,0
125684000,0
125686000,0
125688000,0
125690000,0
125692000,0
125694000,0
125696000,0
125698000,0
125700000,0
125702000,0
125704001,0
125706001,0
125708000,0
125710000,0
125712001,0
125714001,0
125716000,0
125718001,0
125720000,0
125722000,0
125724000,0
125726000,0
125728000,0
125730000,0
125732000,0
125734000,0
125736000,0
125738000,0
125740000,0
125742001,0
125744000,0
125746001,0
125748001,0
125750000,0
125752001,0
125754001,0
125756000,0
125758000,0
125760000,0
125762000,0
125764000,0
125766000,0
125768001,0
125770000,0
125772000,0
125774000,0
125776000,0
125778000,0
125780001,0
125782000,0
125784000,0
125786001,0
125788000,0
125790000,0
125792000,0
125794000,0
125796001,0
125798000,0
125800000,0
125802001,0
125804000,0
125806001,0
125808001,0
125810001,0
125812000,0
125814001,0
125816001,0
125818001,0
125820000,0
125822000,0
125824001,0
125826000,0
125828000,0
125830001,0
125832000,0
125834000,0
125836000,0
125838000,0
125840000,0
125842001,0
125844000,0
125846000,0
125848000,0
125850000,0
125852000,0
125854001,0
125856000,0
125858001,0
125860000,0
125862001,0
125864000,0
125866000,0
125868000,0
125870001,0
125872000,0
125874000,0
125876000,0
125878000,0
125880000,0
125882000,0
125884000,0
125886000,0
125888000,0
125890000,0
125892000,0
125894001,0
125896000,0
125898001,0
125900001,0
125902000,0
125904000,0
125906000,0
125908000,0
125910001,0
125912000,0
125914000,0
125916000,0
125918000,0
125920000,0
125922000,0
125924000,0
125926000,0
125928000,0
125930001,0
125932000,0
125934000,0
125936000,0
125938000,0
125940000,0
125942000,0
125944000,0
125946001,0
125948000,0
125950001,0
125952001,0
125954001,0
125956000,0
125958000,0
125960000,0
125962000,0
125964000,0
125966001,0
125968000,0
125970000,0
125972000,0
125974000,0
125976000,0
125978000,0
125980000,0
125982000,0
125984000,0
125986000,0
125988001,0
125990000,0
125992001,0
125994001,0
125996000,0
125998000,0
126000000,0
126002000,0
126004000,0
126006000,0
126008000,0
126010000,0
126012000,0
126014000,0
126016001,0
126018001,0
126020000,0
126022001,0
126024000,0
126026000,0
126028000,0
126030000,0
126032000,0
126034000,0
126036000,0
126038000,0
126040000,0
126042001,0
126044001,0
126046000,0
126048000,0
126050001,0
126052001,0
126054000,0
126056000,0
126058001,0
126060001,0
126062000,0
126064000,0
126066000,0
126068000,0
126070001,0
126072000,0
126074000,0
126076000,0
126078000,0
126080000,0
126082000,0
126084001,0
126086001,0
126088000,0
126090000,0
126092000,0
126094000,0
126096001,0
126098000,0
126100001,0
126102000,0
126104000,0
126106001,0
126108001,0
126110000,0
126112001,0
126114000,0
126116001,0
126118000,0
126120001,0
126122000,0
126124000,0
126126000,0
126128000,0
126130000,0
126132000,0
126134000,0
126136000,0
126138000,0
126140000,0
126142000,0
126144001,0
126146000,0
126148001,0
126150000,0
126152000,0
126154000,0
126156000,0
126158000,0
126160001,0
126162000,0
126164000,0
126166000,0
126168000,0
126170000,0
126172000,0
126174000,0
126176000,0
126178000,0
126180000,0
126182001,0
126184001,0
126186000,0
126188000,0
126190001,0
126192001,0
126194000,0
126196001,0
126198000,0
126200000,0
126202000,0
126204000,0
126206000,0
126208000,0
126210000,0
126212000,0
126214001,0
126216000,0
126218000,0
126220000,0
126222001,0
126224001,0
126226001,0
126228000,0
126230001,0
126232000,0
126234000,0
126236000,0
126238000,0
126240000,0
126242001,0
126244000,0
126246001,0
126248000,0
126250000,0
126252001,0
126254000,0
126256000,0
126258001,0
126260000,0
126262000,0
126264000,0
126266001,0
126268001,0
126270000,0
126272000,0
126274000,0
126276000,0
126278000,0
126280000,0
126282000,0
126284000,0
126286000,0
126288000,0
126290000,0
126292000,0
126294000,0
126296001,0
126298001,0
126300000,0
126302000,0
126304000,0
126306000,0
126308000,0
126310000,0
126312000,0
126314001,0
126316001,0
126318000,0
126320000,0
126322000,0
126324001,0
126326001,0
126328000,0
126330000,0
126332000,0
126334000,0
126336001,0
126338000,0
126340001,0
126342000,0
126344001,0
126346000,0
126348001,0
126350001,0
126352000,0
126354000,0
126356000,0
126358000,0
126360001,0
126362000,0
126364000,0
126366000,0
126368000,0
126370000,0
126372000,0
126374001,0
126376000,0
126378000,0
126380000,0
126382000,0
126384000,0
126386000,0
126388000,0
126390000,0
126392000,0
126394001,0
126396000,0
126398001,0
126400000,0
126402001,0
126404000,0
126406001,0
126408001,0
126410000,0
126412000,0
126414001,0
126416001,0
126418000,0
126420000,0
126422000,0
126424000,0
126426000,0
126428000,0
126430000,0
126432000,0
126434000,0
126436000,0
126438001,0
126440001,0
126442000,0
126444000,0
126446000,0
126448000,0
126450000,0
126452000,0
126454000,0
126456000,0
126458000,0
126460000,0
126462000,0
126464000,0
126466000,0
126468000,0
126470000,0
126472000,0
126474000,0
126476000,0
126478000,0
126480000,0
126482000,0
126484000,0
126486000,0
126488000,0
126490000,0
126492000,0
126494000,0
126496000,0
126498001,0
126500001,0
126502001,0
126504000,0
126506000,0
126508001,0
126510000,0
126512000,0
126514000,0
126516001,0
126518001,0
126520000,0
126522001,0
126524001,0
126526000,0
126528000,0
126530000,0
126532000,0
126534000,0
126536000,0
126538000,0
126540000,0
126542000,0
126544000,0
126546000,0
126548000,0
126550001,0
126552000,0
126554001,0
126556001,0
126558001,0
126560000,0
126562000,0
126564000,0
126566000,0
126568001,0
126570000,0
126572000,0
126574000,0
126576000,0
126578001,0
126580000,0
126582001,0
126584000,0
126586001,0
126588001,0
126590001,0
126592001,0
126594000,0
126596000,0
126598000,0
126600000,0
126602001,0
126604001,0
126606001,0
126608000,0
126610000,0
126612000,0
126614000,0
126616000,0
126618000,0
126620000,0
126622001,0
126624001,0
126626001,0
126628001,0
126630000,0
126632000,0
126634001,0
126636001,0
126638001,0
126640000,0
126642001,0
126644001,0
126646000,0
126648001,0
126650000,0
126652000,0
126654000,0
126656000,0
126658000,0
126660000,0
126662001,0
126664001,0
126666001,0
126668000,0
126670000,0
126672000,0
126674001,0
126676000,0
126678001,0
126680000,0
126682000,0
126684000,0
126686000,0
126688000,0
126690000,0
126692000,0
126694001,0
126696000,0
126698000,0
126700001,0
126702000,0
126704001,0
126706001,0
126708000,0
126710000,0
126712001,0
126714001,0
126716001,0
126718001,0
126720000,0
126722001,0
126724001,0
126726000,0
126728000,0
126730000,0
126732001,0
126734000,0
126736000,0
126738000,0
126740000,0
126742000,0
126744000,0
126746000,0
126748001,0
126750001,0
126752000,0
126754000,0
126756001,0
126758000,0
126760001,0
126762000,0
126764000,0
126766000,0
126768000,0
126770001,0
126772001,0
126774000,0
126776000,0
126778001,0
126780000,0
126782000,0
126784000,0
126786000,0
126788000,0
126790000,0
126792000,0
126794000,0
126796001,0
126798000,0
126800000,0
126802000,0
126804000,0
126806000,0
126808000,0
126810000,0
126812001,0
126814000,0
126816000,0
126818000,0
126820001,0
126822000,0
126824000,0
126826000,0
126828000,0
126830000,0
126832000,0
126834000,0
126836000,0
126838001,0
126840001,0
126842000,0
126844000,0
126846000,0
126848000,0
126850000,0
126852000,0
126854000,0
126856001,0
126858000,0
126860001,0
126862001,0
126864001,0
126866001,0
126868001,0
126870000,0
126872000,0
126874000,0
126876000,0
126878000,0
126880000,0
126882000,0
126884000,0
126886000,0
126888000,0
126890000,0
126892000,0
126894000,0
126896000,0
126898000,0
126900000,0
126902000,0
126904001,0
126906000,0
126908000,0
126910000,0
126912000,0
126914000,0
126916000,0
126918000,0
126920000,0
126922000,0
126924000,0
126926000,0
126928001,0
126930000,0
126932000,0
126934001,0
126936000,0
126938000,0
126940000,0
126942001,0
126944001,0
126946001,0
126948000,0
126950000,0
126952000,0
126954000,0
126956000,0
126958000,0
126960001,0
126962000,0
126964001,0
126966001,0
126968001,0
126970000,0
126972000,0
126974000,0
126976000,0
126978000,0
126980001,0
126982001,0
126984000,0
126986001,0
126988001,0
126990000,0
126992000,0
126994000,0
126996001,0
126998001,0
127000000,0
127002001,0
127004001,0
127006001,0
127008001,0
127010000,0
127012000,0
127014000,0
127016001,0
127018001,0
127020000,0
127022001,0
127024000,0
127026000,0
127028000,0
127030000,0
127032000,0
127034000,0
127036000,0
127038000,0
127040000,0
127042000,0
127044000,0
127046000,0
127048000,0
127050000,0
127052000,0
127054000,0
127056001,0
127058000,0
127060000,0
127062000,0
127064000,0
127066000,0
127068000,0
127070000,0
127072001,0
127074000,0
127076001,0
127078000,0
127080000,0
127082000,0
127084000,0
127086000,0
127088000,0
127090000,0
127092000,0
127094000,0
127096000,0
127098000,0
127100000,0
127102000,0
127104000,0
127106000,0
127108000,0
127110000,0
127112000,0
127114000,0
127116001,0
127118000,0
127120000,0
127122000,0
127124000,0
127126000,0
127128000,0
127130000,0
127132000,0
127134000,0
127136000,0
127138000,0
127140001,0
127142001,0
127144000,0
127146001,0
127148001,0
127150000,0
127152001,0
127154000,0
127156001,0
127158000,0
127160000,0
127162000,0
127164000,0
127166000,0
127168000,0
127170000,0
127172000,0
127174000,0
127176000,0
127178001,0
127180000,0
127182000,0
127184000,0
127186000,0
127188000,0
127190001,0
127192000,0
127194000,0
127196000,0
127198000,0
127200000,0
127202000,0
127204000,0
127206000,0
127208000,0
127210001,0
127212000,0
127214000,0
127216000,0
127218001,0
127220000,0
127222001,0
127224001,0
127226001,0
127228000,0
127230001,0
127232000,0
127234000,0
127236000,0
127238000,0
127240001,0
127242001,0
127244000,0
127246001,0
127248000,0
127250000,0
127252000,0
127254000,0
127256000,0
127258000,0
127260001,0
127262001,0
127264000,0
127266000,0
127268001,0
127270000,0
127272000,0
127274000,0
127276001,0
127278001,0
127280001,0
127282000,0
127284000,0
127286000,0
127288000,0
127290000,0
127292000,0
127294001,0
127296000,0
127298000,0
127300000,0
127302000,0
127304000,0
127306000,0
127308000,0
127310000,0
127312000,0
127314000,0
127316000,0
127318000,0
127320000,0
127322000,0
127324000,0
127326000,0
127328000,0
127330000,0
127332000,0
127334000,0
127336000,0
127338000,0
127340000,0
127342000,0
127344000,0
127346000,0
127348000,0
127350001,0
127352000,0
127354001,0
127356000,0
127358000,0
127360001,0
127362000,0
127364001,0
127366001,0
127368000,0
127370001,0
127372001,0
127374000,0
127376001,0
127378000,0
127380000,0
127382001,0
127384000,0
127386000,0
127388001,0
127390001,0
127392001,0
127394000,0
127396001,0
127398000,0
127400001,0
127402000,0
127404000,0
127406001,0
127408000,0
127410000,0
127412000,0
127414000,0
127416000,0
127418000,0
127420000,0
127422000,0
127424000,0
127426000,0
127428000,0
127430000,0
127432000,0
127434000,0
127436000,0
127438000,0
127440000,0
127442000,0
127444000,0
127446000,0
127448000,0
127450000,0
127452001,0
127454001,0
127456000,0
127458001,0
127460001,0
127462000,0
127464000,0
127466001,0
127468000,0
127470000,0
127472001,0
127474000,0
127476000,0
127478001,0
127480000,0
127482001,0
127484001,0
127486001,0
127488000,0
127490001,0
127492001,0
127494000,0
127496000,0
127498001,0
127500001,0
127502001,0
127504000,0
127506000,0
127508000,0
127510000,0
127512000,0
127514000,0
127516000,0
127518001,0
127520000,0
127522001,0
127524000,0
127526000,0
127528000,0
127530000,0
127532000,0
127534000,0
127536000,0
127538000,0
127540001,0
127542000,0
127544000,0
127546001,0
127548000,0
127550000,0
127552000,0
127554000,0
127556000,0
127558000,0
127560000,0
127562000,0
127564000,0
127566000,0
127568001,0
127570001,0
127572000,0
127574000,0
127576000,0
127578000,0
127580000,0
127582001,0
127584000,0
127586001,0
127588000,0
127590000,0
127592000,0
127594000,0
127596000,0
127598000,0
127600000,0
127602000,0
127604000,0
127606000,0
127608000,0
127610000,0
127612000,0
127614001,0
127616001,0
127618001,0
127620000,0
127622000,0
127624000,0
127626000,0
127628001,0
127630000,0
127632001,0
127634000,0
127636000,0
127638000,0
127640000,0
127642000,0
127644000,0
127646000,0
127648001,0
127650000,0
127652001,0
127654000,0
127656001,0
127658000,0
127660001,0
127662001,0
127664000,0
127666001,0
127668001,0
127670000,0
127672000,0
127674000,0
127676000,0
127678000,0
127680000,0
127682001,0
127684000,0
127686000,0
127688000,0
127690001,0
127692000,0
127694001,0
127696001,0
127698000,0
127700001,0
127702000,0
127704000,0
127706000,0
127708000,0
127710000,0
127712000,0
127714001,0
127716001,0
127718000,0
127720001,0
127722000,0
127724001,0
127726000,0
127728000,0
127730000,0
127732000,0
127734000,0
127736000,0
127738000,0
127740000,0
127742001,0
127744001,0
127746000,0
127748001,0
127750000,0
127752000,0
127754000,0
127756001,0
127758000,0
127760000,0
127762001,0
127764000,0
127766001,0
127768000,0
127770001,0
127772000,0
127774001,0
127776000,0
127778000,0
127780000,0
127782000,0
127784001,0
127786001,0
127788000,0
127790001,0
127792000,0
127794000,0
127796000,0
127798000,0
127800000,0
127802000,0
127804000,0
127806000,0
127808000,0
127810000,0
127812000,0
127814000,0
127816000,0
127818000,0
127820000,0
127822000,0
127824000,0
127826000,0
127828000,0
127830000,0
127832000,0
127834000,0
127836001,0
127838000,0
127840001,0
127842000,0
127844001,0
127846000,0
127848000,0
127850000,0
127852000,0
127854000,0
127856000,0
127858000,0
127860001,0
127862000,0
127864000,0
127866001,0
127868000,0
127870000,0
127872000,0
127874000,0
127876000,0
127878000,0
127880000,0
127882000,0
127884000,0
127886001,0
127888001,0
127890000,0
127892000,0
127894001,0
127896001,0
127898001,0
127900000,0
127902001,0
127904001,0
127906001,0
127908001,0
127910001,0
127912000,0
127914001,0
127916000,0
127918000,0
127920000,0
127922000,0
127924000,0
127926000,0
127928000,0
127930000,0
127932000,0
127934000,0
127936001,0
127938000,0
127940001,0
127942000,0
127944000,0
127946000,0
127948000,0
127950000,0
127952000,0
127954000,0
127956001,0
127958000,0
127960001,0
127962001,0
127964000,0
127966000,0
127968001,0
127970001,0
127972001,0
127974000,0
127976000,0
127978000,0
127980000,0
127982001,0
127984000,0
127986000,0
127988000,0
127990000,0
127992000,0
127994000,0
127996000,0
127998000,0
128000000,0
128002000,0
128004000,0
128006001,0
128008000,0
128010000,0
128012000,0
128014000,0
128016000,0
128018001,0
128020001,0
128022001,0
128024001,0
128026000,0
128028000,0
128030001,0
128032001,0
128034000,0
128036001,0
128038000,0
128040000,0
128042001,0
128044000,0
128046001,0
128048000,0
128050000,0
128052000,0
128054000,0
128056000,0
128058000,0
128060001,0
128062000,0
128064001,0
128066000,0
128068000,0
128070000,0
128072000,0
128074000,0
128076000,0
128078000,0
128080000,0
128082000,0
128084000,0
128086000,0
128088000,0
128090000,0
128092000,0
128094000,0
128096000,0
128098000,0
128100000,0
128102000,0
128104000,0
128106001,0
128108000,0
128110000,0
128112001,0
128114000,0
128116001,0
128118001,0
128120000,0
128122001,0
128124000,0
128126000,0
128128000,0
128130000,0
128132000,0
128134001,0
128136000,0
128138001,0
128140000,0
128142000,0
128144001,0
128146000,0
128148001,0
128150001,0
128152000,0
128154000,0
128156000,0
128158000,0
128160000,0
128162000,0
128164000,0
128166000,0
128168000,0
128170000,0
128172000,0
128174000,0
128176001,0
128178001,0
128180001,0
128182001,0
128184000,0
128186001,0
128188000,0
128190000,0
128192000,0
128194000,0
128196000,0
128198000,0
128200000,0
128202000,0
128204000,0
128206000,0
128208000,0
128210000,0
128212000,0
128214001,0
128216000,0
128218001,0
128220001,0
128222000,0
128224001,0
128226001,0
128228000,0
128230000,0
128232000,0
128234000,0
128236001,0
128238001,0
128240000,0
128242000,0
128244000,0
128246000,0
128248000,0
128250000,0
128252000,0
128254000,0
128256001,0
128258000,0
128260000,0
128262001,0
128264001,0
128266000,0
128268000,0
128270000,0
128272000,0
128274000,0
128276000,0
128278000,0
128280001,0
128282001,0
128284000,0
128286001,0
128288001,0
128290001,0
128292000,0
128294001,0
128296001,0
128298000,0
128300000,0
128302000,0
128304000,0
128306000,0
128308001,0
128310000,0
128312000,0
128314000,0
128316000,0
128318000,0
128320001,0
128322000,0
128324001,0
128326000,0
128328000,0
128330000,0
128332001,0
128334001,0
128336000,0
128338000,0
128340000,0
128342000,0
128344001,0
128346000,0
128348001,0
128350000,0
128352000,0
128354000,0
128356000,0
128358000,0
128360000,0
128362000,0
128364000,0
128366000,0
128368000,0
128370000,0
128372000,0
128374000,0
128376001,0
128378001,0
128380001,0
128382000,0
128384001,0
128386001,0
128388000,0
128390000,0
128392001,0
128394000,0
128396000,0
128398001,0
128400000,0
128402000,0
128404000,0
128406001,0
128408000,0
128410001,0
128412000,0
128414000,0
128416000,0
128418000,0
128420000,0
128422000,0
128424000,0
128426000,0
128428000,0
128430000,0
128432000,0
128434000,0
128436000,0
128438000,0
128440000,0
128442000,0
128444000,0
128446000,0
128448000,0
128450000,0
128452001,0
128454000,0
128456001,0
128458001,0
128460000,0
128462001,0
128464000,0
128466000,0
128468000,0
128470001,0
128472001,0
128474001,0
128476001,0
128478000,0
128480001,0
128482001,0
128484001,0
128486001,0
128488000,0
128490001,0
128492000,0
128494000,0
128496000,0
128498000,0
128500000,0
128502000,0
128504001,0
128506000,0
128508001,0
128510000,0
128512000,0
128514000,0
128516000,0
128518000,0
128520000,0
128522000,0
128524000,0
128526000,0
128528000,0
128530000,0
128532000,0
128534000,0
128536000,0
128538001,0
128540001,0
128542001,0
128544000,0
128546001,0
128548000,0
128550001,0
128552000,0
128554000,0
128556000,0
128558000,0
128560000,0
128562000,0
128564000,0
128566000,0
128568000,0
128570000,0
128572000,0
128574000,0
128576000,0
128578001,0
128580001,0
128582001,0
128584000,0
128586001,0
128588001,0
128590000,0
128592001,0
128594001,0
128596000,0
128598001,0
128600000,0
128602000,0
128604001,0
128606000,0
128608000,0
128610000,0
128612000,0
128614000,0
128616001,0
128618001,0
128620001,0
128622001,0
128624000,0
128626000,0
128628000,0
128630000,0
128632000,0
128634000,0
128636000,0
128638000,0
128640000,0
128642001,0
128644000,0
128646000,0
128648000,0
128650001,0
128652000,0
128654000,0
128656000,0
128658000,0
128660000,0
128662000,0
128664000,0
128666000,0
128668000,0
128670000,0
128672000,0
128674000,0
128676001,0
128678001,0
128680001,0
128682000,0
128684000,0
128686000,0
128688000,0
128690001,0
128692000,0
128694001,0
128696001,0
128698000,0
128700000,0
128702000,0
128704001,0
128706000,0
128708001,0
128710001,0
128712000,0
128714000,0
128716000,0
128718000,0
128720000,0
128722000,0
128724000,0
128726000,0
128728001,0
128730000,0
128732001,0
128734001,0
128736000,0
128738000,0
128740000,0
128742000,0
128744000,0
128746000,0
128748000,0
128750000,0
128752000,0
128754000,0
128756001,0
128758000,0
128760001,0
128762000,0
128764000,0
128766000,0
128768000,0
128770000,0
128772001,0
128774000,0
128776000,0
128778000,0
128780000,0
128782000,0
128784000,0
128786000,0
128788000,0
128790000,0
128792000,0
128794000,0
128796000,0
128798000,0
128800000,0
128802000,0
128804001,0
128806000,0
128808000,0
128810000,0
128812000,0
128814000,0
128816000,0
128818000,0
128820000,0
128822000,0
128824000,0
128826001,0
128828000,0
128830001,0
128832001,0
128834000,0
128836001,0
128838001,0
128840001,0
128842001,0
128844001,0
128846001,0
128848001,0
128850001,0
128852000,0
128854001,0
128856000,0
128858001,0
128860000,0
128862001,0
128864001,0
128866000,0
128868000,0
128870000,0
128872000,0
128874001,0
128876000,0
128878000,0
128880000,0
128882000,0
128884000,0
128886000,0
128888000,0
128890000,0
128892000,0
128894000,0
128896000,0
128898000,0
128900000,0
128902000,0
128904000,0
128906000,0
128908001,0
128910000,0
128912000,0
128914001,0
128916001,0
128918001,0
128920001,0
128922000,0
128924000,0
128926000,0
128928001,0
128930001,0
128932000,0
128934001,0
128936000,0
128938001,0
128940000,0
128942000,0
128944001,0
128946000,0
128948000,0
128950000,0
128952000,0
128954000,0
128956000,0
128958000,0
128960000,0
128962000,0
128964000,0
128966000,0
128968000,0
128970001,0
128972001,0
128974000,0
128976000,0
128978000,0
128980000,0
128982000,0
128984000,0
128986000,0
128988000,0
128990000,0
128992000,0
128994000,0
128996000,0
128998000,0
129000000,0
129002000,0
129004000,0
129006000,0
129008000,0
129010000,0
129012000,0
129014000,0
129016001,0
129018000,0
129020000,0
129022000,0
129024000,0
129026000,0
129028000,0
129030000,0
129032000,0
129034000,0
129036001,0
129038000,0
129040001,0
129042000,0
129044000,0
129046000,0
129048000,0
129050000,0
129052000,0
129054000,0
129056000,0
129058000,0
129060000,0
129062000,0
129064001,0
129066000,0
129068000,0
129070001,0
129072000,0
129074001,0
129076000,0
129078001,0
129080000,0
129082001,0
129084000,0
129086000,0
129088000,0
129090000,0
129092000,0
129094000,0
129096000,0
129098000,0
129100000,0
129102000,0
129104000,0
129106000,0
129108000,0
129110000,0
129112000,0
129114000,0
129116001,0
129118000,0
129120001,0
129122000,0
129124001,0
129126000,0
129128001,0
129130000,0
129132000,0
129134000,0
129136001,0
129138000,0
129140000,0
129142000,0
129144001,0
129146001,0
129148000,0
129150001,0
129152001,0
129154001,0
129156001,0
129158001,0
129160000,0
129162000,0
129164000,0
129166001,0
129168000,0
129170001,0
129172001,0
129174000,0
129176000,0
129178001,0
129180001,0
129182000,0
129184001,0
129186000,0
129188000,0
129190000,0
129192000,0
129194001,0
129196000,0
129198001,0
129200001,0
129202000,0
129204000,0
129206000,0
129208001,0
129210000,0
129212001,0
129214001,0
129216001,0
129218001,0
129220001,0
129222001,0
129224000,0
129226000,0
129228001,0
129230000,0
129232000,0
129234000,0
129236000,0
129238000,0
129240000,0
129242000,0
129244000,0
129246000,0
129248000,0
129250000,0
129252001,0
129254000,0
129256001,0
129258001,0
129260000,0
129262000,0
129264001,0
129266001,0
129268001,0
129270001,0
129272000,0
129274001,0
129276001,0
129278000,0
129280000,0
129282000,0
129284000,0
129286000,0
129288000,0
129290000,0
129292000,0
129294000,0
129296000,0
129298000,0
129300001,0
129302000,0
129304001,0
129306001,0
129308000,0
129310000,0
129312000,0
129314001,0
129316000,0
129318000,0
129320000,0
129322000,0
129324000,0
129326000,0
129328000,0
129330000,0
129332000,0
129334000,0
129336000,0
129338001,0
129340001,0
129342000,0
129344001,0
129346000,0
129348001,0
129350000,0
129352001,0
129354001,0
129356001,0
129358000,0
129360000,0
129362000,0
129364000,0
129366000,0
129368000,0
129370000,0
129372000,0
129374000,0
129376001,0
129378001,0
129380001,0
129382001,0
129384000,0
129386000,0
129388001,0
129390000,0
129392000,0
129394001,0
129396001,0
129398000,0
129400000,0
129402001,0
129404000,0
129406000,0
129408000,0
129410000,0
129412001,0
129414000,0
129416000,0
129418000,0
129420000,0
129422001,0
129424000,0
129426001,0
129428000,0
129430000,0
129432001,0
129434000,0
129436001,0
129438000,0
129440000,0
129442000,0
129444000,0
129446000,0
129448001,0
129450000,0
129452000,0
129454001,0
129456000,0
129458001,0
129460000,0
129462000,0
129464000,0
129466000,0
129468000,0
129470000,0
129472000,0
129474000,0
129476000,0
129478001,0
129480001,0
129482000,0
129484001,0
129486000,0
129488000,0
129490000,0
129492000,0
129494001,0
129496001,0
129498001,0
129500001,0
129502000,0
129504001,0
129506000,0
129508000,0
129510000,0
129512001,0
129514000,0
129516000,0
129518000,0
129520000,0
129522000,0
129524000,0
129526001,0
129528001,0
129530001,0
129532000,0
129534000,0
129536000,0
129538001,0
129540001,0
129542001,0
129544001,0
129546001,0
129548001,0
129550001,0
129552001,0
129554000,0
129556000,0
129558000,0
129560001,0
129562000,0
129564000,0
129566001,0
129568000,0
129570000,0
129572000,0
129574000,0
129576001,0
129578001,0
129580001,0
129582000,0
129584000,0
129586000,0
129588000,0
129590000,0
129592000,0
129594000,0
129596000,0
129598000,0
129600000,0
129602000,0
129604000,0
129606001,0
129608001,0
129610000,0
129612001,0
129614000,0
129616000,0
129618001,0
129620000,0
129622000,0
129624001,0
129626000,0
129628000,0
129630000,0
129632000,0
129634000,0
129636000,0
129638000,0
129640000,0
129642000,0
129644000,0
129646000,0
129648000,0
129650000,0
129652000,0
129654000,0
129656000,0
129658000,0
129660000,0
129662000,0
129664000,0
129666000,0
129668000,0
129670000,0
129672000,0
129674000,0
129676000,0
129678000,0
129680001,0
129682001,0
129684000,0
129686001,0
129688000,0
129690001,0
129692001,0
129694000,0
129696000,0
129698000,0
129700000,0
129702000,0
129704000,0
129706000,0
129708000,0
129710001,0
129712001,0
129714001,0
129716000,0
129718000,0
129720001,0
129722001,0
129724001,0
129726000,0
129728000,0
129730000,0
129732000,0
129734001,0
129736001,0
129738000,0
129740001,0
129742001,0
129744001,0
129746000,0
129748000,0
129750001,0
129752000,0
129754000,0
129756000,0
129758000,0
129760000,0
129762000,0
129764000,0
129766001,0
129768001,0
129770001,0
129772000,0
129774000,0
129776000,0
129778000,0
129780000,0
129782000,0
129784000,0
129786000,0
129788000,0
129790000,0
129792000,0
129794000,0
129796001,0
129798000,0
129800000,0
129802001,0
129804001,0
129806001,0
129808000,0
129810000,0
129812000,0
129814001,0
129816000,0
129818001,0
129820001,0
129822000,0
129824000,0
129826000,0
129828000,0
129830001,0
129832000,0
129834000,0
129836000,0
129838000,0
129840000,0
129842000,0
129844000,0
129846000,0
129848000,0
129850000,0
129852000,0
129854000,0
129856001,0
129858001,0
129860000,0
129862000,0
129864000,0
129866000,0
129868000,0
129870000,0
129872000,0
129874000,0
129876000,0
129878000,0
129880000,0
129882001,0
129884001,0
129886000,0
129888000,0
129890001,0
129892000,0
129894000,0
129896000,0
129898000,0
129900001,0
129902000,0
129904000,0
129906000,0
129908000,0
129910000,0
129912000,0
129914000,0
129916000,0
129918000,0
129920000,0
129922000,0
129924001,0
129926001,0
129928000,0
129930000,0
129932000,0
129934000,0
129936000,0
129938000,0
129940000,0
129942000,0
129944000,0
129946000,0
129948000,0
129950000,0
129952000,0
129954000,0
129956000,0
129958000,0
129960000,0
129962000,0
129964001,0
129966000,0
129968000,0
129970001,0
129972001,0
129974000,0
129976000,0
129978001,0
129980001,0
129982000,0
129984000,0
129986001,0
129988000,0
129990000,0
129992000,0
129994000,0
129996000,0
129998000,0
130000001,0
130002001,0
130004001,0
130006000,0
130008001,0
130010001,0
130012001,0
130014000,0
130016001,0
130018000,0
130020000,0
130022001,0
130024000,0
130026001,0
130028000,0
130030001,0
130032001,0
130034000,0
130036001,0
130038001,0
130040001,0
130042001,0
130044000,0
130046000,0
130048000,0
130050000,0
130052000,0
130054000,0
130056000,0
130058000,0
130060001,0
130062001,0
130064000,0
130066001,0
130068001,0
130070000,0
130072000,0
130074000,0
130076000,0
130078000,0
130080000,0
130082000,0
130084000,0
130086000,0
130088000,0
130090000,0
130092000,0
130094000,0
130096000,0
130098000,0
130100000,0
130102000,0
130104000,0
130106000,0
130108000,0
130110000,0
130112000,0
130114001,0
130116001,0
130118000,0
130120001,0
130122001,0
130124000,0
130126001,0
130128000,0
130130001,0
130132001,0
130134001,0
130136001,0
130138000,0
130140000,0
130142001,0
130144000,0
130146000,0
130148000,0
130150001,0
130152000,0
130154000,0
130156000,0
130158000,0
130160001,0
130162000,0
130164001,0
130166000,0
130168000,0
130170000,0
130172000,0
130174000,0
130176001,0
130178001,0
130180001,0
130182000,0
130184001,0
130186001,0
130188000,0
130190000,0
130192001,0
130194001,0
130196000,0
130198000,0
130200000,0
130202000,0
130204000,0
130206000,0
130208000,0
130210000,0
130212000,0
130214000,0
130216000,0
130218000,0
130220000,0
130222000,0
130224000,0
130226000,0
130228000,0
130230001,0
130232001,0
130234000,0
130236000,0
130238000,0
130240000,0
130242000,0
130244000,0
130246000,0
130248000,0
130250000,0
130252000,0
130254001,0
130256000,0
130258000,0
130260001,0
130262001,0
130264000,0
130266000,0
130268000,0
130270000,0
130272000,0
130274000,0
130276000,0
130278000,0
130280000,0
130282000,0
130284001,0
130286001,0
130288000,0
130290001,0
130292001,0
130294000,0
130296000,0
130298000,0
130300000,0
130302000,0
130304000,0
130306000,0
130308000,0
130310000,0
130312000,0
130314001,0
130316000,0
130318000,0
130320000,0
130322000,0
130324000,0
130326000,0
130328001,0
130330001,0
130332000,0
130334000,0
130336000,0
130338000,0
130340000,0
130342000,0
130344001,0
130346000,0
130348001,0
130350000,0
130352000,0
130354000,0
130356000,0
130358000,0
130360000,0
130362000,0
130364000,0
130366000,0
130368000,0
130370001,0
130372000,0
130374001,0
130376001,0
130378001,0
130380001,0
130382000,0
130384000,0
130386000,0
130388000,0
130390000,0
130392001,0
130394001,0
130396000,0
130398001,0
130400001,0
130402000,0
130404000,0
130406001,0
130408001,0
130410000,0
130412000,0
130414001,0
130416000,0
130418000,0
130420001,0
130422001,0
130424000,0
130426001,0
130428001,0
130430000,0
130432000,0
130434000,0
130436000,0
130438001,0
130440001,0
130442001,0
130444001,0
130446001,0
130448001,0
130450000,0
130452001,0
130454001,0
130456001,0
130458000,0
130460001,0
130462000,0
130464000,0
130466000,0
130468000,0
130470001,0
130472000,0
130474001,0
130476000,0
130478000,0
130480000,0
130482001,0
130484000,0
130486001,0
130488000,0
130490001,0
130492000,0
130494000,0
130496000,0
130498000,0
130500000,0
130502000,0
130504000,0
130506000,0
130508001,0
130510000,0
130512000,0
130514000,0
130516000,0
130518000,0
130520000,0
130522001,0
130524000,0
130526001,0
130528000,0
130530001,0
130532000,0
130534000,0
130536000,0
130538000,0
130540000,0
130542000,0
130544000,0
130546000,0
130548000,0
130550000,0
130552000,0
130554001,0
130556000,0
130558001,0
130560001,0
130562001,0
130564001,0
130566000,0
130568001,0
130570000,0
130572000,0
130574001,0
130576001,0
130578000,0
130580000,0
130582001,0
130584000,0
130586000,0
130588001,0
130590001,0
130592001,0
130594001,0
130596001,0
130598001,0
130600000,0
130602001,0
130604000,0
130606000,0
130608001,0
130610001,0
130612000,0
130614000,0
130616000,0
130618000,0
130620000,0
130622000,0
130624000,0
130626000,0
130628000,0
130630000,0
130632000,0
130634000,0
130636000,0
130638000,0
130640000,0
130642000,0
130644000,0
130646000,0
130648000,0
130650000,0
130652000,0
130654000,0
130656000,0
130658000,0
130660000,0
130662000,0
130664000,0
130666001,0
130668001,0
130670001,0
130672000,0
130674001,0
130676001,0
130678000,0
130680000,0
130682001,0
130684000,0
130686001,0
130688001,0
130690000,0
130692001,0
130694000,0
130696001,0
130698000,0
130700000,0
130702000,0
130704000,0
130706001,0
130708001,0
130710001,0
130712000,0
130714001,0
130716000,0
130718001,0
130720001,0
130722000,0
130724001,0
130726001,0
130728001,0
130730001,0
130732001,0
130734001,0
130736000,0
130738001,0
130740000,0
130742000,0
130744000,0
130746000,0
130748000,0
130750000,0
130752000,0
130754000,0
130756000,0
130758001,0
130760001,0
130762001,0
130764000,0
130766000,0
130768000,0
130770000,0
130772000,0
130774001,0
130776000,0
130778000,0
130780000,0
130782000,0
130784000,0
130786000,0
130788000,0
130790000,0
130792000,0
130794000,0
130796000,0
130798000,0
130800000,0
130802000,0
130804000,0
130806000,0
130808000,0
130810000,0
130812000,0
130814000,0
130816000,0
130818001,0
130820001,0
130822000,0
130824000,0
130826001,0
130828000,0
130830000,0
130832000,0
130834001,0
130836000,0
130838001,0
130840000,0
130842000,0
130844000,0
130846000,0
130848000,0
130850001,0
130852000,0
130854000,0
130856000,0
130858000,0
130860000,0
130862000,0
130864000,0
130866001,0
130868001,0
130870001,0
130872000,0
130874000,0
130876000,0
130878000,0
130880000,0
130882000,0
130884000,0
130886000,0
130888000,0
130890000,0
130892000,0
130894000,0
130896000,0
130898001,0
130900000,0
130902000,0
130904001,0
130906000,0
130908001,0
130910001,0
130912001,0
130914001,0
130916001,0
130918000,0
130920000,0
130922000,0
130924000,0
130926000,0
130928000,0
130930000,0
130932000,0
130934000,0
130936001,0
130938000,0
130940001,0
130942000,0
130944000,0
130946000,0
130948000,0
130950001,0
130952000,0
130954000,0
130956000,0
130958000,0
130960000,0
130962000,0
130964001,0
130966000,0
130968000,0
130970000,0
130972000,0
130974000,0
130976001,0
130978000,0
130980001,0
130982001,0
130984000,0
130986001,0
130988000,0
130990001,0
130992001,0
130994000,0
130996000,0
130998000,0
131000000,0
131002000,0
131004000,0
131006000,0
131008000,0
131010000,0
131012000,0
131014000,0
131016000,0
131018000,0
131020000,0
131022000,0
131024000,0
131026000,0
131028000,0
131030001,0
131032001,0
131034001,0
131036000,0
131038000,0
131040001,0
131042000,0
131044000,0
131046000,0
131048000,0
131050000,0
131052000,0
131054000,0
131056000,0
131058001,0
131060000,0
131062000,0
131064000,0
131066001,0
131068000,0
131070000,0
131072000,0
131074001,0
131076001,0
131078001,0
131080000,0
131082001,0
131084000,0
131086000,0
131088000,0
131090000,0
131092001,0
131094001,0
131096000,0
131098000,0
131100001,0
131102000,0
131104001,0
131106000,0
131108000,0
131110000,0
131112000,0
131114000,0
131116000,0
131118000,0
131120000,0
131122000,0
131124000,0
131126001,0
131128001,0
131130001,0
131132000,0
131134000,0
131136000,0
131138001,0
131140001,0
131142000,0
131144000,0
131146000,0
131148001,0
131150000,0
131152000,0
131154000,0
131156000,0
131158001,0
131160000,0
131162001,0
131164001,0
131166000,0
131168000,0
131170000,0
131172001,0
131174001,0
131176000,0
131178000,0
131180000,0
131182000,0
131184000,0
131186000,0
131188000,0
131190001,0
131192000,0
131194001,0
131196001,0
131198000,0
131200000,0
131202000,0
131204001,0
131206000,0
131208001,0
131210001,0
131212000,0
131214001,0
131216001,0
131218001,0
131220000,0
131222001,0
131224001,0
131226000,0
131228000,0
131230000,0
131232000,0
131234000,0
131236000,0
131238001,0
131240000,0
131242000,0
131244000,0
131246000,0
131248001,0
131250001,0
131252000,0
131254000,0
131256001,0
131258000,0
131260000,0
131262001,0
131264001,0
131266000,0
131268000,0
131270001,0
131272000,0
131274001,0
131276001,0
131278000,0
131280000,0
131282000,0
131284001,0
131286000,0
131288000,0
131290001,0
131292001,0
131294000,0
131296000,0
131298000,0
131300000,0
131302000,0
131304001,0
131306001,0
131308001,0
131310001,0
131312001,0
131314001,0
131316001,0
131318001,0
131320001,0
131322000,0
131324001,0
131326000,0
131328000,0
131330000,0
131332000,0
131334000,0
131336000,0
131338000,0
131340000,0
131342000,0
131344001,0
131346000,0
131348001,0
131350001,0
131352001,0
131354001,0
131356001,0
131358000,0
131360000,0
131362001,0
131364001,0
131366001,0
131368001,0
131370000,0
131372000,0
131374000,0
131376001,0
131378001,0
131380000,0
131382001,0
131384001,0
131386001,0
131388001,0
131390001,0
131392000,0
131394000,0
131396001,0
131398000,0
131400000,0
131402000,0
131404000,0
131406000,0
131408000,0
131410000,0
131412000,0
131414000,0
131416000,0
131418001,0
131420000,0
131422001,0
131424000,0
131426001,0
131428001,0
131430000,0
131432000,0
131434000,0
131436000,0
131438001,0
131440000,0
131442001,0
131444000,0
131446000,0
131448001,0
131450001,0
131452000,0
131454001,0
131456001,0
131458000,0
131460001,0
131462000,0
131464000,0
131466001,0
131468000,0
131470001,0
131472001,0
131474000,0
131476001,0
131478000,0
131480000,0
131482000,0
131484000,0
131486000,0
131488000,0
131490000,0
131492000,0
131494000,0
131496001,0
131498000,0
131500001,0
131502001,0
131504001,0
131506000,0
131508000,0
131510000,0
131512000,0
131514000,0
131516000,0
131518001,0
131520000,0
131522000,0
131524000,0
131526000,0
131528001,0
131530000,0
131532000,0
131534000,0
131536000,0
131538000,0
131540001,0
131542001,0
131544001,0
131546001,0
131548001,0
131550000,0
131552000,0
131554000,0
131556001,0
131558000,0
131560001,0
131562000,0
131564000,0
131566000,0
131568000,0
131570000,0
131572000,0
131574000,0
131576000,0
131578000,0
131580000,0
131582000,0
131584000,0
131586000,0
131588000,0
131590000,0
131592001,0
131594000,0
131596001,0
131598000,0
131600000,0
131602000,0
131604000,0
131606000,0
131608000,0
131610000,0
131612000,0
131614000,0
131616000,0
131618000,0
131620001,0
131622001,0
131624000,0
131626000,0
131628000,0
131630000,0
131632000,0
131634001,0
131636001,0
131638000,0
131640001,0
131642000,0
131644000,0
131646000,0
131648001,0
131650001,0
131652001,0
131654000,0
131656000,0
131658000,0
131660000,0
131662000,0
131664001,0
131666000,0
131668001,0
131670000,0
131672001,0
131674000,0
131676000,0
131678001,0
131680000,0
131682000,0
131684000,0
131686000,0
131688000,0
131690000,0
131692001,0
131694000,0
131696000,0
131698000,0
131700000,0
131702000,0
131704000,0
131706000,0
131708000,0
131710001,0
131712001,0
131714000,0
131716000,0
131718000,0
131720000,0
131722001,0
131724001,0
131726000,0
131728000,0
131730000,0
131732001,0
131734001,0
131736000,0
131738001,0
131740000,0
131742001,0
131744000,0
131746000,0
131748000,0
131750000,0
131752000,0
131754000,0
131756000,0
131758000,0
131760000,0
131762000,0
131764000,0
131766000,0
131768000,0
131770000,0
131772000,0
131774000,0
131776000,0
131778001,0
131780001,0
131782000,0
131784000,0
131786000,0
131788000,0
131790001,0
131792000,0
131794001,0
131796001,0
131798001,0
131800001,0
131802000,0
131804000,0
131806000,0
131808000,0
131810000,0
131812000,0
131814000,0
131816000,0
131818000,0
131820000,0
131822000,0
131824000,0
131826000,0
131828000,0
131830000,0
131832000,0
131834001,0
131836000,0
131838001,0
131840001,0
131842000,0
131844000,0
131846000,0
131848000,0
131850000,0
131852000,0
131854000,0
131856001,0
131858001,0
131860001,0
131862000,0
131864000,0
131866000,0
131868000,0
131870000,0
131872000,0
131874001,0
131876000,0
131878001,0
131880000,0
131882000,0
131884000,0
131886001,0
131888000,0
131890001,0
131892000,0
131894000,0
131896000,0
131898000,0
131900000,0
131902000,0
131904000,0
131906000,0
131908000,0
131910000,0
131912001,0
131914001,0
131916000,0
131918000,0
131920000,0
131922000,0
131924000,0
131926000,0
131928000,0
131930000,0
131932000,0
131934001,0
131936000,0
131938000,0
131940001,0
131942000,0
131944001,0
131946001,0
131948000,0
131950001,0
131952000,0
131954000,0
131956000,0
131958001,0
131960001,0
131962000,0
131964000,0
131966000,0
131968000,0
131970000,0
131972001,0
131974000,0
131976000,0
131978001,0
131980000,0
131982000,0
131984000,0
131986000,0
131988000,0
131990000,0
131992000,0
131994000,0
131996000,0
131998000,0
132000000,0
132002000,0
132004000,0
132006000,0
132008000,0
132010000,0
132012001,0
132014000,0
132016001,0
132018000,0
132020000,0
132022000,0
132024000,0
132026000,0
132028001,0
132030000,0
132032000,0
132034000,0
132036000,0
132038000,0
132040000,0
132042001,0
132044000,0
132046001,0
132048001,0
132050000,0
132052001,0
132054000,0
132056000,0
132058000,0
132060000,0
132062001,0
132064000,0
132066000,0
132068001,0
132070000,0
132072001,0
132074001,0
132076001,0
132078001,0
132080001,0
132082001,0
132084001,0
132086000,0
132088001,0
132090001,0
132092000,0
132094000,0
132096000,0
132098000,0
132100000,0
132102000,0
132104000,0
132106000,0
132108001,0
132110000,0
132112000,0
132114000,0
132116000,0
132118001,0
132120000,0
132122000,0
132124000,0
132126000,0
132128000,0
132130000,0
132132001,0
132134000,0
132136001,0
132138000,0
132140001,0
132142000,0
132144000,0
132146000,0
132148000,0
132150000,0
132152000,0
132154000,0
132156001,0
132158000,0
132160000,0
132162000,0
132164000,0
132166001,0
132168000,0
132170001,0
132172000,0
132174000,0
132176001,0
132178001,0
132180000,0
132182001,0
132184000,0
132186000,0
132188000,0
132190000,0
132192001,0
132194001,0
132196000,0
132198001,0
132200000,0
132202001,0
132204001,0
132206000,0
132208000,0
132210000,0
132212000,0
132214000,0
132216001,0
132218000,0
132220000,0
132222000,0
132224000,0
132226001,0
132228001,0
132230000,0
132232000,0
132234000,0
132236001,0
132238000,0
132240001,0
132242000,0
132244001,0
132246000,0
132248000,0
132250001,0
132252001,0
132254000,0
132256001,0
132258000,0
132260000,0
132262000,0
132264000,0
132266000,0
132268000,0
132270000,0
132272000,0
132274001,0
132276000,0
132278000,0
132280000,0
132282000,0
132284001,0
132286000,0
132288001,0
132290000,0
132292000,0
132294000,0
132296000,0
132298000,0
132300000,0
132302000,0
132304001,0
132306000,0
132308000,0
132310000,0
132312001,0
132314000,0
132316000,0
132318000,0
132320000,0
132322000,0
132324000,0
132326001,0
132328000,0
132330000,0
132332001,0
132334000,0
132336000,0
132338000,0
132340000,0
132342000,0
132344001,0
132346001,0
132348001,0
132350000,0
132352001,0
132354000,0
132356001,0
132358000,0
132360000,0
132362000,0
132364000,0
132366000,0
132368000,0
132370000,0
132372001,0
132374001,0
132376000,0
132378000,0
132380000,0
132382001,0
132384001,0
132386000,0
132388001,0
132390000,0
132392000,0
132394000,0
132396000,0
132398000,0
132400000,0
132402001,0
132404001,0
132406000,0
132408001,0
132410001,0
132412000,0
132414000,0
132416000,0
132418000,0
132420001,0
132422000,0
132424000,0
132426000,0
132428000,0
132430000,0
132432000,0
132434000,0
132436000,0
132438000,0
132440000,0
132442000,0
132444000,0
132446000,0
132448000,0
132450000,0
132452000,0
132454001,0
132456000,0
132458000,0
132460000,0
132462000,0
132464000,0
132466000,0
132468001,0
132470001,0
132472001,0
132474000,0
132476001,0
132478000,0
132480001,0
132482001,0
132484001,0
132486001,0
132488000,0
132490000,0
132492001,0
132494000,0
132496001,0
132498000,0
132500001,0
132502000,0
132504000,0
132506001,0
132508000,0
132510000,0
132512001,0
132514001,0
132516000,0
132518001,0
132520001,0
132522001,0
132524000,0
132526000,0
132528001,0
132530001,0
132532000,0
132534000,0
132536000,0
132538000,0
132540000,0
132542001,0
132544000,0
132546000,0
132548000,0
132550000,0
132552000,0
132554001,0
132556000,0
132558000,0
132560000,0
132562000,0
132564000,0
132566000,0
132568000,0
132570000,0
132572000,0
132574000,0
132576000,0
132578001,0
132580000,0
132582000,0
132584000,0
132586000,0
132588000,0
132590000,0
132592000,0
132594000,0
132596000,0
132598000,0
132600000,0
132602000,0
132604000,0
132606000,0
132608000,0
132610000,0
132612000,0
132614000,0
132616000,0
132618000,0
132620001,0
132622001,0
132624001,0
132626001,0
132628000,0
132630000,0
132632000,0
132634001,0
132636001,0
132638000,0
132640000,0
132642000,0
132644000,0
132646000,0
132648000,0
132650000,0
132652000,0
132654000,0
132656000,0
132658000,0
132660000,0
132662000,0
132664000,0
132666001,0
132668000,0
132670001,0
132672000,0
132674000,0
132676000,0
132678000,0
132680000,0
132682000,0
132684000,0
132686000,0
132688000,0
132690000,0
132692000,0
132694000,0
132696000,0
132698000,0
132700000,0
132702001,0
132704000,0
132706000,0
132708000,0
132710000,0
132712000,0
132714000,0
132716001,0
132718001,0
132720000,0
132722000,0
132724000,0
132726001,0
132728000,0
132730001,0
132732001,0
132734000,0
132736000,0
132738000,0
132740000,0
132742001,0
132744000,0
132746000,0
132748001,0
132750000,0
132752001,0
132754000,0
132756000,0
132758000,0
132760000,0
132762000,0
132764000,0
132766000,0
132768000,0
132770000,0
132772000,0
132774000,0
132776001,0
132778000,0
132780000,0
132782000,0
132784000,0
132786000,0
132788000,0
132790000,0
132792000,0
132794000,0
132796000,0
132798000,0
132800001,0
132802001,0
132804001,0
132806000,0
132808000,0
132810000,0
132812000,0
132814000,0
132816000,0
132818000,0
132820000,0
132822000,0
132824000,0
132826000,0
132828000,0
132830000,0
132832000,0
132834000,0
132836000,0
132838000,0
132840000,0
132842000,0
132844000,0
132846000,0
132848000,0
132850000,0
132852001,0
132854000,0
132856001,0
132858001,0
132860001,0
132862000,0
132864001,0
132866000,0
132868000,0
132870000,0
132872000,0
132874000,0
132876000,0
132878001,0
132880000,0
132882000,0
132884000,0
132886000,0
132888000,0
132890000,0
132892000,0
132894000,0
132896000,0
132898001,0
132900001,0
132902000,0
132904001,0
132906000,0
132908001,0
132910001,0
132912000,0
132914000,0
132916000,0
132918000,0
132920000,0
132922000,0
132924001,0
132926001,0
132928000,0
132930000,0
132932001,0
132934000,0
132936001,0
132938000,0
132940000,0
132942001,0
132944001,0
132946000,0
132948001,0
132950000,0
132952001,0
132954000,0
132956000,0
132958000,0
132960000,0
132962000,0
132964000,0
132966001,0
132968000,0
132970000,0
132972001,0
132974001,0
132976001,0
132978000,0
132980000,0
132982000,0
132984001,0
132986001,0
132988000,0
132990000,0
132992001,0
132994001,0
132996000,0
132998000,0
133000001,0
133002000,0
133004001,0
133006000,0
133008000,0
133010000,0
133012001,0
133014000,0
133016000,0
133018000,0
133020001,0
133022000,0
133024000,0
133026000,0
133028000,0
133030000,0
133032001,0
133034001,0
133036000,0
133038001,0
133040001,0
133042001,0
133044000,0
133046001,0
133048001,0
133050001,0
133052000,0
133054001,0
133056000,0
133058000,0
133060001,0
133062000,0
133064000,0
133066000,0
133068001,0
133070000,0
133072000,0
133074000,0
133076000,0
133078000,0
133080000,0
133082001,0
133084000,0
133086000,0
133088000,0
133090000,0
133092000,0
133094001,0
133096001,0
133098000,0
133100001,0
133102000,0
133104000,0
133106000,0
133108000,0
133110000,0
133112000,0
133114001,0
133116001,0
133118000,0
133120000,0
133122000,0
133124000,0
133126000,0
133128000,0
133130000,0
133132000,0
133134000,0
133136000,0
133138000,0
133140000,0
133142000,0
133144000,0
133146000,0
133148000,0
133150000,0
133152000,0
133154000,0
133156000,0
133158000,0
133160000,0
133162001,0
133164000,0
133166000,0
133168000,0
133170000,0
133172000,0
133174000,0
133176000,0
133178000,0
133180001,0
133182001,0
133184001,0
133186001,0
133188001,0
133190000,0
133192001,0
133194000,0
133196000,0
133198001,0
133200000,0
133202000,0
133204000,0
133206001,0
133208000,0
133210000,0
133212000,0
133214000,0
133216000,0
133218000,0
133220000,0
133222000,0
133224000,0
133226000,0
133228000,0
133230000,0
133232000,0
133234000,0
133236000,0
133238000,0
133240000,0
133242000,0
133244000,0
133246000,0
133248001,0
133250000,0
133252000,0
133254000,0
133256000,0
133258000,0
133260000,0
133262000,0
133264000,0
133266000,0
133268001,0
133270000,0
133272000,0
133274001,0
133276000,0
133278000,0
133280000,0
133282000,0
133284000,0
133286000,0
133288001,0
133290001,0
133292001,0
133294000,0
133296001,0
133298001,0
133300000,0
133302000,0
133304000,0
133306000,0
133308000,0
133310000,0
133312001,0
133314000,0
133316000,0
133318000,0
133320000,0
133322000,0
133324000,0
133326000,0
133328000,0
133330000,0
133332000,0
133334000,0
133336000,0
133338000,0
133340000,0
133342000,0
133344001,0
133346000,0
133348001,0
133350001,0
133352000,0
133354000,0
133356000,0
133358000,0
133360000,0
133362000,0
133364001,0
133366000,0
133368001,0
133370000,0
133372000,0
133374000,0
133376000,0
133378001,0
133380000,0
133382001,0
133384000,0
133386001,0
133388001,0
133390001,0
133392000,0
133394000,0
133396001,0
133398000,0
133400000,0
133402000,0
133404000,0
133406000,0
133408000,0
133410000,0
133412000,0
133414001,0
133416000,0
133418000,0
133420000,0
133422000,0
133424000,0
133426000,0
133428000,0
133430001,0
133432001,0
133434000,0
133436001,0
133438000,0
133440001,0
133442001,0
133444000,0
133446001,0
133448000,0
133450001,0
133452000,0
133454000,0
133456000,0
133458001,0
133460001,0
133462001,0
133464000,0
133466001,0
133468001,0
133470000,0
133472001,0
133474000,0
133476001,0
133478000,0
133480000,0
133482001,0
133484001,0
133486000,0
133488001,0
133490000,0
133492001,0
133494001,0
133496001,0
133498001,0
133500000,0
133502000,0
133504000,0
133506000,0
133508000,0
133510001,0
133512000,0
133514001,0
133516001,0
133518001,0
133520001,0
133522000,0
133524001,0
133526000,0
133528000,0
133530001,0
133532001,0
133534000,0
133536000,0
133538000,0
133540000,0
133542000,0
133544000,0
133546000,0
133548000,0
133550000,0
133552000,0
133554001,0
133556000,0
133558001,0
133560000,0
133562001,0
133564001,0
133566000,0
133568000,0
133570000,0
133572000,0
133574000,0
133576000,0
133578001,0
133580000,0
133582001,0
133584000,0
133586001,0
133588001,0
133590000,0
133592001,0
133594001,0
133596000,0
133598001,0
133600000,0
133602001,0
133604000,0
133606001,0
133608000,0
133610000,0
133612001,0
133614001,0
133616000,0
133618001,0
133620001,0
133622001,0
133624000,0
133626000,0
133628000,0
133630000,0
133632001,0
133634000,0
133636000,0
133638001,0
133640001,0
133642001,0
133644000,0
133646001,0
133648001,0
133650000,0
133652001,0
133654000,0
133656001,0
133658000,0
133660000,0
133662000,0
133664001,0
133666001,0
133668001,0
133670000,0
133672001,0
133674001,0
133676000,0
133678001,0
133680000,0
133682000,0
133684000,0
133686000,0
133688000,0
133690001,0
133692000,0
133694000,0
133696000,0
133698000,0
133700000,0
133702000,0
133704000,0
133706000,0
133708000,0
133710001,0
133712000,0
133714000,0
133716000,0
133718001,0
133720000,0
133722001,0
133724001,0
133726000,0
133728000,0
133730000,0
133732000,0
133734000,0
133736000,0
133738000,0
133740001,0
133742001,0
133744000,0
133746001,0
133748000,0
133750000,0
133752000,0
133754000,0
133756000,0
133758000,0
133760000,0
133762000,0
133764000,0
133766001,0
133768001,0
133770000,0
133772000,0
133774001,0
133776000,0
133778000,0
133780001,0
133782001,0
133784000,0
133786001,0
133788000,0
133790001,0
133792001,0
133794000,0
133796001,0
133798000,0
133800000,0
133802000,0
133804000,0
133806000,0
133808000,0
133810000,0
133812000,0
133814000,0
133816000,0
133818000,0
133820000,0
133822000,0
133824000,0
133826000,0
133828000,0
133830000,0
133832001,0
133834000,0
133836001,0
133838000,0
133840001,0
133842000,0
133844000,0
133846001,0
133848000,0
133850000,0
133852000,0
133854000,0
133856000,0
133858000,0
133860000,0
133862000,0
133864000,0
133866000,0
133868000,0
133870000,0
133872000,0
133874000,0
133876000,0
133878001,0
133880000,0
133882001,0
133884000,0
133886000,0
133888001,0
133890001,0
133892000,0
133894000,0
133896000,0
133898000,0
133900000,0
133902000,0
133904000,0
133906000,0
133908000,0
133910000,0
133912000,0
133914000,0
133916000,0
133918000,0
133920000,0
133922000,0
133924001,0
133926000,0
133928000,0
133930000,0
133932000,0
133934000,0
133936000,0
133938000,0
133940001,0
133942001,0
133944000,0
133946000,0
133948000,0
133950000,0
133952001,0
133954000,0
133956000,0
133958000,0
133960001,0
133962001,0
133964001,0
133966001,0
133968000,0
133970000,0
133972000,0
133974000,0
133976000,0
133978001,0
133980000,0
133982001,0
133984001,0
133986001,0
133988000,0
133990001,0
133992000,0
133994000,0
133996000,0
133998000,0
134000000,0
134002000,0
134004001,0
134006001,0
134008000,0
134010000,0
134012001,0
134014000,0
134016000,0
134018000,0
134020001,0
134022000,0
134024000,0
134026000,0
134028000,0
134030000,0
134032000,0
134034000,0
134036000,0
134038000,0
134040001,0
134042001,0
134044000,0
134046000,0
134048000,0
134050000,0
134052000,0
134054000,0
134056000,0
134058000,0
134060000,0
134062000,0
134064000,0
134066000,0
134068001,0
134070000,0
134072000,0
134074000,0
134076000,0
134078000,0
134080000,0
134082000,0
134084000,0
134086000,0
134088001,0
134090000,0
134092000,0
134094001,0
134096000,0
134098000,0
134100000,0
134102001,0
134104001,0
134106000,0
134108000,0
134110000,0
134112000,0
134114000,0
134116000,0
134118000,0
134120000,0
134122000,0
134124000,0
134126000,0
134128000,0
134130000,0
134132000,0
134134000,0
134136000,0
134138000,0
134140001,0
134142000,0
134144000,0
134146000,0
134148000,0
134150000,0
134152000,0
134154000,0
134156000,0
134158000,0
134160000,0
134162000,0
134164000,0
134166000,0
134168001,0
134170001,0
134172001,0
134174000,0
134176000,0
134178000,0
134180000,0
134182000,0
134184000,0
134186000,0
134188000,0
134190000,0
134192000,0
134194000,0
134196000,0
134198000,0
134200001,0
134202000,0
134204000,0
134206000,0
134208000,0
134210000,0
134212000,0
134214000,0
134216000,0
134218000,0
134220000,0
134222000,0
134224000,0
134226000,0
134228000,0
134230000,0
134232001,0
134234000,0
134236000,0
134238001,0
134240001,0
134242001,0
134244000,0
134246001,0
134248000,0
134250001,0
134252000,0
134254000,0
134256000,0
134258000,0
134260000,0
134262000,0
134264000,0
134266000,0
134268000,0
134270000,0
134272000,0
134274000,0
134276000,0
134278000,0
134280000,0
134282000,0
134284000,0
134286000,0
134288000,0
134290000,0
134292000,0
134294000,0
134296001,0
134298001,0
134300000,0
134302000,0
134304000,0
134306000,0
134308000,0
134310001,0
134312000,0
134314000,0
134316000,0
134318001,0
134320000,0
134322001,0
134324000,0
134326001,0
134328000,0
134330000,0
134332000,0
134334000,0
134336001,0
134338001,0
134340001,0
134342000,0
134344001,0
134346000,0
134348000,0
134350001,0
134352001,0
134354000,0
134356000,0
134358000,0
134360000,0
134362000,0
134364001,0
134366000,0
134368001,0
134370000,0
134372000,0
134374001,0
134376001,0
134378000,0
134380001,0
134382000,0
134384001,0
134386001,0
134388000,0
134390000,0
134392001,0
134394001,0
134396000,0
134398001,0
134400000,0
134402000,0
134404000,0
134406000,0
134408001,0
134410001,0
134412001,0
134414001,0
134416001,0
134418001,0
134420000,0
134422000,0
134424001,0
134426000,0
134428000,0
134430001,0
134432000,0
134434000,0
134436000,0
134438000,0
134440000,0
134442000,0
134444001,0
134446000,0
134448000,0
134450001,0
134452001,0
134454001,0
134456000,0
134458001,0
134460001,0
134462000,0
134464000,0
134466000,0
134468001,0
134470000,0
134472001,0
134474000,0
134476001,0
134478000,0
134480001,0
134482000,0
134484001,0
134486000,0
134488000,0
134490000,0
134492000,0
134494000,0
134496000,0
134498000,0
134500000,0
134502000,0
134504000,0
134506000,0
134508000,0
134510000,0
134512000,0
134514000,0
134516000,0
134518000,0
134520000,0
134522000,0
134524000,0
134526001,0
134528001,0
134530001,0
134532001,0
134534000,0
134536000,0
134538000,0
134540000,0
134542000,0
134544001,0
134546000,0
134548000,0
134550000,0
134552000,0
134554000,0
134556000,0
134558000,0
134560000,0
134562000,0
134564000,0
134566000,0
134568001,0
134570001,0
134572000,0
134574001,0
134576000,0
134578001,0
134580001,0
134582001,0
134584000,0
134586001,0
134588000,0
134590001,0
134592001,0
134594000,0
134596000,0
134598000,0
134600000,0
134602001,0
134604000,0
134606000,0
134608000,0
134610000,0
134612000,0
134614000,0
134616001,0
134618001,0
134620000,0
134622000,0
134624001,0
134626000,0
134628001,0
134630001,0
134632001,0
134634000,0
134636000,0
134638001,0
134640000,0
134642000,0
134644001,0
134646001,0
134648000,0
134650000,0
134652000,0
134654000,0
134656000,0
134658000,0
134660000,0
134662000,0
134664000,0
134666000,0
134668000,0
134670000,0
134672000,0
134674000,0
134676000,0
134678000,0
134680000,0
134682001,0
134684001,0
134686000,0
134688001,0
134690000,0
134692001,0
134694001,0
134696000,0
134698000,0
134700001,0
134702000,0
134704001,0
134706001,0
134708001,0
134710001,0
134712000,0
134714000,0
134716000,0
134718000,0
134720000,0
134722000,0
134724000,0
134726000,0
134728001,0
134730001,0
134732000,0
134734001,0
134736000,0
134738001,0
134740001,0
134742001,0
134744000,0
134746000,0
134748000,0
134750000,0
134752001,0
134754000,0
134756000,0
134758000,0
134760001,0
134762000,0
134764000,0
134766000,0
134768001,0
134770000,0
134772000,0
134774001,0
134776000,0
134778000,0
134780000,0
134782000,0
134784000,0
134786000,0
134788001,0
134790001,0
134792000,0
134794001,0
134796000,0
134798000,0
134800000,0
134802001,0
134804000,0
134806001,0
134808000,0
134810000,0
134812001,0
134814001,0
134816000,0
134818000,0
134820000,0
134822000,0
134824000,0
134826000,0
134828000,0
134830000,0
134832001,0
134834000,0
134836000,0
134838000,0
134840000,0
134842000,0
134844000,0
134846000,0
134848000,0
134850000,0
134852001,0
134854001,0
134856000,0
134858001,0
134860001,0
134862000,0
134864000,0
134866000,0
134868000,0
134870000,0
134872000,0
134874000,0
134876000,0
134878000,0
134880000,0
134882000,0
134884001,0
134886000,0
134888001,0
134890001,0
134892000,0
134894000,0
134896000,0
134898000,0
134900000,0
134902000,0
134904000,0
134906000,0
134908000,0
134910000,0
134912000,0
134914000,0
134916000,0
134918000,0
134920000,0
134922000,0
134924000,0
134926000,0
134928000,0
134930001,0
134932001,0
134934000,0
134936001,0
134938000,0
134940000,0
134942000,0
134944001,0
134946001,0
134948000,0
134950000,0
134952000,0
134954000,0
134956000,0
134958000,0
134960000,0
134962000,0
134964000,0
134966000,0
134968000,0
134970000,0
134972000,0
134974000,0
134976000,0
134978000,0
134980000,0
134982001,0
134984000,0
134986001,0
134988001,0
134990001,0
134992000,0
134994001,0
134996000,0
134998001,0
135000000,0
135002000,0
135004001,0
135006000,0
135008001,0
135010000,0
135012001,0
135014000,0
135016000,0
135018000,0
135020000,0
135022000,0
135024001,0
135026000,0
135028000,0
135030000,0
135032000,0
135034000,0
135036000,0
135038000,0
135040000,0
135042000,0
135044001,0
135046000,0
135048000,0
135050000,0
135052000,0
135054000,0
135056000,0
135058000,0
135060000,0
135062000,0
135064000,0
135066000,0
135068001,0
135070001,0
135072000,0
135074001,0
135076001,0
135078001,0
135080000,0
135082001,0
135084001,0
135086000,0
135088001,0
135090001,0
135092000,0
135094000,0
135096000,0
135098001,0
135100000,0
135102000,0
135104000,0
135106001,0
135108001,0
135110001,0
135112000,0
135114000,0
135116001,0
135118001,0
135120000,0
135122000,0
135124000,0
135126000,0
135128000,0
135130001,0
135132001,0
135134000,0
135136001,0
135138000,0
135140001,0
135142000,0
135144000,0
135146000,0
135148000,0
135150000,0
135152000,0
135154000,0
135156000,0
135158001,0
135160000,0
135162001,0
135164000,0
135166000,0
135168000,0
135170000,0
135172000,0
135174000,0
135176000,0
135178000,0
135180001,0
135182000,0
135184000,0
135186000,0
135188000,0
135190000,0
135192000,0
135194001,0
135196000,0
135198000,0
135200000,0
135202000,0
135204000,0
135206000,0
135208000,0
135210000,0
135212000,0
135214000,0
135216000,0
135218000,0
135220000,0
135222000,0
135224000,0
135226001,0
135228001,0
135230000,0
135232000,0
135234000,0
135236000,0
135238000,0
135240000,0
135242000,0
135244001,0
135246000,0
135248001,0
135250000,0
135252000,0
135254000,0
135256000,0
135258000,0
135260000,0
135262000,0
135264001,0
135266000,0
135268001,0
135270001,0
135272000,0
135274001,0
135276000,0
135278000,0
135280001,0
135282001,0
135284001,0
135286001,0
135288000,0
135290000,0
135292000,0
135294000,0
135296000,0
135298000,0
135300000,0
135302001,0
135304000,0
135306001,0
135308001,0
135310000,0
135312000,0
135314001,0
135316000,0
135318000,0
135320000,0
135322000,0
135324000,0
135326000,0
135328000,0
135330001,0
135332000,0
135334000,0
135336000,0
135338001,0
135340000,0
135342000,0
135344000,0
135346000,0
135348000,0
135350000,0
135352001,0
135354000,0
135356000,0
135358001,0
135360001,0
135362000,0
135364001,0
135366000,0
135368000,0
135370000,0
135372001,0
135374000,0
135376000,0
135378000,0
135380000,0
135382000,0
135384000,0
135386000,0
135388000,0
135390000,0
135392000,0
135394000,0
135396000,0
135398001,0
135400000,0
135402000,0
135404001,0
135406000,0
135408000,0
135410000,0
135412000,0
135414000,0
135416000,0
135418001,0
135420000,0
135422001,0
135424000,0
135426000,0
135428000,0
135430000,0
135432000,0
135434001,0
135436000,0
135438000,0
135440000,0
135442000,0
135444000,0
135446000,0
135448000,0
135450000,0
135452001,0
135454000,0
135456000,0
135458000,0
135460000,0
135462000,0
135464000,0
135466000,0
135468000,0
135470000,0
135472000,0
135474000,0
135476000,0
135478001,0
135480001,0
135482000,0
135484000,0
135486000,0
135488000,0
135490000,0
135492000,0
135494000,0
135496001,0
135498001,0
135500000,0
135502001,0
135504000,0
135506000,0
135508000,0
135510000,0
135512000,0
135514000,0
135516001,0
135518001,0
135520000,0
135522000,0
135524001,0
135526000,0
135528000,0
135530001,0
135532001,0
135534000,0
135536000,0
135538000,0
135540000,0
135542001,0
135544000,0
135546000,0
135548001,0
135550001,0
135552000,0
135554001,0
135556000,0
135558000,0
135560000,0
135562000,0
135564000,0
135566000,0
135568000,0
135570000,0
135572000,0
135574001,0
135576000,0
135578001,0
135580000,0
135582000,0
135584001,0
135586000,0
135588001,0
135590001,0
135592000,0
135594000,0
135596001,0
135598000,0
135600000,0
135602000,0
135604000,0
135606000,0
135608000,0
135610000,0
135612000,0
135614000,0
135616000,0
135618000,0
135620001,0
135622000,0
135624001,0
135626000,0
135628000,0
135630000,0
135632000,0
135634000,0
135636000,0
135638000,0
135640000,0
135642001,0
135644001,0
135646001,0
135648000,0
135650001,0
135652000,0
135654001,0
135656001,0
135658000,0
135660000,0
135662000,0
135664001,0
135666000,0
135668000,0
135670000,0
135672000,0
135674000,0
135676000,0
135678000,0
135680000,0
135682000,0
135684000,0
135686000,0
135688000,0
135690000,0
135692000,0
135694000,0
135696001,0
135698000,0
135700000,0
135702000,0
135704001,0
135706000,0
135708000,0
135710000,0
135712000,0
135714000,0
135716000,0
135718000,0
135720000,0
135722000,0
135724000,0
135726000,0
135728000,0
135730001,0
135732000,0
135734000,0
135736000,0
135738001,0
135740000,0
135742000,0
135744000,0
135746000,0
135748000,0
135750000,0
135752000,0
135754000,0
135756000,0
135758000,0
135760000,0
135762000,0
135764000,0
135766001,0
135768001,0
135770001,0
135772001,0
135774000,0
135776000,0
135778000,0
135780001,0
135782001,0
135784000,0
135786001,0
135788000,0
135790001,0
135792000,0
135794001,0
135796001,0
135798001,0
135800000,0
135802000,0
135804000,0
135806000,0
135808000,0
135810000,0
135812001,0
135814001,0
135816001,0
135818001,0
135820000,0
135822001,0
135824001,0
135826001,0
135828000,0
135830000,0
135832001,0
135834001,0
135836001,0
135838000,0
135840000,0
135842000,0
135844000,0
135846000,0
135848000,0
135850000,0
135852000,0
135854000,0
135856000,0
135858000,0
135860000,0
135862000,0
135864000,0
135866001,0
135868001,0
135870001,0
135872000,0
135874001,0
135876000,0
135878001,0
135880000,0
135882000,0
135884000,0
135886000,0
135888000,0
135890000,0
135892000,0
135894000,0
135896000,0
135898000,0
135900000,0
135902000,0
135904000,0
135906000,0
135908000,0
135910001,0
135912000,0
135914000,0
135916000,0
135918000,0
135920000,0
135922000,0
135924000,0
135926000,0
135928001,0
135930001,0
135932001,0
135934000,0
135936001,0
135938001,0
135940001,0
135942000,0
135944001,0
135946000,0
135948001,0
135950001,0
135952001,0
135954001,0
135956000,0
135958001,0
135960000,0
135962000,0
135964000,0
135966001,0
135968000,0
135970000,0
135972000,0
135974000,0
135976000,0
135978000,0
135980000,0
135982000,0
135984001,0
135986001,0
135988000,0
135990001,0
135992001,0
135994001,0
135996001,0
135998000,0
136000000,0
136002000,0
136004000,0
136006000,0
136008000,0
136010000,0
136012000,0
136014000,0
136016000,0
136018000,0
136020001,0
136022001,0
136024000,0
136026001,0
136028000,0
136030001,0
136032000,0
136034001,0
136036000,0
136038001,0
136040000,0
136042000,0
136044000,0
136046000,0
136048000,0
136050000,0
136052000,0
136054000,0
136056000,0
136058000,0
136060000,0
136062000,0
136064001,0
136066000,0
136068000,0
136070000,0
136072000,0
136074000,0
136076001,0
136078001,0
136080001,0
136082001,0
136084001,0
136086001,0
136088001,0
136090000,0
136092000,0
136094001,0
136096000,0
136098000,0
136100001,0
136102000,0
136104001,0
136106001,0
136108000,0
136110000,0
136112001,0
136114000,0
136116000,0
136118001,0
136120000,0
136122001,0
136124000,0
136126000,0
136128000,0
136130001,0
136132000,0
136134000,0
136136000,0
136138000,0
136140000,0
136142000,0
136144000,0
136146000,0
136148000,0
136150000,0
136152000,0
136154000,0
136156000,0
136158000,0
136160000,0
136162000,0
136164000,0
136166000,0
136168000,0
136170000,0
136172000,0
136174000,0
136176000,0
136178000,0
136180001,0
136182001,0
136184000,0
136186001,0
136188001,0
136190001,0
136192000,0
136194000,0
136196001,0
136198000,0
136200001,0
136202000,0
136204001,0
136206000,0
136208001,0
136210000,0
136212000,0
136214000,0
136216000,0
136218000,0
136220000,0
136222000,0
136224000,0
136226000,0
136228000,0
136230000,0
136232000,0
136234000,0
136236001,0
136238000,0
136240001,0
136242000,0
136244000,0
136246000,0
136248000,0
136250000,0
136252000,0
136254000,0
136256000,0
136258000,0
136260000,0
136262001,0
136264000,0
136266000,0
136268000,0
136270000,0
136272000,0
136274000,0
136276000,0
136278000,0
136280000,0
136282000,0
136284000,0
136286000,0
136288000,0
136290001,0
136292001,0
136294001,0
136296000,0
136298000,0
136300000,0
136302000,0
136304000,0
136306001,0
136308000,0
136310000,0
136312000,0
136314000,0
136316000,0
136318000,0
136320000,0
136322000,0
136324000,0
136326000,0
136328001,0
136330000,0
136332000,0
136334000,0
136336001,0
136338000,0
136340000,0
136342000,0
136344000,0
136346000,0
136348000,0
136350001,0
136352001,0
136354000,0
136356000,0
136358000,0
136360000,0
136362001,0
136364000,0
136366000,0
136368000,0
136370000,0
136372000,0
136374000,0
136376000,0
136378000,0
136380001,0
136382000,0
136384000,0
136386000,0
136388000,0
136390000,0
136392000,0
136394000,0
136396000,0
136398001,0
136400001,0
136402001,0
136404000,0
136406000,0
136408000,0
136410000,0
136412000,0
136414000,0
136416000,0
136418000,0
136420000,0
136422000,0
136424000,0
136426000,0
136428000,0
136430000,0
136432000,0
136434000,0
136436000,0
136438000,0
136440000,0
136442000,0
136444000,0
136446000,0
136448001,0
136450001,0
136452000,0
136454001,0
136456000,0
136458000,0
136460000,0
136462000,0
136464000,0
136466000,0
136468000,0
136470000,0
136472000,0
136474000,0
136476000,0
136478001,0
136480000,0
136482001,0
136484000,0
136486000,0
136488000,0
136490000,0
136492001,0
136494001,0
136496001,0
136498000,0
136500000,0
136502000,0
136504000,0
136506000,0
136508000,0
136510000,0
136512000,0
136514001,0
136516001,0
136518001,0
136520000,0
136522000,0
136524000,0
136526000,0
136528000,0
136530000,0
136532000,0
136534000,0
136536001,0
136538001,0
136540000,0
136542001,0
136544000,0
136546001,0
136548000,0
136550000,0
136552001,0
136554000,0
136556001,0
136558001,0
136560000,0
136562001,0
136564000,0
136566001,0
136568000,0
136570001,0
136572000,0
136574000,0
136576000,0
136578000,0
136580000,0
136582000,0
136584000,0
136586000,0
136588000,0
136590000,0
136592000,0
136594001,0
136596000,0
136598000,0
136600000,0
136602000,0
136604000,0
136606000,0
136608000,0
136610000,0
136612000,0
136614000,0
136616000,0
136618000,0
136620001,0
136622001,0
136624000,0
136626001,0
136628000,0
136630000,0
136632000,0
136634000,0
136636000,0
136638000,0
136640000,0
136642001,0
136644000,0
136646000,0
136648000,0
136650001,0
136652001,0
136654000,0
136656000,0
136658000,0
136660000,0
136662000,0
136664000,0
136666001,0
136668001,0
136670000,0
136672001,0
136674001,0
136676000,0
136678000,0
136680000,0
136682000,0
136684000,0
136686000,0
136688000,0
136690000,0
136692000,0
136694000,0
136696000,0
136698001,0
136700001,0
136702000,0
136704000,0
136706000,0
136708001,0
136710000,0
136712000,0
136714000,0
136716000,0
136718000,0
136720000,0
136722001,0
136724001,0
136726001,0
136728000,0
136730001,0
136732000,0
136734001,0
136736000,0
136738001,0
136740001,0
136742000,0
136744001,0
136746000,0
136748000,0
136750001,0
136752001,0
136754000,0
136756000,0
136758000,0
136760000,0
136762000,0
136764000,0
136766000,0
136768000,0
136770000,0
136772000,0
136774000,0
136776000,0
136778000,0
136780000,0
136782000,0
136784000,0
136786000,0
136788000,0
136790000,0
136792000,0
136794000,0
136796000,0
136798000,0
136800000,0
136802000,0
136804000,0
136806000,0
136808000,0
136810000,0
136812000,0
136814000,0
136816001,0
136818000,0
136820000,0
136822000,0
136824000,0
136826000,0
136828000,0
136830000,0
136832000,0
136834001,0
136836001,0
136838001,0
136840001,0
136842000,0
136844000,0
136846001,0
136848000,0
136850000,0
136852000,0
136854000,0
136856000,0
136858000,0
136860000,0
136862000,0
136864000,0
136866001,0
136868001,0
136870001,0
136872000,0
136874000,0
136876000,0
136878000,0
136880001,0
136882000,0
136884000,0
136886000,0
136888001,0
136890000,0
136892000,0
136894000,0
136896001,0
136898000,0
136900000,0
136902000,0
136904000,0
136906000,0
136908000,0
136910000,0
136912000,0
136914000,0
136916000,0
136918000,0
136920000,0
136922000,0
136924000,0
136926000,0
136928000,0
136930000,0
136932000,0
136934000,0
136936000,0
136938000,0
136940000,0
136942000,0
136944000,0
136946000,0
136948000,0
136950000,0
136952000,0
136954000,0
136956000,0
136958000,0
136960000,0
136962001,0
136964000,0
136966000,0
136968000,0
136970001,0
136972000,0
136974000,0
136976000,0
136978000,0
136980000,0
136982001,0
136984001,0
136986001,0
136988001,0
136990000,0
136992000,0
136994000,0
136996001,0
136998000,0
137000001,0
137002000,0
137004000,0
137006000,0
137008000,0
137010000,0
137012000,0
137014000,0
137016000,0
137018000,0
137020000,0
137022000,0
137024000,0
137026000,0
137028000,0
137030001,0
137032001,0
137034000,0
137036001,0
137038001,0
137040000,0
137042001,0
137044000,0
137046001,0
137048000,0
137050000,0
137052000,0
137054000,0
137056000,0
137058000,0
137060000,0
137062000,0
137064000,0
137066000,0
137068000,0
137070001,0
137072001,0
137074000,0
137076000,0
137078000,0
137080001,0
137082000,0
137084001,0
137086001,0
137088000,0
137090000,0
137092000,0
137094000,0
137096000,0
137098001,0
137100000,0
137102001,0
137104000,0
137106000,0
137108000,0
137110000,0
137112000,0
137114000,0
137116000,0
137118000,0
137120000,0
137122000,0
137124000,0
137126000,0
137128000,0
137130000,0
137132000,0
137134000,0
137136000,0
137138000,0
137140001,0
137142000,0
137144000,0
137146000,0
137148000,0
137150000,0
137152001,0
137154000,0
137156001,0
137158001,0
137160000,0
137162000,0
137164000,0
137166000,0
137168001,0
137170000,0
137172001,0
137174001,0
137176001,0
137178000,0
137180000,0
137182000,0
137184000,0
137186000,0
137188000,0
137190000,0
137192000,0
137194000,0
137196000,0
137198000,0
137200001,0
137202000,0
137204000,0
137206000,0
137208000,0
137210000,0
137212000,0
137214001,0
137216000,0
137218000,0
137220001,0
137222000,0
137224000,0
137226000,0
137228000,0
137230000,0
137232000,0
137234000,0
137236000,0
137238000,0
137240000,0
137242001,0
137244000,0
137246001,0
137248000,0
137250001,0
137252001,0
137254000,0
137256001,0
137258000,0
137260000,0
137262000,0
137264001,0
137266000,0
137268001,0
137270001,0
137272001,0
137274000,0
137276001,0
137278000,0
137280000,0
137282000,0
137284001,0
137286001,0
137288000,0
137290000,0
137292000,0
137294001,0
137296001,0
137298001,0
137300001,0
137302000,0
137304001,0
137306000,0
137308001,0
137310001,0
137312000,0
137314000,0
137316001,0
137318000,0
137320001,0
137322001,0
137324000,0
137326000,0
137328001,0
137330001,0
137332000,0
137334000,0
137336000,0
137338000,0
137340000,0
137342000,0
137344000,0
137346000,0
137348000,0
137350000,0
137352001,0
137354000,0
137356001,0
137358000,0
137360000,0
137362000,0
137364000,0
137366000,0
137368000,0
137370000,0
137372000,0
137374000,0
137376000,0
137378000,0
137380000,0
137382001,0
137384000,0
137386000,0
137388000,0
137390000,0
137392000,0
137394000,0
137396000,0
137398001,0
137400001,0
137402000,0
137404001,0
137406000,0
137408000,0
137410001,0
137412001,0
137414001,0
137416001,0
137418000,0
137420000,0
137422001,0
137424000,0
137426000,0
137428000,0
137430000,0
137432000,0
137434000,0
137436000,0
137438000,0
137440000,0
137442000,0
137444000,0
137446000,0
137448001,0
137450000,0
137452000,0
137454000,0
137456000,0
137458000,0
137460000,0
137462000,0
137464000,0
137466001,0
137468000,0
137470000,0
137472000,0
137474000,0
137476000,0
137478000,0
137480000,0
137482000,0
137484000,0
137486000,0
137488000,0
137490000,0
137492000,0
137494000,0
137496000,0
137498000,0
137500000,0
137502000,0
137504000,0
137506000,0
137508000,0
137510000,0
137512000,0
137514000,0
137516000,0
137518000,0
137520000,0
137522000,0
137524001,0
137526001,0
137528000,0
137530000,0
137532000,0
137534000,0
137536000,0
137538000,0
137540000,0
137542000,0
137544000,0
137546000,0
137548000,0
137550000,0
137552000,0
137554000,0
137556000,0
137558000,0
137560000,0
137562000,0
137564000,0
137566000,0
137568000,0
137570000,0
137572000,0
137574000,0
137576000,0
137578000,0
137580000,0
137582000,0
137584000,0
137586000,0
137588001,0
137590000,0
137592000,0
137594001,0
137596000,0
137598001,0
137600001,0
137602001,0
137604000,0
137606000,0
137608000,0
137610000,0
137612000,0
137614001,0
137616001,0
137618001,0
137620000,0
137622001,0
137624000,0
137626000,0
137628001,0
137630000,0
137632000,0
137634000,0
137636000,0
137638001,0
137640000,0
137642000,0
137644000,0
137646000,0
137648000,0
137650000,0
137652000,0
137654000,0
137656000,0
137658000,0
137660000,0
137662001,0
137664000,0
137666001,0
137668001,0
137670001,0
137672000,0
137674000,0
137676000,0
137678000,0
137680000,0
137682000,0
137684000,0
137686000,0
137688000,0
137690000,0
137692000,0
137694000,0
137696000,0
137698000,0
137700000,0
137702000,0
137704000,0
137706000,0
137708000,0
137710000,0
137712000,0
137714000,0
137716000,0
137718000,0
137720000,0
137722000,0
137724000,0
137726000,0
137728000,0
137730000,0
137732000,0
137734000,0
137736000,0
137738001,0
137740000,0
137742000,0
137744001,0
137746000,0
137748000,0
137750001,0
137752000,0
137754000,0
137756000,0
137758000,0
137760001,0
137762000,0
137764000,0
137766001,0
137768000,0
137770001,0
137772001,0
137774001,0
137776000,0
137778000,0
137780001,0
137782000,0
137784000,0
137786000,0
137788000,0
137790000,0
137792000,0
137794000,0
137796000,0
137798000,0
137800000,0
137802000,0
137804000,0
137806000,0
137808000,0
137810000,0
137812000,0
137814000,0
137816001,0
137818000,0
137820000,0
137822001,0
137824000,0
137826000,0
137828000,0
137830001,0
137832000,0
137834000,0
137836001,0
137838000,0
137840000,0
137842000,0
137844001,0
137846001,0
137848000,0
137850001,0
137852000,0
137854000,0
137856000,0
137858000,0
137860000,0
137862000,0
137864000,0
137866000,0
137868000,0
137870000,0
137872000,0
137874001,0
137876000,0
137878000,0
137880000,0
137882000,0
137884000,0
137886000,0
137888000,0
137890001,0
137892001,0
137894001,0
137896000,0
137898001,0
137900001,0
137902000,0
137904000,0
137906001,0
137908000,0
137910001,0
137912000,0
137914000,0
137916000,0
137918000,0
137920000,0
137922000,0
137924001,0
137926000,0
137928001,0
137930001,0
137932000,0
137934000,0
137936000,0
137938000,0
137940000,0
137942000,0
137944000,0
137946000,0
137948000,0
137950000,0
137952000,0
137954000,0
137956001,0
137958000,0
137960000,0
137962001,0
137964000,0
137966001,0
137968001,0
137970001,0
137972000,0
137974001,0
137976001,0
137978000,0
137980001,0
137982000,0
137984001,0
137986001,0
137988000,0
137990000,0
137992000,0
137994000,0
137996001,0
137998000,0
138000000,0
138002000,0
138004000,0
138006000,0
138008000,0
138010000,0
138012001,0
138014000,0
138016000,0
138018000,0
138020000,0
138022000,0
138024000,0
138026000,0
138028000,0
138030000,0
138032000,0
138034001,0
138036001,0
138038000,0
138040000,0
138042000,0
138044000,0
138046000,0
138048000,0
138050000,0
138052000,0
138054001,0
138056001,0
138058001,0
138060001,0
138062001,0
138064000,0
138066000,0
138068001,0
138070000,0
138072000,0
138074000,0
138076000,0
138078000,0
138080000,0
138082000,0
138084000,0
138086000,0
138088000,0
138090001,0
138092001,0
138094000,0
138096000,0
138098000,0
138100000,0
138102000,0
138104000,0
138106000,0
138108000,0
138110000,0
138112000,0
138114000,0
138116000,0
138118000,0
138120000,0
138122000,0
138124000,0
138126000,0
138128000,0
138130000,0
138132000,0
138134000,0
138136000,0
138138001,0
138140001,0
138142000,0
138144001,0
138146001,0
138148000,0
138150000,0
138152000,0
138154000,0
138156000,0
138158000,0
138160001,0
138162000,0
138164000,0
138166000,0
138168000,0
138170000,0
138172000,0
138174001,0
138176001,0
138178001,0
138180001,0
138182000,0
138184000,0
138186000,0
138188001,0
138190001,0
138192000,0
138194000,0
138196000,0
138198000,0
138200001,0
138202001,0
138204001,0
138206001,0
138208000,0
138210001,0
138212000,0
138214001,0
138216000,0
138218000,0
138220000,0
138222000,0
138224000,0
138226001,0
138228001,0
138230000,0
138232001,0
138234001,0
138236000,0
138238000,0
138240000,0
138242000,0
138244000,0
138246000,0
138248000,0
138250000,0
138252000,0
138254000,0
138256000,0
138258000,0
138260000,0
138262000,0
138264000,0
138266000,0
138268000,0
138270000,0
138272000,0
138274000,0
138276000,0
138278000,0
138280000,0
138282001,0
138284001,0
138286001,0
138288000,0
138290001,0
138292000,0
138294000,0
138296000,0
138298000,0
138300000,0
138302000,0
138304001,0
138306001,0
138308000,0
138310000,0
138312000,0
138314000,0
138316000,0
138318000,0
138320001,0
138322000,0
138324000,0
138326001,0
138328000,0
138330000,0
138332000,0
138334000,0
138336000,0
138338000,0
138340000,0
138342000,0
138344000,0
138346000,0
138348001,0
138350000,0
138352000,0
138354000,0
138356000,0
138358000,0
138360000,0
138362000,0
138364001,0
138366001,0
138368000,0
138370000,0
138372000,0
138374000,0
138376000,0
138378001,0
138380000,0
138382000,0
138384000,0
138386000,0
138388000,0
138390001,0
138392000,0
138394000,0
138396001,0
138398000,0
138400001,0
138402000,0
138404000,0
138406000,0
138408000,0
138410001,0
138412000,0
138414000,0
138416001,0
138418001,0
138420000,0
138422000,0
138424001,0
138426001,0
138428000,0
138430000,0
138432000,0
138434000,0
138436001,0
138438001,0
138440001,0
138442000,0
138444000,0
138446000,0
138448001,0
138450000,0
138452000,0
138454000,0
138456001,0
138458000,0
138460000,0
138462000,0
138464001,0
138466000,0
138468001,0
138470001,0
138472001,0
138474000,0
138476000,0
138478000,0
138480000,0
138482000,0
138484000,0
138486000,0
138488000,0
138490000,0
138492000,0
138494000,0
138496000,0
138498000,0
138500000,0
138502000,0
138504000,0
138506000,0
138508000,0
138510001,0
138512000,0
138514000,0
138516001,0
138518000,0
138520000,0
138522000,0
138524000,0
138526000,0
138528000,0
138530000,0
138532000,0
138534000,0
138536000,0
138538000,0
138540000,0
138542000,0
138544000,0
138546000,0
138548000,0
138550000,0
138552001,0
138554000,0
138556000,0
138558000,0
138560000,0
138562000,0
138564000,0
138566001,0
138568000,0
138570000,0
138572000,0
138574000,0
138576000,0
138578001,0
138580000,0
138582000,0
138584000,0
138586000,0
138588000,0
138590000,0
138592000,0
138594000,0
138596000,0
138598001,0
138600000,0
138602000,0
138604000,0
138606000,0
138608000,0
138610000,0
138612000,0
138614000,0
138616000,0
138618000,0
138620000,0
138622000,0
138624000,0
138626001,0
138628000,0
138630001,0
138632000,0
138634000,0
138636000,0
138638001,0
138640000,0
138642000,0
138644000,0
138646000,0
138648001,0
138650000,0
138652000,0
138654000,0
138656000,0
138658001,0
138660000,0
138662000,0
138664000,0
138666000,0
138668001,0
138670001,0
138672000,0
138674001,0
138676000,0
138678001,0
138680001,0
138682000,0
138684000,0
138686000,0
138688000,0
138690000,0
138692001,0
138694001,0
138696001,0
138698001,0
138700000,0
138702000,0
138704000,0
138706000,0
138708000,0
138710000,0
138712001,0
138714000,0
138716000,0
138718000,0
138720001,0
138722000,0
138724000,0
138726000,0
138728000,0
138730001,0
138732000,0
138734000,0
138736000,0
138738000,0
138740000,0
138742001,0
138744001,0
138746000,0
138748001,0
138750000,0
138752001,0
138754001,0
138756000,0
138758000,0
138760000,0
138762000,0
138764000,0
138766000,0
138768000,0
138770000,0
138772000,0
138774001,0
138776000,0
138778000,0
138780000,0
138782000,0
138784000,0
138786001,0
138788001,0
138790000,0
138792000,0
138794001,0
138796000,0
138798000,0
138800001,0
138802001,0
138804001,0
138806000,0
138808000,0
138810000,0
138812000,0
138814000,0
138816000,0
138818000,0
138820000,0
138822001,0
138824000,0
138826000,0
138828000,0
138830000,0
138832000,0
138834000,0
138836001,0
138838000,0
138840000,0
138842001,0
138844001,0
138846001,0
138848001,0
138850001,0
138852000,0
138854001,0
138856001,0
138858000,0
138860001,0
138862000,0
138864000,0
138866000,0
138868000,0
138870000,0
138872000,0
138874000,0
138876000,0
138878000,0
138880000,0
138882000,0
138884000,0
138886000,0
138888000,0
138890001,0
138892000,0
138894000,0
138896000,0
138898000,0
138900000,0
138902000,0
138904001,0
138906001,0
138908000,0
138910001,0
138912000,0
138914000,0
138916000,0
138918000,0
138920000,0
138922000,0
138924000,0
138926000,0
138928001,0
138930000,0
138932000,0
138934000,0
138936000,0
138938001,0
138940000,0
138942000,0
138944000,0
138946000,0
138948000,0
138950000,0
138952000,0
138954000,0
138956000,0
138958000,0
138960000,0
138962000,0
138964000,0
138966000,0
138968001,0
138970000,0
138972000,0
138974001,0
138976000,0
138978001,0
138980000,0
138982000,0
138984000,0
138986001,0
138988001,0
138990000,0
138992000,0
138994001,0
138996001,0
138998000,0
139000001,0
139002001,0
139004000,0
139006001,0
139008001,0
139010000,0
139012001,0
139014000,0
139016000,0
139018001,0
139020000,0
139022001,0
139024001,0
139026001,0
139028000,0
139030001,0
139032000,0
139034000,0
139036001,0
139038001,0
139040001,0
139042000,0
139044000,0
139046000,0
139048001,0
139050000,0
139052000,0
139054000,0
139056000,0
139058000,0
139060000,0
139062000,0
139064000,0
139066001,0
139068001,0
139070001,0
139072000,0
139074001,0
139076000,0
139078000,0
139080000,0
139082001,0
139084001,0
139086000,0
139088001,0
139090000,0
139092001,0
139094000,0
139096001,0
139098001,0
139100000,0
139102001,0
139104001,0
139106000,0
139108000,0
139110000,0
139112000,0
139114000,0
139116000,0
139118000,0
139120000,0
139122000,0
139124001,0
139126000,0
139128000,0
139130000,0
139132000,0
139134000,0
139136000,0
139138000,0
139140000,0
139142001,0
139144000,0
139146000,0
139148000,0
139150001,0
139152001,0
139154000,0
139156000,0
139158000,0
139160000,0
139162000,0
139164000,0
139166000,0
139168000,0
139170000,0
139172000,0
139174000,0
139176001,0
139178000,0
139180000,0
139182001,0
139184001,0
139186000,0
139188000,0
139190000,0
139192000,0
139194000,0
139196000,0
139198000,0
139200001,0
139202000,0
139204000,0
139206000,0
139208000,0
139210000,0
139212000,0
139214000,0
139216000,0
139218000,0
139220000,0
139222001,0
139224000,0
139226000,0
139228001,0
139230001,0
139232000,0
139234001,0
139236000,0
139238000,0
139240000,0
139242000,0
139244000,0
139246000,0
139248000,0
139250001,0
139252001,0
139254000,0
139256000,0
139258000,0
139260001,0
139262001,0
139264000,0
139266001,0
139268000,0
139270001,0
139272001,0
139274000,0
139276000,0
139278000,0
139280000,0
139282000,0
139284001,0
139286000,0
139288000,0
139290000,0
139292001,0
139294000,0
139296000,0
139298000,0
139300000,0
139302000,0
139304000,0
139306000,0
139308000,0
139310001,0
139312001,0
139314000,0
139316001,0
139318000,0
139320000,0
139322000,0
139324001,0
139326000,0
139328000,0
139330001,0
139332001,0
139334000,0
139336000,0
139338000,0
139340000,0
139342000,0
139344000,0
139346000,0
139348001,0
139350000,0
139352000,0
139354000,0
139356001,0
139358000,0
139360000,0
139362000,0
139364000,0
139366000,0
139368000,0
139370000,0
139372000,0
139374000,0
139376000,0
139378001,0
139380000,0
139382000,0
139384000,0
139386000,0
139388000,0
139390000,0
139392000,0
139394000,0
139396000,0
139398000,0
139400000,0
139402000,0
139404000,0
139406000,0
139408000,0
139410001,0
139412001,0
139414000,0
139416001,0
139418001,0
139420000,0
139422001,0
139424001,0
139426001,0
139428001,0
139430000,0
139432000,0
139434000,0
139436000,0
139438000,0
139440000,0
139442001,0
139444000,0
139446000,0
139448000,0
139450001,0
139452001,0
139454000,0
139456000,0
139458000,0
139460000,0
139462001,0
139464001,0
139466001,0
139468000,0
139470000,0
139472000,0
139474000,0
139476000,0
139478000,0
139480000,0
139482000,0
139484000,0
139486000,0
139488000,0
139490001,0
139492000,0
139494000,0
139496000,0
139498000,0
139500000,0
139502000,0
139504001,0
139506000,0
139508000,0
139510000,0
139512001,0
139514001,0
139516001,0
139518000,0
139520000,0
139522000,0
139524000,0
139526000,0
139528001,0
139530000,0
139532001,0
139534001,0
139536000,0
139538001,0
139540001,0
139542000,0
139544001,0
139546001,0
139548001,0
139550001,0
139552000,0
139554000,0
139556000,0
139558000,0
139560000,0
139562000,0
139564000,0
139566000,0
139568000,0
139570000,0
139572001,0
139574000,0
139576001,0
139578000,0
139580000,0
139582001,0
139584000,0
139586001,0
139588000,0
139590000,0
139592000,0
139594000,0
139596000,0
139598000,0
139600000,0
139602001,0
139604001,0
139606001,0
139608001,0
139610000,0
139612000,0
139614000,0
139616000,0
139618001,0
139620000,0
139622000,0
139624001,0
139626000,0
139628000,0
139630000,0
139632001,0
139634000,0
139636000,0
139638001,0
139640001,0
139642001,0
139644001,0
139646000,0
139648000,0
139650000,0
139652000,0
139654000,0
139656000,0
139658000,0
139660000,0
139662001,0
139664001,0
139666001,0
139668000,0
139670001,0
139672000,0
139674001,0
139676000,0
139678001,0
139680001,0
139682001,0
139684001,0
139686001,0
139688001,0
139690001,0
139692001,0
139694001,0
139696001,0
139698000,0
139700000,0
139702000,0
139704001,0
139706000,0
139708000,0
139710000,0
139712000,0
139714000,0
139716000,0
139718001,0
139720000,0
139722000,0
139724001,0
139726000,0
139728000,0
139730000,0
139732000,0
139734000,0
139736000,0
139738000,0
139740000,0
139742001,0
139744001,0
139746000,0
139748001,0
139750001,0
139752000,0
139754000,0
139756000,0
139758000,0
139760000,0
139762000,0
139764001,0
139766001,0
139768000,0
139770001,0
139772001,0
139774000,0
139776000,0
139778000,0
139780000,0
139782000,0
139784000,0
139786000,0
139788000,0
139790000,0
139792000,0
139794001,0
139796000,0
139798000,0
139800000,0
139802001,0
139804001,0
139806000,0
139808001,0
139810001,0
139812001,0
139814000,0
139816000,0
139818000,0
139820000,0
139822000,0
139824000,0
139826000,0
139828000,0
139830000,0
139832000,0
139834000,0
139836000,0
139838001,0
139840000,0
139842000,0
139844000,0
139846000,0
139848000,0
139850000,0
139852001,0
139854000,0
139856001,0
139858000,0
139860000,0
139862001,0
139864000,0
139866000,0
139868000,0
139870000,0
139872000,0
139874000,0
139876000,0
139878000,0
139880000,0
139882000,0
139884000,0
139886000,0
139888000,0
139890000,0
139892000,0
139894000,0
139896001,0
139898000,0
139900000,0
139902000,0
139904000,0
139906000,0
139908000,0
139910001,0
139912001,0
139914000,0
139916000,0
139918000,0
139920000,0
139922000,0
139924000,0
139926000,0
139928000,0
139930000,0
139932001,0
139934000,0
139936000,0
139938000,0
139940001,0
139942001,0
139944000,0
139946001,0
139948000,0
139950000,0
139952000,0
139954000,0
139956000,0
139958000,0
139960000,0
139962001,0
139964000,0
139966000,0
139968000,0
139970000,0
139972000,0
139974000,0
139976001,0
139978000,0
139980000,0
139982000,0
139984000,0
139986000,0
139988000,0
139990000,0
139992000,0
139994000,0
139996000,0
139998000,0
140000000,0
140002000,0
140004000,0
140006000,0
140008000,0
140010000,0
140012000,0
140014001,0
140016000,0
140018000,0
140020000,0
140022000,0
140024000,0
140026000,0
140028000,0
140030000,0
140032000,0
140034000,0
140036000,0
140038000,0
140040000,0
140042000,0
140044000,0
140046000,0
140048001,0
140050000,0
140052000,0
140054000,0
140056000,0
140058000,0
140060000,0
140062000,0
140064000,0
140066001,0
140068000,0
140070000,0
140072000,0
140074000,0
140076000,0
140078000,0
140080000,0
140082000,0
140084000,0
140086000,0
140088001,0
140090000,0
140092000,0
140094001,0
140096000,0
140098001,0
140100000,0
140102000,0
140104000,0
140106000,0
140108001,0
140110001,0
140112000,0
140114000,0
140116000,0
140118000,0
140120000,0
140122000,0
140124000,0
140126000,0
140128000,0
140130000,0
140132000,0
140134000,0
140136001,0
140138000,0
140140001,0
140142001,0
140144001,0
140146000,0
140148000,0
140150000,0
140152000,0
140154001,0
140156000,0
140158000,0
140160000,0
140162000,0
140164000,0
140166000,0
140168001,0
140170000,0
140172000,0
140174000,0
140176001,0
140178000,0
140180000,0
140182000,0
140184000,0
140186000,0
140188000,0
140190000,0
140192000,0
140194001,0
140196001,0
140198000,0
140200001,0
140202001,0
140204000,0
140206000,0
140208000,0
140210000,0
140212001,0
140214001,0
140216001,0
140218001,0
140220000,0
140222001,0
140224001,0
140226000,0
140228000,0
140230000,0
140232000,0
140234000,0
140236000,0
140238000,0
140240000,0
140242000,0
140244000,0
140246000,0
140248000,0
140250000,0
140252001,0
140254000,0
140256000,0
140258000,0
140260000,0
140262000,0
140264000,0
140266000,0
140268001,0
140270001,0
140272001,0
140274000,0
140276000,0
140278000,0
140280000,0
140282000,0
140284000,0
140286000,0
140288000,0
140290000,0
140292000,0
140294000,0
140296000,0
140298000,0
140300001,0
140302001,0
140304001,0
140306000,0
140308000,0
140310000,0
140312000,0
140314000,0
140316000,0
140318000,0
140320000,0
140322001,0
140324000,0
140326000,0
140328000,0
140330000,0
140332000,0
140334001,0
140336001,0
140338000,0
140340000,0
140342000,0
140344000,0
140346001,0
140348001,0
140350001,0
140352000,0
140354000,0
140356000,0
140358000,0
140360000,0
140362000,0
140364000,0
140366000,0
140368000,0
140370000,0
140372000,0
140374000,0
140376000,0
140378000,0
140380001,0
140382000,0
140384000,0
140386000,0
140388000,0
140390000,0
140392000,0
140394001,0
140396000,0
140398000,0
140400000,0
140402000,0
140404000,0
140406000,0
140408000,0
140410000,0
140412000,0
140414000,0
140416000,0
140418001,0
140420001,0
140422000,0
140424001,0
140426000,0
140428000,0
140430000,0
140432000,0
140434000,0
140436001,0
140438000,0
140440000,0
140442000,0
140444001,0
140446000,0
140448001,0
140450001,0
140452001,0
140454001,0
140456000,0
140458001,0
140460000,0
140462000,0
140464000,0
140466000,0
140468000,0
140470000,0
140472000,0
140474000,0
140476000,0
140478000,0
140480000,0
140482000,0
140484000,0
140486001,0
140488000,0
140490001,0
140492001,0
140494001,0
140496000,0
140498000,0
140500000,0
140502000,0
140504000,0
140506000,0
140508001,0
140510001,0
140512000,0
140514000,0
140516001,0
140518000,0
140520000,0
140522001,0
140524001,0
140526000,0
140528001,0
140530000,0
140532000,0
140534000,0
140536001,0
140538000,0
140540001,0
140542000,0
140544000,0
140546000,0
140548000,0
140550000,0
140552000,0
140554001,0
140556001,0
140558000,0
140560001,0
140562000,0
140564000,0
140566000,0
140568000,0
140570000,0
140572001,0
140574000,0
140576001,0
140578000,0
140580000,0
140582000,0
140584000,0
140586001,0
140588001,0
140590000,0
140592000,0
140594000,0
140596000,0
140598000,0
140600000,0
140602000,0
140604000,0
140606000,0
140608000,0
140610000,0
140612000,0
140614000,0
140616000,0
140618000,0
140620000,0
140622000,0
140624000,0
140626000,0
140628000,0
140630000,0
140632000,0
140634000,0
140636000,0
140638000,0
140640000,0
140642000,0
140644000,0
140646000,0
140648000,0
140650000,0
140652000,0
140654001,0
140656001,0
140658000,0
140660001,0
140662001,0
140664000,0
140666000,0
140668001,0
140670001,0
140672000,0
140674000,0
140676000,0
140678000,0
140680001,0
140682001,0
140684000,0
140686001,0
140688000,0
140690000,0
140692000,0
140694000,0
140696000,0
140698000,0
140700000,0
140702000,0
140704000,0
140706000,0
140708000,0
140710000,0
140712000,0
140714000,0
140716000,0
140718001,0
140720001,0
140722000,0
140724000,0
140726001,0
140728000,0
140730000,0
140732000,0
140734000,0
140736000,0
140738000,0
140740000,0
140742000,0
140744000,0
140746000,0
140748000,0
140750001,0
140752000,0
140754001,0
140756000,0
140758000,0
140760001,0
140762001,0
140764000,0
140766000,0
140768000,0
140770000,0
140772000,0
140774000,0
140776000,0
140778000,0
140780000,0
140782000,0
140784001,0
140786000,0
140788000,0
140790000,0
140792000,0
140794000,0
140796000,0
140798001,0
140800000,0
140802001,0
140804001,0
140806000,0
140808000,0
140810000,0
140812000,0
140814001,0
140816000,0
140818000,0
140820000,0
140822000,0
140824000,0
140826000,0
140828000,0
140830001,0
140832001,0
140834000,0
140836001,0
140838000,0
140840000,0
140842000,0
140844000,0
140846000,0
140848000,0
140850000,0
140852001,0
140854000,0
140856000,0
140858000,0
140860000,0
140862001,0
140864000,0
140866000,0
140868001,0
140870000,0
140872001,0
140874000,0
140876000,0
140878000,0
140880000,0
140882000,0
140884000,0
140886000,0
140888000,0
140890000,0
140892000,0
140894001,0
140896000,0
140898000,0
140900000,0
140902000,0
140904000,0
140906001,0
140908001,0
140910000,0
140912001,0
140914000,0
140916001,0
140918000,0
140920000,0
140922000,0
140924001,0
140926000,0
140928000,0
140930000,0
140932000,0
140934000,0
140936001,0
140938000,0
140940000,0
140942000,0
140944000,0
140946000,0
140948001,0
140950000,0
140952000,0
140954000,0
140956001,0
140958000,0
140960000,0
140962000,0
140964000,0
140966001,0
140968000,0
140970000,0
140972000,0
140974000,0
140976000,0
140978000,0
140980000,0
140982000,0
140984000,0
140986000,0
140988000,0
140990000,0
140992000,0
140994000,0
140996000,0
140998000,0
141000000,0
141002001,0
141004000,0
141006001,0
141008001,0
141010000,0
141012001,0
141014000,0
141016000,0
141018000,0
141020000,0
141022000,0
141024000,0
141026000,0
141028000,0
141030001,0
141032000,0
141034000,0
141036000,0
141038000,0
141040000,0
141042000,0
141044000,0
141046001,0
141048000,0
141050000,0
141052000,0
141054001,0
141056001,0
141058001,0
141060001,0
141062001,0
141064001,0
141066000,0
141068000,0
141070000,0
141072000,0
141074000,0
141076000,0
141078000,0
141080000,0
141082000,0
141084000,0
141086001,0
141088000,0
141090000,0
141092001,0
141094000,0
141096001,0
141098001,0
141100000,0
141102000,0
141104000,0
141106000,0
141108000,0
141110001,0
141112000,0
141114001,0
141116001,0
141118000,0
141120001,0
141122001,0
141124000,0
141126001,0
141128001,0
141130001,0
141132000,0
141134001,0
141136001,0
141138000,0
141140000,0
141142000,0
141144000,0
141146000,0
141148001,0
141150000,0
141152001,0
141154001,0
141156001,0
141158001,0
141160001,0
141162000,0
141164000,0
141166000,0
141168001,0
141170001,0
141172000,0
141174000,0
141176000,0
141178000,0
141180000,0
141182000,0
141184000,0
141186000,0
141188000,0
141190000,0
141192000,0
141194000,0
141196000,0
141198000,0
141200000,0
141202000,0
141204000,0
141206001,0
141208001,0
141210001,0
141212001,0
141214000,0
141216000,0
141218000,0
141220000,0
141222001,0
141224000,0
141226001,0
141228000,0
141230000,0
141232000,0
141234000,0
141236000,0
141238000,0
141240000,0
141242000,0
141244000,0
141246000,0
141248000,0
141250000,0
141252000,0
141254000,0
141256000,0
141258000,0
141260000,0
141262000,0
141264000,0
141266000,0
141268000,0
141270000,0
141272000,0
141274000,0
141276001,0
141278001,0
141280001,0
141282000,0
141284001,0
141286000,0
141288000,0
141290000,0
141292000,0
141294000,0
141296000,0
141298000,0
141300000,0
141302000,0
141304000,0
141306000,0
141308000,0
141310000,0
141312000,0
141314000,0
141316001,0
141318001,0
141320000,0
141322001,0
141324000,0
141326000,0
141328000,0
141330001,0
141332000,0
141334000,0
141336000,0
141338001,0
141340000,0
141342000,0
141344001,0
141346000,0
141348001,0
141350000,0
141352000,0
141354000,0
141356000,0
141358000,0
141360000,0
141362000,0
141364000,0
141366000,0
141368000,0
141370000,0
141372000,0
141374001,0
141376001,0
141378000,0
141380000,0
141382000,0
141384000,0
141386001,0
141388000,0
141390000,0
141392001,0
141394000,0
141396000,0
141398000,0
141400000,0
141402001,0
141404001,0
141406001,0
141408000,0
141410000,0
141412000,0
141414000,0
141416000,0
141418000,0
141420000,0
141422000,0
141424000,0
141426000,0
141428000,0
141430000,0
141432001,0
141434000,0
141436000,0
141438000,0
141440001,0
141442000,0
141444001,0
141446000,0
141448000,0
141450000,0
141452000,0
141454000,0
141456000,0
141458000,0
141460000,0
141462001,0
141464000,0
141466000,0
141468000,0
141470000,0
141472000,0
141474001,0
141476000,0
141478001,0
141480001,0
141482000,0
141484000,0
141486001,0
141488000,0
141490000,0
141492000,0
141494000,0
141496000,0
141498000,0
141500000,0
141502000,0
141504000,0
141506000,0
141508000,0
141510001,0
141512000,0
141514000,0
141516001,0
141518000,0
141520000,0
141522000,0
141524000,0
141526000,0
141528000,0
141530000,0
141532000,0
141534000,0
141536001,0
141538000,0
141540001,0
141542000,0
141544000,0
141546000,0
141548001,0
141550000,0
141552000,0
141554000,0
141556001,0
141558000,0
141560000,0
141562000,0
141564000,0
141566000,0
141568000,0
141570000,0
141572001,0
141574000,0
141576000,0
141578001,0
141580000,0
141582001,0
141584000,0
141586001,0
141588000,0
141590000,0
141592000,0
141594000,0
141596000,0
141598001,0
141600001,0
141602000,0
141604001,0
141606001,0
141608000,0
141610001,0
141612000,0
141614001,0
141616000,0
141618001,0
141620000,0
141622000,0
141624000,0
141626000,0
141628000,0
141630000,0
141632000,0
141634000,0
141636000,0
141638000,0
141640000,0
141642000,0
141644000,0
141646001,0
141648000,0
141650000,0
141652001,0
141654000,0
141656001,0
141658000,0
141660001,0
141662000,0
141664001,0
141666000,0
141668001,0
141670000,0
141672001,0
141674001,0
141676000,0
141678001,0
141680000,0
141682000,0
141684000,0
141686000,0
141688000,0
141690000,0
141692000,0
141694001,0
141696000,0
141698001,0
141700000,0
141702000,0
141704000,0
141706000,0
141708000,0
141710000,0
141712000,0
141714000,0
141716000,0
141718000,0
141720000,0
141722000,0
141724000,0
141726000,0
141728000,0
141730001,0
141732001,0
141734001,0
141736000,0
141738000,0
141740001,0
141742000,0
141744001,0
141746000,0
141748000,0
141750001,0
141752000,0
141754000,0
141756000,0
141758000,0
141760000,0
141762001,0
141764000,0
141766000,0
141768000,0
141770000,0
141772000,0
141774000,0
141776001,0
141778001,0
141780000,0
141782000,0
141784001,0
141786001,0
141788001,0
141790000,0
141792000,0
141794000,0
141796000,0
141798000,0
141800000,0
141802000,0
141804000,0
141806000,0
141808000,0
141810000,0
141812000,0
141814000,0
141816000,0
141818001,0
141820001,0
141822000,0
141824001,0
141826000,0
141828001,0
141830000,0
141832000,0
141834001,0
141836000,0
141838001,0
141840000,0
141842000,0
141844001,0
141846000,0
141848001,0
141850000,0
141852001,0
141854001,0
141856000,0
141858001,0
141860000,0
141862001,0
141864000,0
141866001,0
141868001,0
141870000,0
141872001,0
141874000,0
141876001,0
141878000,0
141880001,0
141882001,0
141884001,0
141886000,0
141888001,0
141890000,0
141892000,0
141894000,0
141896001,0
141898001,0
141900000,0
141902000,0
141904000,0
141906001,0
141908000,0
141910001,0
141912000,0
141914000,0
141916000,0
141918000,0
141920001,0
141922000,0
141924000,0
141926001,0
141928001,0
141930000,0
141932001,0
141934000,0
141936000,0
141938001,0
141940000,0
141942001,0
141944001,0
141946001,0
141948000,0
141950001,0
141952001,0
141954001,0
141956000,0
141958000,0
141960001,0
141962000,0
141964000,0
141966000,0
141968000,0
141970001,0
141972000,0
141974000,0
141976000,0
141978001,0
141980000,0
141982000,0
141984000,0
141986000,0
141988000,0
141990000,0
141992000,0
141994001,0
141996000,0
141998001,0
142000001,0
142002000,0
142004001,0
142006000,0
142008000,0
142010000,0
142012000,0
142014000,0
142016000,0
142018000,0
142020000,0
142022000,0
142024000,0
142026001,0
142028000,0
142030001,0
142032000,0
142034000,0
142036000,0
142038000,0
142040001,0
142042000,0
142044000,0
142046001,0
142048001,0
142050001,0
142052000,0
142054001,0
142056001,0
142058001,0
142060001,0
142062001,0
142064000,0
142066000,0
142068000,0
142070000,0
142072001,0
142074001,0
142076001,0
142078001,0
142080000,0
142082000,0
142084000,0
142086000,0
142088000,0
142090000,0
142092001,0
142094000,0
142096000,0
142098001,0
142100000,0
142102000,0
142104000,0
142106001,0
142108000,0
142110000,0
142112000,0
142114000,0
142116000,0
142118000,0
142120000,0
142122000,0
142124000,0
142126000,0
142128000,0
142130000,0
142132000,0
142134000,0
142136001,0
142138001,0
142140000,0
142142000,0
142144001,0
142146001,0
142148000,0
142150000,0
142152001,0
142154000,0
142156000,0
142158000,0
142160001,0
142162001,0
142164001,0
142166001,0
142168000,0
142170000,0
142172000,0
142174001,0
142176000,0
142178001,0
142180000,0
142182000,0
142184000,0
142186000,0
142188000,0
142190000,0
142192000,0
142194001,0
142196000,0
142198000,0
142200001,0
142202000,0
142204001,0
142206000,0
142208000,0
142210000,0
142212000,0
142214000,0
142216000,0
142218000,0
142220000,0
142222000,0
142224000,0
142226000,0
142228000,0
142230000,0
142232000,0
142234000,0
142236000,0
142238000,0
142240000,0
142242001,0
142244000,0
142246000,0
142248000,0
142250001,0
142252001,0
142254001,0
142256001,0
142258000,0
142260000,0
142262000,0
142264000,0
142266000,0
142268000,0
142270000,0
142272001,0
142274000,0
142276001,0
142278001,0
142280000,0
142282000,0
142284000,0
142286000,0
142288000,0
142290000,0
142292000,0
142294000,0
142296001,0
142298001,0
142300000,0
142302000,0
142304000,0
142306000,0
142308000,0
142310000,0
142312000,0
142314000,0
142316000,0
142318000,0
142320000,0
142322001,0
142324000,0
142326000,0
142328000,0
142330000,0
142332000,0
142334000,0
142336000,0
142338000,0
142340000,0
142342000,0
142344000,0
142346000,0
142348000,0
142350000,0
142352000,0
142354000,0
142356000,0
142358000,0
142360000,0
142362000,0
142364000,0
142366000,0
142368000,0
142370000,0
142372000,0
142374000,0
142376000,0
142378000,0
142380000,0
142382000,0
142384000,0
142386000,0
142388000,0
142390000,0
142392000,0
142394000,0
142396001,0
142398000,0
142400001,0
142402000,0
142404001,0
142406001,0
142408000,0
142410001,0
142412000,0
142414001,0
142416000,0
142418001,0
142420000,0
142422000,0
142424001,0
142426000,0
142428000,0
142430000,0
142432000,0
142434001,0
142436001,0
142438000,0
142440000,0
142442000,0
142444001,0
142446001,0
142448001,0
142450001,0
142452001,0
142454000,0
142456001,0
142458001,0
142460001,0
142462000,0
142464000,0
142466000,0
142468000,0
142470000,0
142472000,0
142474000,0
142476000,0
142478000,0
142480001,0
142482001,0
142484000,0
142486000,0
142488000,0
142490000,0
142492000,0
142494000,0
142496000,0
142498000,0
142500000,0
142502000,0
142504000,0
142506000,0
142508000,0
142510000,0
142512000,0
142514000,0
142516000,0
142518000,0
142520000,0
142522000,0
142524000,0
142526000,0
142528000,0
142530000,0
142532000,0
142534001,0
142536001,0
142538000,0
142540000,0
142542000,0
142544000,0
142546000,0
142548000,0
142550000,0
142552000,0
142554000,0
142556000,0
142558000,0
142560000,0
142562001,0
142564000,0
142566000,0
142568000,0
142570000,0
142572001,0
142574000,0
142576000,0
142578000,0
142580001,0
142582000,0
142584000,0
142586000,0
142588000,0
142590000,0
142592000,0
142594000,0
142596001,0
142598000,0
142600001,0
142602000,0
142604000,0
142606000,0
142608000,0
142610000,0
142612000,0
142614000,0
142616000,0
142618001,0
142620001,0
142622001,0
142624000,0
142626000,0
142628000,0
142630000,0
142632000,0
142634000,0
142636001,0
142638000,0
142640001,0
142642000,0
142644000,0
142646000,0
142648000,0
142650001,0
142652000,0
142654000,0
142656001,0
142658000,0
142660000,0
142662001,0
142664000,0
142666001,0
142668000,0
142670001,0
142672000,0
142674000,0
142676000,0
142678000,0
142680000,0
142682000,0
142684000,0
142686000,0
142688000,0
142690000,0
142692000,0
142694000,0
142696000,0
142698000,0
142700001,0
142702001,0
142704000,0
142706001,0
142708000,0
142710000,0
142712000,0
142714000,0
142716000,0
142718000,0
142720000,0
142722000,0
142724000,0
142726000,0
142728000,0
142730000,0
142732001,0
142734000,0
142736000,0
142738000,0
142740000,0
142742000,0
142744001,0
142746001,0
142748000,0
142750001,0
142752000,0
142754000,0
142756000,0
142758000,0
142760000,0
142762000,0
142764000,0
142766000,0
142768000,0
142770000,0
142772000,0
142774000,0
142776000,0
142778000,0
142780000,0
142782000,0
142784000,0
142786000,0
142788000,0
142790000,0
142792000,0
142794000,0
142796000,0
142798000,0
142800001,0
142802000,0
142804000,0
142806001,0
142808000,0
142810000,0
142812000,0
142814000,0
142816000,0
142818000,0
142820000,0
142822000,0
142824000,0
142826000,0
142828000,0
142830000,0
142832000,0
142834001,0
142836000,0
142838001,0
142840000,0
142842000,0
142844000,0
142846000,0
142848000,0
142850000,0
142852001,0
142854000,0
142856000,0
142858000,0
142860000,0
142862000,0
142864000,0
142866000,0
142868000,0
142870000,0
142872000,0
142874000,0
142876000,0
142878000,0
142880001,0
142882000,0
142884001,0
142886000,0
142888000,0
142890001,0
142892000,0
142894001,0
142896000,0
142898001,0
142900000,0
142902000,0
142904000,0
142906000,0
142908000,0
142910000,0
142912000,0
142914000,0
142916000,0
142918000,0
142920000,0
142922001,0
142924001,0
142926001,0
142928000,0
142930000,0
142932000,0
142934000,0
142936000,0
142938000,0
142940001,0
142942001,0
142944000,0
142946000,0
142948001,0
142950000,0
142952001,0
142954000,0
142956000,0
142958001,0
142960000,0
142962000,0
142964000,0
142966000,0
142968000,0
142970001,0
142972000,0
142974000,0
142976000,0
142978000,0
142980000,0
142982001,0
142984000,0
142986000,0
142988000,0
142990001,0
142992000,0
142994001,0
142996001,0
142998000,0
143000000,0
143002000,0
143004000,0
143006000,0
143008000,0
143010001,0
143012001,0
143014000,0
143016001,0
143018000,0
143020000,0
143022000,0
143024000,0
143026000,0
143028000,0
143030000,0
143032000,0
143034000,0
143036000,0
143038000,0
143040000,0
143042000,0
143044001,0
143046001,0
143048001,0
143050001,0
143052000,0
143054001,0
143056000,0
143058000,0
143060001,0
143062000,0
143064000,0
143066001,0
143068001,0
143070001,0
143072000,0
143074001,0
143076000,0
143078000,0
143080000,0
143082000,0
143084001,0
143086001,0
143088000,0
143090001,0
143092000,0
143094000,0
143096000,0
143098001,0
143100000,0
143102001,0
143104000,0
143106000,0
143108000,0
143110000,0
143112000,0
143114000,0
143116000,0
143118000,0
143120000,0
143122000,0
143124000,0
143126000,0
143128000,0
143130000,0
143132000,0
143134000,0
143136000,0
143138001,0
143140000,0
143142001,0
143144000,0
143146000,0
143148001,0
143150000,0
143152001,0
143154001,0
143156001,0
143158000,0
143160000,0
143162000,0
143164000,0
143166000,0
143168000,0
143170000,0
143172000,0
143174000,0
143176001,0
143178000,0
143180000,0
143182000,0
143184000,0
143186000,0
143188001,0
143190001,0
143192001,0
143194000,0
143196000,0
143198000,0
143200000,0
143202000,0
143204001,0
143206001,0
143208000,0
143210001,0
143212000,0
143214001,0
143216001,0
143218000,0
143220001,0
143222001,0
143224000,0
143226000,0
143228001,0
143230000,0
143232001,0
143234001,0
143236000,0
143238001,0
143240001,0
143242000,0
143244000,0
143246000,0
143248000,0
143250000,0
143252001,0
143254000,0
143256000,0
143258000,0
143260000,0
143262001,0
143264000,0
143266001,0
143268000,0
143270001,0
143272001,0
143274000,0
143276001,0
143278000,0
143280000,0
143282000,0
143284001,0
143286000,0
143288001,0
143290001,0
143292001,0
143294000,0
143296001,0
143298000,0
143300000,0
143302000,0
143304000,0
143306000,0
143308000,0
143310001,0
143312000,0
143314001,0
143316000,0
143318001,0
143320000,0
143322000,0
143324000,0
143326000,0
143328001,0
143330001,0
143332000,0
143334001,0
143336001,0
143338000,0
143340000,0
143342000,0
143344000,0
143346000,0
143348000,0
143350001,0
143352000,0
143354000,0
143356001,0
143358000,0
143360000,0
143362000,0
143364000,0
143366001,0
143368000,0
143370000,0
143372001,0
143374000,0
143376001,0
143378000,0
143380001,0
143382000,0
143384000,0
143386000,0
143388000,0
143390000,0
143392000,0
143394001,0
143396000,0
143398001,0
143400001,0
143402000,0
143404000,0
143406000,0
143408000,0
143410000,0
143412000,0
143414000,0
143416001,0
143418001,0
143420001,0
143422000,0
143424000,0
143426001,0
143428001,0
143430000,0
143432000,0
143434000,0
143436000,0
143438000,0
143440000,0
143442000,0
143444000,0
143446000,0
143448001,0
143450000,0
143452000,0
143454000,0
143456000,0
143458001,0
143460001,0
143462000,0
143464000,0
143466000,0
143468000,0
143470000,0
143472000,0
143474001,0
143476000,0
143478000,0
143480000,0
143482000,0
143484000,0
143486001,0
143488000,0
143490001,0
143492000,0
143494000,0
143496000,0
143498000,0
143500000,0
143502000,0
143504001,0
143506000,0
143508000,0
143510000,0
143512000,0
143514000,0
143516000,0
143518000,0
143520000,0
143522001,0
143524001,0
143526001,0
143528001,0
143530000,0
143532001,0
143534000,0
143536000,0
143538000,0
143540000,0
143542000,0
143544000,0
143546000,0
143548000,0
143550000,0
143552001,0
143554001,0
143556000,0
143558000,0
143560000,0
143562000,0
143564000,0
143566000,0
143568000,0
143570000,0
143572000,0
143574000,0
143576000,0
143578000,0
143580000,0
143582000,0
143584001,0
143586000,0
143588001,0
143590000,0
143592001,0
143594000,0
143596000,0
143598000,0
143600000,0
143602000,0
143604000,0
143606001,0
143608001,0
143610000,0
143612001,0
143614000,0
143616000,0
143618001,0
143620000,0
143622000,0
143624001,0
143626001,0
143628000,0
143630000,0
143632000,0
143634000,0
143636000,0
143638000,0
143640000,0
143642000,0
143644000,0
143646000,0
143648000,0
143650001,0
143652001,0
143654000,0
143656000,0
143658000,0
143660000,0
143662000,0
143664000,0
143666000,0
143668001,0
143670000,0
143672000,0
143674000,0
143676000,0
143678000,0
143680000,0
143682000,0
143684000,0
143686000,0
143688000,0
143690001,0
143692001,0
143694001,0
143696001,0
143698000,0
143700000,0
143702000,0
143704000,0
143706001,0
143708000,0
143710001,0
143712001,0
143714000,0
143716000,0
143718000,0
143720000,0
143722000,0
143724000,0
143726000,0
143728000,0
143730001,0
143732000,0
143734000,0
143736000,0
143738000,0
143740000,0
143742001,0
143744001,0
143746001,0
143748000,0
143750001,0
143752001,0
143754000,0
143756000,0
143758001,0
143760000,0
143762000,0
143764000,0
143766000,0
143768001,0
143770000,0
143772000,0
143774000,0
143776000,0
143778000,0
143780000,0
143782001,0
143784001,0
143786000,0
143788001,0
143790000,0
143792000,0
143794000,0
143796000,0
143798000,0
143800000,0
143802000,0
143804000,0
143806001,0
143808000,0
143810000,0
143812000,0
143814000,0
143816000,0
143818000,0
143820001,0
143822000,0
143824000,0
143826000,0
143828000,0
143830001,0
143832000,0
143834000,0
143836001,0
143838000,0
143840001,0
143842001,0
143844000,0
143846000,0
143848000,0
143850000,0
143852000,0
143854000,0
143856000,0
143858000,0
143860000,0
143862000,0
143864001,0
143866000,0
143868001,0
143870001,0
143872000,0
143874000,0
143876000,0
143878000,0
143880000,0
143882000,0
143884000,0
143886000,0
143888000,0
143890000,0
143892001,0
143894000,0
143896001,0
143898001,0
143900000,0
143902000,0
143904001,0
143906000,0
143908000,0
143910000,0
143912001,0
143914000,0
143916000,0
143918000,0
143920000,0
143922000,0
143924000,0
143926000,0
143928000,0
143930000,0
143932000,0
143934000,0
143936000,0
143938000,0
143940000,0
143942000,0
143944000,0
143946000,0
143948000,0
143950000,0
143952000,0
143954000,0
143956000,0
143958000,0
143960000,0
143962000,0
143964000,0
143966000,0
143968000,0
143970001,0
143972001,0
143974001,0
143976000,0
143978001,0
143980000,0
143982000,0
143984000,0
143986000,0
143988000,0
143990000,0
143992000,0
143994000,0
143996001,0
143998001,0
144000001,0
144002001,0
144004001,0
144006001,0
144008001,0
144010000,0
144012001,0
144014001,0
144016000,0
144018000,0
144020001,0
144022000,0
144024000,0
144026000,0
144028000,0
144030000,0
144032000,0
144034000,0
144036000,0
144038000,0
144040000,0
144042000,0
144044000,0
144046000,0
144048001,0
144050000,0
144052000,0
144054000,0
144056000,0
144058000,0
144060000,0
144062000,0
144064000,0
144066000,0
144068000,0
144070000,0
144072000,0
144074001,0
144076001,0
144078001,0
144080001,0
144082000,0
144084001,0
144086000,0
144088001,0
144090001,0
144092000,0
144094000,0
144096000,0
144098000,0
144100000,0
144102001,0
144104000,0
144106000,0
144108000,0
144110000,0
144112000,0
144114001,0
144116001,0
144118001,0
144120001,0
144122000,0
144124000,0
144126000,0
144128000,0
144130001,0
144132001,0
144134001,0
144136000,0
144138000,0
144140000,0
144142000,0
144144000,0
144146000,0
144148001,0
144150000,0
144152001,0
144154000,0
144156000,0
144158000,0
144160001,0
144162001,0
144164001,0
144166000,0
144168001,0
144170000,0
144172000,0
144174000,0
144176001,0
144178001,0
144180001,0
144182000,0
144184000,0
144186000,0
144188001,0
144190000,0
144192001,0
144194001,0
144196000,0
144198000,0
144200000,0
144202000,0
144204000,0
144206000,0
144208000,0
144210000,0
144212000,0
144214000,0
144216000,0
144218000,0
144220001,0
144222000,0
144224001,0
144226001,0
144228000,0
144230000,0
144232000,0
144234000,0
144236000,0
144238000,0
144240000,0
144242000,0
144244000,0
144246000,0
144248000,0
144250000,0
144252000,0
144254001,0
144256001,0
144258001,0
144260001,0
144262000,0
144264001,0
144266000,0
144268000,0
144270000,0
144272000,0
144274000,0
144276000,0
144278000,0
144280000,0
144282000,0
144284000,0
144286000,0
144288000,0
144290001,0
144292000,0
144294001,0
144296001,0
144298001,0
144300000,0
144302000,0
144304000,0
144306001,0
144308000,0
144310000,0
144312000,0
144314000,0
144316000,0
144318001,0
144320001,0
144322000,0
144324000,0
144326000,0
144328000,0
144330000,0
144332000,0
144334000,0
144336000,0
144338000,0
144340000,0
144342000,0
144344000,0
144346000,0
144348000,0
144350000,0
144352000,0
144354000,0
144356001,0
144358001,0
144360000,0
144362001,0
144364000,0
144366000,0
144368000,0
144370001,0
144372001,0
144374001,0
144376000,0
144378000,0
144380000,0
144382000,0
144384000,0
144386001,0
144388000,0
144390001,0
144392001,0
144394000,0
144396000,0
144398000,0
144400000,0
144402000,0
144404000,0
144406000,0
144408001,0
144410001,0
144412000,0
144414000,0
144416001,0
144418001,0
144420000,0
144422000,0
144424001,0
144426000,0
144428000,0
144430000,0
144432001,0
144434000,0
144436000,0
144438000,0
144440000,0
144442000,0
144444000,0
144446000,0
144448000,0
144450000,0
144452000,0
144454000,0
144456001,0
144458001,0
144460000,0
144462001,0
144464000,0
144466001,0
144468000,0
144470000,0
144472001,0
144474000,0
144476000,0
144478000,0
144480000,0
144482001,0
144484001,0
144486001,0
144488000,0
144490001,0
144492000,0
144494000,0
144496000,0
144498000,0
144500001,0
144502001,0
144504000,0
144506000,0
144508000,0
144510000,0
144512000,0
144514000,0
144516001,0
144518000,0
144520000,0
144522000,0
144524000,0
144526000,0
144528000,0
144530001,0
144532000,0
144534000,0
144536000,0
144538000,0
144540000,0
144542000,0
144544000,0
144546000,0
144548000,0
144550000,0
144552000,0
144554000,0
144556000,0
144558001,0
144560001,0
144562001,0
144564000,0
144566000,0
144568000,0
144570000,0
144572000,0
144574000,0
144576000,0
144578001,0
144580001,0
144582001,0
144584000,0
144586000,0
144588001,0
144590000,0
144592000,0
144594000,0
144596000,0
144598001,0
144600001,0
144602001,0
144604001,0
144606000,0
144608001,0
144610001,0
144612000,0
144614000,0
144616000,0
144618000,0
144620000,0
144622000,0
144624000,0
144626000,0
144628000,0
144630001,0
144632000,0
144634000,0
144636000,0
144638000,0
144640000,0
144642001,0
144644000,0
144646001,0
144648001,0
144650000,0
144652001,0
144654001,0
144656001,0
144658000,0
144660001,0
144662000,0
144664001,0
144666000,0
144668000,0
144670000,0
144672000,0
144674000,0
144676000,0
144678000,0
144680000,0
144682000,0
144684000,0
144686000,0
144688000,0
144690000,0
144692001,0
144694000,0
144696000,0
144698000,0
144700000,0
144702000,0
144704000,0
144706000,0
144708000,0
144710000,0
144712000,0
144714000,0
144716001,0
144718001,0
144720000,0
144722001,0
144724000,0
144726000,0
144728000,0
144730000,0
144732000,0
144734001,0
144736000,0
144738000,0
144740001,0
144742000,0
144744000,0
144746000,0
144748000,0
144750000,0
144752000,0
144754000,0
144756000,0
144758000,0
144760000,0
144762000,0
144764001,0
144766001,0
144768000,0
144770000,0
144772000,0
144774001,0
144776001,0
144778000,0
144780000,0
144782000,0
144784000,0
144786001,0
144788000,0
144790001,0
144792000,0
144794001,0
144796000,0
144798001,0
144800001,0
144802000,0
144804001,0
144806000,0
144808000,0
144810000,0
144812001,0
144814001,0
144816000,0
144818000,0
144820000,0
144822000,0
144824000,0
144826000,0
144828000,0
144830000,0
144832001,0
144834000,0
144836001,0
144838001,0
144840000,0
144842000,0
144844000,0
144846001,0
144848000,0
144850001,0
144852000,0
144854001,0
144856001,0
144858001,0
144860001,0
144862000,0
144864000,0
144866000,0
144868000,0
144870001,0
144872001,0
144874000,0
144876000,0
144878000,0
144880000,0
144882000,0
144884000,0
144886000,0
144888000,0
144890001,0
144892000,0
144894001,0
144896000,0
144898001,0
144900001,0
144902000,0
144904001,0
144906001,0
144908001,0
144910001,0
144912001,0
144914000,0
144916001,0
144918000,0
144920001,0
144922000,0
144924000,0
144926001,0
144928000,0
144930001,0
144932000,0
144934001,0
144936000,0
144938000,0
144940000,0
144942000,0
144944000,0
144946000,0
144948000,0
144950001,0
144952000,0
144954000,0
144956000,0
144958000,0
144960000,0
144962000,0
144964001,0
144966000,0
144968001,0
144970000,0
144972001,0
144974000,0
144976000,0
144978000,0
144980000,0
144982000,0
144984001,0
144986000,0
144988001,0
144990000,0
144992001,0
144994001,0
144996001,0
144998000,0
145000000,0
145002001,0
145004000,0
145006000,0
145008000,0
145010001,0
145012000,0
145014001,0
145016000,0
145018000,0
145020000,0
145022000,0
145024000,0
145026000,0
145028001,0
145030000,0
145032000,0
145034001,0
145036000,0
145038000,0
145040000,0
145042001,0
145044001,0
145046000,0
145048001,0
145050000,0
145052001,0
145054001,0
145056000,0
145058000,0
145060001,0
145062001,0
145064001,0
145066001,0
145068001,0
145070000,0
145072000,0
145074000,0
145076000,0
145078000,0
145080000,0
145082001,0
145084001,0
145086000,0
145088001,0
145090000,0
145092000,0
145094000,0
145096001,0
145098001,0
145100000,0
145102000,0
145104001,0
145106000,0
145108000,0
145110000,0
145112001,0
145114000,0
145116001,0
145118000,0
145120001,0
145122000,0
145124000,0
145126000,0
145128000,0
145130000,0
145132000,0
145134000,0
145136000,0
145138001,0
145140001,0
145142000,0
145144000,0
145146001,0
145148001,0
145150001,0
145152001,0
145154001,0
145156000,0
145158001,0
145160000,0
145162001,0
145164000,0
145166001,0
145168001,0
145170000,0
145172000,0
145174001,0
145176000,0
145178000,0
145180000,0
145182000,0
145184000,0
145186000,0
145188000,0
145190000,0
145192000,0
145194000,0
145196001,0
145198000,0
145200000,0
145202000,0
145204000,0
145206000,0
145208001,0
145210000,0
145212000,0
145214001,0
145216000,0
145218000,0
145220001,0
145222000,0
145224001,0
145226000,0
145228001,0
145230000,0
145232001,0
145234000,0
145236000,0
145238000,0
145240000,0
145242000,0
145244000,0
145246000,0
145248000,0
145250000,0
145252000,0
145254000,0
145256000,0
145258000,0
145260001,0
145262000,0
145264001,0
145266000,0
145268000,0
145270000,0
145272000,0
145274000,0
145276000,0
145278000,0
145280000,0
145282000,0
145284001,0
145286000,0
145288000,0
145290000,0
145292000,0
145294000,0
145296000,0
145298000,0
145300001,0
145302001,0
145304000,0
145306000,0
145308000,0
145310000,0
145312001,0
145314001,0
145316000,0
145318000,0
145320001,0
145322000,0
145324000,0
145326001,0
145328001,0
145330000,0
145332000,0
145334000,0
145336001,0
145338000,0
145340000,0
145342000,0
145344000,0
145346000,0
145348000,0
145350000,0
145352001,0
145354000,0
145356000,0
145358000,0
145360001,0
145362000,0
145364001,0
145366001,0
145368000,0
145370000,0
145372000,0
145374000,0
145376000,0
145378001,0
145380000,0
145382000,0
145384000,0
145386001,0
145388001,0
145390000,0
145392000,0
145394000,0
145396000,0
145398000,0
145400000,0
145402000,0
145404000,0
145406000,0
145408000,0
145410000,0
145412000,0
145414000,0
145416000,0
145418001,0
145420001,0
145422000,0
145424001,0
145426001,0
145428001,0
145430000,0
145432000,0
145434000,0
145436000,0
145438000,0
145440001,0
145442000,0
145444000,0
145446000,0
145448000,0
145450000,0
145452000,0
145454000,0
145456000,0
145458000,0
145460001,0
145462000,0
145464000,0
145466000,0
145468000,0
145470000,0
145472000,0
145474000,0
145476000,0
145478000,0
145480001,0
145482000,0
145484000,0
145486000,0
145488000,0
145490000,0
145492000,0
145494000,0
145496000,0
145498000,0
145500000,0
145502001,0
145504000,0
145506001,0
145508001,0
145510000,0
145512000,0
145514000,0
145516001,0
145518001,0
145520000,0
145522000,0
145524000,0
145526000,0
145528000,0
145530001,0
145532000,0
145534000,0
145536001,0
145538000,0
145540001,0
145542000,0
145544000,0
145546001,0
145548000,0
145550000,0
145552000,0
145554001,0
145556000,0
145558000,0
145560000,0
145562001,0
145564001,0
145566001,0
145568000,0
145570000,0
145572000,0
145574000,0
145576000,0
145578000,0
145580000,0
145582001,0
145584001,0
145586000,0
145588001,0
145590000,0
145592001,0
145594000,0
145596000,0
145598000,0
145600000,0
145602000,0
145604000,0
145606000,0
145608000,0
145610000,0
145612001,0
145614001,0
145616001,0
145618000,0
145620001,0
145622000,0
145624000,0
145626000,0
145628000,0
145630001,0
145632000,0
145634001,0
145636001,0
145638001,0
145640001,0
145642000,0
145644001,0
145646000,0
145648000,0
145650000,0
145652000,0
145654000,0
145656000,0
145658000,0
145660001,0
145662001,0
145664000,0
145666000,0
145668000,0
145670000,0
145672000,0
145674000,0
145676000,0
145678000,0
145680000,0
145682000,0
145684000,0
145686000,0
145688001,0
145690001,0
145692000,0
145694000,0
145696001,0
145698000,0
145700000,0
145702000,0
145704000,0
145706000,0
145708000,0
145710001,0
145712000,0
145714000,0
145716000,0
145718000,0
145720000,0
145722000,0
145724000,0
145726000,0
145728000,0
145730000,0
145732000,0
145734000,0
145736000,0
145738000,0
145740000,0
145742000,0
145744000,0
145746000,0
145748000,0
145750000,0
145752000,0
145754001,0
145756000,0
145758000,0
145760000,0
145762000,0
145764000,0
145766000,0
145768000,0
145770000,0
145772000,0
145774000,0
145776001,0
145778000,0
145780001,0
145782001,0
145784001,0
145786000,0
145788001,0
145790000,0
145792001,0
145794001,0
145796000,0
145798001,0
145800000,0
145802000,0
145804000,0
145806000,0
145808001,0
145810000,0
145812001,0
145814000,0
145816001,0
145818001,0
145820001,0
145822001,0
145824000,0
145826001,0
145828000,0
145830000,0
145832000,0
145834000,0
145836000,0
145838000,0
145840000,0
145842000,0
145844001,0
145846000,0
145848001,0
145850000,0
145852000,0
145854000,0
145856000,0
145858000,0
145860000,0
145862000,0
145864000,0
145866000,0
145868001,0
145870001,0
145872000,0
145874001,0
145876000,0
145878001,0
145880001,0
145882000,0
145884000,0
145886000,0
145888000,0
145890000,0
145892000,0
145894000,0
145896000,0
145898000,0
145900000,0
145902000,0
145904000,0
145906001,0
145908001,0
145910000,0
145912001,0
145914000,0
145916000,0
145918000,0
145920000,0
145922000,0
145924000,0
145926000,0
145928000,0
145930000,0
145932000,0
145934000,0
145936000,0
145938000,0
145940000,0
145942000,0
145944000,0
145946000,0
145948000,0
145950000,0
145952000,0
145954000,0
145956000,0
145958000,0
145960000,0
145962000,0
145964000,0
145966000,0
145968000,0
145970000,0
145972000,0
145974000,0
145976000,0
145978000,0
145980000,0
145982000,0
145984000,0
145986000,0
145988000,0
145990000,0
145992001,0
145994000,0
145996001,0
145998000,0
146000001,0
146002000,0
146004000,0
146006001,0
146008001,0
146010000,0
146012000,0
146014000,0
146016000,0
146018001,0
146020001,0
146022000,0
146024000,0
146026000,0
146028000,0
146030000,0
146032000,0
146034000,0
146036000,0
146038000,0
146040000,0
146042000,0
146044000,0
146046000,0
146048000,0
146050000,0
146052000,0
146054000,0
146056000,0
146058000,0
146060000,0
146062000,0
146064000,0
146066000,0
146068000,0
146070001,0
146072001,0
146074000,0
146076000,0
146078000,0
146080000,0
146082000,0
146084000,0
146086000,0
146088000,0
146090000,0
146092000,0
146094000,0
146096001,0
146098001,0
146100001,0
146102001,0
146104000,0
146106001,0
146108000,0
146110001,0
146112000,0
146114001,0
146116001,0
146118000,0
146120000,0
146122000,0
146124000,0
146126000,0
146128000,0
146130001,0
146132001,0
146134000,0
146136000,0
146138000,0
146140000,0
146142000,0
146144001,0
146146000,0
146148000,0
146150000,0
146152000,0
146154000,0
146156000,0
146158000,0
146160000,0
146162000,0
146164001,0
146166000,0
146168000,0
146170000,0
146172000,0
146174000,0
146176001,0
146178000,0
146180000,0
146182001,0
146184001,0
146186000,0
146188000,0
146190000,0
146192001,0
146194000,0
146196001,0
146198001,0
146200000,0
146202000,0
146204000,0
146206001,0
146208000,0
146210000,0
146212001,0
146214000,0
146216001,0
146218000,0
146220000,0
146222001,0
146224000,0
146226000,0
146228000,0
146230000,0
146232000,0
146234000,0
146236000,0
146238001,0
146240001,0
146242001,0
146244000,0
146246000,0
146248000,0
146250000,0
146252000,0
146254000,0
146256000,0
146258000,0
146260000,0
146262001,0
146264000,0
146266001,0
146268000,0
146270000,0
146272001,0
146274001,0
146276000,0
146278001,0
146280001,0
146282001,0
146284001,0
146286001,0
146288000,0
146290001,0
146292001,0
146294001,0
146296000,0
146298000,0
146300001,0
146302001,0
146304000,0
146306001,0
146308001,0
146310000,0
146312001,0
146314001,0
146316000,0
146318000,0
146320000,0
146322000,0
146324000,0
146326000,0
146328000,0
146330000,0
146332001,0
146334001,0
146336000,0
146338000,0
146340000,0
146342000,0
146344000,0
146346000,0
146348000,0
146350000,0
146352000,0
146354000,0
146356000,0
146358000,0
146360000,0
146362001,0
146364000,0
146366000,0
146368000,0
146370000,0
146372000,0
146374000,0
146376000,0
146378001,0
146380000,0
146382000,0
146384001,0
146386001,0
146388000,0
146390000,0
146392000,0
146394001,0
146396000,0
146398000,0
146400000,0
146402001,0
146404000,0
146406000,0
146408001,0
146410001,0
146412000,0
146414001,0
146416001,0
146418000,0
146420000,0
146422001,0
146424001,0
146426001,0
146428000,0
146430000,0
146432001,0
146434000,0
146436000,0
146438000,0
146440000,0
146442001,0
146444000,0
146446000,0
146448000,0
146450000,0
146452000,0
146454000,0
146456001,0
146458001,0
146460000,0
146462000,0
146464000,0
146466000,0
146468000,0
146470000,0
146472000,0
146474000,0
146476000,0
146478000,0
146480000,0
146482001,0
146484001,0
146486001,0
146488001,0
146490000,0
146492001,0
146494001,0
146496000,0
146498000,0
146500001,0
146502000,0
146504001,0
146506000,0
146508001,0
146510000,0
146512000,0
146514000,0
146516000,0
146518000,0
146520000,0
146522000,0
146524000,0
146526000,0
146528000,0
146530000,0
146532000,0
146534000,0
146536001,0
146538001,0
146540001,0
146542000,0
146544001,0
146546000,0
146548000,0
146550000,0
146552000,0
146554000,0
146556000,0
146558000,0
146560000,0
146562000,0
146564000,0
146566000,0
146568000,0
146570001,0
146572001,0
146574000,0
146576000,0
146578000,0
146580000,0
146582001,0
146584001,0
146586000,0
146588001,0
146590001,0
146592000,0
146594001,0
146596000,0
146598001,0
146600000,0
146602000,0
146604000,0
146606000,0
146608001,0
146610000,0
146612000,0
146614000,0
146616000,0
146618000,0
146620000,0
146622001,0
146624000,0
146626001,0
146628000,0
146630001,0
146632001,0
146634000,0
146636000,0
146638001,0
146640000,0
146642000,0
146644000,0
146646000,0
146648000,0
146650000,0
146652000,0
146654000,0
146656000,0
146658000,0
146660000,0
146662000,0
146664000,0
146666000,0
146668000,0
146670000,0
146672000,0
146674000,0
146676000,0
146678000,0
146680000,0
146682000,0
146684000,0
146686000,0
146688000,0
146690000,0
146692000,0
146694001,0
146696001,0
146698000,0
146700001,0
146702000,0
146704001,0
146706000,0
146708001,0
146710000,0
146712001,0
146714000,0
146716000,0
146718000,0
146720000,0
146722000,0
146724000,0
146726000,0
146728000,0
146730000,0
146732000,0
146734000,0
146736000,0
146738000,0
146740001,0
146742001,0
146744001,0
146746000,0
146748000,0
146750001,0
146752000,0
146754001,0
146756000,0
146758000,0
146760000,0
146762000,0
146764000,0
146766001,0
146768001,0
146770000,0
146772001,0
146774001,0
146776000,0
146778001,0
146780001,0
146782001,0
146784000,0
146786001,0
146788001,0
146790000,0
146792000,0
146794000,0
146796000,0
146798000,0
146800000,0
146802000,0
146804000,0
146806001,0
146808000,0
146810001,0
146812000,0
146814001,0
146816001,0
146818000,0
146820000,0
146822000,0
146824000,0
146826000,0
146828000,0
146830000,0
146832000,0
146834000,0
146836001,0
146838000,0
146840000,0
146842000,0
146844000,0
146846000,0
146848000,0
146850000,0
146852000,0
146854000,0
146856000,0
146858000,0
146860001,0
146862000,0
146864000,0
146866001,0
146868000,0
146870001,0
146872000,0
146874000,0
146876000,0
146878000,0
146880000,0
146882000,0
146884001,0
146886001,0
146888000,0
146890000,0
146892000,0
146894000,0
146896000,0
146898000,0
146900001,0
146902001,0
146904000,0
146906000,0
146908000,0
146910000,0
146912000,0
146914000,0
146916001,0
146918001,0
146920001,0
146922000,0
146924000,0
146926001,0
146928000,0
146930000,0
146932000,0
146934001,0
146936000,0
146938001,0
146940000,0
146942001,0
146944000,0
146946000,0
146948000,0
146950001,0
146952000,0
146954000,0
146956000,0
146958000,0
146960000,0
146962000,0
146964001,0
146966000,0
146968000,0
146970000,0
146972000,0
146974000,0
146976000,0
146978000,0
146980000,0
146982000,0
146984001,0
146986000,0
146988001,0
146990001,0
146992001,0
146994001,0
146996000,0
146998000,0
147000001,0
147002000,0
147004000,0
147006001,0
147008001,0
147010000,0
147012000,0
147014000,0
147016000,0
147018000,0
147020000,0
147022000,0
147024000,0
147026000,0
147028000,0
147030000,0
147032000,0
147034001,0
147036000,0
147038000,0
147040000,0
147042000,0
147044000,0
147046000,0
147048000,0
147050001,0
147052001,0
147054000,0
147056000,0
147058000,0
147060000,0
147062000,0
147064000,0
147066000,0
147068000,0
147070000,0
147072000,0
147074001,0
147076000,0
147078000,0
147080001,0
147082000,0
147084001,0
147086000,0
147088001,0
147090001,0
147092001,0
147094001,0
147096001,0
147098000,0
147100001,0
147102000,0
147104000,0
147106000,0
147108001,0
147110000,0
147112000,0
147114000,0
147116000,0
147118001,0
147120001,0
147122000,0
147124000,0
147126000,0
147128000,0
147130000,0
147132000,0
147134000,0
147136000,0
147138000,0
147140001,0
147142001,0
147144000,0
147146001,0
147148001,0
147150001,0
147152000,0
147154000,0
147156000,0
147158000,0
147160000,0
147162000,0
147164000,0
147166000,0
147168000,0
147170000,0
147172000,0
147174000,0
147176000,0
147178000,0
147180000,0
147182001,0
147184001,0
147186001,0
147188000,0
147190000,0
147192001,0
147194000,0
147196000,0
147198000,0
147200000,0
147202000,0
147204000,0
147206000,0
147208000,0
147210001,0
147212000,0
147214000,0
147216000,0
147218001,0
147220001,0
147222000,0
147224001,0
147226000,0
147228000,0
147230000,0
147232000,0
147234000,0
147236000,0
147238000,0
147240000,0
147242000,0
147244000,0
147246000,0
147248000,0
147250000,0
147252000,0
147254000,0
147256001,0
147258000,0
147260000,0
147262000,0
147264000,0
147266000,0
147268000,0
147270000,0
147272001,0
147274000,0
147276000,0
147278000,0
147280000,0
147282000,0
147284000,0
147286000,0
147288000,0
147290000,0
147292000,0
147294000,0
147296000,0
147298000,0
147300000,0
147302000,0
147304000,0
147306000,0
147308000,0
147310000,0
147312000,0
147314000,0
147316000,0
147318000,0
147320001,0
147322001,0
147324001,0
147326000,0
147328001,0
147330000,0
147332000,0
147334000,0
147336001,0
147338000,0
147340000,0
147342000,0
147344000,0
147346000,0
147348000,0
147350000,0
147352000,0
147354000,0
147356001,0
147358001,0
147360001,0
147362001,0
147364000,0
147366000,0
147368000,0
147370000,0
147372000,0
147374000,0
147376000,0
147378000,0
147380001,0
147382000,0
147384000,0
147386001,0
147388000,0
147390001,0
147392000,0
147394000,0
147396000,0
147398000,0
147400000,0
147402000,0
147404001,0
147406000,0
147408000,0
147410000,0
147412000,0
147414000,0
147416000,0
147418000,0
147420000,0
147422000,0
147424000,0
147426000,0
147428000,0
147430000,0
147432000,0
147434000,0
147436000,0
147438001,0
147440000,0
147442001,0
147444001,0
147446000,0
147448001,0
147450001,0
147452000,0
147454001,0
147456000,0
147458000,0
147460000,0
147462001,0
147464000,0
147466000,0
147468000,0
147470000,0
147472001,0
147474000,0
147476000,0
147478000,0
147480000,0
147482001,0
147484000,0
147486001,0
147488000,0
147490000,0
147492000,0
147494000,0
147496000,0
147498000,0
147500000,0
147502000,0
147504000,0
147506000,0
147508000,0
147510000,0
147512001,0
147514000,0
147516001,0
147518001,0
147520000,0
147522000,0
147524001,0
147526000,0
147528000,0
147530000,0
147532000,0
147534000,0
147536000,0
147538000,0
147540000,0
147542000,0
147544000,0
147546000,0
147548000,0
147550000,0
147552000,0
147554000,0
147556000,0
147558001,0
147560001,0
147562000,0
147564001,0
147566000,0
147568001,0
147570000,0
147572000,0
147574000,0
147576000,0
147578000,0
147580000,0
147582001,0
147584000,0
147586000,0
147588000,0
147590000,0
147592000,0
147594001,0
147596000,0
147598000,0
147600000,0
147602001,0
147604000,0
147606000,0
147608000,0
147610000,0
147612000,0
147614001,0
147616001,0
147618000,0
147620001,0
147622000,0
147624001,0
147626000,0
147628000,0
147630000,0
147632001,0
147634001,0
147636000,0
147638001,0
147640001,0
147642000,0
147644000,0
147646000,0
147648000,0
147650000,0
147652000,0
147654000,0
147656000,0
147658000,0
147660001,0
147662001,0
147664001,0
147666000,0
147668000,0
147670000,0
147672000,0
147674000,0
147676000,0
147678000,0
147680000,0
147682000,0
147684000,0
147686000,0
147688000,0
147690000,0
147692000,0
147694000,0
147696000,0
147698000,0
147700000,0
147702000,0
147704000,0
147706001,0
147708000,0
147710000,0
147712001,0
147714001,0
147716000,0
147718001,0
147720001,0
147722000,0
147724000,0
147726000,0
147728001,0
147730001,0
147732001,0
147734001,0
147736000,0
147738001,0
147740001,0
147742000,0
147744000,0
147746000,0
147748000,0
147750000,0
147752000,0
147754001,0
147756000,0
147758000,0
147760000,0
147762000,0
147764000,0
147766000,0
147768000,0
147770000,0
147772001,0
147774000,0
147776001,0
147778000,0
147780000,0
147782000,0
147784000,0
147786000,0
147788000,0
147790001,0
147792001,0
147794000,0
147796000,0
147798001,0
147800000,0
147802000,0
147804001,0
147806001,0
147808000,0
147810000,0
147812001,0
147814001,0
147816000,0
147818000,0
147820000,0
147822000,0
147824000,0
147826000,0
147828000,0
147830000,0
147832000,0
147834000,0
147836000,0
147838000,0
147840000,0
147842000,0
147844000,0
147846000,0
147848000,0
147850000,0
147852000,0
147854001,0
147856000,0
147858000,0
147860000,0
147862000,0
147864000,0
147866001,0
147868000,0
147870000,0
147872000,0
147874000,0
147876001,0
147878000,0
147880000,0
147882000,0
147884000,0
147886000,0
147888000,0
147890001,0
147892000,0
147894000,0
147896000,0
147898000,0
147900001,0
147902000,0
147904000,0
147906001,0
147908000,0
147910001,0
147912000,0
147914000,0
147916000,0
147918000,0
147920000,0
147922000,0
147924000,0
147926000,0
147928000,0
147930001,0
147932001,0
147934001,0
147936001,0
147938001,0
147940000,0
147942000,0
147944000,0
147946000,0
147948000,0
147950001,0
147952000,0
147954000,0
147956000,0
147958000,0
147960000,0
147962000,0
147964000,0
147966001,0
147968000,0
147970000,0
147972000,0
147974000,0
147976000,0
147978001,0
147980001,0
147982000,0
147984000,0
147986000,0
147988001,0
147990000,0
147992001,0
147994000,0
147996000,0
147998000,0
148000000,0
148002000,0
148004000,0
148006000,0
148008000,0
148010000,0
148012000,0
148014000,0
148016000,0
148018000,0
148020000,0
148022000,0
148024000,0
148026001,0
148028000,0
148030000,0
148032000,0
148034000,0
148036000,0
148038000,0
148040001,0
148042000,0
148044000,0
148046000,0
148048000,0
148050001,0
148052000,0
148054000,0
148056001,0
148058000,0
148060000,0
148062000,0
148064000,0
148066000,0
148068001,0
148070001,0
148072000,0
148074000,0
148076000,0
148078000,0
148080000,0
148082000,0
148084000,0
148086000,0
148088000,0
148090001,0
148092000,0
148094000,0
148096000,0
148098000,0
148100000,0
148102000,0
148104000,0
148106000,0
148108000,0
148110000,0
148112000,0
148114000,0
148116000,0
148118001,0
148120001,0
148122000,0
148124000,0
148126001,0
148128000,0
148130000,0
148132000,0
148134000,0
148136000,0
148138000,0
148140001,0
148142001,0
148144000,0
148146000,0
148148000,0
148150000,0
148152000,0
148154000,0
148156000,0
148158000,0
148160000,0
148162000,0
148164000,0
148166001,0
148168001,0
148170001,0
148172000,0
148174001,0
148176001,0
148178000,0
148180001,0
148182000,0
148184000,0
148186000,0
148188000,0
148190000,0
148192000,0
148194000,0
148196001,0
148198001,0
148200001,0
148202000,0
148204001,0
148206001,0
148208000,0
148210000,0
148212001,0
148214001,0
148216000,0
148218001,0
148220000,0
148222001,0
148224000,0
148226001,0
148228000,0
148230000,0
148232001,0
148234001,0
148236000,0
148238001,0
148240001,0
148242001,0
148244000,0
148246000,0
148248000,0
148250000,0
148252001,0
148254000,0
148256001,0
148258001,0
148260000,0
148262000,0
148264000,0
148266001,0
148268000,0
148270000,0
148272001,0
148274000,0
148276000,0
148278000,0
148280001,0
148282000,0
148284001,0
148286000,0
148288001,0
148290000,0
148292001,0
148294000,0
148296000,0
148298000,0
148300000,0
148302001,0
148304000,0
148306000,0
148308001,0
148310000,0
148312000,0
148314000,0
148316000,0
148318000,0
148320000,0
148322001,0
148324000,0
148326000,0
148328000,0
148330000,0
148332000,0
148334000,0
148336000,0
148338000,0
148340000,0
148342000,0
148344000,0
148346000,0
148348000,0
148350001,0
148352000,0
148354000,0
148356000,0
148358000,0
148360000,0
148362000,0
148364000,0
148366000,0
148368000,0
148370001,0
148372000,0
148374000,0
148376000,0
148378000,0
148380000,0
148382000,0
148384000,0
148386000,0
148388001,0
148390001,0
148392001,0
148394000,0
148396001,0
148398001,0
148400000,0
148402000,0
148404001,0
148406000,0
148408001,0
148410000,0
148412001,0
148414000,0
148416000,0
148418000,0
148420000,0
148422000,0
148424001,0
148426000,0
148428001,0
148430000,0
148432000,0
148434000,0
148436000,0
148438001,0
148440001,0
148442000,0
148444000,0
148446000,0
148448001,0
148450001,0
148452000,0
148454001,0
148456000,0
148458000,0
148460000,0
148462000,0
148464001,0
148466000,0
148468001,0
148470001,0
148472001,0
148474000,0
148476000,0
148478000,0
148480000,0
148482000,0
148484000,0
148486000,0
148488000,0
148490000,0
148492000,0
148494000,0
148496000,0
148498000,0
148500000,0
148502001,0
148504000,0
148506000,0
148508000,0
148510000,0
148512000,0
148514000,0
148516001,0
148518001,0
148520001,0
148522000,0
148524001,0
148526001,0
148528001,0
148530000,0
148532000,0
148534000,0
148536000,0
148538000,0
148540001,0
148542000,0
148544000,0
148546000,0
148548000,0
148550000,0
148552001,0
148554001,0
148556000,0
148558001,0
148560001,0
148562000,0
148564001,0
148566000,0
148568000,0
148570000,0
148572000,0
148574000,0
148576000,0
148578000,0
148580000,0
148582000,0
148584000,0
148586001,0
148588001,0
148590000,0
148592000,0
148594000,0
148596000,0
148598000,0
148600000,0
148602000,0
148604000,0
148606000,0
148608001,0
148610000,0
148612000,0
148614000,0
148616000,0
148618000,0
148620000,0
148622000,0
148624000,0
148626000,0
148628000,0
148630000,0
148632000,0
148634000,0
148636000,0
148638000,0
148640000,0
148642000,0
148644000,0
148646000,0
148648000,0
148650000,0
148652000,0
148654000,0
148656000,0
148658000,0
148660001,0
148662000,0
148664000,0
148666001,0
148668001,0
148670001,0
148672000,0
148674001,0
148676001,0
148678000,0
148680001,0
148682000,0
148684001,0
148686000,0
148688001,0
148690001,0
148692000,0
148694001,0
148696000,0
148698001,0
148700000,0
148702000,0
148704000,0
148706000,0
148708001,0
148710000,0
148712000,0
148714000,0
148716000,0
148718001,0
148720000,0
148722000,0
148724000,0
148726000,0
148728000,0
148730000,0
148732000,0
148734000,0
148736000,0
148738000,0
148740001,0
148742000,0
148744001,0
148746000,0
148748000,0
148750000,0
148752000,0
148754000,0
148756000,0
148758001,0
148760001,0
148762000,0
148764000,0
148766000,0
148768000,0
148770001,0
148772000,0
148774000,0
148776000,0
148778000,0
148780000,0
148782000,0
148784000,0
148786000,0
148788000,0
148790000,0
148792001,0
148794001,0
148796000,0
148798000,0
148800000,0
148802000,0
148804000,0
148806001,0
148808001,0
148810000,0
148812000,0
148814000,0
148816000,0
148818001,0
148820000,0
148822000,0
148824000,0
148826000,0
148828000,0
148830000,0
148832000,0
148834000,0
148836000,0
148838000,0
148840000,0
148842000,0
148844000,0
148846001,0
148848000,0
148850001,0
148852000,0
148854001,0
148856000,0
148858000,0
148860000,0
148862000,0
148864000,0
148866000,0
148868000,0
148870000,0
148872001,0
148874000,0
148876000,0
148878000,0
148880000,0
148882001,0
148884000,0
148886000,0
148888000,0
148890000,0
148892000,0
148894000,0
148896000,0
148898000,0
148900000,0
148902000,0
148904000,0
148906000,0
148908000,0
148910000,0
148912000,0
148914000,0
148916000,0
148918000,0
148920000,0
148922000,0
148924000,0
148926000,0
148928001,0
148930001,0
148932000,0
148934000,0
148936001,0
148938000,0
148940000,0
148942000,0
148944000,0
148946000,0
148948000,0
148950000,0
148952000,0
148954001,0
148956000,0
148958000,0
148960000,0
148962000,0
148964000,0
148966000,0
148968000,0
148970000,0
148972000,0
148974000,0
148976000,0
148978000,0
148980001,0
148982001,0
148984001,0
148986000,0
148988000,0
148990001,0
148992000,0
148994000,0
148996001,0
148998000,0
149000000,0
149002000,0
149004000,0
149006000,0
149008000,0
149010000,0
149012000,0
149014000,0
149016000,0
149018001,0
149020000,0
149022000,0
149024000,0
149026000,0
149028000,0
149030000,0
149032000,0
149034000,0
149036000,0
149038001,0
149040000,0
149042000,0
149044001,0
149046001,0
149048001,0
149050000,0
149052001,0
149054000,0
149056001,0
149058001,0
149060000,0
149062001,0
149064000,0
149066000,0
149068000,0
149070000,0
149072000,0
149074000,0
149076000,0
149078001,0
149080000,0
149082001,0
149084001,0
149086000,0
149088000,0
149090000,0
149092001,0
149094000,0
149096000,0
149098000,0
149100001,0
149102001,0
149104001,0
149106001,0
149108001,0
149110000,0
149112001,0
149114001,0
149116001,0
149118000,0
149120000,0
149122000,0
149124000,0
149126000,0
149128001,0
149130001,0
149132000,0
149134000,0
149136000,0
149138000,0
149140000,0
149142000,0
149144001,0
149146001,0
149148000,0
149150000,0
149152000,0
149154000,0
149156000,0
149158000,0
149160001,0
149162001,0
149164000,0
149166000,0
149168000,0
149170000,0
149172001,0
149174001,0
149176001,0
149178000,0
149180000,0
149182000,0
149184001,0
149186000,0
149188000,0
149190000,0
149192000,0
149194000,0
149196000,0
149198000,0
149200000,0
149202001,0
149204001,0
149206001,0
149208000,0
149210000,0
149212000,0
149214000,0
149216000,0
149218000,0
149220000,0
149222000,0
149224000,0
149226001,0
149228000,0
149230001,0
149232000,0
149234000,0
149236000,0
149238000,0
149240000,0
149242000,0
149244000,0
149246001,0
149248001,0
149250001,0
149252001,0
149254000,0
149256000,0
149258000,0
149260000,0
149262000,0
149264000,0
149266001,0
149268001,0
149270001,0
149272000,0
149274000,0
149276000,0
149278000,0
149280000,0
149282000,0
149284000,0
149286001,0
149288001,0
149290001,0
149292001,0
149294001,0
149296000,0
149298001,0
149300001,0
149302001,0
149304000,0
149306001,0
149308000,0
149310001,0
149312001,0
149314000,0
149316000,0
149318000,0
149320001,0
149322001,0
149324001,0
149326000,0
149328001,0
149330000,0
149332000,0
149334000,0
149336000,0
149338000,0
149340000,0
149342000,0
149344000,0
149346000,0
149348000,0
149350000,0
149352000,0
149354000,0
149356000,0
149358000,0
149360000,0
149362000,0
149364000,0
149366001,0
149368000,0
149370000,0
149372000,0
149374000,0
149376000,0
149378000,0
149380000,0
149382000,0
149384000,0
149386000,0
149388000,0
149390001,0
149392000,0
149394000,0
149396001,0
149398001,0
149400000,0
149402000,0
149404000,0
149406000,0
149408000,0
149410000,0
149412000,0
149414000,0
149416000,0
149418000,0
149420000,0
149422001,0
149424001,0
149426000,0
149428001,0
149430000,0
149432000,0
149434000,0
149436000,0
149438000,0
149440000,0
149442000,0
149444001,0
149446001,0
149448000,0
149450001,0
149452000,0
149454000,0
149456000,0
149458000,0
149460000,0
149462000,0
149464001,0
149466001,0
149468001,0
149470001,0
149472000,0
149474001,0
149476000,0
149478000,0
149480001,0
149482001,0
149484000,0
149486001,0
149488001,0
149490001,0
149492001,0
149494000,0
149496000,0
149498001,0
149500001,0
149502000,0
149504000,0
149506000,0
149508000,0
149510000,0
149512000,0
149514000,0
149516000,0
149518000,0
149520000,0
149522000,0
149524000,0
149526000,0
149528000,0
149530001,0
149532000,0
149534000,0
149536000,0
149538000,0
149540000,0
149542000,0
149544000,0
149546000,0
149548000,0
149550000,0
149552001,0
149554000,0
149556000,0
149558000,0
149560000,0
149562000,0
149564000,0
149566001,0
149568000,0
149570001,0
149572001,0
149574000,0
149576001,0
149578001,0
149580000,0
149582001,0
149584000,0
149586000,0
149588000,0
149590000,0
149592000,0
149594001,0
149596000,0
149598000,0
149600000,0
149602001,0
149604001,0
149606001,0
149608000,0
149610000,0
149612000,0
149614000,0
149616000,0
149618000,0
149620000,0
149622000,0
149624000,0
149626000,0
149628000,0
149630000,0
149632000,0
149634000,0
149636001,0
149638001,0
149640000,0
149642000,0
149644001,0
149646000,0
149648001,0
149650000,0
149652001,0
149654001,0
149656000,0
149658001,0
149660000,0
149662001,0
149664000,0
149666001,0
149668001,0
149670000,0
149672001,0
149674000,0
149676001,0
149678000,0
149680000,0
149682000,0
149684001,0
149686001,0
149688000,0
149690001,0
149692001,0
149694001,0
149696000,0
149698000,0
149700000,0
149702001,0
149704000,0
149706001,0
149708000,0
149710000,0
149712000,0
149714001,0
149716001,0
149718000,0
149720000,0
149722000,0
149724000,0
149726000,0
149728000,0
149730000,0
149732001,0
149734000,0
149736001,0
149738000,0
149740000,0
149742000,0
149744000,0
149746000,0
149748000,0
149750000,0
149752000,0
149754000,0
149756000,0
149758000,0
149760000,0
149762000,0
149764000,0
149766000,0
149768000,0
149770000,0
149772000,0
149774000,0
149776000,0
149778000,0
149780000,0
149782000,0
149784000,0
149786000,0
149788000,0
149790000,0
149792000,0
149794000,0
149796000,0
149798000,0
149800001,0
149802001,0
149804001,0
149806001,0
149808001,0
149810000,0
149812001,0
149814001,0
149816000,0
149818001,0
149820001,0
149822000,0
149824001,0
149826001,0
149828001,0
149830000,0
149832000,0
149834000,0
149836000,0
149838000,0
149840000,0
149842000,0
149844000,0
149846000,0
149848001,0
149850001,0
149852001,0
149854001,0
149856000,0
149858000,0
149860000,0
149862001,0
149864000,0
149866000,0
149868000,0
149870000,0
149872000,0
149874000,0
149876000,0
149878000,0
149880000,0
149882000,0
149884000,0
149886000,0
149888001,0
149890000,0
149892000,0
149894000,0
149896000,0
149898001,0
149900001,0
149902000,0
149904000,0
149906000,0
149908001,0
149910000,0
149912000,0
149914000,0
149916000,0
149918000,0
149920000,0
149922000,0
149924000,0
149926000,0
149928001,0
149930000,0
149932000,0
149934001,0
149936000,0
149938000,0
149940000,0
149942001,0
149944000,0
149946000,0
149948000,0
149950000,0
149952000,0
149954000,0
149956001,0
149958000,0
149960001,0
149962000,0
149964000,0
149966000,0
149968000,0
149970000,0
149972000,0
149974001,0
149976001,0
149978000,0
149980000,0
149982001,0
149984001,0
149986000,0
149988001,0
149990001,0
149992001,0
149994001,0
149996000,0
149998000,0
150000000,0
150002001,0
150004000,0
150006001,0
150008000,0
150010001,0
150012000,0
150014001,0
150016001,0
150018001,0
150020000,0
150022001,0
150024000,0
150026001,0
150028000,0
150030001,0
150032000,0
150034000,0
150036001,0
150038000,0
150040001,0
150042000,0
150044000,0
150046000,0
150048000,0
150050000,0
150052000,0
150054000,0
150056000,0
150058000,0
150060000,0
150062000,0
150064000,0
150066001,0
150068001,0
150070000,0
150072000,0
150074000,0
150076000,0
150078000,0
150080000,0
150082000,0
150084000,0
150086000,0
150088000,0
150090000,0
150092000,0
150094000,0
150096000,0
150098001,0
150100001,0
150102000,0
150104000,0
150106001,0
150108001,0
150110000,0
150112000,0
150114001,0
150116001,0
150118000,0
150120000,0
150122000,0
150124001,0
150126000,0
150128000,0
150130000,0
150132000,0
150134000,0
150136000,0
150138001,0
150140000,0
150142000,0
150144001,0
150146000,0
150148001,0
150150001,0
150152000,0
150154000,0
150156001,0
150158000,0
150160000,0
150162001,0
150164000,0
150166000,0
150168000,0
150170000,0
150172000,0
150174000,0
150176000,0
150178000,0
150180000,0
150182000,0
150184000,0
150186000,0
150188000,0
150190000,0
150192000,0
150194000,0
150196000,0
150198000,0
150200001,0
150202000,0
150204000,0
150206001,0
150208000,0
150210000,0
150212000,0
150214000,0
150216000,0
150218001,0
150220001,0
150222000,0
150224000,0
150226000,0
150228000,0
150230000,0
150232000,0
150234000,0
150236001,0
150238000,0
150240000,0
150242000,0
150244000,0
150246000,0
150248000,0
150250000,0
150252000,0
150254000,0
150256000,0
150258000,0
150260000,0
150262000,0
150264000,0
150266001,0
150268000,0
150270000,0
150272000,0
150274000,0
150276000,0
150278001,0
150280001,0
150282000,0
150284000,0
150286000,0
150288000,0
150290000,0
150292000,0
150294000,0
150296000,0
150298000,0
150300000,0
150302000,0
150304000,0
150306000,0
150308000,0
150310000,0
150312000,0
150314000,0
150316000,0
150318000,0
150320000,0
150322000,0
150324000,0
150326000,0
150328000,0
150330001,0
150332000,0
150334000,0
150336000,0
150338000,0
150340001,0
150342001,0
150344001,0
150346000,0
150348000,0
150350001,0
150352001,0
150354001,0
150356000,0
150358001,0
150360000,0
150362001,0
150364001,0
150366001,0
150368001,0
150370001,0
150372000,0
150374000,0
150376001,0
150378001,0
150380000,0
150382001,0
150384001,0
150386000,0
150388000,0
150390001,0
150392001,0
150394001,0
150396000,0
150398001,0
150400001,0
150402000,0
150404001,0
150406000,0
150408000,0
150410000,0
150412001,0
150414000,0
150416001,0
150418001,0
150420000,0
150422001,0
150424001,0
150426001,0
150428000,0
150430001,0
150432001,0
150434000,0
150436000,0
150438001,0
150440000,0
150442000,0
150444000,0
150446000,0
150448000,0
150450000,0
150452000,0
150454000,0
150456000,0
150458000,0
150460000,0
150462000,0
150464001,0
150466000,0
150468001,0
150470001,0
150472000,0
150474000,0
150476001,0
150478000,0
150480000,0
150482000,0
150484000,0
150486000,0
150488000,0
150490000,0
150492000,0
150494000,0
150496001,0
150498001,0
150500000,0
150502001,0
150504000,0
150506000,0
150508000,0
150510000,0
150512000,0
150514000,0
150516000,0
150518000,0
150520000,0
150522000,0
150524000,0
150526000,0
150528000,0
150530001,0
150532000,0
150534000,0
150536000,0
150538000,0
150540000,0
150542000,0
150544000,0
150546001,0
150548001,0
150550000,0
150552001,0
150554001,0
150556000,0
150558000,0
150560000,0
150562000,0
150564000,0
150566000,0
150568001,0
150570000,0
150572000,0
150574000,0
150576000,0
150578000,0
150580000,0
150582001,0
150584001,0
150586001,0
150588001,0
150590000,0
150592000,0
150594000,0
150596000,0
150598000,0
150600000,0
150602000,0
150604001,0
150606000,0
150608000,0
150610000,0
150612000,0
150614000,0
150616000,0
150618000,0
150620000,0
150622000,0
150624000,0
150626000,0
150628001,0
150630000,0
150632000,0
150634000,0
150636000,0
150638001,0
150640000,0
150642000,0
150644000,0
150646000,0
150648000,0
150650000,0
150652001,0
150654000,0
150656000,0
150658000,0
150660000,0
150662000,0
150664000,0
150666000,0
150668000,0
150670000,0
150672001,0
150674001,0
150676000,0
150678000,0
150680000,0
150682000,0
150684000,0
150686000,0
150688000,0
150690000,0
150692000,0
150694000,0
150696000,0
150698000,0
150700000,0
150702000,0
150704000,0
150706000,0
150708000,0
150710000,0
150712000,0
150714001,0
150716000,0
150718000,0
150720000,0
150722001,0
150724000,0
150726001,0
150728000,0
150730000,0
150732001,0
150734000,0
150736000,0
150738001,0
150740001,0
150742001,0
150744001,0
150746000,0
150748000,0
150750000,0
150752000,0
150754000,0
150756000,0
150758000,0
150760000,0
150762000,0
150764000,0
150766000,0
150768000,0
150770000,0
150772000,0
150774001,0
150776000,0
150778000,0
150780000,0
150782000,0
150784000,0
150786000,0
150788000,0
150790000,0
150792000,0
150794000,0
150796000,0
150798000,0
150800001,0
150802000,0
150804000,0
150806000,0
150808000,0
150810000,0
150812000,0
150814000,0
150816000,0
150818000,0
150820001,0
150822001,0
150824000,0
150826001,0
150828000,0
150830001,0
150832000,0
150834000,0
150836000,0
150838000,0
150840000,0
150842000,0
150844001,0
150846001,0
150848000,0
150850000,0
150852001,0
150854000,0
150856000,0
150858000,0
150860000,0
150862000,0
150864000,0
150866000,0
150868001,0
150870000,0
150872000,0
150874000,0
150876000,0
150878001,0
150880001,0
150882001,0
150884001,0
150886000,0
150888001,0
150890001,0
150892001,0
150894000,0
150896000,0
150898000,0
150900001,0
150902000,0
150904000,0
150906000,0
150908001,0
150910000,0
150912000,0
150914000,0
150916000,0
150918000,0
150920000,0
150922000,0
150924000,0
150926001,0
150928000,0
150930001,0
150932001,0
150934001,0
150936000,0
150938000,0
150940000,0
150942001,0
150944001,0
150946000,0
150948001,0
150950001,0
150952000,0
150954000,0
150956000,0
150958000,0
150960000,0
150962000,0
150964000,0
150966000,0
150968000,0
150970000,0
150972000,0
150974000,0
150976000,0
150978000,0
150980000,0
150982000,0
150984000,0
150986001,0
150988000,0
150990000,0
150992000,0
150994001,0
150996000,0
150998000,0
151000000,0
151002000,0
151004000,0
151006000,0
151008000,0
151010000,0
151012001,0
151014000,0
151016000,0
151018001,0
151020001,0
151022000,0
151024000,0
151026000,0
151028000,0
151030000,0
151032000,0
151034000,0
151036000,0
151038000,0
151040001,0
151042001,0
151044000,0
151046001,0
151048001,0
151050000,0
151052001,0
151054000,0
151056000,0
151058000,0
151060000,0
151062000,0
151064000,0
151066000,0
151068000,0
151070000,0
151072000,0
151074000,0
151076000,0
151078000,0
151080000,0
151082000,0
151084000,0
151086001,0
151088000,0
151090001,0
151092000,0
151094000,0
151096001,0
151098000,0
151100000,0
151102000,0
151104000,0
151106000,0
151108000,0
151110000,0
151112000,0
151114000,0
151116001,0
151118000,0
151120000,0
151122000,0
151124000,0
151126000,0
151128000,0
151130000,0
151132001,0
151134001,0
151136001,0
151138000,0
151140001,0
151142000,0
151144001,0
151146001,0
151148000,0
151150000,0
151152000,0
151154001,0
151156001,0
151158001,0
151160000,0
151162000,0
151164000,0
151166000,0
151168000,0
151170000,0
151172000,0
151174001,0
151176000,0
151178000,0
151180001,0
151182001,0
151184001,0
151186000,0
151188001,0
151190000,0
151192000,0
151194000,0
151196000,0
151198000,0
151200000,0
151202000,0
151204000,0
151206000,0
151208001,0
151210000,0
151212000,0
151214000,0
151216001,0
151218000,0
151220000,0
151222000,0
151224001,0
151226000,0
151228000,0
151230000,0
151232000,0
151234000,0
151236000,0
151238001,0
151240000,0
151242001,0
151244001,0
151246000,0
151248000,0
151250000,0
151252000,0
151254000,0
151256001,0
151258000,0
151260001,0
151262000,0
151264000,0
151266000,0
151268000,0
151270001,0
151272001,0
151274000,0
151276000,0
151278000,0
151280001,0
151282001,0
151284000,0
151286000,0
151288000,0
151290000,0
151292000,0
151294000,0
151296000,0
151298000,0
151300000,0
151302001,0
151304000,0
151306000,0
151308000,0
151310000,0
151312000,0
151314000,0
151316000,0
151318000,0
151320001,0
151322001,0
151324001,0
151326000,0
151328001,0
151330001,0
151332001,0
151334000,0
151336000,0
151338000,0
151340000,0
151342000,0
151344001,0
151346000,0
151348001,0
151350000,0
151352001,0
151354000,0
151356001,0
151358001,0
151360000,0
151362001,0
151364000,0
151366000,0
151368000,0
151370000,0
151372000,0
151374000,0
151376000,0
151378001,0
151380000,0
151382001,0
151384000,0
151386001,0
151388000,0
151390000,0
151392000,0
151394000,0
151396000,0
151398000,0
151400000,0
151402000,0
151404000,0
151406000,0
151408000,0
151410000,0
151412000,0
151414000,0
151416001,0
151418001,0
151420000,0
151422000,0
151424000,0
151426000,0
151428000,0
151430001,0
151432000,0
151434000,0
151436000,0
151438000,0
151440000,0
151442000,0
151444000,0
151446000,0
151448000,0
151450000,0
151452000,0
151454000,0
151456000,0
151458000,0
151460000,0
151462000,0
151464000,0
151466001,0
151468001,0
151470001,0
151472000,0
151474001,0
151476000,0
151478001,0
151480000,0
151482000,0
151484000,0
151486000,0
151488000,0
151490001,0
151492001,0
151494001,0
151496000,0
151498000,0
151500000,0
151502000,0
151504000,0
151506000,0
151508000,0
151510000,0
151512001,0
151514001,0
151516001,0
151518000,0
151520000,0
151522000,0
151524000,0
151526000,0
151528000,0
151530000,0
151532000,0
151534000,0
151536000,0
151538000,0
151540000,0
151542000,0
151544000,0
151546000,0
151548000,0
151550001,0
151552000,0
151554000,0
151556001,0
151558001,0
151560001,0
151562000,0
151564001,0
151566001,0
151568000,0
151570001,0
151572001,0
151574001,0
151576000,0
151578001,0
151580000,0
151582000,0
151584000,0
151586000,0
151588000,0
151590000,0
151592000,0
151594000,0
151596001,0
151598001,0
151600000,0
151602000,0
151604000,0
151606000,0
151608000,0
151610000,0
151612001,0
151614000,0
151616000,0
151618000,0
151620000,0
151622000,0
151624000,0
151626000,0
151628000,0
151630000,0
151632000,0
151634000,0
151636000,0
151638001,0
151640000,0
151642001,0
151644001,0
151646000,0
151648001,0
151650001,0
151652000,0
151654000,0
151656001,0
151658000,0
151660000,0
151662001,0
151664000,0
151666000,0
151668000,0
151670001,0
151672000,0
151674001,0
151676001,0
151678001,0
151680000,0
151682000,0
151684000,0
151686000,0
151688001,0
151690000,0
151692000,0
151694000,0
151696000,0
151698001,0
151700001,0
151702001,0
151704000,0
151706000,0
151708000,0
151710000,0
151712000,0
151714001,0
151716000,0
151718000,0
151720000,0
151722000,0
151724000,0
151726000,0
151728000,0
151730000,0
151732000,0
151734001,0
151736001,0
151738000,0
151740000,0
151742000,0
151744000,0
151746000,0
151748001,0
151750000,0
151752000,0
151754000,0
151756000,0
151758000,0
151760000,0
151762000,0
151764000,0
151766000,0
151768000,0
151770000,0
151772000,0
151774000,0
151776000,0
151778000,0
151780000,0
151782000,0
151784000,0
151786000,0
151788001,0
151790001,0
151792000,0
151794001,0
151796001,0
151798000,0
151800001,0
151802001,0
151804001,0
151806001,0
151808000,0
151810000,0
151812001,0
151814001,0
151816000,0
151818001,0
151820000,0
151822001,0
151824000,0
151826001,0
151828001,0
151830000,0
151832000,0
151834000,0
151836001,0
151838000,0
151840001,0
151842001,0
151844000,0
151846000,0
151848001,0
151850001,0
151852000,0
151854000,0
151856000,0
151858000,0
151860000,0
151862000,0
151864000,0
151866001,0
151868000,0
151870000,0
151872000,0
151874000,0
151876000,0
151878000,0
151880000,0
151882000,0
151884000,0
151886000,0
151888000,0
151890000,0
151892000,0
151894000,0
151896000,0
151898000,0
151900000,0
151902000,0
151904000,0
151906000,0
151908000,0
151910001,0
151912000,0
151914000,0
151916000,0
151918000,0
151920001,0
151922000,0
151924000,0
151926001,0
151928001,0
151930001,0
151932001,0
151934001,0
151936001,0
151938000,0
151940000,0
151942000,0
151944000,0
151946000,0
151948000,0
151950001,0
151952000,0
151954000,0
151956000,0
151958000,0
151960000,0
151962000,0
151964000,0
151966000,0
151968000,0
151970000,0
151972000,0
151974001,0
151976001,0
151978000,0
151980001,0
151982000,0
151984000,0
151986001,0
151988000,0
151990000,0
151992001,0
151994000,0
151996000,0
151998000,0
152000001,0
152002001,0
152004000,0
152006000,0
152008000,0
152010000,0
152012001,0
152014000,0
152016001,0
152018001,0
152020000,0
152022000,0
152024001,0
152026000,0
152028000,0
152030000,0
152032000,0
152034000,0
152036000,0
152038000,0
152040000,0
152042000,0
152044000,0
152046000,0
152048000,0
152050000,0
152052000,0
152054000,0
152056000,0
152058000,0
152060000,0
152062000,0
152064000,0
152066001,0
152068001,0
152070001,0
152072001,0
152074001,0
152076001,0
152078001,0
152080000,0
152082001,0
152084000,0
152086000,0
152088000,0
152090000,0
152092000,0
152094001,0
152096000,0
152098000,0
152100000,0
152102000,0
152104000,0
152106000,0
152108000,0
152110000,0
152112000,0
152114000,0
152116000,0
152118000,0
152120000,0
152122000,0
152124000,0
152126000,0
152128000,0
152130000,0
152132000,0
152134000,0
152136001,0
152138001,0
152140001,0
152142000,0
152144001,0
152146000,0
152148000,0
152150000,0
152152000,0
152154000,0
152156001,0
152158001,0
152160000,0
152162001,0
152164000,0
152166001,0
152168000,0
152170001,0
152172000,0
152174001,0
152176000,0
152178000,0
152180000,0
152182000,0
152184000,0
152186000,0
152188000,0
152190000,0
152192000,0
152194001,0
152196000,0
152198000,0
152200001,0
152202001,0
152204000,0
152206000,0
152208000,0
152210000,0
152212001,0
152214000,0
152216000,0
152218000,0
152220000,0
152222000,0
152224000,0
152226001,0
152228001,0
152230001,0
152232000,0
152234000,0
152236001,0
152238000,0
152240000,0
152242001,0
152244001,0
152246000,0
152248000,0
152250000,0
152252000,0
152254000,0
152256000,0
152258000,0
152260000,0
152262000,0
152264000,0
152266000,0
152268000,0
152270000,0
152272001,0
152274000,0
152276000,0
152278000,0
152280000,0
152282000,0
152284001,0
152286001,0
152288001,0
152290000,0
152292000,0
152294000,0
152296000,0
152298000,0
152300000,0
152302000,0
152304000,0
152306000,0
152308000,0
152310000,0
152312000,0
152314000,0
152316000,0
152318000,0
152320000,0
152322000,0
152324000,0
152326000,0
152328000,0
152330000,0
152332000,0
152334000,0
152336000,0
152338000,0
152340000,0
152342000,0
152344000,0
152346000,0
152348000,0
152350000,0
152352000,0
152354000,0
152356000,0
152358000,0
152360000,0
152362001,0
152364000,0
152366000,0
152368000,0
152370000,0
152372000,0
152374000,0
152376000,0
152378000,0
152380000,0
152382000,0
152384000,0
152386000,0
152388000,0
152390000,0
152392000,0
152394000,0
152396000,0
152398000,0
152400000,0
152402000,0
152404000,0
152406000,0
152408000,0
152410001,0
152412001,0
152414000,0
152416000,0
152418001,0
152420001,0
152422000,0
152424001,0
152426001,0
152428001,0
152430000,0
152432000,0
152434000,0
152436001,0
152438000,0
152440000,0
152442000,0
152444000,0
152446000,0
152448000,0
152450000,0
152452000,0
152454001,0
152456000,0
152458000,0
152460001,0
152462000,0
152464001,0
152466001,0
152468001,0
152470001,0
152472001,0
152474001,0
152476000,0
152478001,0
152480000,0
152482000,0
152484001,0
152486001,0
152488001,0
152490000,0
152492001,0
152494001,0
152496000,0
152498000,0
152500000,0
152502000,0
152504000,0
152506000,0
152508001,0
152510000,0
152512001,0
152514000,0
152516001,0
152518000,0
152520000,0
152522000,0
152524000,0
152526000,0
152528000,0
152530000,0
152532000,0
152534000,0
152536000,0
152538001,0
152540001,0
152542000,0
152544001,0
152546000,0
152548000,0
152550000,0
152552000,0
152554001,0
152556000,0
152558000,0
152560000,0
152562000,0
152564000,0
152566001,0
152568000,0
152570000,0
152572000,0
152574000,0
152576000,0
152578000,0
152580000,0
152582000,0
152584000,0
152586000,0
152588000,0
152590000,0
152592000,0
152594001,0
152596000,0
152598001,0
152600001,0
152602000,0
152604000,0
152606001,0
152608001,0
152610000,0
152612000,0
152614001,0
152616000,0
152618000,0
152620001,0
152622000,0
152624000,0
152626000,0
152628000,0
152630000,0
152632000,0
152634000,0
152636001,0
152638000,0
152640000,0
152642000,0
152644000,0
152646000,0
152648000,0
152650000,0
152652000,0
152654000,0
152656000,0
152658000,0
152660000,0
152662000,0
152664001,0
152666000,0
152668001,0
152670001,0
152672000,0
152674000,0
152676000,0
152678000,0
152680000,0
152682000,0
152684000,0
152686000,0
152688000,0
152690000,0
152692000,0
152694001,0
152696000,0
152698000,0
152700000,0
152702000,0
152704000,0
152706000,0
152708001,0
152710001,0
152712000,0
152714000,0
152716001,0
152718000,0
152720000,0
152722001,0
152724001,0
152726000,0
152728000,0
152730000,0
152732000,0
152734000,0
152736000,0
152738000,0
152740001,0
152742000,0
152744000,0
152746000,0
152748000,0
152750000,0
152752000,0
152754000,0
152756001,0
152758000,0
152760000,0
152762000,0
152764000,0
152766001,0
152768001,0
152770000,0
152772001,0
152774000,0
152776000,0
152778000,0
152780000,0
152782001,0
152784001,0
152786001,0
152788000,0
152790000,0
152792000,0
152794000,0
152796000,0
152798000,0
152800000,0
152802001,0
152804000,0
152806001,0
152808001,0
152810000,0
152812001,0
152814001,0
152816001,0
152818001,0
152820000,0
152822001,0
152824001,0
152826000,0
152828000,0
152830000,0
152832000,0
152834000,0
152836000,0
152838000,0
152840000,0
152842000,0
152844000,0
152846000,0
152848001,0
152850000,0
152852001,0
152854000,0
152856000,0
152858000,0
152860001,0
152862000,0
152864001,0
152866000,0
152868000,0
152870000,0
152872001,0
152874000,0
152876001,0
152878000,0
152880001,0
152882000,0
152884001,0
152886000,0
152888000,0
152890001,0
152892000,0
152894001,0
152896001,0
152898001,0
152900000,0
152902000,0
152904000,0
152906001,0
152908001,0
152910000,0
152912001,0
152914001,0
152916000,0
152918001,0
152920000,0
152922000,0
152924000,0
152926000,0
152928000,0
152930000,0
152932000,0
152934001,0
152936000,0
152938001,0
152940000,0
152942000,0
152944000,0
152946000,0
152948000,0
152950000,0
152952000,0
152954000,0
152956000,0
152958000,0
152960000,0
152962000,0
152964000,0
152966000,0
152968000,0
152970001,0
152972000,0
152974000,0
152976001,0
152978001,0
152980000,0
152982000,0
152984000,0
152986000,0
152988000,0
152990000,0
152992000,0
152994001,0
152996001,0
152998001,0
153000001,0
153002001,0
153004000,0
153006000,0
153008000,0
153010000,0
153012000,0
153014001,0
153016000,0
153018001,0
153020000,0
153022000,0
153024001,0
153026001,0
153028001,0
153030001,0
153032000,0
153034000,0
153036000,0
153038001,0
153040000,0
153042001,0
153044000,0
153046001,0
153048000,0
153050001,0
153052000,0
153054000,0
153056000,0
153058000,0
153060000,0
153062000,0
153064000,0
153066001,0
153068000,0
153070000,0
153072000,0
153074000,0
153076000,0
153078001,0
153080001,0
153082000,0
153084000,0
153086001,0
153088000,0
153090000,0
153092000,0
153094000,0
153096000,0
153098000,0
153100000,0
153102000,0
153104000,0
153106000,0
153108000,0
153110000,0
153112000,0
153114000,0
153116000,0
153118001,0
153120000,0
153122000,0
153124001,0
153126001,0
153128000,0
153130000,0
153132000,0
153134000,0
153136000,0
153138001,0
153140000,0
153142000,0
153144000,0
153146000,0
153148000,0
153150000,0
153152000,0
153154000,0
153156000,0
153158000,0
153160000,0
153162000,0
153164001,0
153166000,0
153168001,0
153170001,0
153172001,0
153174000,0
153176001,0
153178000,0
153180001,0
153182000,0
153184000,0
153186000,0
153188001,0
153190000,0
153192001,0
153194000,0
153196001,0
153198000,0
153200001,0
153202000,0
153204001,0
153206000,0
153208001,0
153210000,0
153212001,0
153214000,0
153216000,0
153218000,0
153220000,0
153222000,0
153224001,0
153226001,0
153228000,0
153230001,0
153232000,0
153234001,0
153236000,0
153238000,0
153240001,0
153242000,0
153244001,0
153246000,0
153248000,0
153250001,0
153252000,0
153254000,0
153256000,0
153258000,0
153260000,0
153262000,0
153264000,0
153266000,0
153268000,0
153270000,0
153272001,0
153274001,0
153276000,0
153278000,0
153280000,0
153282000,0
153284000,0
153286000,0
153288000,0
153290000,0
153292000,0
153294000,0
153296000,0
153298000,0
153300000,0
153302001,0
153304000,0
153306001,0
153308001,0
153310001,0
153312000,0
153314000,0
153316000,0
153318000,0
153320000,0
153322000,0
153324000,0
153326000,0
153328000,0
153330000,0
153332000,0
153334000,0
153336000,0
153338000,0
153340000,0
153342000,0
153344000,0
153346000,0
153348000,0
153350000,0
153352000,0
153354000,0
153356000,0
153358000,0
153360000,0
153362001,0
153364001,0
153366000,0
153368000,0
153370000,0
153372000,0
153374000,0
153376000,0
153378000,0
153380001,0
153382000,0
153384000,0
153386000,0
153388000,0
153390001,0
153392001,0
153394000,0
153396001,0
153398001,0
153400000,0
153402001,0
153404000,0
153406000,0
153408000,0
153410000,0
153412001,0
153414001,0
153416000,0
153418000,0
153420000,0
153422000,0
153424000,0
153426000,0
153428000,0
153430000,0
153432000,0
153434001,0
153436000,0
153438000,0
153440001,0
153442001,0
153444000,0
153446000,0
153448000,0
153450000,0
153452000,0
153454000,0
153456000,0
153458000,0
153460000,0
153462000,0
153464000,0
153466000,0
153468001,0
153470000,0
153472000,0
153474000,0
153476000,0
153478000,0
153480000,0
153482000,0
153484000,0
153486000,0
153488000,0
153490000,0
153492000,0
153494000,0
153496001,0
153498000,0
153500000,0
153502000,0
153504000,0
153506001,0
153508001,0
153510001,0
153512001,0
153514000,0
153516001,0
153518001,0
153520000,0
153522000,0
153524001,0
153526000,0
153528000,0
153530001,0
153532000,0
153534000,0
153536001,0
153538000,0
153540000,0
153542000,0
153544000,0
153546000,0
153548000,0
153550000,0
153552000,0
153554001,0
153556001,0
153558000,0
153560000,0
153562000,0
153564000,0
153566001,0
153568000,0
153570000,0
153572001,0
153574001,0
153576000,0
153578000,0
153580000,0
153582001,0
153584001,0
153586001,0
153588001,0
153590000,0
153592000,0
153594000,0
153596000,0
153598001,0
153600001,0
153602000,0
153604000,0
153606000,0
153608000,0
153610000,0
153612000,0
153614000,0
153616000,0
153618001,0
153620000,0
