t_us,adc
51822000,0
51824001,0
51826000,0
51828000,0
51830001,0
51832000,0
51834000,0
51836000,0
51838000,0
51840001,0
51842000,0
51844001,0
51846001,0
51848000,0
51850001,0
51852000,0
51854000,0
51856000,0
51858000,0
51860000,0
51862001,0
51864000,0
51866000,0
51868000,0
51870000,0
51872000,0
51874000,0
51876001,0
51878000,0
51880001,0
51882001,0
51884001,0
51886001,0
51888000,0
51890000,0
51892000,0
51894000,0
51896001,0
51898000,0
51900001,0
51902000,0
51904001,0
51906000,0
51908001,0
51910000,0
51912001,0
51914000,0
51916000,0
51918001,0
51920000,0
51922000,0
51924000,0
51926000,0
51928001,0
51930000,0
51932000,0
51934001,0
51936001,0
51938000,0
51940000,0
51942000,0
51944001,0
51946000,0
51948000,0
51950000,0
51952000,0
51954000,0
51956000,0
51958000,0
51960001,0
51962000,0
51964001,0
51966000,0
51968000,0
51970000,0
51972001,0
51974000,0
51976001,0
51978000,0
51980000,0
51982001,0
51984000,0
51986000,0
51988000,0
51990000,0
51992001,0
51994000,0
51996001,0
51998000,0
52000000,0
52002001,0
52004001,0
52006000,0
52008001,0
52010000,0
52012000,0
52014001,0
52016000,0
52018000,0
52020001,0
52022000,0
52024000,0
52026000,0
52028000,0
52030001,0
52032000,0
52034001,0
52036001,0
52038001,0
52040001,0
52042001,0
52044000,0
52046001,0
52048000,0
52050001,0
52052001,0
52054001,0
52056000,0
52058000,0
52060001,0
52062000,0
52064001,0
52066000,0
52068000,0
52070001,0
52072000,0
52074001,0
52076000,0
52078001,0
52080001,0
52082000,0
52084001,0
52086000,0
52088001,0
52090000,0
52092001,0
52094000,0
52096001,0
52098000,0
52100001,0
52102000,0
52104000,0
52106000,0
52108000,0
52110000,0
52112001,0
52114000,0
52116000,0
52118001,0
52120000,0
52122000,0
52124001,0
52126001,0
52128000,0
52130000,0
52132000,0
52134001,0
52136000,0
52138000,0
52140000,0
52142000,0
52144000,0
52146001,0
52148000,0
52150000,0
52152000,0
52154001,0
52156000,0
52158001,0
52160001,0
52162001,0
52164000,0
52166000,0
52168001,0
52170000,0
52172001,0
52174001,0
52176000,0
52178000,0
52180000,0
52182000,0
52184001,0
52186000,0
52188001,0
52190000,0
52192000,0
52194000,0
52196000,0
52198000,0
52200001,0
52202001,0
52204000,0
52206001,0
52208000,0
52210000,0
52212000,0
52214001,0
52216000,0
52218000,0
52220000,0
52222000,0
52224000,0
52226000,0
52228000,0
52230001,0
52232000,0
52234000,0
52236001,0
52238000,0
52240001,0
52242001,0
52244000,0
52246000,0
52248000,0
52250000,0
52252001,0
52254000,0
52256000,0
52258001,0
52260000,0
52262000,0
52264000,0
52266000,0
52268000,0
52270000,0
52272000,0
52274000,0
52276000,0
52278001,0
52280000,0
52282000,0
52284001,0
52286000,0
52288000,0
52290001,0
52292000,0
52294000,0
52296001,0
52298000,0
52300001,0
52302000,0
52304001,0
52306000,0
52308000,0
52310000,0
52312000,0
52314000,0
52316000,0
52318001,0
52320000,0
52322000,0
52324000,0
52326000,0
52328000,0
52330001,0
52332000,0
52334001,0
52336001,0
52338001,0
52340000,0
52342000,0
52344001,0
52346000,0
52348000,0
52350000,0
52352001,0
52354000,0
52356000,0
52358001,0
52360000,0
52362000,0
52364000,0
52366001,0
52368000,0
52370000,0
52372001,0
52374000,0
52376001,0
52378000,0
52380000,0
52382001,0
52384000,0
52386000,0
52388001,0
52390001,0
52392000,0
52394000,0
52396000,0
52398001,0
52400000,0
52402000,0
52404000,0
52406001,0
52408000,0
52410001,0
52412000,0
52414001,0
52416001,0
52418000,0
52420000,0
52422000,0
52424000,0
52426001,0
52428000,0
52430000,0
52432000,0
52434000,0
52436000,0
52438001,0
52440000,0
52442000,0
52444001,0
52446001,0
52448000,0
52450001,0
52452000,0
52454000,0
52456000,0
52458001,0
52460001,0
52462000,0
52464001,0
52466000,0
52468000,0
52470000,0
52472000,0
52474000,0
52476000,0
52478000,0
52480000,0
52482000,0
52484000,0
52486000,0
52488000,0
52490000,0
52492000,0
52494001,0
52496001,0
52498000,0
52500000,0
52502000,0
52504000,0
52506000,0
52508001,0
52510000,0
52512000,0
52514000,0
52516001,0
52518000,0
52520000,0
52522000,0
52524001,0
52526000,0
52528001,0
52530000,0
52532001,0
52534000,0
52536000,0
52538000,0
52540000,0
52542001,0
52544000,0
52546000,0
52548000,0
52550000,0
52552000,0
52554001,0
52556000,0
52558001,0
52560001,0
52562000,0
52564000,0
52566000,0
52568000,0
52570001,0
52572000,0
52574001,0
52576000,0
52578000,0
52580000,0
52582000,0
52584000,0
52586000,0
52588000,0
52590000,0
52592001,0
52594000,0
52596001,0
52598000,0
52600000,0
52602001,0
52604000,0
52606001,0
52608000,0
52610001,0
52612000,0
52614000,0
52616000,0
52618000,0
52620000,0
52622001,0
52624000,0
52626000,0
52628000,0
52630000,0
52632000,0
52634000,0
52636000,0
52638000,0
52640000,0
52642000,0
52644001,0
52646001,0
52648000,0
52650000,0
52652001,0
52654000,0
52656000,0
52658000,0
52660001,0
52662000,0
52664000,0
52666001,0
52668000,0
52670001,0
52672000,0
52674000,0
52676000,0
52678000,0
52680000,0
52682000,0
52684000,0
52686001,0
52688001,0
52690000,0
52692000,0
52694001,0
52696000,0
52698000,0
52700000,0
52702000,0
52704000,0
52706000,0
52708000,0
52710000,0
52712000,0
52714000,0
52716000,0
52718000,0
52720001,0
52722001,0
52724000,0
52726001,0
52728000,0
52730000,0
52732000,0
52734000,0
52736000,0
52738000,0
52740001,0
52742001,0
52744001,0
52746001,0
52748001,0
52750000,0
52752001,0
52754000,0
52756000,0
52758001,0
52760000,0
52762001,0
52764000,0
52766001,0
52768000,0
52770001,0
52772000,0
52774001,0
52776000,0
52778000,0
52780000,0
52782001,0
52784000,0
52786000,0
52788000,0
52790000,0
52792001,0
52794000,0
52796001,0
52798001,0
52800000,0
52802000,0
52804000,0
52806000,0
52808001,0
52810000,0
52812001,0
52814000,0
52816001,0
52818000,0
52820000,0
52822001,0
52824000,0
52826000,0
52828001,0
52830000,0
52832001,0
52834000,0
52836000,0
52838000,0
52840001,0
52842000,0
52844000,0
52846000,0
52848000,0
52850001,0
52852000,0
52854000,0
52856000,0
52858000,0
52860000,0
52862000,0
52864001,0
52866000,0
52868000,0
52870000,0
52872000,0
52874000,0
52876000,0
52878001,0
52880001,0
52882001,0
52884000,0
52886001,0
52888000,0
52890001,0
52892000,0
52894000,0
52896001,0
52898001,0
52900001,0
52902000,0
52904001,0
52906001,0
52908000,0
52910000,0
52912001,0
52914000,0
52916000,0
52918000,0
52920001,0
52922000,0
52924000,0
52926001,0
52928001,0
52930000,0
52932000,0
52934001,0
52936001,0
52938001,0
52940000,0
52942000,0
52944001,0
52946000,0
52948000,0
52950000,0
52952000,0
52954001,0
52956000,0
52958000,0
52960000,0
52962000,0
52964001,0
52966000,0
52968001,0
52970001,0
52972001,0
52974000,0
52976000,0
52978000,0
52980000,0
52982001,0
52984001,0
52986001,0
52988000,0
52990001,0
52992000,0
52994000,0
52996001,0
52998000,0
53000000,0
53002001,0
53004001,0
53006000,0
53008000,0
53010000,0
53012000,0
53014001,0
53016001,0
53018000,0
53020000,0
53022000,0
53024000,0
53026000,0
53028000,0
53030000,0
53032000,0
53034000,0
53036000,0
53038000,0
53040001,0
53042000,0
53044000,0
53046001,0
53048000,0
53050000,0
53052001,0
53054001,0
53056000,0
53058000,0
53060001,0
53062000,0
53064000,0
53066001,0
53068000,0
53070000,0
53072001,0
53074001,0
53076001,0
53078001,0
53080001,0
53082000,0
53084000,0
53086001,0
53088001,0
53090000,0
53092000,0
53094000,0
53096000,0
53098000,0
53100000,0
53102000,0
53104001,0
53106000,0
53108000,0
53110000,0
53112001,0
53114000,0
53116000,0
53118000,0
53120001,0
53122000,0
53124001,0
53126000,0
53128001,0
53130000,0
53132000,0
53134001,0
53136001,0
53138000,0
53140001,0
53142000,0
53144000,0
53146000,0
53148000,0
53150000,0
53152001,0
53154000,0
53156001,0
53158001,0
53160000,0
53162001,0
53164000,0
53166000,0
53168000,0
53170001,0
53172000,0
53174001,0
53176001,0
53178000,0
53180000,0
53182001,0
53184000,0
53186000,0
53188000,0
53190000,0
53192000,0
53194000,0
53196000,0
53198001,0
53200000,0
53202000,0
53204001,0
53206000,0
53208000,0
53210000,0
53212000,0
53214001,0
53216000,0
53218000,0
53220001,0
53222000,0
53224000,0
53226000,0
53228000,0
53230000,0
53232000,0
53234000,0
53236001,0
53238000,0
53240000,0
53242000,0
53244001,0
53246000,0
53248000,0
53250001,0
53252000,0
53254000,0
53256001,0
53258001,0
53260000,0
53262001,0
53264001,0
53266000,0
53268000,0
53270000,0
53272001,0
53274000,0
53276000,0
53278001,0
53280000,0
53282001,0
53284000,0
53286000,0
53288001,0
53290000,0
53292000,0
53294000,0
53296000,0
53298000,0
53300000,0
53302000,0
53304001,0
53306001,0
53308000,0
53310000,0
53312001,0
53314000,0
53316000,0
53318000,0
53320001,0
53322001,0
53324001,0
53326001,0
53328000,0
53330001,0
53332000,0
53334001,0
53336000,0
53338001,0
53340000,0
53342001,0
53344001,0
53346001,0
53348001,0
53350000,0
53352001,0
53354000,0
53356001,0
53358001,0
53360000,0
53362001,0
53364000,0
53366000,0
53368000,0
53370001,0
53372001,0
53374001,0
53376000,0
53378000,0
53380000,0
53382000,0
53384000,0
53386000,0
53388000,0
53390001,0
53392000,0
53394000,0
53396000,0
53398000,0
53400000,0
53402000,0
53404000,0
53406001,0
53408000,0
53410000,0
53412000,0
53414000,0
53416001,0
53418000,0
53420000,0
53422000,0
53424001,0
53426001,0
53428001,0
53430000,0
53432000,0
53434001,0
53436001,0
53438000,0
53440000,0
53442001,0
53444001,0
53446000,0
53448001,0
53450000,0
53452001,0
53454000,0
53456000,0
53458001,0
53460000,0
53462000,0
53464001,0
53466000,0
53468000,0
53470001,0
53472000,0
53474000,0
53476000,0
53478001,0
53480000,0
53482001,0
53484000,0
53486000,0
53488000,0
53490001,0
53492000,0
53494000,0
53496001,0
53498000,0
53500000,0
53502000,0
53504001,0
53506001,0
53508000,0
53510000,0
53512001,0
53514000,0
53516000,0
53518000,0
53520000,0
53522000,0
53524000,0
53526001,0
53528000,0
53530000,0
53532000,0
53534000,0
53536001,0
53538000,0
53540000,0
53542001,0
53544000,0
53546000,0
53548000,0
53550000,0
53552001,0
53554000,0
53556000,0
53558001,0
53560000,0
53562000,0
53564001,0
53566000,0
53568000,0
53570000,0
53572000,0
53574001,0
53576000,0
53578001,0
53580000,0
53582000,0
53584000,0
53586000,0
53588001,0
53590000,0
53592000,0
53594001,0
53596000,0
53598000,0
53600000,0
53602001,0
53604000,0
53606001,0
53608001,0
53610000,0
53612000,0
53614000,0
53616001,0
53618001,0
53620000,0
53622000,0
53624000,0
53626000,0
53628000,0
53630001,0
53632000,0
53634001,0
53636000,0
53638000,0
53640000,0
53642000,0
53644000,0
53646000,0
53648001,0
53650000,0
53652000,0
53654000,0
53656000,0
53658000,0
53660001,0
53662001,0
53664001,0
53666000,0
53668000,0
53670000,0
53672000,0
53674000,0
53676000,0
53678000,0
53680000,0
53682000,0
53684000,0
53686000,0
53688001,0
53690000,0
53692000,0
53694000,0
53696000,0
53698001,0
53700000,0
53702000,0
53704000,0
53706000,0
53708001,0
53710000,0
53712000,0
53714000,0
53716001,0
53718000,0
53720001,0
53722000,0
53724000,0
53726001,0
53728000,0
53730001,0
53732001,0
53734000,0
53736001,0
53738000,0
53740000,0
53742001,0
53744001,0
53746001,0
53748000,0
53750000,0
53752001,0
53754001,0
53756000,0
53758000,0
53760001,0
53762000,0
53764000,0
53766000,0
53768000,0
53770000,0
53772000,0
53774000,0
53776001,0
53778000,0
53780000,0
53782001,0
53784000,0
53786000,0
53788000,0
53790001,0
53792000,0
53794000,0
53796000,0
53798001,0
53800000,0
53802000,0
53804000,0
53806001,0
53808000,0
53810000,0
53812001,0
53814001,0
53816001,0
53818000,0
53820001,0
53822000,0
53824000,0
53826000,0
53828000,0
53830001,0
53832000,0
53834000,0
53836001,0
53838001,0
53840001,0
53842000,0
53844001,0
53846000,0
53848001,0
53850000,0
53852001,0
53854000,0
53856000,0
53858000,0
53860001,0
53862001,0
53864000,0
53866000,0
53868001,0
53870000,0
53872001,0
53874000,0
53876001,0
53878000,0
53880001,0
53882000,0
53884000,0
53886001,0
53888000,0
53890000,0
53892001,0
53894001,0
53896001,0
53898000,0
53900000,0
53902000,0
53904000,0
53906000,0
53908001,0
53910000,0
53912000,0
53914001,0
53916000,0
53918000,0
53920000,0
53922001,0
53924001,0
53926001,0
53928001,0
53930000,0
53932000,0
53934001,0
53936000,0
53938000,0
53940000,0
53942001,0
53944000,0
53946000,0
53948000,0
53950000,0
53952000,0
53954000,0
53956000,0
53958001,0
53960000,0
53962001,0
53964000,0
53966001,0
53968000,0
53970001,0
53972000,0
53974000,0
53976000,0
53978000,0
53980000,0
53982000,0
53984000,0
53986000,0
53988001,0
53990000,0
53992000,0
53994001,0
53996001,0
53998001,0
54000000,0
54002001,0
54004000,0
54006000,0
54008001,0
54010000,0
54012001,0
54014000,0
54016000,0
54018000,0
54020001,0
54022000,0
54024000,0
54026000,0
54028000,0
54030000,0
54032000,0
54034000,0
54036000,0
54038000,0
54040000,0
54042000,0
54044000,0
54046000,0
54048001,0
54050000,0
54052000,0
54054000,0
54056000,0
54058000,0
54060001,0
54062001,0
54064001,0
54066000,0
54068001,0
54070000,0
54072000,0
54074000,0
54076000,0
54078000,0
54080000,0
54082000,0
54084000,0
54086001,0
54088001,0
54090000,0
54092001,0
54094000,0
54096000,0
54098001,0
54100001,0
54102001,0
54104001,0
54106000,0
54108000,0
54110001,0
54112001,0
54114000,0
54116000,0
54118001,0
54120000,0
54122000,0
54124001,0
54126001,0
54128001,0
54130001,0
54132000,0
54134000,0
54136001,0
54138000,0
54140000,0
54142001,0
54144000,0
54146001,0
54148001,0
54150000,0
54152001,0
54154000,0
54156000,0
54158000,0
54160001,0
54162000,0
54164000,0
54166000,0
54168000,0
54170000,0
54172000,0
54174001,0
54176000,0
54178000,0
54180000,0
54182000,0
54184000,0
54186000,0
54188000,0
54190001,0
54192000,0
54194001,0
54196000,0
54198000,0
54200000,0
54202000,0
54204001,0
54206000,0
54208001,0
54210000,0
54212000,0
54214000,0
54216001,0
54218000,0
54220000,0
54222000,0
54224000,0
54226001,0
54228000,0
54230001,0
54232000,0
54234001,0
54236000,0
54238000,0
54240000,0
54242001,0
54244001,0
54246001,0
54248000,0
54250000,0
54252000,0
54254001,0
54256000,0
54258001,0
54260000,0
54262000,0
54264000,0
54266000,0
54268001,0
54270000,0
54272000,0
54274000,0
54276000,0
54278001,0
54280000,0
54282000,0
54284001,0
54286000,0
54288001,0
54290000,0
54292001,0
54294000,0
54296001,0
54298000,0
54300001,0
54302001,0
54304001,0
54306000,0
54308000,0
54310000,0
54312000,0
54314001,0
54316001,0
54318001,0
54320000,0
54322000,0
54324000,0
54326000,0
54328001,0
54330000,0
54332000,0
54334000,0
54336001,0
54338000,0
54340000,0
54342000,0
54344000,0
54346000,0
54348000,0
54350000,0
54352001,0
54354000,0
54356000,0
54358000,0
54360000,0
54362001,0
54364000,0
54366000,0
54368001,0
54370000,0
54372001,0
54374000,0
54376000,0
54378000,0
54380000,0
54382000,0
54384001,0
54386000,0
54388000,0
54390000,0
54392000,0
54394001,0
54396000,0
54398001,0
54400000,0
54402000,0
54404001,0
54406000,0
54408000,0
54410000,0
54412001,0
54414000,0
54416000,0
54418001,0
54420000,0
54422001,0
54424001,0
54426000,0
54428000,0
54430000,0
54432001,0
54434000,0
54436000,0
54438000,0
54440000,0
54442001,0
54444001,0
54446001,0
54448000,0
54450000,0
54452001,0
54454000,0
54456001,0
54458000,0
54460001,0
54462000,0
54464001,0
54466000,0
54468001,0
54470000,0
54472001,0
54474000,0
54476000,0
54478001,0
54480000,0
54482000,0
54484000,0
54486000,0
54488001,0
54490000,0
54492000,0
54494000,0
54496000,0
54498001,0
54500000,0
54502000,0
54504000,0
54506001,0
54508000,0
54510000,0
54512000,0
54514001,0
54516001,0
54518000,0
54520000,0
54522000,0
54524000,0
54526000,0
54528001,0
54530001,0
54532000,0
54534000,0
54536000,0
54538000,0
54540000,0
54542000,0
54544001,0
54546000,0
54548000,0
54550001,0
54552001,0
54554000,0
54556000,0
54558001,0
54560000,0
54562000,0
54564001,0
54566000,0
54568000,0
54570000,0
54572000,0
54574000,0
54576001,0
54578000,0
54580000,0
54582000,0
54584000,0
54586000,0
54588000,0
54590001,0
54592001,0
54594000,0
54596001,0
54598000,0
54600000,0
54602000,0
54604001,0
54606001,0
54608000,0
54610000,0
54612000,0
54614001,0
54616000,0
54618000,0
54620000,0
54622000,0
54624000,0
54626001,0
54628001,0
54630001,0
54632000,0
54634000,0
54636000,0
54638000,0
54640001,0
54642000,0
54644000,0
54646001,0
54648001,0
54650001,0
54652001,0
54654000,0
54656000,0
54658001,0
54660000,0
54662001,0
54664001,0
54666000,0
54668001,0
54670001,0
54672000,0
54674001,0
54676000,0
54678000,0
54680000,0
54682000,0
54684000,0
54686001,0
54688000,0
54690000,0
54692000,0
54694000,0
54696000,0
54698000,0
54700000,0
54702000,0
54704001,0
54706000,0
54708001,0
54710000,0
54712000,0
54714000,0
54716000,0
54718000,0
54720000,0
54722001,0
54724001,0
54726001,0
54728001,0
54730001,0
54732000,0
54734000,0
54736000,0
54738000,0
54740000,0
54742001,0
54744000,0
54746000,0
54748001,0
54750001,0
54752001,0
54754000,0
54756001,0
54758000,0
54760000,0
54762000,0
54764000,0
54766000,0
54768000,0
54770001,0
54772001,0
54774000,0
54776000,0
54778001,0
54780000,0
54782000,0
54784001,0
54786000,0
54788000,0
54790000,0
54792000,0
54794000,0
54796001,0
54798000,0
54800000,0
54802000,0
54804001,0
54806001,0
54808000,0
54810001,0
54812000,0
54814000,0
54816000,0
54818000,0
54820001,0
54822000,0
54824000,0
54826000,0
54828000,0
54830001,0
54832001,0
54834000,0
54836000,0
54838000,0
54840000,0
54842001,0
54844000,0
54846000,0
54848001,0
54850000,0
54852001,0
54854000,0
54856000,0
54858000,0
54860000,0
54862000,0
54864001,0
54866001,0
54868000,0
54870000,0
54872001,0
54874000,0
54876000,0
54878001,0
54880000,0
54882001,0
54884000,0
54886000,0
54888000,0
54890000,0
54892000,0
54894000,0
54896001,0
54898000,0
54900000,0
54902000,0
54904000,0
54906001,0
54908000,0
54910000,0
54912000,0
54914000,0
54916001,0
54918000,0
54920000,0
54922001,0
54924000,0
54926001,0
54928000,0
54930001,0
54932000,0
54934000,0
54936000,0
54938001,0
54940000,0
54942000,0
54944000,0
54946000,0
54948000,0
54950001,0
54952000,0
54954001,0
54956001,0
54958001,0
54960000,0
54962000,0
54964000,0
54966001,0
54968000,0
54970000,0
54972001,0
54974000,0
54976000,0
54978000,0
54980000,0
54982001,0
54984000,0
54986001,0
54988001,0
54990000,0
54992001,0
54994001,0
54996000,0
54998000,0
55000001,0
55002000,0
55004001,0
55006001,0
55008000,0
55010000,0
55012000,0
55014000,0
55016000,0
55018000,0
55020001,0
55022000,0
55024000,0
55026000,0
55028001,0
55030000,0
55032000,0
55034001,0
55036000,0
55038001,0
55040000,0
55042001,0
55044000,0
55046001,0
55048000,0
55050000,0
55052001,0
55054000,0
55056000,0
55058000,0
55060000,0
55062001,0
55064000,0
55066000,0
55068000,0
55070001,0
55072000,0
55074001,0
55076001,0
55078001,0
55080000,0
55082001,0
55084000,0
55086000,0
55088000,0
55090000,0
55092001,0
55094000,0
55096000,0
55098000,0
55100001,0
55102000,0
55104001,0
55106001,0
55108000,0
55110000,0
55112000,0
55114000,0
55116000,0
55118001,0
55120001,0
55122000,0
55124001,0
55126001,0
55128000,0
55130000,0
55132000,0
55134001,0
55136000,0
55138000,0
55140000,0
55142000,0
55144001,0
55146001,0
55148000,0
55150000,0
55152000,0
55154000,0
55156001,0
55158001,0
55160000,0
55162001,0
55164000,0
55166000,0
55168000,0
55170000,0
55172001,0
55174000,0
55176001,0
55178001,0
55180000,0
55182001,0
55184000,0
55186000,0
55188000,0
55190000,0
55192001,0
55194000,0
55196000,0
55198001,0
55200000,0
55202001,0
55204001,0
55206000,0
55208001,0
55210000,0
55212000,0
55214000,0
55216001,0
55218000,0
55220000,0
55222000,0
55224001,0
55226001,0
55228000,0
55230000,0
55232000,0
55234001,0
55236000,0
55238000,0
55240001,0
55242000,0
55244000,0
55246000,0
55248001,0
55250000,0
55252001,0
55254001,0
55256001,0
55258000,0
55260001,0
55262001,0
55264000,0
55266001,0
55268000,0
55270001,0
55272000,0
55274001,0
55276001,0
55278000,0
55280000,0
55282000,0
55284000,0
55286001,0
55288000,0
55290000,0
55292000,0
55294001,0
55296000,0
55298000,0
55300000,0
55302000,0
55304000,0
55306000,0
55308001,0
55310000,0
55312000,0
55314000,0
55316000,0
55318000,0
55320001,0
55322001,0
55324000,0
55326000,0
55328000,0
55330000,0
55332000,0
55334000,0
55336001,0
55338000,0
55340001,0
55342001,0
55344001,0
55346000,0
55348000,0
55350001,0
55352000,0
55354001,0
55356000,0
55358000,0
55360000,0
55362000,0
55364000,0
55366000,0
55368000,0
55370001,0
55372000,0
55374000,0
55376000,0
55378000,0
55380000,0
55382000,0
55384000,0
55386000,0
55388000,0
55390000,0
55392000,0
55394000,0
55396000,0
55398001,0
55400001,0
55402000,0
55404000,0
55406000,0
55408000,0
55410000,0
55412001,0
55414001,0
55416000,0
55418000,0
55420000,0
55422000,0
55424001,0
55426000,0
55428001,0
55430000,0
55432000,0
55434001,0
55436000,0
55438001,0
55440001,0
55442000,0
55444001,0
55446000,0
55448000,0
55450001,0
55452001,0
55454000,0
55456001,0
55458000,0
55460000,0
55462000,0
55464000,0
55466001,0
55468000,0
55470001,0
55472000,0
55474001,0
55476000,0
55478001,0
55480001,0
55482000,0
55484000,0
55486000,0
55488000,0
55490000,0
55492000,0
55494000,0
55496001,0
55498000,0
55500000,0
55502001,0
55504000,0
55506000,0
55508001,0
55510000,0
55512000,0
55514000,0
55516000,0
55518000,0
55520001,0
55522000,0
55524000,0
55526001,0
55528000,0
55530000,0
55532000,0
55534000,0
55536001,0
55538001,0
55540001,0
55542001,0
55544000,0
55546000,0
55548000,0
55550000,0
55552000,0
55554000,0
55556001,0
55558001,0
55560000,0
55562000,0
55564000,0
55566000,0
55568000,0
55570000,0
55572001,0
55574000,0
55576001,0
55578000,0
55580000,0
55582000,0
55584001,0
55586000,0
55588000,0
55590000,0
55592000,0
55594000,0
55596000,0
55598000,0
55600001,0
55602001,0
55604000,0
55606000,0
55608001,0
55610000,0
55612000,0
55614000,0
55616000,0
55618000,0
55620001,0
55622000,0
55624000,0
55626000,0
55628001,0
55630000,0
55632001,0
55634001,0
55636000,0
55638000,0
55640001,0
55642000,0
55644001,0
55646001,0
55648000,0
55650001,0
55652000,0
55654001,0
55656001,0
55658000,0
55660000,0
55662000,0
55664000,0
55666000,0
55668000,0
55670001,0
55672001,0
55674000,0
55676001,0
55678000,0
55680001,0
55682000,0
55684001,0
55686000,0
55688001,0
55690000,0
55692000,0
55694000,0
55696000,0
55698001,0
55700001,0
55702001,0
55704000,0
55706001,0
55708000,0
55710000,0
55712000,0
55714000,0
55716001,0
55718000,0
55720000,0
55722001,0
55724000,0
55726001,0
55728000,0
55730000,0
55732001,0
55734000,0
55736000,0
55738001,0
55740000,0
55742001,0
55744000,0
55746000,0
55748001,0
55750000,0
55752000,0
55754000,0
55756000,0
55758000,0
55760000,0
55762001,0
55764000,0
55766000,0
55768000,0
55770000,0
55772000,0
55774001,0
55776000,0
55778000,0
55780000,0
55782000,0
55784001,0
55786000,0
55788001,0
55790001,0
55792000,0
55794001,0
55796001,0
55798000,0
55800000,0
55802000,0
55804000,0
55806001,0
55808000,0
55810001,0
55812000,0
55814001,0
55816000,0
55818000,0
55820001,0
55822000,0
55824000,0
55826000,0
55828000,0
55830000,0
55832001,0
55834000,0
55836000,0
55838000,0
55840001,0
55842000,0
55844000,0
55846000,0
55848000,0
55850001,0
55852000,0
55854001,0
55856000,0
55858000,0
55860000,0
55862001,0
55864000,0
55866000,0
55868000,0
55870000,0
55872000,0
55874001,0
55876000,0
55878000,0
55880001,0
55882000,0
55884001,0
55886000,0
55888000,0
55890001,0
55892000,0
55894000,0
55896000,0
55898001,0
55900001,0
55902001,0
55904000,0
55906001,0
55908000,0
55910000,0
55912000,0
55914001,0
55916000,0
55918001,0
55920001,0
55922000,0
55924000,0
55926000,0
55928000,0
55930000,0
55932000,0
55934000,0
55936001,0
55938000,0
55940001,0
55942000,0
55944000,0
55946000,0
55948001,0
55950000,0
55952001,0
55954001,0
55956000,0
55958000,0
55960001,0
55962000,0
55964000,0
55966001,0
55968000,0
55970000,0
55972000,0
55974000,0
55976001,0
55978001,0
55980001,0
55982000,0
55984000,0
55986000,0
55988001,0
55990000,0
55992001,0
55994000,0
55996000,0
55998000,0
56000000,0
56002000,0
56004000,0
56006000,0
56008000,0
56010000,0
56012000,0
56014000,0
56016000,0
56018000,0
56020000,0
56022000,0
56024001,0
56026000,0
56028001,0
56030000,0
56032000,0
56034000,0
56036000,0
56038001,0
56040000,0
56042000,0
56044001,0
56046001,0
56048000,0
56050000,0
56052000,0
56054000,0
56056001,0
56058000,0
56060000,0
56062001,0
56064001,0
56066000,0
56068001,0
56070000,0
56072000,0
56074000,0
56076000,0
56078000,0
56080000,0
56082000,0
56084000,0
56086000,0
56088000,0
56090000,0
56092001,0
56094000,0
56096001,0
56098000,0
56100000,0
56102000,0
56104001,0
56106000,0
56108001,0
56110000,0
56112000,0
56114000,0
56116000,0
56118000,0
56120000,0
56122000,0
56124000,0
56126000,0
56128000,0
56130000,0
56132000,0
56134000,0
56136000,0
56138001,0
56140001,0
56142000,0
56144000,0
56146001,0
56148000,0
56150000,0
56152000,0
56154001,0
56156000,0
56158000,0
56160001,0
56162000,0
56164000,0
56166000,0
56168001,0
56170000,0
56172000,0
56174001,0
56176001,0
56178001,0
56180000,0
56182000,0
56184001,0
56186000,0
56188001,0
56190001,0
56192000,0
56194000,0
56196001,0
56198000,0
56200001,0
56202000,0
56204000,0
56206000,0
56208000,0
56210000,0
56212000,0
56214000,0
56216000,0
56218001,0
56220001,0
56222000,0
56224000,0
56226001,0
56228001,0
56230000,0
56232000,0
56234001,0
56236001,0
56238001,0
56240000,0
56242000,0
56244000,0
56246001,0
56248000,0
56250001,0
56252001,0
56254001,0
56256001,0
56258001,0
56260000,0
56262000,0
56264001,0
56266000,0
56268001,0
56270000,0
56272000,0
56274000,0
56276000,0
56278000,0
56280001,0
56282000,0
56284000,0
56286001,0
56288001,0
56290000,0
56292000,0
56294000,0
56296001,0
56298001,0
56300000,0
56302000,0
56304001,0
56306000,0
56308001,0
56310001,0
56312000,0
56314000,0
56316000,0
56318000,0
56320000,0
56322000,0
56324000,0
56326000,0
56328000,0
56330001,0
56332000,0
56334000,0
56336001,0
56338000,0
56340000,0
56342001,0
56344000,0
56346000,0
56348000,0
56350001,0
56352000,0
56354001,0
56356000,0
56358000,0
56360000,0
56362000,0
56364001,0
56366000,0
56368001,0
56370000,0
56372000,0
56374001,0
56376000,0
56378000,0
56380001,0
56382000,0
56384001,0
56386001,0
56388000,0
56390000,0
56392000,0
56394000,0
56396000,0
56398001,0
56400000,0
56402000,0
56404000,0
56406001,0
56408000,0
56410000,0
56412001,0
56414000,0
56416000,0
56418001,0
56420001,0
56422000,0
56424001,0
56426000,0
56428001,0
56430000,0
56432000,0
56434000,0
56436001,0
56438000,0
56440000,0
56442000,0
56444000,0
56446001,0
56448000,0
56450001,0
56452001,0
56454000,0
56456000,0
56458001,0
56460000,0
56462000,0
56464001,0
56466000,0
56468000,0
56470001,0
56472000,0
56474000,0
56476000,0
56478000,0
56480001,0
56482000,0
56484000,0
56486000,0
56488001,0
56490000,0
56492000,0
56494001,0
56496000,0
56498000,0
56500001,0
56502000,0
56504001,0
56506000,0
56508000,0
56510000,0
56512001,0
56514000,0
56516000,0
56518000,0
56520001,0
56522000,0
56524001,0
56526000,0
56528000,0
56530001,0
56532000,0
56534001,0
56536000,0
56538000,0
56540000,0
56542000,0
56544000,0
56546001,0
56548001,0
56550000,0
56552000,0
56554000,0
56556000,0
56558001,0
56560000,0
56562000,0
56564000,0
56566001,0
56568000,0
56570000,0
56572000,0
56574000,0
56576000,0
56578001,0
56580000,0
56582001,0
56584000,0
56586000,0
56588000,0
56590000,0
56592000,0
56594000,0
56596000,0
56598001,0
56600000,0
56602001,0
56604000,0
56606000,0
56608000,0
56610000,0
56612001,0
56614000,0
56616000,0
56618000,0
56620000,0
56622001,0
56624000,0
56626001,0
56628001,0
56630000,0
56632000,0
56634000,0
56636000,0
56638001,0
56640000,0
56642001,0
56644000,0
56646000,0
56648000,0
56650000,0
56652001,0
56654000,0
56656000,0
56658000,0
56660000,0
56662001,0
56664000,0
56666000,0
56668000,0
56670001,0
56672001,0
56674000,0
56676001,0
56678000,0
56680000,0
56682001,0
56684000,0
56686000,0
56688000,0
56690000,0
56692001,0
56694000,0
56696000,0
56698000,0
56700000,0
56702000,0
56704000,0
56706000,0
56708000,0
56710000,0
56712001,0
56714001,0
56716000,0
56718000,0
56720000,0
56722001,0
56724001,0
56726000,0
56728000,0
56730001,0
56732000,0
56734001,0
56736000,0
56738001,0
56740001,0
56742000,0
56744001,0
56746000,0
56748000,0
56750000,0
56752000,0
56754000,0
56756001,0
56758000,0
56760001,0
56762000,0
56764001,0
56766000,0
56768000,0
56770000,0
56772000,0
56774001,0
56776001,0
56778000,0
56780000,0
56782000,0
56784000,0
56786000,0
56788000,0
56790001,0
56792000,0
56794001,0
56796000,0
56798000,0
56800000,0
56802001,0
56804000,0
56806000,0
56808000,0
56810000,0
56812000,0
56814000,0
56816000,0
56818001,0
56820001,0
56822000,0
56824000,0
56826001,0
56828001,0
56830000,0
56832001,0
56834000,0
56836000,0
56838001,0
56840000,0
56842001,0
56844000,0
56846000,0
56848001,0
56850000,0
56852000,0
56854000,0
56856001,0
56858000,0
56860000,0
56862000,0
56864000,0
56866000,0
56868000,0
56870000,0
56872001,0
56874000,0
56876000,0
56878000,0
56880001,0
56882001,0
56884000,0
56886001,0
56888000,0
56890000,0
56892001,0
56894001,0
56896000,0
56898001,0
56900000,0
56902001,0
56904001,0
56906001,0
56908001,0
56910000,0
56912001,0
56914000,0
56916001,0
56918000,0
56920001,0
56922000,0
56924000,0
56926000,0
56928000,0
56930001,0
56932000,0
56934000,0
56936001,0
56938000,0
56940001,0
56942000,0
56944001,0
56946001,0
56948001,0
56950000,0
56952000,0
56954001,0
56956001,0
56958000,0
56960001,0
56962000,0
56964000,0
56966000,0
56968000,0
56970000,0
56972001,0
56974000,0
56976000,0
56978000,0
56980001,0
56982000,0
56984000,0
56986001,0
56988001,0
56990000,0
56992001,0
56994000,0
56996000,0
56998001,0
57000000,0
57002000,0
57004001,0
57006000,0
57008001,0
57010000,0
57012000,0
57014000,0
57016000,0
57018000,0
57020000,0
57022000,0
57024000,0
57026000,0
57028000,0
57030000,0
57032000,0
57034000,0
57036000,0
57038001,0
57040000,0
57042000,0
57044001,0
57046000,0
57048000,0
57050000,0
57052000,0
57054001,0
57056000,0
57058000,0
57060000,0
57062000,0
57064000,0
57066000,0
57068000,0
57070000,0
57072000,0
57074000,0
57076000,0
57078001,0
57080000,0
57082000,0
57084000,0
57086001,0
57088000,0
57090000,0
57092000,0
57094001,0
57096001,0
57098000,0
57100001,0
57102000,0
57104001,0
57106001,0
57108000,0
57110000,0
57112001,0
57114001,0
57116001,0
57118001,0
57120001,0
57122000,0
57124000,0
57126000,0
57128000,0
57130001,0
57132001,0
57134001,0
57136000,0
57138000,0
57140001,0
57142000,0
57144000,0
57146000,0
57148001,0
57150001,0
57152000,0
57154001,0
57156000,0
57158001,0
57160000,0
57162000,0
57164000,0
57166000,0
57168000,0
57170000,0
57172000,0
57174000,0
57176001,0
57178000,0
57180000,0
57182001,0
57184000,0
57186001,0
57188000,0
57190000,0
57192000,0
57194000,0
57196001,0
57198000,0
57200000,0
57202000,0
57204000,0
57206000,0
57208001,0
57210000,0
57212000,0
57214000,0
57216001,0
57218001,0
57220000,0
57222000,0
57224000,0
57226000,0
57228000,0
57230000,0
57232000,0
57234001,0
57236000,0
57238000,0
57240000,0
57242001,0
57244000,0
57246000,0
57248001,0
57250000,0
57252000,0
57254000,0
57256000,0
57258000,0
57260000,0
57262000,0
57264000,0
57266000,0
57268000,0
57270000,0
57272000,0
57274000,0
57276000,0
57278000,0
57280000,0
57282000,0
57284000,0
57286000,0
57288000,0
57290001,0
57292000,0
57294000,0
57296000,0
57298000,0
57300000,0
57302000,0
57304000,0
57306000,0
57308000,0
57310000,0
57312000,0
57314001,0
57316000,0
57318000,0
57320000,0
57322001,0
57324000,0
57326000,0
57328000,0
57330001,0
57332000,0
57334000,0
57336000,0
57338000,0
57340000,0
57342001,0
57344001,0
57346000,0
57348000,0
57350000,0
57352000,0
57354001,0
57356000,0
57358000,0
57360000,0
57362000,0
57364000,0
57366000,0
57368000,0
57370000,0
57372000,0
57374000,0
57376000,0
57378001,0
57380000,0
57382000,0
57384000,0
57386001,0
57388000,0
57390001,0
57392000,0
57394000,0
57396000,0
57398000,0
57400000,0
57402001,0
57404000,0
57406000,0
57408001,0
57410001,0
57412000,0
57414001,0
57416000,0
57418000,0
57420001,0
57422000,0
57424000,0
57426000,0
57428001,0
57430000,0
57432001,0
57434000,0
57436000,0
57438001,0
57440000,0
57442000,0
57444000,0
57446000,0
57448000,0
57450001,0
57452000,0
57454000,0
57456001,0
57458001,0
57460000,0
57462000,0
57464000,0
57466000,0
57468000,0
57470000,0
57472000,0
57474001,0
57476000,0
57478000,0
57480000,0
57482000,0
57484001,0
57486000,0
57488000,0
57490000,0
57492000,0
57494001,0
57496001,0
57498001,0
57500000,0
57502000,0
57504000,0
57506000,0
57508000,0
57510001,0
57512000,0
57514001,0
57516001,0
57518000,0
57520000,0
57522000,0
57524000,0
57526000,0
57528001,0
57530000,0
57532000,0
57534000,0
57536001,0
57538000,0
57540000,0
57542001,0
57544000,0
57546000,0
57548001,0
57550000,0
57552000,0
57554001,0
57556000,0
57558000,0
57560000,0
57562000,0
57564001,0
57566001,0
57568000,0
57570000,0
57572000,0
57574001,0
57576000,0
57578000,0
57580001,0
57582000,0
57584000,0
57586000,0
57588001,0
57590000,0
57592001,0
57594001,0
57596000,0
57598001,0
57600001,0
57602001,0
57604001,0
57606000,0
57608001,0
57610000,0
57612000,0
57614000,0
57616001,0
57618000,0
57620001,0
57622000,0
57624001,0
57626000,0
57628000,0
57630001,0
57632001,0
57634000,0
57636000,0
57638000,0
57640000,0
57642001,0
57644000,0
57646000,0
57648000,0
57650001,0
57652000,0
57654000,0
57656001,0
57658001,0
57660001,0
57662000,0
57664000,0
57666000,0
57668001,0
57670000,0
57672000,0
57674000,0
57676000,0
57678000,0
57680001,0
57682001,0
57684000,0
57686001,0
57688001,0
57690000,0
57692000,0
57694001,0
57696000,0
57698000,0
57700000,0
57702000,0
57704000,0
57706000,0
57708000,0
57710000,0
57712001,0
57714001,0
57716000,0
57718001,0
57720000,0
57722000,0
57724000,0
57726000,0
57728001,0
57730000,0
57732001,0
57734000,0
57736000,0
57738001,0
57740000,0
57742000,0
57744001,0
57746000,0
57748001,0
57750000,0
57752000,0
57754000,0
57756000,0
57758000,0
57760001,0
57762001,0
57764000,0
57766001,0
57768000,0
57770000,0
57772000,0
57774000,0
57776000,0
57778000,0
57780001,0
57782000,0
57784000,0
57786000,0
57788000,0
57790000,0
57792001,0
57794000,0
57796000,0
57798000,0
57800000,0
57802001,0
57804000,0
57806000,0
57808000,0
57810001,0
57812001,0
57814000,0
57816001,0
57818001,0
57820000,0
57822000,0
57824001,0
57826000,0
57828001,0
57830001,0
57832000,0
57834000,0
57836000,0
57838001,0
57840001,0
57842001,0
57844000,0
57846001,0
57848001,0
57850000,0
57852000,0
57854000,0
57856000,0
57858000,0
57860000,0
57862000,0
57864001,0
57866000,0
57868000,0
57870001,0
57872000,0
57874000,0
57876001,0
57878000,0
57880000,0
57882001,0
57884001,0
57886000,0
57888000,0
57890000,0
57892000,0
57894000,0
57896000,0
57898000,0
57900000,0
57902000,0
57904001,0
57906000,0
57908001,0
57910000,0
57912000,0
57914000,0
57916000,0
57918000,0
57920000,0
57922000,0
57924001,0
57926000,0
57928000,0
57930001,0
57932000,0
57934000,0
57936000,0
57938000,0
57940000,0
57942001,0
57944000,0
57946000,0
57948000,0
57950000,0
57952000,0
57954000,0
57956001,0
57958001,0
57960000,0
57962001,0
57964001,0
57966000,0
57968000,0
57970000,0
57972000,0
57974000,0
57976000,0
57978001,0
57980000,0
57982001,0
57984000,0
57986001,0
57988001,0
57990000,0
57992000,0
57994001,0
57996000,0
57998000,0
58000000,0
58002000,0
58004000,0
58006000,0
58008001,0
58010000,0
58012001,0
58014000,0
58016001,0
58018000,0
58020000,0
58022001,0
58024000,0
58026001,0
58028000,0
58030001,0
58032000,0
58034000,0
58036001,0
58038000,0
58040000,0
58042001,0
58044001,0
58046000,0
58048000,0
58050001,0
58052000,0
58054000,0
58056000,0
58058001,0
58060000,0
58062001,0
58064000,0
58066001,0
58068001,0
58070000,0
58072000,0
58074000,0
58076000,0
58078000,0
58080000,0
58082000,0
58084000,0
58086000,0
58088001,0
58090000,0
58092000,0
58094000,0
58096000,0
58098000,0
58100000,0
58102000,0
58104001,0
58106001,0
58108000,0
58110000,0
58112000,0
58114001,0
58116000,0
58118000,0
58120000,0
58122001,0
58124000,0
58126001,0
58128000,0
58130000,0
58132001,0
58134000,0
58136000,0
58138001,0
58140000,0
58142000,0
58144000,0
58146000,0
58148000,0
58150000,0
58152001,0
58154001,0
58156000,0
58158001,0
58160000,0
58162000,0
58164000,0
58166001,0
58168000,0
58170000,0
58172000,0
58174000,0
58176001,0
58178000,0
58180000,0
58182000,0
58184000,0
58186000,0
58188001,0
58190001,0
58192000,0
58194000,0
58196001,0
58198000,0
58200000,0
58202001,0
58204000,0
58206000,0
58208000,0
58210001,0
58212000,0
58214000,0
58216001,0
58218000,0
58220001,0
58222000,0
58224001,0
58226000,0
58228001,0
58230000,0
58232000,0
58234000,0
58236000,0
58238000,0
58240001,0
58242001,0
58244000,0
58246000,0
58248000,0
58250000,0
58252000,0
58254000,0
58256000,0
58258001,0
58260001,0
58262001,0
58264000,0
58266001,0
58268001,0
58270001,0
58272000,0
58274001,0
58276000,0
58278000,0
58280000,0
58282001,0
58284001,0
58286000,0
58288000,0
58290000,0
58292000,0
58294000,0
58296000,0
58298000,0
58300000,0
58302000,0
58304001,0
58306001,0
58308001,0
58310001,0
58312000,0
58314000,0
58316000,0
58318001,0
58320001,0
58322000,0
58324000,0
58326001,0
58328000,0
58330000,0
58332000,0
58334001,0
58336000,0
58338000,0
58340000,0
58342000,0
58344000,0
58346001,0
58348000,0
58350001,0
58352001,0
58354000,0
58356001,0
58358000,0
58360000,0
58362000,0
58364000,0
58366000,0
58368001,0
58370000,0
58372000,0
58374000,0
58376000,0
58378000,0
58380001,0
58382000,0
58384000,0
58386001,0
58388000,0
58390000,0
58392000,0
58394000,0
58396001,0
58398000,0
58400001,0
58402000,0
58404000,0
58406000,0
58408000,0
58410001,0
58412000,0
58414000,0
58416000,0
58418000,0
58420000,0
58422000,0
58424000,0
58426001,0
58428000,0
58430000,0
58432000,0
58434001,0
58436000,0
58438000,0
58440000,0
58442000,0
58444000,0
58446000,0
58448001,0
58450000,0
58452000,0
58454000,0
58456000,0
58458000,0
58460000,0
58462001,0
58464000,0
58466000,0
58468001,0
58470000,0
58472000,0
58474001,0
58476000,0
58478000,0
58480000,0
58482000,0
58484000,0
58486000,0
58488000,0
58490000,0
58492000,0
58494001,0
58496000,0
58498000,0
58500000,0
58502001,0
58504000,0
58506000,0
58508000,0
58510000,0
58512001,0
58514000,0
58516000,0
58518001,0
58520000,0
58522000,0
58524000,0
58526000,0
58528001,0
58530000,0
58532000,0
58534000,0
58536000,0
58538000,0
58540000,0
58542001,0
58544001,0
58546000,0
58548000,0
58550001,0
58552000,0
58554000,0
58556000,0
58558000,0
58560000,0
58562000,0
58564001,0
58566000,0
58568001,0
58570000,0
58572000,0
58574001,0
58576000,0
58578000,0
58580001,0
58582000,0
58584001,0
58586000,0
58588000,0
58590000,0
58592000,0
58594000,0
58596001,0
58598001,0
58600000,0
58602001,0
58604000,0
58606000,0
58608001,0
58610000,0
58612000,0
58614000,0
58616000,0
58618001,0
58620000,0
58622001,0
58624001,0
58626000,0
58628000,0
58630001,0
58632000,0
58634000,0
58636000,0
58638000,0
58640000,0
58642000,0
58644000,0
58646001,0
58648000,0
58650001,0
58652000,0
58654000,0
58656001,0
58658000,0
58660001,0
58662001,0
58664001,0
58666001,0
58668000,0
58670001,0
58672001,0
58674000,0
58676000,0
58678001,0
58680000,0
58682000,0
58684001,0
58686000,0
58688000,0
58690000,0
58692000,0
58694001,0
58696000,0
58698000,0
58700001,0
58702000,0
58704000,0
58706001,0
58708000,0
58710001,0
58712000,0
58714000,0
58716000,0
58718000,0
58720000,0
58722000,0
58724000,0
58726000,0
58728000,0
58730000,0
58732000,0
58734000,0
58736000,0
58738000,0
58740000,0
58742000,0
58744000,0
58746001,0
58748000,0
58750001,0
58752001,0
58754000,0
58756000,0
58758000,0
58760000,0
58762001,0
58764000,0
58766001,0
58768000,0
58770000,0
58772000,0
58774000,0
58776001,0
58778001,0
58780000,0
58782000,0
58784000,0
58786001,0
58788000,0
58790000,0
58792000,0
58794001,0
58796000,0
58798001,0
58800000,0
58802000,0
58804001,0
58806001,0
58808000,0
58810000,0
58812000,0
58814000,0
58816000,0
58818000,0
58820000,0
58822001,0
58824000,0
58826000,0
58828000,0
58830000,0
58832000,0
58834001,0
58836000,0
58838000,0
58840000,0
58842001,0
58844000,0
58846000,0
58848000,0
58850000,0
58852001,0
58854000,0
58856000,0
58858001,0
58860001,0
58862000,0
58864000,0
58866001,0
58868001,0
58870000,0
58872000,0
58874000,0
58876000,0
58878000,0
58880001,0
58882000,0
58884001,0
58886001,0
58888000,0
58890000,0
58892000,0
58894001,0
58896001,0
58898001,0
58900001,0
58902001,0
58904000,0
58906001,0
58908001,0
58910000,0
58912000,0
58914000,0
58916000,0
58918000,0
58920000,0
58922000,0
58924001,0
58926000,0
58928000,0
58930001,0
58932001,0
58934000,0
58936001,0
58938000,0
58940000,0
58942001,0
58944000,0
58946000,0
58948000,0
58950000,0
58952000,0
58954001,0
58956000,0
58958000,0
58960001,0
58962000,0
58964000,0
58966001,0
58968000,0
58970000,0
58972001,0
58974000,0
58976000,0
58978000,0
58980000,0
58982001,0
58984001,0
58986000,0
58988001,0
58990000,0
58992000,0
58994000,0
58996001,0
58998001,0
59000000,0
59002000,0
59004000,0
59006001,0
59008001,0
59010001,0
59012000,0
59014000,0
59016000,0
59018000,0
59020000,0
59022000,0
59024000,0
59026000,0
59028000,0
59030001,0
59032000,0
59034000,0
59036000,0
59038001,0
59040000,0
59042000,0
59044000,0
59046000,0
59048000,0
59050000,0
59052000,0
59054000,0
59056000,0
59058001,0
59060000,0
59062000,0
59064000,0
59066001,0
59068000,0
59070000,0
59072000,0
59074001,0
59076000,0
59078000,0
59080000,0
59082000,0
59084000,0
59086000,0
59088000,0
59090000,0
59092001,0
59094000,0
59096000,0
59098001,0
59100000,0
59102000,0
59104000,0
59106000,0
59108001,0
59110000,0
59112000,0
59114000,0
59116000,0
59118001,0
59120000,0
59122000,0
59124000,0
59126000,0
59128000,0
59130000,0
59132000,0
59134000,0
59136000,0
59138001,0
59140000,0
59142001,0
59144001,0
59146001,0
59148000,0
59150000,0
59152001,0
59154000,0
59156000,0
59158000,0
59160000,0
59162000,0
59164001,0
59166000,0
59168001,0
59170000,0
59172000,0
59174000,0
59176001,0
59178000,0
59180001,0
59182001,0
59184000,0
59186000,0
59188001,0
59190000,0
59192001,0
59194001,0
59196000,0
59198001,0
59200000,0
59202000,0
59204001,0
59206000,0
59208000,0
59210001,0
59212000,0
59214000,0
59216000,0
59218001,0
59220000,0
59222001,0
59224001,0
59226000,0
59228000,0
59230000,0
59232000,0
59234000,0
59236000,0
59238000,0
59240000,0
59242000,0
59244001,0
59246000,0
59248000,0
59250000,0
59252000,0
59254000,0
59256001,0
59258000,0
59260001,0
59262001,0
59264000,0
59266001,0
59268001,0
59270000,0
59272000,0
59274000,0
59276001,0
59278000,0
59280000,0
59282001,0
59284000,0
59286000,0
59288000,0
59290001,0
59292000,0
59294001,0
59296001,0
59298000,0
59300000,0
59302001,0
59304000,0
59306001,0
59308000,0
59310000,0
59312001,0
59314000,0
59316001,0
59318000,0
59320001,0
59322000,0
59324000,0
59326001,0
59328000,0
59330000,0
59332000,0
59334000,0
59336000,0
59338000,0
59340000,0
59342000,0
59344000,0
59346001,0
59348000,0
59350001,0
59352000,0
59354000,0
59356000,0
59358000,0
59360001,0
59362000,0
59364000,0
59366000,0
59368000,0
59370000,0
59372000,0
59374001,0
59376000,0
59378000,0
59380000,0
59382001,0
59384000,0
59386000,0
59388001,0
59390000,0
59392000,0
59394000,0
59396000,0
59398001,0
59400001,0
59402000,0
59404001,0
59406001,0
59408000,0
59410000,0
59412001,0
59414000,0
59416001,0
59418000,0
59420000,0
59422001,0
59424000,0
59426000,0
59428001,0
59430000,0
59432000,0
59434000,0
59436000,0
59438001,0
59440000,0
59442001,0
59444000,0
59446001,0
59448000,0
59450000,0
59452000,0
59454000,0
59456000,0
59458000,0
59460001,0
59462000,0
59464001,0
59466000,0
59468000,0
59470000,0
59472000,0
59474000,0
59476001,0
59478000,0
59480000,0
59482001,0
59484000,0
59486000,0
59488001,0
59490000,0
59492000,0
59494001,0
59496001,0
59498000,0
59500001,0
59502000,0
59504001,0
59506000,0
59508001,0
59510000,0
59512001,0
59514000,0
59516000,0
59518000,0
59520000,0
59522001,0
59524000,0
59526001,0
59528000,0
59530000,0
59532001,0
59534000,0
59536000,0
59538000,0
59540000,0
59542000,0
59544001,0
59546001,0
59548000,0
59550000,0
59552000,0
59554000,0
59556001,0
59558000,0
59560000,0
59562000,0
59564000,0
59566001,0
59568001,0
59570000,0
59572000,0
59574001,0
59576000,0
59578000,0
59580000,0
59582000,0
59584000,0
59586000,0
59588001,0
59590000,0
59592001,0
59594000,0
59596001,0
59598000,0
59600001,0
59602000,0
59604001,0
59606000,0
59608000,0
59610000,0
59612001,0
59614000,0
59616001,0
59618001,0
59620000,0
59622000,0
59624001,0
59626000,0
59628000,0
59630000,0
59632000,0
59634000,0
59636000,0
59638000,0
59640000,0
59642000,0
59644000,0
59646000,0
59648000,0
59650000,0
59652001,0
59654000,0
59656001,0
59658000,0
59660000,0
59662000,0
59664001,0
59666000,0
59668000,0
59670001,0
59672001,0
59674000,0
59676001,0
59678000,0
59680001,0
59682000,0
59684000,0
59686000,0
59688001,0
59690000,0
59692001,0
59694001,0
59696000,0
59698000,0
59700000,0
59702000,0
59704000,0
59706000,0
59708000,0
59710001,0
59712001,0
59714001,0
59716000,0
59718001,0
59720000,0
59722001,0
59724000,0
59726000,0
59728000,0
59730001,0
59732000,0
59734000,0
59736001,0
59738000,0
59740001,0
59742000,0
59744000,0
59746001,0
59748000,0
59750000,0
59752000,0
59754001,0
59756001,0
59758000,0
59760000,0
59762000,0
59764000,0
59766000,0
59768000,0
59770000,0
59772001,0
59774000,0
59776000,0
59778001,0
59780000,0
59782000,0
59784000,0
59786000,0
59788001,0
59790000,0
59792000,0
59794001,0
59796001,0
59798000,0
59800000,0
59802001,0
59804001,0
59806000,0
59808000,0
59810001,0
59812000,0
59814000,0
59816000,0
59818000,0
59820001,0
59822001,0
59824000,0
59826000,0
59828001,0
59830001,0
59832000,0
59834001,0
59836000,0
59838000,0
59840001,0
59842000,0
59844001,0
59846000,0
59848000,0
59850000,0
59852000,0
59854001,0
59856001,0
59858001,0
59860001,0
59862000,0
59864000,0
59866000,0
59868000,0
59870001,0
59872000,0
59874000,0
59876001,0
59878000,0
59880000,0
59882000,0
59884001,0
59886000,0
59888000,0
59890001,0
59892000,0
59894001,0
59896000,0
59898000,0
59900000,0
59902001,0
59904000,0
59906000,0
59908001,0
59910001,0
59912000,0
59914000,0
59916000,0
59918001,0
59920000,0
59922000,0
59924000,0
59926000,0
59928001,0
59930000,0
59932000,0
59934000,0
59936000,0
59938000,0
59940000,0
59942001,0
59944000,0
59946000,0
59948000,0
59950000,0
59952001,0
59954000,0
59956001,0
59958000,0
59960000,0
59962001,0
59964000,0
59966000,0
59968000,0
59970001,0
59972000,0
59974000,0
59976000,0
59978001,0
59980001,0
59982000,0
59984001,0
59986001,0
59988001,0
59990000,0
59992000,0
59994000,0
59996000,0
59998000,0
60000000,0
60002000,0
60004000,0
60006000,0
60008000,0
60010000,0
60012000,0
60014000,0
60016001,0
60018000,0
60020000,0
60022000,0
60024001,0
60026001,0
60028001,0
60030000,0
60032000,0
60034001,0
60036001,0
60038000,0
60040000,0
60042001,0
60044001,0
60046000,0
60048000,0
60050001,0
60052000,0
60054001,0
60056001,0
60058000,0
60060000,0
60062000,0
60064000,0
60066001,0
60068000,0
60070000,0
60072000,0
60074000,0
60076000,0
60078000,0
60080001,0
60082001,0
60084000,0
60086000,0
60088001,0
60090000,0
60092001,0
60094000,0
60096000,0
60098000,0
60100001,0
60102000,0
60104001,0
60106001,0
60108001,0
60110000,0
60112001,0
60114000,0
60116001,0
60118000,0
60120001,0
60122000,0
60124000,0
60126000,0
60128000,0
60130000,0
60132000,0
60134000,0
60136001,0
60138000,0
60140000,0
60142000,0
60144000,0
60146000,0
60148001,0
60150000,0
60152000,0
60154000,0
60156001,0
60158000,0
60160001,0
60162000,0
60164000,0
60166000,0
60168000,0
60170000,0
60172001,0
60174000,0
60176000,0
60178001,0
60180000,0
60182000,0
60184000,0
60186000,0
60188000,0
60190000,0
60192000,0
60194000,0
60196001,0
60198000,0
60200001,0
60202000,0
60204000,0
60206001,0
60208000,0
60210001,0
60212000,0
60214000,0
60216000,0
60218001,0
60220000,0
60222001,0
60224000,0
60226000,0
60228000,0
60230000,0
60232000,0
60234001,0
60236001,0
60238000,0
60240001,0
60242000,0
60244000,0
60246000,0
60248000,0
60250001,0
60252001,0
60254000,0
60256000,0
60258000,0
60260000,0
60262001,0
60264000,0
60266000,0
60268000,0
60270000,0
60272000,0
60274000,0
60276000,0
60278000,0
60280000,0
60282001,0
60284000,0
60286000,0
60288001,0
60290000,0
60292001,0
60294000,0
60296000,0
60298001,0
60300000,0
60302001,0
60304001,0
60306000,0
60308000,0
60310000,0
60312000,0
60314001,0
60316000,0
60318001,0
60320001,0
60322000,0
60324000,0
60326000,0
60328000,0
60330000,0
60332000,0
60334001,0
60336001,0
60338000,0
60340001,0
60342000,0
60344001,0
60346000,0
60348001,0
60350000,0
60352000,0
60354000,0
60356000,0
60358000,0
60360000,0
60362000,0
60364001,0
60366000,0
60368001,0
60370000,0
60372000,0
60374000,0
60376000,0
60378000,0
60380000,0
60382000,0
60384000,0
60386001,0
60388000,0
60390000,0
60392001,0
60394000,0
60396001,0
60398000,0
60400000,0
60402001,0
60404001,0
60406000,0
60408000,0
60410000,0
60412000,0
60414000,0
60416000,0
60418000,0
60420001,0
60422000,0
60424000,0
60426000,0
60428001,0
60430000,0
60432000,0
60434000,0
60436000,0
60438000,0
60440000,0
60442000,0
60444000,0
60446001,0
60448000,0
60450000,0
60452000,0
60454000,0
60456000,0
60458001,0
60460000,0
60462000,0
60464000,0
60466000,0
60468000,0
60470000,0
60472000,0
60474000,0
60476001,0
60478000,0
60480001,0
60482000,0
60484001,0
60486000,0
60488000,0
60490000,0
60492000,0
60494000,0
60496001,0
60498000,0
60500000,0
60502001,0
60504000,0
60506000,0
60508000,0
60510001,0
60512000,0
60514001,0
60516000,0
60518000,0
60520001,0
60522000,0
60524000,0
60526001,0
60528000,0
60530001,0
60532000,0
60534000,0
60536000,0
60538000,0
60540000,0
60542001,0
60544000,0
60546000,0
60548000,0
60550001,0
60552001,0
60554000,0
60556000,0
60558000,0
60560001,0
60562000,0
60564001,0
60566000,0
60568000,0
60570000,0
60572000,0
60574001,0
60576000,0
60578000,0
60580000,0
60582000,0
60584000,0
60586000,0
60588000,0
60590001,0
60592000,0
60594000,0
60596001,0
60598000,0
60600001,0
60602000,0
60604000,0
60606000,0
60608000,0
60610001,0
60612001,0
60614000,0
60616000,0
60618001,0
60620000,0
60622000,0
60624001,0
60626001,0
60628000,0
60630000,0
60632000,0
60634001,0
60636000,0
60638000,0
60640001,0
60642000,0
60644000,0
60646001,0
60648000,0
60650000,0
60652000,0
60654001,0
60656000,0
60658000,0
60660000,0
60662000,0
60664001,0
60666000,0
60668001,0
60670000,0
60672001,0
60674000,0
60676000,0
60678001,0
60680000,0
60682000,0
60684001,0
60686000,0
60688000,0
60690000,0
60692001,0
60694000,0
60696000,0
60698000,0
60700000,0
60702000,0
60704000,0
60706000,0
60708000,0
60710000,0
60712000,0
60714001,0
60716000,0
60718001,0
60720000,0
60722000,0
60724001,0
60726000,0
60728000,0
60730000,0
60732001,0
60734000,0
60736001,0
60738000,0
60740000,0
60742001,0
60744000,0
60746001,0
60748000,0
60750000,0
60752001,0
60754000,0
60756001,0
60758000,0
60760001,0
60762000,0
60764001,0
60766000,0
60768000,0
60770001,0
60772000,0
60774001,0
60776000,0
60778001,0
60780000,0
60782000,0
60784000,0
60786000,0
60788000,0
60790000,0
60792000,0
60794001,0
60796000,0
60798001,0
60800000,0
60802001,0
60804001,0
60806000,0
60808000,0
60810000,0
60812001,0
60814000,0
60816000,0
60818000,0
60820000,0
60822001,0
60824000,0
60826001,0
60828000,0
60830000,0
60832001,0
60834000,0
60836000,0
60838001,0
60840000,0
60842000,0
60844001,0
60846000,0
60848000,0
60850000,0
60852000,0
60854001,0
60856000,0
60858001,0
60860000,0
60862001,0
60864000,0
60866000,0
60868000,0
60870001,0
60872001,0
60874000,0
60876001,0
60878000,0
60880001,0
60882001,0
60884000,0
60886000,0
60888000,0
60890000,0
60892000,0
60894000,0
60896001,0
60898000,0
60900000,0
60902000,0
60904001,0
60906000,0
60908000,0
60910000,0
60912000,0
60914000,0
60916000,0
60918000,0
60920000,0
60922000,0
60924001,0
60926001,0
60928001,0
60930000,0
60932000,0
60934000,0
60936000,0
60938001,0
60940000,0
60942001,0
60944000,0
60946001,0
60948001,0
60950000,0
60952000,0
60954001,0
60956001,0
60958000,0
60960000,0
60962000,0
60964000,0
60966000,0
60968000,0
60970000,0
60972001,0
60974000,0
60976000,0
60978001,0
60980000,0
60982001,0
60984000,0
60986000,0
60988000,0
60990001,0
60992000,0
60994001,0
60996000,0
60998001,0
61000000,0
61002000,0
61004000,0
61006000,0
61008000,0
61010000,0
61012001,0
61014001,0
61016000,0
61018000,0
61020001,0
61022000,0
61024000,0
61026000,0
61028000,0
61030000,0
61032000,0
61034000,0
61036000,0
61038000,0
61040000,0
61042001,0
61044000,0
61046001,0
61048000,0
61050001,0
61052000,0
61054001,0
61056000,0
61058000,0
61060001,0
61062000,0
61064000,0
61066000,0
61068000,0
61070000,0
61072000,0
61074000,0
61076001,0
61078000,0
61080000,0
61082000,0
61084000,0
61086000,0
61088001,0
61090000,0
61092000,0
61094000,0
61096000,0
61098000,0
61100001,0
61102000,0
61104001,0
61106000,0
61108001,0
61110000,0
61112000,0
61114001,0
61116000,0
61118001,0
61120001,0
61122000,0
61124000,0
61126000,0
61128001,0
61130000,0
61132000,0
61134001,0
61136001,0
61138001,0
61140000,0
61142000,0
61144000,0
61146000,0
61148001,0
61150000,0
61152000,0
61154000,0
61156001,0
61158001,0
61160000,0
61162001,0
61164000,0
61166001,0
61168000,0
61170001,0
61172000,0
61174001,0
61176000,0
61178001,0
61180000,0
61182001,0
61184001,0
61186000,0
61188000,0
61190000,0
61192000,0
61194000,0
61196000,0
61198000,0
61200001,0
61202000,0
61204000,0
61206000,0
61208001,0
61210000,0
61212000,0
61214001,0
61216000,0
61218001,0
61220000,0
61222000,0
61224001,0
61226000,0
61228001,0
61230000,0
61232001,0
61234000,0
61236001,0
61238001,0
61240000,0
61242001,0
61244000,0
61246001,0
61248000,0
61250000,0
61252000,0
61254001,0
61256000,0
61258000,0
61260001,0
61262000,0
61264000,0
61266000,0
61268000,0
61270001,0
61272000,0
61274001,0
61276000,0
61278000,0
61280000,0
61282001,0
61284001,0
61286000,0
61288001,0
61290000,0
61292001,0
61294001,0
61296001,0
61298000,0
61300001,0
61302000,0
61304000,0
61306001,0
61308000,0
61310000,0
61312001,0
61314000,0
61316000,0
61318000,0
61320000,0
61322000,0
61324000,0
61326000,0
61328000,0
61330000,0
61332000,0
61334001,0
61336000,0
61338000,0
61340001,0
61342000,0
61344000,0
61346001,0
61348000,0
61350000,0
61352001,0
61354000,0
61356000,0
61358000,0
61360001,0
61362000,0
61364001,0
61366000,0
61368000,0
61370000,0
61372000,0
61374000,0
61376000,0
61378001,0
61380000,0
61382000,0
61384000,0
61386000,0
61388000,0
61390001,0
61392000,0
61394000,0
61396000,0
61398001,0
61400000,0
61402000,0
61404000,0
61406000,0
61408000,0
61410000,0
61412001,0
61414000,0
61416000,0
61418000,0
61420000,0
61422000,0
61424000,0
61426000,0
61428000,0
61430000,0
61432000,0
61434001,0
61436000,0
61438000,0
61440000,0
61442000,0
61444000,0
61446001,0
61448000,0
61450000,0
61452001,0
61454001,0
61456000,0
61458000,0
61460001,0
61462000,0
61464000,0
61466000,0
61468001,0
61470001,0
61472001,0
61474000,0
61476000,0
61478000,0
61480001,0
61482000,0
61484000,0
61486000,0
61488000,0
61490000,0
61492001,0
61494000,0
61496000,0
61498000,0
61500000,0
61502001,0
61504000,0
61506000,0
61508000,0
61510000,0
61512000,0
61514001,0
61516000,0
61518000,0
61520000,0
61522000,0
61524001,0
61526000,0
61528000,0
61530000,0
61532000,0
61534000,0
61536001,0
61538000,0
61540000,0
61542000,0
61544001,0
61546000,0
61548000,0
61550000,0
61552001,0
61554000,0
61556000,0
61558000,0
61560000,0
61562000,0
61564000,0
61566000,0
61568000,0
61570000,0
61572001,0
61574000,0
61576000,0
61578000,0
61580001,0
61582000,0
61584001,0
61586001,0
61588000,0
61590000,0
61592000,0
61594001,0
61596001,0
61598001,0
61600000,0
61602000,0
61604000,0
61606000,0
61608000,0
61610000,0
61612000,0
61614001,0
61616001,0
61618000,0
61620001,0
61622001,0
61624000,0
61626001,0
61628000,0
61630001,0
61632000,0
61634000,0
61636001,0
61638000,0
61640000,0
61642001,0
61644001,0
61646001,0
61648001,0
61650000,0
61652000,0
61654000,0
61656001,0
61658000,0
61660001,0
61662000,0
61664001,0
61666001,0
61668000,0
61670000,0
61672001,0
61674000,0
61676000,0
61678000,0
61680000,0
61682000,0
61684000,0
61686001,0
61688000,0
61690001,0
61692000,0
61694000,0
61696001,0
61698000,0
61700001,0
61702000,0
61704001,0
61706001,0
61708000,0
61710000,0
61712001,0
61714000,0
61716001,0
61718000,0
61720000,0
61722000,0
61724001,0
61726000,0
61728000,0
61730001,0
61732000,0
61734000,0
61736001,0
61738001,0
61740000,0
61742001,0
61744000,0
61746001,0
61748000,0
61750001,0
61752000,0
61754000,0
61756001,0
61758000,0
61760001,0
61762000,0
61764000,0
61766000,0
61768000,0
61770000,0
61772000,0
61774000,0
61776000,0
61778000,0
61780000,0
61782000,0
61784000,0
61786001,0
61788000,0
61790000,0
61792000,0
61794000,0
61796001,0
61798000,0
61800000,0
61802000,0
61804000,0
61806001,0
61808000,0
61810000,0
61812001,0
61814001,0
61816000,0
61818000,0
61820000,0
61822000,0
61824000,0
61826001,0
61828000,0
61830001,0
61832000,0
61834000,0
61836000,0
61838000,0
61840001,0
61842001,0
61844000,0
61846001,0
61848001,0
61850000,0
61852000,0
61854000,0
61856001,0
61858000,0
61860001,0
61862000,0
61864000,0
61866000,0
61868001,0
61870000,0
61872000,0
61874000,0
61876000,0
61878001,0
61880001,0
61882000,0
61884000,0
61886000,0
61888001,0
61890000,0
61892000,0
61894001,0
61896000,0
61898000,0
61900001,0
61902000,0
61904000,0
61906001,0
61908000,0
61910000,0
61912001,0
61914000,0
61916001,0
61918000,0
61920001,0
61922001,0
61924000,0
61926000,0
61928000,0
61930001,0
61932000,0
61934001,0
61936000,0
61938001,0
61940000,0
61942001,0
61944000,0
61946000,0
61948000,0
61950000,0
61952001,0
61954000,0
61956000,0
61958000,0
61960000,0
61962000,0
61964000,0
61966000,0
61968000,0
61970001,0
61972000,0
61974001,0
61976000,0
61978001,0
61980000,0
61982001,0
61984000,0
61986001,0
61988001,0
61990000,0
61992000,0
61994000,0
61996000,0
61998000,0
62000001,0
62002000,0
62004001,0
62006001,0
62008000,0
62010000,0
62012000,0
62014000,0
62016000,0
62018000,0
62020001,0
62022001,0
62024000,0
62026000,0
62028001,0
62030000,0
62032000,0
62034000,0
62036000,0
62038000,0
62040000,0
62042000,0
62044000,0
62046000,0
62048000,0
62050000,0
62052000,0
62054000,0
62056000,0
62058000,0
62060001,0
62062000,0
62064000,0
62066000,0
62068001,0
62070000,0
62072000,0
62074000,0
62076000,0
62078000,0
62080001,0
62082000,0
62084000,0
62086000,0
62088000,0
62090000,0
62092000,0
62094001,0
62096001,0
62098000,0
62100001,0
62102000,0
62104000,0
62106001,0
62108000,0
62110000,0
62112000,0
62114000,0
62116000,0
62118000,0
62120000,0
62122001,0
62124000,0
62126000,0
62128001,0
62130000,0
62132001,0
62134000,0
62136001,0
62138000,0
62140000,0
62142000,0
62144000,0
62146000,0
62148000,0
62150000,0
62152000,0
62154001,0
62156000,0
62158000,0
62160001,0
62162000,0
62164000,0
62166000,0
62168000,0
62170001,0
62172000,0
62174000,0
62176000,0
62178001,0
62180001,0
62182000,0
62184001,0
62186000,0
62188000,0
62190000,0
62192001,0
62194001,0
62196000,0
62198000,0
62200000,0
62202000,0
62204000,0
62206000,0
62208001,0
62210000,0
62212000,0
62214000,0
62216000,0
62218000,0
62220000,0
62222001,0
62224000,0
62226000,0
62228000,0
62230000,0
62232000,0
62234000,0
62236001,0
62238000,0
62240001,0
62242000,0
62244000,0
62246001,0
62248000,0
62250000,0
62252000,0
62254000,0
62256000,0
62258000,0
62260000,0
62262000,0
62264000,0
62266001,0
62268000,0
62270000,0
62272000,0
62274000,0
62276001,0
62278001,0
62280000,0
62282000,0
62284000,0
62286000,0
62288001,0
62290001,0
62292001,0
62294000,0
62296000,0
62298001,0
62300000,0
62302001,0
62304000,0
62306000,0
62308000,0
62310000,0
62312000,0
62314000,0
62316001,0
62318000,0
62320000,0
62322000,0
62324000,0
62326000,0
62328000,0
62330000,0
62332001,0
62334000,0
62336001,0
62338000,0
62340001,0
62342000,0
62344001,0
62346000,0
62348000,0
62350000,0
62352000,0
62354000,0
62356000,0
62358001,0
62360000,0
62362000,0
62364000,0
62366001,0
62368000,0
62370000,0
62372000,0
62374000,0
62376001,0
62378000,0
62380000,0
62382000,0
62384000,0
62386001,0
62388000,0
62390000,0
62392000,0
62394001,0
62396000,0
62398001,0
62400000,0
62402001,0
62404001,0
62406001,0
62408000,0
62410000,0
62412000,0
62414000,0
62416001,0
62418000,0
62420000,0
62422000,0
62424000,0
62426000,0
62428000,0
62430000,0
62432000,0
62434000,0
62436000,0
62438000,0
62440001,0
62442000,0
62444000,0
62446001,0
62448000,0
62450001,0
62452000,0
62454000,0
62456000,0
62458000,0
62460000,0
62462000,0
62464001,0
62466000,0
62468001,0
62470000,0
62472001,0
62474000,0
62476000,0
62478000,0
62480001,0
62482001,0
62484001,0
62486000,0
62488000,0
62490000,0
62492000,0
62494001,0
62496000,0
62498000,0
62500000,0
62502000,0
62504001,0
62506000,0
62508000,0
62510000,0
62512001,0
62514000,0
62516000,0
62518001,0
62520001,0
62522000,0
62524000,0
62526000,0
62528000,0
62530000,0
62532001,0
62534001,0
62536001,0
62538000,0
62540000,0
62542000,0
62544000,0
62546000,0
62548000,0
62550000,0
62552000,0
62554001,0
62556000,0
62558000,0
62560000,0
62562000,0
62564001,0
62566000,0
62568001,0
62570000,0
62572000,0
62574000,0
62576000,0
62578000,0
62580000,0
62582001,0
62584000,0
62586001,0
62588000,0
62590000,0
62592000,0
62594000,0
62596000,0
62598000,0
62600001,0
62602000,0
62604000,0
62606001,0
62608000,0
62610000,0
62612000,0
62614000,0
62616000,0
62618000,0
62620000,0
62622000,0
62624000,0
62626001,0
62628000,0
62630000,0
62632001,0
62634001,0
62636000,0
62638000,0
62640001,0
62642000,0
62644000,0
62646001,0
62648000,0
62650000,0
62652001,0
62654000,0
62656000,0
62658000,0
62660000,0
62662001,0
62664000,0
62666000,0
62668001,0
62670000,0
62672001,0
62674001,0
62676000,0
62678000,0
62680000,0
62682001,0
62684000,0
62686000,0
62688000,0
62690000,0
62692001,0
62694000,0
62696001,0
62698000,0
62700000,0
62702000,0
62704000,0
62706001,0
62708000,0
62710001,0
62712001,0
62714001,0
62716000,0
62718000,0
62720000,0
62722001,0
62724000,0
62726001,0
62728000,0
62730001,0
62732000,0
62734001,0
62736000,0
62738000,0
62740000,0
62742000,0
62744000,0
62746000,0
62748000,0
62750001,0
62752001,0
62754000,0
62756000,0
62758001,0
62760000,0
62762000,0
62764001,0
62766000,0
62768000,0
62770001,0
62772000,0
62774001,0
62776001,0
62778000,0
62780000,0
62782001,0
62784000,0
62786001,0
62788000,0
62790000,0
62792001,0
62794001,0
62796000,0
62798001,0
62800000,0
62802001,0
62804001,0
62806000,0
62808000,0
62810000,0
62812000,0
62814000,0
62816000,0
62818000,0
62820000,0
62822001,0
62824000,0
62826000,0
62828001,0
62830000,0
62832000,0
62834001,0
62836000,0
62838001,0
62840000,0
62842001,0
62844000,0
62846000,0
62848001,0
62850000,0
62852000,0
62854001,0
62856000,0
62858000,0
62860000,0
62862000,0
62864000,0
62866000,0
62868000,0
62870000,0
62872001,0
62874000,0
62876000,0
62878000,0
62880000,0
62882000,0
62884000,0
62886001,0
62888000,0
62890001,0
62892000,0
62894000,0
62896001,0
62898000,0
62900000,0
62902000,0
62904001,0
62906000,0
62908000,0
62910000,0
62912000,0
62914000,0
62916001,0
62918001,0
62920000,0
62922000,0
62924000,0
62926000,0
62928000,0
62930000,0
62932000,0
62934000,0
62936001,0
62938001,0
62940000,0
62942001,0
62944000,0
62946001,0
62948000,0
62950000,0
62952000,0
62954000,0
62956000,0
62958001,0
62960000,0
62962001,0
62964000,0
62966000,0
62968000,0
62970001,0
62972000,0
62974001,0
62976000,0
62978000,0
62980001,0
62982000,0
62984000,0
62986000,0
62988000,0
62990000,0
62992000,0
62994000,0
62996000,0
62998001,0
63000000,0
63002000,0
63004000,0
63006000,0
63008001,0
63010000,0
63012001,0
63014000,0
63016001,0
63018000,0
63020001,0
63022001,0
63024001,0
63026000,0
63028001,0
63030000,0
63032001,0
63034001,0
63036000,0
63038001,0
63040000,0
63042001,0
63044000,0
63046000,0
63048000,0
63050001,0
63052000,0
63054000,0
63056000,0
63058001,0
63060000,0
63062001,0
63064000,0
63066000,0
63068001,0
63070001,0
63072000,0
63074000,0
63076001,0
63078000,0
63080000,0
63082001,0
63084001,0
63086001,0
63088000,0
63090001,0
63092000,0
63094001,0
63096000,0
63098001,0
63100000,0
63102000,0
63104000,0
63106000,0
63108000,0
63110000,0
63112000,0
63114000,0
63116001,0
63118000,0
63120001,0
63122000,0
63124000,0
63126000,0
63128000,0
63130000,0
63132000,0
63134000,0
63136000,0
63138000,0
63140000,0
63142000,0
63144000,0
63146000,0
63148000,0
63150001,0
63152000,0
63154000,0
63156000,0
63158000,0
63160001,0
63162000,0
63164000,0
63166000,0
63168000,0
63170000,0
63172000,0
63174001,0
63176000,0
63178000,0
63180001,0
63182001,0
63184001,0
63186000,0
63188000,0
63190000,0
63192000,0
63194000,0
63196001,0
63198000,0
63200001,0
63202001,0
63204000,0
63206000,0
63208001,0
63210000,0
63212000,0
63214000,0
63216001,0
63218000,0
63220000,0
63222000,0
63224000,0
63226000,0
63228000,0
63230001,0
63232000,0
63234000,0
63236000,0
63238000,0
63240000,0
63242000,0
63244000,0
63246000,0
63248000,0
63250000,0
63252001,0
63254001,0
63256000,0
63258001,0
63260001,0
63262000,0
63264001,0
63266001,0
63268000,0
63270000,0
63272000,0
63274000,0
63276000,0
63278001,0
63280000,0
63282000,0
63284000,0
63286000,0
63288000,0
63290001,0
63292000,0
63294000,0
63296001,0
63298000,0
63300001,0
63302000,0
63304000,0
63306000,0
63308000,0
63310000,0
63312000,0
63314000,0
63316000,0
63318000,0
63320000,0
63322001,0
63324000,0
63326000,0
63328001,0
63330001,0
63332000,0
63334000,0
63336000,0
63338000,0
63340000,0
63342000,0
63344000,0
63346000,0
63348000,0
63350001,0
63352001,0
63354001,0
63356001,0
63358000,0
63360000,0
63362000,0
63364000,0
63366000,0
63368000,0
63370000,0
63372000,0
63374000,0
63376000,0
63378001,0
63380000,0
63382000,0
63384000,0
63386000,0
63388001,0
63390001,0
63392000,0
63394001,0
63396000,0
63398001,0
63400001,0
63402000,0
63404000,0
63406000,0
63408001,0
63410000,0
63412001,0
63414001,0
63416000,0
63418000,0
63420000,0
63422000,0
63424001,0
63426000,0
63428001,0
63430001,0
63432000,0
63434000,0
63436000,0
63438000,0
63440001,0
63442000,0
63444001,0
63446000,0
63448000,0
63450000,0
63452000,0
63454000,0
63456001,0
63458000,0
63460001,0
63462000,0
63464000,0
63466000,0
63468000,0
63470000,0
63472000,0
63474001,0
63476000,0
63478000,0
63480001,0
63482000,0
63484001,0
63486000,0
63488001,0
63490000,0
63492000,0
63494001,0
63496000,0
63498001,0
63500000,0
63502000,0
63504001,0
63506000,0
63508000,0
63510000,0
63512000,0
63514000,0
63516001,0
63518000,0
63520000,0
63522001,0
63524000,0
63526000,0
63528000,0
63530000,0
63532001,0
63534000,0
63536000,0
63538000,0
63540000,0
63542000,0
63544001,0
63546000,0
63548000,0
63550000,0
63552000,0
63554001,0
63556000,0
63558000,0
63560000,0
63562001,0
63564000,0
63566001,0
63568000,0
63570000,0
63572000,0
63574000,0
63576000,0
63578000,0
63580000,0
63582000,0
63584000,0
63586001,0
63588001,0
63590000,0
63592000,0
63594000,0
63596000,0
63598000,0
63600000,0
63602001,0
63604000,0
63606000,0
63608001,0
63610000,0
63612000,0
63614001,0
63616000,0
63618001,0
63620000,0
63622000,0
63624000,0
63626001,0
63628000,0
63630000,0
63632001,0
63634001,0
63636000,0
63638000,0
63640000,0
63642001,0
63644000,0
63646001,0
63648000,0
63650001,0
63652001,0
63654001,0
63656000,0
63658001,0
63660000,0
63662001,0
63664000,0
63666000,0
63668001,0
63670000,0
63672000,0
63674000,0
63676000,0
63678000,0
63680000,0
63682001,0
63684001,0
63686000,0
63688000,0
63690000,0
63692000,0
63694000,0
63696000,0
63698001,0
63700000,0
63702001,0
63704000,0
63706000,0
63708000,0
63710001,0
63712000,0
63714000,0
63716001,0
63718000,0
63720000,0
63722001,0
63724000,0
63726000,0
63728000,0
63730001,0
63732001,0
63734000,0
63736000,0
63738000,0
63740001,0
63742000,0
63744000,0
63746000,0
63748000,0
63750001,0
63752000,0
63754000,0
63756001,0
63758000,0
63760001,0
63762000,0
63764000,0
63766000,0
63768000,0
63770000,0
63772000,0
63774000,0
63776000,0
63778000,0
63780000,0
63782000,0
63784000,0
63786000,0
63788001,0
63790000,0
63792001,0
63794000,0
63796000,0
63798001,0
63800000,0
63802001,0
63804000,0
63806001,0
63808001,0
63810001,0
63812000,0
63814000,0
63816000,0
63818000,0
63820000,0
63822000,0
63824000,0
63826000,0
63828000,0
63830000,0
63832001,0
63834000,0
63836001,0
63838001,0
63840000,0
63842000,0
63844000,0
63846001,0
63848000,0
63850001,0
63852000,0
63854000,0
63856000,0
63858000,0
63860000,0
63862001,0
63864000,0
63866000,0
63868001,0
63870000,0
63872001,0
63874000,0
63876001,0
63878000,0
63880001,0
63882001,0
63884000,0
63886001,0
63888000,0
63890001,0
63892001,0
63894001,0
63896000,0
63898000,0
63900000,0
63902000,0
63904000,0
63906000,0
63908000,0
63910000,0
63912000,0
63914001,0
63916000,0
63918000,0
63920000,0
63922000,0
63924000,0
63926001,0
63928001,0
63930001,0
63932000,0
63934000,0
63936000,0
63938000,0
63940001,0
63942000,0
63944000,0
63946001,0
63948001,0
63950000,0
63952000,0
63954000,0
63956000,0
63958001,0
63960000,0
63962001,0
63964000,0
63966000,0
63968000,0
63970000,0
63972001,0
63974001,0
63976000,0
63978000,0
63980000,0
63982001,0
63984000,0
63986000,0
63988000,0
63990000,0
63992001,0
63994000,0
63996000,0
63998000,0
64000001,0
64002000,0
64004001,0
64006000,0
64008001,0
64010000,0
64012000,0
64014000,0
64016000,0
64018000,0
64020000,0
64022000,0
64024000,0
64026001,0
64028000,0
64030001,0
64032001,0
64034000,0
64036000,0
64038001,0
64040001,0
64042000,0
64044001,0
64046000,0
64048001,0
64050000,0
64052000,0
64054000,0
64056000,0
64058001,0
64060000,0
64062001,0
64064001,0
64066000,0
64068001,0
64070000,0
64072001,0
64074001,0
64076000,0
64078000,0
64080001,0
64082000,0
64084000,0
64086000,0
64088000,0
64090001,0
64092000,0
64094000,0
64096000,0
64098000,0
64100000,0
64102001,0
64104000,0
64106000,0
64108001,0
64110000,0
64112000,0
64114000,0
64116000,0
64118000,0
64120001,0
64122000,0
64124000,0
64126000,0
64128000,0
64130001,0
64132001,0
64134000,0
64136000,0
64138001,0
64140000,0
64142000,0
64144000,0
64146000,0
64148000,0
64150000,0
64152000,0
64154000,0
64156001,0
64158000,0
64160000,0
64162000,0
64164001,0
64166000,0
64168000,0
64170000,0
64172000,0
64174000,0
64176000,0
64178001,0
64180001,0
64182000,0
64184001,0
64186000,0
64188000,0
64190000,0
64192000,0
64194001,0
64196000,0
64198000,0
64200001,0
64202000,0
64204001,0
64206000,0
64208000,0
64210001,0
64212000,0
64214001,0
64216000,0
64218000,0
64220001,0
64222000,0
64224000,0
64226000,0
64228000,0
64230000,0
64232001,0
64234000,0
64236001,0
64238000,0
64240000,0
64242000,0
64244000,0
64246000,0
64248000,0
64250001,0
64252001,0
64254001,0
64256001,0
64258001,0
64260000,0
64262000,0
64264001,0
64266000,0
64268001,0
64270000,0
64272000,0
64274000,0
64276001,0
64278000,0
64280001,0
64282000,0
64284001,0
64286001,0
64288000,0
64290001,0
64292000,0
64294000,0
64296000,0
64298001,0
64300000,0
64302001,0
64304000,0
64306000,0
64308001,0
64310000,0
64312001,0
64314000,0
64316000,0
64318000,0
64320000,0
64322000,0
64324001,0
64326000,0
64328001,0
64330000,0
64332000,0
64334000,0
64336000,0
64338000,0
64340001,0
64342000,0
64344000,0
64346000,0
64348001,0
64350000,0
64352000,0
64354000,0
64356001,0
64358000,0
64360001,0
64362000,0
64364000,0
64366000,0
64368000,0
64370000,0
64372001,0
64374001,0
64376000,0
64378000,0
64380000,0
64382000,0
64384000,0
64386000,0
64388001,0
64390000,0
64392001,0
64394000,0
64396000,0
64398000,0
64400000,0
64402000,0
64404000,0
64406000,0
64408000,0
64410001,0
64412001,0
64414000,0
64416000,0
64418000,0
64420000,0
64422000,0
64424001,0
64426000,0
64428001,0
64430000,0
64432000,0
64434001,0
64436000,0
64438000,0
64440000,0
64442001,0
64444000,0
64446000,0
64448000,0
64450000,0
64452000,0
64454001,0
64456000,0
64458000,0
64460000,0
64462000,0
64464001,0
64466000,0
64468000,0
64470001,0
64472000,0
64474001,0
64476000,0
64478000,0
64480000,0
64482001,0
64484001,0
64486000,0
64488000,0
64490000,0
64492001,0
64494000,0
64496000,0
64498000,0
64500000,0
64502000,0
64504000,0
64506001,0
64508000,0
64510000,0
64512000,0
64514001,0
64516000,0
64518000,0
64520000,0
64522000,0
64524000,0
64526001,0
64528000,0
64530001,0
64532001,0
64534000,0
64536000,0
64538000,0
64540001,0
64542000,0
64544000,0
64546000,0
64548000,0
64550000,0
64552000,0
64554000,0
64556001,0
64558000,0
64560001,0
64562000,0
64564000,0
64566001,0
64568000,0
64570000,0
64572001,0
64574000,0
64576000,0
64578001,0
64580000,0
64582000,0
64584001,0
64586000,0
64588000,0
64590000,0
64592001,0
64594001,0
64596000,0
64598000,0
64600000,0
64602000,0
64604001,0
64606000,0
64608001,0
64610000,0
64612000,0
64614001,0
64616000,0
64618000,0
64620000,0
64622000,0
64624001,0
64626000,0
64628000,0
64630000,0
64632000,0
64634000,0
64636000,0
64638000,0
64640000,0
64642000,0
64644000,0
64646000,0
64648000,0
64650001,0
64652000,0
64654001,0
64656001,0
64658000,0
64660001,0
64662000,0
64664000,0
64666001,0
64668000,0
64670000,0
64672001,0
64674001,0
64676001,0
64678000,0
64680001,0
64682000,0
64684000,0
64686001,0
64688000,0
64690001,0
64692000,0
64694000,0
64696000,0
64698000,0
64700000,0
64702000,0
64704000,0
64706000,0
64708000,0
64710001,0
64712000,0
64714000,0
64716000,0
64718000,0
64720001,0
64722000,0
64724000,0
64726001,0
64728000,0
64730000,0
64732000,0
64734000,0
64736000,0
64738000,0
64740001,0
64742000,0
64744000,0
64746000,0
64748000,0
64750000,0
64752001,0
64754000,0
64756000,0
64758000,0
64760000,0
64762000,0
64764001,0
64766001,0
64768000,0
64770000,0
64772000,0
64774000,0
64776000,0
64778001,0
64780000,0
64782001,0
64784000,0
64786000,0
64788000,0
64790000,0
64792000,0
64794001,0
64796001,0
64798000,0
64800000,0
64802001,0
64804000,0
64806000,0
64808001,0
64810001,0
64812000,0
64814001,0
64816000,0
64818000,0
64820000,0
64822000,0
64824001,0
64826000,0
64828001,0
64830000,0
64832000,0
64834001,0
64836000,0
64838001,0
64840000,0
64842001,0
64844000,0
64846000,0
64848001,0
64850000,0
64852001,0
64854001,0
64856000,0
64858001,0
64860000,0
64862000,0
64864001,0
64866000,0
64868001,0
64870000,0
64872001,0
64874000,0
64876000,0
64878000,0
64880000,0
64882001,0
64884000,0
64886000,0
64888000,0
64890000,0
64892000,0
64894001,0
64896000,0
64898001,0
64900000,0
64902000,0
64904000,0
64906001,0
64908001,0
64910001,0
64912000,0
64914000,0
64916000,0
64918000,0
64920000,0
64922000,0
64924001,0
64926000,0
64928000,0
64930000,0
64932001,0
64934000,0
64936001,0
64938001,0
64940001,0
64942000,0
64944001,0
64946001,0
64948000,0
64950000,0
64952000,0
64954000,0
64956000,0
64958001,0
64960000,0
64962001,0
64964000,0
64966000,0
64968001,0
64970000,0
64972000,0
64974000,0
64976001,0
64978000,0
64980001,0
64982000,0
64984001,0
64986000,0
64988000,0
64990000,0
64992001,0
64994000,0
64996001,0
64998001,0
65000000,0
65002001,0
65004000,0
65006000,0
65008001,0
65010000,0
65012000,0
65014001,0
65016000,0
65018000,0
65020000,0
65022000,0
65024000,0
65026000,0
65028000,0
65030000,0
65032001,0
65034000,0
65036001,0
65038000,0
65040000,0
65042000,0
65044000,0
65046001,0
65048001,0
65050000,0
65052000,0
65054001,0
65056000,0
65058000,0
65060000,0
65062000,0
65064001,0
65066000,0
65068000,0
65070001,0
65072000,0
65074000,0
65076000,0
65078000,0
65080000,0
65082001,0
65084000,0
65086000,0
65088001,0
65090000,0
65092000,0
65094001,0
65096000,0
65098001,0
65100000,0
65102000,0
65104001,0
65106001,0
65108000,0
65110001,0
65112001,0
65114000,0
65116000,0
65118000,0
65120001,0
65122000,0
65124000,0
65126000,0
65128001,0
65130000,0
65132000,0
65134001,0
65136000,0
65138000,0
65140000,0
65142000,0
65144000,0
65146000,0
65148000,0
65150000,0
65152001,0
65154000,0
65156000,0
65158001,0
65160000,0
65162001,0
65164000,0
65166001,0
65168000,0
65170001,0
65172001,0
65174000,0
65176001,0
65178000,0
65180001,0
65182000,0
65184001,0
65186000,0
65188000,0
65190001,0
65192000,0
65194000,0
65196001,0
65198000,0
65200001,0
65202000,0
65204000,0
65206001,0
65208001,0
65210000,0
65212000,0
65214000,0
65216001,0
65218000,0
65220000,0
65222000,0
65224000,0
65226000,0
65228000,0
65230000,0
65232000,0
65234001,0
65236000,0
65238000,0
65240000,0
65242000,0
65244000,0
65246000,0
65248000,0
65250000,0
65252000,0
65254001,0
65256000,0
65258001,0
65260000,0
65262001,0
65264000,0
65266000,0
65268001,0
65270000,0
65272000,0
65274000,0
65276000,0
65278000,0
65280000,0
65282000,0
65284000,0
65286001,0
65288000,0
65290000,0
65292000,0
65294001,0
65296001,0
65298000,0
65300000,0
65302001,0
65304000,0
65306000,0
65308001,0
65310001,0
65312000,0
65314001,0
65316000,0
65318001,0
65320000,0
65322001,0
65324000,0
65326001,0
65328000,0
65330001,0
65332000,0
65334000,0
65336000,0
65338001,0
65340000,0
65342001,0
65344000,0
65346001,0
65348001,0
65350000,0
65352001,0
65354000,0
65356001,0
65358001,0
65360001,0
65362001,0
65364000,0
65366000,0
65368000,0
65370001,0
65372000,0
65374001,0
65376001,0
65378000,0
65380001,0
65382001,0
65384000,0
65386000,0
65388000,0
65390001,0
65392000,0
65394001,0
65396000,0
65398000,0
65400000,0
65402000,0
65404000,0
65406000,0
65408000,0
65410000,0
65412000,0
65414000,0
65416001,0
65418000,0
65420001,0
65422000,0
65424001,0
65426001,0
65428001,0
65430000,0
65432000,0
65434000,0
65436000,0
65438001,0
65440000,0
65442000,0
65444000,0
65446000,0
65448001,0
65450000,0
65452000,0
65454001,0
65456001,0
65458001,0
65460000,0
65462001,0
65464000,0
65466000,0
65468000,0
65470000,0
65472000,0
65474000,0
65476001,0
65478000,0
65480000,0
65482000,0
65484001,0
65486001,0
65488000,0
65490000,0
65492001,0
65494000,0
65496001,0
65498000,0
65500001,0
65502000,0
65504000,0
65506000,0
65508001,0
65510000,0
65512001,0
65514000,0
65516001,0
65518000,0
65520001,0
65522001,0
65524000,0
65526001,0
65528000,0
65530000,0
65532000,0
65534001,0
65536000,0
65538000,0
65540000,0
65542000,0
65544000,0
65546000,0
65548000,0
65550001,0
65552001,0
65554000,0
65556000,0
65558000,0
65560000,0
65562000,0
65564001,0
65566000,0
65568000,0
65570000,0
65572001,0
65574000,0
65576001,0
65578000,0
65580000,0
65582000,0
65584000,0
65586000,0
65588000,0
65590001,0
65592000,0
65594001,0
65596001,0
65598000,0
65600000,0
65602001,0
65604001,0
65606000,0
65608000,0
65610001,0
65612001,0
65614000,0
65616000,0
65618001,0
65620001,0
65622001,0
65624000,0
65626000,0
65628000,0
65630000,0
65632000,0
65634001,0
65636000,0
65638000,0
65640000,0
65642000,0
65644001,0
65646000,0
65648001,0
65650000,0
65652000,0
65654000,0
65656001,0
65658001,0
65660000,0
65662000,0
65664000,0
65666000,0
65668001,0
65670000,0
65672001,0
65674001,0
65676000,0
65678000,0
65680000,0
65682000,0
65684000,0
65686000,0
65688001,0
65690000,0
65692000,0
65694001,0
65696000,0
65698001,0
65700000,0
65702001,0
65704000,0
65706000,0
65708001,0
65710000,0
65712001,0
65714000,0
65716000,0
65718000,0
65720000,0
65722000,0
65724000,0
65726001,0
65728000,0
65730000,0
65732000,0
65734000,0
65736000,0
65738001,0
65740000,0
65742000,0
65744000,0
65746000,0
65748001,0
65750000,0
65752000,0
65754000,0
65756001,0
65758000,0
65760000,0
65762000,0
65764000,0
65766001,0
65768001,0
65770000,0
65772000,0
65774001,0
65776000,0
65778000,0
65780000,0
65782000,0
65784000,0
65786000,0
65788000,0
65790001,0
65792000,0
65794000,0
65796000,0
65798000,0
65800001,0
65802000,0
65804000,0
65806000,0
65808001,0
65810000,0
65812000,0
65814000,0
65816000,0
65818000,0
65820000,0
65822000,0
65824001,0
65826000,0
65828000,0
65830000,0
65832000,0
65834000,0
65836000,0
65838001,0
65840000,0
65842000,0
65844000,0
65846000,0
65848000,0
65850001,0
65852000,0
65854000,0
65856001,0
65858000,0
65860001,0
65862000,0
65864001,0
65866000,0
65868001,0
65870000,0
65872001,0
65874000,0
65876001,0
65878000,0
65880000,0
65882000,0
65884001,0
65886000,0
65888000,0
65890000,0
65892001,0
65894001,0
65896001,0
65898000,0
65900000,0
65902001,0
65904000,0
65906000,0
65908000,0
65910000,0
65912000,0
65914001,0
65916000,0
65918000,0
65920001,0
65922000,0
65924000,0
65926000,0
65928000,0
65930000,0
65932000,0
65934000,0
65936000,0
65938000,0
65940001,0
65942000,0
65944000,0
65946000,0
65948001,0
65950001,0
65952000,0
65954001,0
65956000,0
65958000,0
65960000,0
65962000,0
65964000,0
65966000,0
65968000,0
65970001,0
65972000,0
65974000,0
65976000,0
65978001,0
65980001,0
65982000,0
65984001,0
65986000,0
65988000,0
65990000,0
65992000,0
65994001,0
65996001,0
65998001,0
66000000,0
66002000,0
66004000,0
66006001,0
66008000,0
66010000,0
66012001,0
66014000,0
66016000,0
66018000,0
66020000,0
66022001,0
66024000,0
66026000,0
66028001,0
66030001,0
66032000,0
66034000,0
66036000,0
66038000,0
66040000,0
66042001,0
66044000,0
66046000,0
66048000,0
66050000,0
66052000,0
66054000,0
66056000,0
66058000,0
66060001,0
66062000,0
66064001,0
66066001,0
66068000,0
66070000,0
66072000,0
66074000,0
66076000,0
66078001,0
66080001,0
66082000,0
66084000,0
66086001,0
66088001,0
66090001,0
66092000,0
66094000,0
66096000,0
66098000,0
66100000,0
66102000,0
66104000,0
66106001,0
66108000,0
66110000,0
66112000,0
66114000,0
66116000,0
66118001,0
66120000,0
66122000,0
66124000,0
66126001,0
66128000,0
66130001,0
66132000,0
66134001,0
66136000,0
66138001,0
66140000,0
66142000,0
66144000,0
66146000,0
66148001,0
66150000,0
66152001,0
66154001,0
66156000,0
66158001,0
66160000,0
66162000,0
66164000,0
66166001,0
66168000,0
66170000,0
66172000,0
66174001,0
66176000,0
66178001,0
66180000,0
66182000,0
66184001,0
66186000,0
66188000,0
66190000,0
66192000,0
66194001,0
66196000,0
66198000,0
66200000,0
66202000,0
66204000,0
66206001,0
66208000,0
66210000,0
66212001,0
66214000,0
66216001,0
66218000,0
66220000,0
66222000,0
66224000,0
66226001,0
66228000,0
66230000,0
66232000,0
66234001,0
66236000,0
66238000,0
66240000,0
66242000,0
66244001,0
66246000,0
66248001,0
66250001,0
66252001,0
66254000,0
66256000,0
66258001,0
66260000,0
66262000,0
66264000,0
66266000,0
66268000,0
66270000,0
66272000,0
66274000,0
66276000,0
66278000,0
66280000,0
66282000,0
66284000,0
66286001,0
66288000,0
66290000,0
66292000,0
66294001,0
66296000,0
66298000,0
66300000,0
66302001,0
66304000,0
66306000,0
66308000,0
66310000,0
66312001,0
66314000,0
66316000,0
66318001,0
66320000,0
66322000,0
66324000,0
66326000,0
66328000,0
66330000,0
66332000,0
66334000,0
66336000,0
66338000,0
66340000,0
66342000,0
66344001,0
66346000,0
66348001,0
66350000,0
66352000,0
66354000,0
66356000,0
66358000,0
66360000,0
66362001,0
66364000,0
66366001,0
66368001,0
66370001,0
66372001,0
66374001,0
66376000,0
66378000,0
66380001,0
66382000,0
66384000,0
66386000,0
66388001,0
66390000,0
66392000,0
66394000,0
66396001,0
66398000,0
66400000,0
66402001,0
66404001,0
66406000,0
66408001,0
66410000,0
66412001,0
66414000,0
66416000,0
66418001,0
66420000,0
66422000,0
66424000,0
66426001,0
66428000,0
66430001,0
66432001,0
66434000,0
66436001,0
66438000,0
66440000,0
66442001,0
66444000,0
66446000,0
66448000,0
66450000,0
66452000,0
66454000,0
66456000,0
66458000,0
66460000,0
66462000,0
66464000,0
66466000,0
66468001,0
66470001,0
66472000,0
66474000,0
66476000,0
66478001,0
66480001,0
66482000,0
66484000,0
66486000,0
66488000,0
66490000,0
66492001,0
66494000,0
66496001,0
66498000,0
66500001,0
66502000,0
66504001,0
66506000,0
66508001,0
66510000,0
66512001,0
66514001,0
66516000,0
66518000,0
66520000,0
66522001,0
66524000,0
66526000,0
66528001,0
66530000,0
66532001,0
66534000,0
66536000,0
66538001,0
66540000,0
66542001,0
66544001,0
66546000,0
66548000,0
66550001,0
66552000,0
66554000,0
66556000,0
66558000,0
66560000,0
66562000,0
66564000,0
66566000,0
66568000,0
66570001,0
66572000,0
66574001,0
66576000,0
66578000,0
66580001,0
66582000,0
66584000,0
66586000,0
66588000,0
66590001,0
66592000,0
66594001,0
66596000,0
66598000,0
66600000,0
66602000,0
66604000,0
66606000,0
66608001,0
66610000,0
66612001,0
66614000,0
66616000,0
66618001,0
66620001,0
66622001,0
66624000,0
66626001,0
66628000,0
66630001,0
66632001,0
66634000,0
66636001,0
66638000,0
66640001,0
66642000,0
66644001,0
66646000,0
66648000,0
66650000,0
66652000,0
66654000,0
66656001,0
66658000,0
66660000,0
66662000,0
66664000,0
66666000,0
66668001,0
66670000,0
66672000,0
66674001,0
66676000,0
66678000,0
66680000,0
66682000,0
66684001,0
66686001,0
66688000,0
66690000,0
66692000,0
66694000,0
66696000,0
66698000,0
66700000,0
66702000,0
66704000,0
66706000,0
66708000,0
66710000,0
66712001,0
66714000,0
66716000,0
66718001,0
66720000,0
66722000,0
66724001,0
66726000,0
66728000,0
66730000,0
66732000,0
66734000,0
66736000,0
66738000,0
66740000,0
66742000,0
66744000,0
66746000,0
66748001,0
66750000,0
66752000,0
66754000,0
66756001,0
66758001,0
66760000,0
66762000,0
66764000,0
66766000,0
66768000,0
66770000,0
66772000,0
66774000,0
66776001,0
66778000,0
66780000,0
66782000,0
66784000,0
66786001,0
66788001,0
66790000,0
66792000,0
66794001,0
66796001,0
66798000,0
66800000,0
66802001,0
66804000,0
66806000,0
66808001,0
66810001,0
66812000,0
66814001,0
66816001,0
66818000,0
66820001,0
66822000,0
66824001,0
66826000,0
66828001,0
66830001,0
66832000,0
66834001,0
66836000,0
66838000,0
66840000,0
66842001,0
66844001,0
66846001,0
66848000,0
66850000,0
66852000,0
66854000,0
66856000,0
66858000,0
66860001,0
66862000,0
66864001,0
66866000,0
66868000,0
66870000,0
66872001,0
66874000,0
66876001,0
66878000,0
66880000,0
66882000,0
66884000,0
66886000,0
66888000,0
66890000,0
66892000,0
66894000,0
66896001,0
66898001,0
66900000,0
66902000,0
66904000,0
66906001,0
66908000,0
66910000,0
66912001,0
66914000,0
66916001,0
66918000,0
66920000,0
66922000,0
66924000,0
66926000,0
66928000,0
66930000,0
66932000,0
66934000,0
66936001,0
66938000,0
66940001,0
66942001,0
66944000,0
66946001,0
66948000,0
66950000,0
66952000,0
66954001,0
66956000,0
66958001,0
66960000,0
66962000,0
66964000,0
66966000,0
66968000,0
66970000,0
66972000,0
66974001,0
66976000,0
66978001,0
66980000,0
66982000,0
66984001,0
66986000,0
66988001,0
66990001,0
66992001,0
66994000,0
66996001,0
66998000,0
67000001,0
67002001,0
67004001,0
67006000,0
67008001,0
67010000,0
67012001,0
67014000,0
67016000,0
67018000,0
67020001,0
67022000,0
67024001,0
67026000,0
67028000,0
67030001,0
67032000,0
67034001,0
67036000,0
67038000,0
67040001,0
67042000,0
67044001,0
67046000,0
67048001,0
67050000,0
67052000,0
67054001,0
67056000,0
67058000,0
67060000,0
67062001,0
67064001,0
67066000,0
67068000,0
67070001,0
67072000,0
67074000,0
67076000,0
67078000,0
67080001,0
67082000,0
67084001,0
67086000,0
67088000,0
67090000,0
67092000,0
67094001,0
67096000,0
67098001,0
67100000,0
67102001,0
67104000,0
67106000,0
67108001,0
67110000,0
67112000,0
67114000,0
67116000,0
67118001,0
67120000,0
67122001,0
67124000,0
67126001,0
67128000,0
67130001,0
67132001,0
67134000,0
67136001,0
67138000,0
67140000,0
67142000,0
67144001,0
67146001,0
67148000,0
67150000,0
67152000,0
67154001,0
67156000,0
67158000,0
67160000,0
67162001,0
67164000,0
67166000,0
67168000,0
67170001,0
67172000,0
67174001,0
67176000,0
67178000,0
67180000,0
67182001,0
67184000,0
67186000,0
67188000,0
67190001,0
67192000,0
67194001,0
67196000,0
67198000,0
67200000,0
67202000,0
67204000,0
67206000,0
67208001,0
67210001,0
67212000,0
67214001,0
67216000,0
67218001,0
67220000,0
67222000,0
67224000,0
67226001,0
67228000,0
67230000,0
67232001,0
67234000,0
67236001,0
67238001,0
67240000,0
67242000,0
67244001,0
67246000,0
67248001,0
67250000,0
67252001,0
67254000,0
67256000,0
67258000,0
67260000,0
67262000,0
67264001,0
67266000,0
67268000,0
67270001,0
67272001,0
67274000,0
67276000,0
67278000,0
67280000,0
67282000,0
67284000,0
67286000,0
67288000,0
67290000,0
67292000,0
67294001,0
67296000,0
67298000,0
67300001,0
67302000,0
67304001,0
67306000,0
67308000,0
67310001,0
67312001,0
67314000,0
67316001,0
67318001,0
67320001,0
67322001,0
67324000,0
67326000,0
67328000,0
67330001,0
67332001,0
67334000,0
67336000,0
67338000,0
67340001,0
67342000,0
67344001,0
67346000,0
67348000,0
67350000,0
67352000,0
67354001,0
67356000,0
67358001,0
67360000,0
67362000,0
67364001,0
67366000,0
67368000,0
67370000,0
67372000,0
67374000,0
67376000,0
67378001,0
67380000,0
67382001,0
67384001,0
67386001,0
67388000,0
67390000,0
67392001,0
67394000,0
67396000,0
67398000,0
67400000,0
67402000,0
67404001,0
67406000,0
67408001,0
67410000,0
67412000,0
67414000,0
67416001,0
67418001,0
67420001,0
67422000,0
67424001,0
67426001,0
67428000,0
67430001,0
67432000,0
67434000,0
67436000,0
67438000,0
67440000,0
67442000,0
67444000,0
67446000,0
67448000,0
67450000,0
67452000,0
67454000,0
67456000,0
67458000,0
67460001,0
67462000,0
67464000,0
67466001,0
67468000,0
67470000,0
67472000,0
67474000,0
67476001,0
67478000,0
67480000,0
67482001,0
67484000,0
67486001,0
67488000,0
67490000,0
67492000,0
67494000,0
67496000,0
67498001,0
67500001,0
67502000,0
67504001,0
67506001,0
67508001,0
67510000,0
67512000,0
67514001,0
67516000,0
67518001,0
67520001,0
67522000,0
67524001,0
67526000,0
67528001,0
67530000,0
67532000,0
67534000,0
67536000,0
67538000,0
67540001,0
67542000,0
67544000,0
67546001,0
67548000,0
67550000,0
67552000,0
67554000,0
67556001,0
67558001,0
67560000,0
67562000,0
67564000,0
67566000,0
67568000,0
67570000,0
67572000,0
67574000,0
67576000,0
67578001,0
67580000,0
67582000,0
67584001,0
67586000,0
67588000,0
67590000,0
67592000,0
67594000,0
67596000,0
67598001,0
67600000,0
67602001,0
67604000,0
67606000,0
67608001,0
67610000,0
67612001,0
67614000,0
67616000,0
67618000,0
67620001,0
67622000,0
67624000,0
67626000,0
67628000,0
67630001,0
67632001,0
67634000,0
67636001,0
67638000,0
67640000,0
67642000,0
67644001,0
67646000,0
67648001,0
67650000,0
67652000,0
67654000,0
67656000,0
67658001,0
67660000,0
67662000,0
67664000,0
67666000,0
67668000,0
67670000,0
67672001,0
67674000,0
67676000,0
67678001,0
67680000,0
67682001,0
67684000,0
67686001,0
67688000,0
67690001,0
67692001,0
67694001,0
67696000,0
67698001,0
67700000,0
67702001,0
67704001,0
67706000,0
67708000,0
67710000,0
67712000,0
67714000,0
67716000,0
67718000,0
67720001,0
67722000,0
67724001,0
67726000,0
67728001,0
67730000,0
67732000,0
67734000,0
67736001,0
67738000,0
67740000,0
67742001,0
67744000,0
67746000,0
67748000,0
67750001,0
67752000,0
67754000,0
67756001,0
67758000,0
67760001,0
67762000,0
67764000,0
67766000,0
67768000,0
67770001,0
67772001,0
67774001,0
67776001,0
67778000,0
67780000,0
67782000,0
67784000,0
67786001,0
67788001,0
67790000,0
67792000,0
67794000,0
67796000,0
67798000,0
67800000,0
67802000,0
67804000,0
67806000,0
67808001,0
67810000,0
67812000,0
67814000,0
67816000,0
67818001,0
67820000,0
67822000,0
67824001,0
67826000,0
67828000,0
67830000,0
67832001,0
67834000,0
67836000,0
67838000,0
67840001,0
67842000,0
67844000,0
67846000,0
67848000,0
67850000,0
67852000,0
67854001,0
67856001,0
67858001,0
67860001,0
67862000,0
67864000,0
67866000,0
67868001,0
67870000,0
67872000,0
67874001,0
67876000,0
67878000,0
67880001,0
67882001,0
67884000,0
67886000,0
67888001,0
67890000,0
67892001,0
67894000,0
67896000,0
67898001,0
67900000,0
67902000,0
67904000,0
67906000,0
67908000,0
67910001,0
67912000,0
67914000,0
67916000,0
67918000,0
67920000,0
67922000,0
67924000,0
67926000,0
67928001,0
67930000,0
67932000,0
67934000,0
67936000,0
67938000,0
67940001,0
67942000,0
67944000,0
67946001,0
67948000,0
67950000,0
67952001,0
67954000,0
67956001,0
67958000,0
67960000,0
67962000,0
67964000,0
67966000,0
67968000,0
67970000,0
67972000,0
67974000,0
67976000,0
67978000,0
67980000,0
67982000,0
67984000,0
67986001,0
67988000,0
67990000,0
67992000,0
67994001,0
67996001,0
67998001,0
68000000,0
68002000,0
68004000,0
68006001,0
68008001,0
68010000,0
68012000,0
68014000,0
68016000,0
68018000,0
68020000,0
68022000,0
68024000,0
68026001,0
68028001,0
68030000,0
68032000,0
68034000,0
68036000,0
68038000,0
68040001,0
68042001,0
68044000,0
68046000,0
68048000,0
68050000,0
68052000,0
68054000,0
68056000,0
68058001,0
68060000,0
68062000,0
68064001,0
68066000,0
68068000,0
68070000,0
68072001,0
68074000,0
68076000,0
68078001,0
68080001,0
68082000,0
68084000,0
68086001,0
68088000,0
68090000,0
68092000,0
68094000,0
68096001,0
68098000,0
68100001,0
68102000,0
68104001,0
68106001,0
68108001,0
68110000,0
68112000,0
68114000,0
68116000,0
68118001,0
68120001,0
68122001,0
68124000,0
68126001,0
68128000,0
68130000,0
68132001,0
68134000,0
68136000,0
68138000,0
68140000,0
68142000,0
68144001,0
68146001,0
68148000,0
68150001,0
68152001,0
68154000,0
68156000,0
68158000,0
68160000,0
68162001,0
68164001,0
68166001,0
68168000,0
68170000,0
68172000,0
68174000,0
68176001,0
68178000,0
68180000,0
68182000,0
68184000,0
68186000,0
68188000,0
68190001,0
68192000,0
68194000,0
68196000,0
68198001,0
68200001,0
68202000,0
68204000,0
68206000,0
68208001,0
68210000,0
68212000,0
68214000,0
68216000,0
68218000,0
68220001,0
68222001,0
68224001,0
68226001,0
68228001,0
68230001,0
68232001,0
68234000,0
68236001,0
68238000,0
68240001,0
68242000,0
68244001,0
68246001,0
68248000,0
68250001,0
68252000,0
68254000,0
68256000,0
68258000,0
68260001,0
68262000,0
68264000,0
68266000,0
68268000,0
68270000,0
68272001,0
68274000,0
68276000,0
68278000,0
68280000,0
68282001,0
68284001,0
68286000,0
68288001,0
68290000,0
68292000,0
68294000,0
68296000,0
68298001,0
68300000,0
68302000,0
68304000,0
68306001,0
68308001,0
68310000,0
68312000,0
68314001,0
68316000,0
68318000,0
68320000,0
68322001,0
68324001,0
68326001,0
68328000,0
68330001,0
68332000,0
68334000,0
68336001,0
68338000,0
68340000,0
68342000,0
68344000,0
68346000,0
68348001,0
68350000,0
68352001,0
68354000,0
68356000,0
68358001,0
68360000,0
68362000,0
68364000,0
68366000,0
68368000,0
68370000,0
68372000,0
68374000,0
68376000,0
68378001,0
68380000,0
68382000,0
68384000,0
68386000,0
68388000,0
68390000,0
68392000,0
68394000,0
68396000,0
68398000,0
68400000,0
68402000,0
68404000,0
68406000,0
68408000,0
68410001,0
68412000,0
68414000,0
68416000,0
68418000,0
68420001,0
68422000,0
68424001,0
68426000,0
68428001,0
68430000,0
68432000,0
68434001,0
68436000,0
68438000,0
68440000,0
68442001,0
68444000,0
68446000,0
68448000,0
68450000,0
68452000,0
68454000,0
68456000,0
68458000,0
68460001,0
68462000,0
68464000,0
68466000,0
68468000,0
68470000,0
68472000,0
68474000,0
68476000,0
68478000,0
68480000,0
68482000,0
68484000,0
68486001,0
68488001,0
68490000,0
68492000,0
68494000,0
68496000,0
68498001,0
68500001,0
68502000,0
68504001,0
68506000,0
68508000,0
68510000,0
68512000,0
68514001,0
68516001,0
68518001,0
68520000,0
68522001,0
68524000,0
68526000,0
68528000,0
68530000,0
68532000,0
68534000,0
68536001,0
68538000,0
68540000,0
68542000,0
68544001,0
68546000,0
68548000,0
68550001,0
68552000,0
68554000,0
68556001,0
68558000,0
68560001,0
68562000,0
68564001,0
68566000,0
68568000,0
68570000,0
68572000,0
68574000,0
68576000,0
68578000,0
68580000,0
68582000,0
68584000,0
68586000,0
68588000,0
68590000,0
68592000,0
68594001,0
68596001,0
68598000,0
68600001,0
68602000,0
68604001,0
68606001,0
68608000,0
68610000,0
68612000,0
68614000,0
68616001,0
68618000,0
68620000,0
68622000,0
68624000,0
68626000,0
68628000,0
68630001,0
68632000,0
68634001,0
68636001,0
68638000,0
68640000,0
68642000,0
68644001,0
68646000,0
68648000,0
68650001,0
68652000,0
68654000,0
68656001,0
68658000,0
68660001,0
68662001,0
68664000,0
68666000,0
68668001,0
68670000,0
68672001,0
68674001,0
68676000,0
68678001,0
68680001,0
68682000,0
68684000,0
68686000,0
68688000,0
68690001,0
68692000,0
68694001,0
68696000,0
68698000,0
68700000,0
68702001,0
68704000,0
68706001,0
68708000,0
68710000,0
68712001,0
68714000,0
68716001,0
68718000,0
68720000,0
68722001,0
68724000,0
68726000,0
68728001,0
68730000,0
68732000,0
68734000,0
68736000,0
68738001,0
68740000,0
68742000,0
68744000,0
68746000,0
68748000,0
68750000,0
68752000,0
68754001,0
68756000,0
68758000,0
68760000,0
68762000,0
68764001,0
68766000,0
68768000,0
68770000,0
68772000,0
68774001,0
68776000,0
68778000,0
68780000,0
68782001,0
68784000,0
68786000,0
68788000,0
68790000,0
68792001,0
68794001,0
68796000,0
68798000,0
68800001,0
68802000,0
68804000,0
68806000,0
68808001,0
68810000,0
68812000,0
68814000,0
68816001,0
68818000,0
68820001,0
68822001,0
68824000,0
68826000,0
68828001,0
68830000,0
68832001,0
68834000,0
68836000,0
68838001,0
68840000,0
68842000,0
68844000,0
68846001,0
68848000,0
68850000,0
68852000,0
68854001,0
68856000,0
68858001,0
68860000,0
68862000,0
68864001,0
68866000,0
68868000,0
68870000,0
68872000,0
68874000,0
68876001,0
68878001,0
68880001,0
68882000,0
68884000,0
68886000,0
68888000,0
68890000,0
68892000,0
68894000,0
68896001,0
68898001,0
68900001,0
68902000,0
68904000,0
68906000,0
68908000,0
68910001,0
68912000,0
68914000,0
68916000,0
68918000,0
68920000,0
68922000,0
68924001,0
68926001,0
68928000,0
68930000,0
68932000,0
68934001,0
68936001,0
68938001,0
68940000,0
68942000,0
68944001,0
68946000,0
68948000,0
68950000,0
68952000,0
68954001,0
68956000,0
68958000,0
68960001,0
68962001,0
68964000,0
68966000,0
68968000,0
68970001,0
68972000,0
68974000,0
68976001,0
68978000,0
68980000,0
68982000,0
68984000,0
68986000,0
68988000,0
68990001,0
68992000,0
68994001,0
68996000,0
68998000,0
69000000,0
69002001,0
69004000,0
69006001,0
69008000,0
69010000,0
69012001,0
69014000,0
69016001,0
69018001,0
69020000,0
69022000,0
69024000,0
69026001,0
69028000,0
69030000,0
69032001,0
69034000,0
69036000,0
69038000,0
69040000,0
69042001,0
69044000,0
69046001,0
69048000,0
69050001,0
69052001,0
69054000,0
69056000,0
69058000,0
69060001,0
69062000,0
69064000,0
69066000,0
69068000,0
69070001,0
69072000,0
69074000,0
69076000,0
69078001,0
69080001,0
69082000,0
69084000,0
69086001,0
69088000,0
69090000,0
69092000,0
69094000,0
69096001,0
69098000,0
69100000,0
69102001,0
69104001,0
69106000,0
69108000,0
69110000,0
69112000,0
69114000,0
69116001,0
69118001,0
69120000,0
69122001,0
69124000,0
69126001,0
69128000,0
69130000,0
69132000,0
69134001,0
69136000,0
69138001,0
69140001,0
69142001,0
69144001,0
69146000,0
69148000,0
69150000,0
69152000,0
69154001,0
69156000,0
69158001,0
69160000,0
69162000,0
69164000,0
69166001,0
69168000,0
69170000,0
69172000,0
69174001,0
69176000,0
69178001,0
69180000,0
69182000,0
69184000,0
69186000,0
69188000,0
69190001,0
69192000,0
69194001,0
69196000,0
69198000,0
69200001,0
69202000,0
69204001,0
69206000,0
69208000,0
69210000,0
69212000,0
69214000,0
69216000,0
69218000,0
69220001,0
69222000,0
69224000,0
69226000,0
69228001,0
69230001,0
69232001,0
69234000,0
69236000,0
69238001,0
69240000,0
69242000,0
69244000,0
69246001,0
69248000,0
69250000,0
69252000,0
69254001,0
69256001,0
69258000,0
69260000,0
69262001,0
69264000,0
69266000,0
69268000,0
69270000,0
69272000,0
69274001,0
69276000,0
69278000,0
69280000,0
69282001,0
69284000,0
69286001,0
69288000,0
69290000,0
69292000,0
69294000,0
69296000,0
69298000,0
69300001,0
69302000,0
69304001,0
69306000,0
69308001,0
69310000,0
69312001,0
69314001,0
69316000,0
69318001,0
69320000,0
69322001,0
69324000,0
69326000,0
69328001,0
69330001,0
69332000,0
69334000,0
69336000,0
69338000,0
69340000,0
69342000,0
69344000,0
69346000,0
69348000,0
69350000,0
69352000,0
69354000,0
69356000,0
69358001,0
69360000,0
69362000,0
69364000,0
69366001,0
69368000,0
69370000,0
69372001,0
69374001,0
69376000,0
69378001,0
69380000,0
69382001,0
69384001,0
69386001,0
69388000,0
69390000,0
69392000,0
69394001,0
69396000,0
69398001,0
69400000,0
69402001,0
69404001,0
69406000,0
69408001,0
69410000,0
69412000,0
69414000,0
69416001,0
69418000,0
69420000,0
69422000,0
69424000,0
69426001,0
69428001,0
69430000,0
69432000,0
69434000,0
69436001,0
69438000,0
69440000,0
69442001,0
69444001,0
69446000,0
69448000,0
69450000,0
69452000,0
69454000,0
69456000,0
69458001,0
69460000,0
69462000,0
69464001,0
69466000,0
69468000,0
69470000,0
69472000,0
69474000,0
69476001,0
69478001,0
69480001,0
69482000,0
69484001,0
69486000,0
69488001,0
69490000,0
69492000,0
69494000,0
69496000,0
69498000,0
69500001,0
69502000,0
69504000,0
69506000,0
69508000,0
69510000,0
69512000,0
69514001,0
69516001,0
69518000,0
69520000,0
69522000,0
69524001,0
69526000,0
69528000,0
69530000,0
69532000,0
69534000,0
69536001,0
69538000,0
69540000,0
69542001,0
69544000,0
69546001,0
69548000,0
69550000,0
69552001,0
69554000,0
69556000,0
69558000,0
69560000,0
69562000,0
69564001,0
69566000,0
69568000,0
69570001,0
69572000,0
69574000,0
69576000,0
69578000,0
69580000,0
69582001,0
69584000,0
69586000,0
69588000,0
69590000,0
69592000,0
69594001,0
69596001,0
69598000,0
69600000,0
69602000,0
69604001,0
69606000,0
69608001,0
69610001,0
69612000,0
69614001,0
69616000,0
69618000,0
69620001,0
69622000,0
69624001,0
69626000,0
69628000,0
69630001,0
69632001,0
69634000,0
69636000,0
69638000,0
69640001,0
69642000,0
69644000,0
69646001,0
69648000,0
69650000,0
69652000,0
69654000,0
69656001,0
69658000,0
69660000,0
69662000,0
69664000,0
69666000,0
69668000,0
69670001,0
69672001,0
69674000,0
69676000,0
69678001,0
69680000,0
69682000,0
69684000,0
69686000,0
69688000,0
69690001,0
69692000,0
69694000,0
69696000,0
69698000,0
69700000,0
69702001,0
69704000,0
69706001,0
69708000,0
69710000,0
69712000,0
69714000,0
69716000,0
69718000,0
69720000,0
69722000,0
69724000,0
69726000,0
69728000,0
69730000,0
69732000,0
69734000,0
69736000,0
69738000,0
69740000,0
69742000,0
69744000,0
69746000,0
69748000,0
69750000,0
69752000,0
69754000,0
69756000,0
69758000,0
69760001,0
69762000,0
69764001,0
69766000,0
69768000,0
69770000,0
69772000,0
69774001,0
69776000,0
69778001,0
69780000,0
69782000,0
69784001,0
69786000,0
69788000,0
69790001,0
69792000,0
69794001,0
69796000,0
69798000,0
69800000,0
69802000,0
69804000,0
69806001,0
69808000,0
69810000,0
69812000,0
69814000,0
69816001,0
69818000,0
69820001,0
69822000,0
69824001,0
69826000,0
69828000,0
69830001,0
69832001,0
69834000,0
69836000,0
69838001,0
69840000,0
69842000,0
69844000,0
69846000,0
69848001,0
69850000,0
69852001,0
69854000,0
69856001,0
69858000,0
69860000,0
69862000,0
69864001,0
69866000,0
69868000,0
69870000,0
69872000,0
69874001,0
69876000,0
69878001,0
69880000,0
69882001,0
69884000,0
69886001,0
69888000,0
69890000,0
69892000,0
69894001,0
69896000,0
69898000,0
69900000,0
69902000,0
69904000,0
69906000,0
69908000,0
69910001,0
69912000,0
69914001,0
69916000,0
69918001,0
69920000,0
69922001,0
69924001,0
69926000,0
69928000,0
69930000,0
69932000,0
69934000,0
69936001,0
69938000,0
69940000,0
69942000,0
69944000,0
69946000,0
69948000,0
69950000,0
69952000,0
69954000,0
69956001,0
69958001,0
69960001,0
69962000,0
69964000,0
69966000,0
69968000,0
69970000,0
69972000,0
69974001,0
69976001,0
69978000,0
69980001,0
69982000,0
69984000,0
69986001,0
69988000,0
69990000,0
69992000,0
69994000,0
69996000,0
69998000,0
70000000,0
70002000,0
70004000,0
70006000,0
70008001,0
70010000,0
70012001,0
70014000,0
70016001,0
70018001,0
70020000,0
70022000,0
70024001,0
70026000,0
70028001,0
70030000,0
70032000,0
70034000,0
70036000,0
70038001,0
70040001,0
70042001,0
70044000,0
70046001,0
70048000,0
70050000,0
70052000,0
70054000,0
70056000,0
70058000,0
70060000,0
70062000,0
70064000,0
70066001,0
70068000,0
70070000,0
70072000,0
70074000,0
70076001,0
70078001,0
70080001,0
70082000,0
70084000,0
70086001,0
70088000,0
70090000,0
70092000,0
70094000,0
70096000,0
70098000,0
70100001,0
70102000,0
70104000,0
70106000,0
70108000,0
70110000,0
70112001,0
70114000,0
70116000,0
70118001,0
70120000,0
70122000,0
70124000,0
70126000,0
70128000,0
70130000,0
70132000,0
70134000,0
70136001,0
70138000,0
70140001,0
70142000,0
70144000,0
70146001,0
70148000,0
70150001,0
70152000,0
70154000,0
70156001,0
70158000,0
70160000,0
70162000,0
70164000,0
70166000,0
70168000,0
70170001,0
70172000,0
70174001,0
70176000,0
70178000,0
70180001,0
70182000,0
70184000,0
70186000,0
70188000,0
70190000,0
70192000,0
70194000,0
70196001,0
70198001,0
70200000,0
70202000,0
70204001,0
70206000,0
70208001,0
70210000,0
70212000,0
70214001,0
70216000,0
70218000,0
70220000,0
70222000,0
70224000,0
70226000,0
70228000,0
70230001,0
70232000,0
70234000,0
70236000,0
70238000,0
70240000,0
70242000,0
70244001,0
70246000,0
70248000,0
70250000,0
70252001,0
70254000,0
70256000,0
70258001,0
70260000,0
70262001,0
70264000,0
70266000,0
70268001,0
70270000,0
70272000,0
70274000,0
70276001,0
70278000,0
70280000,0
70282000,0
70284001,0
70286000,0
70288000,0
70290001,0
70292000,0
70294000,0
70296000,0
70298000,0
70300000,0
70302000,0
70304000,0
70306000,0
70308001,0
70310000,0
70312000,0
70314001,0
70316000,0
70318000,0
70320001,0
70322000,0
70324000,0
70326001,0
70328001,0
70330000,0
70332001,0
70334001,0
70336000,0
70338000,0
70340000,0
70342000,0
70344000,0
70346000,0
70348000,0
70350000,0
70352001,0
70354001,0
70356000,0
70358001,0
70360000,0
70362000,0
70364001,0
70366001,0
70368000,0
70370000,0
70372001,0
70374001,0
70376001,0
70378001,0
70380000,0
70382000,0
70384001,0
70386001,0
70388000,0
70390001,0
70392000,0
70394000,0
70396001,0
70398000,0
70400000,0
70402001,0
70404001,0
70406000,0
70408001,0
70410001,0
70412001,0
70414001,0
70416001,0
70418000,0
70420000,0
70422000,0
70424000,0
70426001,0
70428000,0
70430001,0
70432001,0
70434000,0
70436001,0
70438000,0
70440001,0
70442000,0
70444000,0
70446000,0
70448001,0
70450000,0
70452000,0
70454000,0
70456000,0
70458001,0
70460000,0
70462000,0
70464001,0
70466001,0
70468001,0
70470000,0
70472000,0
70474000,0
70476001,0
70478000,0
70480000,0
70482000,0
70484001,0
70486001,0
70488000,0
70490000,0
70492001,0
70494000,0
70496000,0
70498001,0
70500000,0
70502000,0
70504000,0
70506000,0
70508000,0
70510001,0
70512000,0
70514000,0
70516000,0
70518000,0
70520000,0
70522001,0
70524000,0
70526000,0
70528000,0
70530000,0
70532000,0
70534000,0
70536000,0
70538001,0
70540000,0
70542001,0
70544000,0
70546001,0
70548000,0
70550000,0
70552000,0
70554001,0
70556000,0
70558000,0
70560001,0
70562001,0
70564000,0
70566000,0
70568000,0
70570000,0
70572000,0
70574000,0
70576000,0
70578000,0
70580000,0
70582000,0
70584000,0
70586001,0
70588000,0
70590000,0
70592001,0
70594001,0
70596000,0
70598001,0
70600001,0
70602001,0
70604000,0
70606000,0
70608000,0
70610000,0
70612001,0
70614000,0
70616000,0
70618000,0
70620000,0
70622000,0
70624000,0
70626000,0
70628000,0
70630000,0
70632000,0
70634000,0
70636001,0
70638000,0
70640000,0
70642000,0
70644000,0
70646000,0
70648001,0
70650000,0
70652000,0
70654000,0
70656000,0
70658000,0
70660000,0
70662001,0
70664000,0
70666001,0
70668000,0
70670001,0
70672000,0
70674000,0
70676000,0
70678000,0
70680000,0
70682001,0
70684000,0
70686000,0
70688000,0
70690001,0
70692000,0
70694000,0
70696000,0
70698001,0
70700000,0
70702000,0
70704000,0
70706001,0
70708001,0
70710000,0
70712000,0
70714001,0
70716000,0
70718001,0
70720000,0
70722000,0
70724000,0
70726000,0
70728001,0
70730001,0
70732000,0
70734001,0
70736001,0
70738001,0
70740000,0
70742000,0
70744000,0
70746000,0
70748001,0
70750000,0
70752000,0
70754000,0
70756001,0
70758000,0
70760001,0
70762000,0
70764001,0
70766000,0
70768000,0
70770000,0
70772000,0
70774001,0
70776000,0
70778000,0
70780001,0
70782000,0
70784000,0
70786000,0
70788001,0
70790001,0
70792001,0
70794000,0
70796001,0
70798000,0
70800000,0
70802000,0
70804000,0
70806000,0
70808001,0
70810000,0
70812000,0
70814000,0
70816001,0
70818000,0
70820000,0
70822001,0
70824000,0
70826001,0
70828000,0
70830000,0
70832000,0
70834001,0
70836000,0
70838000,0
70840000,0
70842000,0
70844000,0
70846000,0
70848000,0
70850000,0
70852001,0
70854000,0
70856000,0
70858001,0
70860000,0
70862000,0
70864000,0
70866001,0
70868000,0
70870000,0
70872000,0
70874000,0
70876000,0
70878001,0
70880000,0
70882000,0
70884001,0
70886000,0
70888000,0
70890000,0
70892001,0
70894001,0
70896001,0
70898000,0
70900000,0
70902000,0
70904000,0
70906000,0
70908000,0
70910001,0
70912000,0
70914001,0
70916000,0
70918001,0
70920001,0
70922000,0
70924001,0
70926000,0
70928001,0
70930000,0
70932000,0
70934000,0
70936000,0
70938000,0
70940000,0
70942000,0
70944001,0
70946000,0
70948000,0
70950001,0
70952000,0
70954000,0
70956001,0
70958001,0
70960001,0
70962000,0
70964000,0
70966001,0
70968000,0
70970001,0
70972000,0
70974001,0
70976000,0
70978000,0
70980000,0
70982000,0
70984000,0
70986000,0
70988000,0
70990001,0
70992001,0
70994000,0
70996000,0
70998000,0
71000001,0
71002000,0
71004001,0
71006001,0
71008000,0
71010000,0
71012001,0
71014000,0
71016000,0
71018000,0
71020000,0
71022001,0
71024000,0
71026001,0
71028001,0
71030000,0
71032001,0
71034000,0
71036000,0
71038000,0
71040000,0
71042000,0
71044000,0
71046000,0
71048000,0
71050000,0
71052000,0
71054000,0
71056001,0
71058000,0
71060000,0
71062000,0
71064000,0
71066000,0
71068001,0
71070001,0
71072000,0
71074000,0
71076000,0
71078001,0
71080000,0
71082001,0
71084000,0
71086000,0
71088000,0
71090000,0
71092000,0
71094001,0
71096000,0
71098001,0
71100001,0
71102001,0
71104000,0
71106000,0
71108000,0
71110000,0
71112000,0
71114000,0
71116000,0
71118001,0
71120000,0
71122001,0
71124000,0
71126001,0
71128000,0
71130000,0
71132000,0
71134001,0
71136000,0
71138001,0
71140001,0
71142000,0
71144000,0
71146001,0
71148000,0
71150001,0
71152000,0
71154000,0
71156000,0
71158001,0
71160000,0
71162001,0
71164001,0
71166000,0
71168001,0
71170000,0
71172001,0
71174000,0
71176001,0
71178000,0
71180001,0
71182000,0
71184000,0
71186000,0
71188000,0
71190000,0
71192000,0
71194001,0
71196000,0
71198000,0
71200000,0
71202000,0
71204000,0
71206001,0
71208001,0
71210001,0
71212000,0
71214000,0
71216000,0
71218000,0
71220000,0
71222000,0
71224001,0
71226000,0
71228000,0
71230001,0
71232000,0
71234000,0
71236000,0
71238000,0
71240000,0
71242001,0
71244000,0
71246001,0
71248001,0
71250000,0
71252000,0
71254000,0
71256001,0
71258000,0
71260000,0
71262000,0
71264000,0
71266000,0
71268001,0
71270001,0
71272000,0
71274000,0
71276001,0
71278000,0
71280001,0
71282000,0
71284000,0
71286000,0
71288000,0
71290000,0
71292001,0
71294000,0
71296000,0
71298001,0
71300000,0
71302000,0
71304000,0
71306000,0
71308000,0
71310001,0
71312001,0
71314000,0
71316000,0
71318000,0
71320000,0
71322000,0
71324001,0
71326001,0
71328001,0
71330000,0
71332001,0
71334001,0
71336000,0
71338000,0
71340000,0
71342000,0
71344001,0
71346000,0
71348001,0
71350001,0
71352001,0
71354001,0
71356000,0
71358001,0
71360000,0
71362001,0
71364000,0
71366000,0
71368001,0
71370001,0
71372000,0
71374000,0
71376000,0
71378000,0
71380000,0
71382000,0
71384000,0
71386001,0
71388000,0
71390001,0
71392000,0
71394000,0
71396000,0
71398000,0
71400000,0
71402000,0
71404000,0
71406001,0
71408000,0
71410000,0
71412001,0
71414001,0
71416000,0
71418000,0
71420001,0
71422000,0
71424000,0
71426001,0
71428000,0
71430001,0
71432000,0
71434001,0
71436000,0
71438001,0
71440001,0
71442001,0
71444000,0
71446000,0
71448000,0
71450000,0
71452001,0
71454001,0
71456000,0
71458000,0
71460000,0
71462000,0
71464000,0
71466001,0
71468000,0
71470000,0
71472000,0
71474001,0
71476000,0
71478000,0
71480000,0
71482000,0
71484001,0
71486000,0
71488000,0
71490000,0
71492001,0
71494000,0
71496001,0
71498000,0
71500000,0
71502000,0
71504000,0
71506000,0
71508000,0
71510000,0
71512000,0
71514000,0
71516001,0
71518000,0
71520000,0
71522000,0
71524000,0
71526000,0
71528000,0
71530000,0
71532001,0
71534000,0
71536000,0
71538000,0
71540000,0
71542001,0
71544000,0
71546000,0
71548000,0
71550000,0
71552000,0
71554001,0
71556001,0
71558000,0
71560000,0
71562000,0
71564000,0
71566000,0
71568000,0
71570001,0
71572001,0
71574000,0
71576001,0
71578000,0
71580000,0
71582001,0
71584000,0
71586001,0
71588000,0
71590000,0
71592000,0
71594000,0
71596000,0
71598000,0
71600001,0
71602000,0
71604001,0
71606001,0
71608000,0
71610000,0
71612000,0
71614001,0
71616001,0
71618001,0
71620001,0
71622000,0
71624000,0
71626000,0
71628001,0
71630000,0
71632000,0
71634000,0
71636000,0
71638001,0
71640000,0
71642000,0
71644001,0
71646000,0
71648000,0
71650001,0
71652000,0
71654001,0
71656000,0
71658001,0
71660001,0
71662000,0
71664000,0
71666000,0
71668001,0
71670000,0
71672000,0
71674001,0
71676000,0
71678000,0
71680001,0
71682000,0
71684001,0
71686000,0
71688001,0
71690000,0
71692001,0
71694001,0
71696000,0
71698000,0
71700001,0
71702001,0
71704000,0
71706000,0
71708000,0
71710000,0
71712000,0
71714000,0
71716001,0
71718000,0
71720001,0
71722000,0
71724000,0
71726000,0
71728000,0
71730001,0
71732000,0
71734001,0
71736000,0
71738000,0
71740000,0
71742001,0
71744000,0
71746001,0
71748001,0
71750001,0
71752000,0
71754000,0
71756000,0
71758001,0
71760000,0
71762000,0
71764000,0
71766000,0
71768001,0
71770001,0
71772000,0
71774000,0
71776000,0
71778001,0
71780000,0
71782001,0
71784000,0
71786001,0
71788000,0
71790000,0
71792001,0
71794000,0
71796000,0
71798000,0
71800000,0
71802000,0
71804000,0
71806000,0
71808000,0
71810001,0
71812000,0
71814000,0
71816000,0
71818000,0
71820001,0
71822000,0
71824000,0
71826001,0
71828001,0
71830000,0
71832001,0
71834000,0
71836000,0
71838001,0
71840001,0
71842000,0
71844000,0
71846000,0
71848001,0
71850001,0
71852000,0
71854000,0
71856000,0
71858001,0
71860001,0
71862000,0
71864000,0
71866001,0
71868000,0
71870000,0
71872000,0
71874001,0
71876001,0
71878001,0
71880001,0
71882000,0
71884000,0
71886000,0
71888000,0
71890001,0
71892000,0
71894000,0
71896000,0
71898000,0
71900000,0
71902001,0
71904000,0
71906000,0
71908000,0
71910000,0
71912000,0
71914001,0
71916000,0
71918001,0
71920000,0
71922000,0
71924001,0
71926000,0
71928000,0
71930000,0
71932000,0
71934001,0
71936000,0
71938001,0
71940000,0
71942000,0
71944001,0
71946000,0
71948000,0
71950000,0
71952000,0
71954000,0
71956000,0
71958000,0
71960001,0
71962000,0
71964000,0
71966000,0
71968001,0
71970000,0
71972000,0
71974001,0
71976001,0
71978000,0
71980001,0
71982000,0
71984000,0
71986000,0
71988000,0
71990001,0
71992000,0
71994000,0
71996000,0
71998000,0
72000001,0
72002000,0
72004000,0
72006000,0
72008000,0
72010000,0
72012001,0
72014001,0
72016000,0
72018001,0
72020001,0
72022001,0
72024001,0
72026000,0
72028000,0
72030001,0
72032000,0
72034000,0
72036000,0
72038000,0
72040000,0
72042000,0
72044001,0
72046000,0
72048000,0
72050000,0
72052000,0
72054000,0
72056000,0
72058001,0
72060000,0
72062000,0
72064001,0
72066000,0
72068000,0
72070000,0
72072000,0
72074000,0
72076001,0
72078000,0
72080001,0
72082000,0
72084001,0
72086000,0
72088000,0
72090000,0
72092000,0
72094000,0
72096000,0
72098000,0
72100000,0
72102000,0
72104000,0
72106000,0
72108001,0
72110000,0
72112000,0
72114001,0
72116000,0
72118000,0
72120001,0
72122000,0
72124001,0
72126001,0
72128000,0
72130000,0
72132001,0
72134000,0
72136000,0
72138001,0
72140000,0
72142000,0
72144001,0
72146000,0
72148000,0
72150000,0
72152000,0
72154000,0
72156000,0
72158000,0
72160000,0
72162000,0
72164001,0
72166001,0
72168001,0
72170000,0
72172001,0
72174000,0
72176000,0
72178000,0
72180001,0
72182000,0
72184000,0
72186000,0
72188000,0
72190000,0
72192001,0
72194000,0
72196001,0
72198000,0
72200000,0
72202000,0
72204001,0
72206000,0
72208000,0
72210001,0
72212000,0
72214000,0
72216000,0
72218001,0
72220000,0
72222001,0
72224000,0
72226000,0
72228001,0
72230000,0
72232001,0
72234001,0
72236000,0
72238000,0
72240000,0
72242000,0
72244000,0
72246001,0
72248000,0
72250000,0
72252000,0
72254000,0
72256000,0
72258001,0
72260001,0
72262000,0
72264000,0
72266001,0
72268000,0
72270001,0
72272000,0
72274000,0
72276001,0
72278000,0
72280000,0
72282001,0
72284001,0
72286000,0
72288001,0
72290000,0
72292001,0
72294001,0
72296001,0
72298000,0
72300001,0
72302000,0
72304000,0
72306000,0
72308000,0
72310001,0
72312000,0
72314001,0
72316000,0
72318001,0
72320000,0
72322000,0
72324001,0
72326000,0
72328000,0
72330000,0
72332001,0
72334000,0
72336001,0
72338000,0
72340000,0
72342000,0
72344000,0
72346001,0
72348001,0
72350000,0
72352001,0
72354000,0
72356000,0
72358001,0
72360001,0
72362000,0
72364000,0
72366000,0
72368001,0
72370000,0
72372000,0
72374000,0
72376000,0
72378000,0
72380000,0
72382000,0
72384000,0
72386000,0
72388000,0
72390000,0
72392000,0
72394001,0
72396000,0
72398001,0
72400000,0
72402000,0
72404001,0
72406000,0
72408000,0
72410000,0
72412000,0
72414000,0
72416000,0
72418000,0
72420000,0
72422000,0
72424001,0
72426001,0
72428001,0
72430000,0
72432000,0
72434000,0
72436000,0
72438001,0
72440000,0
72442000,0
72444000,0
72446001,0
72448001,0
72450000,0
72452001,0
72454000,0
72456000,0
72458000,0
72460000,0
72462001,0
72464000,0
72466000,0
72468000,0
72470000,0
72472001,0
72474000,0
72476001,0
72478000,0
72480001,0
72482000,0
72484000,0
72486000,0
72488001,0
72490000,0
72492000,0
72494000,0
72496000,0
72498000,0
72500001,0
72502000,0
72504000,0
72506000,0
72508001,0
72510000,0
72512000,0
72514000,0
72516001,0
72518000,0
72520001,0
72522000,0
72524000,0
72526000,0
72528000,0
72530000,0
72532000,0
72534001,0
72536000,0
72538000,0
72540001,0
72542001,0
72544000,0
72546000,0
72548001,0
72550000,0
72552000,0
72554000,0
72556001,0
72558001,0
72560000,0
72562001,0
72564000,0
72566000,0
72568001,0
72570001,0
72572000,0
72574001,0
72576000,0
72578000,0
72580000,0
72582001,0
72584001,0
72586000,0
72588001,0
72590000,0
72592001,0
72594000,0
72596001,0
72598001,0
72600000,0
72602000,0
72604000,0
72606000,0
72608001,0
72610000,0
72612000,0
72614001,0
72616001,0
72618000,0
72620000,0
72622000,0
72624001,0
72626000,0
72628000,0
72630000,0
72632000,0
72634001,0
72636000,0
72638001,0
72640000,0
72642000,0
72644000,0
72646000,0
72648001,0
72650000,0
72652000,0
72654000,0
72656000,0
72658000,0
72660001,0
72662001,0
72664000,0
72666001,0
72668000,0
72670000,0
72672001,0
72674000,0
72676000,0
72678000,0
72680000,0
72682000,0
72684000,0
72686000,0
72688001,0
72690000,0
72692001,0
72694000,0
72696000,0
72698000,0
72700000,0
72702001,0
72704001,0
72706000,0
72708001,0
72710000,0
72712000,0
72714001,0
72716000,0
72718000,0
72720001,0
72722000,0
72724001,0
72726000,0
72728001,0
72730000,0
72732001,0
72734000,0
72736000,0
72738000,0
72740001,0
72742000,0
72744001,0
72746001,0
72748000,0
72750000,0
72752001,0
72754000,0
72756001,0
72758000,0
72760000,0
72762000,0
72764001,0
72766001,0
72768000,0
72770000,0
72772001,0
72774000,0
72776000,0
72778000,0
72780000,0
72782000,0
72784000,0
72786001,0
72788000,0
72790001,0
72792000,0
72794000,0
72796000,0
72798000,0
72800000,0
72802001,0
72804001,0
72806000,0
72808000,0
72810000,0
72812001,0
72814000,0
72816000,0
72818000,0
72820001,0
72822000,0
72824000,0
72826000,0
72828000,0
72830000,0
72832000,0
72834000,0
72836000,0
72838001,0
72840001,0
72842000,0
72844000,0
72846000,0
72848000,0
72850000,0
72852001,0
72854001,0
72856001,0
72858001,0
72860000,0
72862001,0
72864001,0
72866000,0
72868000,0
72870000,0
72872001,0
72874000,0
72876000,0
72878001,0
72880000,0
72882000,0
72884000,0
72886001,0
72888000,0
72890000,0
72892000,0
72894000,0
72896001,0
72898000,0
72900000,0
72902001,0
72904000,0
72906000,0
72908000,0
72910000,0
72912001,0
72914000,0
72916000,0
72918000,0
72920001,0
72922001,0
72924000,0
72926000,0
72928000,0
72930001,0
72932000,0
72934000,0
72936001,0
72938000,0
72940000,0
72942000,0
72944001,0
72946000,0
72948001,0
72950000,0
72952000,0
72954000,0
72956001,0
72958001,0
72960000,0
72962000,0
72964001,0
72966000,0
72968000,0
72970000,0
72972001,0
72974001,0
72976000,0
72978001,0
72980000,0
72982000,0
72984001,0
72986000,0
72988000,0
72990000,0
72992000,0
72994001,0
72996001,0
72998000,0
73000001,0
73002000,0
73004000,0
73006000,0
73008000,0
73010001,0
73012000,0
73014000,0
73016000,0
73018001,0
73020000,0
73022001,0
73024000,0
73026000,0
73028001,0
73030000,0
73032000,0
73034001,0
73036001,0
73038000,0
73040001,0
73042000,0
73044001,0
73046000,0
73048001,0
73050000,0
73052000,0
73054000,0
73056000,0
73058000,0
73060001,0
73062000,0
73064000,0
73066000,0
73068001,0
73070001,0
73072001,0
73074000,0
73076000,0
73078000,0
73080000,0
73082000,0
73084001,0
73086000,0
73088000,0
73090001,0
73092001,0
73094001,0
73096001,0
73098000,0
73100001,0
73102001,0
73104000,0
73106000,0
73108001,0
73110000,0
73112000,0
73114000,0
73116001,0
73118000,0
73120000,0
73122000,0
73124001,0
73126000,0
73128000,0
73130001,0
73132000,0
73134001,0
73136000,0
73138000,0
73140000,0
73142001,0
73144000,0
73146000,0
73148000,0
73150000,0
73152001,0
73154000,0
73156001,0
73158000,0
73160001,0
73162001,0
73164001,0
73166000,0
73168000,0
73170001,0
73172001,0
73174001,0
73176001,0
73178000,0
73180000,0
73182000,0
73184000,0
73186000,0
73188001,0
73190000,0
73192001,0
73194001,0
73196000,0
73198000,0
73200000,0
73202000,0
73204000,0
73206001,0
73208000,0
73210000,0
73212000,0
73214000,0
73216001,0
73218001,0
73220001,0
73222000,0
73224001,0
73226000,0
73228000,0
73230000,0
73232000,0
73234000,0
73236000,0
73238001,0
73240001,0
73242000,0
73244000,0
73246000,0
73248000,0
73250001,0
73252000,0
73254001,0
73256000,0
73258000,0
73260001,0
73262000,0
73264001,0
73266000,0
73268000,0
73270000,0
73272000,0
73274000,0
73276000,0
73278001,0
73280000,0
73282001,0
73284000,0
73286000,0
73288001,0
73290000,0
73292001,0
73294000,0
73296000,0
73298000,0
73300000,0
73302001,0
73304001,0
73306001,0
73308000,0
73310000,0
73312000,0
73314001,0
73316000,0
73318000,0
73320001,0
73322000,0
73324001,0
73326000,0
73328000,0
73330001,0
73332000,0
73334000,0
73336001,0
73338000,0
73340000,0
73342000,0
73344000,0
73346000,0
73348000,0
73350001,0
73352000,0
73354001,0
73356001,0
73358000,0
73360001,0
73362000,0
73364000,0
73366000,0
73368001,0
73370000,0
73372001,0
73374000,0
73376001,0
73378000,0
73380000,0
73382000,0
73384000,0
73386000,0
73388000,0
73390001,0
73392001,0
73394000,0
73396000,0
73398000,0
73400001,0
73402000,0
73404000,0
73406001,0
73408000,0
73410000,0
73412001,0
73414001,0
73416000,0
73418000,0
73420001,0
73422000,0
73424000,0
73426000,0
73428000,0
73430000,0
73432000,0
73434000,0
73436001,0
73438001,0
73440000,0
73442000,0
73444001,0
73446000,0
73448000,0
73450000,0
73452000,0
73454001,0
73456000,0
73458000,0
73460000,0
73462000,0
73464000,0
73466000,0
73468001,0
73470000,0
73472000,0
73474000,0
73476000,0
73478001,0
73480000,0
73482000,0
73484000,0
73486000,0
73488001,0
73490000,0
73492001,0
73494000,0
73496000,0
73498000,0
73500000,0
73502001,0
73504000,0
73506001,0
73508000,0
73510001,0
73512000,0
73514001,0
73516000,0
73518001,0
73520000,0
73522001,0
73524000,0
73526000,0
73528000,0
73530000,0
73532000,0
73534000,0
73536001,0
73538000,0
73540001,0
73542000,0
73544000,0
73546000,0
73548000,0
73550000,0
73552000,0
73554000,0
73556000,0
73558001,0
73560001,0
73562000,0
73564000,0
73566000,0
73568000,0
73570001,0
73572000,0
73574000,0
73576000,0
73578001,0
73580001,0
73582000,0
73584000,0
73586000,0
73588001,0
73590000,0
73592000,0
73594000,0
73596000,0
73598000,0
73600000,0
73602001,0
73604000,0
73606001,0
73608000,0
73610001,0
73612000,0
73614000,0
73616001,0
73618000,0
73620001,0
73622001,0
73624000,0
73626001,0
73628000,0
73630000,0
73632000,0
73634000,0
73636000,0
73638000,0
73640001,0
73642000,0
73644000,0
73646000,0
73648000,0
73650000,0
73652000,0
73654001,0
73656000,0
73658001,0
73660000,0
73662000,0
73664001,0
73666000,0
73668000,0
73670000,0
73672001,0
73674000,0
73676001,0
73678000,0
73680000,0
73682000,0
73684000,0
73686001,0
73688000,0
73690000,0
73692000,0
73694000,0
73696000,0
73698000,0
73700000,0
73702001,0
73704001,0
73706000,0
73708000,0
73710000,0
73712000,0
73714000,0
73716001,0
73718001,0
73720000,0
73722000,0
73724000,0
73726000,0
73728001,0
73730000,0
73732001,0
73734000,0
73736001,0
73738001,0
73740000,0
73742000,0
73744001,0
73746000,0
73748001,0
73750000,0
73752001,0
73754000,0
73756000,0
73758001,0
73760000,0
73762000,0
73764000,0
73766000,0
73768000,0
73770000,0
73772001,0
73774001,0
73776000,0
73778001,0
73780000,0
73782000,0
73784000,0
73786000,0
73788001,0
73790001,0
73792000,0
73794000,0
73796001,0
73798000,0
73800001,0
73802000,0
73804000,0
73806000,0
73808000,0
73810000,0
73812001,0
73814000,0
73816001,0
73818001,0
73820001,0
73822000,0
73824000,0
73826000,0
73828001,0
73830000,0
73832000,0
73834000,0
73836000,0
73838001,0
73840000,0
73842001,0
73844001,0
73846000,0
73848000,0
73850000,0
73852000,0
73854001,0
73856000,0
73858000,0
73860001,0
73862000,0
73864001,0
73866000,0
73868001,0
73870001,0
73872000,0
73874000,0
73876001,0
73878000,0
73880000,0
73882000,0
73884000,0
73886000,0
73888000,0
73890001,0
73892001,0
73894000,0
73896001,0
73898000,0
73900001,0
73902000,0
73904001,0
73906000,0
73908000,0
73910000,0
73912000,0
73914000,0
73916000,0
73918001,0
73920000,0
73922000,0
73924001,0
73926001,0
73928000,0
73930001,0
73932000,0
73934000,0
73936001,0
73938001,0
73940000,0
73942001,0
73944000,0
73946000,0
73948000,0
73950000,0
73952001,0
73954000,0
73956001,0
73958000,0
73960000,0
73962000,0
73964000,0
73966000,0
73968001,0
73970000,0
73972000,0
73974001,0
73976001,0
73978000,0
73980000,0
73982001,0
73984000,0
73986000,0
73988000,0
73990001,0
73992001,0
73994000,0
73996000,0
73998000,0
74000000,0
74002000,0
74004001,0
74006001,0
74008000,0
74010000,0
74012000,0
74014000,0
74016001,0
74018000,0
74020001,0
74022000,0
74024001,0
74026000,0
74028000,0
74030001,0
74032000,0
74034000,0
74036001,0
74038000,0
74040000,0
74042000,0
74044000,0
74046000,0
74048000,0
74050001,0
74052000,0
74054000,0
74056000,0
74058001,0
74060001,0
74062000,0
74064000,0
74066001,0
74068000,0
74070000,0
74072001,0
74074000,0
74076000,0
74078000,0
74080001,0
74082000,0
74084001,0
74086000,0
74088000,0
74090001,0
74092000,0
74094001,0
74096000,0
74098000,0
74100000,0
74102001,0
74104000,0
74106000,0
74108001,0
74110000,0
74112000,0
74114001,0
74116000,0
74118000,0
74120000,0
74122000,0
74124000,0
74126001,0
74128000,0
74130001,0
74132001,0
74134000,0
74136000,0
74138000,0
74140001,0
74142000,0
74144000,0
74146000,0
74148001,0
74150000,0
74152000,0
74154001,0
74156001,0
74158000,0
74160000,0
74162000,0
74164000,0
74166000,0
74168000,0
74170001,0
74172000,0
74174000,0
74176001,0
74178000,0
74180001,0
74182001,0
74184001,0
74186001,0
74188001,0
74190000,0
74192000,0
74194000,0
74196001,0
74198000,0
74200000,0
74202000,0
74204001,0
74206001,0
74208000,0
74210001,0
74212000,0
74214001,0
74216000,0
74218000,0
74220000,0
74222000,0
74224000,0
74226000,0
74228001,0
74230000,0
74232001,0
74234000,0
74236001,0
74238000,0
74240000,0
74242000,0
74244001,0
74246001,0
74248001,0
74250001,0
74252000,0
74254000,0
74256001,0
74258000,0
74260001,0
74262000,0
74264001,0
74266001,0
74268000,0
74270000,0
74272001,0
74274000,0
74276000,0
74278000,0
74280001,0
74282001,0
74284000,0
74286000,0
74288000,0
74290000,0
74292000,0
74294000,0
74296000,0
74298001,0
74300000,0
74302000,0
74304000,0
74306000,0
74308000,0
74310000,0
74312000,0
74314001,0
74316000,0
74318001,0
74320000,0
74322000,0
74324000,0
74326001,0
74328000,0
74330000,0
74332000,0
74334000,0
74336001,0
74338000,0
74340000,0
74342001,0
74344000,0
74346000,0
74348001,0
74350000,0
74352001,0
74354000,0
74356000,0
74358000,0
74360000,0
74362000,0
74364000,0
74366000,0
74368000,0
74370000,0
74372001,0
74374000,0
74376000,0
74378001,0
74380000,0
74382001,0
74384000,0
74386000,0
74388001,0
74390000,0
74392001,0
74394000,0
74396001,0
74398000,0
74400000,0
74402001,0
74404000,0
74406000,0
74408000,0
74410001,0
74412000,0
74414000,0
74416000,0
74418000,0
74420001,0
74422000,0
74424000,0
74426001,0
74428000,0
74430001,0
74432001,0
74434000,0
74436000,0
74438000,0
74440000,0
74442000,0
74444000,0
74446001,0
74448000,0
74450001,0
74452000,0
74454000,0
74456000,0
74458000,0
74460001,0
74462001,0
74464000,0
74466000,0
74468000,0
74470000,0
74472000,0
74474001,0
74476000,0
74478001,0
74480000,0
74482001,0
74484000,0
74486001,0
74488001,0
74490000,0
74492000,0
74494000,0
74496001,0
74498000,0
74500001,0
74502000,0
74504000,0
74506001,0
74508000,0
74510000,0
74512000,0
74514000,0
74516000,0
74518001,0
74520000,0
74522001,0
74524001,0
74526000,0
74528000,0
74530000,0
74532001,0
74534000,0
74536000,0
74538000,0
74540000,0
74542000,0
74544000,0
74546000,0
74548000,0
74550000,0
74552001,0
74554000,0
74556000,0
74558000,0
74560001,0
74562000,0
74564001,0
74566000,0
74568000,0
74570000,0
74572000,0
74574000,0
74576001,0
74578000,0
74580000,0
74582000,0
74584000,0
74586001,0
74588000,0
74590001,0
74592000,0
74594000,0
74596001,0
74598000,0
74600000,0
74602000,0
74604001,0
74606000,0
74608000,0
74610000,0
74612000,0
74614000,0
74616001,0
74618000,0
74620001,0
74622000,0
74624001,0
74626001,0
74628001,0
74630000,0
74632000,0
74634000,0
74636000,0
74638000,0
74640000,0
74642001,0
74644000,0
74646001,0
74648000,0
74650000,0
74652001,0
74654000,0
74656000,0
74658000,0
74660000,0
74662001,0
74664000,0
74666000,0
74668001,0
74670001,0
74672001,0
74674001,0
74676000,0
74678000,0
74680001,0
74682000,0
74684001,0
74686000,0
74688000,0
74690000,0
74692000,0
74694000,0
74696000,0
74698000,0
74700001,0
74702001,0
74704000,0
74706000,0
74708001,0
74710000,0
74712001,0
74714000,0
74716001,0
74718000,0
74720000,0
74722001,0
74724000,0
74726000,0
74728001,0
74730000,0
74732000,0
74734000,0
74736001,0
74738000,0
74740001,0
74742000,0
74744001,0
74746001,0
74748001,0
74750000,0
74752000,0
74754001,0
74756000,0
74758000,0
74760000,0
74762000,0
74764001,0
74766001,0
74768001,0
74770000,0
74772000,0
74774001,0
74776000,0
74778001,0
74780000,0
74782000,0
74784001,0
74786001,0
74788000,0
74790000,0
74792001,0
74794001,0
74796000,0
74798000,0
74800000,0
74802001,0
74804000,0
74806000,0
74808000,0
74810000,0
74812000,0
74814001,0
74816000,0
74818000,0
74820000,0
74822001,0
74824000,0
74826001,0
74828001,0
74830000,0
74832001,0
74834000,0
74836000,0
74838000,0
74840000,0
74842001,0
74844000,0
74846001,0
74848001,0
74850001,0
74852001,0
74854000,0
74856001,0
74858001,0
74860000,0
74862000,0
74864000,0
74866000,0
74868001,0
74870000,0
74872000,0
74874000,0
74876001,0
74878000,0
74880001,0
74882000,0
74884000,0
74886001,0
74888001,0
74890000,0
74892001,0
74894000,0
74896000,0
74898000,0
74900000,0
74902000,0
74904001,0
74906000,0
74908000,0
74910000,0
74912001,0
74914000,0
74916001,0
74918000,0
74920000,0
74922000,0
74924000,0
74926000,0
74928000,0
74930000,0
74932000,0
74934000,0
74936001,0
74938000,0
74940001,0
74942001,0
74944000,0
74946000,0
74948001,0
74950000,0
74952000,0
74954000,0
74956001,0
74958000,0
74960001,0
74962001,0
74964000,0
74966000,0
74968000,0
74970000,0
74972000,0
74974000,0
74976000,0
74978000,0
74980001,0
74982000,0
74984000,0
74986001,0
74988001,0
74990000,0
74992000,0
74994001,0
74996001,0
74998000,0
75000000,0
75002001,0
75004000,0
75006000,0
75008001,0
75010000,0
75012000,0
75014001,0
75016000,0
75018000,0
75020000,0
75022000,0
75024000,0
75026001,0
75028000,0
75030000,0
75032001,0
75034000,0
75036000,0
75038000,0
75040001,0
75042000,0
75044001,0
75046000,0
75048001,0
75050000,0
75052000,0
75054000,0
75056001,0
75058000,0
75060000,0
75062000,0
75064001,0
75066000,0
75068000,0
75070000,0
75072000,0
75074001,0
75076000,0
75078000,0
75080001,0
75082000,0
75084001,0
75086000,0
75088000,0
75090000,0
75092001,0
75094001,0
75096001,0
75098000,0
75100000,0
75102000,0
75104001,0
75106001,0
75108000,0
75110000,0
75112000,0
75114001,0
75116000,0
75118001,0
75120000,0
75122000,0
75124000,0
75126000,0
75128000,0
75130000,0
75132000,0
75134001,0
75136000,0
75138000,0
75140000,0
75142000,0
75144001,0
75146000,0
75148000,0
75150000,0
75152000,0
75154000,0
75156001,0
75158000,0
75160001,0
75162000,0
75164000,0
75166000,0
75168000,0
75170001,0
75172000,0
75174001,0
75176000,0
75178000,0
75180000,0
75182000,0
75184000,0
75186000,0
75188001,0
75190000,0
75192001,0
75194000,0
75196001,0
75198000,0
75200000,0
75202001,0
75204000,0
75206001,0
75208001,0
75210000,0
75212000,0
75214001,0
75216000,0
75218000,0
75220000,0
75222000,0
75224001,0
75226000,0
75228001,0
75230000,0
75232000,0
75234000,0
75236000,0
75238000,0
75240001,0
75242000,0
75244001,0
75246000,0
75248000,0
75250001,0
75252000,0
75254001,0
75256001,0
75258000,0
75260001,0
75262000,0
75264000,0
75266001,0
75268001,0
75270000,0
75272000,0
75274000,0
75276000,0
75278000,0
75280001,0
75282000,0
75284001,0
75286000,0
75288001,0
75290000,0
75292000,0
75294000,0
75296001,0
75298001,0
75300000,0
75302001,0
75304000,0
75306001,0
75308001,0
75310000,0
75312000,0
75314000,0
75316001,0
75318000,0
75320001,0
75322000,0
75324000,0
75326000,0
75328000,0
75330000,0
75332001,0
75334000,0
75336000,0
75338000,0
75340001,0
75342000,0
75344001,0
75346000,0
75348000,0
75350000,0
75352000,0
75354000,0
75356000,0
75358001,0
75360000,0
75362001,0
75364000,0
75366000,0
75368000,0
75370000,0
75372000,0
75374000,0
75376000,0
75378000,0
75380001,0
75382000,0
75384000,0
75386000,0
75388001,0
75390000,0
75392000,0
75394000,0
75396000,0
75398001,0
75400000,0
75402000,0
75404000,0
75406000,0
75408001,0
75410001,0
75412001,0
75414000,0
75416001,0
75418000,0
75420000,0
75422000,0
75424001,0
75426000,0
75428001,0
75430001,0
75432000,0
75434000,0
75436001,0
75438000,0
75440000,0
75442001,0
75444001,0
75446001,0
75448000,0
75450000,0
75452000,0
75454000,0
75456001,0
75458000,0
75460001,0
75462001,0
75464000,0
75466000,0
75468000,0
75470001,0
75472000,0
75474001,0
75476001,0
75478000,0
75480001,0
75482000,0
75484000,0
75486000,0
75488001,0
75490000,0
75492001,0
75494000,0
75496000,0
75498000,0
75500001,0
75502000,0
75504000,0
75506000,0
75508001,0
75510000,0
75512000,0
75514000,0
75516000,0
75518001,0
75520000,0
75522000,0
75524001,0
75526000,0
75528000,0
75530000,0
75532000,0
75534000,0
75536000,0
75538000,0
75540000,0
75542000,0
75544001,0
75546000,0
75548000,0
75550001,0
75552001,0
75554000,0
75556000,0
75558001,0
75560000,0
75562001,0
75564000,0
75566000,0
75568001,0
75570000,0
75572000,0
75574001,0
75576000,0
75578000,0
75580000,0
75582000,0
75584000,0
75586000,0
75588000,0
75590000,0
75592000,0
75594000,0
75596000,0
75598001,0
75600000,0
75602001,0
75604001,0
75606000,0
75608000,0
75610000,0
75612000,0
75614000,0
75616000,0
75618001,0
75620000,0
75622001,0
75624000,0
75626001,0
75628000,0
75630001,0
75632000,0
75634000,0
75636001,0
75638000,0
75640000,0
75642001,0
75644001,0
75646001,0
75648001,0
75650000,0
75652000,0
75654000,0
75656000,0
75658000,0
75660001,0
75662001,0
75664000,0
75666000,0
75668001,0
75670000,0
75672000,0
75674000,0
75676001,0
75678001,0
75680000,0
75682000,0
75684001,0
75686000,0
75688000,0
75690000,0
75692000,0
75694001,0
75696001,0
75698000,0
75700001,0
75702000,0
75704000,0
75706000,0
75708000,0
75710001,0
75712000,0
75714000,0
75716000,0
75718001,0
75720000,0
75722000,0
75724000,0
75726001,0
75728001,0
75730000,0
75732000,0
75734000,0
75736000,0
75738001,0
75740001,0
75742000,0
75744000,0
75746001,0
75748000,0
75750000,0
75752001,0
75754000,0
75756000,0
75758000,0
75760000,0
75762000,0
75764000,0
75766000,0
75768001,0
75770000,0
75772000,0
75774000,0
75776000,0
75778000,0
75780001,0
75782001,0
75784000,0
75786000,0
75788000,0
75790000,0
75792001,0
75794000,0
75796000,0
75798000,0
75800000,0
75802000,0
75804000,0
75806000,0
75808000,0
75810000,0
75812000,0
75814000,0
75816000,0
75818000,0
75820001,0
75822000,0
75824001,0
75826001,0
75828000,0
75830001,0
75832000,0
75834000,0
75836000,0
75838000,0
75840000,0
75842000,0
75844001,0
75846000,0
75848001,0
75850001,0
75852000,0
75854000,0
75856000,0
75858000,0
75860001,0
75862000,0
75864000,0
75866001,0
75868000,0
75870001,0
75872000,0
75874000,0
75876000,0
75878000,0
75880001,0
75882000,0
75884000,0
75886001,0
75888000,0
75890000,0
75892000,0
75894000,0
75896000,0
75898000,0
75900000,0
75902000,0
75904000,0
75906001,0
75908001,0
75910000,0
75912001,0
75914000,0
75916000,0
75918001,0
75920001,0
75922001,0
75924001,0
75926001,0
75928001,0
75930000,0
75932000,0
75934000,0
75936000,0
75938000,0
75940000,0
75942000,0
75944000,0
75946000,0
75948000,0
75950000,0
75952000,0
75954000,0
75956000,0
75958000,0
75960001,0
75962001,0
75964000,0
75966000,0
75968001,0
75970000,0
75972000,0
75974000,0
75976000,0
75978001,0
75980001,0
75982001,0
75984000,0
75986000,0
75988000,0
75990000,0
75992000,0
75994001,0
75996000,0
75998001,0
76000000,0
76002000,0
76004000,0
76006000,0
76008000,0
76010001,0
76012000,0
76014000,0
76016000,0
76018000,0
76020000,0
76022001,0
76024001,0
76026000,0
76028000,0
76030000,0
76032001,0
76034000,0
76036001,0
76038000,0
76040001,0
76042000,0
76044000,0
76046000,0
76048000,0
76050001,0
76052000,0
76054000,0
76056000,0
76058000,0
76060000,0
76062000,0
76064000,0
76066000,0
76068000,0
76070000,0
76072000,0
76074000,0
76076001,0
76078000,0
76080000,0
76082001,0
76084000,0
76086000,0
76088000,0
76090000,0
76092001,0
76094000,0
76096000,0
76098000,0
76100000,0
76102000,0
76104000,0
76106000,0
76108000,0
76110001,0
76112000,0
76114001,0
76116001,0
76118000,0
76120000,0
76122000,0
76124001,0
76126000,0
76128000,0
76130001,0
76132000,0
76134000,0
76136000,0
76138000,0
76140000,0
76142000,0
76144001,0
76146000,0
76148000,0
76150000,0
76152001,0
76154001,0
76156000,0
76158000,0
76160001,0
76162000,0
76164000,0
76166000,0
76168001,0
76170000,0
76172001,0
76174000,0
76176001,0
76178001,0
76180000,0
76182000,0
76184000,0
76186000,0
76188000,0
76190000,0
76192001,0
76194000,0
76196000,0
76198000,0
76200000,0
76202001,0
76204000,0
76206001,0
76208000,0
76210001,0
76212000,0
76214000,0
76216001,0
76218000,0
76220000,0
76222001,0
76224000,0
76226000,0
76228000,0
76230001,0
76232000,0
76234000,0
76236000,0
76238000,0
76240000,0
76242000,0
76244000,0
76246000,0
76248000,0
76250001,0
76252000,0
76254000,0
76256000,0
76258000,0
76260001,0
76262001,0
76264001,0
76266000,0
76268000,0
76270000,0
76272000,0
76274000,0
76276000,0
76278001,0
76280000,0
76282001,0
76284000,0
76286001,0
76288000,0
76290000,0
76292001,0
76294000,0
76296001,0
76298001,0
76300000,0
76302000,0
76304000,0
76306001,0
76308000,0
76310001,0
76312000,0
76314000,0
76316000,0
76318000,0
76320000,0
76322000,0
76324000,0
76326001,0
76328000,0
76330000,0
76332001,0
76334000,0
76336000,0
76338000,0
76340000,0
76342001,0
76344000,0
76346001,0
76348000,0
76350000,0
76352000,0
76354001,0
76356000,0
76358000,0
76360001,0
76362001,0
76364001,0
76366000,0
76368000,0
76370001,0
76372000,0
76374000,0
76376000,0
76378000,0
76380001,0
76382000,0
76384001,0
76386001,0
76388000,0
76390000,0
76392000,0
76394000,0
76396000,0
76398000,0
76400000,0
76402000,0
76404000,0
76406001,0
76408000,0
76410000,0
76412000,0
76414000,0
76416000,0
76418000,0
76420000,0
76422001,0
76424000,0
76426001,0
76428000,0
76430000,0
76432000,0
76434000,0
76436000,0
76438000,0
76440000,0
76442000,0
76444001,0
76446001,0
76448000,0
76450000,0
76452001,0
76454000,0
76456000,0
76458001,0
76460000,0
76462000,0
76464000,0
76466001,0
76468001,0
76470000,0
76472001,0
76474001,0
76476000,0
76478000,0
76480000,0
76482001,0
76484000,0
76486000,0
76488000,0
76490000,0
76492001,0
76494000,0
76496000,0
76498000,0
76500001,0
76502000,0
76504000,0
76506000,0
76508000,0
76510001,0
76512000,0
76514000,0
76516000,0
76518000,0
76520000,0
76522000,0
76524000,0
76526001,0
76528000,0
76530000,0
76532001,0
76534000,0
76536000,0
76538000,0
76540000,0
76542001,0
76544001,0
76546001,0
76548001,0
76550000,0
76552000,0
76554000,0
76556000,0
76558001,0
76560000,0
76562000,0
76564000,0
76566000,0
76568000,0
76570001,0
76572000,0
76574000,0
76576000,0
76578000,0
76580001,0
76582000,0
76584000,0
76586000,0
76588000,0
76590001,0
76592000,0
76594000,0
76596000,0
76598000,0
76600000,0
76602001,0
76604001,0
76606000,0
76608000,0
76610000,0
76612001,0
76614000,0
76616001,0
76618000,0
76620001,0
76622000,0
76624000,0
76626001,0
76628000,0
76630000,0
76632001,0
76634000,0
76636001,0
76638001,0
76640000,0
76642000,0
76644000,0
76646001,0
76648000,0
76650000,0
76652000,0
76654001,0
76656000,0
76658000,0
76660000,0
76662000,0
76664001,0
76666000,0
76668000,0
76670000,0
76672000,0
76674000,0
76676000,0
76678000,0
76680000,0
76682001,0
76684000,0
76686000,0
76688000,0
76690000,0
76692000,0
76694001,0
76696000,0
76698000,0
76700000,0
76702000,0
76704000,0
76706001,0
76708001,0
76710000,0
76712000,0
76714000,0
76716000,0
76718000,0
76720000,0
76722000,0
76724000,0
76726000,0
76728000,0
76730000,0
76732001,0
76734000,0
76736000,0
76738000,0
76740000,0
76742000,0
76744000,0
76746001,0
76748000,0
76750000,0
76752000,0
76754001,0
76756000,0
76758000,0
76760000,0
76762000,0
76764001,0
76766000,0
76768000,0
76770000,0
76772000,0
76774000,0
76776000,0
76778000,0
76780000,0
76782000,0
76784000,0
76786000,0
76788001,0
76790000,0
76792001,0
76794000,0
76796000,0
76798000,0
76800001,0
76802000,0
76804000,0
76806000,0
76808000,0
76810000,0
76812000,0
76814000,0
76816000,0
76818000,0
76820000,0
76822000,0
76824001,0
76826001,0
76828000,0
76830000,0
76832001,0
76834001,0
76836000,0
76838001,0
76840000,0
76842001,0
76844000,0
76846000,0
76848000,0
76850000,0
76852000,0
76854001,0
76856000,0
76858000,0
76860001,0
76862000,0
76864000,0
76866000,0
76868000,0
76870000,0
76872000,0
76874001,0
76876001,0
76878000,0
76880000,0
76882000,0
76884000,0
76886000,0
76888000,0
76890000,0
76892000,0
76894000,0
76896000,0
76898000,0
76900000,0
76902000,0
76904000,0
76906000,0
76908001,0
76910000,0
76912000,0
76914000,0
76916001,0
76918000,0
76920001,0
76922000,0
76924001,0
76926000,0
76928001,0
76930000,0
76932000,0
76934000,0
76936001,0
76938000,0
76940001,0
76942000,0
76944000,0
76946000,0
76948000,0
76950000,0
76952001,0
76954000,0
76956000,0
76958000,0
76960001,0
76962000,0
76964000,0
76966001,0
76968001,0
76970001,0
76972000,0
76974000,0
76976000,0
76978000,0
76980000,0
76982000,0
76984000,0
76986001,0
76988001,0
76990000,0
76992001,0
76994001,0
76996000,0
76998000,0
77000001,0
77002000,0
77004000,0
77006000,0
77008000,0
77010000,0
77012001,0
77014000,0
77016000,0
77018000,0
77020000,0
77022001,0
77024000,0
77026000,0
77028000,0
77030000,0
77032000,0
77034001,0
77036000,0
77038001,0
77040000,0
77042001,0
77044001,0
77046000,0
77048000,0
77050000,0
77052000,0
77054000,0
77056001,0
77058000,0
77060000,0
77062000,0
77064000,0
77066001,0
77068000,0
77070000,0
77072000,0
77074001,0
77076000,0
77078001,0
77080000,0
77082001,0
77084000,0
77086000,0
77088000,0
77090001,0
77092000,0
77094001,0
77096000,0
77098001,0
77100001,0
77102000,0
77104000,0
77106001,0
77108000,0
77110000,0
77112000,0
77114000,0
77116000,0
77118000,0
77120000,0
77122000,0
77124000,0
77126001,0
77128000,0
77130000,0
77132000,0
77134001,0
77136000,0
77138000,0
77140001,0
77142000,0
77144000,0
77146000,0
77148001,0
77150000,0
77152001,0
77154000,0
77156000,0
77158000,0
77160001,0
77162000,0
77164000,0
77166001,0
77168000,0
77170001,0
77172000,0
77174000,0
77176000,0
77178000,0
77180001,0
77182000,0
77184001,0
77186000,0
77188001,0
77190001,0
77192000,0
77194000,0
77196001,0
77198000,0
77200001,0
77202001,0
77204000,0
77206000,0
77208001,0
77210001,0
77212000,0
77214000,0
77216000,0
77218001,0
77220000,0
77222000,0
77224000,0
77226000,0
77228000,0
77230001,0
77232000,0
77234000,0
77236000,0
77238000,0
77240001,0
77242000,0
77244001,0
77246000,0
77248000,0
77250001,0
77252000,0
77254000,0
77256001,0
77258000,0
77260001,0
77262000,0
77264000,0
77266001,0
77268000,0
77270001,0
77272000,0
77274001,0
77276000,0
77278000,0
77280000,0
77282000,0
77284000,0
77286001,0
77288000,0
77290000,0
77292000,0
77294001,0
77296000,0
77298000,0
77300000,0
77302001,0
77304000,0
77306001,0
77308000,0
77310000,0
77312001,0
77314000,0
77316000,0
77318000,0
77320000,0
77322001,0
77324000,0
77326000,0
77328000,0
77330000,0
77332000,0
77334000,0
77336000,0
77338000,0
77340000,0
77342000,0
77344000,0
77346001,0
77348000,0
77350000,0
77352001,0
77354000,0
77356000,0
77358000,0
77360000,0
77362000,0
77364000,0
77366000,0
77368001,0
77370000,0
77372001,0
77374000,0
77376001,0
77378000,0
77380001,0
77382000,0
77384001,0
77386000,0
77388001,0
77390000,0
77392000,0
77394001,0
77396000,0
77398000,0
77400000,0
77402000,0
77404000,0
77406001,0
77408001,0
77410000,0
77412000,0
77414000,0
77416000,0
77418000,0
77420000,0
77422000,0
77424001,0
77426000,0
77428000,0
77430001,0
77432000,0
77434000,0
77436001,0
77438001,0
77440000,0
77442001,0
77444000,0
77446000,0
77448000,0
77450001,0
77452000,0
77454001,0
77456001,0
77458000,0
77460001,0
77462001,0
77464000,0
77466000,0
77468001,0
77470000,0
77472000,0
77474000,0
77476000,0
77478000,0
77480000,0
77482000,0
77484001,0
77486001,0
77488000,0
77490000,0
77492000,0
77494000,0
77496000,0
77498000,0
77500000,0
77502000,0
77504001,0
77506000,0
77508000,0
77510000,0
77512000,0
77514000,0
77516000,0
77518001,0
77520000,0
77522000,0
77524000,0
77526001,0
77528000,0
77530001,0
77532000,0
77534001,0
77536000,0
77538000,0
77540001,0
77542001,0
77544000,0
77546000,0
77548001,0
77550000,0
77552001,0
77554000,0
77556000,0
77558001,0
77560000,0
77562000,0
77564000,0
77566000,0
77568001,0
77570000,0
77572001,0
77574000,0
77576000,0
77578000,0
77580001,0
77582001,0
77584000,0
77586000,0
77588001,0
77590000,0
77592000,0
77594000,0
77596000,0
77598000,0
77600001,0
77602000,0
77604001,0
77606000,0
77608000,0
77610000,0
77612000,0
77614001,0
77616000,0
77618001,0
77620000,0
77622000,0
77624001,0
77626000,0
77628001,0
77630000,0
77632001,0
77634000,0
77636000,0
77638000,0
77640001,0
77642000,0
77644001,0
77646000,0
77648000,0
77650000,0
77652001,0
77654000,0
77656001,0
77658001,0
77660000,0
77662001,0
77664000,0
77666001,0
77668000,0
77670001,0
77672001,0
77674000,0
77676000,0
77678000,0
77680001,0
77682000,0
77684001,0
77686000,0
77688001,0
77690001,0
77692001,0
77694001,0
77696000,0
77698000,0
77700000,0
77702000,0
77704001,0
77706000,0
77708000,0
77710000,0
77712000,0
77714000,0
77716001,0
77718000,0
77720000,0
77722000,0
77724000,0
77726000,0
77728000,0
77730001,0
77732000,0
77734000,0
77736000,0
77738000,0
77740000,0
77742001,0
77744000,0
77746001,0
77748000,0
77750000,0
77752001,0
77754000,0
77756001,0
77758001,0
77760000,0
77762000,0
77764000,0
77766000,0
77768000,0
77770001,0
77772000,0
77774000,0
77776000,0
77778000,0
77780000,0
77782000,0
77784001,0
77786000,0
77788000,0
77790001,0
77792000,0
77794000,0
77796001,0
77798000,0
77800000,0
77802000,0
77804001,0
77806000,0
77808000,0
77810001,0
77812000,0
77814000,0
77816000,0
77818001,0
77820000,0
77822001,0
77824000,0
77826000,0
77828000,0
77830000,0
77832000,0
77834001,0
77836000,0
77838000,0
77840000,0
77842000,0
77844000,0
77846000,0
77848000,0
77850000,0
77852000,0
77854000,0
77856001,0
77858000,0
77860001,0
77862000,0
77864001,0
77866000,0
77868000,0
77870000,0
77872001,0
77874000,0
77876000,0
77878001,0
77880000,0
77882000,0
77884001,0
77886001,0
77888000,0
77890000,0
77892000,0
77894001,0
77896000,0
77898000,0
77900000,0
77902001,0
77904000,0
77906000,0
77908000,0
77910001,0
77912001,0
77914000,0
77916000,0
77918000,0
77920000,0
77922000,0
77924000,0
77926000,0
77928001,0
77930000,0
77932001,0
77934000,0
77936001,0
77938000,0
77940001,0
77942000,0
77944000,0
77946000,0
77948000,0
77950000,0
77952001,0
77954000,0
77956000,0
77958001,0
77960000,0
77962001,0
77964000,0
77966001,0
77968000,0
77970000,0
77972000,0
77974000,0
77976000,0
77978001,0
77980000,0
77982000,0
77984000,0
77986000,0
77988000,0
77990001,0
77992000,0
77994001,0
77996000,0
77998000,0
78000001,0
78002000,0
78004001,0
78006000,0
78008000,0
78010000,0
78012000,0
78014000,0
78016001,0
78018000,0
78020000,0
78022000,0
78024001,0
78026000,0
78028001,0
78030000,0
78032000,0
78034000,0
78036000,0
78038000,0
78040000,0
78042001,0
78044001,0
78046000,0
78048001,0
78050000,0
78052000,0
78054001,0
78056000,0
78058001,0
78060000,0
78062000,0
78064000,0
78066001,0
78068000,0
78070001,0
78072000,0
78074000,0
78076001,0
78078000,0
78080000,0
78082000,0
78084000,0
78086000,0
78088000,0
78090000,0
78092000,0
78094000,0
78096000,0
78098000,0
78100000,0
78102000,0
78104000,0
78106001,0
78108000,0
78110000,0
78112000,0
78114000,0
78116000,0
78118000,0
78120001,0
78122000,0
78124000,0
78126000,0
78128000,0
78130001,0
78132000,0
78134000,0
78136000,0
78138001,0
78140000,0
78142001,0
78144000,0
78146000,0
78148001,0
78150000,0
78152000,0
78154001,0
78156000,0
78158001,0
78160000,0
78162000,0
78164000,0
78166000,0
78168000,0
78170001,0
78172000,0
78174000,0
78176000,0
78178000,0
78180001,0
78182001,0
78184001,0
78186000,0
78188000,0
78190001,0
78192000,0
78194000,0
78196000,0
78198000,0
78200001,0
78202000,0
78204001,0
78206000,0
78208000,0
78210000,0
78212000,0
78214000,0
78216000,0
78218001,0
78220000,0
78222000,0
78224001,0
78226000,0
78228000,0
78230000,0
78232000,0
78234001,0
78236000,0
78238001,0
78240001,0
78242001,0
78244000,0
78246000,0
78248000,0
78250000,0
78252000,0
78254000,0
78256001,0
78258000,0
78260000,0
78262001,0
78264000,0
78266001,0
78268000,0
78270000,0
78272000,0
78274001,0
78276000,0
78278000,0
78280000,0
78282000,0
78284000,0
78286000,0
78288001,0
78290000,0
78292000,0
78294000,0
78296000,0
78298000,0
78300000,0
78302000,0
78304000,0
78306000,0
78308000,0
78310001,0
78312001,0
78314000,0
78316001,0
78318000,0
78320000,0
78322001,0
78324000,0
78326000,0
78328001,0
78330000,0
78332000,0
78334000,0
78336000,0
78338000,0
78340000,0
78342000,0
78344000,0
78346001,0
78348000,0
78350001,0
78352001,0
78354001,0
78356000,0
78358000,0
78360000,0
78362001,0
78364000,0
78366001,0
78368000,0
78370000,0
78372001,0
78374000,0
78376001,0
78378000,0
78380001,0
78382000,0
78384001,0
78386001,0
78388001,0
78390000,0
78392000,0
78394000,0
78396000,0
78398000,0
78400001,0
78402000,0
78404000,0
78406000,0
78408000,0
78410001,0
78412000,0
78414001,0
78416000,0
78418000,0
78420000,0
78422000,0
78424001,0
78426001,0
78428000,0
78430001,0
78432000,0
78434001,0
78436000,0
78438000,0
78440001,0
78442000,0
78444001,0
78446000,0
78448001,0
78450001,0
78452000,0
78454000,0
78456000,0
78458001,0
78460000,0
78462000,0
78464000,0
78466000,0
78468000,0
78470000,0
78472000,0
78474000,0
78476000,0
78478000,0
78480000,0
78482000,0
78484000,0
78486000,0
78488001,0
78490000,0
78492000,0
78494000,0
78496001,0
78498000,0
78500000,0
78502000,0
78504001,0
78506000,0
78508000,0
78510001,0
78512000,0
78514000,0
78516000,0
78518000,0
78520000,0
78522000,0
78524000,0
78526000,0
78528000,0
78530000,0
78532000,0
78534000,0
78536000,0
78538000,0
78540001,0
78542000,0
78544000,0
78546000,0
78548001,0
78550000,0
78552000,0
78554001,0
78556000,0
78558000,0
78560000,0
78562001,0
78564000,0
78566000,0
78568000,0
78570000,0
78572000,0
78574001,0
78576000,0
78578000,0
78580000,0
78582000,0
78584000,0
78586000,0
78588000,0
78590000,0
78592000,0
78594001,0
78596000,0
78598001,0
78600000,0
78602000,0
78604000,0
78606000,0
78608000,0
78610001,0
78612000,0
78614001,0
78616000,0
78618000,0
78620000,0
78622000,0
78624000,0
78626000,0
78628000,0
78630001,0
78632000,0
78634001,0
78636000,0
78638000,0
78640000,0
78642000,0
78644001,0
78646001,0
78648000,0
78650000,0
78652001,0
78654000,0
78656001,0
78658000,0
78660001,0
78662001,0
78664000,0
78666000,0
78668000,0
78670000,0
78672000,0
78674001,0
78676001,0
78678000,0
78680000,0
78682000,0
78684000,0
78686000,0
78688001,0
78690001,0
78692001,0
78694001,0
78696000,0
78698000,0
78700000,0
78702000,0
78704000,0
78706001,0
78708000,0
78710000,0
78712001,0
78714000,0
78716000,0
78718001,0
78720000,0
78722000,0
78724001,0
78726001,0
78728000,0
78730000,0
78732000,0
78734000,0
78736000,0
78738001,0
78740001,0
78742000,0
78744000,0
78746001,0
78748001,0
78750000,0
78752000,0
78754001,0
78756001,0
78758001,0
78760000,0
78762000,0
78764001,0
78766000,0
78768000,0
78770000,0
78772000,0
78774000,0
78776000,0
78778000,0
78780001,0
78782001,0
78784000,0
78786000,0
78788000,0
78790000,0
78792000,0
78794000,0
78796000,0
78798000,0
78800000,0
78802000,0
78804001,0
78806001,0
78808000,0
78810000,0
78812000,0
78814000,0
78816000,0
78818001,0
78820000,0
78822001,0
78824001,0
78826000,0
78828001,0
78830001,0
78832000,0
78834000,0
78836000,0
78838000,0
78840000,0
78842001,0
78844000,0
78846001,0
78848000,0
78850000,0
78852000,0
78854000,0
78856000,0
78858000,0
78860001,0
78862000,0
78864000,0
78866000,0
78868000,0
78870001,0
78872000,0
78874000,0
78876000,0
78878000,0
78880000,0
78882000,0
78884001,0
78886000,0
78888000,0
78890000,0
78892001,0
78894000,0
78896000,0
78898000,0
78900000,0
78902000,0
78904000,0
78906000,0
78908000,0
78910000,0
78912000,0
78914000,0
78916000,0
78918000,0
78920000,0
78922001,0
78924000,0
78926000,0
78928000,0
78930001,0
78932000,0
78934001,0
78936000,0
78938001,0
78940000,0
78942000,0
78944001,0
78946000,0
78948000,0
78950000,0
78952001,0
78954000,0
78956000,0
78958001,0
78960000,0
78962001,0
78964000,0
78966000,0
78968000,0
78970000,0
78972001,0
78974001,0
78976000,0
78978000,0
78980000,0
78982000,0
78984000,0
78986001,0
78988000,0
78990000,0
78992001,0
78994001,0
78996001,0
78998000,0
79000000,0
79002000,0
79004001,0
79006001,0
79008000,0
79010000,0
79012001,0
79014000,0
79016000,0
79018000,0
79020000,0
79022000,0
79024000,0
79026000,0
79028000,0
79030000,0
79032001,0
79034000,0
79036000,0
79038000,0
79040000,0
79042000,0
79044000,0
79046000,0
79048000,0
79050001,0
79052001,0
79054000,0
79056001,0
79058000,0
79060001,0
79062000,0
79064001,0
79066000,0
79068001,0
79070001,0
79072000,0
79074000,0
79076001,0
79078000,0
79080001,0
79082000,0
79084000,0
79086001,0
79088000,0
79090000,0
79092000,0
79094000,0
79096001,0
79098001,0
79100000,0
79102001,0
79104000,0
79106000,0
79108000,0
79110001,0
79112000,0
79114000,0
79116000,0
79118000,0
79120001,0
79122000,0
79124001,0
79126000,0
79128000,0
79130000,0
79132000,0
79134000,0
79136000,0
79138001,0
79140000,0
79142000,0
79144000,0
79146000,0
79148001,0
79150001,0
79152000,0
79154000,0
79156001,0
79158000,0
79160000,0
79162000,0
79164000,0
79166000,0
79168000,0
79170000,0
79172001,0
79174000,0
79176000,0
79178000,0
79180000,0
79182000,0
79184000,0
79186001,0
79188000,0
79190001,0
79192000,0
79194000,0
79196000,0
79198000,0
79200000,0
79202001,0
79204000,0
79206000,0
79208000,0
79210000,0
79212000,0
79214001,0
79216000,0
79218001,0
79220000,0
79222000,0
79224001,0
79226001,0
79228001,0
79230000,0
79232001,0
79234000,0
79236000,0
79238000,0
79240000,0
79242000,0
79244001,0
79246001,0
79248000,0
79250000,0
79252001,0
79254000,0
79256000,0
79258001,0
79260001,0
79262001,0
79264000,0
79266000,0
79268001,0
79270000,0
79272000,0
79274000,0
79276000,0
79278000,0
79280000,0
79282000,0
79284000,0
79286000,0
79288000,0
79290001,0
79292000,0
79294000,0
79296000,0
79298000,0
79300000,0
79302000,0
79304001,0
79306000,0
79308000,0
79310000,0
79312000,0
79314000,0
79316001,0
79318000,0
79320001,0
79322000,0
79324000,0
79326000,0
79328001,0
79330000,0
79332001,0
79334001,0
79336001,0
79338000,0
79340001,0
79342000,0
79344000,0
79346000,0
79348000,0
79350000,0
79352001,0
79354001,0
79356001,0
79358000,0
79360000,0
79362000,0
79364000,0
79366000,0
79368000,0
79370000,0
79372000,0
79374000,0
79376000,0
79378000,0
79380001,0
79382001,0
79384000,0
79386000,0
79388000,0
79390000,0
79392000,0
79394000,0
79396000,0
79398000,0
79400001,0
79402000,0
79404000,0
79406000,0
79408000,0
79410000,0
79412000,0
79414000,0
79416000,0
79418000,0
79420000,0
79422000,0
79424001,0
79426000,0
79428000,0
79430001,0
79432001,0
79434001,0
79436000,0
79438001,0
79440000,0
79442000,0
79444001,0
79446000,0
79448001,0
79450000,0
79452001,0
79454001,0
79456000,0
79458000,0
79460000,0
79462000,0
79464000,0
79466000,0
79468001,0
79470000,0
79472000,0
79474000,0
79476000,0
79478000,0
79480001,0
79482000,0
79484001,0
79486000,0
79488000,0
79490001,0
79492000,0
79494001,0
79496000,0
79498001,0
79500000,0
79502000,0
79504000,0
79506000,0
79508001,0
79510000,0
79512000,0
79514000,0
79516001,0
79518000,0
79520001,0
79522000,0
79524000,0
79526000,0
79528000,0
79530001,0
79532000,0
79534000,0
79536000,0
79538001,0
79540000,0
79542000,0
79544001,0
79546001,0
79548001,0
79550000,0
79552000,0
79554001,0
79556000,0
79558001,0
79560000,0
79562000,0
79564001,0
79566000,0
79568000,0
79570000,0
79572001,0
79574000,0
79576001,0
79578000,0
79580001,0
79582000,0
79584000,0
79586000,0
79588000,0
79590000,0
79592000,0
79594001,0
79596000,0
79598000,0
79600000,0
79602001,0
79604000,0
79606000,0
79608001,0
79610000,0
79612000,0
79614000,0
79616001,0
79618000,0
79620001,0
79622000,0
79624000,0
79626001,0
79628000,0
79630000,0
79632001,0
79634001,0
79636000,0
79638000,0
79640000,0
79642000,0
79644001,0
79646000,0
79648000,0
79650000,0
79652001,0
79654001,0
79656000,0
79658001,0
79660001,0
79662001,0
79664000,0
79666000,0
79668001,0
79670000,0
79672000,0
79674000,0
79676001,0
79678000,0
79680000,0
79682001,0
79684000,0
79686000,0
79688000,0
79690000,0
79692001,0
79694001,0
79696000,0
79698000,0
79700000,0
79702001,0
79704000,0
79706000,0
79708000,0
79710000,0
79712000,0
79714000,0
79716001,0
79718000,0
79720000,0
79722001,0
79724000,0
79726001,0
79728000,0
79730000,0
79732000,0
79734001,0
79736001,0
79738000,0
79740001,0
79742000,0
79744000,0
79746000,0
79748000,0
79750001,0
79752001,0
79754001,0
79756000,0
79758001,0
79760000,0
79762000,0
79764000,0
79766000,0
79768000,0
79770000,0
79772001,0
79774000,0
79776000,0
79778000,0
79780001,0
79782000,0
79784001,0
79786000,0
79788000,0
79790001,0
79792000,0
79794000,0
79796000,0
79798000,0
79800001,0
79802000,0
79804001,0
79806000,0
79808000,0
79810000,0
79812001,0
79814001,0
79816001,0
79818000,0
79820001,0
79822000,0
79824000,0
79826000,0
79828000,0
79830000,0
79832000,0
79834000,0
79836001,0
79838000,0
79840001,0
79842000,0
79844000,0
79846000,0
79848001,0
79850001,0
79852000,0
79854001,0
79856000,0
79858001,0
79860000,0
79862000,0
79864001,0
79866000,0
79868001,0
79870000,0
79872001,0
79874000,0
79876001,0
79878000,0
79880000,0
79882001,0
79884000,0
79886000,0
79888000,0
79890001,0
79892000,0
79894001,0
79896000,0
79898001,0
79900000,0
79902000,0
79904000,0
79906001,0
79908001,0
79910000,0
79912001,0
79914000,0
79916000,0
79918001,0
79920000,0
79922001,0
79924001,0
79926000,0
79928001,0
79930001,0
79932000,0
79934000,0
79936001,0
79938001,0
79940000,0
79942000,0
79944000,0
79946001,0
79948000,0
79950001,0
79952000,0
79954001,0
79956000,0
79958000,0
79960000,0
79962001,0
79964000,0
79966001,0
79968000,0
79970001,0
79972001,0
79974000,0
79976000,0
79978000,0
79980001,0
79982000,0
79984000,0
79986000,0
79988000,0
79990001,0
79992000,0
79994001,0
79996001,0
79998001,0
80000000,0
80002001,0
80004001,0
80006000,0
80008000,0
80010000,0
80012000,0
80014000,0
80016000,0
80018001,0
80020000,0
80022001,0
80024001,0
80026001,0
80028000,0
80030000,0
80032000,0
80034000,0
80036001,0
80038001,0
80040000,0
80042000,0
80044000,0
80046000,0
80048000,0
80050000,0
80052000,0
80054000,0
80056001,0
80058001,0
80060000,0
80062001,0
80064001,0
80066001,0
80068000,0
80070001,0
80072000,0
80074000,0
80076000,0
80078000,0
80080000,0
80082001,0
80084000,0
80086001,0
80088000,0
80090000,0
80092000,0
80094001,0
80096000,0
80098001,0
80100000,0
80102000,0
80104001,0
80106000,0
80108000,0
80110001,0
80112000,0
80114001,0
80116001,0
80118001,0
80120001,0
80122000,0
80124000,0
80126000,0
80128001,0
80130000,0
80132000,0
80134001,0
80136000,0
80138000,0
80140001,0
80142000,0
80144000,0
80146000,0
80148001,0
80150000,0
80152000,0
80154000,0
80156000,0
80158000,0
80160001,0
80162000,0
80164001,0
80166000,0
80168000,0
80170000,0
80172000,0
80174000,0
80176001,0
80178001,0
80180001,0
80182000,0
80184001,0
80186000,0
80188000,0
80190000,0
80192000,0
80194000,0
80196000,0
80198001,0
80200000,0
80202001,0
80204000,0
80206001,0
80208000,0
80210001,0
80212000,0
80214000,0
80216001,0
80218000,0
80220000,0
80222000,0
80224001,0
80226000,0
80228001,0
80230000,0
80232000,0
80234000,0
80236001,0
80238001,0
80240000,0
80242000,0
80244000,0
80246000,0
80248000,0
80250000,0
80252000,0
80254000,0
80256000,0
80258000,0
80260000,0
80262000,0
80264001,0
80266000,0
80268000,0
80270000,0
80272000,0
80274001,0
80276000,0
80278001,0
80280000,0
80282000,0
80284000,0
80286000,0
80288001,0
80290000,0
80292000,0
80294000,0
80296000,0
80298000,0
80300001,0
80302000,0
80304000,0
80306000,0
80308001,0
80310000,0
80312001,0
80314000,0
80316001,0
80318000,0
80320000,0
80322001,0
80324001,0
80326000,0
80328000,0
80330001,0
80332000,0
80334000,0
80336001,0
80338001,0
80340001,0
80342000,0
80344001,0
80346000,0
80348001,0
80350000,0
80352000,0
80354001,0
80356001,0
80358001,0
80360001,0
80362001,0
80364000,0
80366000,0
80368001,0
80370001,0
80372000,0
80374000,0
80376001,0
80378000,0
80380000,0
80382001,0
80384000,0
80386000,0
80388000,0
80390000,0
80392000,0
80394001,0
80396000,0
80398001,0
80400000,0
80402000,0
80404000,0
80406001,0
80408000,0
80410001,0
80412000,0
80414000,0
80416000,0
80418000,0
80420000,0
80422000,0
80424001,0
80426000,0
80428001,0
80430000,0
80432001,0
80434000,0
80436000,0
80438000,0
80440001,0
80442000,0
80444000,0
80446000,0
80448000,0
80450000,0
80452000,0
80454000,0
80456001,0
80458000,0
80460000,0
80462000,0
80464000,0
80466000,0
80468001,0
80470001,0
80472000,0
80474000,0
80476001,0
80478001,0
80480000,0
80482000,0
80484001,0
80486000,0
80488001,0
80490000,0
80492000,0
80494000,0
80496001,0
80498000,0
80500000,0
80502001,0
80504000,0
80506000,0
80508001,0
80510000,0
80512000,0
80514001,0
80516000,0
80518000,0
80520001,0
80522000,0
80524000,0
80526000,0
80528000,0
80530000,0
80532000,0
80534001,0
80536001,0
80538001,0
80540000,0
80542000,0
80544000,0
80546000,0
80548001,0
80550000,0
80552001,0
80554000,0
80556001,0
80558001,0
80560000,0
80562000,0
80564000,0
80566000,0
80568001,0
80570001,0
80572000,0
80574001,0
80576001,0
80578000,0
80580000,0
80582000,0
80584000,0
80586000,0
80588000,0
80590000,0
80592001,0
80594001,0
80596000,0
80598000,0
80600000,0
80602001,0
80604000,0
80606000,0
80608000,0
80610000,0
80612001,0
80614001,0
80616000,0
80618001,0
80620000,0
80622000,0
80624000,0
80626001,0
80628001,0
80630000,0
80632001,0
80634000,0
80636000,0
80638000,0
80640000,0
80642000,0
80644000,0
80646000,0
80648001,0
80650000,0
80652000,0
80654001,0
80656001,0
80658001,0
80660000,0
80662000,0
80664000,0
80666001,0
80668000,0
80670000,0
80672000,0
80674000,0
80676001,0
80678000,0
80680000,0
80682000,0
80684000,0
80686000,0
80688000,0
80690001,0
80692000,0
80694000,0
80696000,0
80698000,0
80700000,0
80702000,0
80704000,0
80706000,0
80708001,0
80710000,0
80712001,0
80714001,0
80716000,0
80718001,0
80720001,0
80722000,0
80724001,0
80726000,0
80728000,0
80730001,0
80732000,0
80734001,0
80736000,0
80738000,0
80740001,0
80742000,0
80744000,0
80746000,0
80748000,0
80750000,0
80752001,0
80754001,0
80756000,0
80758001,0
80760000,0
80762000,0
80764000,0
80766001,0
80768000,0
80770001,0
80772001,0
80774001,0
80776000,0
80778000,0
80780000,0
80782000,0
80784000,0
80786000,0
80788000,0
80790000,0
80792000,0
80794000,0
80796001,0
80798000,0
80800000,0
80802000,0
80804000,0
80806000,0
80808000,0
80810001,0
80812000,0
80814000,0
80816000,0
80818000,0
80820001,0
80822000,0
80824001,0
80826000,0
80828001,0
80830000,0
80832000,0
80834000,0
80836000,0
80838001,0
80840001,0
80842000,0
80844000,0
80846000,0
80848000,0
80850000,0
80852000,0
80854001,0
80856001,0
80858000,0
80860000,0
80862000,0
80864000,0
80866001,0
80868001,0
80870000,0
80872001,0
80874000,0
80876000,0
80878000,0
80880001,0
80882000,0
80884000,0
80886001,0
80888000,0
80890000,0
80892000,0
80894001,0
80896000,0
80898000,0
80900001,0
80902000,0
80904000,0
80906000,0
80908000,0
80910000,0
80912000,0
80914001,0
80916000,0
80918000,0
80920001,0
80922000,0
80924001,0
80926000,0
80928001,0
80930000,0
80932001,0
80934000,0
80936000,0
80938000,0
80940000,0
80942001,0
80944000,0
80946000,0
80948001,0
80950000,0
80952001,0
80954000,0
80956000,0
80958001,0
80960000,0
80962000,0
80964000,0
80966001,0
80968000,0
80970000,0
80972000,0
80974000,0
80976001,0
80978000,0
80980001,0
80982000,0
80984000,0
80986001,0
80988000,0
80990000,0
80992001,0
80994001,0
80996000,0
80998001,0
81000000,0
81002000,0
81004001,0
81006000,0
81008001,0
81010001,0
81012000,0
81014000,0
81016001,0
81018000,0
81020000,0
81022001,0
81024001,0
81026000,0
81028000,0
81030000,0
81032000,0
81034000,0
81036001,0
81038001,0
81040000,0
81042000,0
81044001,0
81046001,0
81048000,0
81050000,0
81052000,0
81054001,0
81056000,0
81058000,0
81060000,0
81062000,0
81064000,0
81066000,0
81068000,0
81070000,0
81072000,0
81074000,0
81076000,0
81078000,0
81080001,0
81082000,0
81084000,0
81086000,0
81088000,0
81090000,0
81092000,0
81094000,0
81096000,0
81098001,0
81100000,0
81102001,0
81104000,0
81106000,0
81108000,0
81110001,0
81112000,0
81114001,0
81116000,0
81118001,0
81120001,0
81122001,0
81124000,0
81126000,0
81128000,0
81130000,0
81132001,0
81134000,0
81136000,0
81138000,0
81140001,0
81142000,0
81144000,0
81146000,0
81148000,0
81150000,0
81152000,0
81154001,0
81156000,0
81158000,0
81160001,0
81162000,0
81164000,0
81166001,0
81168000,0
81170000,0
81172000,0
81174000,0
81176000,0
81178001,0
81180000,0
81182000,0
81184000,0
81186000,0
81188001,0
81190000,0
81192001,0
81194000,0
81196000,0
81198001,0
81200000,0
81202000,0
81204000,0
81206001,0
81208000,0
81210001,0
81212000,0
81214001,0
81216001,0
81218000,0
81220000,0
81222001,0
81224000,0
81226001,0
81228001,0
81230000,0
81232000,0
81234000,0
81236000,0
81238001,0
81240000,0
81242001,0
81244001,0
81246000,0
81248000,0
81250001,0
81252000,0
81254000,0
81256001,0
81258000,0
81260000,0
81262000,0
81264000,0
81266001,0
81268000,0
81270000,0
81272001,0
81274000,0
81276000,0
81278000,0
81280000,0
81282000,0
81284001,0
81286000,0
81288000,0
81290000,0
81292000,0
81294000,0
81296000,0
81298000,0
81300000,0
81302001,0
81304000,0
81306001,0
81308000,0
81310000,0
81312000,0
81314000,0
81316000,0
81318000,0
81320001,0
81322001,0
81324000,0
81326000,0
81328000,0
81330000,0
81332000,0
81334001,0
81336000,0
81338000,0
81340000,0
81342000,0
81344000,0
81346001,0
81348000,0
81350000,0
81352001,0
81354000,0
81356000,0
81358001,0
81360000,0
81362001,0
81364000,0
81366000,0
81368000,0
81370001,0
81372000,0
81374001,0
81376000,0
81378000,0
81380000,0
81382000,0
81384000,0
81386000,0
81388000,0
81390001,0
81392000,0
81394000,0
81396001,0
81398000,0
81400000,0
81402001,0
81404000,0
81406001,0
81408000,0
81410000,0
81412000,0
81414001,0
81416000,0
81418000,0
81420001,0
81422001,0
81424000,0
81426001,0
81428000,0
81430000,0
81432000,0
81434000,0
81436000,0
81438000,0
81440000,0
81442000,0
81444001,0
81446000,0
81448001,0
81450000,0
81452001,0
81454001,0
81456000,0
81458000,0
81460000,0
81462000,0
81464001,0
81466000,0
81468001,0
81470001,0
81472001,0
81474000,0
81476000,0
81478000,0
81480001,0
81482001,0
81484001,0
81486000,0
81488000,0
81490001,0
81492001,0
81494001,0
81496001,0
81498000,0
81500000,0
81502001,0
81504000,0
81506000,0
81508000,0
81510000,0
81512001,0
81514000,0
81516000,0
81518001,0
81520000,0
81522000,0
81524000,0
81526000,0
81528001,0
81530001,0
81532000,0
81534000,0
81536001,0
81538000,0
81540001,0
81542001,0
81544000,0
81546000,0
81548000,0
81550000,0
81552000,0
81554001,0
81556000,0
81558000,0
81560000,0
81562000,0
81564000,0
81566000,0
81568001,0
81570001,0
81572001,0
81574000,0
81576001,0
81578000,0
81580001,0
81582001,0
81584000,0
81586001,0
81588000,0
81590000,0
81592000,0
81594000,0
81596001,0
81598001,0
81600000,0
81602001,0
81604001,0
81606000,0
81608001,0
81610000,0
81612000,0
81614001,0
81616000,0
81618001,0
81620000,0
81622001,0
81624000,0
81626000,0
81628000,0
81630001,0
81632000,0
81634000,0
81636000,0
81638000,0
81640000,0
81642000,0
81644001,0
81646001,0
81648000,0
81650000,0
81652001,0
81654000,0
81656000,0
81658000,0
81660000,0
81662000,0
81664000,0
81666000,0
81668001,0
81670001,0
81672000,0
81674000,0
81676001,0
81678000,0
81680000,0
81682000,0
81684001,0
81686000,0
81688000,0
81690000,0
81692000,0
81694000,0
81696000,0
81698000,0
81700000,0
81702000,0
81704000,0
81706001,0
81708000,0
81710000,0
81712001,0
81714001,0
81716001,0
81718000,0
81720001,0
81722000,0
81724001,0
81726000,0
81728001,0
81730000,0
81732000,0
81734000,0
81736001,0
81738000,0
81740001,0
81742000,0
81744000,0
81746000,0
81748001,0
81750000,0
81752000,0
81754000,0
81756000,0
81758000,0
81760000,0
81762000,0
81764000,0
81766000,0
81768001,0
81770000,0
81772000,0
81774001,0
81776000,0
81778000,0
81780000,0
81782001,0
81784001,0
81786000,0
81788000,0
81790001,0
81792000,0
81794001,0
81796000,0
81798001,0
81800000,0
81802000,0
81804001,0
81806001,0
81808000,0
81810001,0
81812001,0
81814000,0
81816000,0
81818001,0
81820000,0
81822001,0
81824001,0
81826000,0
81828000,0
81830000,0
81832000,0
81834001,0
81836000,0
81838000,0
81840001,0
81842000,0
81844000,0
81846000,0
81848000,0
81850001,0
81852000,0
81854001,0
81856001,0
81858000,0
81860001,0
81862000,0
81864000,0
81866001,0
81868000,0
81870000,0
81872000,0
81874001,0
81876000,0
81878000,0
81880000,0
81882000,0
81884000,0
81886000,0
81888000,0
81890001,0
81892001,0
81894000,0
81896000,0
81898000,0
81900000,0
81902000,0
81904001,0
81906000,0
81908001,0
81910000,0
81912000,0
81914000,0
81916000,0
81918000,0
81920000,0
81922000,0
81924000,0
81926001,0
81928000,0
81930000,0
81932000,0
81934001,0
81936001,0
81938001,0
81940000,0
81942000,0
81944000,0
81946000,0
81948000,0
81950000,0
81952000,0
81954000,0
81956000,0
81958000,0
81960000,0
81962000,0
81964000,0
81966000,0
81968000,0
81970001,0
81972000,0
81974000,0
81976000,0
81978001,0
81980000,0
81982000,0
81984000,0
81986000,0
81988001,0
81990000,0
81992001,0
81994000,0
81996000,0
81998000,0
82000000,0
82002000,0
82004001,0
82006000,0
82008000,0
82010000,0
82012000,0
82014001,0
82016000,0
82018000,0
82020000,0
82022001,0
82024001,0
82026001,0
82028000,0
82030000,0
82032000,0
82034000,0
82036000,0
82038000,0
82040000,0
82042001,0
82044000,0
82046000,0
82048000,0
82050000,0
82052001,0
82054000,0
82056000,0
82058000,0
82060000,0
82062001,0
82064001,0
82066001,0
82068001,0
82070000,0
82072001,0
82074000,0
82076001,0
82078000,0
82080000,0
82082001,0
82084000,0
82086000,0
82088000,0
82090001,0
82092000,0
82094001,0
82096000,0
82098001,0
82100001,0
82102001,0
82104000,0
82106000,0
82108000,0
82110000,0
82112000,0
82114000,0
82116000,0
82118001,0
82120000,0
82122001,0
82124000,0
82126001,0
82128000,0
82130001,0
82132000,0
82134000,0
82136000,0
82138001,0
82140000,0
82142001,0
82144000,0
82146000,0
82148000,0
82150001,0
82152000,0
82154000,0
82156000,0
82158000,0
82160000,0
82162001,0
82164000,0
82166001,0
82168000,0
82170000,0
82172001,0
82174000,0
82176000,0
82178000,0
82180001,0
82182000,0
82184000,0
82186000,0
82188000,0
82190001,0
82192000,0
82194001,0
82196000,0
82198000,0
82200000,0
82202001,0
82204000,0
82206000,0
82208000,0
82210000,0
82212001,0
82214000,0
82216000,0
82218001,0
82220000,0
82222000,0
82224000,0
82226001,0
82228000,0
82230001,0
82232001,0
82234000,0
82236001,0
82238000,0
82240000,0
82242000,0
82244001,0
82246000,0
82248001,0
82250001,0
82252000,0
82254001,0
82256000,0
82258000,0
82260001,0
82262000,0
82264000,0
82266001,0
82268000,0
82270000,0
82272000,0
82274000,0
82276001,0
82278000,0
82280000,0
82282000,0
82284001,0
82286000,0
82288000,0
82290000,0
82292001,0
82294001,0
82296000,0
82298000,0
82300000,0
82302001,0
82304000,0
82306001,0
82308001,0
82310001,0
82312000,0
82314000,0
82316000,0
82318001,0
82320000,0
82322000,0
82324000,0
82326000,0
82328001,0
82330000,0
82332000,0
82334000,0
82336001,0
82338001,0
82340000,0
82342000,0
82344000,0
82346000,0
82348001,0
82350000,0
82352000,0
82354000,0
82356000,0
82358000,0
82360000,0
82362000,0
82364000,0
82366001,0
82368000,0
82370000,0
82372000,0
82374000,0
82376000,0
82378000,0
82380000,0
82382000,0
82384000,0
82386000,0
82388000,0
82390000,0
82392001,0
82394001,0
82396000,0
82398000,0
82400000,0
82402000,0
82404000,0
82406001,0
82408001,0
82410001,0
82412000,0
82414000,0
82416000,0
82418000,0
82420000,0
82422000,0
82424001,0
82426000,0
82428000,0
82430000,0
82432001,0
82434000,0
82436000,0
82438001,0
82440000,0
82442000,0
82444000,0
82446000,0
82448000,0
82450000,0
82452000,0
82454000,0
82456000,0
82458000,0
82460000,0
82462000,0
82464000,0
82466000,0
82468000,0
82470001,0
82472001,0
82474000,0
82476000,0
82478000,0
82480001,0
82482000,0
82484000,0
82486000,0
82488000,0
82490000,0
82492000,0
82494001,0
82496000,0
82498000,0
82500000,0
82502000,0
82504001,0
82506000,0
82508001,0
82510000,0
82512001,0
82514000,0
82516000,0
82518001,0
82520000,0
82522000,0
82524000,0
82526000,0
82528000,0
82530000,0
82532000,0
82534000,0
82536000,0
82538000,0
82540000,0
82542000,0
82544000,0
82546001,0
82548000,0
82550000,0
82552001,0
82554000,0
82556001,0
82558001,0
82560000,0
82562000,0
82564000,0
82566001,0
82568000,0
82570001,0
82572000,0
82574001,0
82576000,0
82578000,0
82580000,0
82582001,0
82584000,0
82586001,0
82588001,0
82590000,0
82592001,0
82594000,0
82596001,0
82598000,0
82600000,0
82602001,0
82604001,0
82606000,0
82608001,0
82610000,0
82612000,0
82614000,0
82616001,0
82618000,0
82620000,0
82622001,0
82624001,0
82626000,0
82628000,0
82630001,0
82632000,0
82634000,0
82636000,0
82638001,0
82640000,0
82642000,0
82644000,0
82646000,0
82648001,0
82650000,0
82652000,0
82654001,0
82656001,0
82658000,0
82660000,0
82662001,0
82664000,0
82666001,0
82668000,0
82670000,0
82672000,0
82674000,0
82676000,0
82678000,0
82680001,0
82682000,0
82684000,0
82686000,0
82688000,0
82690001,0
82692000,0
82694000,0
82696001,0
82698000,0
82700000,0
82702001,0
82704000,0
82706001,0
82708000,0
82710000,0
82712001,0
82714000,0
82716000,0
82718000,0
82720001,0
82722000,0
82724000,0
82726000,0
82728000,0
82730000,0
82732000,0
82734000,0
82736001,0
82738000,0
82740000,0
82742000,0
82744000,0
82746000,0
82748000,0
82750001,0
82752000,0
82754000,0
82756001,0
82758000,0
82760001,0
82762000,0
82764001,0
82766000,0
82768000,0
82770000,0
82772000,0
82774000,0
82776001,0
82778000,0
82780000,0
82782000,0
82784001,0
82786000,0
82788000,0
82790001,0
82792000,0
82794000,0
82796001,0
82798001,0
82800000,0
82802000,0
82804001,0
82806000,0
82808000,0
82810000,0
82812001,0
82814000,0
82816000,0
82818001,0
82820001,0
82822000,0
82824000,0
82826000,0
82828001,0
82830000,0
82832000,0
82834001,0
82836000,0
82838000,0
82840000,0
82842000,0
82844000,0
82846001,0
82848001,0
82850000,0
82852001,0
82854000,0
82856000,0
82858001,0
82860000,0
82862000,0
82864000,0
82866001,0
82868001,0
82870000,0
82872001,0
82874000,0
82876001,0
82878000,0
82880000,0
82882000,0
82884000,0
82886000,0
82888000,0
82890001,0
82892000,0
82894000,0
82896001,0
82898001,0
82900000,0
82902001,0
82904000,0
82906001,0
82908000,0
82910000,0
82912001,0
82914000,0
82916001,0
82918000,0
82920000,0
82922000,0
82924000,0
82926000,0
82928000,0
82930000,0
82932001,0
82934000,0
82936001,0
82938000,0
82940001,0
82942000,0
82944000,0
82946000,0
82948001,0
82950000,0
82952000,0
82954000,0
82956001,0
82958000,0
82960001,0
82962000,0
82964000,0
82966001,0
82968000,0
82970000,0
82972001,0
82974000,0
82976001,0
82978000,0
82980001,0
82982000,0
82984000,0
82986001,0
82988000,0
82990001,0
82992000,0
82994000,0
82996000,0
82998000,0
83000000,0
83002001,0
83004000,0
83006000,0
83008000,0
83010000,0
83012000,0
83014000,0
83016000,0
83018001,0
83020000,0
83022000,0
83024001,0
83026001,0
83028000,0
83030000,0
83032000,0
83034000,0
83036001,0
83038000,0
83040000,0
83042000,0
83044001,0
83046000,0
83048000,0
83050000,0
83052000,0
83054000,0
83056001,0
83058001,0
83060000,0
83062000,0
83064000,0
83066000,0
83068000,0
83070000,0
83072000,0
83074000,0
83076000,0
83078000,0
83080000,0
83082000,0
83084000,0
83086000,0
83088001,0
83090001,0
83092000,0
83094000,0
83096001,0
83098000,0
83100001,0
83102000,0
83104000,0
83106001,0
83108001,0
83110000,0
83112000,0
83114000,0
83116000,0
83118001,0
83120001,0
83122000,0
83124001,0
83126001,0
83128000,0
83130000,0
83132000,0
83134001,0
83136000,0
83138000,0
83140001,0
83142001,0
83144000,0
83146001,0
83148000,0
83150001,0
83152000,0
83154000,0
83156000,0
83158001,0
83160000,0
83162000,0
83164000,0
83166001,0
83168000,0
83170000,0
83172000,0
83174000,0
83176001,0
83178001,0
83180000,0
83182000,0
83184000,0
83186001,0
83188000,0
83190000,0
83192000,0
83194000,0
83196001,0
83198001,0
83200000,0
83202000,0
83204000,0
83206000,0
83208000,0
83210000,0
83212000,0
83214000,0
83216001,0
83218001,0
83220000,0
83222001,0
83224000,0
83226001,0
83228000,0
83230001,0
83232000,0
83234001,0
83236000,0
83238000,0
83240001,0
83242000,0
83244001,0
83246000,0
83248000,0
83250000,0
83252001,0
83254000,0
83256000,0
83258000,0
83260000,0
83262001,0
83264000,0
83266000,0
83268000,0
83270001,0
83272000,0
83274001,0
83276000,0
83278000,0
83280000,0
83282000,0
83284001,0
83286000,0
83288000,0
83290000,0
83292001,0
83294000,0
83296001,0
83298000,0
83300001,0
83302000,0
83304000,0
83306000,0
83308001,0
83310000,0
83312001,0
83314000,0
83316001,0
83318001,0
83320001,0
83322000,0
83324000,0
83326001,0
83328001,0
83330000,0
83332001,0
83334000,0
83336001,0
83338000,0
83340000,0
83342001,0
83344000,0
83346000,0
83348000,0
83350001,0
83352000,0
83354000,0
83356000,0
83358000,0
83360000,0
83362001,0
83364000,0
83366000,0
83368000,0
83370001,0
83372000,0
83374001,0
83376000,0
83378001,0
83380000,0
83382000,0
83384000,0
83386000,0
83388001,0
83390000,0
83392000,0
83394001,0
83396000,0
83398001,0
83400001,0
83402000,0
83404000,0
83406001,0
83408000,0
83410000,0
83412001,0
83414000,0
83416000,0
83418000,0
83420000,0
83422001,0
83424000,0
83426000,0
83428000,0
83430000,0
83432001,0
83434000,0
83436000,0
83438000,0
83440000,0
83442000,0
83444001,0
83446001,0
83448000,0
83450001,0
83452000,0
83454000,0
83456001,0
83458000,0
83460001,0
83462001,0
83464000,0
83466000,0
83468000,0
83470001,0
83472000,0
83474000,0
83476001,0
83478001,0
83480001,0
83482000,0
83484000,0
83486000,0
83488000,0
83490001,0
83492000,0
83494001,0
83496000,0
83498000,0
83500001,0
83502001,0
83504000,0
83506001,0
83508000,0
83510001,0
83512000,0
83514000,0
83516000,0
83518000,0
83520001,0
83522000,0
83524000,0
83526000,0
83528000,0
83530001,0
83532000,0
83534000,0
83536001,0
83538001,0
83540000,0
83542000,0
83544000,0
83546001,0
83548000,0
83550001,0
83552000,0
83554000,0
83556001,0
83558000,0
83560000,0
83562000,0
83564001,0
83566000,0
83568000,0
83570001,0
83572000,0
83574000,0
83576000,0
83578000,0
83580000,0
83582000,0
83584001,0
83586000,0
83588001,0
83590000,0
83592000,0
83594000,0
83596001,0
83598000,0
83600000,0
83602000,0
83604001,0
83606000,0
83608001,0
83610000,0
83612000,0
83614000,0
83616000,0
83618000,0
83620001,0
83622000,0
83624000,0
83626000,0
83628000,0
83630000,0
83632000,0
83634000,0
83636001,0
83638000,0
83640001,0
83642000,0
83644001,0
83646000,0
83648000,0
83650001,0
83652000,0
83654000,0
83656001,0
83658001,0
83660000,0
83662000,0
83664000,0
83666000,0
83668001,0
83670001,0
83672000,0
83674000,0
83676000,0
83678000,0
83680000,0
83682000,0
83684001,0
83686000,0
83688001,0
83690000,0
83692000,0
83694001,0
83696000,0
83698000,0
83700000,0
83702000,0
83704001,0
83706000,0
83708000,0
83710001,0
83712001,0
83714000,0
83716000,0
83718001,0
83720000,0
83722000,0
83724000,0
83726000,0
83728001,0
83730000,0
83732000,0
83734000,0
83736000,0
83738000,0
83740001,0
83742000,0
83744000,0
83746001,0
83748001,0
83750000,0
83752000,0
83754000,0
83756001,0
83758000,0
83760001,0
83762000,0
83764000,0
83766000,0
83768000,0
83770000,0
83772001,0
83774000,0
83776000,0
83778000,0
83780000,0
83782000,0
83784000,0
83786000,0
83788001,0
83790000,0
83792000,0
83794000,0
83796000,0
83798000,0
83800000,0
83802001,0
83804001,0
83806000,0
83808000,0
83810000,0
83812000,0
83814001,0
83816001,0
83818000,0
83820000,0
83822000,0
83824001,0
83826000,0
83828000,0
83830000,0
83832000,0
83834000,0
83836000,0
83838000,0
83840001,0
83842001,0
83844000,0
83846001,0
83848001,0
83850000,0
83852000,0
83854000,0
83856000,0
83858001,0
83860000,0
83862000,0
83864001,0
83866000,0
83868000,0
83870000,0
83872001,0
83874000,0
83876000,0
83878001,0
83880000,0
83882000,0
83884000,0
83886000,0
83888000,0
83890001,0
83892000,0
83894000,0
83896000,0
83898000,0
83900001,0
83902001,0
83904001,0
83906000,0
83908001,0
83910000,0
83912001,0
83914000,0
83916000,0
83918000,0
83920000,0
83922001,0
83924000,0
83926000,0
83928000,0
83930000,0
83932001,0
83934001,0
83936000,0
83938000,0
83940001,0
83942000,0
83944000,0
83946000,0
83948000,0
83950000,0
83952000,0
83954000,0
83956001,0
83958000,0
83960000,0
83962001,0
83964001,0
83966000,0
83968000,0
83970000,0
83972001,0
83974000,0
83976001,0
83978001,0
83980000,0
83982000,0
83984001,0
83986000,0
83988001,0
83990000,0
83992000,0
83994000,0
83996001,0
83998000,0
84000000,0
84002000,0
84004001,0
84006000,0
84008000,0
84010000,0
84012000,0
84014000,0
84016001,0
84018000,0
84020001,0
84022000,0
84024001,0
84026000,0
84028001,0
84030000,0
84032000,0
84034000,0
84036000,0
84038000,0
84040001,0
84042000,0
84044000,0
84046000,0
84048000,0
84050001,0
84052000,0
84054001,0
84056000,0
84058000,0
84060001,0
84062001,0
84064000,0
84066000,0
84068000,0
84070000,0
84072000,0
84074001,0
84076000,0
84078001,0
84080000,0
84082000,0
84084000,0
84086000,0
84088000,0
84090001,0
84092000,0
84094000,0
84096000,0
84098000,0
84100001,0
84102000,0
84104000,0
84106000,0
84108000,0
84110001,0
84112000,0
84114001,0
84116001,0
84118000,0
84120001,0
84122001,0
84124000,0
84126000,0
84128000,0
84130000,0
84132000,0
84134000,0
84136000,0
84138001,0
84140000,0
84142000,0
84144000,0
84146000,0
84148000,0
84150000,0
84152001,0
84154000,0
84156000,0
84158001,0
84160000,0
84162000,0
84164000,0
84166000,0
84168001,0
84170001,0
84172001,0
84174000,0
84176000,0
84178000,0
84180000,0
84182001,0
84184001,0
84186000,0
84188000,0
84190000,0
84192000,0
84194000,0
84196000,0
84198000,0
84200001,0
84202001,0
84204000,0
84206000,0
84208000,0
84210000,0
84212000,0
84214001,0
84216001,0
84218000,0
84220001,0
84222000,0
84224000,0
84226000,0
84228000,0
84230000,0
84232000,0
84234000,0
84236001,0
84238000,0
84240000,0
84242001,0
84244001,0
84246000,0
84248000,0
84250001,0
84252000,0
84254000,0
84256001,0
84258000,0
84260000,0
84262000,0
84264001,0
84266000,0
84268001,0
84270000,0
84272000,0
84274000,0
84276000,0
84278000,0
84280001,0
84282000,0
84284000,0
84286000,0
84288001,0
84290000,0
84292000,0
84294000,0
84296001,0
84298000,0
84300000,0
84302001,0
84304001,0
84306000,0
84308001,0
84310001,0
84312000,0
84314000,0
84316001,0
84318000,0
84320000,0
84322000,0
84324001,0
84326000,0
84328000,0
84330000,0
84332000,0
84334000,0
84336000,0
84338001,0
84340000,0
84342000,0
84344000,0
84346000,0
84348001,0
84350000,0
84352000,0
84354000,0
84356000,0
84358001,0
84360000,0
84362001,0
84364000,0
84366000,0
84368000,0
84370001,0
84372001,0
84374000,0
84376000,0
84378000,0
84380000,0
84382000,0
84384000,0
84386001,0
84388000,0
84390000,0
84392001,0
84394000,0
84396001,0
84398000,0
84400001,0
84402000,0
84404000,0
84406000,0
84408000,0
84410000,0
84412001,0
84414000,0
84416001,0
84418000,0
84420000,0
84422001,0
84424000,0
84426000,0
84428001,0
84430001,0
84432001,0
84434000,0
84436000,0
84438000,0
84440000,0
84442001,0
84444000,0
84446001,0
84448000,0
84450000,0
84452000,0
84454000,0
84456000,0
84458001,0
84460000,0
84462000,0
84464000,0
84466000,0
84468001,0
84470000,0
84472000,0
84474001,0
84476000,0
84478000,0
84480000,0
84482000,0
84484000,0
84486001,0
84488000,0
84490000,0
84492000,0
84494001,0
84496000,0
84498000,0
84500000,0
84502001,0
84504000,0
84506000,0
84508000,0
84510000,0
84512000,0
84514000,0
84516000,0
84518000,0
84520000,0
84522000,0
84524001,0
84526000,0
84528000,0
84530000,0
84532000,0
84534000,0
84536000,0
84538001,0
84540001,0
84542000,0
84544001,0
84546000,0
84548001,0
84550000,0
84552000,0
84554001,0
84556001,0
84558000,0
84560000,0
84562000,0
84564000,0
84566000,0
84568000,0
84570001,0
84572000,0
84574001,0
84576000,0
84578001,0
84580000,0
84582001,0
84584001,0
84586001,0
84588000,0
84590001,0
84592000,0
84594000,0
84596000,0
84598000,0
84600000,0
84602001,0
84604001,0
84606000,0
84608000,0
84610001,0
84612000,0
84614000,0
84616000,0
84618000,0
84620000,0
84622000,0
84624000,0
84626000,0
84628001,0
84630000,0
84632000,0
84634000,0
84636001,0
84638001,0
84640000,0
84642000,0
84644001,0
84646000,0
84648001,0
84650001,0
84652000,0
84654001,0
84656000,0
84658000,0
84660000,0
84662001,0
84664000,0
84666000,0
84668001,0
84670001,0
84672001,0
84674000,0
84676001,0
84678000,0
84680000,0
84682000,0
84684000,0
84686000,0
84688000,0
84690000,0
84692001,0
84694000,0
84696000,0
84698001,0
84700000,0
84702000,0
84704001,0
84706000,0
84708000,0
84710000,0
84712001,0
84714000,0
84716000,0
84718001,0
84720000,0
84722000,0
84724000,0
84726001,0
84728001,0
84730000,0
84732000,0
84734000,0
84736000,0
84738001,0
84740000,0
84742000,0
84744000,0
84746001,0
84748000,0
84750001,0
84752000,0
84754001,0
84756000,0
84758000,0
84760001,0
84762000,0
84764001,0
84766000,0
84768000,0
84770000,0
84772000,0
84774001,0
84776001,0
84778000,0
84780000,0
84782001,0
84784000,0
84786001,0
84788000,0
84790000,0
84792000,0
84794001,0
84796000,0
84798001,0
84800000,0
84802001,0
84804000,0
84806000,0
84808000,0
84810000,0
84812000,0
84814000,0
84816000,0
84818001,0
84820000,0
84822000,0
84824001,0
84826000,0
84828001,0
84830000,0
84832000,0
84834001,0
84836000,0
84838000,0
84840000,0
84842001,0
84844000,0
84846000,0
84848001,0
84850000,0
84852000,0
84854000,0
84856000,0
84858000,0
84860000,0
84862001,0
84864000,0
84866000,0
84868001,0
84870001,0
84872000,0
84874001,0
84876000,0
84878000,0
84880000,0
84882000,0
84884000,0
84886001,0
84888000,0
84890001,0
84892000,0
84894000,0
84896001,0
84898000,0
84900001,0
84902000,0
84904000,0
84906001,0
84908000,0
84910000,0
84912001,0
84914000,0
84916000,0
84918000,0
84920000,0
84922001,0
84924000,0
84926001,0
84928000,0
84930000,0
84932001,0
84934000,0
84936001,0
84938001,0
84940000,0
84942000,0
84944000,0
84946000,0
84948000,0
84950001,0
84952000,0
84954000,0
84956000,0
84958000,0
84960000,0
84962001,0
84964000,0
84966000,0
84968001,0
84970001,0
84972000,0
84974000,0
84976001,0
84978000,0
84980000,0
84982000,0
84984000,0
84986000,0
84988001,0
84990000,0
84992000,0
84994000,0
84996000,0
84998000,0
85000000,0
85002001,0
85004001,0
85006000,0
85008000,0
85010001,0
85012000,0
85014001,0
85016001,0
85018000,0
85020000,0
85022000,0
85024001,0
85026000,0
85028000,0
85030001,0
85032000,0
85034001,0
85036000,0
85038000,0
85040000,0
85042001,0
85044000,0
85046000,0
85048001,0
85050000,0
85052000,0
85054000,0
85056001,0
85058001,0
85060000,0
85062000,0
85064001,0
85066000,0
85068000,0
85070000,0
85072000,0
85074000,0
85076000,0
85078000,0
85080000,0
85082000,0
85084000,0
85086000,0
85088000,0
85090000,0
85092001,0
85094000,0
85096001,0
85098000,0
85100000,0
85102000,0
85104000,0
85106000,0
85108000,0
85110000,0
85112001,0
85114000,0
85116000,0
85118001,0
85120000,0
85122000,0
85124001,0
85126000,0
85128000,0
85130001,0
85132000,0
85134000,0
85136000,0
85138000,0
85140001,0
85142000,0
85144000,0
85146000,0
85148000,0
85150000,0
85152000,0
85154001,0
85156001,0
85158001,0
85160000,0
85162001,0
85164000,0
85166000,0
85168000,0
85170000,0
85172000,0
85174001,0
85176000,0
85178001,0
85180000,0
85182000,0
85184000,0
85186000,0
85188001,0
85190000,0
85192000,0
85194000,0
85196000,0
85198000,0
85200001,0
85202000,0
85204000,0
85206000,0
85208000,0
85210000,0
85212000,0
85214001,0
85216001,0
85218001,0
85220000,0
85222000,0
85224001,0
85226000,0
85228001,0
85230000,0
85232000,0
85234000,0
85236000,0
85238000,0
85240000,0
85242000,0
85244000,0
85246000,0
85248001,0
85250000,0
85252000,0
85254000,0
85256001,0
85258000,0
85260001,0
85262001,0
85264001,0
85266000,0
85268000,0
85270000,0
85272001,0
85274001,0
85276000,0
85278000,0
85280000,0
85282000,0
85284000,0
85286000,0
85288000,0
85290000,0
85292000,0
85294000,0
85296000,0
85298000,0
85300001,0
85302001,0
85304000,0
85306000,0
85308000,0
85310000,0
85312001,0
85314000,0
85316001,0
85318000,0
85320000,0
85322000,0
85324000,0
85326001,0
85328000,0
85330000,0
85332000,0
85334000,0
85336000,0
85338000,0
85340000,0
85342000,0
85344001,0
85346000,0
85348001,0
85350000,0
85352001,0
85354001,0
85356000,0
85358000,0
85360001,0
85362000,0
85364000,0
85366000,0
85368001,0
85370000,0
85372000,0
85374001,0
85376000,0
85378001,0
85380000,0
85382000,0
85384000,0
85386000,0
85388001,0
85390000,0
85392000,0
85394001,0
85396000,0
85398000,0
85400000,0
85402000,0
85404000,0
85406000,0
85408001,0
85410000,0
85412000,0
85414000,0
85416000,0
85418001,0
85420000,0
85422000,0
85424000,0
85426000,0
85428000,0
85430000,0
85432000,0
85434000,0
85436001,0
85438000,0
85440000,0
85442001,0
85444001,0
85446000,0
85448000,0
85450000,0
85452000,0
85454000,0
85456000,0
85458001,0
85460000,0
85462000,0
85464001,0
85466000,0
85468000,0
85470000,0
85472000,0
85474000,0
85476000,0
85478000,0
85480000,0
85482001,0
85484000,0
85486000,0
85488001,0
85490000,0
85492000,0
85494001,0
85496000,0
85498000,0
85500001,0
85502000,0
85504000,0
85506000,0
85508000,0
85510000,0
85512000,0
85514001,0
85516000,0
85518000,0
85520001,0
85522001,0
85524000,0
85526000,0
85528001,0
85530000,0
85532001,0
85534000,0
85536000,0
85538001,0
85540000,0
85542000,0
85544000,0
85546001,0
85548000,0
85550000,0
85552000,0
85554001,0
85556000,0
85558000,0
85560000,0
85562001,0
85564000,0
85566001,0
85568001,0
85570000,0
85572000,0
85574000,0
85576000,0
85578000,0
85580001,0
85582000,0
85584000,0
85586000,0
85588000,0
85590001,0
85592000,0
85594000,0
85596001,0
85598000,0
85600001,0
85602000,0
85604000,0
85606000,0
85608001,0
85610000,0
85612000,0
85614001,0
85616000,0
85618000,0
85620001,0
85622000,0
85624000,0
85626001,0
85628000,0
85630000,0
85632000,0
85634001,0
85636001,0
85638000,0
85640000,0
85642000,0
85644000,0
85646000,0
85648001,0
85650000,0
85652000,0
85654000,0
85656000,0
85658000,0
85660000,0
85662001,0
85664001,0
85666001,0
85668000,0
85670000,0
85672001,0
85674000,0
85676001,0
85678001,0
85680001,0
85682000,0
85684000,0
85686000,0
85688000,0
85690000,0
85692001,0
85694000,0
85696000,0
85698001,0
85700000,0
85702000,0
85704001,0
85706000,0
85708000,0
85710000,0
85712000,0
85714000,0
85716001,0
85718000,0
85720000,0
85722000,0
85724001,0
85726001,0
85728000,0
85730000,0
85732000,0
85734000,0
85736000,0
85738001,0
85740001,0
85742000,0
85744000,0
85746001,0
85748000,0
85750000,0
85752000,0
85754001,0
85756000,0
85758000,0
85760001,0
85762000,0
85764001,0
85766000,0
85768000,0
85770000,0
85772001,0
85774000,0
85776001,0
85778000,0
85780000,0
85782000,0
85784000,0
85786000,0
85788000,0
85790000,0
85792000,0
85794001,0
85796000,0
85798000,0
85800001,0
85802001,0
85804000,0
85806000,0
85808000,0
85810000,0
85812001,0
85814001,0
85816001,0
85818001,0
85820000,0
85822000,0
85824000,0
85826000,0
85828000,0
85830000,0
85832001,0
85834000,0
85836001,0
85838000,0
85840001,0
85842000,0
85844000,0
85846000,0
85848000,0
85850000,0
85852000,0
85854000,0
85856001,0
85858000,0
85860000,0
85862000,0
85864000,0
85866001,0
85868000,0
85870000,0
85872001,0
85874000,0
85876000,0
85878000,0
85880000,0
85882000,0
85884001,0
85886000,0
85888001,0
85890000,0
85892000,0
85894001,0
85896000,0
85898001,0
85900000,0
85902001,0
85904001,0
85906000,0
85908000,0
85910001,0
85912000,0
85914001,0
85916000,0
85918001,0
85920000,0
85922000,0
85924000,0
85926000,0
85928000,0
85930000,0
85932001,0
85934000,0
85936001,0
85938000,0
85940001,0
85942000,0
85944000,0
85946000,0
85948000,0
85950001,0
85952000,0
85954001,0
85956000,0
85958000,0
85960000,0
85962001,0
85964001,0
85966000,0
85968000,0
85970000,0
85972001,0
85974000,0
85976001,0
85978000,0
85980000,0
85982000,0
85984001,0
85986000,0
85988001,0
85990000,0
85992000,0
85994000,0
85996001,0
85998001,0
86000000,0
86002000,0
86004001,0
86006000,0
86008000,0
86010000,0
86012000,0
86014000,0
86016001,0
86018000,0
86020000,0
86022000,0
86024000,0
86026001,0
86028000,0
86030000,0
86032000,0
86034000,0
86036001,0
86038000,0
86040000,0
86042000,0
86044001,0
86046000,0
86048000,0
86050001,0
86052000,0
86054000,0
86056000,0
86058000,0
86060000,0
86062000,0
86064000,0
86066000,0
86068000,0
86070001,0
86072000,0
86074001,0
86076000,0
86078000,0
86080000,0
86082000,0
86084000,0
86086001,0
86088000,0
86090000,0
86092000,0
86094001,0
86096001,0
86098001,0
86100000,0
86102000,0
86104001,0
86106000,0
86108001,0
86110001,0
86112000,0
86114001,0
86116000,0
86118001,0
86120000,0
86122000,0
86124001,0
86126000,0
86128000,0
86130001,0
86132000,0
86134001,0
86136000,0
86138000,0
86140001,0
86142000,0
86144000,0
86146000,0
86148000,0
86150001,0
86152000,0
86154001,0
86156000,0
86158000,0
86160000,0
86162001,0
86164000,0
86166000,0
86168000,0
86170000,0
86172000,0
86174001,0
86176000,0
86178000,0
86180000,0
86182001,0
86184000,0
86186000,0
86188000,0
86190000,0
86192000,0
86194001,0
86196000,0
86198001,0
86200000,0
86202000,0
86204001,0
86206000,0
86208000,0
86210001,0
86212000,0
86214000,0
86216001,0
86218001,0
86220000,0
86222001,0
86224000,0
86226001,0
86228000,0
86230000,0
86232001,0
86234001,0
86236000,0
86238000,0
86240000,0
86242001,0
86244001,0
86246001,0
86248000,0
86250001,0
86252000,0
86254001,0
86256001,0
86258000,0
86260000,0
86262000,0
86264001,0
86266000,0
86268000,0
86270001,0
86272000,0
86274000,0
86276000,0
86278000,0
86280001,0
86282000,0
86284000,0
86286001,0
86288000,0
86290000,0
86292001,0
86294001,0
86296000,0
86298000,0
86300001,0
86302000,0
86304000,0
86306000,0
86308001,0
86310000,0
86312000,0
86314000,0
86316001,0
86318000,0
86320001,0
86322000,0
86324000,0
86326001,0
86328000,0
86330000,0
86332000,0
86334000,0
86336001,0
86338000,0
86340001,0
86342000,0
86344000,0
86346000,0
86348001,0
86350000,0
86352000,0
86354001,0
86356001,0
86358000,0
86360000,0
86362000,0
86364001,0
86366000,0
86368001,0
86370000,0
86372000,0
86374000,0
86376000,0
86378000,0
86380001,0
86382000,0
86384000,0
86386000,0
86388000,0
86390000,0
86392000,0
86394000,0
86396000,0
86398000,0
86400001,0
86402001,0
86404000,0
86406001,0
86408000,0
86410000,0
86412001,0
86414001,0
86416000,0
86418000,0
86420001,0
86422001,0
86424000,0
86426001,0
86428001,0
86430001,0
86432000,0
86434000,0
86436001,0
86438000,0
86440000,0
86442000,0
86444000,0
86446000,0
86448000,0
86450000,0
86452001,0
86454000,0
86456001,0
86458000,0
86460001,0
86462001,0
86464000,0
86466000,0
86468001,0
86470000,0
86472001,0
86474000,0
86476000,0
86478000,0
86480000,0
86482000,0
86484000,0
86486001,0
86488000,0
86490000,0
86492000,0
86494000,0
86496001,0
86498000,0
86500000,0
86502000,0
86504000,0
86506000,0
86508000,0
86510000,0
86512000,0
86514000,0
86516000,0
86518000,0
86520001,0
86522001,0
86524000,0
86526000,0
86528001,0
86530000,0
86532000,0
86534000,0
86536000,0
86538000,0
86540000,0
86542000,0
86544000,0
86546001,0
86548000,0
86550001,0
86552000,0
86554001,0
86556000,0
86558001,0
86560001,0
86562000,0
86564001,0
86566000,0
86568000,0
86570000,0
86572000,0
86574001,0
86576000,0
86578001,0
86580000,0
86582000,0
86584001,0
86586000,0
86588001,0
86590000,0
86592000,0
86594000,0
86596000,0
86598001,0
86600001,0
86602000,0
86604000,0
86606000,0
86608000,0
86610000,0
86612001,0
86614000,0
86616001,0
86618000,0
86620001,0
86622000,0
86624001,0
86626000,0
86628001,0
86630001,0
86632000,0
86634000,0
86636000,0
86638001,0
86640000,0
86642000,0
86644001,0
86646000,0
86648001,0
86650001,0
86652000,0
86654000,0
86656001,0
86658000,0
86660000,0
86662001,0
86664000,0
86666000,0
86668001,0
86670001,0
86672000,0
86674000,0
86676000,0
86678000,0
86680000,0
86682000,0
86684001,0
86686000,0
86688000,0
86690000,0
86692001,0
86694000,0
86696000,0
86698001,0
86700000,0
86702000,0
86704000,0
86706000,0
86708000,0
86710000,0
86712001,0
86714001,0
86716000,0
86718001,0
86720000,0
86722001,0
86724001,0
86726000,0
86728001,0
86730001,0
86732000,0
86734001,0
86736000,0
86738000,0
86740001,0
86742001,0
86744000,0
86746001,0
86748000,0
86750001,0
86752001,0
86754000,0
86756000,0
86758001,0
86760000,0
86762000,0
86764001,0
86766000,0
86768000,0
86770001,0
86772000,0
86774000,0
86776001,0
86778000,0
86780001,0
86782000,0
86784000,0
86786001,0
86788001,0
86790000,0
86792000,0
86794001,0
86796000,0
86798000,0
86800000,0
86802000,0
86804000,0
86806001,0
86808000,0
86810000,0
86812000,0
86814001,0
86816000,0
86818000,0
86820001,0
86822001,0
86824000,0
86826001,0
86828001,0
86830000,0
86832001,0
86834000,0
86836001,0
86838000,0
86840000,0
86842000,0
86844000,0
86846000,0
86848001,0
86850001,0
86852001,0
86854001,0
86856000,0
86858000,0
86860000,0
86862000,0
86864000,0
86866001,0
86868000,0
86870000,0
86872001,0
86874000,0
86876001,0
86878000,0
86880000,0
86882000,0
86884000,0
86886000,0
86888000,0
86890000,0
86892000,0
86894000,0
86896000,0
86898001,0
86900001,0
86902000,0
86904000,0
86906001,0
86908001,0
86910000,0
86912000,0
86914000,0
86916001,0
86918000,0
86920000,0
86922000,0
86924000,0
86926001,0
86928000,0
86930000,0
86932000,0
86934000,0
86936001,0
86938000,0
86940000,0
86942001,0
86944000,0
86946001,0
86948000,0
86950000,0
86952001,0
86954000,0
86956000,0
86958000,0
86960000,0
86962000,0
86964001,0
86966000,0
86968000,0
86970000,0
86972001,0
86974000,0
86976000,0
86978000,0
86980000,0
86982000,0
86984001,0
86986000,0
86988000,0
86990000,0
86992001,0
86994001,0
86996000,0
86998000,0
87000000,0
87002000,0
87004000,0
87006000,0
87008000,0
87010001,0
87012000,0
87014000,0
87016000,0
87018001,0
87020001,0
87022000,0
87024000,0
87026000,0
87028000,0
87030001,0
87032000,0
87034000,0
87036000,0
87038000,0
87040001,0
87042001,0
87044000,0
87046001,0
87048000,0
87050000,0
87052000,0
87054001,0
87056000,0
87058001,0
87060000,0
87062001,0
87064000,0
87066001,0
87068000,0
87070001,0
87072000,0
87074000,0
87076000,0
87078000,0
87080000,0
87082001,0
87084000,0
87086001,0
87088000,0
87090001,0
87092000,0
87094000,0
87096000,0
87098000,0
87100001,0
87102000,0
87104000,0
87106001,0
87108000,0
87110000,0
87112001,0
87114001,0
87116001,0
87118000,0
87120001,0
87122000,0
87124000,0
87126001,0
87128000,0
87130000,0
87132000,0
87134000,0
87136001,0
87138001,0
87140000,0
87142000,0
87144001,0
87146000,0
87148000,0
87150000,0
87152001,0
87154000,0
87156000,0
87158001,0
87160000,0
87162001,0
87164000,0
87166001,0
87168000,0
87170000,0
87172000,0
87174000,0
87176000,0
87178000,0
87180000,0
87182000,0
87184000,0
87186000,0
87188001,0
87190000,0
87192000,0
87194000,0
87196001,0
87198000,0
87200000,0
87202000,0
87204001,0
87206001,0
87208000,0
87210000,0
87212000,0
87214000,0
87216001,0
87218001,0
87220000,0
87222001,0
87224000,0
87226000,0
87228001,0
87230001,0
87232001,0
87234001,0
87236001,0
87238001,0
87240000,0
87242000,0
87244000,0
87246001,0
87248000,0
87250001,0
87252000,0
87254000,0
87256000,0
87258000,0
87260000,0
87262000,0
87264000,0
87266000,0
87268000,0
87270001,0
87272001,0
87274000,0
87276000,0
87278000,0
87280001,0
87282000,0
87284001,0
87286000,0
87288001,0
87290001,0
87292000,0
87294000,0
87296001,0
87298001,0
87300001,0
87302000,0
87304001,0
87306000,0
87308000,0
87310000,0
87312001,0
87314000,0
87316000,0
87318000,0
87320000,0
87322000,0
87324001,0
87326000,0
87328001,0
87330000,0
87332000,0
87334001,0
87336000,0
87338000,0
87340000,0
87342001,0
87344000,0
87346000,0
87348000,0
87350000,0
87352000,0
87354001,0
87356001,0
87358001,0
87360001,0
87362001,0
87364001,0
87366001,0
87368001,0
87370000,0
87372000,0
87374000,0
87376000,0
87378000,0
87380000,0
87382001,0
87384000,0
87386000,0
87388000,0
87390000,0
87392000,0
87394000,0
87396000,0
87398001,0
87400000,0
87402000,0
87404000,0
87406000,0
87408001,0
87410001,0
87412000,0
87414000,0
87416000,0
87418000,0
87420000,0
87422001,0
87424001,0
87426001,0
87428000,0
87430000,0
87432001,0
87434001,0
87436001,0
87438000,0
87440001,0
87442000,0
87444000,0
87446000,0
87448000,0
87450000,0
87452000,0
87454000,0
87456001,0
87458001,0
87460000,0
87462000,0
87464001,0
87466000,0
87468000,0
87470001,0
87472000,0
87474001,0
87476000,0
87478001,0
87480000,0
87482001,0
87484000,0
87486001,0
87488001,0
87490000,0
87492000,0
87494001,0
87496000,0
87498001,0
87500000,0
87502000,0
87504000,0
87506000,0
87508000,0
87510001,0
87512001,0
87514000,0
87516001,0
87518000,0
87520001,0
87522000,0
87524001,0
87526000,0
87528000,0
87530000,0
87532001,0
87534001,0
87536001,0
87538000,0
87540000,0
87542000,0
87544000,0
87546000,0
87548001,0
87550000,0
87552000,0
87554000,0
87556000,0
87558000,0
87560000,0
87562001,0
87564000,0
87566000,0
87568000,0
87570000,0
87572000,0
87574001,0
87576000,0
87578001,0
87580000,0
87582001,0
87584001,0
87586000,0
87588001,0
87590000,0
87592000,0
87594000,0
87596000,0
87598000,0
87600000,0
87602001,0
87604000,0
87606000,0
87608000,0
87610001,0
87612000,0
87614000,0
87616001,0
87618001,0
87620000,0
87622000,0
87624001,0
87626000,0
87628000,0
87630000,0
87632000,0
87634000,0
87636001,0
87638000,0
87640000,0
87642001,0
87644000,0
87646000,0
87648001,0
87650001,0
87652000,0
87654000,0
87656001,0
87658001,0
87660001,0
87662000,0
87664001,0
87666000,0
87668000,0
87670000,0
87672000,0
87674000,0
87676001,0
87678000,0
87680000,0
87682000,0
87684000,0
87686000,0
87688000,0
87690001,0
87692000,0
87694001,0
87696000,0
87698000,0
87700000,0
87702001,0
87704000,0
87706000,0
87708000,0
87710000,0
87712000,0
87714001,0
87716000,0
87718000,0
87720000,0
87722000,0
87724000,0
87726000,0
87728000,0
87730000,0
87732000,0
87734000,0
87736000,0
87738000,0
87740000,0
87742000,0
87744000,0
87746000,0
87748000,0
87750000,0
87752000,0
87754000,0
87756001,0
87758000,0
87760001,0
87762000,0
87764000,0
87766000,0
87768000,0
87770000,0
87772000,0
87774000,0
87776001,0
87778000,0
87780000,0
87782000,0
87784000,0
87786001,0
87788000,0
87790001,0
87792000,0
87794001,0
87796001,0
87798001,0
87800000,0
87802000,0
87804000,0
87806000,0
87808000,0
87810001,0
87812000,0
87814000,0
87816000,0
87818001,0
87820000,0
87822000,0
87824000,0
87826000,0
87828001,0
87830000,0
87832001,0
87834001,0
87836000,0
87838000,0
87840001,0
87842000,0
87844000,0
87846001,0
87848000,0
87850001,0
87852001,0
87854000,0
87856000,0
87858000,0
87860001,0
87862001,0
87864000,0
87866000,0
87868000,0
87870000,0
87872001,0
87874000,0
87876000,0
87878000,0
87880001,0
87882000,0
87884000,0
87886000,0
87888001,0
87890000,0
87892001,0
87894000,0
87896001,0
87898001,0
87900000,0
87902001,0
87904000,0
87906001,0
87908000,0
87910000,0
87912000,0
87914000,0
87916000,0
87918000,0
87920000,0
87922001,0
87924000,0
87926001,0
87928000,0
87930000,0
87932001,0
87934001,0
87936000,0
87938000,0
87940000,0
87942001,0
87944000,0
87946001,0
87948000,0
87950001,0
87952000,0
87954000,0
87956000,0
87958001,0
87960000,0
87962001,0
87964000,0
87966001,0
87968000,0
87970000,0
87972001,0
87974000,0
87976000,0
87978000,0
87980000,0
87982000,0
87984001,0
87986000,0
87988000,0
87990000,0
87992001,0
87994000,0
87996000,0
87998000,0
88000001,0
88002000,0
88004000,0
88006000,0
88008001,0
88010001,0
88012000,0
88014000,0
88016001,0
88018000,0
88020000,0
88022000,0
88024001,0
88026001,0
88028000,0
88030000,0
88032001,0
88034000,0
88036000,0
88038000,0
88040001,0
88042000,0
88044000,0
88046000,0
88048000,0
88050001,0
88052000,0
88054001,0
88056000,0
88058000,0
88060000,0
88062000,0
88064001,0
88066001,0
88068000,0
88070000,0
88072000,0
88074000,0
88076000,0
88078000,0
88080000,0
88082000,0
88084000,0
88086001,0
88088000,0
88090000,0
88092001,0
88094000,0
88096001,0
88098000,0
88100000,0
88102001,0
88104000,0
88106001,0
88108000,0
88110000,0
88112001,0
88114000,0
88116001,0
88118000,0
88120000,0
88122000,0
88124001,0
88126001,0
88128000,0
88130000,0
88132000,0
88134000,0
88136000,0
88138000,0
88140000,0
88142000,0
88144000,0
88146001,0
88148000,0
88150000,0
88152000,0
88154000,0
88156000,0
88158000,0
88160000,0
88162000,0
88164001,0
88166000,0
88168000,0
88170001,0
88172000,0
88174000,0
88176000,0
88178000,0
88180000,0
88182000,0
88184001,0
88186000,0
88188001,0
88190000,0
88192000,0
88194000,0
88196000,0
88198000,0
88200000,0
88202000,0
88204001,0
88206000,0
88208000,0
88210000,0
88212000,0
88214000,0
88216001,0
88218000,0
88220000,0
88222000,0
88224000,0
88226001,0
88228000,0
88230000,0
88232000,0
88234000,0
88236000,0
88238000,0
88240000,0
88242000,0
88244000,0
88246001,0
88248000,0
88250000,0
88252000,0
88254000,0
88256000,0
88258001,0
88260001,0
88262000,0
88264000,0
88266000,0
88268000,0
88270001,0
88272000,0
88274001,0
88276000,0
88278001,0
88280000,0
88282000,0
88284000,0
88286000,0
88288000,0
88290000,0
88292000,0
88294000,0
88296000,0
88298001,0
88300000,0
88302000,0
88304000,0
88306001,0
88308000,0
88310000,0
88312001,0
88314001,0
88316000,0
88318000,0
88320000,0
88322000,0
88324000,0
88326000,0
88328000,0
88330000,0
88332000,0
88334001,0
88336000,0
88338000,0
88340000,0
88342000,0
88344001,0
88346001,0
88348000,0
88350000,0
88352000,0
88354001,0
88356000,0
88358000,0
88360000,0
88362000,0
88364000,0
88366001,0
88368000,0
88370000,0
88372001,0
88374000,0
88376000,0
88378001,0
88380001,0
88382000,0
88384000,0
88386001,0
88388000,0
88390000,0
88392000,0
88394000,0
88396000,0
88398001,0
88400000,0
88402000,0
88404001,0
88406001,0
88408000,0
88410000,0
88412000,0
88414000,0
88416000,0
88418000,0
88420000,0
88422001,0
88424001,0
88426000,0
88428001,0
88430000,0
88432000,0
88434001,0
88436001,0
88438000,0
88440001,0
88442000,0
88444000,0
88446000,0
88448000,0
88450001,0
88452000,0
88454001,0
88456000,0
88458001,0
88460000,0
88462001,0
88464001,0
88466001,0
88468000,0
88470000,0
88472001,0
88474000,0
88476000,0
88478000,0
88480001,0
88482001,0
88484000,0
88486001,0
88488001,0
88490000,0
88492000,0
88494001,0
88496001,0
88498000,0
88500000,0
88502000,0
88504000,0
88506001,0
88508000,0
88510001,0
88512000,0
88514000,0
88516001,0
88518000,0
88520000,0
88522001,0
88524000,0
88526001,0
88528000,0
88530000,0
88532000,0
88534001,0
88536000,0
88538000,0
88540001,0
88542000,0
88544001,0
88546000,0
88548001,0
88550001,0
88552000,0
88554001,0
88556000,0
88558000,0
88560000,0
88562001,0
88564000,0
88566001,0
88568001,0
88570000,0
88572000,0
88574000,0
88576001,0
88578000,0
88580001,0
88582000,0
88584000,0
88586000,0
88588001,0
88590001,0
88592001,0
88594001,0
88596001,0
88598001,0
88600001,0
88602001,0
88604000,0
88606000,0
88608000,0
88610000,0
88612000,0
88614001,0
88616001,0
88618000,0
88620000,0
88622001,0
88624000,0
88626000,0
88628000,0
88630001,0
88632000,0
88634001,0
88636000,0
88638000,0
88640000,0
88642000,0
88644000,0
88646000,0
88648000,0
88650001,0
88652001,0
88654000,0
88656000,0
88658000,0
88660000,0
88662000,0
88664001,0
88666000,0
88668000,0
88670000,0
88672001,0
88674000,0
88676001,0
88678000,0
88680000,0
88682000,0
88684001,0
88686000,0
88688000,0
88690000,0
88692000,0
88694001,0
88696001,0
88698000,0
88700000,0
88702000,0
88704000,0
88706001,0
88708001,0
88710000,0
88712001,0
88714000,0
88716000,0
88718001,0
88720000,0
88722001,0
88724000,0
88726001,0
88728001,0
88730000,0
88732000,0
88734001,0
88736000,0
88738000,0
88740001,0
88742001,0
88744000,0
88746001,0
88748000,0
88750000,0
88752000,0
88754001,0
88756001,0
88758001,0
88760001,0
88762000,0
88764000,0
88766001,0
88768001,0
88770000,0
88772000,0
88774000,0
88776001,0
88778001,0
88780000,0
88782001,0
88784000,0
88786000,0
88788000,0
88790000,0
88792000,0
88794000,0
88796000,0
88798001,0
88800001,0
88802000,0
88804000,0
88806000,0
88808000,0
88810000,0
88812000,0
88814000,0
88816001,0
88818001,0
88820000,0
88822000,0
88824000,0
88826000,0
88828001,0
88830000,0
88832001,0
88834000,0
88836000,0
88838000,0
88840000,0
88842000,0
88844001,0
88846001,0
88848000,0
88850000,0
88852000,0
88854000,0
88856000,0
88858000,0
88860000,0
88862000,0
88864000,0
88866001,0
88868000,0
88870000,0
88872000,0
88874000,0
88876001,0
88878000,0
88880000,0
88882000,0
88884001,0
88886000,0
88888000,0
88890000,0
88892000,0
88894000,0
88896001,0
88898001,0
88900000,0
88902000,0
88904000,0
88906001,0
88908000,0
88910000,0
88912000,0
88914000,0
88916001,0
88918000,0
88920001,0
88922000,0
88924000,0
88926000,0
88928001,0
88930000,0
88932000,0
88934000,0
88936000,0
88938001,0
88940001,0
88942000,0
88944000,0
88946000,0
88948000,0
88950000,0
88952000,0
88954000,0
88956000,0
88958000,0
88960000,0
88962000,0
88964000,0
88966000,0
88968001,0
88970000,0
88972000,0
88974000,0
88976000,0
88978000,0
88980000,0
88982001,0
88984001,0
88986000,0
88988001,0
88990000,0
88992000,0
88994000,0
88996000,0
88998000,0
89000000,0
89002000,0
89004000,0
89006000,0
89008000,0
89010000,0
89012000,0
89014000,0
89016000,0
89018000,0
89020000,0
89022000,0
89024000,0
89026000,0
89028000,0
89030001,0
89032000,0
89034000,0
89036001,0
89038000,0
89040001,0
89042000,0
89044001,0
89046000,0
89048000,0
89050000,0
89052001,0
89054000,0
89056000,0
89058000,0
89060001,0
89062000,0
89064001,0
89066000,0
89068001,0
89070000,0
89072000,0
89074000,0
89076000,0
89078000,0
89080000,0
89082000,0
89084001,0
89086000,0
89088000,0
89090000,0
89092000,0
89094000,0
89096000,0
89098000,0
89100000,0
89102001,0
89104000,0
89106000,0
89108000,0
89110000,0
89112000,0
89114000,0
89116000,0
89118001,0
89120001,0
89122000,0
89124001,0
89126000,0
89128001,0
89130000,0
89132000,0
89134000,0
89136001,0
89138000,0
89140000,0
89142001,0
89144000,0
89146000,0
89148000,0
89150001,0
89152000,0
89154000,0
89156001,0
89158000,0
89160000,0
89162001,0
89164000,0
89166000,0
89168000,0
89170001,0
89172001,0
89174000,0
89176001,0
89178000,0
89180000,0
89182001,0
89184001,0
89186000,0
89188001,0
89190000,0
89192000,0
89194001,0
89196000,0
89198000,0
89200000,0
89202000,0
89204001,0
89206001,0
89208000,0
89210000,0
89212000,0
89214000,0
89216001,0
89218000,0
89220000,0
89222001,0
89224000,0
89226000,0
89228000,0
89230000,0
89232001,0
89234001,0
89236000,0
89238000,0
89240000,0
89242001,0
89244001,0
89246001,0
89248001,0
89250000,0
89252000,0
89254000,0
89256000,0
89258000,0
89260001,0
89262000,0
89264001,0
89266001,0
89268001,0
89270000,0
89272000,0
89274000,0
89276000,0
89278000,0
89280001,0
89282000,0
89284001,0
89286000,0
89288000,0
89290000,0
89292000,0
89294001,0
89296000,0
89298001,0
89300001,0
89302001,0
89304000,0
89306000,0
89308000,0
89310000,0
89312000,0
89314000,0
89316000,0
89318001,0
89320000,0
89322000,0
89324000,0
89326000,0
89328000,0
89330001,0
89332000,0
89334000,0
89336000,0
89338000,0
89340000,0
89342001,0
89344000,0
89346000,0
89348000,0
89350000,0
89352001,0
89354000,0
89356000,0
89358000,0
89360001,0
89362001,0
89364000,0
89366000,0
89368001,0
89370000,0
89372001,0
89374000,0
89376000,0
89378000,0
89380000,0
89382000,0
89384000,0
89386000,0
89388001,0
89390000,0
89392000,0
89394000,0
89396000,0
89398000,0
89400000,0
89402000,0
89404001,0
89406001,0
89408001,0
89410000,0
89412000,0
89414000,0
89416001,0
89418000,0
89420001,0
89422001,0
89424000,0
89426000,0
89428000,0
89430000,0
89432000,0
89434000,0
89436000,0
89438000,0
89440000,0
89442000,0
89444000,0
89446000,0
89448000,0
89450000,0
89452000,0
89454000,0
89456000,0
89458000,0
89460000,0
89462000,0
89464000,0
89466000,0
89468000,0
89470000,0
89472001,0
89474000,0
89476001,0
89478000,0
89480001,0
89482001,0
89484000,0
89486000,0
89488000,0
89490001,0
89492000,0
89494000,0
89496000,0
89498000,0
89500000,0
89502000,0
89504000,0
89506000,0
89508000,0
89510000,0
89512000,0
89514001,0
89516000,0
89518000,0
89520000,0
89522001,0
89524001,0
89526000,0
89528001,0
89530000,0
89532000,0
89534000,0
89536001,0
89538000,0
89540000,0
89542001,0
89544001,0
89546000,0
89548000,0
89550001,0
89552001,0
89554001,0
89556000,0
89558000,0
89560000,0
89562000,0
89564000,0
89566000,0
89568000,0
89570000,0
89572000,0
89574001,0
89576001,0
89578000,0
89580001,0
89582001,0
89584000,0
89586000,0
89588000,0
89590001,0
89592000,0
89594000,0
89596001,0
89598000,0
89600001,0
89602000,0
89604001,0
89606000,0
89608001,0
89610000,0
89612001,0
89614000,0
89616000,0
89618000,0
89620000,0
89622000,0
89624001,0
89626000,0
89628000,0
89630000,0
89632000,0
89634001,0
89636000,0
89638001,0
89640001,0
89642000,0
89644000,0
89646000,0
89648000,0
89650000,0
89652000,0
89654001,0
89656001,0
89658000,0
89660001,0
89662000,0
89664001,0
89666000,0
89668001,0
89670000,0
89672001,0
89674000,0
89676000,0
89678000,0
89680001,0
89682001,0
89684001,0
89686000,0
89688000,0
89690000,0
89692001,0
89694000,0
89696000,0
89698001,0
89700000,0
89702000,0
89704000,0
89706000,0
89708000,0
89710001,0
89712001,0
89714000,0
89716000,0
89718000,0
89720000,0
89722001,0
89724000,0
89726000,0
89728001,0
89730000,0
89732001,0
89734000,0
89736000,0
89738001,0
89740000,0
89742000,0
89744000,0
89746001,0
89748000,0
89750001,0
89752000,0
89754000,0
89756000,0
89758000,0
89760000,0
89762000,0
89764001,0
89766000,0
89768001,0
89770000,0
89772000,0
89774000,0
89776000,0
89778000,0
89780000,0
89782000,0
89784000,0
89786001,0
89788000,0
89790001,0
89792000,0
89794000,0
89796000,0
89798000,0
89800000,0
89802000,0
89804001,0
89806000,0
89808000,0
89810000,0
89812000,0
89814001,0
89816001,0
89818000,0
89820001,0
89822001,0
89824000,0
89826001,0
89828000,0
89830001,0
89832000,0
89834000,0
89836000,0
89838000,0
89840000,0
89842000,0
89844000,0
89846001,0
89848001,0
89850000,0
89852000,0
89854000,0
89856001,0
89858000,0
89860000,0
89862000,0
89864001,0
89866000,0
89868000,0
89870001,0
89872000,0
89874000,0
89876000,0
89878001,0
89880001,0
89882001,0
89884000,0
89886000,0
89888000,0
89890000,0
89892000,0
89894001,0
89896000,0
89898001,0
89900000,0
89902000,0
89904000,0
89906000,0
89908000,0
89910000,0
89912000,0
89914000,0
89916000,0
89918000,0
89920000,0
89922001,0
89924001,0
89926000,0
89928000,0
89930000,0
89932001,0
89934000,0
89936000,0
89938001,0
89940001,0
89942001,0
89944000,0
89946000,0
89948000,0
89950000,0
89952000,0
89954000,0
89956000,0
89958000,0
89960001,0
89962000,0
89964001,0
89966000,0
89968001,0
89970000,0
89972001,0
89974000,0
89976000,0
89978001,0
89980000,0
89982000,0
89984001,0
89986000,0
89988001,0
89990001,0
89992000,0
89994000,0
89996000,0
89998001,0
90000001,0
90002001,0
90004001,0
90006000,0
90008000,0
90010000,0
90012000,0
90014000,0
90016001,0
90018000,0
90020000,0
90022001,0
90024000,0
90026000,0
90028000,0
90030001,0
90032000,0
90034000,0
90036000,0
90038000,0
90040000,0
90042000,0
90044000,0
90046000,0
90048000,0
90050001,0
90052001,0
90054000,0
90056001,0
90058000,0
90060001,0
90062000,0
90064000,0
90066001,0
90068000,0
90070001,0
90072001,0
90074000,0
90076000,0
90078000,0
90080000,0
90082000,0
90084000,0
90086000,0
90088000,0
90090000,0
90092000,0
90094001,0
90096000,0
90098001,0
90100000,0
90102001,0
90104000,0
90106000,0
90108001,0
90110000,0
90112000,0
90114000,0
90116001,0
90118001,0
90120000,0
90122001,0
90124000,0
90126000,0
90128000,0
90130000,0
90132000,0
90134000,0
90136001,0
90138000,0
90140000,0
90142000,0
90144001,0
90146001,0
90148000,0
90150000,0
90152000,0
90154001,0
90156000,0
90158000,0
90160000,0
90162000,0
90164000,0
90166000,0
90168000,0
90170000,0
90172001,0
90174000,0
90176000,0
90178001,0
90180000,0
90182000,0
90184000,0
90186000,0
90188001,0
90190000,0
90192001,0
90194000,0
90196000,0
90198001,0
90200000,0
90202000,0
90204000,0
90206001,0
90208001,0
90210001,0
90212000,0
90214000,0
90216000,0
90218001,0
90220001,0
90222000,0
90224000,0
90226000,0
90228000,0
90230000,0
90232000,0
90234000,0
90236000,0
90238000,0
90240000,0
90242001,0
90244000,0
90246000,0
90248000,0
90250000,0
90252000,0
90254000,0
90256001,0
90258000,0
90260001,0
90262001,0
90264001,0
90266000,0
90268000,0
90270000,0
90272001,0
90274000,0
90276000,0
90278000,0
90280000,0
90282000,0
90284000,0
90286000,0
90288000,0
90290000,0
90292000,0
90294000,0
90296000,0
90298000,0
90300001,0
90302001,0
90304001,0
90306000,0
90308000,0
90310000,0
90312001,0
90314001,0
90316000,0
90318000,0
90320000,0
90322001,0
90324001,0
90326000,0
90328001,0
90330000,0
90332001,0
90334000,0
90336000,0
90338001,0
90340000,0
90342001,0
90344000,0
90346000,0
90348001,0
90350001,0
90352000,0
90354000,0
90356000,0
90358000,0
90360000,0
90362000,0
90364000,0
90366000,0
90368000,0
90370001,0
90372000,0
90374001,0
90376000,0
90378001,0
90380000,0
90382001,0
90384000,0
90386000,0
90388000,0
90390000,0
90392001,0
90394000,0
90396000,0
90398001,0
90400000,0
90402001,0
90404001,0
90406001,0
90408001,0
90410000,0
90412000,0
90414001,0
90416000,0
90418000,0
90420001,0
90422000,0
90424001,0
90426000,0
90428000,0
90430000,0
90432000,0
90434001,0
90436000,0
90438000,0
90440001,0
90442000,0
90444001,0
90446000,0
90448000,0
90450001,0
90452000,0
90454000,0
90456000,0
90458000,0
90460001,0
90462001,0
90464000,0
90466001,0
90468000,0
90470000,0
90472000,0
90474001,0
90476000,0
90478000,0
90480000,0
90482000,0
90484001,0
90486001,0
90488001,0
90490000,0
90492001,0
90494000,0
90496001,0
90498000,0
90500000,0
90502000,0
90504000,0
90506001,0
90508001,0
90510001,0
90512000,0
90514001,0
90516001,0
90518000,0
90520000,0
90522000,0
90524000,0
90526000,0
90528000,0
90530000,0
90532000,0
90534000,0
90536001,0
90538000,0
90540001,0
90542000,0
90544001,0
90546000,0
90548000,0
90550001,0
90552000,0
90554001,0
90556001,0
90558000,0
90560000,0
90562001,0
90564001,0
90566000,0
90568000,0
90570000,0
90572000,0
90574000,0
90576000,0
90578000,0
90580001,0
90582000,0
90584000,0
90586000,0
90588000,0
90590000,0
90592000,0
90594001,0
90596000,0
90598000,0
90600001,0
90602000,0
90604001,0
90606001,0
90608000,0
90610001,0
90612000,0
90614000,0
90616001,0
90618000,0
90620000,0
90622000,0
90624000,0
90626000,0
90628000,0
90630000,0
90632000,0
90634001,0
90636000,0
90638000,0
90640000,0
90642000,0
90644000,0
90646000,0
90648000,0
90650000,0
90652000,0
90654000,0
90656000,0
90658000,0
90660000,0
90662001,0
90664000,0
90666000,0
90668001,0
90670001,0
90672001,0
90674000,0
90676000,0
90678001,0
90680000,0
90682000,0
90684000,0
90686001,0
90688001,0
90690000,0
90692000,0
90694001,0
90696000,0
90698001,0
90700000,0
90702001,0
90704000,0
90706001,0
90708000,0
90710001,0
90712001,0
90714000,0
90716000,0
90718000,0
90720001,0
90722000,0
90724001,0
90726001,0
90728000,0
90730001,0
90732000,0
90734001,0
90736000,0
90738001,0
90740000,0
90742000,0
90744000,0
90746001,0
90748000,0
90750000,0
90752000,0
90754000,0
90756000,0
90758000,0
90760001,0
90762000,0
90764001,0
90766000,0
90768001,0
90770000,0
90772001,0
90774000,0
90776000,0
90778000,0
90780000,0
90782000,0
90784001,0
90786000,0
90788000,0
90790000,0
90792001,0
90794001,0
90796000,0
90798000,0
90800001,0
90802000,0
90804001,0
90806000,0
90808000,0
90810000,0
90812000,0
90814000,0
90816001,0
90818000,0
90820000,0
90822000,0
90824000,0
90826001,0
90828001,0
90830001,0
90832000,0
90834001,0
90836001,0
90838000,0
90840001,0
90842000,0
90844000,0
90846001,0
90848001,0
90850001,0
90852000,0
90854000,0
90856000,0
90858000,0
90860000,0
90862001,0
90864000,0
90866001,0
90868001,0
90870000,0
90872001,0
90874000,0
90876000,0
90878001,0
90880000,0
90882000,0
90884000,0
90886000,0
90888000,0
90890001,0
90892000,0
90894001,0
90896000,0
90898001,0
90900000,0
90902001,0
90904000,0
90906000,0
90908001,0
90910000,0
90912000,0
90914000,0
90916000,0
90918001,0
90920000,0
90922000,0
90924001,0
90926000,0
90928001,0
90930000,0
90932000,0
90934001,0
90936000,0
90938000,0
90940001,0
90942000,0
90944000,0
90946001,0
90948000,0
90950000,0
90952000,0
90954000,0
90956000,0
90958001,0
90960000,0
90962001,0
90964001,0
90966000,0
90968000,0
90970000,0
90972001,0
90974001,0
90976001,0
90978000,0
90980000,0
90982000,0
90984000,0
90986000,0
90988001,0
90990000,0
90992001,0
90994000,0
90996001,0
90998000,0
91000000,0
91002000,0
91004001,0
91006000,0
91008000,0
91010000,0
91012001,0
91014000,0
91016001,0
91018001,0
91020000,0
91022001,0
91024000,0
91026001,0
91028000,0
91030001,0
91032001,0
91034000,0
91036000,0
91038000,0
91040001,0
91042001,0
91044000,0
91046001,0
91048000,0
91050000,0
91052001,0
91054000,0
91056000,0
91058001,0
91060001,0
91062000,0
91064000,0
91066001,0
91068001,0
91070001,0
91072000,0
91074001,0
91076001,0
91078000,0
91080001,0
91082000,0
91084000,0
91086000,0
91088000,0
91090001,0
91092000,0
91094000,0
91096000,0
91098000,0
91100000,0
91102000,0
91104001,0
91106000,0
91108000,0
91110000,0
91112000,0
91114001,0
91116000,0
91118000,0
91120000,0
91122000,0
91124000,0
91126000,0
91128000,0
91130000,0
91132001,0
91134000,0
91136001,0
91138001,0
91140000,0
91142000,0
91144000,0
91146000,0
91148001,0
91150001,0
91152001,0
91154000,0
91156000,0
91158000,0
91160001,0
91162000,0
91164001,0
91166000,0
91168000,0
91170001,0
91172001,0
91174000,0
91176001,0
91178000,0
91180001,0
91182000,0
91184001,0
91186000,0
91188000,0
91190000,0
91192000,0
91194001,0
91196000,0
91198000,0
91200000,0
91202001,0
91204000,0
91206001,0
91208001,0
91210000,0
91212001,0
91214001,0
91216001,0
91218001,0
91220001,0
91222000,0
91224000,0
91226000,0
91228000,0
91230001,0
91232000,0
91234000,0
91236000,0
91238000,0
91240000,0
91242000,0
91244000,0
91246001,0
91248001,0
91250000,0
91252000,0
91254000,0
91256000,0
91258001,0
91260000,0
91262001,0
91264000,0
91266000,0
91268000,0
91270000,0
91272001,0
91274000,0
91276000,0
91278000,0
91280000,0
91282000,0
91284000,0
91286001,0
91288000,0
91290001,0
91292000,0
91294000,0
91296001,0
91298000,0
91300000,0
91302000,0
91304000,0
91306000,0
91308001,0
91310001,0
91312000,0
91314001,0
91316000,0
91318000,0
91320000,0
91322000,0
91324001,0
91326001,0
91328000,0
91330001,0
91332001,0
91334000,0
91336001,0
91338000,0
91340000,0
91342001,0
91344000,0
91346000,0
91348000,0
91350000,0
91352000,0
91354000,0
91356000,0
91358001,0
91360001,0
91362000,0
91364000,0
91366001,0
91368001,0
91370000,0
91372000,0
91374000,0
91376001,0
91378000,0
91380000,0
91382001,0
91384000,0
91386000,0
91388000,0
91390001,0
91392001,0
91394000,0
91396000,0
91398001,0
91400000,0
91402000,0
91404001,0
91406000,0
91408001,0
91410000,0
91412000,0
91414000,0
91416001,0
91418000,0
91420000,0
91422000,0
91424000,0
91426000,0
91428000,0
91430000,0
91432001,0
91434000,0
91436001,0
91438000,0
91440000,0
91442000,0
91444000,0
91446000,0
91448000,0
91450000,0
91452000,0
91454000,0
91456000,0
91458000,0
91460001,0
91462001,0
91464000,0
91466001,0
91468000,0
91470000,0
91472001,0
91474000,0
91476000,0
91478000,0
91480001,0
91482001,0
91484001,0
91486000,0
91488000,0
91490000,0
91492000,0
91494001,0
91496001,0
91498000,0
91500000,0
91502001,0
91504001,0
91506000,0
91508001,0
91510000,0
91512000,0
91514000,0
91516000,0
91518001,0
91520000,0
91522000,0
91524001,0
91526000,0
91528000,0
91530000,0
91532000,0
91534000,0
91536001,0
91538000,0
91540001,0
91542000,0
91544000,0
91546000,0
91548000,0
91550001,0
91552001,0
91554000,0
91556001,0
91558000,0
91560000,0
91562000,0
91564001,0
91566000,0
91568001,0
91570001,0
91572001,0
91574000,0
91576000,0
91578000,0
91580000,0
91582001,0
91584001,0
91586001,0
91588000,0
91590000,0
91592001,0
91594000,0
91596001,0
91598000,0
91600000,0
91602001,0
91604000,0
91606000,0
91608000,0
91610000,0
91612001,0
91614000,0
91616001,0
91618000,0
91620000,0
91622000,0
91624000,0
91626000,0
91628000,0
91630000,0
91632000,0
91634000,0
91636001,0
91638000,0
91640000,0
91642000,0
91644001,0
91646000,0
91648000,0
91650000,0
91652000,0
91654001,0
91656000,0
91658000,0
91660000,0
91662000,0
91664001,0
91666000,0
91668001,0
91670000,0
91672000,0
91674001,0
91676000,0
91678001,0
91680000,0
91682001,0
91684000,0
91686001,0
91688001,0
91690000,0
91692001,0
91694000,0
91696000,0
91698000,0
91700000,0
91702000,0
91704000,0
91706000,0
91708000,0
91710000,0
91712001,0
91714000,0
91716000,0
91718001,0
91720000,0
91722000,0
91724001,0
91726000,0
91728000,0
91730000,0
91732000,0
91734000,0
91736000,0
91738000,0
91740000,0
91742001,0
91744000,0
91746000,0
91748000,0
91750000,0
91752001,0
91754000,0
91756000,0
91758000,0
91760000,0
91762000,0
91764001,0
91766000,0
91768001,0
91770000,0
91772001,0
91774000,0
91776001,0
91778000,0
91780001,0
91782001,0
91784000,0
91786000,0
91788001,0
91790000,0
91792000,0
91794000,0
91796000,0
91798001,0
91800000,0
91802001,0
91804000,0
91806000,0
91808000,0
91810000,0
91812000,0
91814001,0
91816001,0
91818000,0
91820000,0
91822001,0
91824000,0
91826000,0
91828000,0
91830001,0
91832000,0
91834000,0
91836001,0
91838001,0
91840000,0
91842000,0
91844000,0
91846001,0
91848000,0
91850000,0
91852001,0
91854001,0
91856001,0
91858000,0
91860000,0
91862000,0
91864000,0
91866000,0
91868000,0
91870001,0
91872000,0
91874000,0
91876001,0
91878000,0
91880001,0
91882000,0
91884000,0
91886001,0
91888001,0
91890000,0
91892000,0
91894000,0
91896000,0
91898000,0
91900001,0
91902001,0
91904000,0
91906000,0
91908000,0
91910000,0
91912000,0
91914001,0
91916000,0
91918000,0
91920000,0
91922001,0
91924000,0
91926000,0
91928000,0
91930001,0
91932000,0
91934000,0
91936000,0
91938001,0
91940000,0
91942001,0
91944000,0
91946000,0
91948000,0
91950001,0
91952001,0
91954000,0
91956000,0
91958001,0
91960000,0
91962000,0
91964000,0
91966000,0
91968000,0
91970000,0
91972001,0
91974000,0
91976000,0
91978000,0
91980000,0
91982000,0
91984000,0
91986000,0
91988001,0
91990000,0
91992001,0
91994001,0
91996000,0
91998000,0
92000000,0
92002000,0
92004000,0
92006000,0
92008000,0
92010000,0
92012000,0
92014001,0
92016000,0
92018001,0
92020000,0
92022001,0
92024000,0
92026001,0
92028000,0
92030001,0
92032000,0
92034001,0
92036000,0
92038001,0
92040001,0
92042000,0
92044000,0
92046001,0
92048000,0
92050001,0
92052001,0
92054000,0
92056001,0
92058001,0
92060000,0
92062000,0
92064000,0
92066001,0
92068001,0
92070000,0
92072000,0
92074000,0
92076000,0
92078001,0
92080000,0
92082001,0
92084000,0
92086000,0
92088000,0
92090000,0
92092000,0
92094000,0
92096000,0
92098000,0
92100001,0
92102001,0
92104001,0
92106000,0
92108000,0
92110000,0
92112000,0
92114001,0
92116000,0
92118000,0
92120001,0
92122001,0
92124000,0
92126001,0
92128000,0
92130000,0
92132000,0
92134000,0
92136001,0
92138000,0
92140001,0
92142000,0
92144000,0
92146001,0
92148001,0
92150000,0
92152000,0
92154000,0
92156001,0
92158000,0
92160000,0
92162000,0
92164001,0
92166000,0
92168001,0
92170000,0
92172001,0
92174000,0
92176000,0
92178000,0
92180000,0
92182000,0
92184001,0
92186000,0
92188000,0
92190000,0
92192001,0
92194000,0
92196000,0
92198000,0
92200000,0
92202000,0
92204000,0
92206001,0
92208000,0
92210000,0
92212001,0
92214001,0
92216000,0
92218001,0
92220000,0
92222000,0
92224001,0
92226000,0
92228000,0
92230001,0
92232001,0
92234000,0
92236000,0
92238000,0
92240000,0
92242000,0
92244000,0
92246001,0
92248000,0
92250001,0
92252000,0
92254000,0
92256000,0
92258000,0
92260000,0
92262000,0
92264001,0
92266000,0
92268001,0
92270000,0
92272000,0
92274001,0
92276000,0
92278000,0
92280000,0
92282000,0
92284001,0
92286000,0
92288000,0
92290000,0
92292001,0
92294000,0
92296000,0
92298000,0
92300001,0
92302000,0
92304000,0
92306000,0
92308001,0
92310000,0
92312000,0
92314001,0
92316000,0
92318000,0
92320000,0
92322000,0
92324001,0
92326000,0
92328001,0
92330000,0
92332001,0
92334000,0
92336001,0
92338000,0
92340001,0
92342000,0
92344000,0
92346001,0
92348000,0
92350000,0
92352000,0
92354000,0
92356001,0
92358000,0
92360001,0
92362000,0
92364000,0
92366001,0
92368000,0
92370000,0
92372000,0
92374001,0
92376000,0
92378001,0
92380000,0
92382000,0
92384000,0
92386001,0
92388000,0
92390000,0
92392000,0
92394001,0
92396000,0
92398001,0
92400001,0
92402000,0
92404000,0
92406001,0
92408000,0
92410000,0
92412001,0
92414001,0
92416000,0
92418001,0
92420000,0
92422000,0
92424000,0
92426000,0
92428000,0
92430000,0
92432000,0
92434001,0
92436000,0
92438000,0
92440000,0
92442001,0
92444000,0
92446000,0
92448000,0
92450000,0
92452000,0
92454000,0
92456001,0
92458000,0
92460000,0
92462001,0
92464000,0
92466000,0
92468001,0
92470000,0
92472001,0
92474000,0
92476000,0
92478000,0
92480000,0
92482000,0
92484000,0
92486000,0
92488000,0
92490000,0
92492000,0
92494000,0
92496000,0
92498001,0
92500000,0
92502001,0
92504000,0
92506000,0
92508000,0
92510000,0
92512001,0
92514000,0
92516000,0
92518000,0
92520000,0
92522000,0
92524000,0
92526001,0
92528000,0
92530000,0
92532000,0
92534001,0
92536000,0
92538001,0
92540000,0
92542001,0
92544000,0
92546000,0
92548001,0
92550001,0
92552000,0
92554001,0
92556000,0
92558000,0
92560000,0
92562000,0
92564000,0
92566000,0
92568000,0
92570000,0
92572000,0
92574000,0
92576000,0
92578000,0
92580000,0
92582000,0
92584000,0
92586001,0
92588000,0
92590001,0
92592000,0
92594000,0
92596000,0
92598000,0
92600000,0
92602001,0
92604001,0
92606000,0
92608000,0
92610000,0
92612001,0
92614000,0
92616000,0
92618000,0
92620001,0
92622001,0
92624000,0
92626000,0
92628000,0
92630000,0
92632001,0
92634000,0
92636000,0
92638000,0
92640001,0
92642000,0
92644000,0
92646001,0
92648001,0
92650000,0
92652000,0
92654000,0
92656000,0
92658001,0
92660000,0
92662001,0
92664001,0
92666000,0
92668000,0
92670000,0
92672001,0
92674000,0
92676000,0
92678001,0
92680000,0
92682000,0
92684000,0
92686000,0
92688000,0
92690001,0
92692000,0
92694000,0
92696001,0
92698001,0
92700000,0
92702001,0
92704000,0
92706000,0
92708000,0
92710000,0
92712001,0
92714000,0
92716000,0
92718001,0
92720000,0
92722001,0
92724001,0
92726000,0
92728000,0
92730001,0
92732000,0
92734000,0
92736000,0
92738001,0
92740000,0
92742001,0
92744000,0
92746001,0
92748000,0
92750000,0
92752001,0
92754000,0
92756000,0
92758001,0
92760000,0
92762000,0
92764001,0
92766000,0
92768001,0
92770000,0
92772001,0
92774000,0
92776001,0
92778001,0
92780000,0
92782000,0
92784001,0
92786000,0
92788000,0
92790001,0
92792000,0
92794000,0
92796000,0
92798000,0
92800000,0
92802000,0
92804000,0
92806000,0
92808000,0
92810000,0
92812000,0
92814001,0
92816001,0
92818000,0
92820000,0
92822000,0
92824000,0
92826001,0
92828000,0
92830000,0
92832001,0
92834000,0
92836001,0
92838000,0
92840001,0
92842001,0
92844000,0
92846001,0
92848000,0
92850000,0
92852000,0
92854001,0
92856000,0
92858001,0
92860000,0
92862000,0
92864001,0
92866000,0
92868000,0
92870001,0
92872000,0
92874000,0
92876001,0
92878000,0
92880001,0
92882000,0
92884000,0
92886000,0
92888000,0
92890001,0
92892000,0
92894000,0
92896000,0
92898000,0
92900001,0
92902000,0
92904001,0
92906000,0
92908000,0
92910000,0
92912000,0
92914000,0
92916000,0
92918000,0
92920001,0
92922000,0
92924001,0
92926000,0
92928000,0
92930000,0
92932000,0
92934000,0
92936000,0
92938001,0
92940000,0
92942001,0
92944001,0
92946000,0
92948000,0
92950000,0
92952000,0
92954000,0
92956000,0
92958001,0
92960001,0
92962001,0
92964001,0
92966000,0
92968001,0
92970000,0
92972001,0
92974000,0
92976000,0
92978000,0
92980000,0
92982001,0
92984000,0
92986001,0
92988001,0
92990000,0
92992000,0
92994000,0
92996001,0
92998000,0
93000001,0
93002000,0
93004000,0
93006000,0
93008001,0
93010000,0
93012000,0
93014000,0
93016001,0
93018001,0
93020000,0
93022001,0
93024000,0
93026000,0
93028001,0
93030000,0
93032001,0
93034001,0
93036000,0
93038001,0
93040000,0
93042001,0
93044000,0
93046000,0
93048001,0
93050000,0
93052000,0
93054000,0
93056001,0
93058000,0
93060000,0
93062000,0
93064001,0
93066000,0
93068001,0
93070000,0
93072000,0
93074000,0
93076000,0
93078001,0
93080000,0
93082000,0
93084000,0
93086000,0
93088000,0
93090000,0
93092001,0
93094000,0
93096000,0
93098001,0
93100001,0
93102000,0
93104000,0
93106000,0
93108000,0
93110000,0
93112000,0
93114001,0
93116000,0
93118001,0
93120000,0
93122001,0
93124000,0
93126001,0
93128000,0
93130001,0
93132000,0
93134000,0
93136000,0
93138001,0
93140000,0
93142001,0
93144001,0
93146000,0
93148000,0
93150000,0
93152000,0
93154000,0
93156001,0
93158000,0
93160000,0
93162000,0
93164000,0
93166000,0
93168001,0
93170000,0
93172000,0
93174000,0
93176000,0
93178000,0
93180000,0
93182000,0
93184000,0
93186001,0
93188000,0
93190000,0
93192001,0
93194000,0
93196000,0
93198000,0
93200000,0
93202001,0
93204000,0
93206000,0
93208000,0
93210001,0
93212000,0
93214000,0
93216000,0
93218000,0
93220001,0
93222000,0
93224000,0
93226001,0
93228000,0
93230000,0
93232001,0
93234000,0
93236000,0
93238000,0
93240001,0
93242000,0
93244001,0
93246000,0
93248000,0
93250000,0
93252000,0
93254000,0
93256000,0
93258000,0
93260001,0
93262000,0
93264000,0
93266000,0
93268000,0
93270000,0
93272001,0
93274000,0
93276000,0
93278000,0
93280000,0
93282000,0
93284000,0
93286000,0
93288001,0
93290000,0
93292000,0
93294001,0
93296001,0
93298000,0
93300000,0
93302000,0
93304000,0
93306000,0
93308000,0
93310000,0
93312001,0
93314001,0
93316000,0
93318001,0
93320001,0
93322000,0
93324000,0
93326000,0
93328000,0
93330000,0
93332001,0
93334001,0
93336001,0
93338000,0
93340001,0
93342000,0
93344000,0
93346001,0
93348000,0
93350000,0
93352001,0
93354001,0
93356000,0
93358001,0
93360000,0
93362000,0
93364001,0
93366000,0
93368001,0
93370001,0
93372001,0
93374001,0
93376001,0
93378000,0
93380001,0
93382000,0
93384000,0
93386001,0
93388001,0
93390000,0
93392000,0
93394000,0
93396000,0
93398001,0
93400000,0
93402000,0
93404000,0
93406000,0
93408000,0
93410001,0
93412001,0
93414001,0
93416000,0
93418000,0
93420001,0
93422001,0
93424000,0
93426000,0
93428000,0
93430000,0
93432001,0
93434000,0
93436001,0
93438000,0
93440000,0
93442001,0
93444001,0
93446001,0
93448000,0
93450000,0
93452000,0
93454001,0
93456000,0
93458000,0
93460000,0
93462000,0
93464000,0
93466001,0
93468000,0
93470000,0
93472001,0
93474000,0
93476000,0
93478000,0
93480000,0
93482001,0
93484000,0
93486000,0
93488000,0
93490000,0
93492001,0
93494000,0
93496000,0
93498001,0
93500001,0
93502001,0
93504000,0
93506000,0
93508000,0
93510001,0
93512000,0
93514000,0
93516000,0
93518000,0
93520000,0
93522001,0
93524000,0
93526000,0
93528000,0
93530000,0
93532001,0
93534000,0
93536000,0
93538001,0
93540001,0
93542000,0
93544001,0
93546000,0
93548000,0
93550000,0
93552000,0
93554001,0
93556001,0
93558000,0
93560001,0
93562001,0
93564001,0
93566001,0
93568000,0
93570000,0
93572001,0
93574001,0
93576000,0
93578000,0
93580000,0
93582000,0
93584001,0
93586000,0
93588000,0
93590001,0
93592000,0
93594001,0
93596000,0
93598000,0
93600001,0
93602000,0
93604000,0
93606001,0
93608000,0
93610000,0
93612000,0
93614000,0
93616000,0
93618000,0
93620000,0
93622001,0
93624000,0
93626001,0
93628000,0
93630000,0
93632000,0
93634000,0
93636000,0
93638001,0
93640000,0
93642000,0
93644000,0
93646001,0
93648000,0
93650000,0
93652000,0
93654000,0
93656000,0
93658001,0
93660000,0
93662001,0
93664000,0
93666001,0
93668000,0
93670000,0
93672000,0
93674000,0
93676000,0
93678000,0
93680001,0
93682001,0
93684000,0
93686000,0
93688000,0
93690000,0
93692000,0
93694000,0
93696000,0
93698001,0
93700000,0
93702001,0
93704000,0
93706000,0
93708000,0
93710000,0
93712001,0
93714001,0
93716001,0
93718000,0
93720000,0
93722000,0
93724000,0
93726000,0
93728000,0
93730001,0
93732000,0
93734000,0
93736000,0
93738000,0
93740000,0
93742000,0
93744000,0
93746000,0
93748000,0
93750000,0
93752001,0
93754000,0
93756001,0
93758000,0
93760000,0
93762000,0
93764000,0
93766001,0
93768001,0
93770001,0
93772000,0
93774000,0
93776001,0
93778000,0
93780000,0
93782000,0
93784000,0
93786001,0
93788001,0
93790000,0
93792000,0
93794000,0
93796000,0
93798000,0
93800001,0
93802001,0
93804000,0
93806000,0
93808001,0
93810001,0
93812000,0
93814000,0
93816000,0
93818001,0
93820000,0
93822000,0
93824001,0
93826001,0
93828001,0
93830001,0
93832000,0
93834001,0
93836000,0
93838000,0
93840001,0
93842001,0
93844000,0
93846000,0
93848001,0
93850000,0
93852000,0
93854000,0
93856000,0
93858001,0
93860000,0
93862000,0
93864000,0
93866000,0
93868000,0
93870001,0
93872000,0
93874001,0
93876001,0
93878000,0
93880000,0
93882001,0
93884000,0
93886000,0
93888000,0
93890001,0
93892000,0
93894000,0
93896000,0
93898000,0
93900001,0
93902000,0
93904001,0
93906000,0
93908000,0
93910001,0
93912000,0
93914000,0
93916000,0
93918001,0
93920000,0
93922000,0
93924001,0
93926000,0
93928001,0
93930001,0
93932000,0
93934000,0
93936001,0
93938000,0
93940000,0
93942000,0
93944000,0
93946000,0
93948000,0
93950000,0
93952001,0
93954000,0
93956000,0
93958000,0
93960000,0
93962000,0
93964000,0
93966000,0
93968000,0
93970000,0
93972000,0
93974000,0
93976000,0
93978000,0
93980001,0
93982000,0
93984000,0
93986000,0
93988000,0
93990000,0
93992001,0
93994000,0
93996000,0
93998000,0
94000001,0
94002000,0
94004001,0
94006000,0
94008001,0
94010000,0
94012000,0
94014001,0
94016000,0
94018000,0
94020000,0
94022000,0
94024000,0
94026000,0
94028000,0
94030000,0
94032001,0
94034000,0
94036000,0
94038000,0
94040000,0
94042000,0
94044000,0
94046000,0
94048000,0
94050000,0
94052000,0
94054001,0
94056000,0
94058001,0
94060000,0
94062000,0
94064000,0
94066001,0
94068000,0
94070000,0
94072000,0
94074001,0
94076001,0
94078000,0
94080001,0
94082001,0
94084000,0
94086000,0
94088000,0
94090000,0
94092001,0
94094000,0
94096000,0
94098001,0
94100000,0
94102000,0
94104000,0
94106000,0
94108001,0
94110001,0
94112000,0
94114000,0
94116001,0
94118001,0
94120001,0
94122000,0
94124000,0
94126001,0
94128000,0
94130000,0
94132000,0
94134001,0
94136001,0
94138000,0
94140000,0
94142001,0
94144001,0
94146000,0
94148000,0
94150001,0
94152000,0
94154000,0
94156000,0
94158000,0
94160000,0
94162000,0
94164001,0
94166000,0
94168001,0
94170000,0
94172000,0
94174000,0
94176001,0
94178001,0
94180001,0
94182000,0
94184000,0
94186000,0
94188000,0
94190000,0
94192000,0
94194001,0
94196000,0
94198001,0
94200000,0
94202000,0
94204000,0
94206001,0
94208000,0
94210000,0
94212001,0
94214000,0
94216000,0
94218001,0
94220000,0
94222001,0
94224000,0
94226001,0
94228000,0
94230000,0
94232001,0
94234000,0
94236000,0
94238000,0
94240000,0
94242000,0
94244000,0
94246001,0
94248000,0
94250001,0
94252000,0
94254001,0
94256000,0
94258001,0
94260000,0
94262000,0
94264000,0
94266001,0
94268001,0
94270000,0
94272000,0
94274001,0
94276001,0
94278000,0
94280000,0
94282001,0
94284000,0
94286000,0
94288000,0
94290001,0
94292000,0
94294000,0
94296000,0
94298000,0
94300000,0
94302000,0
94304000,0
94306000,0
94308000,0
94310000,0
94312001,0
94314000,0
94316000,0
94318000,0
94320000,0
94322000,0
94324000,0
94326000,0
94328000,0
94330000,0
94332000,0
94334000,0
94336000,0
94338000,0
94340000,0
94342000,0
94344000,0
94346000,0
94348000,0
94350001,0
94352000,0
94354000,0
94356000,0
94358001,0
94360000,0
94362001,0
94364000,0
94366000,0
94368001,0
94370001,0
94372000,0
94374001,0
94376001,0
94378000,0
94380000,0
94382000,0
94384001,0
94386000,0
94388000,0
94390000,0
94392000,0
94394000,0
94396000,0
94398001,0
94400001,0
94402000,0
94404000,0
94406000,0
94408000,0
94410000,0
94412001,0
94414001,0
94416000,0
94418000,0
94420001,0
94422000,0
94424000,0
94426001,0
94428001,0
94430001,0
94432000,0
94434000,0
94436000,0
94438000,0
94440000,0
94442001,0
94444000,0
94446000,0
94448000,0
94450001,0
94452000,0
94454001,0
94456000,0
94458000,0
94460000,0
94462000,0
94464000,0
94466000,0
94468000,0
94470001,0
94472000,0
94474000,0
94476001,0
94478000,0
94480000,0
94482001,0
94484000,0
94486000,0
94488001,0
94490000,0
94492000,0
94494000,0
94496000,0
94498000,0
94500001,0
94502000,0
94504000,0
94506000,0
94508001,0
94510000,0
94512000,0
94514000,0
94516001,0
94518000,0
94520000,0
94522001,0
94524001,0
94526000,0
94528000,0
94530000,0
94532000,0
94534001,0
94536000,0
94538001,0
94540000,0
94542000,0
94544000,0
94546001,0
94548001,0
94550001,0
94552001,0
94554000,0
94556001,0
94558000,0
94560000,0
94562001,0
94564001,0
94566000,0
94568001,0
94570000,0
94572000,0
94574001,0
94576000,0
94578000,0
94580000,0
94582000,0
94584000,0
94586001,0
94588000,0
94590000,0
94592000,0
94594000,0
94596000,0
94598001,0
94600000,0
94602000,0
94604001,0
94606000,0
94608000,0
94610001,0
94612000,0
94614000,0
94616000,0
94618000,0
94620000,0
94622000,0
94624001,0
94626000,0
94628001,0
94630000,0
94632001,0
94634000,0
94636001,0
94638001,0
94640000,0
94642000,0
94644000,0
94646001,0
94648001,0
94650001,0
94652000,0
94654000,0
94656001,0
94658000,0
94660000,0
94662000,0
94664000,0
94666001,0
94668000,0
94670000,0
94672000,0
94674000,0
94676000,0
94678000,0
94680000,0
94682000,0
94684000,0
94686000,0
94688000,0
94690000,0
94692000,0
94694000,0
94696000,0
94698001,0
94700000,0
94702001,0
94704001,0
94706000,0
94708001,0
94710000,0
94712000,0
94714000,0
94716000,0
94718001,0
94720001,0
94722000,0
94724001,0
94726000,0
94728001,0
94730001,0
94732000,0
94734000,0
94736000,0
94738000,0
94740001,0
94742000,0
94744000,0
94746001,0
94748000,0
94750000,0
94752001,0
94754000,0
94756000,0
94758000,0
94760001,0
94762000,0
94764001,0
94766001,0
94768001,0
94770000,0
94772001,0
94774001,0
94776001,0
94778000,0
94780001,0
94782001,0
94784000,0
94786000,0
94788000,0
94790000,0
94792000,0
94794000,0
94796000,0
94798000,0
94800000,0
94802001,0
94804000,0
94806001,0
94808000,0
94810000,0
94812000,0
94814001,0
94816000,0
94818000,0
94820001,0
94822000,0
94824001,0
94826001,0
94828000,0
94830000,0
94832000,0
94834000,0
94836000,0
94838000,0
94840000,0
94842000,0
94844000,0
94846000,0
94848000,0
94850000,0
94852001,0
94854000,0
94856001,0
94858001,0
94860001,0
94862000,0
94864000,0
94866000,0
94868000,0
94870000,0
94872000,0
94874000,0
94876000,0
94878000,0
94880000,0
94882000,0
94884000,0
94886001,0
94888001,0
94890000,0
94892000,0
94894000,0
94896000,0
94898000,0
94900000,0
94902001,0
94904000,0
94906000,0
94908001,0
94910000,0
94912001,0
94914001,0
94916000,0
94918000,0
94920000,0
94922000,0
94924000,0
94926001,0
94928000,0
94930000,0
94932001,0
94934000,0
94936000,0
94938000,0
94940001,0
94942000,0
94944000,0
94946000,0
94948000,0
94950000,0
94952000,0
94954000,0
94956000,0
94958000,0
94960000,0
94962001,0
94964000,0
94966001,0
94968000,0
94970001,0
94972000,0
94974001,0
94976000,0
94978001,0
94980000,0
94982000,0
94984000,0
94986000,0
94988000,0
94990001,0
94992001,0
94994000,0
94996000,0
94998001,0
95000000,0
95002000,0
95004000,0
95006001,0
95008000,0
95010000,0
95012001,0
95014000,0
95016000,0
95018000,0
95020001,0
95022000,0
95024000,0
95026000,0
95028000,0
95030000,0
95032001,0
95034000,0
95036000,0
95038001,0
95040000,0
95042000,0
95044001,0
95046000,0
95048001,0
95050000,0
95052001,0
95054001,0
95056001,0
95058000,0
95060001,0
95062000,0
95064000,0
95066000,0
95068001,0
95070000,0
95072001,0
95074000,0
95076000,0
95078000,0
95080001,0
95082001,0
95084000,0
95086001,0
95088001,0
95090000,0
95092001,0
95094000,0
95096001,0
95098000,0
95100000,0
95102000,0
95104000,0
95106000,0
95108001,0
95110000,0
95112000,0
95114001,0
95116000,0
95118000,0
95120001,0
95122000,0
95124001,0
95126000,0
95128000,0
95130000,0
95132000,0
95134000,0
95136000,0
95138001,0
95140000,0
95142000,0
95144000,0
95146000,0
95148000,0
95150000,0
95152000,0
95154000,0
95156000,0
95158001,0
95160000,0
95162001,0
95164001,0
95166000,0
95168000,0
95170000,0
95172001,0
95174000,0
95176000,0
95178000,0
95180000,0
95182000,0
95184001,0
95186000,0
95188001,0
95190001,0
95192001,0
95194000,0
95196000,0
95198000,0
95200000,0
95202000,0
95204000,0
95206001,0
95208000,0
95210001,0
95212000,0
95214000,0
95216001,0
95218000,0
95220000,0
95222001,0
95224000,0
95226001,0
95228001,0
95230000,0
95232001,0
95234000,0
95236000,0
95238000,0
95240000,0
95242000,0
95244000,0
95246001,0
95248001,0
95250000,0
95252001,0
95254000,0
95256000,0
95258001,0
95260001,0
95262001,0
95264001,0
95266000,0
95268000,0
95270000,0
95272001,0
95274000,0
95276001,0
95278000,0
95280000,0
95282001,0
95284000,0
95286000,0
95288001,0
95290001,0
95292000,0
95294001,0
95296000,0
95298000,0
95300001,0
95302000,0
95304000,0
95306000,0
95308001,0
95310000,0
95312000,0
95314000,0
95316001,0
95318001,0
95320000,0
95322001,0
95324000,0
95326000,0
95328000,0
95330001,0
95332000,0
95334001,0
95336000,0
95338000,0
95340000,0
95342000,0
95344000,0
95346000,0
95348001,0
95350000,0
95352000,0
95354000,0
95356000,0
95358001,0
95360000,0
95362001,0
95364000,0
95366000,0
95368000,0
95370000,0
95372001,0
95374001,0
95376001,0
95378000,0
95380000,0
95382001,0
95384001,0
95386000,0
95388000,0
95390000,0
95392000,0
95394000,0
95396000,0
95398000,0
95400000,0
95402001,0
95404000,0
95406000,0
95408000,0
95410000,0
95412001,0
95414000,0
95416001,0
95418000,0
95420001,0
95422000,0
95424000,0
95426000,0
95428001,0
95430001,0
95432001,0
95434000,0
95436000,0
95438000,0
95440001,0
95442000,0
95444001,0
95446000,0
95448000,0
95450000,0
95452001,0
95454000,0
95456000,0
95458000,0
95460001,0
95462000,0
95464001,0
95466000,0
95468000,0
95470000,0
95472000,0
95474001,0
95476001,0
95478000,0
95480000,0
95482000,0
95484001,0
95486001,0
95488000,0
95490000,0
95492001,0
95494000,0
95496000,0
95498001,0
95500000,0
95502001,0
95504000,0
95506001,0
95508000,0
95510001,0
95512001,0
95514000,0
95516001,0
95518000,0
95520000,0
95522001,0
95524001,0
95526000,0
95528001,0
95530001,0
95532001,0
95534000,0
95536001,0
95538000,0
95540000,0
95542001,0
95544000,0
95546000,0
95548001,0
95550000,0
95552000,0
95554000,0
95556000,0
95558001,0
95560001,0
95562000,0
95564001,0
95566000,0
95568001,0
95570000,0
95572000,0
95574001,0
95576000,0
95578000,0
95580001,0
95582001,0
95584000,0
95586001,0
95588001,0
95590000,0
95592000,0
95594000,0
95596000,0
95598000,0
95600001,0
95602000,0
95604001,0
95606000,0
95608001,0
95610000,0
95612000,0
95614000,0
95616000,0
95618000,0
95620001,0
95622000,0
95624000,0
95626000,0
95628000,0
95630001,0
95632000,0
95634000,0
95636000,0
95638001,0
95640000,0
95642000,0
95644001,0
95646000,0
95648000,0
95650000,0
95652001,0
95654001,0
95656000,0
95658000,0
95660001,0
95662001,0
95664000,0
95666001,0
95668000,0
95670000,0
95672001,0
95674001,0
95676000,0
95678000,0
95680000,0
95682001,0
95684001,0
95686000,0
95688000,0
95690001,0
95692001,0
95694001,0
95696000,0
95698000,0
95700000,0
95702000,0
95704000,0
95706001,0
95708000,0
95710001,0
95712001,0
95714000,0
95716000,0
95718001,0
95720000,0
95722000,0
95724001,0
95726000,0
95728000,0
95730000,0
95732001,0
95734000,0
95736000,0
95738000,0
95740000,0
95742001,0
95744001,0
95746000,0
95748001,0
95750001,0
95752000,0
95754000,0
95756001,0
95758000,0
95760001,0
95762000,0
95764000,0
95766001,0
95768000,0
95770001,0
95772000,0
95774001,0
95776001,0
95778000,0
95780001,0
95782000,0
95784001,0
95786000,0
95788001,0
95790001,0
95792000,0
95794000,0
95796001,0
95798000,0
95800000,0
95802001,0
95804000,0
95806001,0
95808000,0
95810001,0
95812000,0
95814000,0
95816001,0
95818000,0
95820001,0
95822001,0
95824000,0
95826000,0
95828001,0
95830000,0
95832000,0
95834001,0
95836000,0
95838000,0
95840000,0
95842001,0
95844000,0
95846000,0
95848000,0
95850001,0
95852000,0
95854000,0
95856000,0
95858000,0
95860001,0
95862000,0
95864000,0
95866000,0
95868000,0
95870000,0
95872000,0
95874001,0
95876000,0
95878000,0
95880001,0
95882000,0
95884000,0
95886001,0
95888001,0
95890000,0
95892000,0
95894000,0
95896001,0
95898000,0
95900000,0
95902000,0
95904001,0
95906000,0
95908000,0
95910000,0
95912000,0
95914000,0
95916000,0
95918000,0
95920001,0
95922000,0
95924001,0
95926000,0
95928001,0
95930000,0
95932001,0
95934001,0
95936000,0
95938000,0
95940000,0
95942000,0
95944001,0
95946001,0
95948000,0
95950001,0
95952001,0
95954000,0
95956000,0
95958000,0
95960000,0
95962000,0
95964001,0
95966001,0
95968001,0
95970000,0
95972000,0
95974000,0
95976000,0
95978000,0
95980000,0
95982001,0
95984000,0
95986000,0
95988000,0
95990000,0
95992001,0
95994000,0
95996000,0
95998001,0
96000001,0
96002000,0
96004000,0
96006001,0
96008000,0
96010000,0
96012001,0
96014001,0
96016001,0
96018001,0
96020000,0
96022000,0
96024000,0
96026001,0
96028000,0
96030001,0
96032001,0
96034000,0
96036000,0
96038000,0
96040001,0
96042000,0
96044000,0
96046001,0
96048000,0
96050000,0
96052001,0
96054001,0
96056001,0
96058001,0
96060000,0
96062000,0
96064000,0
96066000,0
96068001,0
96070000,0
96072001,0
96074001,0
96076000,0
96078000,0
96080000,0
96082001,0
96084001,0
96086000,0
96088001,0
96090000,0
96092000,0
96094000,0
96096001,0
96098000,0
96100000,0
96102000,0
96104000,0
96106001,0
96108000,0
96110000,0
96112000,0
96114001,0
96116000,0
96118000,0
96120000,0
96122000,0
96124000,0
96126001,0
96128000,0
96130001,0
96132000,0
96134000,0
96136001,0
96138000,0
96140001,0
96142000,0
96144000,0
96146000,0
96148001,0
96150000,0
96152001,0
96154001,0
96156000,0
96158000,0
96160001,0
96162000,0
96164001,0
96166000,0
96168000,0
96170000,0
96172000,0
96174000,0
96176000,0
96178001,0
96180000,0
96182000,0
96184000,0
96186001,0
96188000,0
96190000,0
96192000,0
96194000,0
96196000,0
96198000,0
96200000,0
96202000,0
96204001,0
96206000,0
96208000,0
96210000,0
96212000,0
96214000,0
96216001,0
96218000,0
96220000,0
96222000,0
96224000,0
96226001,0
96228000,0
96230000,0
96232000,0
96234001,0
96236000,0
96238000,0
96240001,0
96242000,0
96244001,0
96246000,0
96248000,0
96250000,0
96252001,0
96254000,0
96256000,0
96258000,0
96260000,0
96262000,0
96264000,0
96266000,0
96268001,0
96270000,0
96272001,0
96274000,0
96276000,0
96278000,0
96280000,0
96282000,0
96284001,0
96286000,0
96288001,0
96290000,0
96292000,0
96294000,0
96296001,0
96298000,0
96300000,0
96302000,0
96304000,0
96306000,0
96308000,0
96310000,0
96312001,0
96314000,0
96316000,0
96318001,0
96320000,0
96322001,0
96324000,0
96326001,0
96328000,0
96330001,0
96332000,0
96334001,0
96336000,0
96338000,0
96340000,0
96342000,0
96344000,0
96346001,0
96348000,0
96350000,0
96352001,0
96354000,0
96356000,0
96358000,0
96360000,0
96362001,0
96364001,0
96366001,0
96368000,0
96370001,0
96372000,0
96374001,0
96376000,0
96378000,0
96380001,0
96382000,0
96384001,0
96386000,0
96388000,0
96390000,0
96392000,0
96394001,0
96396000,0
96398000,0
96400000,0
96402001,0
96404001,0
96406000,0
96408000,0
96410000,0
96412000,0
96414000,0
96416000,0
96418000,0
96420001,0
96422000,0
96424000,0
96426001,0
96428000,0
96430000,0
96432000,0
96434000,0
96436000,0
96438000,0
96440001,0
96442000,0
96444000,0
96446000,0
96448000,0
96450000,0
96452000,0
96454000,0
96456000,0
96458000,0
96460000,0
96462001,0
96464000,0
96466000,0
96468000,0
96470001,0
96472001,0
96474000,0
96476001,0
96478001,0
96480000,0
96482001,0
96484000,0
96486000,0
96488000,0
96490001,0
96492000,0
96494001,0
96496000,0
96498000,0
96500000,0
96502000,0
96504000,0
96506000,0
96508000,0
96510001,0
96512000,0
96514000,0
96516000,0
96518000,0
96520000,0
96522000,0
96524001,0
96526000,0
96528000,0
96530001,0
96532000,0
96534000,0
96536000,0
96538001,0
96540001,0
96542000,0
96544000,0
96546000,0
96548000,0
96550001,0
96552000,0
96554001,0
96556000,0
96558000,0
96560001,0
96562001,0
96564000,0
96566001,0
96568000,0
96570000,0
96572001,0
96574000,0
96576000,0
96578000,0
96580000,0
96582000,0
96584001,0
96586000,0
96588000,0
96590001,0
96592000,0
96594000,0
96596001,0
96598000,0
96600000,0
96602001,0
96604000,0
96606000,0
96608001,0
96610000,0
96612001,0
96614001,0
96616000,0
96618000,0
96620000,0
96622001,0
96624001,0
96626000,0
96628000,0
96630001,0
96632000,0
96634001,0
96636000,0
96638000,0
96640001,0
96642000,0
96644000,0
96646001,0
96648000,0
96650000,0
96652000,0
96654001,0
96656000,0
96658001,0
96660000,0
96662001,0
96664000,0
96666000,0
96668001,0
96670000,0
96672000,0
96674001,0
96676001,0
96678001,0
96680001,0
96682000,0
96684001,0
96686000,0
96688000,0
96690000,0
96692001,0
96694000,0
96696000,0
96698001,0
96700000,0
96702001,0
96704000,0
96706001,0
96708000,0
96710000,0
96712000,0
96714001,0
96716000,0
96718001,0
96720000,0
96722000,0
96724000,0
96726000,0
96728000,0
96730000,0
96732000,0
96734001,0
96736000,0
96738000,0
96740001,0
96742000,0
96744000,0
96746000,0
96748001,0
96750000,0
96752000,0
96754000,0
96756000,0
96758000,0
96760000,0
96762001,0
96764000,0
96766001,0
96768000,0
96770000,0
96772000,0
96774000,0
96776001,0
96778000,0
96780000,0
96782000,0
96784001,0
96786000,0
96788000,0
96790000,0
96792001,0
96794000,0
96796000,0
96798000,0
96800000,0
96802001,0
96804000,0
96806001,0
96808000,0
96810000,0
96812001,0
96814001,0
96816000,0
96818000,0
96820000,0
96822000,0
96824001,0
96826001,0
96828000,0
96830001,0
96832001,0
96834000,0
96836000,0
96838000,0
96840000,0
96842001,0
96844001,0
96846000,0
96848001,0
96850001,0
96852001,0
96854001,0
96856000,0
96858000,0
96860001,0
96862000,0
96864000,0
96866000,0
96868001,0
96870000,0
96872000,0
96874001,0
96876000,0
96878000,0
96880001,0
96882000,0
96884001,0
96886001,0
96888000,0
96890001,0
96892000,0
96894001,0
96896001,0
96898001,0
96900000,0
96902001,0
96904000,0
96906000,0
96908000,0
96910001,0
96912000,0
96914000,0
96916000,0
96918000,0
96920000,0
96922000,0
96924000,0
96926000,0
96928000,0
96930000,0
96932001,0
96934001,0
96936000,0
96938000,0
96940000,0
96942000,0
96944001,0
96946000,0
96948001,0
96950000,0
96952001,0
96954000,0
96956000,0
96958000,0
96960001,0
96962000,0
96964000,0
96966000,0
96968000,0
96970001,0
96972000,0
96974000,0
96976001,0
96978000,0
96980000,0
96982000,0
96984000,0
96986000,0
96988000,0
96990000,0
96992001,0
96994000,0
96996000,0
96998000,0
97000001,0
97002000,0
97004000,0
97006000,0
97008000,0
97010000,0
97012001,0
97014000,0
97016001,0
97018000,0
97020000,0
97022001,0
97024000,0
97026000,0
97028000,0
97030000,0
97032001,0
97034001,0
97036000,0
97038000,0
97040001,0
97042000,0
97044000,0
97046001,0
97048000,0
97050000,0
97052000,0
97054000,0
97056001,0
97058000,0
97060001,0
97062000,0
97064000,0
97066000,0
97068001,0
97070000,0
97072000,0
97074001,0
97076000,0
97078000,0
97080000,0
97082000,0
97084000,0
97086000,0
97088000,0
97090000,0
97092000,0
97094000,0
97096000,0
97098000,0
97100000,0
97102000,0
97104000,0
97106001,0
97108000,0
97110000,0
97112000,0
97114001,0
97116000,0
97118000,0
97120001,0
97122000,0
97124000,0
97126001,0
97128000,0
97130001,0
97132000,0
97134000,0
97136001,0
97138000,0
97140000,0
97142000,0
97144000,0
97146000,0
97148001,0
97150000,0
97152000,0
97154000,0
97156000,0
97158001,0
97160000,0
97162000,0
97164000,0
97166000,0
97168001,0
97170000,0
97172000,0
97174000,0
97176000,0
97178000,0
97180000,0
97182000,0
97184000,0
97186000,0
97188000,0
97190000,0
97192000,0
97194001,0
97196000,0
97198000,0
97200001,0
97202000,0
97204000,0
97206000,0
97208000,0
97210001,0
97212000,0
97214000,0
97216001,0
97218000,0
97220001,0
97222000,0
97224000,0
97226000,0
97228000,0
97230001,0
97232000,0
97234000,0
97236000,0
97238000,0
97240000,0
97242000,0
97244001,0
97246001,0
97248000,0
97250000,0
97252000,0
97254000,0
97256001,0
97258000,0
97260001,0
97262000,0
97264000,0
97266000,0
97268001,0
97270000,0
97272001,0
97274000,0
97276001,0
97278000,0
97280001,0
97282001,0
97284000,0
97286001,0
97288000,0
97290000,0
97292001,0
97294000,0
97296000,0
97298001,0
97300000,0
97302001,0
97304000,0
97306001,0
97308000,0
97310000,0
97312000,0
97314000,0
97316000,0
97318001,0
97320000,0
97322000,0
97324000,0
97326000,0
97328000,0
97330001,0
97332001,0
97334000,0
97336001,0
97338000,0
97340001,0
97342000,0
97344000,0
97346001,0
97348001,0
97350000,0
97352000,0
97354001,0
97356000,0
97358000,0
97360001,0
97362000,0
97364000,0
97366001,0
97368000,0
97370000,0
97372000,0
97374000,0
97376000,0
97378000,0
97380000,0
97382000,0
97384000,0
97386000,0
97388001,0
97390000,0
97392001,0
97394000,0
97396000,0
97398000,0
97400000,0
97402000,0
97404000,0
97406000,0
97408000,0
97410001,0
97412000,0
97414000,0
97416001,0
97418000,0
97420001,0
97422000,0
97424000,0
97426000,0
97428000,0
97430001,0
97432000,0
97434000,0
97436000,0
97438000,0
97440001,0
97442000,0
97444001,0
97446000,0
97448000,0
97450000,0
97452001,0
97454000,0
97456000,0
97458001,0
97460000,0
97462001,0
97464000,0
97466001,0
97468000,0
97470000,0
97472000,0
97474000,0
97476000,0
97478001,0
97480000,0
97482000,0
97484001,0
97486000,0
97488000,0
97490000,0
97492000,0
97494000,0
97496000,0
97498000,0
97500001,0
97502001,0
97504001,0
97506000,0
97508000,0
97510000,0
97512000,0
97514000,0
97516000,0
97518000,0
97520000,0
97522000,0
97524000,0
97526000,0
97528000,0
97530000,0
97532001,0
97534001,0
97536000,0
97538000,0
97540001,0
97542000,0
97544000,0
97546000,0
97548000,0
97550000,0
97552000,0
97554001,0
97556000,0
97558001,0
97560000,0
97562001,0
97564000,0
97566000,0
97568001,0
97570000,0
97572001,0
97574000,0
97576001,0
97578000,0
97580000,0
97582001,0
97584001,0
97586001,0
97588000,0
97590000,0
97592001,0
97594000,0
97596000,0
97598000,0
97600001,0
97602000,0
97604000,0
97606001,0
97608000,0
97610001,0
97612000,0
97614000,0
97616000,0
97618000,0
97620000,0
97622001,0
97624000,0
97626000,0
97628000,0
97630000,0
97632000,0
97634001,0
97636000,0
97638001,0
97640001,0
97642001,0
97644000,0
97646000,0
97648000,0
97650000,0
97652000,0
97654000,0
97656001,0
97658000,0
97660000,0
97662000,0
97664000,0
97666000,0
97668000,0
97670000,0
97672000,0
97674000,0
97676001,0
97678000,0
97680000,0
97682000,0
97684000,0
97686000,0
97688000,0
97690000,0
97692000,0
97694001,0
97696000,0
97698001,0
97700000,0
97702000,0
97704000,0
97706000,0
97708000,0
97710001,0
97712000,0
97714000,0
97716000,0
97718000,0
97720001,0
97722000,0
97724000,0
97726000,0
97728000,0
97730001,0
97732000,0
97734000,0
97736000,0
97738000,0
97740000,0
97742001,0
97744000,0
97746000,0
97748001,0
97750000,0
97752001,0
97754000,0
97756000,0
97758000,0
97760000,0
97762000,0
97764001,0
97766000,0
97768001,0
97770000,0
97772001,0
97774000,0
97776001,0
97778000,0
97780001,0
97782000,0
97784000,0
97786000,0
97788000,0
97790001,0
97792001,0
97794000,0
97796001,0
97798001,0
97800001,0
97802001,0
97804000,0
97806001,0
97808000,0
97810001,0
97812000,0
97814000,0
97816001,0
97818000,0
97820000,0
97822000,0
97824000,0
97826001,0
97828001,0
97830000,0
97832000,0
97834000,0
97836000,0
97838000,0
97840000,0
97842001,0
97844000,0
97846001,0
97848000,0
97850001,0
97852000,0
97854001,0
97856000,0
97858000,0
97860000,0
97862001,0
97864000,0
97866000,0
97868001,0
97870000,0
97872000,0
97874000,0
97876001,0
97878001,0
97880001,0
97882000,0
97884000,0
97886001,0
97888000,0
97890000,0
97892000,0
97894000,0
97896000,0
97898000,0
97900000,0
97902001,0
97904000,0
97906000,0
97908000,0
97910001,0
97912000,0
97914001,0
97916000,0
97918000,0
97920000,0
97922001,0
97924001,0
97926001,0
97928000,0
97930001,0
97932000,0
97934000,0
97936000,0
97938000,0
97940001,0
97942000,0
97944000,0
97946000,0
97948001,0
97950001,0
97952000,0
97954000,0
97956001,0
97958001,0
97960000,0
97962001,0
97964001,0
97966000,0
97968001,0
97970000,0
97972001,0
97974000,0
97976000,0
97978000,0
97980001,0
97982000,0
97984000,0
97986000,0
97988001,0
97990001,0
97992000,0
97994001,0
97996001,0
97998000,0
98000000,0
98002000,0
98004001,0
98006000,0
98008000,0
98010000,0
98012001,0
98014000,0
98016001,0
98018000,0
98020000,0
98022001,0
98024000,0
98026001,0
98028000,0
98030000,0
98032001,0
98034000,0
98036000,0
98038000,0
98040000,0
98042001,0
98044000,0
98046000,0
98048000,0
98050001,0
98052000,0
98054001,0
98056000,0
98058000,0
98060001,0
98062000,0
98064000,0
98066001,0
98068000,0
98070001,0
98072000,0
98074000,0
98076000,0
98078001,0
98080000,0
98082000,0
98084000,0
98086000,0
98088000,0
98090000,0
98092001,0
98094000,0
98096001,0
98098000,0
98100000,0
98102000,0
98104000,0
98106000,0
98108000,0
98110000,0
98112000,0
98114000,0
98116001,0
98118000,0
98120000,0
98122000,0
98124001,0
98126000,0
98128000,0
98130001,0
98132001,0
98134000,0
98136001,0
98138000,0
98140000,0
98142000,0
98144000,0
98146000,0
98148001,0
98150000,0
98152001,0
98154000,0
98156001,0
98158000,0
98160000,0
98162000,0
98164001,0
98166001,0
98168000,0
98170001,0
98172000,0
98174000,0
98176000,0
98178001,0
98180001,0
98182000,0
98184000,0
98186000,0
98188001,0
98190000,0
98192001,0
98194000,0
98196000,0
98198001,0
98200000,0
98202001,0
98204001,0
98206000,0
98208000,0
98210001,0
98212000,0
98214000,0
98216000,0
98218000,0
98220000,0
98222000,0
98224000,0
98226001,0
98228000,0
98230000,0
98232000,0
98234000,0
98236000,0
98238001,0
98240000,0
98242000,0
98244000,0
98246000,0
98248000,0
98250001,0
98252000,0
98254000,0
98256000,0
98258000,0
98260000,0
98262000,0
98264000,0
98266000,0
98268001,0
98270001,0
98272000,0
98274000,0
98276001,0
98278000,0
98280000,0
98282001,0
98284000,0
98286000,0
98288000,0
98290000,0
98292000,0
98294001,0
98296001,0
98298000,0
98300000,0
98302000,0
98304000,0
98306000,0
98308001,0
98310000,0
98312000,0
98314000,0
98316000,0
98318000,0
98320000,0
98322000,0
98324000,0
98326000,0
98328001,0
98330000,0
98332000,0
98334000,0
98336001,0
98338000,0
98340000,0
98342000,0
98344000,0
98346001,0
98348001,0
98350000,0
98352000,0
98354000,0
98356000,0
98358000,0
98360000,0
98362001,0
98364000,0
98366001,0
98368001,0
98370001,0
98372001,0
98374000,0
98376001,0
98378000,0
98380000,0
98382001,0
98384000,0
98386001,0
98388000,0
98390000,0
98392000,0
98394001,0
98396001,0
98398001,0
98400000,0
98402000,0
98404001,0
98406000,0
98408000,0
98410000,0
98412000,0
98414001,0
98416001,0
98418000,0
98420001,0
98422000,0
98424000,0
98426001,0
98428000,0
98430000,0
98432000,0
98434000,0
98436000,0
98438001,0
98440000,0
98442001,0
98444000,0
98446000,0
98448000,0
98450001,0
98452000,0
98454000,0
98456001,0
98458000,0
98460000,0
98462000,0
98464001,0
98466000,0
98468000,0
98470000,0
98472000,0
98474000,0
98476000,0
98478000,0
98480000,0
98482000,0
98484000,0
98486001,0
98488001,0
98490001,0
98492000,0
98494000,0
98496000,0
98498001,0
98500000,0
98502001,0
98504000,0
98506001,0
98508000,0
98510000,0
98512001,0
98514000,0
98516000,0
98518001,0
98520000,0
98522000,0
98524000,0
98526001,0
98528000,0
98530000,0
98532000,0
98534000,0
98536000,0
98538000,0
98540001,0
98542000,0
98544000,0
98546000,0
98548000,0
98550000,0
98552000,0
98554001,0
98556000,0
98558001,0
98560000,0
98562001,0
98564001,0
98566001,0
98568000,0
98570000,0
98572000,0
98574001,0
98576000,0
98578001,0
98580001,0
98582000,0
98584001,0
98586000,0
98588000,0
98590000,0
98592000,0
98594000,0
98596000,0
98598001,0
98600000,0
98602001,0
98604000,0
98606001,0
98608000,0
98610001,0
98612001,0
98614000,0
98616000,0
98618001,0
98620000,0
98622001,0
98624000,0
98626000,0
98628000,0
98630000,0
98632000,0
98634000,0
98636001,0
98638000,0
98640000,0
98642001,0
98644000,0
98646001,0
98648000,0
98650000,0
98652000,0
98654001,0
98656000,0
98658000,0
98660001,0
98662001,0
98664001,0
98666000,0
98668000,0
98670001,0
98672000,0
98674000,0
98676000,0
98678001,0
98680000,0
98682000,0
98684000,0
98686000,0
98688001,0
98690000,0
98692000,0
98694000,0
98696000,0
98698000,0
98700000,0
98702000,0
98704000,0
98706001,0
98708000,0
98710000,0
98712000,0
98714000,0
98716000,0
98718001,0
98720000,0
98722000,0
98724000,0
98726000,0
98728001,0
98730000,0
98732001,0
98734000,0
98736001,0
98738000,0
98740000,0
98742000,0
98744000,0
98746000,0
98748000,0
98750001,0
98752000,0
98754000,0
98756001,0
98758000,0
98760001,0
98762000,0
98764000,0
98766001,0
98768000,0
98770000,0
98772000,0
98774000,0
98776001,0
98778000,0
98780000,0
98782000,0
98784001,0
98786000,0
98788001,0
98790001,0
98792001,0
98794000,0
98796001,0
98798000,0
98800001,0
98802000,0
98804000,0
98806000,0
98808000,0
98810000,0
98812000,0
98814001,0
98816000,0
98818000,0
98820001,0
98822000,0
98824000,0
98826001,0
98828000,0
98830000,0
98832001,0
98834000,0
98836000,0
98838001,0
98840000,0
98842000,0
98844000,0
98846000,0
98848001,0
98850000,0
98852000,0
98854000,0
98856001,0
98858000,0
98860000,0
98862000,0
98864001,0
98866000,0
98868001,0
98870000,0
98872001,0
98874000,0
98876000,0
98878000,0
98880001,0
98882000,0
98884000,0
98886000,0
98888000,0
98890000,0
98892001,0
98894000,0
98896000,0
98898000,0
98900000,0
98902000,0
98904000,0
98906001,0
98908000,0
98910000,0
98912001,0
98914000,0
98916000,0
98918000,0
98920000,0
98922001,0
98924001,0
98926000,0
98928001,0
98930000,0
98932000,0
98934000,0
98936000,0
98938000,0
98940000,0
98942000,0
98944001,0
98946000,0
98948000,0
98950001,0
98952000,0
98954001,0
98956000,0
98958001,0
98960001,0
98962000,0
98964000,0
98966001,0
98968000,0
98970000,0
98972001,0
98974000,0
98976000,0
98978000,0
98980001,0
98982001,0
98984001,0
98986000,0
98988000,0
98990001,0
98992000,0
98994000,0
98996000,0
98998000,0
99000000,0
99002001,0
99004001,0
99006000,0
99008001,0
99010000,0
99012000,0
99014000,0
99016000,0
99018000,0
99020001,0
99022001,0
99024000,0
99026001,0
99028000,0
99030001,0
99032001,0
99034000,0
99036000,0
99038000,0
99040000,0
99042001,0
99044000,0
99046001,0
99048000,0
99050000,0
99052000,0
99054000,0
99056000,0
99058000,0
99060000,0
99062000,0
99064001,0
99066001,0
99068000,0
99070000,0
99072001,0
99074000,0
99076001,0
99078000,0
99080001,0
99082000,0
99084001,0
99086000,0
99088001,0
99090000,0
99092000,0
99094001,0
99096000,0
99098000,0
99100001,0
99102001,0
99104000,0
99106000,0
99108000,0
99110000,0
99112001,0
99114000,0
99116000,0
99118001,0
99120000,0
99122000,0
99124000,0
99126000,0
99128000,0
99130000,0
99132000,0
99134001,0
99136000,0
99138000,0
99140001,0
99142000,0
99144000,0
99146000,0
99148000,0
99150000,0
99152000,0
99154001,0
99156000,0
99158000,0
99160000,0
99162000,0
99164001,0
99166000,0
99168000,0
99170000,0
99172000,0
99174001,0
99176000,0
99178000,0
99180000,0
99182001,0
99184000,0
99186001,0
99188000,0
99190001,0
99192000,0
99194000,0
99196000,0
99198000,0
99200001,0
99202000,0
99204000,0
99206001,0
99208001,0
99210001,0
99212000,0
99214001,0
99216001,0
99218000,0
99220001,0
99222000,0
99224001,0
99226000,0
99228000,0
99230000,0
99232000,0
99234000,0
99236000,0
99238001,0
99240001,0
99242000,0
99244000,0
99246000,0
99248000,0
99250000,0
99252000,0
99254000,0
99256001,0
99258000,0
99260000,0
99262001,0
99264000,0
99266001,0
99268001,0
99270000,0
99272000,0
99274000,0
99276000,0
99278000,0
99280000,0
99282001,0
99284000,0
99286000,0
99288000,0
99290000,0
99292000,0
99294000,0
99296000,0
99298000,0
99300001,0
99302001,0
99304000,0
99306001,0
99308000,0
99310001,0
99312001,0
99314000,0
99316000,0
99318000,0
99320001,0
99322001,0
99324000,0
99326000,0
99328000,0
99330000,0
99332000,0
99334001,0
99336000,0
99338001,0
99340000,0
99342000,0
99344001,0
99346000,0
99348001,0
99350000,0
99352000,0
99354001,0
99356000,0
99358000,0
99360001,0
99362001,0
99364001,0
99366000,0
99368000,0
99370001,0
99372000,0
99374000,0
99376001,0
99378000,0
99380000,0
99382001,0
99384000,0
99386000,0
99388000,0
99390000,0
99392000,0
99394001,0
99396000,0
99398000,0
99400000,0
99402000,0
99404000,0
99406000,0
99408000,0
99410000,0
99412000,0
99414000,0
99416000,0
99418000,0
99420000,0
99422000,0
99424000,0
99426000,0
99428000,0
99430000,0
99432000,0
99434000,0
99436001,0
99438001,0
99440000,0
99442000,0
99444001,0
99446001,0
99448000,0
99450000,0
99452000,0
99454000,0
99456000,0
99458000,0
99460001,0
99462000,0
99464000,0
99466001,0
99468000,0
99470000,0
99472000,0
99474001,0
99476000,0
99478000,0
99480000,0
99482000,0
99484001,0
99486000,0
99488000,0
99490001,0
99492001,0
99494000,0
99496000,0
99498000,0
99500000,0
99502000,0
99504001,0
99506000,0
99508001,0
99510000,0
99512000,0
99514000,0
99516000,0
99518001,0
99520000,0
99522000,0
99524001,0
99526000,0
99528000,0
99530000,0
99532001,0
99534000,0
99536001,0
99538000,0
99540000,0
99542001,0
99544000,0
99546001,0
99548001,0
99550000,0
99552000,0
99554001,0
99556000,0
99558001,0
99560000,0
99562001,0
99564001,0
99566000,0
99568000,0
99570000,0
99572000,0
99574000,0
99576000,0
99578000,0
99580000,0
99582000,0
99584000,0
99586000,0
99588001,0
99590000,0
99592000,0
99594000,0
99596001,0
99598000,0
99600001,0
99602000,0
99604000,0
99606000,0
99608000,0
99610000,0
99612000,0
99614001,0
99616000,0
99618000,0
99620000,0
99622000,0
99624000,0
99626000,0
99628000,0
99630000,0
99632001,0
99634000,0
99636000,0
99638000,0
99640000,0
99642000,0
99644001,0
99646000,0
99648001,0
99650001,0
99652000,0
99654000,0
99656001,0
99658000,0
99660000,0
99662000,0
99664000,0
99666001,0
99668000,0
99670000,0
99672000,0
99674000,0
99676000,0
99678001,0
99680000,0
99682000,0
99684001,0
99686001,0
99688000,0
99690000,0
99692000,0
99694000,0
99696001,0
99698001,0
99700000,0
99702000,0
99704000,0
99706000,0
99708000,0
99710000,0
99712000,0
99714001,0
99716000,0
99718000,0
99720001,0
99722000,0
99724000,0
99726000,0
99728000,0
99730000,0
99732000,0
99734000,0
99736001,0
99738000,0
99740001,0
99742000,0
99744001,0
99746000,0
99748000,0
99750000,0
99752001,0
99754000,0
99756001,0
99758001,0
99760001,0
99762001,0
99764000,0
99766001,0
99768000,0
99770000,0
99772000,0
99774000,0
99776000,0
99778000,0
99780000,0
99782001,0
99784000,0
99786001,0
99788001,0
99790001,0
99792001,0
99794000,0
99796001,0
99798000,0
99800001,0
99802000,0
99804000,0
99806000,0
99808001,0
99810000,0
99812000,0
99814001,0
99816000,0
99818000,0
99820001,0
99822000,0
99824001,0
99826000,0
99828000,0
99830001,0
99832000,0
99834000,0
99836000,0
99838000,0
99840000,0
99842000,0
99844001,0
99846000,0
99848001,0
99850000,0
99852001,0
99854000,0
99856000,0
99858000,0
99860000,0
99862000,0
99864001,0
99866000,0
99868001,0
99870000,0
99872001,0
99874000,0
99876000,0
99878001,0
99880000,0
99882000,0
99884000,0
99886000,0
99888001,0
99890000,0
99892000,0
99894000,0
99896001,0
99898000,0
99900001,0
99902000,0
99904000,0
99906000,0
99908001,0
99910001,0
99912000,0
99914001,0
99916001,0
99918000,0
99920000,0
99922001,0
99924001,0
99926000,0
99928000,0
99930000,0
99932000,0
99934001,0
99936000,0
99938000,0
99940001,0
99942000,0
99944000,0
99946001,0
99948000,0
99950000,0
99952001,0
99954000,0
99956001,0
99958000,0
99960000,0
99962000,0
99964001,0
99966000,0
99968000,0
99970001,0
99972001,0
99974000,0
99976000,0
99978001,0
99980000,0
99982000,0
99984000,0
99986000,0
99988000,0
99990000,0
99992000,0
99994000,0
99996000,0
99998000,0
100000000,0
100002000,0
100004000,0
100006000,0
100008000,0
100010000,0
100012000,0
100014000,0
100016000,0
100018000,0
100020000,0
100022000,0
100024000,0
100026000,0
100028000,0
100030000,0
100032000,0
100034000,0
100036000,0
100038000,0
100040000,0
100042001,0
100044000,0
100046000,0
100048000,0
100050000,0
100052000,0
100054000,0
100056000,0
100058000,0
100060000,0
100062000,0
100064000,0
100066000,0
100068000,0
100070000,0
100072001,0
100074001,0
100076000,0
100078000,0
100080000,0
100082000,0
100084000,0
100086000,0
100088000,0
100090000,0
100092000,0
100094000,0
100096000,0
100098000,0
100100000,0
100102000,0
100104001,0
100106000,0
100108000,0
100110000,0
100112000,0
100114000,0
100116000,0
100118000,0
100120000,0
100122000,0
100124000,0
100126000,0
100128000,0
100130000,0
100132000,0
100134000,0
100136000,0
100138000,0
100140000,0
100142000,0
100144000,0
100146000,0
100148000,0
100150000,0
100152001,0
100154000,0
100156000,0
100158000,0
100160000,0
100162000,0
100164000,0
100166000,0
100168000,0
100170000,0
100172000,0
100174001,0
100176000,0
100178000,0
100180000,0
100182000,0
100184000,0
100186000,0
100188000,0
100190001,0
100192001,0
100194000,0
100196000,0
100198001,0
100200001,0
100202000,0
100204000,0
100206000,0
100208000,0
100210000,0
100212000,0
100214001,0
100216000,0
100218000,0
100220000,0
100222000,0
100224000,0
100226000,0
100228000,0
100230000,0
100232000,0
100234000,0
100236001,0
100238001,0
100240000,0
100242000,0
100244000,0
100246000,0
100248000,0
100250000,0
100252000,0
100254000,0
100256000,0
100258000,0
100260000,0
100262000,0
100264001,0
100266000,0
100268000,0
100270000,0
100272000,0
100274000,0
100276000,0
100278001,0
100280001,0
100282000,0
100284000,0
100286000,0
100288000,0
100290000,0
100292000,0
100294000,0
100296001,0
100298000,0
100300000,0
100302000,0
100304000,0
100306000,0
100308000,0
100310000,0
100312000,0
100314000,0
100316000,0
100318000,0
100320000,0
100322000,0
100324000,0
100326000,0
100328000,0
100330000,0
100332000,0
100334000,0
100336000,0
100338000,0
100340000,0
100342000,0
100344000,0
100346000,0
100348000,0
100350000,0
100352000,0
100354000,0
100356000,0
100358000,0
100360000,0
100362000,0
100364000,0
100366000,0
100368000,0
100370001,0
100372001,0
100374000,0
100376000,0
100378000,0
100380000,0
100382000,0
100384000,0
100386000,0
100388000,0
100390000,0
100392000,0
100394000,0
100396001,0
100398000,0
100400000,0
100402000,0
100404000,0
100406000,0
100408000,0
100410000,0
100412000,0
100414000,0
100416000,0
100418000,0
100420000,0
100422000,0
100424000,0
100426000,0
100428001,0
100430000,0
100432000,0
100434001,0
100436000,0
100438000,0
100440000,0
100442000,0
100444000,0
100446000,0
100448000,0
100450000,0
100452000,0
100454000,0
100456000,0
100458000,0
100460000,0
100462000,0
100464000,0
100466000,0
100468000,0
100470000,0
100472000,0
100474000,0
100476000,0
100478000,0
100480000,0
100482001,0
100484000,0
100486000,0
100488001,0
100490000,0
100492000,0
100494000,0
100496000,0
100498000,0
100500000,0
100502000,0
100504000,0
100506000,0
100508000,0
100510000,0
100512000,0
100514000,0
100516000,0
100518000,0
100520000,0
100522000,0
100524000,0
100526000,0
100528000,0
100530000,0
100532000,0
100534001,0
100536000,0
100538000,0
100540000,0
100542000,0
100544000,0
100546000,0
100548000,0
100550000,0
100552000,0
100554000,0
100556000,0
100558000,0
100560000,0
100562000,0
100564000,0
100566000,0
100568000,0
100570000,0
100572000,0
100574000,0
100576000,0
100578000,0
100580000,0
100582001,0
100584000,0
100586000,0
100588000,0
100590000,0
100592000,0
100594000,0
100596000,0
100598000,0
100600000,0
100602000,0
100604000,0
100606000,0
100608000,0
100610000,0
100612000,0
100614000,0
100616000,0
100618000,0
100620000,0
100622001,0
100624000,0
100626000,0
100628000,0
100630000,0
100632000,0
100634000,0
100636000,0
100638000,0
100640000,0
100642000,0
100644000,0
100646000,0
100648000,0
100650001,0
100652001,0
100654000,0
100656000,0
100658000,0
100660000,0
100662001,0
100664000,0
100666000,0
100668000,0
100670000,0
100672000,0
100674001,0
100676000,0
100678000,0
100680000,0
100682000,0
100684000,0
100686000,0
100688000,0
100690000,0
100692000,0
100694001,0
100696000,0
100698000,0
100700000,0
100702000,0
100704000,0
100706000,0
100708000,0
100710000,0
100712000,0
100714000,0
100716000,0
100718000,0
100720000,0
100722000,0
100724000,0
100726000,0
100728000,0
100730000,0
100732000,0
100734000,0
100736000,0
100738000,0
100740000,0
100742000,0
100744000,0
100746000,0
100748000,0
100750000,0
100752000,0
100754000,0
100756000,0
100758001,0
100760000,0
100762000,0
100764000,0
100766000,0
100768000,0
100770000,0
100772000,0
100774000,0
100776000,0
100778000,0
100780000,0
100782000,0
100784000,0
100786000,0
100788000,0
100790000,0
100792000,0
100794000,0
100796000,0
100798001,0
100800000,0
100802000,0
100804000,0
100806000,0
100808000,0
100810000,0
100812000,0
100814000,0
100816000,0
100818000,0
100820000,0
100822000,0
100824000,0
100826000,0
100828000,0
100830000,0
100832000,0
100834000,0
100836000,0
100838000,0
100840000,0
100842000,0
100844000,0
100846000,0
100848000,0
100850000,0
100852000,0
100854000,0
100856001,0
100858001,0
100860001,0
100862000,0
100864000,0
100866000,0
100868001,0
100870001,0
100872000,0
100874000,0
100876001,0
100878000,0
100880000,0
100882000,0
100884000,0
100886000,0
100888000,0
100890000,0
100892000,0
100894000,0
100896001,0
100898000,0
100900000,0
100902000,0
100904000,0
100906000,0
100908000,0
100910001,0
100912001,0
100914001,0
100916000,0
100918000,0
100920001,0
100922000,0
100924000,0
100926000,0
100928000,0
100930000,0
100932000,0
100934000,0
100936000,0
100938000,0
100940000,0
100942000,0
100944000,0
100946000,0
100948000,0
100950000,0
100952000,0
100954000,0
100956000,0
100958000,0
100960000,0
100962000,0
100964000,0
100966001,0
100968000,0
100970000,0
100972000,0
100974000,0
100976000,0
100978000,0
100980000,0
100982000,0
100984000,0
100986000,0
100988000,0
100990000,0
100992000,0
100994000,0
100996000,0
100998000,0
101000000,0
101002000,0
101004000,0
101006000,0
101008000,0
101010000,0
101012000,0
101014000,0
101016000,0
101018000,0
101020000,0
101022000,0
101024000,0
101026000,0
101028000,0
101030000,0
101032000,0
101034000,0
101036000,0
101038000,0
101040000,0
101042000,0
101044000,0
101046000,0
101048000,0
101050000,0
101052000,0
101054000,0
101056001,0
101058000,0
101060000,0
101062000,0
101064000,0
101066000,0
101068000,0
101070000,0
101072000,0
101074000,0
101076000,0
101078000,0
101080000,0
101082000,0
101084000,0
101086000,0
101088000,0
101090000,0
101092000,0
101094000,0
101096001,0
101098000,0
101100000,0
101102000,0
101104000,0
101106000,0
101108000,0
101110000,0
101112000,0
101114000,0
101116000,0
101118000,0
101120000,0
101122000,0
101124000,0
101126000,0
101128000,0
101130000,0
101132000,0
101134000,0
101136000,0
101138000,0
101140000,0
101142000,0
101144001,0
101146000,0
101148000,0
101150000,0
101152000,0
101154000,0
101156000,0
101158000,0
101160000,0
101162000,0
101164000,0
101166000,0
101168000,0
101170000,0
101172000,0
101174000,0
101176001,0
101178000,0
101180000,0
101182001,0
101184000,0
101186000,0
101188000,0
101190000,0
101192000,0
101194000,0
101196001,0
101198000,0
101200000,0
101202001,0
101204000,0
101206000,0
101208001,0
101210000,0
101212000,0
101214000,0
101216000,0
101218000,0
101220000,0
101222000,0
101224000,0
101226000,0
101228001,0
101230000,0
101232000,0
101234000,0
101236000,0
101238000,0
101240000,0
101242000,0
101244000,0
101246000,0
101248000,0
101250000,0
101252000,0
101254000,0
101256000,0
101258000,0
101260000,0
101262000,0
101264000,0
101266000,0
101268000,0
101270000,0
101272000,0
101274000,0
101276000,0
101278000,0
101280000,0
101282001,0
101284001,0
101286000,0
101288000,0
101290000,0
101292000,0
101294000,0
101296000,0
101298000,0
101300001,0
101302000,0
101304000,0
101306000,0
101308000,0
101310001,0
101312000,0
101314000,0
101316000,0
101318000,0
101320000,0
101322001,0
101324000,0
101326000,0
101328000,0
101330000,0
101332000,0
101334000,0
101336000,0
101338000,0
101340000,0
101342000,0
101344000,0
101346000,0
101348000,0
101350000,0
101352000,0
101354000,0
101356000,0
101358000,0
101360000,0
101362000,0
101364000,0
101366000,0
101368000,0
101370000,0
101372000,0
101374000,0
101376001,0
101378000,0
101380000,0
101382000,0
101384000,0
101386001,0
101388000,0
101390000,0
101392000,0
101394001,0
101396000,0
101398000,0
101400000,0
101402000,0
101404000,0
101406000,0
101408000,0
101410000,0
101412000,0
101414000,0
101416000,0
101418000,0
101420001,0
101422001,0
101424000,0
101426000,0
101428001,0
101430000,0
101432000,0
101434000,0
101436000,0
101438000,0
101440000,0
101442000,0
101444000,0
101446000,0
101448001,0
101450000,0
101452000,0
101454000,0
101456000,0
101458000,0
101460001,0
101462000,0
101464000,0
101466000,0
101468000,0
101470000,0
101472000,0
101474000,0
101476000,0
101478000,0
101480000,0
101482000,0
101484000,0
101486000,0
101488000,0
101490001,0
101492000,0
101494000,0
101496000,0
101498001,0
101500000,0
101502000,0
101504000,0
101506000,0
101508000,0
101510001,0
101512000,0
101514000,0
101516000,0
101518000,0
101520000,0
101522000,0
101524000,0
101526000,0
101528000,0
101530000,0
101532000,0
101534000,0
101536000,0
101538000,0
101540000,0
101542000,0
101544000,0
101546000,0
101548000,0
101550000,0
101552000,0
101554000,0
101556000,0
101558000,0
101560000,0
101562000,0
101564000,0
101566000,0
101568001,0
101570000,0
101572000,0
101574000,0
101576000,0
101578000,0
101580001,0
101582000,0
101584000,0
101586000,0
101588000,0
101590000,0
101592000,0
101594000,0
101596000,0
101598000,0
101600000,0
101602000,0
101604000,0
101606000,0
101608000,0
101610000,0
101612000,0
101614000,0
101616000,0
101618000,0
101620000,0
101622001,0
101624000,0
101626000,0
101628000,0
101630000,0
101632000,0
101634000,0
101636000,0
101638000,0
101640000,0
101642000,0
101644000,0
101646000,0
101648000,0
101650000,0
101652000,0
101654000,0
101656001,0
101658000,0
101660000,0
101662000,0
101664000,0
101666000,0
101668000,0
101670001,0
101672000,0
101674000,0
101676000,0
101678000,0
101680000,0
101682001,0
101684001,0
101686000,0
101688000,0
101690000,0
101692001,0
101694000,0
101696000,0
101698000,0
101700001,0
101702000,0
101704000,0
101706000,0
101708001,0
101710000,0
101712000,0
101714000,0
101716000,0
101718000,0
101720000,0
101722000,0
101724000,0
101726000,0
101728001,0
101730000,0
101732000,0
101734000,0
101736001,0
101738000,0
101740000,0
101742001,0
101744000,0
101746000,0
101748001,0
101750000,0
101752000,0
101754001,0
101756000,0
101758001,0
101760000,0
101762000,0
101764000,0
101766000,0
101768000,0
101770000,0
101772000,0
101774000,0
101776001,0
101778001,0
101780000,0
101782000,0
101784000,0
101786001,0
101788001,0
101790000,0
101792000,0
101794000,0
101796000,0
101798001,0
101800000,0
101802000,0
101804000,0
101806001,0
101808001,0
101810000,0
101812000,0
101814000,0
101816001,0
101818000,0
101820000,0
101822000,0
101824000,0
101826000,0
101828000,0
101830000,0
101832000,0
101834000,0
101836000,0
101838000,0
101840000,0
101842000,0
101844000,0
101846000,0
101848000,0
101850000,0
101852000,0
101854001,0
101856000,0
101858000,0
101860000,0
101862000,0
101864000,0
101866000,0
101868000,0
101870000,0
101872000,0
101874000,0
101876000,0
101878000,0
101880000,0
101882001,0
101884000,0
101886000,0
101888000,0
101890000,0
101892000,0
101894000,0
101896000,0
101898000,0
101900000,0
101902000,0
101904001,0
101906001,0
101908001,0
101910000,0
101912000,0
101914001,0
101916000,0
101918001,0
101920000,0
101922000,0
101924000,0
101926000,0
101928001,0
101930000,0
101932000,0
101934000,0
101936000,0
101938000,0
101940000,0
101942000,0
101944000,0
101946000,0
101948000,0
101950000,0
101952000,0
101954000,0
101956000,0
101958000,0
101960000,0
101962000,0
101964000,0
101966000,0
101968000,0
101970000,0
101972000,0
101974000,0
101976000,0
101978000,0
101980000,0
101982000,0
101984001,0
101986000,0
101988000,0
101990000,0
101992000,0
101994000,0
101996000,0
101998000,0
102000000,0
102002000,0
102004000,0
102006000,0
102008000,0
102010001,0
102012000,0
102014000,0
102016000,0
102018001,0
102020001,0
102022000,0
102024000,0
102026000,0
102028000,0
102030000,0
102032000,0
102034001,0
102036000,0
102038000,0
102040000,0
102042000,0
102044000,0
102046001,0
102048001,0
102050000,0
102052000,0
102054000,0
102056001,0
102058000,0
102060000,0
102062000,0
102064000,0
102066000,0
102068000,0
102070000,0
102072000,0
102074000,0
102076000,0
102078000,0
102080000,0
102082000,0
102084001,0
102086001,0
102088000,0
102090001,0
102092000,0
102094000,0
102096000,0
102098000,0
102100000,0
102102000,0
102104000,0
102106000,0
102108000,0
102110000,0
102112001,0
102114001,0
102116000,0
102118000,0
102120000,0
102122000,0
102124000,0
102126000,0
102128000,0
102130000,0
102132000,0
102134000,0
102136001,0
102138001,0
102140000,0
102142000,0
102144000,0
102146000,0
102148000,0
102150000,0
102152000,0
102154000,0
102156001,0
102158001,0
102160000,0
102162000,0
102164000,0
102166001,0
102168000,0
102170000,0
102172000,0
102174000,0
102176001,0
102178000,0
102180000,0
102182000,0
102184000,0
102186000,0
102188000,0
102190000,0
102192000,0
102194000,0
102196000,0
102198001,0
102200000,0
102202000,0
102204000,0
102206001,0
102208000,0
102210000,0
102212000,0
102214000,0
102216000,0
102218001,0
102220000,0
102222000,0
102224000,0
102226000,0
102228001,0
102230000,0
102232000,0
102234000,0
102236000,0
102238000,0
102240000,0
102242000,0
102244000,0
102246000,0
102248000,0
102250000,0
102252000,0
102254000,0
102256000,0
102258000,0
102260000,0
102262000,0
102264000,0
102266000,0
102268000,0
102270000,0
102272000,0
102274000,0
102276001,0
102278000,0
102280000,0
102282000,0
102284000,0
102286000,0
102288000,0
102290001,0
102292000,0
102294000,0
102296000,0
102298000,0
102300001,0
102302000,0
102304001,0
102306000,0
102308000,0
102310000,0
102312000,0
102314000,0
102316000,0
102318000,0
102320000,0
102322001,0
102324000,0
102326000,0
102328000,0
102330000,0
102332000,0
102334000,0
102336000,0
102338000,0
102340000,0
102342000,0
102344000,0
102346000,0
102348000,0
102350000,0
102352000,0
102354000,0
102356000,0
102358000,0
102360000,0
102362000,0
102364000,0
102366000,0
102368000,0
102370000,0
102372000,0
102374000,0
102376000,0
102378000,0
102380000,0
102382000,0
102384000,0
102386000,0
102388000,0
102390000,0
102392000,0
102394000,0
102396000,0
102398000,0
102400000,0
102402000,0
102404000,0
102406000,0
102408000,0
102410000,0
102412000,0
102414000,0
102416000,0
102418001,0
102420000,0
102422000,0
102424001,0
102426000,0
102428000,0
102430000,0
102432001,0
102434000,0
102436000,0
102438000,0
102440000,0
102442000,0
102444000,0
102446000,0
102448000,0
102450000,0
102452000,0
102454000,0
102456000,0
102458000,0
102460000,0
102462000,0
102464000,0
102466000,0
102468000,0
102470001,0
102472001,0
102474000,0
102476000,0
102478000,0
102480000,0
102482000,0
102484000,0
102486000,0
102488000,0
102490000,0
102492000,0
102494000,0
102496000,0
102498000,0
102500000,0
102502000,0
102504000,0
102506000,0
102508000,0
102510000,0
102512000,0
102514000,0
102516001,0
102518000,0
102520000,0
102522000,0
102524000,0
102526000,0
102528000,0
102530000,0
102532000,0
102534001,0
102536000,0
102538000,0
102540000,0
102542000,0
102544000,0
102546000,0
102548000,0
102550000,0
102552000,0
102554000,0
102556000,0
102558000,0
102560000,0
102562000,0
102564000,0
102566000,0
102568000,0
102570000,0
102572000,0
102574000,0
102576000,0
102578000,0
102580000,0
102582000,0
102584000,0
102586000,0
102588000,0
102590000,0
102592001,0
102594000,0
102596000,0
102598000,0
102600000,0
102602001,0
102604000,0
102606000,0
102608000,0
102610000,0
102612000,0
102614000,0
102616000,0
102618000,0
102620000,0
102622001,0
102624000,0
102626000,0
102628000,0
102630000,0
102632000,0
102634001,0
102636001,0
102638001,0
102640000,0
102642000,0
102644000,0
102646001,0
102648000,0
102650000,0
102652001,0
102654000,0
102656000,0
102658000,0
102660000,0
102662000,0
102664000,0
102666000,0
102668000,0
102670001,0
102672000,0
102674000,0
102676001,0
102678001,0
102680000,0
102682000,0
102684000,0
102686001,0
102688000,0
102690000,0
102692000,0
102694000,0
102696001,0
102698000,0
102700000,0
102702000,0
102704000,0
102706000,0
102708000,0
102710000,0
102712000,0
102714001,0
102716000,0
102718000,0
102720000,0
102722000,0
102724000,0
102726001,0
102728000,0
102730000,0
102732000,0
102734000,0
102736000,0
102738000,0
102740001,0
102742000,0
102744000,0
102746000,0
102748000,0
102750000,0
102752000,0
102754001,0
102756000,0
102758000,0
102760000,0
102762000,0
102764000,0
102766000,0
102768000,0
102770000,0
102772000,0
102774000,0
102776000,0
102778001,0
102780000,0
102782000,0
102784000,0
102786000,0
102788001,0
102790000,0
102792000,0
102794000,0
102796000,0
102798000,0
102800000,0
102802001,0
102804000,0
102806000,0
102808000,0
102810000,0
102812000,0
102814001,0
102816000,0
102818000,0
102820000,0
102822000,0
102824000,0
102826000,0
102828001,0
102830001,0
102832000,0
102834000,0
102836000,0
102838000,0
102840001,0
102842000,0
102844000,0
102846001,0
102848000,0
102850000,0
102852000,0
102854000,0
102856000,0
102858000,0
102860001,0
102862001,0
102864000,0
102866000,0
102868000,0
102870000,0
102872000,0
102874000,0
102876000,0
102878000,0
102880000,0
102882001,0
102884001,0
102886000,0
102888000,0
102890000,0
102892000,0
102894000,0
102896000,0
102898000,0
102900000,0
102902000,0
102904000,0
102906000,0
102908000,0
102910000,0
102912000,0
102914000,0
102916000,0
102918000,0
102920000,0
102922000,0
102924000,0
102926000,0
102928000,0
102930001,0
102932000,0
102934000,0
102936001,0
102938000,0
102940000,0
102942000,0
102944000,0
102946000,0
102948000,0
102950001,0
102952000,0
102954000,0
102956000,0
102958000,0
102960000,0
102962000,0
102964000,0
102966001,0
102968000,0
102970000,0
102972000,0
102974000,0
102976000,0
102978001,0
102980001,0
102982000,0
102984000,0
102986000,0
102988000,0
102990000,0
102992000,0
102994001,0
102996000,0
102998000,0
103000000,0
103002001,0
103004001,0
103006000,0
103008000,0
103010000,0
103012001,0
103014000,0
103016000,0
103018000,0
103020000,0
103022000,0
103024000,0
103026000,0
103028000,0
103030000,0
103032000,0
103034000,0
103036000,0
103038000,0
103040000,0
103042000,0
103044001,0
103046000,0
103048000,0
103050000,0
103052000,0
103054000,0
103056000,0
103058000,0
103060000,0
103062000,0
103064000,0
103066000,0
103068000,0
103070000,0
103072000,0
103074000,0
103076000,0
103078000,0
103080000,0
103082000,0
103084000,0
103086000,0
103088000,0
103090000,0
103092000,0
103094000,0
103096000,0
103098000,0
103100000,0
103102000,0
103104000,0
103106000,0
103108000,0
103110000,0
103112000,0
103114000,0
103116001,0
103118000,0
103120000,0
103122000,0
103124000,0
103126001,0
103128000,0
103130000,0
103132000,0
103134000,0
103136000,0
103138000,0
103140000,0
103142000,0
103144000,0
103146001,0
103148000,0
103150000,0
103152000,0
103154000,0
103156000,0
103158000,0
103160000,0
103162000,0
103164000,0
103166001,0
103168001,0
103170001,0
103172001,0
103174000,0
103176000,0
103178000,0
103180001,0
103182000,0
103184001,0
103186000,0
103188000,0
103190000,0
103192000,0
103194000,0
103196000,0
103198001,0
103200000,0
103202000,0
103204001,0
103206000,0
103208000,0
103210000,0
103212001,0
103214000,0
103216000,0
103218000,0
103220000,0
103222000,0
103224000,0
103226000,0
103228000,0
103230000,0
103232000,0
103234000,0
103236000,0
103238000,0
103240001,0
103242000,0
103244000,0
103246000,0
103248000,0
103250000,0
103252000,0
103254000,0
103256000,0
103258000,0
103260000,0
103262000,0
103264000,0
103266000,0
103268000,0
103270000,0
103272000,0
103274000,0
103276000,0
103278000,0
103280000,0
103282000,0
103284000,0
103286000,0
103288000,0
103290000,0
103292000,0
103294001,0
103296000,0
103298000,0
103300000,0
103302000,0
103304000,0
103306000,0
103308000,0
103310000,0
103312000,0
103314001,0
103316000,0
103318000,0
103320000,0
103322000,0
103324000,0
103326000,0
103328000,0
103330000,0
103332000,0
103334001,0
103336000,0
103338000,0
103340000,0
103342000,0
103344000,0
103346001,0
103348001,0
103350000,0
103352000,0
103354000,0
103356000,0
103358000,0
103360000,0
103362000,0
103364000,0
103366001,0
103368000,0
103370000,0
103372000,0
103374000,0
103376000,0
103378000,0
103380000,0
103382000,0
103384001,0
103386000,0
103388000,0
103390001,0
103392000,0
103394000,0
103396000,0
103398000,0
103400000,0
103402001,0
103404000,0
103406000,0
103408000,0
103410000,0
103412000,0
103414000,0
103416000,0
103418000,0
103420000,0
103422000,0
103424000,0
103426000,0
103428000,0
103430000,0
103432000,0
103434000,0
103436000,0
103438000,0
103440000,0
103442000,0
103444000,0
103446001,0
103448001,0
103450000,0
103452000,0
103454000,0
103456000,0
103458000,0
103460000,0
103462000,0
103464001,0
103466001,0
103468000,0
103470000,0
103472000,0
103474000,0
103476000,0
103478000,0
103480000,0
103482000,0
103484000,0
103486001,0
103488000,0
103490000,0
103492000,0
103494000,0
103496000,0
103498000,0
103500000,0
103502000,0
103504001,0
103506000,0
103508000,0
103510000,0
103512001,0
103514000,0
103516000,0
103518000,0
103520000,0
103522001,0
103524001,0
103526000,0
103528000,0
103530000,0
103532000,0
103534000,0
103536000,0
103538000,0
103540000,0
103542000,0
103544000,0
103546000,0
103548001,0
103550000,0
103552000,0
103554000,0
103556000,0
103558000,0
103560000,0
103562000,0
103564000,0
103566000,0
103568000,0
103570000,0
103572000,0
103574000,0
103576000,0
103578000,0
103580000,0
103582000,0
103584000,0
103586000,0
103588000,0
103590000,0
103592000,0
103594000,0
103596000,0
103598000,0
103600000,0
103602000,0
103604000,0
103606001,0
103608000,0
103610000,0
103612000,0
103614001,0
103616000,0
103618000,0
103620000,0
103622000,0
103624000,0
103626001,0
103628000,0
103630000,0
103632000,0
103634000,0
103636001,0
103638000,0
103640001,0
103642000,0
103644000,0
103646000,0
103648000,0
103650000,0
103652000,0
103654000,0
103656000,0
103658000,0
103660000,0
103662000,0
103664000,0
103666000,0
103668000,0
103670000,0
103672000,0
103674000,0
103676000,0
103678000,0
103680000,0
103682000,0
103684000,0
103686000,0
103688000,0
103690000,0
103692000,0
103694000,0
103696000,0
103698000,0
103700001,0
103702000,0
103704000,0
103706001,0
103708000,0
103710000,0
103712000,0
103714000,0
103716000,0
103718000,0
103720000,0
103722000,0
103724000,0
103726000,0
103728001,0
103730001,0
103732001,0
103734000,0
103736000,0
103738000,0
103740000,0
103742000,0
103744000,0
103746000,0
103748000,0
103750000,0
103752000,0
103754001,0
103756001,0
103758000,0
103760000,0
103762000,0
103764000,0
103766000,0
103768000,0
103770000,0
103772000,0
103774000,0
103776000,0
103778000,0
103780000,0
103782000,0
103784000,0
103786000,0
103788000,0
103790000,0
103792000,0
103794000,0
103796000,0
103798000,0
103800000,0
103802000,0
103804000,0
103806000,0
103808000,0
103810001,0
103812000,0
103814000,0
103816000,0
103818000,0
103820000,0
103822000,0
103824000,0
103826000,0
103828000,0
103830000,0
103832000,0
103834000,0
103836000,0
103838000,0
103840000,0
103842001,0
103844000,0
103846000,0
103848000,0
103850000,0
103852000,0
103854000,0
103856000,0
103858001,0
103860000,0
103862000,0
103864000,0
103866000,0
103868000,0
103870001,0
103872000,0
103874000,0
103876000,0
103878000,0
103880000,0
103882000,0
103884000,0
103886000,0
103888000,0
103890000,0
103892000,0
103894000,0
103896000,0
103898000,0
103900000,0
103902000,0
103904000,0
103906000,0
103908000,0
103910000,0
103912001,0
103914000,0
103916000,0
103918000,0
103920000,0
103922000,0
103924000,0
103926000,0
103928000,0
103930000,0
103932000,0
103934000,0
103936000,0
103938000,0
103940000,0
103942001,0
103944000,0
103946000,0
103948000,0
103950000,0
103952000,0
103954000,0
103956000,0
103958000,0
103960000,0
103962000,0
103964000,0
103966000,0
103968000,0
103970000,0
103972000,0
103974001,0
103976001,0
103978000,0
103980000,0
103982000,0
103984000,0
103986000,0
103988000,0
103990000,0
103992000,0
103994001,0
103996000,0
103998000,0
104000001,0
104002000,0
104004000,0
104006001,0
104008000,0
104010000,0
104012000,0
104014000,0
104016000,0
104018001,0
104020000,0
104022000,0
104024000,0
104026001,0
104028000,0
104030000,0
104032000,0
104034000,0
104036000,0
104038000,0
104040001,0
104042000,0
104044000,0
104046000,0
104048000,0
104050000,0
104052000,0
104054000,0
104056001,0
104058000,0
104060000,0
104062000,0
104064000,0
104066000,0
104068000,0
104070000,0
104072000,0
104074000,0
104076000,0
104078000,0
104080000,0
104082000,0
104084000,0
104086000,0
104088000,0
104090000,0
104092000,0
104094000,0
104096000,0
104098000,0
104100001,0
104102000,0
104104000,0
104106000,0
104108001,0
104110000,0
104112000,0
104114000,0
104116000,0
104118000,0
104120000,0
104122000,0
104124000,0
104126000,0
104128000,0
104130000,0
104132000,0
104134000,0
104136001,0
104138000,0
104140000,0
104142000,0
104144000,0
104146001,0
104148000,0
104150000,0
104152000,0
104154000,0
104156001,0
104158000,0
104160000,0
104162000,0
104164000,0
104166001,0
104168001,0
104170000,0
104172000,0
104174000,0
104176000,0
104178000,0
104180000,0
104182000,0
104184001,0
104186000,0
104188000,0
104190000,0
104192000,0
104194000,0
104196000,0
104198000,0
104200001,0
104202000,0
104204000,0
104206000,0
104208000,0
104210000,0
104212001,0
104214000,0
104216000,0
104218000,0
104220000,0
104222000,0
104224001,0
104226001,0
104228000,0
104230000,0
104232000,0
104234000,0
104236000,0
104238001,0
104240000,0
104242000,0
104244000,0
104246000,0
104248000,0
104250000,0
104252000,0
104254001,0
104256001,0
104258000,0
104260000,0
104262000,0
104264000,0
104266000,0
104268001,0
104270000,0
104272000,0
104274000,0
104276001,0
104278000,0
104280000,0
104282000,0
104284000,0
104286000,0
104288000,0
104290001,0
104292000,0
104294000,0
104296000,0
104298000,0
104300000,0
104302000,0
104304000,0
104306000,0
104308001,0
104310000,0
104312001,0
104314000,0
104316000,0
104318001,0
104320000,0
104322000,0
104324000,0
104326000,0
104328001,0
104330000,0
104332000,0
104334000,0
104336000,0
104338000,0
104340000,0
104342000,0
104344000,0
104346000,0
104348000,0
104350000,0
104352000,0
104354000,0
104356000,0
104358000,0
104360000,0
104362000,0
104364000,0
104366000,0
104368000,0
104370000,0
104372001,0
104374000,0
104376000,0
104378000,0
104380000,0
104382000,0
104384001,0
104386001,0
104388000,0
104390000,0
104392000,0
104394000,0
104396000,0
104398000,0
104400000,0
104402000,0
104404000,0
104406000,0
104408001,0
104410000,0
104412000,0
104414001,0
104416000,0
104418000,0
104420000,0
104422000,0
104424001,0
104426000,0
104428000,0
104430000,0
104432000,0
104434000,0
104436000,0
104438000,0
104440000,0
104442000,0
104444000,0
104446000,0
104448000,0
104450000,0
104452000,0
104454000,0
104456001,0
104458000,0
104460000,0
104462000,0
104464000,0
104466000,0
104468000,0
104470000,0
104472000,0
104474000,0
104476000,0
104478000,0
104480000,0
104482000,0
104484000,0
104486000,0
104488001,0
104490000,0
104492000,0
104494000,0
104496000,0
104498000,0
104500000,0
104502000,0
104504000,0
104506000,0
104508000,0
104510000,0
104512000,0
104514000,0
104516000,0
104518000,0
104520000,0
104522000,0
104524000,0
104526000,0
104528000,0
104530000,0
104532000,0
104534000,0
104536000,0
104538000,0
104540000,0
104542000,0
104544000,0
104546000,0
104548000,0
104550000,0
104552000,0
104554000,0
104556001,0
104558000,0
104560000,0
104562000,0
104564001,0
104566000,0
104568000,0
104570001,0
104572000,0
104574000,0
104576000,0
104578000,0
104580001,0
104582000,0
104584000,0
104586001,0
104588000,0
104590000,0
104592000,0
104594000,0
104596000,0
104598000,0
104600000,0
104602000,0
104604000,0
104606000,0
104608000,0
104610000,0
104612000,0
104614000,0
104616000,0
104618000,0
104620000,0
104622000,0
104624000,0
104626000,0
104628000,0
104630000,0
104632000,0
104634000,0
104636001,0
104638000,0
104640000,0
104642000,0
104644000,0
104646000,0
104648000,0
104650000,0
104652001,0
104654000,0
104656000,0
104658000,0
104660001,0
104662000,0
104664000,0
104666000,0
104668000,0
104670000,0
104672000,0
104674000,0
104676000,0
104678000,0
104680000,0
104682000,0
104684000,0
104686000,0
104688000,0
104690000,0
104692000,0
104694000,0
104696000,0
104698000,0
104700000,0
104702000,0
104704001,0
104706000,0
104708000,0
104710001,0
104712000,0
104714000,0
104716000,0
104718000,0
104720000,0
104722000,0
104724000,0
104726000,0
104728000,0
104730000,0
104732000,0
104734000,0
104736000,0
104738000,0
104740000,0
104742001,0
104744000,0
104746000,0
104748000,0
104750000,0
104752000,0
104754001,0
104756000,0
104758000,0
104760000,0
104762000,0
104764000,0
104766000,0
104768000,0
104770000,0
104772000,0
104774000,0
104776000,0
104778000,0
104780000,0
104782001,0
104784000,0
104786000,0
104788000,0
104790000,0
104792000,0
104794000,0
104796000,0
104798000,0
104800000,0
104802000,0
104804000,0
104806000,0
104808000,0
104810000,0
104812001,0
104814000,0
104816000,0
104818000,0
104820000,0
104822000,0
104824000,0
104826000,0
104828000,0
104830000,0
104832000,0
104834000,0
104836000,0
104838000,0
104840000,0
104842000,0
104844000,0
104846000,0
104848000,0
104850000,0
104852001,0
104854000,0
104856000,0
104858000,0
104860001,0
104862000,0
104864000,0
104866000,0
104868000,0
104870001,0
104872000,0
104874000,0
104876000,0
104878000,0
104880000,0
104882000,0
104884000,0
104886000,0
104888000,0
104890000,0
104892000,0
104894000,0
104896000,0
104898000,0
104900000,0
104902000,0
104904000,0
104906000,0
104908000,0
104910000,0
104912000,0
104914000,0
104916000,0
104918000,0
104920000,0
104922000,0
104924001,0
104926000,0
104928000,0
104930000,0
104932000,0
104934000,0
104936000,0
104938000,0
104940000,0
104942000,0
104944000,0
104946000,0
104948000,0
104950000,0
104952000,0
104954000,0
104956000,0
104958000,0
104960000,0
104962000,0
104964000,0
104966000,0
104968000,0
104970000,0
104972000,0
104974000,0
104976000,0
104978000,0
104980000,0
104982000,0
104984000,0
104986000,0
104988001,0
104990000,0
104992000,0
104994000,0
104996000,0
104998000,0
105000000,0
105002000,0
105004000,0
105006000,0
105008000,0
105010001,0
105012000,0
105014000,0
105016000,0
105018001,0
105020000,0
105022000,0
105024000,0
105026000,0
105028001,0
105030000,0
105032000,0
105034000,0
105036000,0
105038000,0
105040001,0
105042000,0
105044000,0
105046000,0
105048000,0
105050000,0
105052000,0
105054000,0
105056000,0
105058000,0
105060000,0
105062000,0
105064000,0
105066000,0
105068000,0
105070001,0
105072001,0
105074000,0
105076000,0
105078000,0
105080000,0
105082000,0
105084000,0
105086000,0
105088000,0
105090000,0
105092000,0
105094000,0
105096000,0
105098000,0
105100000,0
105102000,0
105104001,0
105106000,0
105108000,0
105110000,0
105112000,0
105114000,0
105116001,0
105118000,0
105120000,0
105122001,0
105124001,0
105126000,0
105128000,0
105130001,0
105132000,0
105134000,0
105136000,0
105138000,0
105140000,0
105142000,0
105144000,0
105146001,0
105148001,0
105150000,0
105152000,0
105154000,0
105156000,0
105158000,0
105160000,0
105162000,0
105164001,0
105166000,0
105168000,0
105170001,0
105172000,0
105174000,0
105176000,0
105178000,0
105180000,0
105182000,0
105184000,0
105186000,0
105188001,0
105190001,0
105192000,0
105194000,0
105196000,0
105198000,0
105200000,0
105202000,0
105204000,0
105206001,0
105208001,0
105210000,0
105212000,0
105214000,0
105216000,0
105218000,0
105220000,0
105222000,0
105224000,0
105226000,0
105228000,0
105230000,0
105232000,0
105234001,0
105236000,0
105238000,0
105240000,0
105242000,0
105244000,0
105246000,0
105248000,0
105250000,0
105252000,0
105254000,0
105256000,0
105258000,0
105260000,0
105262001,0
105264000,0
105266000,0
105268000,0
105270000,0
105272000,0
105274000,0
105276000,0
105278000,0
105280000,0
105282000,0
105284000,0
105286000,0
105288000,0
105290000,0
105292001,0
105294000,0
105296000,0
105298000,0
105300000,0
105302000,0
105304000,0
105306000,0
105308000,0
105310001,0
105312000,0
105314000,0
105316000,0
105318000,0
105320000,0
105322001,0
105324001,0
105326000,0
105328000,0
105330001,0
105332000,0
105334000,0
105336000,0
105338000,0
105340000,0
105342000,0
105344000,0
105346001,0
105348001,0
105350000,0
105352000,0
105354000,0
105356000,0
105358000,0
105360001,0
105362000,0
105364000,0
105366000,0
105368001,0
105370000,0
105372000,0
105374000,0
105376000,0
105378000,0
105380000,0
105382000,0
105384001,0
105386000,0
105388000,0
105390000,0
105392000,0
105394000,0
105396001,0
105398000,0
105400000,0
105402000,0
105404000,0
105406001,0
105408000,0
105410000,0
105412000,0
105414000,0
105416000,0
105418000,0
105420000,0
105422001,0
105424000,0
105426000,0
105428000,0
105430000,0
105432001,0
105434001,0
105436000,0
105438000,0
105440000,0
105442000,0
105444000,0
105446000,0
105448000,0
105450000,0
105452000,0
105454000,0
105456001,0
105458000,0
105460000,0
105462000,0
105464000,0
105466000,0
105468000,0
105470000,0
105472001,0
105474000,0
105476000,0
105478001,0
105480001,0
105482000,0
105484000,0
105486000,0
105488000,0
105490000,0
105492000,0
105494000,0
105496000,0
105498001,0
105500000,0
105502000,0
105504000,0
105506001,0
105508000,0
105510000,0
105512001,0
105514000,0
105516000,0
105518000,0
105520000,0
105522000,0
105524000,0
105526000,0
105528000,0
105530000,0
105532000,0
105534000,0
105536000,0
105538000,0
105540000,0
105542000,0
105544000,0
105546000,0
105548001,0
105550001,0
105552000,0
105554000,0
105556000,0
105558000,0
105560000,0
105562000,0
105564000,0
105566000,0
105568000,0
105570000,0
105572000,0
105574000,0
105576001,0
105578000,0
105580000,0
105582000,0
105584000,0
105586000,0
105588000,0
105590000,0
105592000,0
105594001,0
105596000,0
105598000,0
105600000,0
105602000,0
105604000,0
105606000,0
105608000,0
105610000,0
105612000,0
105614000,0
105616000,0
105618000,0
105620000,0
105622000,0
105624000,0
105626000,0
105628000,0
105630000,0
105632000,0
105634000,0
105636000,0
105638000,0
105640000,0
105642000,0
105644001,0
105646000,0
105648000,0
105650000,0
105652000,0
105654000,0
105656000,0
105658000,0
105660000,0
105662000,0
105664001,0
105666000,0
105668000,0
105670001,0
105672000,0
105674000,0
105676001,0
105678000,0
105680000,0
105682000,0
105684000,0
105686000,0
105688000,0
105690000,0
105692000,0
105694001,0
105696000,0
105698000,0
105700000,0
105702000,0
105704000,0
105706000,0
105708000,0
105710000,0
105712000,0
105714000,0
105716000,0
105718000,0
105720001,0
105722000,0
105724000,0
105726000,0
105728000,0
105730000,0
105732001,0
105734000,0
105736000,0
105738000,0
105740000,0
105742000,0
105744000,0
105746000,0
105748000,0
105750000,0
105752000,0
105754000,0
105756000,0
105758000,0
105760000,0
105762000,0
105764000,0
105766000,0
105768000,0
105770000,0
105772000,0
105774000,0
105776000,0
105778000,0
105780000,0
105782000,0
105784000,0
105786000,0
105788000,0
105790000,0
105792000,0
105794000,0
105796000,0
105798000,0
105800000,0
105802000,0
105804000,0
105806000,0
105808001,0
105810001,0
105812000,0
105814000,0
105816000,0
105818000,0
105820000,0
105822000,0
105824000,0
105826000,0
105828000,0
105830000,0
105832000,0
105834000,0
105836000,0
105838000,0
105840000,0
105842000,0
105844000,0
105846000,0
105848000,0
105850000,0
105852000,0
105854000,0
105856000,0
105858001,0
105860000,0
105862000,0
105864000,0
105866000,0
105868000,0
105870000,0
105872000,0
105874000,0
105876000,0
105878000,0
105880000,0
105882000,0
105884001,0
105886000,0
105888000,0
105890000,0
105892000,0
105894000,0
105896000,0
105898000,0
105900000,0
105902000,0
105904000,0
105906000,0
105908001,0
105910000,0
105912000,0
105914001,0
105916000,0
105918000,0
105920001,0
105922001,0
105924000,0
105926000,0
105928000,0
105930000,0
105932001,0
105934001,0
105936000,0
105938000,0
105940000,0
105942000,0
105944000,0
105946000,0
105948000,0
105950000,0
105952001,0
105954000,0
105956000,0
105958000,0
105960001,0
105962000,0
105964000,0
105966000,0
105968000,0
105970000,0
105972000,0
105974001,0
105976001,0
105978000,0
105980000,0
105982000,0
105984000,0
105986001,0
105988000,0
105990000,0
105992001,0
105994001,0
105996001,0
105998000,0
106000000,0
106002000,0
106004001,0
106006001,0
106008000,0
106010000,0
106012000,0
106014000,0
106016000,0
106018000,0
106020000,0
106022000,0
106024000,0
106026000,0
106028000,0
106030000,0
106032000,0
106034000,0
106036000,0
106038000,0
106040001,0
106042000,0
106044000,0
106046000,0
106048000,0
106050000,0
106052000,0
106054000,0
106056000,0
106058000,0
106060000,0
106062000,0
106064000,0
106066000,0
106068000,0
106070000,0
106072000,0
106074000,0
106076000,0
106078001,0
106080000,0
106082000,0
106084000,0
106086000,0
106088000,0
106090000,0
106092000,0
106094000,0
106096000,0
106098000,0
106100000,0
106102000,0
106104000,0
106106000,0
106108000,0
106110000,0
106112000,0
106114000,0
106116000,0
106118000,0
106120000,0
106122000,0
106124001,0
106126001,0
106128001,0
106130000,0
106132000,0
106134000,0
106136000,0
106138000,0
106140000,0
106142000,0
106144000,0
106146000,0
106148000,0
106150000,0
106152000,0
106154000,0
106156000,0
106158000,0
106160001,0
106162001,0
106164000,0
106166000,0
106168000,0
106170000,0
106172000,0
106174000,0
106176000,0
106178000,0
106180000,0
106182000,0
106184000,0
106186000,0
106188000,0
106190000,0
106192000,0
106194000,0
106196000,0
106198000,0
106200000,0
106202000,0
106204000,0
106206000,0
106208001,0
106210001,0
106212000,0
106214000,0
106216000,0
106218000,0
106220000,0
106222000,0
106224000,0
106226001,0
106228001,0
106230000,0
106232000,0
106234001,0
106236000,0
106238000,0
106240000,0
106242000,0
106244000,0
106246000,0
106248000,0
106250000,0
106252000,0
106254000,0
106256000,0
106258000,0
106260000,0
106262000,0
106264000,0
106266000,0
106268000,0
106270000,0
106272000,0
106274000,0
106276000,0
106278000,0
106280000,0
106282000,0
106284000,0
106286000,0
106288000,0
106290000,0
106292000,0
106294000,0
106296000,0
106298000,0
106300000,0
106302000,0
106304001,0
106306000,0
106308000,0
106310000,0
106312000,0
106314000,0
106316000,0
106318000,0
106320000,0
106322000,0
106324000,0
106326000,0
106328000,0
106330000,0
106332000,0
106334000,0
106336000,0
106338000,0
106340000,0
106342000,0
106344000,0
106346000,0
106348000,0
106350000,0
106352000,0
106354000,0
106356000,0
106358000,0
106360001,0
106362000,0
106364000,0
106366001,0
106368001,0
106370000,0
106372000,0
106374001,0
106376000,0
106378000,0
106380000,0
106382000,0
106384000,0
106386000,0
106388000,0
106390000,0
106392001,0
106394000,0
106396000,0
106398000,0
106400001,0
106402000,0
106404000,0
106406000,0
106408000,0
106410000,0
106412000,0
106414000,0
106416000,0
106418000,0
106420000,0
106422000,0
106424000,0
106426000,0
106428000,0
106430000,0
106432000,0
106434000,0
106436000,0
106438000,0
106440000,0
106442000,0
106444000,0
106446000,0
106448000,0
106450001,0
106452000,0
106454000,0
106456000,0
106458000,0
106460000,0
106462001,0
106464001,0
106466000,0
106468000,0
106470000,0
106472000,0
106474000,0
106476000,0
106478000,0
106480000,0
106482000,0
106484000,0
106486000,0
106488000,0
106490000,0
106492000,0
106494000,0
106496000,0
106498000,0
106500000,0
106502000,0
106504000,0
106506000,0
106508000,0
106510000,0
106512000,0
106514000,0
106516000,0
106518000,0
106520000,0
106522000,0
106524000,0
106526000,0
106528000,0
106530000,0
106532000,0
106534000,0
106536000,0
106538000,0
106540000,0
106542000,0
106544000,0
106546000,0
106548000,0
106550000,0
106552000,0
106554000,0
106556000,0
106558000,0
106560000,0
106562000,0
106564000,0
106566000,0
106568000,0
106570000,0
106572000,0
106574000,0
106576000,0
106578000,0
106580000,0
106582000,0
106584000,0
106586000,0
106588000,0
106590000,0
106592000,0
106594000,0
106596000,0
106598000,0
106600001,0
106602000,0
106604000,0
106606000,0
106608000,0
106610000,0
106612000,0
106614000,0
106616000,0
106618000,0
106620000,0
106622001,0
106624000,0
106626000,0
106628000,0
106630000,0
106632000,0
106634000,0
106636000,0
106638000,0
106640000,0
106642001,0
106644000,0
106646000,0
106648000,0
106650000,0
106652000,0
106654000,0
106656001,0
106658000,0
106660000,0
106662001,0
106664001,0
106666000,0
106668000,0
106670000,0
106672000,0
106674001,0
106676000,0
106678000,0
106680001,0
106682000,0
106684000,0
106686000,0
106688000,0
106690000,0
106692000,0
106694000,0
106696000,0
106698000,0
106700000,0
106702001,0
106704000,0
106706000,0
106708000,0
106710000,0
106712000,0
106714000,0
106716000,0
106718001,0
106720000,0
106722000,0
106724000,0
106726000,0
106728000,0
106730001,0
106732001,0
106734000,0
106736000,0
106738000,0
106740000,0
106742000,0
106744000,0
106746000,0
106748000,0
106750000,0
106752000,0
106754000,0
106756000,0
106758000,0
106760000,0
106762000,0
106764000,0
106766000,0
106768000,0
106770000,0
106772000,0
106774000,0
106776000,0
106778000,0
106780000,0
106782001,0
106784000,0
106786000,0
106788001,0
106790000,0
106792000,0
106794000,0
106796000,0
106798000,0
106800000,0
106802000,0
106804000,0
106806000,0
106808000,0
106810000,0
106812000,0
106814000,0
106816000,0
106818000,0
106820000,0
106822000,0
106824000,0
106826000,0
106828000,0
106830000,0
106832000,0
106834000,0
106836000,0
106838000,0
106840000,0
106842000,0
106844001,0
106846000,0
106848000,0
106850000,0
106852000,0
106854000,0
106856000,0
106858000,0
106860000,0
106862001,0
106864000,0
106866000,0
106868000,0
106870001,0
106872000,0
106874000,0
106876001,0
106878000,0
106880001,0
106882000,0
106884000,0
106886000,0
106888000,0
106890000,0
106892000,0
106894000,0
106896000,0
106898000,0
106900000,0
106902001,0
106904000,0
106906000,0
106908000,0
106910000,0
106912000,0
106914000,0
106916000,0
106918000,0
106920000,0
106922000,0
106924000,0
106926000,0
106928000,0
106930001,0
106932000,0
106934000,0
106936001,0
106938000,0
106940000,0
106942001,0
106944001,0
106946000,0
106948000,0
106950000,0
106952000,0
106954000,0
106956000,0
106958000,0
106960000,0
106962001,0
106964001,0
106966000,0
106968000,0
106970001,0
106972001,0
106974000,0
106976000,0
106978000,0
106980000,0
106982000,0
106984000,0
106986000,0
106988000,0
106990001,0
106992001,0
106994000,0
106996000,0
106998000,0
107000000,0
107002001,0
107004000,0
107006000,0
107008000,0
107010000,0
107012000,0
107014000,0
107016000,0
107018000,0
107020000,0
107022000,0
107024000,0
107026000,0
107028000,0
107030000,0
107032000,0
107034000,0
107036000,0
107038000,0
107040000,0
107042001,0
107044000,0
107046000,0
107048000,0
107050000,0
107052000,0
107054001,0
107056000,0
107058000,0
107060000,0
107062000,0
107064000,0
107066000,0
107068000,0
107070000,0
107072000,0
107074000,0
107076000,0
107078000,0
107080000,0
107082001,0
107084000,0
107086000,0
107088000,0
107090000,0
107092000,0
107094000,0
107096000,0
107098000,0
107100000,0
107102000,0
107104000,0
107106000,0
107108000,0
107110001,0
107112000,0
107114000,0
107116001,0
107118001,0
107120001,0
107122000,0
107124000,0
107126000,0
107128000,0
107130000,0
107132000,0
107134000,0
107136000,0
107138000,0
107140000,0
107142000,0
107144000,0
107146000,0
107148000,0
107150000,0
107152000,0
107154000,0
107156000,0
107158000,0
107160000,0
107162000,0
107164000,0
107166000,0
107168000,0
107170000,0
107172001,0
107174000,0
107176000,0
107178000,0
107180000,0
107182000,0
107184000,0
107186000,0
107188000,0
107190000,0
107192000,0
107194000,0
107196000,0
107198000,0
107200000,0
107202000,0
107204000,0
107206000,0
107208000,0
107210000,0
107212000,0
107214000,0
107216000,0
107218000,0
107220000,0
107222000,0
107224000,0
107226000,0
107228000,0
107230000,0
107232000,0
107234000,0
107236000,0
107238000,0
107240001,0
107242000,0
107244000,0
107246000,0
107248000,0
107250000,0
107252000,0
107254000,0
107256000,0
107258000,0
107260000,0
107262000,0
107264000,0
107266000,0
107268000,0
107270000,0
107272000,0
107274000,0
107276000,0
107278000,0
107280000,0
107282000,0
107284000,0
107286000,0
107288000,0
107290000,0
107292000,0
107294000,0
107296000,0
107298000,0
107300001,0
107302000,0
107304000,0
107306001,0
107308000,0
107310000,0
107312000,0
107314001,0
107316000,0
107318000,0
107320000,0
107322000,0
107324001,0
107326001,0
107328000,0
107330000,0
107332000,0
107334000,0
107336000,0
107338000,0
107340000,0
107342000,0
107344000,0
107346000,0
107348000,0
107350000,0
107352000,0
107354000,0
107356000,0
107358001,0
107360001,0
107362000,0
107364000,0
107366001,0
107368000,0
107370000,0
107372000,0
107374001,0
107376000,0
107378000,0
107380000,0
107382000,0
107384000,0
107386000,0
107388000,0
107390000,0
107392000,0
107394000,0
107396000,0
107398000,0
107400000,0
107402000,0
107404000,0
107406000,0
107408000,0
107410000,0
107412001,0
107414000,0
107416000,0
107418000,0
107420000,0
107422000,0
107424000,0
107426000,0
107428000,0
107430000,0
107432001,0
107434000,0
107436000,0
107438000,0
107440000,0
107442000,0
107444000,0
107446000,0
107448000,0
107450000,0
107452000,0
107454000,0
107456000,0
107458000,0
107460000,0
107462000,0
107464000,0
107466000,0
107468000,0
107470000,0
107472000,0
107474000,0
107476000,0
107478000,0
107480000,0
107482000,0
107484000,0
107486000,0
107488000,0
107490000,0
107492000,0
107494000,0
107496000,0
107498000,0
107500000,0
107502001,0
107504000,0
107506000,0
107508001,0
107510000,0
107512000,0
107514000,0
107516000,0
107518000,0
107520000,0
107522000,0
107524000,0
107526000,0
107528001,0
107530000,0
107532000,0
107534000,0
107536000,0
107538000,0
107540000,0
107542000,0
107544001,0
107546000,0
107548000,0
107550000,0
107552000,0
107554000,0
107556000,0
107558000,0
107560000,0
107562000,0
107564000,0
107566001,0
107568001,0
107570000,0
107572000,0
107574000,0
107576000,0
107578000,0
107580000,0
107582000,0
107584000,0
107586000,0
107588000,0
107590000,0
107592000,0
107594000,0
107596000,0
107598000,0
107600000,0
107602000,0
107604000,0
107606000,0
107608000,0
107610000,0
107612000,0
107614000,0
107616000,0
107618000,0
107620000,0
107622000,0
107624000,0
107626000,0
107628000,0
107630000,0
107632000,0
107634000,0
107636000,0
107638000,0
107640000,0
107642000,0
107644000,0
107646000,0
107648000,0
107650000,0
107652000,0
107654000,0
107656000,0
107658000,0
107660000,0
107662001,0
107664000,0
107666000,0
107668000,0
107670001,0
107672000,0
107674000,0
107676000,0
107678000,0
107680000,0
107682000,0
107684000,0
107686000,0
107688000,0
107690000,0
107692000,0
107694000,0
107696000,0
107698000,0
107700000,0
107702000,0
107704000,0
107706000,0
107708000,0
107710000,0
107712000,0
107714000,0
107716000,0
107718000,0
107720000,0
107722000,0
107724000,0
107726000,0
107728000,0
107730000,0
107732001,0
107734000,0
107736000,0
107738000,0
107740000,0
107742001,0
107744000,0
107746000,0
107748001,0
107750000,0
107752000,0
107754000,0
107756000,0
107758000,0
107760000,0
107762000,0
107764000,0
107766000,0
107768000,0
107770000,0
107772000,0
107774000,0
107776000,0
107778000,0
107780000,0
107782000,0
107784000,0
107786000,0
107788000,0
107790000,0
107792001,0
107794001,0
107796001,0
107798000,0
107800000,0
107802000,0
107804000,0
107806000,0
107808000,0
107810000,0
107812000,0
107814000,0
107816000,0
107818000,0
107820000,0
107822000,0
107824000,0
107826000,0
107828000,0
107830000,0
107832000,0
107834000,0
107836000,0
107838000,0
107840000,0
107842000,0
107844000,0
107846000,0
107848000,0
107850000,0
107852000,0
107854000,0
107856000,0
107858000,0
107860000,0
107862000,0
107864000,0
107866000,0
107868000,0
107870000,0
107872000,0
107874000,0
107876000,0
107878000,0
107880000,0
107882000,0
107884000,0
107886000,0
107888001,0
107890000,0
107892000,0
107894000,0
107896000,0
107898000,0
107900000,0
107902000,0
107904001,0
107906000,0
107908000,0
107910001,0
107912000,0
107914000,0
107916000,0
107918000,0
107920000,0
107922000,0
107924000,0
107926000,0
107928000,0
107930000,0
107932000,0
107934000,0
107936000,0
107938000,0
107940000,0
107942000,0
107944000,0
107946001,0
107948001,0
107950000,0
107952000,0
107954000,0
107956000,0
107958001,0
107960000,0
107962000,0
107964000,0
107966000,0
107968000,0
107970000,0
107972000,0
107974000,0
107976000,0
107978001,0
107980000,0
107982000,0
107984000,0
107986000,0
107988000,0
107990000,0
107992000,0
107994000,0
107996001,0
107998001,0
108000000,0
108002000,0
108004000,0
108006000,0
108008000,0
108010000,0
108012000,0
108014000,0
108016000,0
108018000,0
108020000,0
108022000,0
108024000,0
108026000,0
108028000,0
108030000,0
108032000,0
108034000,0
108036000,0
108038000,0
108040000,0
108042000,0
108044000,0
108046000,0
108048000,0
108050000,0
108052000,0
108054000,0
108056000,0
108058000,0
108060000,0
108062000,0
108064000,0
108066000,0
108068000,0
108070000,0
108072000,0
108074000,0
108076000,0
108078000,0
108080000,0
108082000,0
108084000,0
108086000,0
108088000,0
108090000,0
108092000,0
108094000,0
108096000,0
108098000,0
108100001,0
108102000,0
108104000,0
108106000,0
108108000,0
108110000,0
108112000,0
108114000,0
108116000,0
108118000,0
108120000,0
108122000,0
108124000,0
108126000,0
108128000,0
108130000,0
108132000,0
108134000,0
108136000,0
108138000,0
108140000,0
108142000,0
108144000,0
108146000,0
108148001,0
108150000,0
108152000,0
108154001,0
108156000,0
108158000,0
108160001,0
108162000,0
108164000,0
108166000,0
108168000,0
108170000,0
108172000,0
108174000,0
108176000,0
108178001,0
108180001,0
108182001,0
108184001,0
108186000,0
108188000,0
108190000,0
108192000,0
108194000,0
108196000,0
108198000,0
108200000,0
108202000,0
108204000,0
108206001,0
108208000,0
108210000,0
108212000,0
108214000,0
108216000,0
108218000,0
108220000,0
108222000,0
108224001,0
108226000,0
108228000,0
108230000,0
108232000,0
108234000,0
108236000,0
108238000,0
108240000,0
108242000,0
108244000,0
108246000,0
108248000,0
108250000,0
108252001,0
108254001,0
108256000,0
108258000,0
108260000,0
108262000,0
108264000,0
108266000,0
108268000,0
108270000,0
108272000,0
108274000,0
108276000,0
108278000,0
108280000,0
108282001,0
108284000,0
108286000,0
108288000,0
108290000,0
108292000,0
108294000,0
108296000,0
108298001,0
108300001,0
108302000,0
108304000,0
108306000,0
108308000,0
108310000,0
108312000,0
108314000,0
108316000,0
108318000,0
108320000,0
108322000,0
108324000,0
108326000,0
108328001,0
108330001,0
108332000,0
108334000,0
108336000,0
108338000,0
108340000,0
108342000,0
108344000,0
108346000,0
108348000,0
108350000,0
108352000,0
108354000,0
108356000,0
108358000,0
108360000,0
108362000,0
108364000,0
108366000,0
108368000,0
108370001,0
108372000,0
108374000,0
108376000,0
108378000,0
108380001,0
108382000,0
108384000,0
108386000,0
108388000,0
108390000,0
108392000,0
108394000,0
108396000,0
108398000,0
108400000,0
108402001,0
108404000,0
108406000,0
108408000,0
108410000,0
108412000,0
108414000,0
108416000,0
108418000,0
108420000,0
108422000,0
108424000,0
108426000,0
108428000,0
108430000,0
108432000,0
108434000,0
108436000,0
108438000,0
108440000,0
108442000,0
108444000,0
108446000,0
108448000,0
108450000,0
108452000,0
108454000,0
108456000,0
108458000,0
108460000,0
108462000,0
108464001,0
108466000,0
108468000,0
108470000,0
108472000,0
108474000,0
108476001,0
108478000,0
108480000,0
108482000,0
108484000,0
108486001,0
108488000,0
108490001,0
108492000,0
108494001,0
108496000,0
108498000,0
108500000,0
108502000,0
108504000,0
108506000,0
108508000,0
108510000,0
108512000,0
108514000,0
108516000,0
108518000,0
108520000,0
108522000,0
108524000,0
108526000,0
108528000,0
108530000,0
108532000,0
108534000,0
108536000,0
108538000,0
108540000,0
108542000,0
108544000,0
108546000,0
108548000,0
108550000,0
108552001,0
108554000,0
108556000,0
108558000,0
108560000,0
108562000,0
108564001,0
108566000,0
108568000,0
108570000,0
108572000,0
108574000,0
108576000,0
108578000,0
108580000,0
108582001,0
108584000,0
108586000,0
108588000,0
108590000,0
108592000,0
108594000,0
108596000,0
108598001,0
108600001,0
108602001,0
108604000,0
108606000,0
108608000,0
108610000,0
108612000,0
108614000,0
108616000,0
108618000,0
108620000,0
108622000,0
108624000,0
108626000,0
108628000,0
108630000,0
108632000,0
108634000,0
108636001,0
108638000,0
108640000,0
108642000,0
108644000,0
108646000,0
108648000,0
108650000,0
108652000,0
108654001,0
108656000,0
108658000,0
108660000,0
108662000,0
108664000,0
108666000,0
108668000,0
108670000,0
108672000,0
108674001,0
108676000,0
108678000,0
108680000,0
108682000,0
108684001,0
108686000,0
108688000,0
108690000,0
108692000,0
108694000,0
108696000,0
108698000,0
108700000,0
108702000,0
108704000,0
108706000,0
108708000,0
108710000,0
108712001,0
108714000,0
108716000,0
108718000,0
108720000,0
108722000,0
108724001,0
108726001,0
108728001,0
108730000,0
108732000,0
108734000,0
108736001,0
108738000,0
108740000,0
108742001,0
108744000,0
108746000,0
108748001,0
108750000,0
108752000,0
108754000,0
108756000,0
108758000,0
108760001,0
108762000,0
108764000,0
108766000,0
108768000,0
108770000,0
108772000,0
108774000,0
108776000,0
108778000,0
108780000,0
108782000,0
108784000,0
108786000,0
108788000,0
108790000,0
108792000,0
108794000,0
108796000,0
108798000,0
108800000,0
108802000,0
108804000,0
108806000,0
108808000,0
108810001,0
108812001,0
108814000,0
108816000,0
108818000,0
108820000,0
108822000,0
108824000,0
108826000,0
108828000,0
108830000,0
108832001,0
108834000,0
108836000,0
108838000,0
108840000,0
108842000,0
108844000,0
108846000,0
108848000,0
108850000,0
108852000,0
108854001,0
108856001,0
108858000,0
108860000,0
108862000,0
108864000,0
108866001,0
108868000,0
108870000,0
108872000,0
108874000,0
108876001,0
108878000,0
108880000,0
108882000,0
108884000,0
108886000,0
108888000,0
108890001,0
108892000,0
108894000,0
108896000,0
108898000,0
108900001,0
108902000,0
108904000,0
108906000,0
108908000,0
108910000,0
108912000,0
108914000,0
108916000,0
108918000,0
108920000,0
108922000,0
108924000,0
108926000,0
108928000,0
108930001,0
108932000,0
108934000,0
108936000,0
108938000,0
108940000,0
108942000,0
108944000,0
108946000,0
108948000,0
108950000,0
108952000,0
108954000,0
108956000,0
108958000,0
108960000,0
108962000,0
108964000,0
108966000,0
108968001,0
108970000,0
108972000,0
108974000,0
108976000,0
108978000,0
108980000,0
108982000,0
108984000,0
108986000,0
108988000,0
108990000,0
108992000,0
108994000,0
108996000,0
108998000,0
109000000,0
109002000,0
109004000,0
109006000,0
109008001,0
109010001,0
109012000,0
109014000,0
109016000,0
109018000,0
109020000,0
109022001,0
109024000,0
109026000,0
109028001,0
109030000,0
109032000,0
109034000,0
109036000,0
109038000,0
109040000,0
109042001,0
109044000,0
109046000,0
109048000,0
109050000,0
109052000,0
109054000,0
109056000,0
109058000,0
109060000,0
109062000,0
109064001,0
109066000,0
109068000,0
109070001,0
109072000,0
109074000,0
109076000,0
109078000,0
109080000,0
109082000,0
109084000,0
109086000,0
109088000,0
109090000,0
109092000,0
109094000,0
109096000,0
109098000,0
109100001,0
109102000,0
109104000,0
109106000,0
109108000,0
109110000,0
109112000,0
109114000,0
109116000,0
109118000,0
109120000,0
109122000,0
109124000,0
109126001,0
109128001,0
109130000,0
109132000,0
109134000,0
109136000,0
109138000,0
109140000,0
109142000,0
109144000,0
109146000,0
109148000,0
109150000,0
109152000,0
109154000,0
109156000,0
109158000,0
109160000,0
109162000,0
109164000,0
109166000,0
109168000,0
109170000,0
109172000,0
109174000,0
109176000,0
109178000,0
109180000,0
109182000,0
109184000,0
109186000,0
109188001,0
109190000,0
109192000,0
109194001,0
109196001,0
109198001,0
109200000,0
109202000,0
109204000,0
109206000,0
109208000,0
109210000,0
109212000,0
109214000,0
109216000,0
109218000,0
109220000,0
109222000,0
109224000,0
109226000,0
109228000,0
109230001,0
109232000,0
109234001,0
109236000,0
109238000,0
109240000,0
109242000,0
109244000,0
109246000,0
109248000,0
109250001,0
109252001,0
109254000,0
109256000,0
109258000,0
109260001,0
109262000,0
109264000,0
109266000,0
109268001,0
109270001,0
109272000,0
109274000,0
109276000,0
109278000,0
109280000,0
109282000,0
109284000,0
109286000,0
109288000,0
109290000,0
109292001,0
109294000,0
109296000,0
109298000,0
109300000,0
109302001,0
109304000,0
109306000,0
109308000,0
109310000,0
109312000,0
109314000,0
109316000,0
109318000,0
109320000,0
109322000,0
109324000,0
109326000,0
109328000,0
109330000,0
109332000,0
109334001,0
109336000,0
109338000,0
109340000,0
109342000,0
109344000,0
109346000,0
109348000,0
109350000,0
109352000,0
109354000,0
109356000,0
109358001,0
109360000,0
109362000,0
109364000,0
109366000,0
109368000,0
109370001,0
109372000,0
109374000,0
109376000,0
109378000,0
109380001,0
109382000,0
109384000,0
109386001,0
109388000,0
109390000,0
109392000,0
109394000,0
109396000,0
109398001,0
109400000,0
109402000,0
109404000,0
109406000,0
109408000,0
109410000,0
109412000,0
109414000,0
109416000,0
109418000,0
109420000,0
109422000,0
109424000,0
109426000,0
109428000,0
109430000,0
109432000,0
109434000,0
109436000,0
109438001,0
109440000,0
109442000,0
109444000,0
109446000,0
109448000,0
109450000,0
109452000,0
109454000,0
109456000,0
109458000,0
109460000,0
109462000,0
109464001,0
109466000,0
109468000,0
109470000,0
109472000,0
109474000,0
109476000,0
109478000,0
109480000,0
109482000,0
109484000,0
109486001,0
109488000,0
109490000,0
109492000,0
109494000,0
109496000,0
109498000,0
109500000,0
109502001,0
109504000,0
109506000,0
109508000,0
109510000,0
109512001,0
109514000,0
109516000,0
109518000,0
109520000,0
109522000,0
109524000,0
109526000,0
109528000,0
109530001,0
109532000,0
109534000,0
109536000,0
109538000,0
109540000,0
109542000,0
109544000,0
109546000,0
109548000,0
109550000,0
109552000,0
109554000,0
109556001,0
109558001,0
109560001,0
109562000,0
109564000,0
109566000,0
109568000,0
109570000,0
109572000,0
109574000,0
109576000,0
109578001,0
109580000,0
109582000,0
109584001,0
109586000,0
109588000,0
109590000,0
109592000,0
109594000,0
109596000,0
109598000,0
109600000,0
109602000,0
109604000,0
109606000,0
109608000,0
109610000,0
109612000,0
109614000,0
109616000,0
109618001,0
109620000,0
109622000,0
109624000,0
109626000,0
109628000,0
109630000,0
109632000,0
109634000,0
109636000,0
109638000,0
109640001,0
109642000,0
109644000,0
109646000,0
109648000,0
109650001,0
109652000,0
109654000,0
109656001,0
109658001,0
109660000,0
109662000,0
109664000,0
109666000,0
109668000,0
109670000,0
109672000,0
109674000,0
109676000,0
109678000,0
109680000,0
109682000,0
109684000,0
109686000,0
109688001,0
109690000,0
109692000,0
109694000,0
109696000,0
109698000,0
109700000,0
109702001,0
109704000,0
109706000,0
109708000,0
109710000,0
109712000,0
109714000,0
109716000,0
109718000,0
109720000,0
109722000,0
109724000,0
109726000,0
109728000,0
109730000,0
109732000,0
109734000,0
109736000,0
109738000,0
109740000,0
109742000,0
109744000,0
109746000,0
109748001,0
109750000,0
109752000,0
109754000,0
109756000,0
109758000,0
109760000,0
109762000,0
109764000,0
109766000,0
109768000,0
109770000,0
109772000,0
109774000,0
109776000,0
109778000,0
109780000,0
109782000,0
109784000,0
109786000,0
109788000,0
109790000,0
109792000,0
109794000,0
109796000,0
109798000,0
109800000,0
109802000,0
109804001,0
109806000,0
109808000,0
109810000,0
109812001,0
109814000,0
109816000,0
109818000,0
109820000,0
109822000,0
109824000,0
109826000,0
109828000,0
109830000,0
109832000,0
109834000,0
109836000,0
109838000,0
109840001,0
109842000,0
109844000,0
109846001,0
109848000,0
109850000,0
109852000,0
109854000,0
109856000,0
109858000,0
109860000,0
109862000,0
109864000,0
109866000,0
109868000,0
109870000,0
109872000,0
109874000,0
109876000,0
109878000,0
109880000,0
109882000,0
109884000,0
109886000,0
109888000,0
109890000,0
109892001,0
109894000,0
109896000,0
109898000,0
109900000,0
109902000,0
109904000,0
109906000,0
109908000,0
109910000,0
109912000,0
109914000,0
109916000,0
109918000,0
109920000,0
109922000,0
109924000,0
109926000,0
109928000,0
109930000,0
109932000,0
109934000,0
109936000,0
109938000,0
109940000,0
109942000,0
109944000,0
109946000,0
109948000,0
109950000,0
109952000,0
109954000,0
109956000,0
109958000,0
109960000,0
109962000,0
109964000,0
109966000,0
109968000,0
109970000,0
109972000,0
109974000,0
109976000,0
109978001,0
109980001,0
109982001,0
109984000,0
109986000,0
109988000,0
109990000,0
109992000,0
109994000,0
109996000,0
109998000,0
110000000,0
110002000,0
110004000,0
110006000,0
110008000,0
110010000,0
110012000,0
110014000,0
110016000,0
110018000,0
110020000,0
110022000,0
110024000,0
110026000,0
110028001,0
110030000,0
110032000,0
110034000,0
110036000,0
110038000,0
110040000,0
110042000,0
110044000,0
110046000,0
110048000,0
110050000,0
110052000,0
110054000,0
110056000,0
110058001,0
110060000,0
110062000,0
110064000,0
110066000,0
110068000,0
110070000,0
110072001,0
110074000,0
110076000,0
110078000,0
110080000,0
110082001,0
110084000,0
110086000,0
110088000,0
110090000,0
110092001,0
110094001,0
110096000,0
110098000,0
110100001,0
110102000,0
110104000,0
110106000,0
110108000,0
110110000,0
110112000,0
110114000,0
110116000,0
110118000,0
110120000,0
110122000,0
110124000,0
110126000,0
110128000,0
110130000,0
110132000,0
110134001,0
110136000,0
110138000,0
110140000,0
110142000,0
110144000,0
110146000,0
110148000,0
110150000,0
110152000,0
110154001,0
110156000,0
110158000,0
110160000,0
110162000,0
110164000,0
110166000,0
110168000,0
110170000,0
110172000,0
110174000,0
110176000,0
110178000,0
110180000,0
110182000,0
110184001,0
110186000,0
110188000,0
110190000,0
110192000,0
110194000,0
110196000,0
110198000,0
110200000,0
110202000,0
110204000,0
110206000,0
110208000,0
110210000,0
110212000,0
110214001,0
110216000,0
110218000,0
110220000,0
110222000,0
110224000,0
110226001,0
110228000,0
110230000,0
110232000,0
110234000,0
110236000,0
110238000,0
110240000,0
110242000,0
110244000,0
110246001,0
110248000,0
110250000,0
110252000,0
110254000,0
110256000,0
110258000,0
110260000,0
110262000,0
110264000,0
110266000,0
110268000,0
110270000,0
110272000,0
110274001,0
110276000,0
110278000,0
110280001,0
110282000,0
110284000,0
110286000,0
110288000,0
110290000,0
110292000,0
110294000,0
110296000,0
110298000,0
110300000,0
110302000,0
110304001,0
110306000,0
110308000,0
110310000,0
110312000,0
110314000,0
110316000,0
110318000,0
110320001,0
110322001,0
110324000,0
110326000,0
110328000,0
110330000,0
110332000,0
110334000,0
110336000,0
110338000,0
110340000,0
110342000,0
110344000,0
110346000,0
110348000,0
110350000,0
110352000,0
110354000,0
110356000,0
110358000,0
110360000,0
110362000,0
110364000,0
110366000,0
110368000,0
110370000,0
110372000,0
110374001,0
110376000,0
110378000,0
110380000,0
110382000,0
110384000,0
110386001,0
110388000,0
110390000,0
110392000,0
110394000,0
110396000,0
110398000,0
110400000,0
110402000,0
110404000,0
110406000,0
110408000,0
110410000,0
110412000,0
110414000,0
110416000,0
110418000,0
110420000,0
110422000,0
110424001,0
110426000,0
110428000,0
110430000,0
110432000,0
110434000,0
110436000,0
110438000,0
110440000,0
110442000,0
110444000,0
110446000,0
110448000,0
110450000,0
110452000,0
110454001,0
110456001,0
110458000,0
110460000,0
110462000,0
110464000,0
110466000,0
110468000,0
110470000,0
110472000,0
110474000,0
110476000,0
110478000,0
110480001,0
110482000,0
110484000,0
110486000,0
110488000,0
110490000,0
110492000,0
110494000,0
110496000,0
110498000,0
110500000,0
110502001,0
110504000,0
110506000,0
110508000,0
110510000,0
110512000,0
110514001,0
110516001,0
110518000,0
110520000,0
110522000,0
110524001,0
110526001,0
110528001,0
110530000,0
110532000,0
110534001,0
110536001,0
110538000,0
110540000,0
110542001,0
110544000,0
110546000,0
110548000,0
110550000,0
110552000,0
110554000,0
110556000,0
110558000,0
110560000,0
110562000,0
110564000,0
110566000,0
110568000,0
110570000,0
110572000,0
110574000,0
110576000,0
110578001,0
110580000,0
110582000,0
110584000,0
110586000,0
110588000,0
110590000,0
110592000,0
110594000,0
110596000,0
110598000,0
110600000,0
110602000,0
110604000,0
110606000,0
110608000,0
110610001,0
110612000,0
110614000,0
110616000,0
110618000,0
110620000,0
110622000,0
110624000,0
110626000,0
110628000,0
110630001,0
110632000,0
110634000,0
110636000,0
110638000,0
110640000,0
110642000,0
110644000,0
110646000,0
110648000,0
110650000,0
110652000,0
110654000,0
110656000,0
110658000,0
110660001,0
110662001,0
110664000,0
110666000,0
110668000,0
110670000,0
110672000,0
110674001,0
110676001,0
110678000,0
110680000,0
110682001,0
110684001,0
110686000,0
110688000,0
110690000,0
110692000,0
110694000,0
110696000,0
110698000,0
110700000,0
110702000,0
110704000,0
110706000,0
110708000,0
110710000,0
110712000,0
110714000,0
110716000,0
110718000,0
110720000,0
110722000,0
110724000,0
110726000,0
110728000,0
110730000,0
110732001,0
110734001,0
110736000,0
110738000,0
110740000,0
110742000,0
110744000,0
110746000,0
110748000,0
110750001,0
110752000,0
110754000,0
110756000,0
110758000,0
110760000,0
110762000,0
110764000,0
110766000,0
110768000,0
110770000,0
110772000,0
110774000,0
110776000,0
110778000,0
110780000,0
110782000,0
110784000,0
110786000,0
110788000,0
110790000,0
110792000,0
110794000,0
110796000,0
110798000,0
110800001,0
110802000,0
110804000,0
110806001,0
110808000,0
110810000,0
110812000,0
110814000,0
110816000,0
110818000,0
110820000,0
110822000,0
110824001,0
110826000,0
110828000,0
110830000,0
110832000,0
110834000,0
110836000,0
110838000,0
110840000,0
110842000,0
110844001,0
110846000,0
110848000,0
110850000,0
110852000,0
110854000,0
110856000,0
110858000,0
110860000,0
110862000,0
110864000,0
110866000,0
110868001,0
110870001,0
110872000,0
110874000,0
110876000,0
110878000,0
110880000,0
110882000,0
110884000,0
110886000,0
110888001,0
110890000,0
110892000,0
110894000,0
110896000,0
110898000,0
110900001,0
110902000,0
110904000,0
110906000,0
110908000,0
110910000,0
110912000,0
110914000,0
110916000,0
110918000,0
110920000,0
110922000,0
110924000,0
110926000,0
110928001,0
110930001,0
110932001,0
110934000,0
110936000,0
110938001,0
110940000,0
110942000,0
110944000,0
110946000,0
110948000,0
110950000,0
110952000,0
110954000,0
110956000,0
110958000,0
110960000,0
110962000,0
110964000,0
110966000,0
110968000,0
110970000,0
110972000,0
110974000,0
110976000,0
110978000,0
110980000,0
110982000,0
110984000,0
110986000,0
110988000,0
110990000,0
110992000,0
110994000,0
110996001,0
110998000,0
111000000,0
111002000,0
111004000,0
111006000,0
111008000,0
111010000,0
111012000,0
111014000,0
111016000,0
111018000,0
111020000,0
111022000,0
111024000,0
111026000,0
111028000,0
111030000,0
111032000,0
111034000,0
111036000,0
111038000,0
111040000,0
111042001,0
111044000,0
111046000,0
111048001,0
111050001,0
111052000,0
111054000,0
111056000,0
111058000,0
111060000,0
111062001,0
111064000,0
111066000,0
111068000,0
111070000,0
111072001,0
111074000,0
111076000,0
111078000,0
111080000,0
111082000,0
111084000,0
111086000,0
111088000,0
111090000,0
111092000,0
111094000,0
111096000,0
111098000,0
111100000,0
111102000,0
111104000,0
111106000,0
111108000,0
111110000,0
111112000,0
111114001,0
111116000,0
111118000,0
111120000,0
111122000,0
111124000,0
111126000,0
111128000,0
111130001,0
111132000,0
111134000,0
111136000,0
111138000,0
111140001,0
111142000,0
111144000,0
111146001,0
111148000,0
111150000,0
111152000,0
111154000,0
111156000,0
111158000,0
111160000,0
111162000,0
111164000,0
111166000,0
111168000,0
111170000,0
111172000,0
111174000,0
111176000,0
111178001,0
111180000,0
111182001,0
111184001,0
111186000,0
111188000,0
111190000,0
111192000,0
111194000,0
111196000,0
111198000,0
111200000,0
111202000,0
111204000,0
111206000,0
111208001,0
111210000,0
111212000,0
111214001,0
111216001,0
111218001,0
111220000,0
111222000,0
111224000,0
111226000,0
111228000,0
111230000,0
111232000,0
111234001,0
111236001,0
111238001,0
111240000,0
111242000,0
111244000,0
111246001,0
111248000,0
111250000,0
111252000,0
111254000,0
111256000,0
111258000,0
111260000,0
111262000,0
111264000,0
111266000,0
111268000,0
111270000,0
111272000,0
111274000,0
111276000,0
111278000,0
111280000,0
111282000,0
111284000,0
111286000,0
111288000,0
111290000,0
111292000,0
111294000,0
111296000,0
111298000,0
111300000,0
111302001,0
111304000,0
111306000,0
111308000,0
111310000,0
111312000,0
111314000,0
111316000,0
111318000,0
111320000,0
111322000,0
111324000,0
111326000,0
111328000,0
111330000,0
111332000,0
111334000,0
111336000,0
111338000,0
111340000,0
111342000,0
111344000,0
111346001,0
111348001,0
111350000,0
111352000,0
111354000,0
111356000,0
111358000,0
111360000,0
111362000,0
111364000,0
111366000,0
111368000,0
111370000,0
111372000,0
111374000,0
111376000,0
111378000,0
111380000,0
111382000,0
111384000,0
111386000,0
111388000,0
111390000,0
111392000,0
111394001,0
111396000,0
111398000,0
111400000,0
111402000,0
111404000,0
111406000,0
111408000,0
111410000,0
111412000,0
111414000,0
111416000,0
111418000,0
111420000,0
111422000,0
111424001,0
111426000,0
111428000,0
111430000,0
111432001,0
111434000,0
111436000,0
111438000,0
111440001,0
111442001,0
111444000,0
111446000,0
111448000,0
111450000,0
111452000,0
111454000,0
111456001,0
111458001,0
111460001,0
111462000,0
111464001,0
111466000,0
111468000,0
111470000,0
111472000,0
111474000,0
111476000,0
111478000,0
111480000,0
111482000,0
111484000,0
111486000,0
111488000,0
111490000,0
111492000,0
111494000,0
111496000,0
111498000,0
111500000,0
111502001,0
111504000,0
111506000,0
111508000,0
111510000,0
111512001,0
111514000,0
111516000,0
111518000,0
111520000,0
111522001,0
111524000,0
111526000,0
111528000,0
111530000,0
111532000,0
111534000,0
111536000,0
111538000,0
111540001,0
111542000,0
111544000,0
111546000,0
111548000,0
111550001,0
111552000,0
111554000,0
111556000,0
111558000,0
111560000,0
111562000,0
111564000,0
111566000,0
111568000,0
111570000,0
111572000,0
111574000,0
111576000,0
111578000,0
111580000,0
111582000,0
111584000,0
111586000,0
111588000,0
111590000,0
111592000,0
111594000,0
111596000,0
111598000,0
111600000,0
111602000,0
111604000,0
111606000,0
111608000,0
111610001,0
111612000,0
111614000,0
111616001,0
111618000,0
111620000,0
111622000,0
111624000,0
111626000,0
111628001,0
111630000,0
111632000,0
111634000,0
111636000,0
111638000,0
111640000,0
111642000,0
111644000,0
111646000,0
111648000,0
111650000,0
111652000,0
111654001,0
111656000,0
111658000,0
111660000,0
111662001,0
111664000,0
111666000,0
111668000,0
111670000,0
111672000,0
111674000,0
111676000,0
111678001,0
111680001,0
111682000,0
111684000,0
111686000,0
111688000,0
111690000,0
111692000,0
111694001,0
111696000,0
111698000,0
111700000,0
111702000,0
111704000,0
111706000,0
111708000,0
111710000,0
111712000,0
111714000,0
111716000,0
111718000,0
111720000,0
111722000,0
111724000,0
111726001,0
111728001,0
111730000,0
111732000,0
111734000,0
111736000,0
111738000,0
111740000,0
111742000,0
111744000,0
111746000,0
111748000,0
111750000,0
111752000,0
111754000,0
111756001,0
111758000,0
111760000,0
111762000,0
111764000,0
111766000,0
111768000,0
111770000,0
111772000,0
111774000,0
111776000,0
111778000,0
111780000,0
111782000,0
111784000,0
111786000,0
111788000,0
111790000,0
111792000,0
111794000,0
111796000,0
111798000,0
111800000,0
111802000,0
111804000,0
111806001,0
111808000,0
111810000,0
111812000,0
111814000,0
111816000,0
111818000,0
111820000,0
111822000,0
111824000,0
111826000,0
111828000,0
111830000,0
111832000,0
111834000,0
111836000,0
111838000,0
111840000,0
111842000,0
111844000,0
111846001,0
111848000,0
111850000,0
111852000,0
111854000,0
111856000,0
111858000,0
111860000,0
111862000,0
111864001,0
111866000,0
111868000,0
111870001,0
111872000,0
111874000,0
111876001,0
111878000,0
111880000,0
111882000,0
111884000,0
111886001,0
111888000,0
111890000,0
111892000,0
111894000,0
111896000,0
111898000,0
111900000,0
111902001,0
111904000,0
111906000,0
111908000,0
111910000,0
111912000,0
111914000,0
111916000,0
111918000,0
111920000,0
111922000,0
111924000,0
111926000,0
111928000,0
111930000,0
111932000,0
111934001,0
111936000,0
111938000,0
111940000,0
111942000,0
111944000,0
111946000,0
111948000,0
111950000,0
111952000,0
111954000,0
111956000,0
111958000,0
111960000,0
111962000,0
111964000,0
111966000,0
111968000,0
111970000,0
111972000,0
111974000,0
111976000,0
111978001,0
111980000,0
111982000,0
111984000,0
111986000,0
111988000,0
111990000,0
111992000,0
111994000,0
111996000,0
111998000,0
112000000,0
112002000,0
112004000,0
112006000,0
112008000,0
112010000,0
112012000,0
112014000,0
112016001,0
112018001,0
112020000,0
112022000,0
112024000,0
112026000,0
112028000,0
112030000,0
112032000,0
112034000,0
112036000,0
112038000,0
112040000,0
112042000,0
112044000,0
112046000,0
112048000,0
112050000,0
112052001,0
112054000,0
112056000,0
112058000,0
112060000,0
112062000,0
112064000,0
112066000,0
112068000,0
112070000,0
112072000,0
112074000,0
112076000,0
112078000,0
112080000,0
112082000,0
112084000,0
112086000,0
112088000,0
112090001,0
112092000,0
112094000,0
112096000,0
112098000,0
112100000,0
112102000,0
112104001,0
112106000,0
112108000,0
112110000,0
112112000,0
112114000,0
112116000,0
112118000,0
112120001,0
112122000,0
112124000,0
112126000,0
112128000,0
112130000,0
112132000,0
112134000,0
112136000,0
112138000,0
112140000,0
112142000,0
112144000,0
112146000,0
112148000,0
112150000,0
112152000,0
112154000,0
112156000,0
112158000,0
112160000,0
112162000,0
112164000,0
112166000,0
112168001,0
112170001,0
112172001,0
112174000,0
112176000,0
112178000,0
112180000,0
112182000,0
112184000,0
112186000,0
112188000,0
112190000,0
112192000,0
112194000,0
112196000,0
112198000,0
112200000,0
112202000,0
112204000,0
112206000,0
112208000,0
112210000,0
112212001,0
112214001,0
112216000,0
112218000,0
112220000,0
112222000,0
112224000,0
112226000,0
112228000,0
112230000,0
112232000,0
112234000,0
112236000,0
112238000,0
112240001,0
112242000,0
112244000,0
112246000,0
112248000,0
112250000,0
112252000,0
112254000,0
112256001,0
112258000,0
112260000,0
112262000,0
112264000,0
112266000,0
112268000,0
112270000,0
112272000,0
112274000,0
112276000,0
112278000,0
112280000,0
112282000,0
112284000,0
112286000,0
112288000,0
112290000,0
112292000,0
112294000,0
112296000,0
112298000,0
112300000,0
112302000,0
112304000,0
112306000,0
112308000,0
112310000,0
112312000,0
112314000,0
112316000,0
112318000,0
112320000,0
112322001,0
112324000,0
112326000,0
112328000,0
112330000,0
112332000,0
112334000,0
112336000,0
112338000,0
112340000,0
112342001,0
112344001,0
112346000,0
112348000,0
112350000,0
112352000,0
112354001,0
112356000,0
112358000,0
112360000,0
112362000,0
112364000,0
112366000,0
112368001,0
112370000,0
112372000,0
112374000,0
112376000,0
112378000,0
112380000,0
112382000,0
112384000,0
112386001,0
112388000,0
112390000,0
112392000,0
112394000,0
112396000,0
112398000,0
112400001,0
112402000,0
112404000,0
112406000,0
112408001,0
112410000,0
112412000,0
112414000,0
112416001,0
112418000,0
112420000,0
112422000,0
112424000,0
112426000,0
112428000,0
112430001,0
112432001,0
112434000,0
112436000,0
112438000,0
112440000,0
112442000,0
112444000,0
112446000,0
112448000,0
112450000,0
112452000,0
112454000,0
112456000,0
112458000,0
112460000,0
112462000,0
112464000,0
112466001,0
112468001,0
112470000,0
112472000,0
112474000,0
112476000,0
112478000,0
112480000,0
112482000,0
112484000,0
112486000,0
112488000,0
112490001,0
112492001,0
112494000,0
112496000,0
112498000,0
112500000,0
112502000,0
112504000,0
112506000,0
112508000,0
112510000,0
112512000,0
112514000,0
112516000,0
112518000,0
112520000,0
112522000,0
112524000,0
112526001,0
112528001,0
112530000,0
112532000,0
112534000,0
112536000,0
112538000,0
112540000,0
112542000,0
112544000,0
112546000,0
112548000,0
112550000,0
112552000,0
112554000,0
112556001,0
112558000,0
112560000,0
112562000,0
112564000,0
112566000,0
112568000,0
112570000,0
112572000,0
112574000,0
112576000,0
112578000,0
112580000,0
112582000,0
112584000,0
112586000,0
112588000,0
112590001,0
112592000,0
112594000,0
112596000,0
112598000,0
112600000,0
112602000,0
112604001,0
112606000,0
112608000,0
112610001,0
112612000,0
112614000,0
112616000,0
112618000,0
112620000,0
112622000,0
112624000,0
112626001,0
112628000,0
112630000,0
112632000,0
112634000,0
112636000,0
112638000,0
112640000,0
112642000,0
112644000,0
112646000,0
112648000,0
112650000,0
112652000,0
112654000,0
112656000,0
112658001,0
112660001,0
112662000,0
112664000,0
112666000,0
112668000,0
112670000,0
112672000,0
112674001,0
112676000,0
112678000,0
112680000,0
112682000,0
112684000,0
112686000,0
112688000,0
112690000,0
112692000,0
112694000,0
112696000,0
112698000,0
112700000,0
112702000,0
112704001,0
112706000,0
112708000,0
112710000,0
112712000,0
112714001,0
112716001,0
112718000,0
112720000,0
112722001,0
112724000,0
112726000,0
112728000,0
112730000,0
112732000,0
112734000,0
112736000,0
112738000,0
112740000,0
112742000,0
112744000,0
112746000,0
112748000,0
112750000,0
112752000,0
112754000,0
112756000,0
112758000,0
112760000,0
112762000,0
112764000,0
112766000,0
112768000,0
112770000,0
112772000,0
112774000,0
112776000,0
112778000,0
112780000,0
112782000,0
112784000,0
112786001,0
112788000,0
112790000,0
112792000,0
112794000,0
112796000,0
112798000,0
112800000,0
112802000,0
112804000,0
112806000,0
112808000,0
112810000,0
112812000,0
112814000,0
112816000,0
112818001,0
112820000,0
112822000,0
112824000,0
112826000,0
112828000,0
112830001,0
112832001,0
112834001,0
112836000,0
112838000,0
112840000,0
112842000,0
112844000,0
112846000,0
112848000,0
112850000,0
112852000,0
112854000,0
112856000,0
112858000,0
112860000,0
112862000,0
112864000,0
112866000,0
112868000,0
112870000,0
112872000,0
112874000,0
112876000,0
112878001,0
112880000,0
112882000,0
112884000,0
112886000,0
112888000,0
112890000,0
112892000,0
112894000,0
112896000,0
112898000,0
112900000,0
112902000,0
112904001,0
112906000,0
112908000,0
112910000,0
112912000,0
112914000,0
112916000,0
112918000,0
112920000,0
112922000,0
112924000,0
112926000,0
112928000,0
112930000,0
112932000,0
112934000,0
112936000,0
112938000,0
112940001,0
112942001,0
112944000,0
112946000,0
112948001,0
112950000,0
112952000,0
112954000,0
112956000,0
112958000,0
112960000,0
112962000,0
112964000,0
112966001,0
112968000,0
112970000,0
112972000,0
112974001,0
112976001,0
112978000,0
112980000,0
112982000,0
112984000,0
112986001,0
112988000,0
112990000,0
112992000,0
112994000,0
112996000,0
112998000,0
113000001,0
113002000,0
113004000,0
113006000,0
113008000,0
113010000,0
113012000,0
113014000,0
113016000,0
113018000,0
113020000,0
113022000,0
113024000,0
113026000,0
113028000,0
113030000,0
113032000,0
113034000,0
113036000,0
113038000,0
113040001,0
113042000,0
113044000,0
113046000,0
113048000,0
113050000,0
113052000,0
113054000,0
113056000,0
113058000,0
113060000,0
113062000,0
113064000,0
113066000,0
113068000,0
113070000,0
113072000,0
113074000,0
113076001,0
113078000,0
113080000,0
113082001,0
113084000,0
113086000,0
113088000,0
113090000,0
113092000,0
113094000,0
113096000,0
113098000,0
113100000,0
113102000,0
113104000,0
113106000,0
113108000,0
113110000,0
113112000,0
113114000,0
113116000,0
113118000,0
113120000,0
113122000,0
113124000,0
113126000,0
113128001,0
113130001,0
113132000,0
113134000,0
113136000,0
113138000,0
113140001,0
113142001,0
113144001,0
113146000,0
113148000,0
113150000,0
113152000,0
113154000,0
113156000,0
113158000,0
113160000,0
113162000,0
113164000,0
113166000,0
113168000,0
113170000,0
113172000,0
113174000,0
113176000,0
113178000,0
113180000,0
113182000,0
113184000,0
113186000,0
113188000,0
113190000,0
113192000,0
113194000,0
113196000,0
113198000,0
113200000,0
113202000,0
113204000,0
113206000,0
113208000,0
113210000,0
113212000,0
113214000,0
113216000,0
113218000,0
113220000,0
113222000,0
113224000,0
113226000,0
113228000,0
113230001,0
113232000,0
113234000,0
113236000,0
113238000,0
113240000,0
113242000,0
113244000,0
113246000,0
113248000,0
113250000,0
113252000,0
113254000,0
113256000,0
113258000,0
113260000,0
113262000,0
113264000,0
113266000,0
113268000,0
113270000,0
113272001,0
113274001,0
113276001,0
113278000,0
113280000,0
113282000,0
113284000,0
113286000,0
113288000,0
113290000,0
113292000,0
113294000,0
113296000,0
113298000,0
113300000,0
113302000,0
113304000,0
113306000,0
113308000,0
113310000,0
113312000,0
113314000,0
113316000,0
113318000,0
113320000,0
113322000,0
113324000,0
113326000,0
113328000,0
113330000,0
113332000,0
113334000,0
113336000,0
113338000,0
113340000,0
113342000,0
113344000,0
113346000,0
113348000,0
113350001,0
113352000,0
113354000,0
113356000,0
113358000,0
113360000,0
113362000,0
113364000,0
113366000,0
113368000,0
113370000,0
113372000,0
113374000,0
113376000,0
113378000,0
113380001,0
113382001,0
113384000,0
113386000,0
113388001,0
113390000,0
113392000,0
113394000,0
113396000,0
113398000,0
113400000,0
113402000,0
113404001,0
113406001,0
113408001,0
113410000,0
113412000,0
113414000,0
113416001,0
113418001,0
113420000,0
113422000,0
113424000,0
113426000,0
113428000,0
113430000,0
113432000,0
113434001,0
113436000,0
113438001,0
113440000,0
113442000,0
113444001,0
113446001,0
113448000,0
113450000,0
113452001,0
113454000,0
113456000,0
113458000,0
113460000,0
113462000,0
113464000,0
113466000,0
113468000,0
113470000,0
113472000,0
113474000,0
113476001,0
113478000,0
113480000,0
113482001,0
113484000,0
113486000,0
113488001,0
113490000,0
113492000,0
113494000,0
113496000,0
113498000,0
113500000,0
113502000,0
113504000,0
113506000,0
113508000,0
113510000,0
113512000,0
113514000,0
113516000,0
113518000,0
113520000,0
113522000,0
113524000,0
113526000,0
113528000,0
113530000,0
113532000,0
113534000,0
113536000,0
113538000,0
113540000,0
113542000,0
113544000,0
113546000,0
113548001,0
113550000,0
113552000,0
113554000,0
113556000,0
113558000,0
113560000,0
113562000,0
113564000,0
113566001,0
113568000,0
113570000,0
113572001,0
113574001,0
113576000,0
113578000,0
113580000,0
113582000,0
113584000,0
113586000,0
113588000,0
113590000,0
113592000,0
113594000,0
113596000,0
113598000,0
113600000,0
113602000,0
113604000,0
113606001,0
113608000,0
113610000,0
113612000,0
113614000,0
113616000,0
113618000,0
113620000,0
113622000,0
113624000,0
113626001,0
113628000,0
113630000,0
113632000,0
113634000,0
113636001,0
113638000,0
113640000,0
113642000,0
113644000,0
113646000,0
113648000,0
113650000,0
113652000,0
113654000,0
113656000,0
113658000,0
113660000,0
113662000,0
113664000,0
113666000,0
113668001,0
113670001,0
113672000,0
113674000,0
113676000,0
113678000,0
113680000,0
113682000,0
113684000,0
113686000,0
113688000,0
113690001,0
113692000,0
113694000,0
113696000,0
113698000,0
113700000,0
113702000,0
113704000,0
113706000,0
113708000,0
113710000,0
113712001,0
113714000,0
113716000,0
113718000,0
113720000,0
113722000,0
113724000,0
113726000,0
113728000,0
113730000,0
113732000,0
113734000,0
113736000,0
113738000,0
113740000,0
113742000,0
113744000,0
113746000,0
113748000,0
113750001,0
113752000,0
113754000,0
113756000,0
113758000,0
113760000,0
113762000,0
113764000,0
113766001,0
113768000,0
113770000,0
113772000,0
113774000,0
113776000,0
113778000,0
113780000,0
113782001,0
113784000,0
113786000,0
113788000,0
113790000,0
113792000,0
113794000,0
113796000,0
113798001,0
113800001,0
113802000,0
113804000,0
113806000,0
113808000,0
113810000,0
113812000,0
113814000,0
113816000,0
113818000,0
113820001,0
113822000,0
113824000,0
113826000,0
113828000,0
113830001,0
113832000,0
113834000,0
113836001,0
113838000,0
113840000,0
113842000,0
113844000,0
113846001,0
113848000,0
113850000,0
113852000,0
113854000,0
113856001,0
113858000,0
113860000,0
113862000,0
113864000,0
113866000,0
113868001,0
113870000,0
113872000,0
113874001,0
113876000,0
113878000,0
113880000,0
113882000,0
113884000,0
113886000,0
113888000,0
113890000,0
113892000,0
113894000,0
113896000,0
113898000,0
113900000,0
113902001,0
113904000,0
113906001,0
113908000,0
113910000,0
113912000,0
113914001,0
113916000,0
113918000,0
113920001,0
113922000,0
113924001,0
113926000,0
113928000,0
113930000,0
113932001,0
113934000,0
113936000,0
113938000,0
113940000,0
113942000,0
113944000,0
113946000,0
113948001,0
113950000,0
113952000,0
113954000,0
113956000,0
113958000,0
113960000,0
113962000,0
113964000,0
113966000,0
113968000,0
113970001,0
113972001,0
113974001,0
113976000,0
113978000,0
113980000,0
113982000,0
113984000,0
113986000,0
113988000,0
113990000,0
113992001,0
113994001,0
113996000,0
113998000,0
114000001,0
114002000,0
114004000,0
114006000,0
114008000,0
114010000,0
114012000,0
114014000,0
114016001,0
114018000,0
114020000,0
114022000,0
114024000,0
114026000,0
114028000,0
114030000,0
114032000,0
114034000,0
114036001,0
114038001,0
114040000,0
114042000,0
114044000,0
114046000,0
114048000,0
114050001,0
114052000,0
114054000,0
114056000,0
114058000,0
114060000,0
114062000,0
114064000,0
114066000,0
114068000,0
114070000,0
114072000,0
114074000,0
114076000,0
114078000,0
114080000,0
114082000,0
114084000,0
114086000,0
114088000,0
114090000,0
114092000,0
114094000,0
114096000,0
114098000,0
114100000,0
114102000,0
114104000,0
114106000,0
114108000,0
114110000,0
114112000,0
114114001,0
114116000,0
114118000,0
114120000,0
114122000,0
114124001,0
114126001,0
114128000,0
114130000,0
114132000,0
114134000,0
114136000,0
114138000,0
114140001,0
114142000,0
114144000,0
114146000,0
114148000,0
114150000,0
114152001,0
114154000,0
114156001,0
114158001,0
114160000,0
114162000,0
114164000,0
114166000,0
114168000,0
114170000,0
114172000,0
114174000,0
114176000,0
114178001,0
114180000,0
114182000,0
114184000,0
114186000,0
114188000,0
114190000,0
114192000,0
114194000,0
114196000,0
114198000,0
114200000,0
114202001,0
114204000,0
114206000,0
114208000,0
114210001,0
114212000,0
114214000,0
114216000,0
114218000,0
114220000,0
114222000,0
114224000,0
114226000,0
114228000,0
114230000,0
114232000,0
114234000,0
114236000,0
114238000,0
114240000,0
114242001,0
114244000,0
114246000,0
114248000,0
114250000,0
114252000,0
114254000,0
114256000,0
114258000,0
114260000,0
114262000,0
114264000,0
114266001,0
114268000,0
114270000,0
114272001,0
114274000,0
114276000,0
114278001,0
114280000,0
114282000,0
114284000,0
114286000,0
114288001,0
114290000,0
114292000,0
114294000,0
114296000,0
114298000,0
114300000,0
114302000,0
114304000,0
114306000,0
114308000,0
114310000,0
114312000,0
114314000,0
114316000,0
114318001,0
114320000,0
114322000,0
114324001,0
114326000,0
114328000,0
114330000,0
114332000,0
114334000,0
114336000,0
114338000,0
114340000,0
114342000,0
114344000,0
114346000,0
114348000,0
114350000,0
114352000,0
114354000,0
114356000,0
114358000,0
114360000,0
114362001,0
114364000,0
114366000,0
114368000,0
114370000,0
114372000,0
114374000,0
114376000,0
114378000,0
114380000,0
114382000,0
114384000,0
114386001,0
114388000,0
114390000,0
114392001,0
114394000,0
114396000,0
114398001,0
114400000,0
114402000,0
114404000,0
114406000,0
114408000,0
114410000,0
114412000,0
114414000,0
114416000,0
114418000,0
114420000,0
114422001,0
114424000,0
114426000,0
114428000,0
114430000,0
114432000,0
114434000,0
114436001,0
114438000,0
114440000,0
114442000,0
114444001,0
114446000,0
114448000,0
114450000,0
114452000,0
114454000,0
114456000,0
114458001,0
114460001,0
114462001,0
114464001,0
114466000,0
114468000,0
114470000,0
114472000,0
114474000,0
114476001,0
114478001,0
114480000,0
114482000,0
114484000,0
114486000,0
114488000,0
114490000,0
114492001,0
114494000,0
114496000,0
114498000,0
114500001,0
114502000,0
114504000,0
114506000,0
114508000,0
114510000,0
114512000,0
114514000,0
114516000,0
114518001,0
114520000,0
114522000,0
114524000,0
114526000,0
114528000,0
114530000,0
114532000,0
114534000,0
114536000,0
114538000,0
114540000,0
114542000,0
114544001,0
114546001,0
114548000,0
114550000,0
114552000,0
114554000,0
114556000,0
114558000,0
114560001,0
114562001,0
114564001,0
114566000,0
114568001,0
114570000,0
114572000,0
114574000,0
114576000,0
114578000,0
114580000,0
114582000,0
114584000,0
114586000,0
114588000,0
114590000,0
114592000,0
114594000,0
114596000,0
114598000,0
114600001,0
114602001,0
114604000,0
114606000,0
114608000,0
114610000,0
114612000,0
114614000,0
114616001,0
114618001,0
114620000,0
114622000,0
114624000,0
114626000,0
114628000,0
114630000,0
114632000,0
114634000,0
114636000,0
114638000,0
114640000,0
114642000,0
114644000,0
114646000,0
114648000,0
114650000,0
114652000,0
114654000,0
114656000,0
114658000,0
114660000,0
114662000,0
114664000,0
114666000,0
114668000,0
114670001,0
114672000,0
114674000,0
114676000,0
114678000,0
114680000,0
114682000,0
114684000,0
114686000,0
114688000,0
114690000,0
114692000,0
114694000,0
114696000,0
114698000,0
114700001,0
114702001,0
114704000,0
114706000,0
114708001,0
114710001,0
114712000,0
114714000,0
114716000,0
114718000,0
114720000,0
114722000,0
114724000,0
114726000,0
114728000,0
114730000,0
114732000,0
114734000,0
114736000,0
114738000,0
114740001,0
114742000,0
114744000,0
114746000,0
114748000,0
114750001,0
114752000,0
114754000,0
114756000,0
114758000,0
114760000,0
114762001,0
114764001,0
114766001,0
114768001,0
114770000,0
114772000,0
114774000,0
114776000,0
114778000,0
114780000,0
114782000,0
114784000,0
114786000,0
114788000,0
114790000,0
114792000,0
114794001,0
114796000,0
114798000,0
114800000,0
114802000,0
114804000,0
114806000,0
114808000,0
114810000,0
114812000,0
114814000,0
114816000,0
114818000,0
114820000,0
114822000,0
114824000,0
114826001,0
114828000,0
114830000,0
114832000,0
114834000,0
114836000,0
114838000,0
114840000,0
114842000,0
114844000,0
114846000,0
114848000,0
114850000,0
114852000,0
114854000,0
114856000,0
114858000,0
114860000,0
114862000,0
114864000,0
114866000,0
114868000,0
114870000,0
114872000,0
114874000,0
114876001,0
114878001,0
114880000,0
114882000,0
114884000,0
114886000,0
114888001,0
114890001,0
114892000,0
114894000,0
114896000,0
114898000,0
114900000,0
114902000,0
114904000,0
114906000,0
114908000,0
114910000,0
114912000,0
114914000,0
114916000,0
114918001,0
114920000,0
114922000,0
114924000,0
114926001,0
114928000,0
114930000,0
114932000,0
114934001,0
114936000,0
114938000,0
114940000,0
114942000,0
114944000,0
114946000,0
114948000,0
114950001,0
114952000,0
114954000,0
114956000,0
114958001,0
114960000,0
114962000,0
114964000,0
114966000,0
114968000,0
114970000,0
114972000,0
114974000,0
114976000,0
114978001,0
114980000,0
114982001,0
114984000,0
114986000,0
114988000,0
114990001,0
114992000,0
114994000,0
114996000,0
114998001,0
115000000,0
115002000,0
115004000,0
115006000,0
115008000,0
115010001,0
115012000,0
115014000,0
115016000,0
115018000,0
115020000,0
115022000,0
115024000,0
115026000,0
115028000,0
115030000,0
115032000,0
115034000,0
115036000,0
115038000,0
115040000,0
115042000,0
115044000,0
115046000,0
115048000,0
115050001,0
115052001,0
115054000,0
115056000,0
115058000,0
115060000,0
115062000,0
115064000,0
115066000,0
115068000,0
115070000,0
115072000,0
115074000,0
115076000,0
115078000,0
115080001,0
115082000,0
115084000,0
115086000,0
115088000,0
115090000,0
115092000,0
115094000,0
115096000,0
115098000,0
115100000,0
115102000,0
115104000,0
115106000,0
115108000,0
115110000,0
115112000,0
115114000,0
115116000,0
115118000,0
115120000,0
115122000,0
115124000,0
115126000,0
115128000,0
115130000,0
115132000,0
115134000,0
115136000,0
115138000,0
115140000,0
115142000,0
115144000,0
115146000,0
115148000,0
115150000,0
115152000,0
115154000,0
115156001,0
115158000,0
115160000,0
115162000,0
115164000,0
115166000,0
115168000,0
115170000,0
115172000,0
115174000,0
115176000,0
115178000,0
115180000,0
115182000,0
115184000,0
115186000,0
115188000,0
115190000,0
115192000,0
115194000,0
115196000,0
115198000,0
115200000,0
115202000,0
115204000,0
115206000,0
115208001,0
115210000,0
115212000,0
115214000,0
115216000,0
115218000,0
115220000,0
115222000,0
115224000,0
115226000,0
115228000,0
115230000,0
115232000,0
115234000,0
115236000,0
115238000,0
115240000,0
115242000,0
115244000,0
115246000,0
115248000,0
115250001,0
115252000,0
115254000,0
115256001,0
115258000,0
115260000,0
115262000,0
115264001,0
115266000,0
115268000,0
115270000,0
115272000,0
115274000,0
115276000,0
115278000,0
115280001,0
115282000,0
115284001,0
115286000,0
115288000,0
115290000,0
115292001,0
115294000,0
115296000,0
115298000,0
115300000,0
115302000,0
115304001,0
115306000,0
115308000,0
115310000,0
115312000,0
115314000,0
115316000,0
115318000,0
115320000,0
115322001,0
115324000,0
115326000,0
115328000,0
115330000,0
115332000,0
115334000,0
115336000,0
115338000,0
115340000,0
115342000,0
115344000,0
115346000,0
115348000,0
115350001,0
115352000,0
115354000,0
115356000,0
115358000,0
115360000,0
115362000,0
115364000,0
115366000,0
115368000,0
115370000,0
115372001,0
115374000,0
115376000,0
115378000,0
115380000,0
115382000,0
115384000,0
115386000,0
115388000,0
115390000,0
115392000,0
115394000,0
115396000,0
115398000,0
115400000,0
115402000,0
115404000,0
115406000,0
115408000,0
115410001,0
115412000,0
115414000,0
115416000,0
115418000,0
115420000,0
115422000,0
115424000,0
115426000,0
115428000,0
115430000,0
115432000,0
115434000,0
115436000,0
115438000,0
115440000,0
115442000,0
115444000,0
115446000,0
115448000,0
115450000,0
115452000,0
115454000,0
115456000,0
115458000,0
115460000,0
115462001,0
115464000,0
115466000,0
115468000,0
115470000,0
115472001,0
115474000,0
115476001,0
115478000,0
115480000,0
115482001,0
115484000,0
115486000,0
115488000,0
115490001,0
115492001,0
115494000,0
115496000,0
115498000,0
115500000,0
115502000,0
115504000,0
115506000,0
115508000,0
115510000,0
115512000,0
115514001,0
115516000,0
115518000,0
115520000,0
115522000,0
115524000,0
115526000,0
115528001,0
115530000,0
115532000,0
115534000,0
115536000,0
115538001,0
115540001,0
115542000,0
115544000,0
115546001,0
115548000,0
115550000,0
115552001,0
115554000,0
115556000,0
115558000,0
115560000,0
115562000,0
115564000,0
115566000,0
115568000,0
115570000,0
115572000,0
115574000,0
115576000,0
115578000,0
115580000,0
115582000,0
115584000,0
115586000,0
115588000,0
115590000,0
115592001,0
115594000,0
115596000,0
115598000,0
115600000,0
115602000,0
115604000,0
115606000,0
115608000,0
115610000,0
115612000,0
115614000,0
115616001,0
115618000,0
115620000,0
115622000,0
115624000,0
115626000,0
115628000,0
115630000,0
115632000,0
115634000,0
115636001,0
115638000,0
115640000,0
115642000,0
115644000,0
115646000,0
115648000,0
115650000,0
115652000,0
115654000,0
115656000,0
115658000,0
115660001,0
115662001,0
115664000,0
115666000,0
115668000,0
115670000,0
115672000,0
115674001,0
115676000,0
115678000,0
115680000,0
115682000,0
115684000,0
115686001,0
115688000,0
115690000,0
115692000,0
115694000,0
115696000,0
115698000,0
115700001,0
115702000,0
115704000,0
115706000,0
115708001,0
115710000,0
115712000,0
115714000,0
115716000,0
115718001,0
115720000,0
115722000,0
115724000,0
115726000,0
115728000,0
115730000,0
115732000,0
115734000,0
115736000,0
115738000,0
115740000,0
115742000,0
115744001,0
115746000,0
115748000,0
115750000,0
115752000,0
115754000,0
115756000,0
115758000,0
115760001,0
115762000,0
115764000,0
115766000,0
115768000,0
115770000,0
115772000,0
115774000,0
115776000,0
115778000,0
115780000,0
115782001,0
115784000,0
115786000,0
115788000,0
115790000,0
115792001,0
115794000,0
115796000,0
115798000,0
115800000,0
115802000,0
115804000,0
115806000,0
115808000,0
115810000,0
115812000,0
115814000,0
115816001,0
115818001,0
115820000,0
115822000,0
115824000,0
115826000,0
115828000,0
115830001,0
115832000,0
115834000,0
115836000,0
115838000,0
115840000,0
115842000,0
115844001,0
115846000,0
115848001,0
115850001,0
115852000,0
115854000,0
115856001,0
115858000,0
115860000,0
115862000,0
115864000,0
115866000,0
115868000,0
115870000,0
115872000,0
115874000,0
115876000,0
115878000,0
115880000,0
115882000,0
115884000,0
115886000,0
115888000,0
115890000,0
115892000,0
115894000,0
115896000,0
115898000,0
115900000,0
115902000,0
115904000,0
115906000,0
115908000,0
115910000,0
115912001,0
115914000,0
115916000,0
115918000,0
115920000,0
115922000,0
115924000,0
115926000,0
115928000,0
115930000,0
115932000,0
115934000,0
115936000,0
115938000,0
115940000,0
115942000,0
115944000,0
115946000,0
115948000,0
115950001,0
115952000,0
115954000,0
115956000,0
115958000,0
115960000,0
115962000,0
115964000,0
115966000,0
115968000,0
115970000,0
115972000,0
115974000,0
115976000,0
115978000,0
115980000,0
115982000,0
115984000,0
115986000,0
115988000,0
115990000,0
115992000,0
115994000,0
115996000,0
115998000,0
116000000,0
116002000,0
116004000,0
116006000,0
116008000,0
116010000,0
116012000,0
116014000,0
116016001,0
116018000,0
116020000,0
116022000,0
116024001,0
116026000,0
116028000,0
116030000,0
116032000,0
116034000,0
116036000,0
116038000,0
116040000,0
116042000,0
116044000,0
116046001,0
116048000,0
116050000,0
116052000,0
116054000,0
116056001,0
116058000,0
116060000,0
116062000,0
116064000,0
116066001,0
116068000,0
116070000,0
116072000,0
116074000,0
116076000,0
116078001,0
116080000,0
116082000,0
116084000,0
116086000,0
116088000,0
116090000,0
116092001,0
116094000,0
116096000,0
116098000,0
116100000,0
116102000,0
116104001,0
116106000,0
116108000,0
116110000,0
116112000,0
116114000,0
116116000,0
116118000,0
116120000,0
116122000,0
116124000,0
116126000,0
116128000,0
116130000,0
116132000,0
116134000,0
116136000,0
116138001,0
116140000,0
116142000,0
116144000,0
116146000,0
116148000,0
116150000,0
116152001,0
116154000,0
116156000,0
116158000,0
116160000,0
116162000,0
116164000,0
116166000,0
116168000,0
116170000,0
116172000,0
116174000,0
116176000,0
116178000,0
116180000,0
116182000,0
116184000,0
116186000,0
116188000,0
116190000,0
116192000,0
116194000,0
116196000,0
116198000,0
116200000,0
116202000,0
116204000,0
116206000,0
116208000,0
116210000,0
116212000,0
116214000,0
116216000,0
116218000,0
116220000,0
116222000,0
116224001,0
116226000,0
116228000,0
116230000,0
116232000,0
116234000,0
116236000,0
116238000,0
116240000,0
116242000,0
116244000,0
116246000,0
116248000,0
116250001,0
116252001,0
116254001,0
116256001,0
116258000,0
116260000,0
116262000,0
116264000,0
116266000,0
116268000,0
116270000,0
116272000,0
116274000,0
116276000,0
116278001,0
116280000,0
116282000,0
116284001,0
116286000,0
116288000,0
116290000,0
116292000,0
116294000,0
116296000,0
116298000,0
116300000,0
116302000,0
116304000,0
116306000,0
116308000,0
116310000,0
116312000,0
116314001,0
116316000,0
116318000,0
116320000,0
116322000,0
116324000,0
116326001,0
116328001,0
116330000,0
116332000,0
116334001,0
116336000,0
116338000,0
116340000,0
116342000,0
116344000,0
116346001,0
116348000,0
116350001,0
116352000,0
116354000,0
116356000,0
116358000,0
116360001,0
116362000,0
116364000,0
116366001,0
116368000,0
116370000,0
116372000,0
116374000,0
116376000,0
116378000,0
116380000,0
116382000,0
116384000,0
116386000,0
116388000,0
116390000,0
116392000,0
116394000,0
116396000,0
116398000,0
116400000,0
116402000,0
116404000,0
116406000,0
116408000,0
116410000,0
116412001,0
116414001,0
116416000,0
116418000,0
116420000,0
116422000,0
116424000,0
116426000,0
116428000,0
116430000,0
116432000,0
116434000,0
116436000,0
116438000,0
116440001,0
116442000,0
116444000,0
116446000,0
116448000,0
116450001,0
116452000,0
116454001,0
116456000,0
116458000,0
116460000,0
116462000,0
116464000,0
116466000,0
116468000,0
116470000,0
116472000,0
116474001,0
116476000,0
116478000,0
116480000,0
116482001,0
116484000,0
116486000,0
116488000,0
116490000,0
116492000,0
116494000,0
116496000,0
116498001,0
116500000,0
116502000,0
116504000,0
116506000,0
116508000,0
116510001,0
116512000,0
116514000,0
116516000,0
116518001,0
116520001,0
116522000,0
116524001,0
116526000,0
116528000,0
116530001,0
116532000,0
116534000,0
116536000,0
116538000,0
116540000,0
116542000,0
116544000,0
116546000,0
116548000,0
116550001,0
116552000,0
116554000,0
116556000,0
116558000,0
116560000,0
116562000,0
116564000,0
116566000,0
116568000,0
116570000,0
116572000,0
116574000,0
116576000,0
116578000,0
116580000,0
116582000,0
116584000,0
116586000,0
116588000,0
116590000,0
116592000,0
116594000,0
116596001,0
116598000,0
116600000,0
116602000,0
116604000,0
116606000,0
116608000,0
116610000,0
116612000,0
116614000,0
116616000,0
116618000,0
116620000,0
116622000,0
116624000,0
116626000,0
116628000,0
116630000,0
116632000,0
116634000,0
116636001,0
116638000,0
116640000,0
116642001,0
116644000,0
116646000,0
116648000,0
116650000,0
116652001,0
116654001,0
116656000,0
116658000,0
116660000,0
116662000,0
116664000,0
116666000,0
116668000,0
116670001,0
116672000,0
116674000,0
116676001,0
116678000,0
116680000,0
116682000,0
116684000,0
116686001,0
116688000,0
116690000,0
116692000,0
116694001,0
116696001,0
116698001,0
116700000,0
116702000,0
116704000,0
116706001,0
116708000,0
116710000,0
116712000,0
116714000,0
116716000,0
116718000,0
116720000,0
116722000,0
116724000,0
116726000,0
116728000,0
116730000,0
116732000,0
116734000,0
116736000,0
116738000,0
116740000,0
116742000,0
116744000,0
116746000,0
116748000,0
116750000,0
116752000,0
116754000,0
116756000,0
116758000,0
116760000,0
116762000,0
116764000,0
116766000,0
116768000,0
116770000,0
116772000,0
116774000,0
116776000,0
116778000,0
116780000,0
116782000,0
116784000,0
116786000,0
116788000,0
116790000,0
116792000,0
116794000,0
116796001,0
116798000,0
116800000,0
116802000,0
116804000,0
116806000,0
116808000,0
116810000,0
116812000,0
116814000,0
116816000,0
116818000,0
116820000,0
116822000,0
116824000,0
116826000,0
116828000,0
116830000,0
116832001,0
116834001,0
116836001,0
116838000,0
116840000,0
116842001,0
116844001,0
116846000,0
116848000,0
116850000,0
116852000,0
116854000,0
116856000,0
116858000,0
116860000,0
116862000,0
116864000,0
116866000,0
116868000,0
116870000,0
116872000,0
116874000,0
116876000,0
116878000,0
116880000,0
116882000,0
116884000,0
116886001,0
116888001,0
116890000,0
116892000,0
116894000,0
116896000,0
116898000,0
116900000,0
116902000,0
116904000,0
116906000,0
116908000,0
116910001,0
116912000,0
116914000,0
116916000,0
116918000,0
116920000,0
116922000,0
116924000,0
116926001,0
116928000,0
116930000,0
116932000,0
116934000,0
116936000,0
116938000,0
116940000,0
116942000,0
116944000,0
116946000,0
116948000,0
116950000,0
116952000,0
116954000,0
116956000,0
116958000,0
116960000,0
116962001,0
116964000,0
116966000,0
116968000,0
116970000,0
116972001,0
116974000,0
116976000,0
116978000,0
116980000,0
116982000,0
116984000,0
116986000,0
116988000,0
116990000,0
116992000,0
116994001,0
116996001,0
116998000,0
117000000,0
117002000,0
117004001,0
117006001,0
117008001,0
117010000,0
117012000,0
117014000,0
117016000,0
117018001,0
117020000,0
117022000,0
117024000,0
117026000,0
117028000,0
117030000,0
117032000,0
117034000,0
117036000,0
117038000,0
117040000,0
117042000,0
117044001,0
117046000,0
117048000,0
117050000,0
117052000,0
117054000,0
117056000,0
117058000,0
117060000,0
117062000,0
117064000,0
117066000,0
117068000,0
117070000,0
117072000,0
117074001,0
117076000,0
117078000,0
117080000,0
117082000,0
117084000,0
117086000,0
117088000,0
117090000,0
117092000,0
117094000,0
117096000,0
117098001,0
117100000,0
117102000,0
117104000,0
117106000,0
117108000,0
117110000,0
117112000,0
117114000,0
117116000,0
117118000,0
117120000,0
117122000,0
117124000,0
117126000,0
117128001,0
117130000,0
117132000,0
117134000,0
117136000,0
117138000,0
117140000,0
117142001,0
117144001,0
117146000,0
117148000,0
117150000,0
117152000,0
117154000,0
117156000,0
117158000,0
117160000,0
117162000,0
117164000,0
117166000,0
117168000,0
117170000,0
117172000,0
117174000,0
117176000,0
117178000,0
117180000,0
117182001,0
117184001,0
117186000,0
117188000,0
117190000,0
117192000,0
117194001,0
117196000,0
117198000,0
117200000,0
117202000,0
117204000,0
117206000,0
117208000,0
117210000,0
117212000,0
117214000,0
117216000,0
117218000,0
117220000,0
117222000,0
117224000,0
117226000,0
117228000,0
117230000,0
117232000,0
117234001,0
117236000,0
117238000,0
117240001,0
117242000,0
117244000,0
117246001,0
117248000,0
117250000,0
117252000,0
117254000,0
117256000,0
117258000,0
117260000,0
117262000,0
117264000,0
117266000,0
117268000,0
117270000,0
117272000,0
117274000,0
117276000,0
117278000,0
117280000,0
117282000,0
117284000,0
117286000,0
117288000,0
117290000,0
117292000,0
117294000,0
117296000,0
117298000,0
117300000,0
117302000,0
117304000,0
117306000,0
117308000,0
117310000,0
117312000,0
117314000,0
117316000,0
117318000,0
117320000,0
117322000,0
117324000,0
117326000,0
117328000,0
117330000,0
117332000,0
117334000,0
117336001,0
117338001,0
117340000,0
117342000,0
117344001,0
117346000,0
117348000,0
117350000,0
117352000,0
117354000,0
117356000,0
117358000,0
117360000,0
117362000,0
117364000,0
117366000,0
117368000,0
117370000,0
117372000,0
117374000,0
117376000,0
117378000,0
117380001,0
117382000,0
117384000,0
117386001,0
117388000,0
117390000,0
117392001,0
117394001,0
117396000,0
117398000,0
117400000,0
117402000,0
117404000,0
117406000,0
117408000,0
117410000,0
117412000,0
117414000,0
117416000,0
117418000,0
117420000,0
117422000,0
117424000,0
117426000,0
117428000,0
117430001,0
117432000,0
117434000,0
117436000,0
117438000,0
117440000,0
117442000,0
117444000,0
117446000,0
117448000,0
117450000,0
117452000,0
117454000,0
117456000,0
117458000,0
117460000,0
117462000,0
117464000,0
117466000,0
117468001,0
117470000,0
117472000,0
117474001,0
117476000,0
117478000,0
117480000,0
117482001,0
117484000,0
117486000,0
117488000,0
117490001,0
117492000,0
117494000,0
117496000,0
117498000,0
117500000,0
117502000,0
117504000,0
117506000,0
117508000,0
117510000,0
117512000,0
117514000,0
117516001,0
117518001,0
117520000,0
117522000,0
117524000,0
117526000,0
117528000,0
117530000,0
117532000,0
117534000,0
117536000,0
117538000,0
117540000,0
117542000,0
117544000,0
117546000,0
117548000,0
117550000,0
117552000,0
117554000,0
117556001,0
117558000,0
117560000,0
117562000,0
117564000,0
117566000,0
117568001,0
117570001,0
117572001,0
117574000,0
117576000,0
117578000,0
117580000,0
117582000,0
117584000,0
117586000,0
117588000,0
117590001,0
117592000,0
117594000,0
117596000,0
117598000,0
117600000,0
117602001,0
117604000,0
117606000,0
117608000,0
117610001,0
117612000,0
117614000,0
117616000,0
117618000,0
117620000,0
117622000,0
117624000,0
117626000,0
117628001,0
117630000,0
117632000,0
117634000,0
117636000,0
117638000,0
117640000,0
117642000,0
117644000,0
117646000,0
117648000,0
117650000,0
117652000,0
117654000,0
117656000,0
117658000,0
117660000,0
117662000,0
117664000,0
117666000,0
117668000,0
117670000,0
117672000,0
117674000,0
117676000,0
117678000,0
117680001,0
117682000,0
117684000,0
117686000,0
117688000,0
117690000,0
117692000,0
117694000,0
117696000,0
117698000,0
117700001,0
117702001,0
117704001,0
117706001,0
117708000,0
117710000,0
117712000,0
117714000,0
117716000,0
117718000,0
117720001,0
117722000,0
117724000,0
117726000,0
117728000,0
117730000,0
117732000,0
117734000,0
117736000,0
117738000,0
117740000,0
117742001,0
117744000,0
117746000,0
117748001,0
117750000,0
117752000,0
117754000,0
117756000,0
117758000,0
117760000,0
117762000,0
117764000,0
117766001,0
117768001,0
117770000,0
117772000,0
117774001,0
117776000,0
117778000,0
117780000,0
117782000,0
117784001,0
117786000,0
117788000,0
117790000,0
117792000,0
117794000,0
117796000,0
117798000,0
117800001,0
117802000,0
117804000,0
117806000,0
117808000,0
117810000,0
117812000,0
117814000,0
117816001,0
117818000,0
117820000,0
117822001,0
117824001,0
117826000,0
117828000,0
117830001,0
117832000,0
117834000,0
117836000,0
117838000,0
117840000,0
117842000,0
117844000,0
117846001,0
117848000,0
117850000,0
117852001,0
117854000,0
117856000,0
117858000,0
117860000,0
117862000,0
117864000,0
117866000,0
117868000,0
117870000,0
117872000,0
117874000,0
117876000,0
117878000,0
117880000,0
117882000,0
117884000,0
117886000,0
117888000,0
117890001,0
117892000,0
117894000,0
117896000,0
117898000,0
117900000,0
117902000,0
117904000,0
117906000,0
117908000,0
117910000,0
117912000,0
117914000,0
117916000,0
117918000,0
117920000,0
117922000,0
117924000,0
117926001,0
117928000,0
117930000,0
117932000,0
117934000,0
117936000,0
117938000,0
117940001,0
117942000,0
117944000,0
117946001,0
117948000,0
117950000,0
117952000,0
117954000,0
117956000,0
117958001,0
117960000,0
117962000,0
117964000,0
117966000,0
117968001,0
117970000,0
117972000,0
117974000,0
117976000,0
117978000,0
117980000,0
117982001,0
117984001,0
117986001,0
117988000,0
117990000,0
117992000,0
117994000,0
117996000,0
117998000,0
118000000,0
118002000,0
118004000,0
118006000,0
118008000,0
118010000,0
118012000,0
118014000,0
118016000,0
118018001,0
118020000,0
118022000,0
118024000,0
118026000,0
118028000,0
118030001,0
118032000,0
118034000,0
118036000,0
118038000,0
118040000,0
118042001,0
118044000,0
118046000,0
118048000,0
118050000,0
118052000,0
118054000,0
118056000,0
118058000,0
118060000,0
118062000,0
118064000,0
118066000,0
118068000,0
118070000,0
118072000,0
118074000,0
118076000,0
118078000,0
118080000,0
118082000,0
118084000,0
118086000,0
118088000,0
118090000,0
118092000,0
118094000,0
118096000,0
118098000,0
118100000,0
118102000,0
118104000,0
118106000,0
118108000,0
118110001,0
118112000,0
118114000,0
118116000,0
118118000,0
118120001,0
118122000,0
118124000,0
118126000,0
118128000,0
118130000,0
118132000,0
118134000,0
118136000,0
118138000,0
118140000,0
118142000,0
118144000,0
118146000,0
118148000,0
118150000,0
118152000,0
118154000,0
118156000,0
118158000,0
118160000,0
118162000,0
118164001,0
118166001,0
118168000,0
118170000,0
118172000,0
118174000,0
118176000,0
118178000,0
118180000,0
118182000,0
118184000,0
118186000,0
118188000,0
118190000,0
118192000,0
118194000,0
118196000,0
118198001,0
118200000,0
118202000,0
118204000,0
118206000,0
118208000,0
118210001,0
118212000,0
118214000,0
118216000,0
118218000,0
118220000,0
118222000,0
118224000,0
118226000,0
118228000,0
118230001,0
118232000,0
118234000,0
118236000,0
118238000,0
118240000,0
118242000,0
118244000,0
118246001,0
118248000,0
118250000,0
118252000,0
118254000,0
118256000,0
118258000,0
118260000,0
118262001,0
118264000,0
118266000,0
118268000,0
118270001,0
118272001,0
118274000,0
118276000,0
118278000,0
118280000,0
118282000,0
118284000,0
118286000,0
118288000,0
118290000,0
118292000,0
118294000,0
118296000,0
118298000,0
118300000,0
118302000,0
118304000,0
118306000,0
118308000,0
118310000,0
118312001,0
118314000,0
118316000,0
118318000,0
118320001,0
118322001,0
118324000,0
118326000,0
118328000,0
118330000,0
118332000,0
118334000,0
118336000,0
118338000,0
118340000,0
118342000,0
118344000,0
118346000,0
118348000,0
118350000,0
118352000,0
118354000,0
118356000,0
118358000,0
118360000,0
118362000,0
118364000,0
118366000,0
118368000,0
118370000,0
118372000,0
118374000,0
118376000,0
118378000,0
118380000,0
118382000,0
118384000,0
118386001,0
118388001,0
118390000,0
118392000,0
118394000,0
118396000,0
118398000,0
118400000,0
118402000,0
118404000,0
118406000,0
118408001,0
118410001,0
118412000,0
118414000,0
118416000,0
118418000,0
118420000,0
118422000,0
118424000,0
118426001,0
118428000,0
118430000,0
118432001,0
118434000,0
118436000,0
118438001,0
118440000,0
118442000,0
118444000,0
118446000,0
118448000,0
118450000,0
118452000,0
118454000,0
118456001,0
118458001,0
118460000,0
118462000,0
118464000,0
118466000,0
118468000,0
118470000,0
118472000,0
118474000,0
118476000,0
118478000,0
118480000,0
118482000,0
118484000,0
118486000,0
118488000,0
118490000,0
118492000,0
118494000,0
118496000,0
118498001,0
118500000,0
118502000,0
118504001,0
118506000,0
118508000,0
118510000,0
118512000,0
118514000,0
118516001,0
118518001,0
118520000,0
118522000,0
118524000,0
118526000,0
118528000,0
118530000,0
118532000,0
118534000,0
118536000,0
118538000,0
118540000,0
118542000,0
118544001,0
118546000,0
118548000,0
118550000,0
118552000,0
118554000,0
118556000,0
118558000,0
118560000,0
118562000,0
118564000,0
118566000,0
118568001,0
118570000,0
118572000,0
118574000,0
118576000,0
118578000,0
118580000,0
118582000,0
118584000,0
118586000,0
118588001,0
118590000,0
118592000,0
118594000,0
118596001,0
118598001,0
118600000,0
118602000,0
118604000,0
118606000,0
118608000,0
118610000,0
118612000,0
118614000,0
118616000,0
118618000,0
118620000,0
118622000,0
118624000,0
118626000,0
118628000,0
118630000,0
118632000,0
118634000,0
118636000,0
118638001,0
118640001,0
118642000,0
118644000,0
118646000,0
118648000,0
118650000,0
118652000,0
118654000,0
118656000,0
118658000,0
118660001,0
118662000,0
118664000,0
118666000,0
118668000,0
118670000,0
118672001,0
118674000,0
118676000,0
118678000,0
118680000,0
118682000,0
118684000,0
118686000,0
118688000,0
118690000,0
118692000,0
118694000,0
118696000,0
118698000,0
118700000,0
118702000,0
118704000,0
118706000,0
118708000,0
118710000,0
118712000,0
118714000,0
118716000,0
118718000,0
118720000,0
118722000,0
118724000,0
118726000,0
118728000,0
118730000,0
118732000,0
118734000,0
118736000,0
118738000,0
118740000,0
118742000,0
118744000,0
118746001,0
118748000,0
118750000,0
118752000,0
118754000,0
118756000,0
118758000,0
118760001,0
118762000,0
118764000,0
118766000,0
118768000,0
118770000,0
118772000,0
118774000,0
118776000,0
118778000,0
118780000,0
118782000,0
118784000,0
118786000,0
118788000,0
118790000,0
118792000,0
118794000,0
118796000,0
118798000,0
118800000,0
118802000,0
118804000,0
118806000,0
118808000,0
118810000,0
118812000,0
118814000,0
118816001,0
118818000,0
118820000,0
118822001,0
118824001,0
118826000,0
118828000,0
118830000,0
118832000,0
118834000,0
118836000,0
118838000,0
118840000,0
118842000,0
118844000,0
118846000,0
118848000,0
118850000,0
118852000,0
118854000,0
118856000,0
118858000,0
118860000,0
118862000,0
118864000,0
118866000,0
118868000,0
118870000,0
118872000,0
118874000,0
118876000,0
118878000,0
118880000,0
118882000,0
118884000,0
118886000,0
118888000,0
118890000,0
118892000,0
118894000,0
118896000,0
118898000,0
118900000,0
118902000,0
118904000,0
118906000,0
118908000,0
118910000,0
118912000,0
118914000,0
118916000,0
118918000,0
118920000,0
118922000,0
118924000,0
118926000,0
118928000,0
118930001,0
118932001,0
118934000,0
118936000,0
118938000,0
118940000,0
118942001,0
118944000,0
118946000,0
118948000,0
118950000,0
118952000,0
118954000,0
118956000,0
118958000,0
118960000,0
118962000,0
118964000,0
118966000,0
118968001,0
118970000,0
118972000,0
118974000,0
118976000,0
118978000,0
118980000,0
118982000,0
118984000,0
118986000,0
118988000,0
118990000,0
118992000,0
118994000,0
118996000,0
118998000,0
119000000,0
119002001,0
119004000,0
119006000,0
119008001,0
119010000,0
119012000,0
119014000,0
119016000,0
119018000,0
119020000,0
119022000,0
119024000,0
119026000,0
119028000,0
119030000,0
119032000,0
119034000,0
119036000,0
119038000,0
119040000,0
119042000,0
119044000,0
119046000,0
119048000,0
119050000,0
119052001,0
119054000,0
119056000,0
119058000,0
119060000,0
119062000,0
119064000,0
119066000,0
119068000,0
119070000,0
119072000,0
119074000,0
119076000,0
119078000,0
119080001,0
119082000,0
119084000,0
119086001,0
119088000,0
119090000,0
119092000,0
119094000,0
119096001,0
119098000,0
119100000,0
119102000,0
119104000,0
119106000,0
119108000,0
119110000,0
119112000,0
119114000,0
119116000,0
119118000,0
119120000,0
119122000,0
119124000,0
119126001,0
119128000,0
119130000,0
119132001,0
119134000,0
119136000,0
119138001,0
119140000,0
119142000,0
119144000,0
119146000,0
119148000,0
119150000,0
119152000,0
119154000,0
119156000,0
119158000,0
119160000,0
119162000,0
119164001,0
119166000,0
119168000,0
119170000,0
119172000,0
119174000,0
119176000,0
119178000,0
119180000,0
119182001,0
119184001,0
119186000,0
119188000,0
119190000,0
119192000,0
119194000,0
119196001,0
119198001,0
119200000,0
119202000,0
119204000,0
119206000,0
119208000,0
119210000,0
119212000,0
119214000,0
119216000,0
119218000,0
119220000,0
119222000,0
119224000,0
119226001,0
119228000,0
119230000,0
119232000,0
119234000,0
119236000,0
119238000,0
119240000,0
119242000,0
119244000,0
119246000,0
119248000,0
119250001,0
119252001,0
119254001,0
119256000,0
119258000,0
119260000,0
119262000,0
119264000,0
119266000,0
119268001,0
119270000,0
119272000,0
119274000,0
119276000,0
119278000,0
119280000,0
119282000,0
119284000,0
119286000,0
119288000,0
119290000,0
119292000,0
119294000,0
119296001,0
119298001,0
119300000,0
119302000,0
119304000,0
119306000,0
119308000,0
119310000,0
119312000,0
119314000,0
119316000,0
119318000,0
119320000,0
119322000,0
119324000,0
119326000,0
119328000,0
119330000,0
119332000,0
119334001,0
119336000,0
119338000,0
119340000,0
119342000,0
119344000,0
119346000,0
119348000,0
119350001,0
119352000,0
119354000,0
119356000,0
119358000,0
119360000,0
119362000,0
119364000,0
119366000,0
119368000,0
119370000,0
119372000,0
119374000,0
119376000,0
119378000,0
119380000,0
119382001,0
119384000,0
119386000,0
119388000,0
119390000,0
119392000,0
119394000,0
119396000,0
119398000,0
119400000,0
119402001,0
119404001,0
119406000,0
119408000,0
119410000,0
119412000,0
119414000,0
119416000,0
119418000,0
119420000,0
119422000,0
119424000,0
119426000,0
119428000,0
119430000,0
119432000,0
119434000,0
119436000,0
119438001,0
119440000,0
119442000,0
119444000,0
119446000,0
119448000,0
119450000,0
119452000,0
119454000,0
119456001,0
119458000,0
119460000,0
119462001,0
119464000,0
119466000,0
119468001,0
119470000,0
119472000,0
119474000,0
119476000,0
119478000,0
119480000,0
119482000,0
119484000,0
119486000,0
119488000,0
119490000,0
119492001,0
119494000,0
119496000,0
119498000,0
119500000,0
119502001,0
119504000,0
119506000,0
119508001,0
119510000,0
119512000,0
119514000,0
119516000,0
119518000,0
119520000,0
119522000,0
119524000,0
119526000,0
119528000,0
119530000,0
119532001,0
119534000,0
119536000,0
119538000,0
119540000,0
119542000,0
119544000,0
119546001,0
119548000,0
119550000,0
119552000,0
119554000,0
119556001,0
119558000,0
119560000,0
119562001,0
119564001,0
119566000,0
119568000,0
119570001,0
119572000,0
119574000,0
119576000,0
119578000,0
119580000,0
119582001,0
119584000,0
119586000,0
119588000,0
119590000,0
119592000,0
119594000,0
119596000,0
119598000,0
119600000,0
119602000,0
119604000,0
119606000,0
119608000,0
119610000,0
119612000,0
119614001,0
119616000,0
119618000,0
119620001,0
119622000,0
119624000,0
119626000,0
119628000,0
119630000,0
119632000,0
119634000,0
119636000,0
119638000,0
119640000,0
119642000,0
119644000,0
119646000,0
119648000,0
119650000,0
119652000,0
119654000,0
119656000,0
119658000,0
119660000,0
119662000,0
119664000,0
119666000,0
119668000,0
119670000,0
119672000,0
119674000,0
119676000,0
119678000,0
119680000,0
119682000,0
119684000,0
119686000,0
119688000,0
119690000,0
119692000,0
119694000,0
119696000,0
119698001,0
119700001,0
119702000,0
119704000,0
119706000,0
119708000,0
119710000,0
119712000,0
119714000,0
119716000,0
119718000,0
119720000,0
119722000,0
119724000,0
119726000,0
119728000,0
119730001,0
119732000,0
119734000,0
119736000,0
119738000,0
119740000,0
119742001,0
119744000,0
119746000,0
119748001,0
119750000,0
119752000,0
119754000,0
119756000,0
119758001,0
119760000,0
119762000,0
119764000,0
119766000,0
119768000,0
119770000,0
119772000,0
119774000,0
119776000,0
119778000,0
119780000,0
119782000,0
119784000,0
119786000,0
119788000,0
119790000,0
119792000,0
119794000,0
119796000,0
119798000,0
119800000,0
119802000,0
119804000,0
119806000,0
119808000,0
119810000,0
119812001,0
119814000,0
119816000,0
119818000,0
119820000,0
119822000,0
119824000,0
119826000,0
119828000,0
119830000,0
119832000,0
119834000,0
119836000,0
119838000,0
119840000,0
119842000,0
119844000,0
119846000,0
119848000,0
119850000,0
119852000,0
119854000,0
119856000,0
119858000,0
119860000,0
119862000,0
119864000,0
119866000,0
119868000,0
119870000,0
119872001,0
119874000,0
119876000,0
119878000,0
119880000,0
119882000,0
119884001,0
119886000,0
119888000,0
119890000,0
119892000,0
119894000,0
119896000,0
119898000,0
119900000,0
119902000,0
119904000,0
119906000,0
119908000,0
119910000,0
119912000,0
119914000,0
119916000,0
119918000,0
119920000,0
119922001,0
119924000,0
119926000,0
119928001,0
119930000,0
119932000,0
119934000,0
119936000,0
119938001,0
119940000,0
119942000,0
119944000,0
119946000,0
119948000,0
119950000,0
119952000,0
119954001,0
119956000,0
119958000,0
119960000,0
119962000,0
119964000,0
119966000,0
119968000,0
119970001,0
119972000,0
119974000,0
119976000,0
119978000,0
119980000,0
119982000,0
119984000,0
119986000,0
119988000,0
119990000,0
119992001,0
119994001,0
119996001,0
119998000,0
120000000,0
120002000,0
120004000,0
120006000,0
120008000,0
120010000,0
120012000,0
120014000,0
120016000,0
120018001,0
120020001,0
120022000,0
120024000,0
120026000,0
120028000,0
120030000,0
120032000,0
120034000,0
120036000,0
120038000,0
120040000,0
120042000,0
120044000,0
120046000,0
120048000,0
120050000,0
120052000,0
120054000,0
120056000,0
120058000,0
120060001,0
120062000,0
120064000,0
120066000,0
120068001,0
120070000,0
120072000,0
120074000,0
120076000,0
120078000,0
120080000,0
120082000,0
120084000,0
120086000,0
120088000,0
120090000,0
120092000,0
120094000,0
120096000,0
120098000,0
120100000,0
120102000,0
120104000,0
120106000,0
120108000,0
120110000,0
120112000,0
120114000,0
120116000,0
120118000,0
120120000,0
120122000,0
120124000,0
120126000,0
120128000,0
120130000,0
120132000,0
120134000,0
120136000,0
120138000,0
120140000,0
120142000,0
120144000,0
120146000,0
120148000,0
120150000,0
120152000,0
120154001,0
120156001,0
120158000,0
120160000,0
120162000,0
120164000,0
120166000,0
120168000,0
120170001,0
120172000,0
120174000,0
120176000,0
120178001,0
120180000,0
120182000,0
120184000,0
120186000,0
120188000,0
120190001,0
120192000,0
120194000,0
120196000,0
120198000,0
120200000,0
120202000,0
120204000,0
120206000,0
120208000,0
120210000,0
120212000,0
120214000,0
120216000,0
120218000,0
120220000,0
120222000,0
120224000,0
120226001,0
120228000,0
120230000,0
120232001,0
120234000,0
120236000,0
120238000,0
120240000,0
120242000,0
120244000,0
120246000,0
120248000,0
120250000,0
120252000,0
120254000,0
120256000,0
120258000,0
120260000,0
120262000,0
120264000,0
120266000,0
120268000,0
120270000,0
120272000,0
120274000,0
120276000,0
120278000,0
120280000,0
120282000,0
120284000,0
120286000,0
120288000,0
120290000,0
120292000,0
120294000,0
120296000,0
120298000,0
120300000,0
120302000,0
120304000,0
120306000,0
120308000,0
120310000,0
120312001,0
120314000,0
120316000,0
120318000,0
120320000,0
120322000,0
120324000,0
120326000,0
120328001,0
120330000,0
120332000,0
120334000,0
120336000,0
120338000,0
120340001,0
120342000,0
120344000,0
120346000,0
120348000,0
120350000,0
120352000,0
120354001,0
120356001,0
120358000,0
120360000,0
120362000,0
120364000,0
120366000,0
120368000,0
120370000,0
120372000,0
120374000,0
120376001,0
120378000,0
120380000,0
120382000,0
120384000,0
120386000,0
120388000,0
120390000,0
120392000,0
120394000,0
120396000,0
120398000,0
120400000,0
120402000,0
120404000,0
120406000,0
120408000,0
120410000,0
120412000,0
120414000,0
120416000,0
120418000,0
120420000,0
120422000,0
120424000,0
120426000,0
120428000,0
120430000,0
120432000,0
120434000,0
120436001,0
120438000,0
120440000,0
120442000,0
120444000,0
120446000,0
120448000,0
120450000,0
120452000,0
120454000,0
120456000,0
120458000,0
120460000,0
120462000,0
120464000,0
120466000,0
120468000,0
120470000,0
120472000,0
120474000,0
120476000,0
120478000,0
120480001,0
120482000,0
120484000,0
120486001,0
120488000,0
120490000,0
120492000,0
120494000,0
120496000,0
120498000,0
120500001,0
120502000,0
120504000,0
120506000,0
120508000,0
120510000,0
120512000,0
120514000,0
120516000,0
120518000,0
120520000,0
120522000,0
120524000,0
120526000,0
120528000,0
120530001,0
120532000,0
120534000,0
120536000,0
120538000,0
120540000,0
120542001,0
120544000,0
120546000,0
120548000,0
120550000,0
120552000,0
120554000,0
120556000,0
120558000,0
120560000,0
120562000,0
120564000,0
120566000,0
120568000,0
120570000,0
120572000,0
120574000,0
120576000,0
120578000,0
120580000,0
120582000,0
120584000,0
120586001,0
120588000,0
120590000,0
120592000,0
120594000,0
120596000,0
120598000,0
120600000,0
120602001,0
120604000,0
120606000,0
120608000,0
120610000,0
120612000,0
120614000,0
120616000,0
120618000,0
120620000,0
120622000,0
120624000,0
120626000,0
120628000,0
120630000,0
120632000,0
120634000,0
120636000,0
120638000,0
120640000,0
120642000,0
120644000,0
120646000,0
120648000,0
120650000,0
120652000,0
120654000,0
120656000,0
120658000,0
120660001,0
120662000,0
120664000,0
120666000,0
120668000,0
120670000,0
120672000,0
120674000,0
120676000,0
120678000,0
120680000,0
120682000,0
120684000,0
120686000,0
120688000,0
120690000,0
120692000,0
120694000,0
120696000,0
120698000,0
120700001,0
120702000,0
120704000,0
120706000,0
120708000,0
120710000,0
120712000,0
120714000,0
120716000,0
120718000,0
120720000,0
120722000,0
120724000,0
120726000,0
120728000,0
120730000,0
120732000,0
120734000,0
120736000,0
120738000,0
120740000,0
120742000,0
120744000,0
120746000,0
120748000,0
120750000,0
120752000,0
120754000,0
120756000,0
120758000,0
120760000,0
120762001,0
120764001,0
120766000,0
120768000,0
120770001,0
120772001,0
120774000,0
120776000,0
120778000,0
120780000,0
120782000,0
120784000,0
120786001,0
120788000,0
120790000,0
120792000,0
120794000,0
120796000,0
120798000,0
120800001,0
120802000,0
120804000,0
120806001,0
120808000,0
120810000,0
120812000,0
120814000,0
120816000,0
120818001,0
120820000,0
120822000,0
120824000,0
120826000,0
120828000,0
120830000,0
120832000,0
120834000,0
120836000,0
120838000,0
120840000,0
120842000,0
120844000,0
120846001,0
120848000,0
120850000,0
120852000,0
120854000,0
120856000,0
120858000,0
120860001,0
120862000,0
120864000,0
120866000,0
120868000,0
120870000,0
120872000,0
120874000,0
120876001,0
120878000,0
120880000,0
120882001,0
120884000,0
120886000,0
120888000,0
120890000,0
120892000,0
120894000,0
120896000,0
120898000,0
120900000,0
120902000,0
120904000,0
120906000,0
120908000,0
120910001,0
120912001,0
120914001,0
120916000,0
120918000,0
120920000,0
120922000,0
120924000,0
120926000,0
120928000,0
120930000,0
120932000,0
120934000,0
120936000,0
120938000,0
120940000,0
120942001,0
120944000,0
120946000,0
120948000,0
120950000,0
120952000,0
120954001,0
120956000,0
120958000,0
120960000,0
120962000,0
120964000,0
120966000,0
120968000,0
120970000,0
120972000,0
120974001,0
120976000,0
120978000,0
120980000,0
120982000,0
120984001,0
120986000,0
120988000,0
120990000,0
120992000,0
120994000,0
120996000,0
120998000,0
121000001,0
121002000,0
121004000,0
121006000,0
121008000,0
121010000,0
121012000,0
121014000,0
121016000,0
121018000,0
121020000,0
121022000,0
121024000,0
121026000,0
121028000,0
121030000,0
121032000,0
121034000,0
121036000,0
121038000,0
121040000,0
121042000,0
121044000,0
121046001,0
121048000,0
121050000,0
121052000,0
121054000,0
121056000,0
121058000,0
121060000,0
121062000,0
121064000,0
121066001,0
121068000,0
121070000,0
121072000,0
121074000,0
121076000,0
121078000,0
121080000,0
121082000,0
121084001,0
121086001,0
121088000,0
121090000,0
121092000,0
121094000,0
121096000,0
121098000,0
121100001,0
121102001,0
121104001,0
121106001,0
121108000,0
121110000,0
121112000,0
121114000,0
121116001,0
121118000,0
121120000,0
121122000,0
121124000,0
121126000,0
121128000,0
121130000,0
121132000,0
121134001,0
121136000,0
121138000,0
121140000,0
121142000,0
121144000,0
121146000,0
121148001,0
121150000,0
121152000,0
121154000,0
121156000,0
121158000,0
121160000,0
121162000,0
121164000,0
121166000,0
121168001,0
121170001,0
121172000,0
121174000,0
121176000,0
121178001,0
121180000,0
121182000,0
121184000,0
121186000,0
121188000,0
121190000,0
121192000,0
121194000,0
121196000,0
121198001,0
121200000,0
121202000,0
121204000,0
121206000,0
121208000,0
121210000,0
121212000,0
121214001,0
121216001,0
121218000,0
121220000,0
121222000,0
121224000,0
121226001,0
121228001,0
121230000,0
121232000,0
121234000,0
121236000,0
121238000,0
121240000,0
121242000,0
121244000,0
121246000,0
121248001,0
121250000,0
121252000,0
121254000,0
121256000,0
121258000,0
121260000,0
121262000,0
121264000,0
121266000,0
121268000,0
121270000,0
121272001,0
121274000,0
121276000,0
121278000,0
121280000,0
121282000,0
121284000,0
121286000,0
121288000,0
121290000,0
121292001,0
121294000,0
121296000,0
121298001,0
121300001,0
121302001,0
121304000,0
121306000,0
121308000,0
121310000,0
121312000,0
121314000,0
121316000,0
121318000,0
121320000,0
121322000,0
121324000,0
121326000,0
121328001,0
121330001,0
121332000,0
121334000,0
121336000,0
121338000,0
121340000,0
121342000,0
121344000,0
121346000,0
121348000,0
121350000,0
121352000,0
121354001,0
121356000,0
121358000,0
121360000,0
121362000,0
121364000,0
121366000,0
121368000,0
121370000,0
121372001,0
121374001,0
121376000,0
121378000,0
121380000,0
121382000,0
121384000,0
121386001,0
121388001,0
121390000,0
121392000,0
121394000,0
121396000,0
121398000,0
121400000,0
121402000,0
121404000,0
121406000,0
121408000,0
121410000,0
121412000,0
121414000,0
121416001,0
121418000,0
121420000,0
121422000,0
121424001,0
121426001,0
121428001,0
121430000,0
121432000,0
121434000,0
121436000,0
121438000,0
121440000,0
121442000,0
121444000,0
121446000,0
121448000,0
121450001,0
121452000,0
121454000,0
121456000,0
121458000,0
121460000,0
121462000,0
121464000,0
121466000,0
121468000,0
121470000,0
121472001,0
121474000,0
121476000,0
121478000,0
121480000,0
121482000,0
121484001,0
121486000,0
121488000,0
121490000,0
121492000,0
121494000,0
121496000,0
121498000,0
121500000,0
121502000,0
121504000,0
121506000,0
121508000,0
121510001,0
121512000,0
121514000,0
121516000,0
121518000,0
121520000,0
121522000,0
121524000,0
121526000,0
121528000,0
121530000,0
121532001,0
121534000,0
121536000,0
121538000,0
121540000,0
121542000,0
121544000,0
121546000,0
121548000,0
121550000,0
121552000,0
121554000,0
121556000,0
121558000,0
121560000,0
121562000,0
121564000,0
121566000,0
121568000,0
121570000,0
121572000,0
121574000,0
121576000,0
121578001,0
121580000,0
121582000,0
121584000,0
121586000,0
121588000,0
121590001,0
121592000,0
121594000,0
121596000,0
121598000,0
121600000,0
121602000,0
121604000,0
121606000,0
121608001,0
121610000,0
121612000,0
121614000,0
121616000,0
121618000,0
121620000,0
121622001,0
121624000,0
121626000,0
121628000,0
121630000,0
121632000,0
121634000,0
121636000,0
121638000,0
121640000,0
121642000,0
121644000,0
121646000,0
121648000,0
121650000,0
121652000,0
121654000,0
121656000,0
121658000,0
121660000,0
121662000,0
121664000,0
121666001,0
121668000,0
121670000,0
121672000,0
121674000,0
121676000,0
121678000,0
121680000,0
121682000,0
121684000,0
121686000,0
121688000,0
121690000,0
121692000,0
121694000,0
121696000,0
121698000,0
121700000,0
121702000,0
121704000,0
121706000,0
121708000,0
121710000,0
121712000,0
121714000,0
121716000,0
121718000,0
121720000,0
121722000,0
121724000,0
121726000,0
121728000,0
121730000,0
121732000,0
121734000,0
121736000,0
121738000,0
121740000,0
121742000,0
121744000,0
121746000,0
121748000,0
121750001,0
121752000,0
121754000,0
121756000,0
121758000,0
121760000,0
121762000,0
121764000,0
121766000,0
121768000,0
121770000,0
121772000,0
121774000,0
121776000,0
121778000,0
121780000,0
121782000,0
121784000,0
121786000,0
121788000,0
121790000,0
121792000,0
121794000,0
121796000,0
121798000,0
121800000,0
121802001,0
121804000,0
121806000,0
121808001,0
121810001,0
121812000,0
121814000,0
121816000,0
121818000,0
121820000,0
121822000,0
121824000,0
121826000,0
121828000,0
121830000,0
121832000,0
121834000,0
121836000,0
121838000,0
121840000,0
121842000,0
121844000,0
121846000,0
121848000,0
121850000,0
121852000,0
121854000,0
121856000,0
121858001,0
121860000,0
121862000,0
121864000,0
121866000,0
121868000,0
121870000,0
121872000,0
121874000,0
121876001,0
121878001,0
121880000,0
121882000,0
121884000,0
121886000,0
121888000,0
121890000,0
121892000,0
121894000,0
121896000,0
121898000,0
121900000,0
121902001,0
121904000,0
121906000,0
121908000,0
121910000,0
121912000,0
121914000,0
121916001,0
121918000,0
121920000,0
121922000,0
121924000,0
121926001,0
121928000,0
121930000,0
121932000,0
121934000,0
121936000,0
121938001,0
121940000,0
121942000,0
121944000,0
121946000,0
121948000,0
121950000,0
121952000,0
121954000,0
121956000,0
121958000,0
121960000,0
121962001,0
121964000,0
121966000,0
121968000,0
121970000,0
121972000,0
121974000,0
121976000,0
121978000,0
121980000,0
121982000,0
121984000,0
121986001,0
121988000,0
121990000,0
121992000,0
121994000,0
121996000,0
121998000,0
122000000,0
122002000,0
122004000,0
122006000,0
122008000,0
122010001,0
122012000,0
122014000,0
122016000,0
122018000,0
122020000,0
122022000,0
122024001,0
122026000,0
122028000,0
122030000,0
122032000,0
122034000,0
122036000,0
122038000,0
122040000,0
122042000,0
122044001,0
122046000,0
122048000,0
122050001,0
122052000,0
122054000,0
122056000,0
122058000,0
122060000,0
122062000,0
122064000,0
122066000,0
122068000,0
122070000,0
122072000,0
122074000,0
122076000,0
122078000,0
122080000,0
122082000,0
122084000,0
122086000,0
122088000,0
122090000,0
122092000,0
122094000,0
122096000,0
122098000,0
122100000,0
122102000,0
122104000,0
122106000,0
122108000,0
122110000,0
122112001,0
122114000,0
122116000,0
122118000,0
122120000,0
122122000,0
122124000,0
122126000,0
122128000,0
122130000,0
122132000,0
122134000,0
122136000,0
122138001,0
122140000,0
122142000,0
122144000,0
122146000,0
122148000,0
122150000,0
122152000,0
122154000,0
122156000,0
122158000,0
122160000,0
122162000,0
122164000,0
122166000,0
122168000,0
122170000,0
122172000,0
122174000,0
122176000,0
122178000,0
122180001,0
122182000,0
122184000,0
122186000,0
122188000,0
122190001,0
122192000,0
122194000,0
122196000,0
122198000,0
122200000,0
122202000,0
122204001,0
122206000,0
122208000,0
122210000,0
122212000,0
122214000,0
122216001,0
122218000,0
122220000,0
122222001,0
122224000,0
122226000,0
122228000,0
122230000,0
122232000,0
122234000,0
122236000,0
122238000,0
122240000,0
122242000,0
122244000,0
122246000,0
122248000,0
122250000,0
122252000,0
122254000,0
122256000,0
122258000,0
122260000,0
122262000,0
122264000,0
122266000,0
122268000,0
122270000,0
122272000,0
122274000,0
122276000,0
122278000,0
122280000,0
122282000,0
122284000,0
122286000,0
122288000,0
122290000,0
122292000,0
122294000,0
122296000,0
122298000,0
122300000,0
122302000,0
122304000,0
122306000,0
122308000,0
122310000,0
122312000,0
122314000,0
122316000,0
122318000,0
122320000,0
122322001,0
122324000,0
122326000,0
122328000,0
122330000,0
122332000,0
122334000,0
122336000,0
122338000,0
122340000,0
122342000,0
122344001,0
122346000,0
122348001,0
122350000,0
122352000,0
122354000,0
122356000,0
122358001,0
122360000,0
122362000,0
122364000,0
122366000,0
122368000,0
122370000,0
122372000,0
122374000,0
122376000,0
122378000,0
122380000,0
122382000,0
122384000,0
122386000,0
122388000,0
122390000,0
122392000,0
122394000,0
122396000,0
122398000,0
122400000,0
122402000,0
122404000,0
122406000,0
122408000,0
122410000,0
122412000,0
122414000,0
122416000,0
122418000,0
122420000,0
122422000,0
122424000,0
122426000,0
122428000,0
122430000,0
122432000,0
122434000,0
122436000,0
122438001,0
122440000,0
122442000,0
122444000,0
122446000,0
122448000,0
122450000,0
122452001,0
122454000,0
122456000,0
122458000,0
122460000,0
122462000,0
122464000,0
122466000,0
122468000,0
122470001,0
122472000,0
122474000,0
122476000,0
122478000,0
122480000,0
122482000,0
122484000,0
122486000,0
122488000,0
122490000,0
122492000,0
122494000,0
122496000,0
122498000,0
122500000,0
122502000,0
122504000,0
122506000,0
122508000,0
122510000,0
122512000,0
122514000,0
122516000,0
122518000,0
122520000,0
122522000,0
122524000,0
122526000,0
122528000,0
122530000,0
122532000,0
122534001,0
122536000,0
122538000,0
122540000,0
122542000,0
122544000,0
122546000,0
122548000,0
122550000,0
122552000,0
122554000,0
122556001,0
122558001,0
122560000,0
122562000,0
122564000,0
122566000,0
122568000,0
122570000,0
122572000,0
122574000,0
122576000,0
122578000,0
122580000,0
122582000,0
122584000,0
122586000,0
122588000,0
122590000,0
122592000,0
122594000,0
122596000,0
122598000,0
122600000,0
122602000,0
122604000,0
122606000,0
122608000,0
122610000,0
122612000,0
122614001,0
122616000,0
122618000,0
122620000,0
122622000,0
122624001,0
122626000,0
122628000,0
122630000,0
122632000,0
122634000,0
122636000,0
122638000,0
122640000,0
122642000,0
122644000,0
122646000,0
122648000,0
122650000,0
122652000,0
122654000,0
122656000,0
122658000,0
122660000,0
122662000,0
122664000,0
122666000,0
122668000,0
122670000,0
122672000,0
122674000,0
122676000,0
122678000,0
122680000,0
122682000,0
122684000,0
122686000,0
122688001,0
122690000,0
122692000,0
122694001,0
122696001,0
122698000,0
122700000,0
122702001,0
122704000,0
122706000,0
122708000,0
122710000,0
122712000,0
122714000,0
122716000,0
122718000,0
122720001,0
122722000,0
122724000,0
122726000,0
122728000,0
122730001,0
122732000,0
122734000,0
122736000,0
122738000,0
122740000,0
122742000,0
122744000,0
122746001,0
122748001,0
122750000,0
122752000,0
122754000,0
122756000,0
122758000,0
122760000,0
122762000,0
122764000,0
122766001,0
122768000,0
122770000,0
122772000,0
122774000,0
122776000,0
122778000,0
122780000,0
122782000,0
122784000,0
122786000,0
122788000,0
122790000,0
122792000,0
122794000,0
122796000,0
122798000,0
122800000,0
122802000,0
122804000,0
122806000,0
122808000,0
122810000,0
122812000,0
122814000,0
122816000,0
122818000,0
122820000,0
122822000,0
122824000,0
122826000,0
122828000,0
122830000,0
122832001,0
122834001,0
122836001,0
122838001,0
122840000,0
122842000,0
122844000,0
122846000,0
122848000,0
122850000,0
122852000,0
122854000,0
122856000,0
122858000,0
122860000,0
122862000,0
122864000,0
122866000,0
122868000,0
122870000,0
122872000,0
122874000,0
122876000,0
122878000,0
122880001,0
122882000,0
122884000,0
122886000,0
122888000,0
122890000,0
122892000,0
122894000,0
122896000,0
122898000,0
122900000,0
122902000,0
122904000,0
122906001,0
122908000,0
122910000,0
122912000,0
122914000,0
122916001,0
122918000,0
122920000,0
122922000,0
122924000,0
122926000,0
122928000,0
122930000,0
122932000,0
122934000,0
122936000,0
122938000,0
122940000,0
122942000,0
122944000,0
122946000,0
122948000,0
122950000,0
122952000,0
122954000,0
122956000,0
122958000,0
122960000,0
122962000,0
122964000,0
122966000,0
122968000,0
122970000,0
122972000,0
122974000,0
122976000,0
122978000,0
122980000,0
122982000,0
122984000,0
122986000,0
122988000,0
122990000,0
122992000,0
122994000,0
122996000,0
122998000,0
123000000,0
123002000,0
123004001,0
123006001,0
123008000,0
123010000,0
123012000,0
123014000,0
123016000,0
123018000,0
123020000,0
123022001,0
123024000,0
123026000,0
123028000,0
123030000,0
123032000,0
123034001,0
123036000,0
123038000,0
123040000,0
123042000,0
123044000,0
123046000,0
123048000,0
123050000,0
123052000,0
123054000,0
123056000,0
123058000,0
123060000,0
123062000,0
123064000,0
123066000,0
123068000,0
123070000,0
123072000,0
123074000,0
123076000,0
123078001,0
123080001,0
123082000,0
123084000,0
123086000,0
123088001,0
123090000,0
123092000,0
123094001,0
123096000,0
123098000,0
123100001,0
123102000,0
123104000,0
123106000,0
123108000,0
123110000,0
123112000,0
123114000,0
123116000,0
123118000,0
123120001,0
123122000,0
123124000,0
123126000,0
123128000,0
123130000,0
123132000,0
123134000,0
123136000,0
123138000,0
123140000,0
123142000,0
123144000,0
123146000,0
123148000,0
123150000,0
123152000,0
123154000,0
123156000,0
123158000,0
123160000,0
123162000,0
123164000,0
123166000,0
123168000,0
123170000,0
123172000,0
123174000,0
123176000,0
123178000,0
123180000,0
123182000,0
123184000,0
123186000,0
123188000,0
123190000,0
123192000,0
123194000,0
123196000,0
123198000,0
123200000,0
123202000,0
123204001,0
123206000,0
123208000,0
123210000,0
123212001,0
123214000,0
123216000,0
123218000,0
123220000,0
123222000,0
123224000,0
123226000,0
123228000,0
123230000,0
123232000,0
123234000,0
123236001,0
123238000,0
123240000,0
123242000,0
123244000,0
123246000,0
123248000,0
123250000,0
123252000,0
123254000,0
123256000,0
123258000,0
123260000,0
123262000,0
123264000,0
123266000,0
123268001,0
123270000,0
123272000,0
123274000,0
123276000,0
123278000,0
123280000,0
123282000,0
123284000,0
123286000,0
123288000,0
123290000,0
123292001,0
123294000,0
123296000,0
123298000,0
123300000,0
123302000,0
123304000,0
123306000,0
123308000,0
123310000,0
123312000,0
123314000,0
123316001,0
123318000,0
123320000,0
123322001,0
123324000,0
123326000,0
123328000,0
123330000,0
123332000,0
123334000,0
123336000,0
123338000,0
123340000,0
123342000,0
123344000,0
123346000,0
123348001,0
123350000,0
123352000,0
123354000,0
123356001,0
123358000,0
123360000,0
123362000,0
123364000,0
123366000,0
123368000,0
123370000,0
123372000,0
123374000,0
123376000,0
123378000,0
123380000,0
123382000,0
123384000,0
123386000,0
123388000,0
123390000,0
123392000,0
123394000,0
123396000,0
123398000,0
123400000,0
123402000,0
123404000,0
123406000,0
123408000,0
123410000,0
123412000,0
123414000,0
123416000,0
123418000,0
123420000,0
123422000,0
123424000,0
123426000,0
123428000,0
123430001,0
123432000,0
123434000,0
123436000,0
123438000,0
123440000,0
123442000,0
123444000,0
123446000,0
123448000,0
123450001,0
123452001,0
123454001,0
123456000,0
123458000,0
123460000,0
123462000,0
123464000,0
123466000,0
123468000,0
123470000,0
123472000,0
123474000,0
123476000,0
123478000,0
123480000,0
123482000,0
123484000,0
123486000,0
123488000,0
123490000,0
123492001,0
123494000,0
123496000,0
123498000,0
123500000,0
123502000,0
123504000,0
123506000,0
123508000,0
123510000,0
123512000,0
123514000,0
123516000,0
123518001,0
123520000,0
123522000,0
123524000,0
123526000,0
123528000,0
123530000,0
123532000,0
123534000,0
123536000,0
123538000,0
123540000,0
123542000,0
123544000,0
123546000,0
123548000,0
123550000,0
123552001,0
123554000,0
123556000,0
123558000,0
123560000,0
123562000,0
123564000,0
123566000,0
123568001,0
123570001,0
123572001,0
123574000,0
123576000,0
123578000,0
123580000,0
123582000,0
123584000,0
123586000,0
123588000,0
123590000,0
123592000,0
123594000,0
123596000,0
123598001,0
123600000,0
123602000,0
123604000,0
123606001,0
123608001,0
123610000,0
123612000,0
123614000,0
123616001,0
123618000,0
123620000,0
123622000,0
123624000,0
123626000,0
123628000,0
123630001,0
123632000,0
123634000,0
123636000,0
123638000,0
123640001,0
123642001,0
123644001,0
123646000,0
123648000,0
123650000,0
123652000,0
123654000,0
123656000,0
123658000,0
123660000,0
123662000,0
123664000,0
123666000,0
123668000,0
123670000,0
123672000,0
123674000,0
123676000,0
123678000,0
123680000,0
123682000,0
123684000,0
123686000,0
123688000,0
123690000,0
123692000,0
123694000,0
123696000,0
123698000,0
123700000,0
123702000,0
123704000,0
123706000,0
123708000,0
123710000,0
123712000,0
123714000,0
123716000,0
123718001,0
123720000,0
123722000,0
123724000,0
123726000,0
123728000,0
123730001,0
123732001,0
123734000,0
123736000,0
123738000,0
123740000,0
123742000,0
123744000,0
123746001,0
123748000,0
123750000,0
123752001,0
123754001,0
123756000,0
123758000,0
123760000,0
123762000,0
123764001,0
123766000,0
123768000,0
123770000,0
123772000,0
123774000,0
123776000,0
123778000,0
123780000,0
123782001,0
123784001,0
123786000,0
123788000,0
123790000,0
123792000,0
123794000,0
123796000,0
123798000,0
123800000,0
123802000,0
123804000,0
123806001,0
123808000,0
123810000,0
123812000,0
123814000,0
123816001,0
123818000,0
123820000,0
123822001,0
123824000,0
123826000,0
123828000,0
123830000,0
123832001,0
123834000,0
123836000,0
123838000,0
123840000,0
123842000,0
123844000,0
123846000,0
123848000,0
123850000,0
123852001,0
123854000,0
123856000,0
123858000,0
123860000,0
123862000,0
123864000,0
123866000,0
123868000,0
123870000,0
123872000,0
123874000,0
123876000,0
123878000,0
123880001,0
123882000,0
123884000,0
123886000,0
123888000,0
123890000,0
123892000,0
123894001,0
123896000,0
123898000,0
123900000,0
123902000,0
123904000,0
123906001,0
123908000,0
123910000,0
123912000,0
123914000,0
123916000,0
123918000,0
123920000,0
123922000,0
123924001,0
123926000,0
123928000,0
123930000,0
123932001,0
123934000,0
123936000,0
123938000,0
123940000,0
123942000,0
123944001,0
123946000,0
123948000,0
123950000,0
123952000,0
123954001,0
123956000,0
123958000,0
123960000,0
123962001,0
123964000,0
123966000,0
123968000,0
123970000,0
123972000,0
123974000,0
123976000,0
123978000,0
123980000,0
123982000,0
123984000,0
123986000,0
123988000,0
123990000,0
123992000,0
123994000,0
123996000,0
123998000,0
124000000,0
124002000,0
124004000,0
124006000,0
124008000,0
124010000,0
124012000,0
124014000,0
124016000,0
124018001,0
124020000,0
124022000,0
124024001,0
124026000,0
124028000,0
124030000,0
124032000,0
124034000,0
124036000,0
124038001,0
124040000,0
124042000,0
124044001,0
124046001,0
124048001,0
124050001,0
124052000,0
124054000,0
124056000,0
124058000,0
124060000,0
124062000,0
124064000,0
124066000,0
124068000,0
124070000,0
124072000,0
124074000,0
124076000,0
124078000,0
124080000,0
124082000,0
124084000,0
124086000,0
124088000,0
124090000,0
124092000,0
124094000,0
124096000,0
124098000,0
124100000,0
124102000,0
124104000,0
124106000,0
124108000,0
124110000,0
124112000,0
124114000,0
124116000,0
124118000,0
124120000,0
124122000,0
124124000,0
124126000,0
124128000,0
124130000,0
124132000,0
124134000,0
124136000,0
124138000,0
124140000,0
124142000,0
124144000,0
124146000,0
124148000,0
124150000,0
124152000,0
124154000,0
124156000,0
124158000,0
124160000,0
124162000,0
124164000,0
124166000,0
124168000,0
124170000,0
124172000,0
124174000,0
124176000,0
124178000,16
124180000,0
124182000,0
124184000,0
124186000,0
124188000,0
124190000,0
124192000,0
124194000,0
124196000,0
124198000,0
124200000,0
124202000,0
124204000,0
124206000,0
124208000,0
124210000,0
124212000,0
124214001,0
124216000,0
124218000,0
124220000,0
124222000,0
124224000,0
124226000,0
124228000,0
124230000,0
124232000,0
124234000,0
124236000,0
124238000,0
124240001,0
124242000,0
124244000,0
124246001,0
124248000,0
124250000,0
124252000,0
124254000,0
124256000,0
124258000,0
124260000,0
124262000,0
124264000,0
124266000,0
124268000,0
124270000,0
124272000,0
124274000,0
124276000,0
124278000,0
124280000,0
124282000,0
124284000,0
124286001,0
124288000,0
124290000,0
124292000,0
124294000,0
124296000,0
124298000,0
124300000,0
124302001,0
124304000,0
124306000,0
124308000,0
124310000,0
124312000,0
124314000,0
124316001,0
124318000,0
124320000,0
124322000,0
124324000,0
124326000,0
124328000,0
124330000,0
124332000,0
124334001,0
124336001,0
124338000,0
124340000,0
124342000,0
124344000,0
124346000,0
124348000,0
124350000,0
124352000,0
124354000,0
124356000,0
124358000,0
124360000,0
124362000,0
124364000,0
124366000,0
124368000,0
124370000,0
124372000,0
124374000,0
124376000,0
124378000,0
124380000,0
124382000,0
124384000,0
124386000,0
124388000,0
124390000,0
124392000,0
124394000,0
124396000,0
124398000,0
124400000,0
124402000,0
124404001,0
124406000,0
124408000,0
124410000,0
124412000,0
124414000,0
124416000,0
124418000,0
124420000,0
124422000,0
124424000,0
124426000,0
124428000,0
124430000,0
124432000,0
124434000,0
124436000,0
124438000,0
124440001,0
124442000,0
124444000,0
124446000,0
124448000,0
124450000,0
124452000,0
124454000,0
124456000,0
124458000,0
124460000,0
124462000,0
124464000,0
124466000,0
124468000,0
124470000,0
124472000,0
124474000,0
124476000,0
124478000,0
124480000,0
124482000,0
124484000,0
124486000,0
124488000,0
124490000,0
124492000,0
124494000,0
124496000,0
124498000,0
124500000,0
124502000,0
124504000,0
124506000,0
124508000,0
124510000,0
124512000,0
124514000,0
124516000,0
124518000,0
124520000,0
124522000,0
124524000,0
124526001,0
124528000,0
124530000,0
124532000,0
124534000,0
124536000,0
124538000,0
124540000,0
124542000,0
124544000,0
124546000,0
124548000,0
124550000,0
124552000,0
124554000,0
124556000,0
124558001,0
124560000,0
124562000,0
124564000,0
124566000,0
124568000,0
124570000,0
124572000,0
124574000,0
124576000,0
124578000,0
124580001,0
124582001,0
124584000,0
124586000,0
124588000,0
124590000,0
124592000,0
124594000,0
124596001,0
124598000,0
124600000,0
124602000,0
124604000,0
124606000,0
124608000,0
124610001,0
124612000,0
124614000,0
124616000,0
124618001,0
124620000,0
124622000,0
124624000,0
124626000,0
124628000,0
124630000,0
124632000,0
124634000,0
124636001,0
124638000,0
124640000,0
124642000,0
124644000,0
124646000,0
124648000,0
124650000,0
124652000,0
124654001,0
124656001,0
124658001,0
124660000,0
124662000,0
124664000,0
124666000,0
124668000,0
124670000,0
124672000,0
124674001,0
124676000,0
124678000,0
124680000,0
124682001,0
124684000,0
124686001,0
124688000,0
124690000,0
124692000,0
124694000,0
124696000,0
124698000,0
124700000,0
124702000,0
124704000,0
124706000,0
124708000,0
124710000,0
124712000,0
124714000,0
124716000,0
124718000,0
124720001,0
124722001,0
124724000,0
124726000,0
124728001,0
124730000,0
124732000,0
124734000,0
124736000,0
124738000,0
124740000,0
124742000,0
124744000,0
124746000,0
124748001,0
124750000,0
124752000,0
124754000,0
124756000,0
124758000,0
124760000,0
124762001,0
124764000,0
124766000,0
124768001,0
124770000,0
124772000,0
124774000,0
124776000,0
124778000,0
124780000,0
124782000,0
124784000,0
124786000,0
124788000,0
124790000,0
124792000,0
124794001,0
124796001,0
124798000,0
124800000,0
124802000,0
124804000,0
124806001,0
124808001,0
124810000,0
124812000,0
124814000,0
124816000,0
124818000,0
124820000,0
124822000,0
124824000,0
124826001,0
124828000,0
124830000,0
124832000,0
124834000,0
124836000,0
124838000,0
124840000,0
124842000,0
124844000,0
124846000,0
124848001,0
124850000,0
124852000,0
124854000,0
124856000,0
124858000,0
124860001,0
124862000,0
124864000,0
124866000,0
124868000,0
124870001,0
124872001,0
124874000,0
124876000,0
124878000,0
124880000,0
124882000,0
124884000,0
124886000,0
124888000,0
124890000,0
124892000,0
124894000,0
124896000,0
124898000,0
124900000,0
124902000,0
124904000,0
124906000,0
124908000,0
124910000,0
124912000,0
124914001,0
124916000,0
124918000,0
124920000,0
124922000,0
124924001,0
124926000,0
124928000,0
124930000,0
124932000,0
124934000,0
124936000,0
124938000,0
124940000,0
124942000,0
124944000,0
124946000,0
124948000,0
124950000,0
124952000,0
124954000,0
124956000,0
124958000,0
124960000,0
124962001,0
124964000,0
124966000,0
124968000,0
124970000,0
124972000,0
124974000,0
124976001,0
124978000,0
124980000,0
124982000,0
124984000,0
124986000,0
124988000,0
124990000,0
124992000,0
124994000,0
124996001,0
124998000,0
125000000,0
125002000,0
125004000,0
125006000,0
125008000,0
125010000,0
125012000,0
125014000,0
125016000,0
125018000,0
125020000,0
125022000,0
125024000,0
125026000,0
125028000,0
125030000,0
125032000,0
125034000,0
125036000,0
125038000,0
125040000,0
125042000,0
125044000,0
125046000,0
125048001,0
125050000,0
125052000,0
125054000,0
125056000,0
125058000,0
125060000,0
125062000,0
125064000,0
125066000,0
125068000,0
125070000,0
125072000,0
125074000,0
125076000,0
125078000,0
125080000,0
125082000,0
125084000,0
125086000,0
125088000,0
125090000,0
125092001,0
125094000,0
125096000,0
125098000,0
125100000,0
125102000,0
125104000,0
125106000,0
125108000,0
125110000,0
125112001,0
125114000,0
125116000,0
125118000,0
125120000,0
125122000,0
125124000,0
125126000,0
125128000,0
125130000,0
125132000,0
125134000,0
125136001,0
125138000,0
125140000,0
125142000,0
125144000,0
125146000,0
125148000,0
125150000,0
125152000,0
125154000,0
125156001,0
125158001,0
125160000,0
125162000,0
125164000,0
125166001,0
125168000,0
125170000,0
125172000,0
125174000,0
125176000,0
125178000,0
125180001,0
125182000,0
125184000,0
125186000,0
125188000,0
125190000,0
125192000,0
125194000,0
125196000,0
125198000,0
125200000,0
125202000,0
125204000,0
125206000,0
125208000,0
125210000,0
125212000,0
125214000,0
125216001,0
125218000,0
125220000,0
125222000,0
125224001,0
125226000,0
125228000,0
125230000,0
125232000,0
125234000,0
125236000,0
125238000,0
125240000,0
125242000,0
125244000,0
125246000,0
125248000,0
125250000,0
125252000,0
125254000,0
125256000,0
125258000,0
125260000,0
125262000,0
125264000,0
125266001,0
125268000,0
125270000,0
125272000,0
125274000,0
125276000,0
125278000,0
125280000,0
125282000,0
125284000,0
125286000,0
125288000,0
125290001,0
125292000,0
125294000,0
125296000,0
125298000,0
125300001,0
125302000,0
125304000,0
125306000,0
125308000,0
125310000,0
125312000,0
125314000,0
125316000,0
125318000,0
125320000,0
125322000,0
125324000,0
125326000,0
125328000,0
125330000,0
125332000,0
125334000,0
125336000,0
125338000,0
125340000,0
125342000,0
125344000,0
125346000,0
125348001,0
125350000,0
125352000,0
125354000,0
125356000,0
125358000,0
125360000,0
125362000,0
125364000,0
125366001,0
125368000,0
125370000,0
125372001,0
125374001,0
125376000,0
125378000,0
125380000,0
125382000,0
125384000,0
125386001,0
125388000,0
125390000,0
125392000,0
125394000,0
125396000,0
125398000,0
125400001,0
125402000,0
125404000,0
125406000,0
125408000,0
125410000,0
125412000,0
125414001,0
125416000,0
125418000,0
125420000,0
125422000,0
125424000,0
125426001,0
125428000,0
125430000,0
125432000,0
125434000,0
125436000,0
125438000,0
125440000,0
125442001,0
125444000,0
125446000,0
125448000,0
125450000,0
125452000,0
125454000,0
125456001,0
125458000,0
125460000,0
125462001,0
125464000,0
125466000,0
125468000,0
125470001,0
125472000,0
125474000,0
125476000,0
125478000,0
125480001,0
125482000,0
125484000,0
125486000,0
125488000,0
125490000,0
125492000,0
125494001,0
125496000,0
125498000,0
125500001,0
125502000,0
125504001,0
125506000,0
125508000,0
125510000,0
125512000,0
125514000,0
125516001,0
125518000,0
125520000,0
125522000,0
125524000,0
125526000,0
125528000,0
125530000,0
125532000,0
125534000,0
125536001,0
125538000,0
125540000,0
125542000,0
125544000,0
125546000,0
125548000,0
125550000,0
125552000,0
125554000,0
125556000,0
125558001,0
125560000,0
125562000,0
125564000,0
125566000,0
125568000,0
125570000,0
125572000,0
125574000,0
125576000,0
125578000,0
125580000,0
125582000,0
125584001,0
125586000,0
125588000,0
125590000,0
125592000,0
125594000,0
125596000,0
125598001,0
125600000,0
125602000,0
125604000,0
125606000,0
125608000,0
125610000,0
125612001,0
125614001,0
125616000,0
125618000,0
125620000,0
125622001,0
125624001,0
125626000,0
125628000,0
125630000,0
125632000,0
125634000,0
125636000,0
125638000,0
125640000,0
125642000,0
125644000,0
125646000,0
125648000,0
125650000,0
125652000,0
125654000,0
125656000,0
125658000,0
125660001,0
125662000,0
125664000,0
125666000,0
125668000,0
125670000,0
125672000,0
125674001,0
125676000,0
125678000,0
125680000,0
125682000,0
125684000,0
125686000,0
125688001,0
125690000,0
125692000,0
125694000,0
125696000,0
125698000,0
125700001,0
125702001,0
125704000,0
125706000,0
125708000,0
125710000,0
125712000,0
125714000,0
125716000,0
125718000,0
125720000,0
125722000,0
125724000,0
125726000,0
125728000,0
125730000,0
125732000,0
125734000,0
125736000,0
125738000,0
125740000,0
125742000,0
125744000,0
125746000,0
125748000,0
125750000,0
125752000,0
125754000,0
125756001,0
125758000,0
125760000,0
125762000,0
125764000,0
125766000,0
125768000,0
125770001,0
125772000,0
125774000,0
125776000,0
125778000,0
125780000,0
125782000,0
125784000,0
125786000,0
125788000,0
125790000,0
125792000,0
125794001,0
125796000,0
125798000,0
125800000,0
125802000,0
125804000,0
125806000,0
125808000,0
125810000,0
125812000,0
125814000,0
125816000,0
125818000,0
125820000,0
125822000,0
125824000,0
125826000,0
125828000,0
125830000,0
125832000,0
125834000,0
125836000,0
125838000,0
125840000,0
125842000,0
125844000,0
125846000,0
125848000,0
125850000,0
125852000,0
125854001,0
125856000,0
125858000,0
125860000,0
125862000,0
125864000,0
125866000,0
125868000,0
125870000,0
125872000,0
125874000,0
125876001,0
125878001,0
125880000,0
125882000,0
125884000,0
125886001,0
125888000,0
125890000,0
125892000,0
125894000,0
125896000,0
125898000,0
125900000,0
125902001,0
125904000,0
125906000,0
125908000,0
125910000,0
125912000,0
125914000,0
125916000,0
125918000,0
125920000,0
125922000,0
125924000,0
125926000,0
125928000,0
125930000,0
125932000,0
125934000,0
125936000,0
125938000,0
125940000,0
125942001,0
125944000,0
125946000,0
125948000,0
125950000,0
125952000,0
125954000,0
125956000,0
125958000,0
125960000,0
125962000,0
125964000,0
125966000,0
125968000,0
125970000,0
125972000,0
125974000,0
125976000,0
125978000,0
125980000,0
125982000,0
125984000,0
125986000,0
125988000,0
125990000,0
125992000,0
125994000,0
125996000,0
125998000,0
126000000,0
126002001,0
126004000,0
126006000,0
126008000,0
126010000,0
126012001,0
126014000,0
126016000,0
126018001,0
126020000,0
126022000,0
126024000,0
126026000,0
126028000,0
126030000,0
126032000,0
126034000,0
126036000,0
126038000,0
126040000,0
126042000,0
126044000,0
126046000,0
126048000,0
126050000,0
126052000,0
126054000,0
126056000,0
126058000,0
126060000,0
126062000,0
126064000,0
126066000,0
126068001,0
126070000,0
126072000,0
126074000,0
126076000,0
126078000,0
126080000,0
126082000,0
126084000,0
126086001,0
126088000,0
126090000,0
126092000,0
126094001,0
126096000,0
126098000,0
126100000,0
126102001,0
126104000,0
126106000,0
126108000,0
126110000,0
126112000,0
126114001,0
126116000,0
126118000,0
126120000,0
126122000,0
126124001,0
126126000,0
126128000,0
126130000,0
126132000,0
126134000,0
126136000,0
126138000,0
126140000,0
126142000,0
126144000,0
126146001,0
126148000,0
126150000,0
126152000,0
126154000,0
126156000,0
126158000,0
126160000,0
126162000,0
126164000,0
126166000,0
126168000,0
126170000,0
126172000,0
126174000,0
126176001,0
126178001,0
126180000,0
126182000,0
126184000,0
126186000,0
126188000,0
126190000,0
126192000,0
126194001,0
126196000,0
126198000,0
126200000,0
126202000,0
126204000,0
126206000,0
126208000,0
126210000,0
126212000,0
126214000,0
126216000,0
126218000,0
126220000,0
126222000,0
126224000,0
126226000,0
126228000,0
126230000,0
126232000,0
126234000,0
126236000,0
126238001,0
126240000,0
126242000,0
126244000,0
126246000,0
126248000,0
126250000,0
126252000,0
126254000,0
126256000,0
126258000,0
126260000,0
126262000,0
126264000,0
126266000,0
126268000,0
126270000,0
126272000,0
126274000,0
126276000,0
126278000,0
126280000,0
126282000,0
126284000,0
126286000,0
126288000,0
126290001,0
126292000,0
126294000,0
126296000,0
126298001,0
126300001,0
126302000,0
126304000,0
126306000,0
126308001,0
126310000,0
126312000,0
126314001,0
126316001,0
126318001,0
126320000,0
126322000,0
126324001,0
126326001,0
126328001,0
126330000,0
126332000,0
126334000,0
126336001,0
126338001,0
126340000,0
126342001,0
126344001,0
126346000,0
126348000,0
126350001,0
126352000,0
126354000,0
126356000,0
126358000,0
126360000,0
126362000,0
126364000,0
126366000,0
126368000,0
126370000,0
126372000,0
126374000,0
126376000,0
126378000,0
126380000,0
126382000,0
126384000,0
126386000,0
126388000,0
126390000,0
126392000,0
126394000,0
126396000,0
126398000,0
126400000,0
126402000,0
126404000,0
126406000,0
126408000,0
126410001,0
126412001,0
126414000,0
126416000,0
126418000,0
126420000,0
126422000,0
126424000,0
126426000,0
126428000,0
126430000,0
126432001,0
126434000,0
126436000,0
126438000,0
126440001,0
126442000,0
126444000,0
126446001,0
126448000,0
126450000,0
126452000,0
126454001,0
126456000,0
126458000,0
126460000,0
126462000,0
126464000,0
126466000,0
126468000,0
126470000,0
126472000,0
126474000,0
126476000,0
126478000,0
126480000,0
126482000,0
126484001,0
126486000,0
126488000,0
126490000,0
126492000,0
126494000,0
126496000,0
126498000,0
126500000,0
126502000,0
126504000,0
126506000,0
126508000,0
126510000,0
126512000,0
126514000,0
126516000,0
126518000,0
126520000,0
126522000,0
126524001,0
126526000,0
126528000,0
126530000,0
126532000,0
126534000,0
126536000,0
126538000,0
126540000,0
126542000,0
126544001,0
126546000,0
126548000,0
126550000,0
126552000,0
126554000,0
126556000,0
126558000,0
126560000,0
126562000,0
126564000,0
126566000,0
126568000,0
126570000,0
126572000,0
126574000,0
126576001,0
126578000,0
126580000,0
126582000,0
126584000,0
126586000,0
126588000,0
126590000,0
126592001,0
126594000,0
126596000,0
126598000,0
126600001,0
126602000,0
126604000,0
126606000,0
126608000,0
126610000,0
126612000,0
126614000,0
126616000,0
126618000,0
126620000,0
126622000,0
126624000,0
126626000,0
126628001,0
126630000,0
126632000,0
126634000,0
126636000,0
126638000,0
126640000,0
126642000,0
126644000,0
126646001,0
126648000,0
126650000,0
126652000,0
126654000,0
126656000,0
126658000,0
126660000,0
126662000,0
126664000,0
126666000,0
126668000,0
126670000,0
126672000,0
126674000,0
126676000,0
126678000,0
126680000,0
126682000,0
126684000,0
126686000,0
126688000,0
126690000,0
126692001,0
126694000,0
126696000,0
126698000,0
126700000,0
126702000,0
126704000,0
126706000,0
126708001,0
126710000,0
126712000,0
126714000,0
126716001,0
126718000,0
126720000,0
126722000,0
126724000,0
126726000,0
126728000,0
126730000,0
126732000,0
126734001,0
126736000,0
126738000,0
126740000,0
126742000,0
126744000,0
126746001,0
126748001,0
126750000,0
126752000,0
126754000,0
126756000,0
126758000,0
126760000,0
126762000,0
126764000,0
126766000,0
126768000,0
126770000,0
126772000,0
126774000,0
126776000,0
126778000,0
126780000,0
126782000,0
126784000,0
126786000,0
126788000,0
126790000,0
126792001,0
126794000,0
126796000,0
126798001,0
126800000,0
126802000,0
126804000,0
126806001,0
126808001,0
126810000,0
126812000,0
126814000,0
126816000,0
126818000,0
126820000,0
126822000,0
126824000,0
126826000,0
126828000,0
126830000,0
126832000,0
126834000,0
126836000,0
126838000,0
126840000,0
126842000,0
126844000,0
126846001,0
126848001,0
126850001,0
126852001,0
126854001,0
126856001,0
126858001,0
126860000,0
126862000,0
126864000,0
126866000,0
126868001,0
126870000,0
126872000,0
126874000,0
126876000,0
126878000,0
126880001,0
126882000,0
126884000,0
126886000,0
126888000,0
126890000,0
126892000,0
126894000,0
126896000,0
126898000,0
126900000,0
126902000,0
126904000,0
126906000,0
126908000,0
126910000,0
126912000,0
126914001,0
126916000,0
126918000,0
126920000,0
126922000,0
126924000,0
126926000,0
126928000,0
126930000,0
126932000,0
126934000,0
126936000,0
126938000,0
126940000,0
126942000,0
126944000,0
126946001,0
126948000,0
126950000,0
126952000,0
126954000,0
126956000,0
126958000,0
126960000,0
126962000,0
126964000,0
126966001,0
126968000,0
126970000,0
126972000,0
126974000,0
126976000,0
126978000,0
126980000,0
126982000,0
126984000,0
126986000,0
126988000,0
126990000,0
126992000,0
126994000,0
126996000,0
126998000,0
127000000,0
127002000,0
127004000,0
127006000,0
127008000,0
127010000,0
127012000,0
127014000,0
127016000,0
127018000,0
127020001,0
127022000,0
127024000,0
127026001,0
127028001,0
127030000,0
127032000,0
127034000,0
127036000,0
127038000,0
127040000,0
127042000,0
127044000,0
127046000,0
127048000,0
127050000,0
127052000,0
127054000,0
127056000,0
127058000,0
127060001,0
127062000,0
127064000,0
127066000,0
127068000,0
127070001,0
127072000,0
127074000,0
127076000,0
127078001,0
127080001,0
127082000,0
127084001,0
127086000,0
127088000,0
127090000,0
127092001,0
127094000,0
127096000,0
127098000,0
127100000,0
127102000,0
127104001,0
127106000,0
127108000,0
127110000,0
127112000,0
127114000,0
127116000,0
127118000,0
127120000,0
127122000,0
127124000,0
127126000,0
127128000,0
127130001,0
127132001,0
127134000,0
127136000,0
127138000,0
127140000,0
127142000,0
127144000,0
127146000,0
127148000,0
127150000,0
127152000,0
127154000,0
127156000,0
127158000,0
127160000,0
127162000,0
127164000,0
127166000,0
127168000,0
127170000,0
127172001,0
127174000,0
127176000,0
127178000,0
127180000,0
127182000,0
127184001,0
127186000,0
127188000,0
127190000,0
127192000,0
127194000,0
127196001,0
127198000,0
127200000,0
127202001,0
127204000,0
127206000,0
127208000,0
127210000,0
127212000,0
127214000,0
127216000,0
127218000,0
127220001,0
127222000,0
127224000,0
127226000,0
127228000,0
127230000,0
127232000,0
127234000,0
127236000,0
127238000,0
127240000,0
127242000,0
127244000,0
127246001,0
127248000,0
127250000,0
127252000,0
127254000,0
127256000,0
127258000,0
127260000,0
127262000,0
127264000,0
127266000,0
127268000,0
127270000,0
127272000,0
127274000,0
127276000,0
127278000,0
127280000,0
127282000,0
127284000,0
127286000,0
127288000,0
127290001,0
127292001,0
127294000,0
127296000,0
127298000,0
127300000,0
127302001,0
127304000,0
127306000,0
127308000,0
127310000,0
127312000,0
127314000,0
127316000,0
127318000,0
127320001,0
127322001,0
127324000,0
127326000,0
127328000,0
127330001,0
127332000,0
127334000,0
127336000,0
127338000,0
127340000,0
127342000,0
127344000,0
127346000,0
127348001,0
127350000,0
127352000,0
127354000,0
127356000,0
127358000,0
127360000,0
127362000,0
127364000,0
127366000,0
127368000,0
127370000,0
127372000,0
127374000,0
127376000,0
127378000,0
127380000,0
127382000,0
127384000,0
127386001,0
127388001,0
127390001,0
127392000,0
127394000,0
127396000,0
127398001,0
127400000,0
127402000,0
127404000,0
127406000,0
127408000,0
127410000,0
127412000,0
127414000,0
127416001,0
127418000,0
127420000,0
127422001,0
127424001,0
127426000,0
127428000,0
127430000,0
127432000,0
127434000,0
127436000,0
127438001,0
127440000,0
127442000,0
127444000,0
127446000,0
127448000,0
127450000,0
127452000,0
127454000,0
127456000,0
127458000,0
127460000,0
127462000,0
127464000,0
127466000,0
127468000,0
127470000,0
127472000,0
127474000,0
127476000,0
127478001,0
127480001,0
127482001,0
127484000,0
127486000,0
127488000,0
127490000,0
127492000,0
127494000,0
127496000,0
127498000,0
127500000,0
127502000,0
127504000,0
127506001,0
127508000,0
127510000,0
127512000,0
127514000,0
127516000,0
127518000,0
127520000,0
127522001,0
127524000,0
127526000,0
127528001,0
127530000,0
127532001,0
127534001,0
127536000,0
127538000,0
127540000,0
127542000,0
127544001,0
127546000,0
127548000,0
127550000,0
127552000,0
127554000,0
127556000,0
127558001,0
127560000,0
127562000,0
127564000,0
127566000,0
127568000,0
127570001,0
127572000,0
127574000,0
127576000,0
127578001,0
127580000,0
127582000,0
127584000,0
127586000,0
127588001,0
127590000,0
127592000,0
127594000,0
127596001,0
127598000,0
127600000,0
127602000,0
127604000,0
127606000,0
127608000,0
127610000,0
127612000,0
127614000,0
127616000,0
127618001,0
127620000,0
127622000,0
127624000,0
127626000,0
127628000,0
127630000,0
127632001,0
127634000,0
127636000,0
127638000,0
127640000,0
127642000,0
127644000,0
127646000,0
127648000,0
127650000,0
127652000,0
127654000,0
127656000,0
127658000,0
127660000,0
127662000,0
127664000,0
127666000,0
127668000,0
127670000,0
127672000,0
127674000,0
127676000,0
127678000,0
127680001,0
127682000,0
127684000,0
127686000,0
127688000,0
127690000,0
127692000,0
127694000,0
127696000,0
127698000,0
127700000,0
127702000,0
127704000,0
127706000,0
127708000,0
127710000,0
127712000,0
127714000,0
127716000,0
127718000,0
127720000,0
127722000,0
127724000,0
127726000,0
127728000,0
127730000,0
127732000,0
127734000,0
127736000,0
127738001,0
127740000,0
127742000,0
127744000,0
127746000,0
127748000,0
127750000,0
127752000,0
127754000,0
127756000,0
127758000,0
127760000,0
127762000,0
127764000,0
127766000,0
127768000,0
127770000,0
127772000,0
127774000,0
127776000,0
127778000,0
127780000,0
127782001,0
127784000,0
127786000,0
127788000,0
127790000,0
127792000,0
127794000,0
127796000,0
127798000,0
127800000,0
127802000,0
127804000,0
127806000,0
127808000,0
127810000,0
127812000,0
127814000,0
127816000,0
127818000,0
127820000,0
127822000,0
127824000,0
127826000,0
127828000,0
127830000,0
127832000,0
127834000,0
127836000,0
127838001,0
127840001,0
127842000,0
127844000,0
127846000,0
127848000,0
127850000,0
127852000,0
127854000,0
127856000,0
127858000,0
127860000,0
127862000,0
127864000,0
127866000,0
127868000,0
127870001,0
127872000,0
127874000,0
127876000,0
127878000,0
127880000,0
127882000,0
127884000,0
127886001,0
127888000,0
127890000,0
127892000,0
127894000,0
127896000,0
127898000,0
127900000,0
127902000,0
127904000,0
127906000,0
127908000,0
127910000,0
127912000,0
127914001,0
127916000,0
127918000,0
127920000,0
127922000,0
127924000,0
127926000,0
127928000,0
127930000,0
127932000,0
127934001,0
127936000,0
127938000,0
127940001,0
127942000,0
127944000,0
127946000,0
127948000,0
127950000,0
127952000,0
127954000,0
127956000,0
127958000,0
127960000,0
127962000,0
127964000,0
127966001,0
127968000,0
127970000,0
127972000,0
127974001,0
127976000,0
127978000,0
127980000,0
127982000,0
127984000,0
127986000,0
127988000,0
127990000,0
127992000,0
127994000,0
127996000,0
127998001,0
128000000,0
128002000,0
128004000,0
128006000,0
128008000,0
128010001,0
128012001,0
128014000,0
128016000,0
128018000,0
128020000,0
128022000,0
128024000,0
128026000,0
128028000,0
128030000,0
128032000,0
128034000,0
128036000,0
128038000,0
128040000,0
128042000,0
128044000,0
128046000,0
128048000,0
128050000,0
128052000,0
128054000,0
128056000,0
128058000,0
128060000,0
128062000,0
128064000,0
128066000,0
128068000,0
128070000,0
128072000,0
128074000,0
128076001,0
128078000,0
128080000,0
128082000,0
128084000,0
128086000,0
128088000,0
128090001,0
128092000,0
128094000,0
128096000,0
128098000,0
128100000,0
128102000,0
128104001,0
128106000,0
128108000,0
128110000,0
128112000,0
128114000,0
128116000,0
128118000,0
128120000,0
128122001,0
128124000,0
128126000,0
128128000,0
128130000,0
128132000,0
128134000,0
128136000,0
128138000,0
128140000,0
128142000,0
128144000,0
128146000,0
128148000,0
128150001,0
128152001,0
128154001,0
128156000,0
128158000,0
128160000,0
128162000,0
128164000,0
128166000,0
128168000,0
128170001,0
128172000,0
128174000,0
128176000,0
128178000,0
128180000,0
128182000,0
128184001,0
128186000,0
128188000,0
128190000,0
128192000,0
128194000,0
128196000,0
128198000,0
128200000,0
128202000,0
128204000,0
128206000,0
128208000,0
128210000,0
128212001,0
128214000,0
128216000,0
128218000,0
128220000,0
128222001,0
128224000,0
128226000,0
128228000,0
128230000,0
128232000,0
128234000,0
128236001,0
128238001,0
128240001,0
128242000,0
128244000,0
128246000,0
128248000,0
128250000,0
128252000,0
128254000,0
128256000,0
128258000,0
128260001,0
128262000,0
128264000,0
128266000,0
128268001,0
128270000,0
128272000,0
128274001,0
128276000,0
128278000,0
128280000,0
128282000,0
128284000,0
128286000,0
128288000,0
128290000,0
128292000,0
128294000,0
128296000,0
128298000,0
128300000,0
128302000,0
128304000,0
128306000,0
128308000,0
128310000,0
128312000,0
128314000,0
128316000,0
128318000,0
128320000,0
128322000,0
128324000,0
128326000,0
128328000,0
128330000,0
128332000,0
128334000,0
128336000,0
128338001,0
128340001,0
128342000,0
128344000,0
128346000,0
128348000,0
128350001,0
128352000,0
128354000,0
128356000,0
128358000,0
128360000,0
128362000,0
128364001,0
128366000,0
128368000,0
128370000,0
128372000,0
128374000,0
128376000,0
128378000,0
128380000,0
128382000,0
128384000,0
128386000,0
128388000,0
128390000,0
128392000,0
128394000,0
128396000,0
128398001,0
128400000,0
128402000,0
128404000,0
128406000,0
128408000,0
128410000,0
128412000,0
128414000,0
128416000,0
128418000,0
128420000,0
128422000,0
128424000,0
128426000,0
128428000,0
128430000,0
128432000,0
128434000,0
128436000,0
128438000,0
128440000,0
128442000,0
128444000,0
128446000,0
128448001,0
128450000,0
128452000,0
128454000,0
128456000,0
128458000,0
128460000,0
128462000,0
128464000,0
128466000,0
128468000,0
128470000,0
128472000,0
128474000,0
128476000,0
128478001,0
128480000,0
128482001,0
128484000,0
128486000,0
128488000,0
128490000,0
128492000,0
128494000,0
128496000,0
128498000,0
128500000,0
128502000,0
128504000,0
128506000,0
128508000,0
128510001,0
128512000,0
128514000,0
128516001,0
128518001,0
128520000,0
128522000,0
128524000,0
128526000,0
128528000,0
128530000,0
128532000,0
128534000,0
128536001,0
128538000,0
128540000,0
128542000,0
128544000,0
128546000,0
128548000,0
128550001,0
128552000,0
128554000,0
128556000,0
128558000,0
128560000,0
128562000,0
128564000,0
128566000,0
128568000,0
128570000,0
128572000,0
128574000,0
128576000,0
128578000,0
128580000,0
128582000,0
128584000,0
128586000,0
128588000,0
128590000,0
128592000,0
128594000,0
128596000,0
128598000,0
128600000,0
128602001,0
128604001,0
128606000,0
128608000,0
128610000,0
128612000,0
128614000,0
128616000,0
128618000,0
128620000,0
128622001,0
128624001,0
128626000,0
128628000,0
128630000,0
128632000,0
128634000,0
128636001,0
128638000,0
128640000,0
128642000,0
128644000,0
128646000,0
128648000,0
128650000,0
128652000,0
128654000,0
128656000,0
128658000,0
128660000,0
128662000,0
128664000,0
128666000,0
128668000,0
128670001,0
128672000,0
128674000,0
128676000,0
128678000,0
128680000,0
128682000,0
128684000,0
128686000,0
128688000,0
128690000,0
128692001,0
128694000,0
128696000,0
128698000,0
128700000,0
128702000,0
128704000,0
128706000,0
128708000,0
128710000,0
128712000,0
128714001,0
128716001,0
128718000,0
128720000,0
128722000,0
128724000,0
128726000,0
128728001,0
128730000,0
128732000,0
128734000,0
128736001,0
128738000,0
128740000,0
128742000,0
128744000,0
128746000,0
128748000,0
128750000,0
128752001,0
128754000,0
128756000,0
128758000,0
128760000,0
128762000,0
128764000,0
128766000,0
128768000,0
128770000,0
128772000,0
128774000,0
128776000,0
128778000,0
128780000,0
128782000,0
128784000,0
128786000,0
128788000,0
128790000,0
128792000,0
128794000,0
128796001,0
128798000,0
128800000,0
128802000,0
128804001,0
128806000,0
128808000,0
128810000,0
128812000,0
128814000,0
128816000,0
128818000,0
128820000,0
128822000,0
128824000,0
128826000,0
128828000,0
128830000,0
128832000,0
128834000,0
128836000,0
128838000,0
128840000,0
128842000,0
128844000,0
128846000,0
128848000,0
128850000,0
128852001,0
128854000,0
128856000,0
128858000,0
128860001,0
128862000,0
128864000,0
128866000,0
128868000,0
128870000,0
128872000,0
128874000,0
128876000,0
128878000,0
128880000,0
128882000,0
128884001,0
128886001,0
128888000,0
128890000,0
128892000,0
128894000,0
128896000,0
128898000,0
128900000,0
128902000,0
128904000,0
128906000,0
128908000,0
128910001,0
128912000,0
128914000,0
128916000,0
128918001,0
128920000,0
128922000,0
128924000,0
128926000,0
128928000,0
128930000,0
128932000,0
128934000,0
128936000,0
128938000,0
128940000,0
128942000,0
128944000,0
128946000,0
128948000,0
128950000,0
128952000,0
128954000,0
128956001,0
128958000,0
128960000,0
128962000,0
128964000,0
128966000,0
128968000,0
128970000,0
128972000,0
128974000,0
128976000,0
128978000,0
128980000,0
128982000,0
128984000,0
128986000,0
128988000,0
128990000,0
128992000,0
128994000,0
128996001,0
128998000,0
129000000,0
129002000,0
129004000,0
129006000,0
129008000,0
129010000,0
129012000,0
129014001,0
129016001,0
129018000,0
129020000,0
129022000,0
129024000,0
129026000,0
129028001,0
129030000,0
129032000,0
129034000,0
129036000,0
129038000,0
129040000,0
129042000,0
129044000,0
129046000,0
129048000,0
129050000,0
129052000,0
129054000,0
129056000,0
129058000,0
129060000,0
129062000,0
129064000,0
129066000,0
129068000,0
129070000,0
129072000,0
129074001,0
129076000,0
129078000,0
129080000,0
129082000,0
129084000,0
129086000,0
129088000,0
129090000,0
129092000,0
129094000,0
129096000,0
129098000,0
129100000,0
129102000,0
129104000,0
129106000,0
129108000,0
129110000,0
129112000,0
129114000,0
129116000,0
129118000,0
129120000,0
129122000,0
129124000,0
129126000,0
129128000,0
129130001,0
129132000,0
129134000,0
129136001,0
129138000,0
129140000,0
129142000,0
129144000,0
129146000,0
129148000,0
129150000,0
129152000,0
129154000,0
129156000,0
129158000,0
129160001,0
129162000,0
129164000,0
129166000,0
129168000,0
129170000,0
129172000,0
129174000,0
129176000,0
129178001,0
129180000,0
129182000,0
129184000,0
129186000,0
129188000,0
129190000,0
129192000,0
129194000,0
129196000,0
129198000,0
129200000,0
129202001,0
129204000,0
129206000,0
129208000,0
129210000,0
129212001,0
129214000,0
129216000,0
129218000,0
129220000,0
129222000,0
129224000,0
129226000,0
129228000,0
129230000,0
129232001,0
129234000,0
129236000,0
129238000,0
129240000,0
129242000,0
129244000,0
129246000,0
129248000,0
129250000,0
129252000,0
129254000,0
129256000,0
129258000,0
129260001,0
129262000,0
129264000,0
129266000,0
129268000,0
129270000,0
129272000,0
129274000,0
129276000,0
129278000,0
129280000,0
129282000,0
129284000,0
129286000,0
129288000,0
129290000,0
129292000,0
129294000,0
129296000,0
129298000,0
129300000,0
129302000,0
129304000,0
129306000,0
129308000,0
129310000,0
129312000,0
129314000,0
129316000,0
129318001,0
129320000,0
129322000,0
129324000,0
129326000,0
129328000,0
129330000,0
129332000,0
129334000,0
129336000,0
129338000,0
129340001,0
129342001,0
129344001,0
129346000,0
129348000,0
129350000,0
129352000,0
129354000,0
129356000,0
129358000,0
129360000,0
129362000,0
129364000,0
129366000,0
129368000,0
129370000,0
129372000,0
129374000,0
129376000,0
129378000,0
129380000,0
129382000,0
129384000,0
129386000,0
129388001,0
129390000,0
129392000,0
129394000,0
129396000,0
129398001,0
129400001,0
129402001,0
129404000,0
129406000,0
129408001,0
129410000,0
129412000,0
129414000,0
129416000,0
129418000,0
129420000,0
129422000,0
129424000,0
129426000,0
129428000,0
129430000,0
129432000,0
129434000,0
129436000,0
129438000,0
129440000,0
129442000,0
129444000,0
129446000,0
129448000,0
129450000,0
129452001,0
129454000,0
129456000,0
129458000,0
129460000,0
129462001,0
129464000,0
129466000,0
129468001,0
129470000,0
129472000,0
129474000,0
129476000,0
129478000,0
129480001,0
129482000,0
129484000,0
129486000,0
129488000,0
129490000,0
129492000,0
129494000,0
129496001,0
129498000,0
129500001,0
129502000,0
129504000,0
129506000,0
129508000,0
129510000,0
129512000,0
129514000,0
129516000,0
129518001,0
129520000,0
129522000,0
129524000,0
129526000,0
129528000,0
129530000,0
129532000,0
129534000,0
129536001,0
129538000,0
129540000,0
129542000,0
129544000,0
129546000,0
129548000,0
129550000,0
129552000,0
129554000,0
129556000,0
129558000,0
129560000,0
129562001,0
129564001,0
129566000,0
129568000,0
129570001,0
129572000,0
129574000,0
129576001,0
129578000,0
129580000,0
129582000,0
129584000,0
129586000,0
129588000,0
129590001,0
129592000,0
129594000,0
129596000,0
129598000,0
129600000,0
129602000,0
129604000,0
129606000,0
129608000,0
129610001,0
129612000,0
129614000,0
129616000,0
129618000,0
129620000,0
129622000,0
129624001,0
129626000,0
129628000,0
129630000,0
129632000,0
129634000,0
129636000,0
129638000,0
129640000,0
129642000,0
129644001,0
129646000,0
129648000,0
129650000,0
129652001,0
129654001,0
129656001,0
129658000,0
129660000,0
129662000,0
129664000,0
129666000,0
129668001,0
129670000,0
129672000,0
129674001,0
129676000,0
129678000,0
129680000,0
129682000,0
129684000,0
129686000,0
129688000,0
129690001,0
129692000,0
129694000,0
129696000,0
129698000,0
129700000,0
129702000,0
129704000,0
129706000,0
129708000,0
129710000,0
129712000,0
129714000,0
129716000,0
129718001,0
129720000,0
129722000,0
129724001,0
129726001,0
129728000,0
129730000,0
129732000,0
129734000,0
129736000,0
129738000,0
129740000,0
129742000,0
129744000,0
129746000,0
129748000,0
129750000,0
129752000,0
129754000,0
129756001,0
129758001,0
129760001,0
129762000,0
129764000,0
129766000,0
129768000,0
129770000,0
129772001,0
129774000,0
129776000,0
129778000,0
129780000,0
129782001,0
129784000,0
129786000,0
129788000,0
129790000,0
129792000,0
129794000,0
129796000,0
129798000,0
129800000,0
129802001,0
129804000,0
129806000,0
129808000,0
129810000,0
129812000,0
129814000,0
129816000,0
129818000,0
129820000,0
129822000,0
129824000,0
129826000,0
129828000,0
129830000,0
129832000,0
129834000,0
129836000,0
129838000,0
129840000,0
129842000,0
129844000,0
129846000,0
129848000,0
129850001,0
129852001,0
129854000,0
129856000,0
129858001,0
129860001,0
129862000,0
129864000,0
129866000,0
129868000,0
129870000,0
129872000,0
129874000,0
129876000,0
129878000,0
129880000,0
129882000,0
129884000,0
129886000,0
129888000,0
129890000,0
129892000,0
129894000,0
129896001,0
129898000,0
129900000,0
129902000,0
129904000,0
129906000,0
129908000,0
129910000,0
129912000,0
129914000,0
129916000,0
129918000,0
129920000,0
129922001,0
129924000,0
129926000,0
129928000,0
129930000,0
129932000,0
129934000,0
129936000,0
129938001,0
129940000,0
129942000,0
129944000,0
129946000,0
129948000,0
129950000,0
129952000,0
129954000,0
129956000,0
129958000,0
129960000,0
129962000,0
129964000,0
129966000,0
129968000,0
129970000,0
129972000,0
129974000,0
129976000,0
129978000,0
129980001,0
129982001,0
129984000,0
129986000,0
129988000,0
129990000,0
129992000,0
129994000,0
129996000,0
129998000,0
130000001,0
130002000,0
130004000,0
130006000,0
130008000,0
130010000,0
130012000,0
130014000,0
130016000,0
130018001,0
130020001,0
130022000,0
130024000,0
130026000,0
130028000,0
130030000,0
130032001,0
130034000,0
130036000,0
130038001,0
130040000,0
130042000,0
130044000,0
130046000,0
130048000,0
130050000,0
130052000,0
130054000,0
130056000,0
130058000,0
130060000,0
130062000,0
130064001,0
130066000,0
130068000,0
130070000,0
130072000,0
130074000,0
130076000,0
130078000,0
130080000,0
130082000,0
130084000,0
130086000,0
130088000,0
130090000,0
130092000,0
130094000,0
130096000,0
130098000,0
130100000,0
130102000,0
130104000,0
130106001,0
130108000,0
130110000,0
130112000,0
130114000,0
130116000,0
130118000,0
130120000,0
130122000,0
130124000,0
130126001,0
130128001,0
130130000,0
130132000,0
130134000,0
130136000,0
130138000,0
130140000,0
130142000,0
130144000,0
130146000,0
130148001,0
130150001,0
130152000,0
130154000,0
130156000,0
130158000,0
130160000,0
130162001,0
130164000,0
130166000,0
130168000,0
130170000,0
130172000,0
130174000,0
130176000,0
130178000,0
130180000,0
130182000,0
130184000,0
130186000,0
130188000,0
130190000,0
130192000,0
130194001,0
130196001,0
130198000,0
130200000,0
130202000,0
130204000,0
130206001,0
130208000,0
130210000,0
130212000,0
130214000,0
130216000,0
130218000,0
130220000,0
130222000,0
130224000,0
130226000,0
130228000,0
130230000,0
130232000,0
130234000,0
130236000,0
130238000,0
130240000,0
130242000,0
130244000,0
130246000,0
130248000,0
130250000,0
130252000,0
130254000,0
130256000,0
130258001,0
130260000,0
130262000,0
130264001,0
130266000,0
130268000,0
130270000,0
130272001,0
130274000,0
130276000,0
130278000,0
130280001,0
130282001,0
130284000,0
130286000,0
130288000,0
130290000,0
130292000,0
130294000,0
130296000,0
130298000,0
130300000,0
130302000,0
130304000,0
130306000,0
130308001,0
130310000,0
130312000,0
130314000,0
130316000,0
130318000,0
130320000,0
130322001,0
130324001,0
130326000,0
130328000,0
130330001,0
130332001,0
130334000,0
130336000,0
130338000,0
130340000,0
130342000,0
130344000,0
130346000,0
130348000,0
130350000,0
130352000,0
130354000,0
130356000,0
130358000,0
130360001,0
130362000,0
130364000,0
130366000,0
130368000,0
130370000,0
130372000,0
130374000,0
130376000,0
130378000,0
130380000,0
130382000,0
130384001,0
130386000,0
130388000,0
130390000,0
130392000,0
130394000,0
130396000,0
130398000,0
130400000,0
130402000,0
130404001,0
130406000,0
130408000,0
130410000,0
130412000,0
130414001,0
130416001,0
130418001,0
130420000,0
130422000,0
130424000,0
130426000,0
130428000,0
130430000,0
130432001,0
130434000,0
130436000,0
130438000,0
130440000,0
130442000,0
130444000,0
130446000,0
130448000,0
130450000,0
130452000,0
130454000,0
130456000,0
130458000,0
130460000,0
130462000,0
130464000,0
130466000,0
130468000,0
130470000,0
130472000,0
130474001,0
130476000,0
130478000,0
130480000,0
130482000,0
130484000,0
130486000,0
130488000,0
130490000,0
130492000,0
130494000,0
130496001,0
130498000,0
130500000,0
130502000,0
130504000,0
130506000,0
130508000,0
130510000,0
130512000,0
130514000,0
130516000,0
130518000,0
130520000,0
130522001,0
130524000,0
130526000,0
130528000,0
130530000,0
130532000,0
130534000,0
130536000,0
130538000,0
130540000,0
130542001,0
130544001,0
130546001,0
130548000,0
130550000,0
130552000,0
130554001,0
130556000,0
130558000,0
130560000,0
130562000,0
130564000,0
130566000,0
130568000,0
130570000,0
130572000,0
130574001,0
130576000,0
130578001,0
130580000,0
130582000,0
130584000,0
130586000,0
130588000,0
130590000,0
130592000,0
130594000,0
130596000,0
130598000,0
130600000,0
130602000,0
130604000,0
130606001,0
130608000,0
130610000,0
130612000,0
130614000,0
130616000,0
130618000,0
130620000,0
130622000,0
130624000,0
130626000,0
130628001,0
130630000,0
130632000,0
130634000,0
130636000,0
130638000,0
130640000,0
130642000,0
130644001,0
130646000,0
130648000,0
130650000,0
130652000,0
130654000,0
130656000,0
130658000,0
130660000,0
130662000,0
130664000,0
130666000,0
130668000,0
130670000,0
130672000,0
130674000,0
130676000,0
130678000,0
130680000,0
130682000,0
130684000,0
130686000,0
130688000,0
130690001,0
130692000,0
130694000,0
130696000,0
130698000,0
130700000,0
130702000,0
130704000,0
130706000,0
130708000,0
130710000,0
130712001,0
130714001,0
130716000,0
130718000,0
130720000,0
130722000,0
130724001,0
130726000,0
130728000,0
130730000,0
130732000,0
130734000,0
130736000,0
130738000,0
130740000,0
130742000,0
130744000,0
130746000,0
130748000,0
130750001,0
130752000,0
130754000,0
130756000,0
130758000,0
130760000,0
130762000,0
130764000,0
130766000,0
130768000,0
130770000,0
130772000,0
130774000,0
130776000,0
130778000,0
130780000,0
130782000,0
130784000,0
130786000,0
130788000,0
130790000,0
130792000,0
130794001,0
130796001,0
130798001,0
130800000,0
130802000,0
130804000,0
130806000,0
130808001,0
130810000,0
130812000,0
130814000,0
130816000,0
130818000,0
130820000,0
130822000,0
130824000,0
130826000,0
130828000,0
130830000,0
130832000,0
130834000,0
130836000,0
130838000,0
130840001,0
130842001,0
130844000,0
130846000,0
130848001,0
130850000,0
130852000,0
130854000,0
130856000,0
130858000,0
130860000,0
130862000,0
130864000,0
130866000,0
130868001,0
130870000,0
130872000,0
130874000,0
130876000,0
130878000,0
130880000,0
130882000,0
130884000,0
130886000,0
130888000,0
130890001,0
130892000,0
130894000,0
130896001,0
130898000,0
130900000,0
130902000,0
130904000,0
130906000,0
130908000,0
130910001,0
130912000,0
130914000,0
130916000,0
130918000,0
130920000,0
130922000,0
130924000,0
130926000,0
130928000,0
130930000,0
130932000,0
130934000,0
130936000,0
130938000,0
130940000,0
130942000,0
130944001,0
130946000,0
130948000,0
130950000,0
130952000,0
130954000,0
130956000,0
130958000,0
130960000,0
130962000,0
130964000,0
130966000,0
130968000,0
130970000,0
130972000,0
130974000,0
130976000,0
130978000,0
130980000,0
130982000,0
130984000,0
130986000,0
130988000,0
130990001,0
130992000,0
130994000,0
130996001,0
130998000,0
131000000,0
131002000,0
131004000,0
131006000,0
131008000,0
131010000,0
131012001,0
131014000,0
131016000,0
131018000,0
131020000,0
131022000,0
131024000,0
131026001,0
131028000,0
131030000,0
131032001,0
131034001,0
131036000,0
131038000,0
131040000,0
131042000,0
131044000,0
131046000,0
131048000,0
131050001,0
131052000,0
131054000,0
131056001,0
131058000,0
131060000,0
131062000,0
131064000,0
131066000,0
131068000,0
131070001,0
131072001,0
131074000,0
131076000,0
131078000,0
131080000,0
131082000,0
131084000,0
131086000,0
131088000,0
131090000,0
131092000,0
131094000,0
131096000,0
131098001,0
131100000,0
131102000,0
131104001,0
131106000,0
131108000,0
131110000,0
131112000,0
131114000,0
131116000,0
131118000,0
131120000,0
131122001,0
131124000,0
131126000,0
131128000,0
131130001,0
131132000,0
131134000,0
131136000,0
131138000,0
131140000,0
131142000,0
131144000,0
131146000,0
131148000,0
131150001,0
131152000,0
131154000,0
131156001,0
131158001,0
131160001,0
131162000,0
131164000,0
131166000,0
131168001,0
131170000,0
131172000,0
131174001,0
131176000,0
131178000,0
131180000,0
131182001,0
131184000,0
131186000,0
131188000,0
131190000,0
131192000,0
131194000,0
131196000,0
131198000,0
131200000,0
131202000,0
131204000,0
131206000,0
131208000,0
131210001,0
131212001,0
131214000,0
131216000,0
131218000,0
131220000,0
131222000,0
131224000,0
131226000,0
131228000,0
131230000,0
131232000,0
131234000,0
131236000,0
131238000,0
131240000,0
131242000,0
131244000,0
131246000,0
131248000,0
131250000,0
131252000,0
131254000,0
131256000,0
131258000,0
131260001,0
131262000,0
131264000,0
131266001,0
131268000,0
131270000,0
131272000,0
131274000,0
131276000,0
131278001,0
131280000,0
131282000,0
131284000,0
131286000,0
131288000,0
131290000,0
131292000,0
131294001,0
131296000,0
131298000,0
131300000,0
131302001,0
131304001,0
131306001,0
131308000,0
131310000,0
131312000,0
131314000,0
131316000,0
131318000,0
131320000,0
131322000,0
131324000,0
131326000,0
131328000,0
131330000,0
131332000,0
131334000,0
131336000,0
131338000,0
131340000,0
131342000,0
131344001,0
131346000,0
131348000,0
131350001,0
131352001,0
131354000,0
131356000,0
131358000,0
131360000,0
131362001,0
131364001,0
131366000,0
131368000,0
131370000,0
131372000,0
131374000,0
131376001,0
131378000,0
131380000,0
131382001,0
131384000,0
131386000,0
131388000,0
131390000,0
131392000,0
131394000,0
131396000,0
131398000,0
131400000,0
131402001,0
131404000,0
131406000,0
131408000,0
131410000,0
131412000,0
131414000,0
131416000,0
131418001,0
131420000,0
131422000,0
131424000,0
131426001,0
131428000,0
131430000,0
131432000,0
131434000,0
131436000,0
131438000,0
131440000,0
131442000,0
131444000,0
131446000,0
131448000,0
131450000,0
131452000,0
131454000,0
131456000,0
131458000,0
131460000,0
131462000,0
131464000,0
131466000,0
131468000,0
131470000,0
131472000,0
131474000,0
131476000,0
131478000,0
131480000,0
131482000,0
131484000,0
131486000,0
131488000,0
131490000,0
131492000,0
131494000,0
131496000,0
131498001,0
131500001,0
131502000,0
131504001,0
131506000,0
131508000,0
131510001,0
131512000,0
131514000,0
131516000,0
131518000,0
131520000,0
131522000,0
131524000,0
131526000,0
131528001,0
131530000,0
131532000,0
131534000,0
131536000,0
131538000,0
131540001,0
131542000,0
131544000,0
131546001,0
131548000,0
131550000,0
131552000,0
131554000,0
131556000,0
131558000,0
131560000,0
131562000,0
131564000,0
131566000,0
131568000,0
131570000,0
131572000,0
131574000,0
131576000,0
131578001,0
131580001,0
131582000,0
131584000,0
131586000,0
131588000,0
131590000,0
131592001,0
131594001,0
131596001,0
131598000,0
131600000,0
131602001,0
131604001,0
131606000,0
131608000,0
131610000,0
131612000,0
131614000,0
131616000,0
131618001,0
131620000,0
131622000,0
131624000,0
131626000,0
131628000,0
131630000,0
131632000,0
131634000,0
131636000,0
131638000,0
131640000,0
131642000,0
131644000,0
131646000,0
131648000,0
131650000,0
131652000,0
131654000,0
131656000,0
131658000,0
131660000,0
131662000,0
131664000,0
131666000,0
131668000,0
131670000,0
131672000,0
131674000,0
131676000,0
131678000,0
131680000,0
131682000,0
131684000,0
131686000,0
131688000,0
131690000,0
131692000,0
131694000,0
131696000,0
131698000,0
131700000,0
131702000,0
131704000,0
131706000,0
131708000,0
131710001,0
131712001,0
131714000,0
131716000,0
131718000,0
131720000,0
131722000,0
131724000,0
131726001,0
131728000,0
131730000,0
131732000,0
131734000,0
131736000,0
131738000,0
131740000,0
131742000,0
131744000,0
131746000,0
131748000,0
131750000,0
131752000,0
131754000,0
131756000,0
131758001,0
131760000,0
131762000,0
131764000,0
131766000,0
131768000,0
131770001,0
131772001,0
131774001,0
131776000,0
131778000,0
131780000,0
131782000,0
131784000,0
131786000,0
131788000,0
131790000,0
131792000,0
131794000,0
131796000,0
131798001,0
131800000,0
131802000,0
131804001,0
131806000,0
131808000,0
131810000,0
131812000,0
131814001,0
131816000,0
131818000,0
131820000,0
131822001,0
131824001,0
131826001,0
131828000,0
131830000,0
131832000,0
131834000,0
131836000,0
131838000,0
131840000,0
131842000,0
131844000,0
131846000,0
131848000,0
131850000,0
131852000,0
131854000,0
131856000,0
131858000,0
131860000,0
131862000,0
131864000,0
131866000,0
131868000,0
131870000,0
131872000,0
131874000,0
131876000,0
131878000,0
131880001,0
131882001,0
131884000,0
131886000,0
131888000,0
131890001,0
131892000,0
131894000,0
131896000,0
131898000,0
131900000,0
131902000,0
131904000,0
131906000,0
131908000,0
131910001,0
131912001,0
131914000,0
131916000,0
131918001,0
131920000,0
131922000,0
131924000,0
131926000,0
131928000,0
131930000,0
131932000,0
131934000,0
131936000,0
131938000,0
131940000,0
131942000,0
131944000,0
131946000,0
131948000,0
131950000,0
131952000,0
131954000,0
131956000,0
131958000,0
131960000,0
131962000,0
131964000,0
131966000,0
131968000,0
131970000,0
131972000,0
131974000,0
131976000,0
131978000,0
131980000,0
131982000,0
131984000,0
131986000,0
131988000,0
131990000,0
131992001,0
131994000,0
131996000,0
131998000,0
132000000,0
132002000,0
132004000,0
132006001,0
132008001,0
132010000,0
132012000,0
132014000,0
132016000,0
132018000,0
132020000,0
132022000,0
132024001,0
132026000,0
132028000,0
132030000,0
132032000,0
132034000,0
132036000,0
132038000,0
132040000,0
132042001,0
132044000,0
132046000,0
132048000,0
132050000,0
132052000,0
132054001,0
132056000,0
132058000,0
132060000,0
132062000,0
132064000,0
132066000,0
132068000,0
132070000,0
132072000,0
132074000,0
132076000,0
132078000,0
132080000,0
132082000,0
132084000,0
132086000,0
132088000,0
132090000,0
132092000,0
132094000,0
132096000,0
132098000,0
132100000,0
132102000,0
132104000,0
132106000,0
132108000,0
132110001,0
132112000,0
132114000,0
132116000,0
132118000,0
132120000,0
132122000,0
132124000,0
132126000,0
132128000,0
132130000,0
132132000,0
132134000,0
132136000,0
132138001,0
132140000,0
132142000,0
132144000,0
132146000,0
132148000,0
132150000,0
132152000,0
132154000,0
132156000,0
132158000,0
132160000,0
132162000,0
132164001,0
132166000,0
132168000,0
132170000,0
132172000,0
132174000,0
132176000,0
132178000,0
132180000,0
132182000,0
132184001,0
132186000,0
132188000,0
132190000,0
132192000,0
132194000,0
132196000,0
132198000,0
132200000,0
132202000,0
132204000,0
132206000,0
132208000,0
132210000,0
132212000,0
132214000,0
132216000,0
132218000,0
132220000,0
132222000,0
132224000,0
132226000,0
132228000,0
132230000,0
132232000,0
132234000,0
132236000,0
132238000,0
132240000,0
132242001,0
132244000,0
132246000,0
132248000,0
132250000,0
132252000,0
132254000,0
132256000,0
132258001,0
132260000,0
132262000,0
132264000,0
132266000,0
132268000,0
132270000,0
132272000,0
132274000,0
132276000,0
132278000,0
132280000,0
132282001,0
132284001,0
132286000,0
132288000,0
132290000,0
132292000,0
132294000,0
132296000,0
132298000,0
132300000,0
132302000,0
132304000,0
132306000,0
132308000,0
132310000,0
132312000,0
132314000,0
132316000,0
132318000,0
132320000,0
132322000,0
132324000,0
132326000,0
132328000,0
132330000,0
132332000,0
132334000,0
132336000,0
132338000,0
132340000,0
132342000,0
132344000,0
132346000,0
132348000,0
132350001,0
132352000,0
132354000,0
132356000,0
132358000,0
132360000,0
132362000,0
132364000,0
132366000,0
132368000,0
132370000,0
132372000,0
132374000,0
132376000,0
132378000,0
132380000,0
132382000,0
132384000,0
132386000,0
132388001,0
132390001,0
132392001,0
132394000,0
132396000,0
132398001,0
132400000,0
132402000,0
132404000,0
132406000,0
132408000,0
132410000,0
132412000,0
132414000,0
132416000,0
132418000,0
132420000,0
132422001,0
132424000,0
132426000,0
132428000,0
132430000,0
132432000,0
132434000,0
132436000,0
132438001,0
132440001,0
132442000,0
132444000,0
132446000,0
132448000,0
132450000,0
132452000,0
132454000,0
132456000,0
132458000,0
132460000,0
132462000,0
132464001,0
132466000,0
132468000,0
132470000,0
132472000,0
132474000,0
132476000,0
132478000,0
132480000,0
132482000,0
132484000,0
132486000,0
132488000,0
132490000,0
132492000,0
132494000,0
132496000,0
132498000,0
132500000,0
132502000,0
132504000,0
132506000,0
132508000,0
132510000,0
132512000,0
132514000,0
132516001,0
132518000,0
132520000,0
132522001,0
132524000,0
132526000,0
132528001,0
132530000,0
132532000,0
132534000,0
132536000,0
132538000,0
132540000,0
132542000,0
132544000,0
132546000,0
132548000,0
132550000,0
132552000,0
132554000,0
132556000,0
132558000,0
132560000,0
132562000,0
132564000,0
132566000,0
132568001,0
132570000,0
132572000,0
132574001,0
132576000,0
132578000,0
132580001,0
132582001,0
132584001,0
132586000,0
132588000,0
132590000,0
132592000,0
132594000,0
132596000,0
132598000,0
132600000,0
132602000,0
132604000,0
132606000,0
132608000,0
132610001,0
132612001,0
132614000,0
132616000,0
132618001,0
132620000,0
132622000,0
132624000,0
132626000,0
132628000,0
132630000,0
132632000,0
132634000,0
132636000,0
132638001,0
132640000,0
132642000,0
132644000,0
132646000,0
132648000,0
132650000,0
132652000,0
132654000,0
132656000,0
132658000,0
132660000,0
132662000,0
132664000,0
132666000,0
132668000,0
132670000,0
132672000,0
132674000,0
132676000,0
132678000,0
132680000,0
132682000,0
132684000,0
132686000,0
132688000,0
132690000,0
132692000,0
132694000,0
132696000,0
132698000,0
132700000,0
132702000,0
132704000,0
132706000,0
132708000,0
132710000,0
132712000,0
132714000,0
132716001,0
132718000,0
132720000,0
132722000,0
132724000,0
132726000,0
132728000,0
132730000,0
132732000,0
132734001,0
132736000,0
132738000,0
132740000,0
132742000,0
132744000,0
132746000,0
132748001,0
132750000,0
132752000,0
132754000,0
132756000,0
132758000,0
132760000,0
132762000,0
132764000,0
132766000,0
132768000,0
132770001,0
132772000,0
132774000,0
132776000,0
132778000,0
132780000,0
132782000,0
132784000,0
132786000,0
132788000,0
132790000,0
132792000,0
132794000,0
132796000,0
132798000,0
132800000,0
132802000,0
132804000,0
132806000,0
132808000,0
132810000,0
132812000,0
132814000,0
132816000,0
132818000,0
132820000,0
132822001,0
132824000,0
132826000,0
132828000,0
132830000,0
132832000,0
132834000,0
132836000,0
132838000,0
132840000,0
132842000,0
132844001,0
132846000,0
132848000,0
132850000,0
132852000,0
132854000,0
132856000,0
132858000,0
132860000,0
132862000,0
132864000,0
132866000,0
132868000,0
132870000,0
132872000,0
132874000,0
132876000,0
132878000,0
132880000,0
132882000,0
132884000,0
132886000,0
132888000,0
132890000,0
132892000,0
132894000,0
132896000,0
132898000,0
132900000,0
132902000,0
132904000,0
132906001,0
132908000,0
132910000,0
132912000,0
132914000,0
132916000,0
132918000,0
132920000,0
132922000,0
132924000,0
132926000,0
132928000,0
132930000,0
132932000,0
132934000,0
132936000,0
132938000,0
132940000,0
132942000,0
132944000,0
132946000,0
132948000,0
132950000,0
132952001,0
132954000,0
132956000,0
132958000,0
132960000,0
132962000,0
132964000,0
132966000,0
132968000,0
132970000,0
132972000,0
132974000,0
132976000,0
132978000,0
132980000,0
132982000,0
132984000,0
132986000,0
132988000,0
132990001,0
132992001,0
132994000,0
132996000,0
132998000,0
133000000,0
133002000,0
133004000,0
133006001,0
133008000,0
133010000,0
133012000,0
133014000,0
133016000,0
133018000,0
133020000,0
133022000,0
133024000,0
133026000,0
133028000,0
133030001,0
133032001,0
133034000,0
133036000,0
133038000,0
133040001,0
133042000,0
133044000,0
133046000,0
133048000,0
133050000,0
133052000,0
133054000,0
133056000,0
133058000,0
133060000,0
133062000,0
133064000,0
133066000,0
133068000,0
133070000,0
133072000,0
133074000,0
133076000,0
133078000,0
133080001,0
133082000,0
133084000,0
133086001,0
133088000,0
133090000,0
133092000,0
133094000,0
133096000,0
133098000,0
133100000,0
133102000,0
133104000,0
133106000,0
133108000,0
133110000,0
133112000,0
133114000,0
133116000,0
133118000,0
133120001,0
133122000,0
133124000,0
133126000,0
133128001,0
133130000,0
133132000,0
133134000,0
133136000,0
133138000,0
133140000,0
133142000,0
133144000,0
133146000,0
133148000,0
133150000,0
133152001,0
133154000,0
133156000,0
133158000,0
133160000,0
133162001,0
133164000,0
133166000,0
133168000,0
133170000,0
133172000,0
133174000,0
133176000,0
133178000,0
133180000,0
133182000,0
133184001,0
133186000,0
133188000,0
133190001,0
133192000,0
133194000,0
133196000,0
133198000,0
133200000,0
133202000,0
133204000,0
133206000,0
133208000,0
133210000,0
133212000,0
133214000,0
133216000,0
133218000,0
133220000,0
133222000,0
133224000,0
133226000,0
133228000,0
133230000,0
133232001,0
133234000,0
133236000,0
133238000,0
133240001,0
133242000,0
133244000,0
133246000,0
133248000,0
133250000,0
133252000,0
133254000,0
133256000,0
133258000,0
133260000,0
133262000,0
133264001,0
133266000,0
133268000,0
133270000,0
133272000,0
133274000,0
133276000,0
133278000,0
133280000,0
133282000,0
133284000,0
133286001,0
133288001,0
133290000,0
133292000,0
133294000,0
133296000,0
133298000,0
133300000,0
133302000,0
133304000,0
133306000,0
133308000,0
133310000,0
133312000,0
133314000,0
133316001,0
133318000,0
133320000,0
133322001,0
133324001,0
133326001,0
133328000,0
133330000,0
133332000,0
133334000,0
133336000,0
133338000,0
133340000,0
133342001,0
133344000,0
133346000,0
133348001,0
133350000,0
133352000,0
133354000,0
133356000,0
133358000,0
133360000,0
133362000,0
133364000,0
133366001,0
133368000,0
133370000,0
133372000,0
133374000,0
133376000,0
133378000,0
133380000,0
133382000,0
133384000,0
133386000,0
133388000,0
133390001,0
133392000,0
133394000,0
133396001,0
133398001,0
133400000,0
133402000,0
133404000,0
133406000,0
133408000,0
133410000,0
133412000,0
133414000,0
133416000,0
133418000,0
133420000,0
133422000,0
133424000,0
133426000,0
133428000,0
133430000,0
133432001,0
133434000,0
133436000,0
133438000,0
133440000,0
133442000,0
133444000,0
133446000,0
133448000,0
133450000,0
133452000,0
133454000,0
133456000,0
133458001,0
133460000,0
133462000,0
133464001,0
133466000,0
133468000,0
133470000,0
133472000,0
133474000,0
133476000,0
133478000,0
133480000,0
133482000,0
133484000,0
133486000,0
133488000,0
133490000,0
133492001,0
133494000,0
133496000,0
133498000,0
133500000,0
133502000,0
133504000,0
133506000,0
133508000,0
133510000,0
133512001,0
133514000,0
133516000,0
133518000,0
133520000,0
133522000,0
133524000,0
133526001,0
133528000,0
133530000,0
133532001,0
133534000,0
133536000,0
133538000,0
133540000,0
133542000,0
133544000,0
133546000,0
133548000,0
133550000,0
133552001,0
133554000,0
133556000,0
133558000,0
133560000,0
133562000,0
133564000,0
133566001,0
133568000,0
133570000,0
133572000,0
133574000,0
133576000,0
133578000,0
133580000,0
133582000,0
133584000,0
133586000,0
133588001,0
133590000,0
133592000,0
133594000,0
133596000,0
133598000,0
133600000,0
133602000,0
133604001,0
133606000,0
133608000,0
133610000,0
133612000,0
133614000,0
133616000,0
133618000,0
133620001,0
133622000,0
133624000,0
133626000,0
133628000,0
133630000,0
133632000,0
133634000,0
133636000,0
133638001,0
133640000,0
133642000,0
133644000,0
133646000,0
133648000,0
133650000,0
133652000,0
133654000,0
133656001,0
133658001,0
133660000,0
133662000,0
133664000,0
133666001,0
133668000,0
133670000,0
133672000,0
133674000,0
133676000,0
133678000,0
133680000,0
133682000,0
133684000,0
133686000,0
133688000,0
133690000,0
133692000,0
133694000,0
133696000,0
133698000,0
133700000,0
133702000,0
133704001,0
133706001,0
133708000,0
133710000,0
133712000,0
133714000,0
133716000,0
133718000,0
133720000,0
133722000,0
133724000,0
133726000,0
133728000,0
133730001,0
133732000,0
133734000,0
133736000,0
133738000,0
133740000,0
133742000,0
133744000,0
133746000,0
133748000,0
133750000,0
133752001,0
133754000,0
133756000,0
133758000,0
133760000,0
133762000,0
133764001,0
133766000,0
133768000,0
133770000,0
133772000,0
133774000,0
133776000,0
133778000,0
133780000,0
133782000,0
133784001,0
133786000,0
133788000,0
133790000,0
133792000,0
133794000,0
133796000,0
133798000,0
133800000,0
133802000,0
133804000,0
133806000,0
133808000,0
133810000,0
133812000,0
133814000,0
133816000,0
133818000,0
133820000,0
133822000,0
133824001,0
133826000,0
133828000,0
133830000,0
133832000,0
133834000,0
133836000,0
133838000,0
133840001,0
133842000,0
133844000,0
133846000,0
133848000,0
133850001,0
133852000,0
133854000,0
133856000,0
133858000,0
133860000,0
133862000,0
133864000,0
133866000,0
133868000,0
133870000,0
133872000,0
133874001,0
133876000,0
133878000,0
133880000,0
133882000,0
133884000,0
133886000,0
133888000,0
133890000,0
133892001,0
133894000,0
133896000,0
133898001,0
133900000,0
133902000,0
133904000,0
133906000,0
133908001,0
133910000,0
133912000,0
133914000,0
133916000,0
133918000,0
133920000,0
133922000,0
133924001,0
133926000,0
133928000,0
133930000,0
133932000,0
133934000,0
133936000,0
133938001,0
133940000,0
133942000,0
133944000,0
133946000,0
133948000,0
133950001,0
133952001,0
133954000,0
133956000,0
133958000,0
133960000,0
133962000,0
133964000,0
133966000,0
133968000,0
133970001,0
133972000,0
133974000,0
133976000,0
133978000,0
133980000,0
133982000,0
133984001,0
133986001,0
133988000,0
133990000,0
133992000,0
133994000,0
133996000,0
133998000,0
134000000,0
134002000,0
134004001,0
134006000,0
134008000,0
134010000,0
134012001,0
134014000,0
134016000,0
134018001,0
134020000,0
134022000,0
134024000,0
134026000,0
134028000,0
134030000,0
134032000,0
134034000,0
134036000,0
134038001,0
134040000,0
134042000,0
134044000,0
134046000,0
134048000,0
134050000,0
134052001,0
134054000,0
134056000,0
134058000,0
134060001,0
134062000,0
134064000,0
134066000,0
134068000,0
134070000,0
134072000,0
134074000,0
134076000,0
134078000,0
134080000,0
134082000,0
134084000,0
134086000,0
134088000,0
134090001,0
134092001,0
134094001,0
134096000,0
134098000,0
134100001,0
134102001,0
134104000,0
134106000,0
134108001,0
134110001,0
134112000,0
134114000,0
134116000,0
134118000,0
134120000,0
134122001,0
134124001,0
134126000,0
134128000,0
134130000,0
134132000,0
134134000,0
134136000,0
134138000,0
134140001,0
134142000,0
134144000,0
134146001,0
134148000,0
134150000,0
134152000,0
134154001,0
134156000,0
134158000,0
134160001,0
134162000,0
134164000,0
134166000,0
134168000,0
134170000,0
134172000,0
134174000,0
134176000,0
134178000,0
134180000,0
134182000,0
134184000,0
134186000,0
134188000,0
134190000,0
134192000,0
134194000,0
134196000,0
134198000,0
134200000,0
134202001,0
134204000,0
134206000,0
134208000,0
134210000,0
134212000,0
134214000,0
134216000,0
134218000,0
134220000,0
134222000,0
134224000,0
134226000,0
134228000,0
134230000,0
134232000,0
134234000,0
134236001,0
134238000,0
134240000,0
134242000,0
134244000,0
134246000,0
134248000,0
134250000,0
134252000,0
134254000,0
134256000,0
134258001,0
134260000,0
134262000,0
134264001,0
134266000,0
134268000,0
134270000,0
134272000,0
134274001,0
134276000,0
134278000,0
134280000,0
134282001,0
134284000,0
134286000,0
134288000,0
134290001,0
134292001,0
134294000,0
134296000,0
134298000,0
134300000,0
134302000,0
134304000,0
134306000,0
134308000,0
134310000,0
134312000,0
134314000,0
134316000,0
134318000,0
134320000,0
134322000,0
134324000,0
134326000,0
134328000,0
134330000,0
134332000,0
134334000,0
134336000,0
134338000,0
134340000,0
134342000,0
134344001,0
134346000,0
134348000,0
134350000,0
134352001,0
134354000,0
134356000,0
134358000,0
134360000,0
134362000,0
134364000,0
134366000,0
134368000,0
134370000,0
134372000,0
134374000,0
134376001,0
134378001,0
134380001,0
134382000,0
134384000,0
134386000,0
134388000,0
134390000,0
134392000,0
134394000,0
134396000,0
134398000,0
134400000,0
134402000,0
134404000,0
134406000,0
134408000,0
134410000,0
134412001,0
134414000,0
134416000,0
134418000,0
134420000,0
134422000,0
134424000,0
134426000,0
134428000,0
134430000,0
134432000,0
134434000,0
134436000,0
134438000,0
134440000,0
134442000,0
134444001,0
134446000,0
134448000,0
134450000,0
134452001,0
134454001,0
134456000,0
134458000,0
134460000,0
134462000,0
134464001,0
134466000,0
134468000,0
134470000,0
134472001,0
134474000,0
134476000,0
134478000,0
134480000,0
134482000,0
134484001,0
134486000,0
134488000,0
134490000,0
134492000,0
134494000,0
134496000,0
134498000,0
134500000,0
134502000,0
134504000,0
134506000,0
134508000,0
134510000,0
134512000,0
134514000,0
134516001,0
134518001,0
134520001,0
134522000,0
134524000,0
134526001,0
134528000,0
134530000,0
134532000,0
134534000,0
134536000,0
134538000,0
134540000,0
134542001,0
134544000,0
134546000,0
134548000,0
134550000,0
134552000,0
134554000,0
134556000,0
134558000,0
134560000,0
134562000,0
134564000,0
134566000,0
134568000,0
134570000,0
134572000,0
134574000,0
134576000,0
134578000,0
134580000,0
134582001,0
134584000,0
134586000,0
134588000,0
134590000,0
134592000,0
134594001,0
134596000,0
134598000,0
134600000,0
134602001,0
134604000,0
134606000,0
134608000,0
134610000,0
134612001,0
134614000,0
134616000,0
134618000,0
134620000,0
134622000,0
134624000,0
134626000,0
134628000,0
134630000,0
134632000,0
134634000,0
134636001,0
134638000,0
134640000,0
134642000,0
134644000,0
134646000,0
134648000,0
134650000,0
134652000,0
134654000,0
134656000,0
134658000,0
134660001,0
134662000,0
134664000,0
134666000,0
134668000,0
134670000,0
134672000,0
134674000,0
134676001,0
134678001,0
134680000,0
134682000,0
134684001,0
134686000,0
134688000,0
134690000,0
134692000,0
134694000,0
134696000,0
134698001,0
134700000,0
134702000,0
134704000,0
134706000,0
134708000,0
134710000,0
134712000,0
134714000,0
134716000,0
134718000,0
134720000,0
134722000,0
134724000,0
134726000,0
134728000,0
134730000,0
134732000,0
134734000,0
134736001,0
134738000,0
134740000,0
134742000,0
134744000,0
134746000,0
134748000,0
134750000,0
134752000,0
134754000,0
134756000,0
134758000,0
134760000,0
134762000,0
134764000,0
134766000,0
134768001,0
134770000,0
134772000,0
134774000,0
134776000,0
134778000,0
134780001,0
134782000,0
134784000,0
134786000,0
134788001,0
134790000,0
134792000,0
134794000,0
134796000,0
134798000,0
134800001,0
134802000,0
134804000,0
134806000,0
134808000,0
134810000,0
134812001,0
134814000,0
134816000,0
134818000,0
134820001,0
134822000,0
134824000,0
134826000,0
134828001,0
134830000,0
134832000,0
134834000,0
134836000,0
134838001,0
134840000,0
134842000,0
134844000,0
134846000,0
134848000,0
134850000,0
134852001,0
134854001,0
134856000,0
134858000,0
134860000,0
134862001,0
134864001,0
134866001,0
134868001,0
134870000,0
134872000,0
134874000,0
134876000,0
134878001,0
134880000,0
134882000,0
134884000,0
134886001,0
134888000,0
134890001,0
134892000,0
134894000,0
134896000,0
134898000,0
134900000,0
134902000,0
134904000,0
134906000,0
134908000,0
134910000,0
134912001,0
134914000,0
134916000,0
134918000,0
134920000,0
134922000,0
134924000,0
134926000,0
134928000,0
134930000,0
134932001,0
134934000,0
134936000,0
134938000,0
134940000,0
134942000,0
134944000,0
134946000,0
134948000,0
134950000,0
134952001,0
134954000,0
134956000,0
134958000,0
134960000,0
134962001,0
134964000,0
134966000,0
134968000,0
134970000,0
134972000,0
134974000,0
134976000,0
134978000,0
134980001,0
134982001,0
134984000,0
134986000,0
134988000,0
134990000,0
134992000,0
134994000,0
134996000,0
134998000,0
135000000,0
135002000,0
135004000,0
135006000,0
135008000,0
135010000,0
135012000,0
135014001,0
135016000,0
135018000,0
135020000,0
135022000,0
135024000,0
135026000,0
135028000,0
135030000,0
135032001,0
135034000,0
135036001,0
135038000,0
135040000,0
135042000,0
135044001,0
135046000,0
135048000,0
135050000,0
135052000,0
135054000,0
135056000,0
135058001,0
135060000,0
135062000,0
135064000,0
135066000,0
135068000,0
135070000,0
135072000,0
135074000,0
135076001,0
135078000,0
135080000,0
135082000,0
135084000,0
135086000,0
135088000,0
135090001,0
135092000,0
135094000,0
135096000,0
135098000,0
135100000,0
135102000,0
135104000,0
135106000,0
135108001,0
135110000,0
135112001,0
135114000,0
135116000,0
135118000,0
135120000,0
135122000,0
135124000,0
135126001,0
135128000,0
135130000,0
135132000,0
135134000,0
135136000,0
135138000,0
135140001,0
135142000,0
135144000,0
135146000,0
135148000,0
135150000,0
135152000,0
135154000,0
135156000,0
135158000,0
135160000,0
135162000,0
135164001,0
135166001,0
135168000,0
135170000,0
135172000,0
135174000,0
135176000,0
135178000,0
135180000,0
135182000,0
135184000,0
135186000,0
135188000,0
135190000,0
135192001,0
135194000,0
135196000,0
135198000,0
135200000,0
135202000,0
135204000,0
135206000,0
135208000,0
135210000,0
135212000,0
135214001,0
135216000,0
135218000,0
135220000,0
135222000,0
135224000,0
135226000,0
135228000,0
135230000,0
135232000,0
135234000,0
135236000,0
135238000,0
135240000,0
135242000,0
135244000,0
135246000,0
135248000,0
135250000,0
135252000,0
135254000,0
135256000,0
135258000,0
135260001,0
135262000,0
135264000,0
135266000,0
135268000,0
135270000,0
135272000,0
135274000,0
135276000,0
135278000,0
135280000,0
135282000,0
135284000,0
135286000,0
135288000,0
135290000,0
135292001,0
135294000,0
135296000,0
135298000,0
135300000,0
135302000,0
135304000,0
135306000,0
135308000,0
135310000,0
135312000,0
135314000,0
135316000,0
135318000,0
135320000,0
135322000,0
135324000,0
135326000,0
135328000,0
135330000,0
135332000,0
135334001,0
135336001,0
135338000,0
135340000,0
135342000,0
135344000,0
135346000,0
135348000,0
135350000,0
135352000,0
135354000,0
135356000,0
135358000,0
135360000,0
135362000,0
135364000,0
135366000,0
135368000,0
135370000,0
135372000,0
135374000,0
135376000,0
135378000,0
135380000,0
135382001,0
135384001,0
135386000,0
135388000,0
135390000,0
135392000,0
135394000,0
135396000,0
135398000,0
135400000,0
135402000,0
135404000,0
135406000,0
135408000,0
135410000,0
135412000,0
135414000,0
135416000,0
135418001,0
135420000,0
135422000,0
135424000,0
135426000,0
135428001,0
135430000,0
135432000,0
135434001,0
135436001,0
135438000,0
135440000,0
135442000,0
135444000,0
135446000,0
135448001,0
135450000,0
135452000,0
135454000,0
135456001,0
135458000,0
135460000,0
135462000,0
135464000,0
135466000,0
135468000,0
135470000,0
135472000,0
135474000,0
135476000,0
135478000,0
135480000,0
135482000,0
135484000,0
135486000,0
135488000,0
135490000,0
135492000,0
135494000,0
135496000,0
135498001,0
135500001,0
135502000,0
135504000,0
135506001,0
135508000,0
135510000,0
135512000,0
135514000,0
135516000,0
135518000,0
135520000,0
135522000,0
135524000,0
135526000,0
135528000,0
135530000,0
135532000,0
135534000,0
135536000,0
135538000,0
135540000,0
135542000,0
135544001,0
135546000,0
135548000,0
135550000,0
135552000,0
135554000,0
135556000,0
135558000,0
135560000,0
135562000,0
135564000,0
135566000,0
135568000,0
135570000,0
135572000,0
135574000,0
135576000,0
135578000,0
135580000,0
135582000,0
135584000,0
135586000,0
135588000,0
135590001,0
135592000,0
135594000,0
135596000,0
135598000,0
135600000,0
135602000,0
135604000,0
135606000,0
135608000,0
135610001,0
135612000,0
135614000,0
135616001,0
135618000,0
135620000,0
135622000,0
135624000,0
135626000,0
135628000,0
135630000,0
135632000,0
135634000,0
135636000,0
135638000,0
135640000,0
135642000,0
135644000,0
135646000,0
135648000,0
135650001,0
135652000,0
135654000,0
135656000,0
135658000,0
135660000,0
135662001,0
135664001,0
135666000,0
135668000,0
135670000,0
135672000,0
135674000,0
135676000,0
135678000,0
135680000,0
135682000,0
135684000,0
135686000,0
135688000,0
135690001,0
135692000,0
135694000,0
135696000,0
135698000,0
135700001,0
135702000,0
135704000,0
135706000,0
135708001,0
135710000,0
135712000,0
135714000,0
135716000,0
135718000,0
135720001,0
135722001,0
135724000,0
135726000,0
135728000,0
135730000,0
135732001,0
135734000,0
135736000,0
135738000,0
135740000,0
135742000,0
135744000,0
135746000,0
135748000,0
135750000,0
135752000,0
135754000,0
135756000,0
135758000,0
135760000,0
135762001,0
135764001,0
135766000,0
135768000,0
135770000,0
135772000,0
135774000,0
135776000,0
135778000,0
135780000,0
135782000,0
135784000,0
135786000,0
135788000,0
135790000,0
135792000,0
135794000,0
135796000,0
135798000,0
135800000,0
135802000,0
135804000,0
135806001,0
135808000,0
135810000,0
135812000,0
135814000,0
135816000,0
135818000,0
135820000,0
135822001,0
135824000,0
135826000,0
135828000,0
135830000,0
135832000,0
135834000,0
135836000,0
135838000,0
135840000,0
135842000,0
135844000,0
135846000,0
135848000,0
135850000,0
135852000,0
135854000,0
135856001,0
135858000,0
135860000,0
135862000,0
135864000,0
135866000,0
135868000,0
135870000,0
135872000,0
135874000,0
135876001,0
135878000,0
135880000,0
135882000,0
135884001,0
135886001,0
135888001,0
135890000,0
135892000,0
135894000,0
135896000,0
135898000,0
135900001,0
135902000,0
135904000,0
135906000,0
135908000,0
135910000,0
135912000,0
135914000,0
135916000,0
135918000,0
135920000,0
135922001,0
135924000,0
135926000,0
135928000,0
135930000,0
135932000,0
135934000,0
135936001,0
135938000,0
135940000,0
135942000,0
135944000,0
135946001,0
135948000,0
135950000,0
135952001,0
135954001,0
135956000,0
135958000,0
135960000,0
135962000,0
135964000,0
135966000,0
135968000,0
135970000,0
135972000,0
135974000,0
135976000,0
135978000,0
135980000,0
135982000,0
135984000,0
135986000,0
135988000,0
135990000,0
135992000,0
135994001,0
135996000,0
135998000,0
136000000,0
136002000,0
136004000,0
136006001,0
136008000,0
136010000,0
136012001,0
136014000,0
136016000,0
136018000,0
136020000,0
136022000,0
136024000,0
136026000,0
136028000,0
136030000,0
136032000,0
136034000,0
136036000,0
136038001,0
136040000,0
136042000,0
136044000,0
136046000,0
136048000,0
136050000,0
136052000,0
136054000,0
136056000,0
136058001,0
136060001,0
136062001,0
136064000,0
136066000,0
136068000,0
136070001,0
136072000,0
136074000,0
136076000,0
136078000,0
136080000,0
136082000,0
136084000,0
136086000,0
136088000,0
136090000,0
136092000,0
136094000,0
136096000,0
136098000,0
136100000,0
136102000,0
136104000,0
136106001,0
136108000,0
136110000,0
136112000,0
136114000,0
136116000,0
136118000,0
136120000,0
136122000,0
136124001,0
136126000,0
136128000,0
136130000,0
136132000,0
136134000,0
136136000,0
136138000,0
136140000,0
136142000,0
136144000,0
136146000,0
136148001,0
136150000,0
136152000,0
136154000,0
136156000,0
136158001,0
136160000,0
136162000,0
136164000,0
136166000,0
136168000,0
136170000,0
136172000,0
136174000,0
136176000,0
136178000,0
136180000,0
136182000,0
136184000,0
136186000,0
136188000,0
136190001,0
136192000,0
136194000,0
136196000,0
136198000,0
136200000,0
136202000,0
136204001,0
136206000,0
136208000,0
136210000,0
136212000,0
136214000,0
136216000,0
136218000,0
136220001,0
136222000,0
136224000,0
136226000,0
136228001,0
136230000,0
136232000,0
136234001,0
136236000,0
136238000,0
136240000,0
136242000,0
136244000,0
136246000,0
136248000,0
136250000,0
136252000,0
136254000,0
136256000,0
136258000,0
136260000,0
136262001,0
136264001,0
136266000,0
136268000,0
136270000,0
136272001,0
136274001,0
136276001,0
136278000,0
136280000,0
136282000,0
136284000,0
136286000,0
136288001,0
136290000,0
136292001,0
136294000,0
136296000,0
136298000,0
136300001,0
136302001,0
136304000,0
136306000,0
136308000,0
136310000,0
136312000,0
136314000,0
136316000,0
136318000,0
136320000,0
136322000,0
136324000,0
136326000,0
136328000,0
136330000,0
136332000,0
136334000,0
136336000,0
136338000,0
136340000,0
136342000,0
136344000,0
136346001,0
136348000,0
136350000,0
136352000,0
136354000,0
136356000,0
136358000,0
136360000,0
136362000,0
136364000,0
136366000,0
136368000,0
136370000,0
136372000,0
136374000,0
136376000,0
136378000,0
136380000,0
136382000,0
136384001,0
136386000,0
136388000,0
136390000,0
136392000,0
136394001,0
136396001,0
136398000,0
136400000,0
136402001,0
136404000,0
136406000,0
136408000,0
136410000,0
136412000,0
136414000,0
136416000,0
136418000,0
136420000,0
136422000,0
136424000,0
136426001,0
136428001,0
136430000,0
136432000,0
136434000,0
136436000,0
136438000,0
136440000,0
136442000,0
136444000,0
136446000,0
136448000,0
136450000,0
136452000,0
136454000,0
136456000,0
136458001,0
136460000,0
136462000,0
136464000,0
136466000,0
136468000,0
136470000,0
136472000,0
136474001,0
136476001,0
136478000,0
136480000,0
136482000,0
136484000,0
136486000,0
136488000,0
136490000,0
136492001,0
136494000,0
136496000,0
136498000,0
136500000,0
136502000,0
136504000,0
136506000,0
136508001,0
136510000,0
136512000,0
136514000,0
136516000,0
136518000,0
136520000,0
136522000,0
136524000,0
136526000,0
136528000,0
136530000,0
136532001,0
136534001,0
136536000,0
136538000,0
136540001,0
136542000,0
136544000,0
136546001,0
136548000,0
136550000,0
136552000,0
136554000,0
136556000,0
136558000,0
136560000,0
136562000,0
136564000,0
136566000,0
136568000,0
136570000,0
136572000,0
136574000,0
136576000,0
136578000,0
136580000,0
136582000,0
136584000,0
136586000,0
136588000,0
136590000,0
136592000,0
136594000,0
136596000,0
136598000,0
136600000,0
136602000,0
136604001,0
136606000,0
136608000,0
136610000,0
136612000,0
136614001,0
136616001,0
136618001,0
136620001,0
136622001,0
136624000,0
136626000,0
136628001,0
136630000,0
136632000,0
136634000,0
136636000,0
136638000,0
136640000,0
136642000,0
136644000,0
136646000,0
136648000,0
136650000,0
136652000,0
136654001,0
136656000,0
136658000,0
136660000,0
136662000,0
136664000,0
136666001,0
136668001,0
136670000,0
136672000,0
136674000,0
136676000,0
136678000,0
136680000,0
136682000,0
136684000,0
136686000,0
136688000,0
136690000,0
136692000,0
136694000,0
136696000,0
136698000,0
136700001,0
136702000,0
136704000,0
136706000,0
136708000,0
136710000,0
136712000,0
136714000,0
136716001,0
136718001,0
136720000,0
136722000,0
136724000,0
136726000,0
136728000,0
136730000,0
136732000,0
136734000,0
136736000,0
136738000,0
136740000,0
136742001,0
136744000,0
136746000,0
136748000,0
136750000,0
136752001,0
136754000,0
136756000,0
136758000,0
136760000,0
136762000,0
136764001,0
136766000,0
136768000,0
136770000,0
136772000,0
136774000,0
136776000,0
136778000,0
136780000,0
136782000,0
136784000,0
136786000,0
136788000,0
136790000,0
136792000,0
136794000,0
136796000,0
136798000,0
136800000,0
136802000,0
136804000,0
136806000,0
136808000,0
136810000,0
136812000,0
136814000,0
136816000,0
136818000,0
136820001,0
136822001,0
136824000,0
136826000,0
136828000,0
136830000,0
136832000,0
136834000,0
136836000,0
136838001,0
136840000,0
136842000,0
136844000,0
136846000,0
136848000,0
136850001,0
136852001,0
136854000,0
136856000,0
136858000,0
136860000,0
136862000,0
136864000,0
136866000,0
136868000,0
136870001,0
136872000,0
136874000,0
136876000,0
136878000,0
136880001,0
136882000,0
136884000,0
136886000,0
136888001,0
136890000,0
136892000,0
136894000,0
136896000,0
136898000,0
136900000,0
136902001,0
136904001,0
136906000,0
136908000,0
136910000,0
136912000,0
136914001,0
136916000,0
136918000,0
136920000,0
136922000,0
136924000,0
136926000,0
136928001,0
136930000,0
136932000,0
136934000,0
136936000,0
136938000,0
136940000,0
136942000,0
136944000,0
136946001,0
136948000,0
136950000,0
136952000,0
136954000,0
136956000,0
136958000,0
136960000,0
136962000,0
136964000,0
136966000,0
136968000,0
136970000,0
136972000,0
136974000,0
136976000,0
136978000,0
136980000,0
136982000,0
136984000,0
136986000,0
136988001,0
136990001,0
136992001,0
136994000,0
136996000,0
136998000,0
137000000,0
137002000,0
137004000,0
137006000,0
137008000,0
137010000,0
137012000,0
137014000,0
137016000,0
137018000,0
137020000,0
137022000,0
137024000,0
137026000,0
137028000,0
137030000,0
137032000,0
137034000,0
137036000,0
137038000,0
137040000,0
137042001,0
137044000,0
137046000,0
137048001,0
137050000,0
137052000,0
137054000,0
137056001,0
137058001,0
137060001,0
137062000,0
137064000,0
137066000,0
137068000,0
137070000,0
137072000,0
137074000,0
137076000,0
137078000,0
137080000,0
137082000,0
137084000,0
137086000,0
137088001,0
137090000,0
137092000,0
137094000,0
137096000,0
137098000,0
137100000,0
137102000,0
137104000,0
137106000,0
137108000,0
137110000,0
137112001,0
137114000,0
137116000,0
137118000,0
137120000,0
137122000,0
137124000,0
137126000,0
137128000,0
137130000,0
137132000,0
137134000,0
137136000,0
137138000,0
137140000,0
137142000,0
137144000,0
137146000,0
137148000,0
137150000,0
137152000,0
137154000,0
137156000,0
137158000,0
137160000,0
137162000,0
137164000,0
137166000,0
137168000,0
137170000,0
137172000,0
137174000,0
137176000,0
137178000,0
137180001,0
137182001,0
137184000,0
137186000,0
137188000,0
137190000,0
137192000,0
137194000,0
137196000,0
137198001,0
137200001,0
137202000,0
137204000,0
137206000,0
137208000,0
137210000,0
137212000,0
137214000,0
137216000,0
137218001,0
137220001,0
137222000,0
137224000,0
137226000,0
137228000,0
137230000,0
137232000,0
137234001,0
137236000,0
137238000,0
137240000,0
137242000,0
137244000,0
137246000,0
137248000,0
137250000,0
137252000,0
137254000,0
137256000,0
137258000,0
137260000,0
137262000,0
137264001,0
137266000,0
137268000,0
137270000,0
137272000,0
137274000,0
137276000,0
137278000,0
137280000,0
137282000,0
137284000,0
137286000,0
137288000,0
137290000,0
137292001,0
137294000,0
137296000,0
137298000,0
137300001,0
137302000,0
137304000,0
137306000,0
137308000,0
137310000,0
137312000,0
137314000,0
137316001,0
137318000,0
137320000,0
137322000,0
137324000,0
137326000,0
137328000,0
137330000,0
137332000,0
137334000,0
137336000,0
137338000,0
137340000,0
137342000,0
137344000,0
137346000,0
137348000,0
137350000,0
137352000,0
137354000,0
137356000,0
137358000,0
137360000,0
137362000,0
137364000,0
137366000,0
137368001,0
137370000,0
137372000,0
137374000,0
137376000,0
137378000,0
137380000,0
137382000,0
137384000,0
137386000,0
137388001,0
137390000,0
137392000,0
137394000,0
137396000,0
137398000,0
137400000,0
137402000,0
137404000,0
137406001,0
137408000,0
137410000,0
137412000,0
137414000,0
137416000,0
137418000,0
137420000,0
137422000,0
137424000,0
137426000,0
137428001,0
137430000,0
137432000,0
137434000,0
137436001,0
137438000,0
137440000,0
137442000,0
137444000,0
137446000,0
137448000,0
137450000,0
137452000,0
137454000,0
137456000,0
137458000,0
137460001,0
137462000,0
137464001,0
137466001,0
137468000,0
137470000,0
137472000,0
137474000,0
137476000,0
137478000,0
137480000,0
137482000,0
137484000,0
137486000,0
137488000,0
137490000,0
137492000,0
137494000,0
137496000,0
137498000,0
137500000,0
137502001,0
137504000,0
137506000,0
137508000,0
137510000,0
137512000,0
137514000,0
137516000,0
137518000,0
137520000,0
137522000,0
137524000,0
137526001,0
137528001,0
137530000,0
137532000,0
137534000,0
137536000,0
137538000,0
137540000,0
137542000,0
137544000,0
137546000,0
137548000,0
137550000,0
137552001,0
137554000,0
137556000,0
137558000,0
137560000,0
137562000,0
137564001,0
137566001,0
137568001,0
137570000,0
137572000,0
137574000,0
137576000,0
137578000,0
137580000,0
137582000,0
137584000,0
137586000,0
137588000,0
137590000,0
137592000,0
137594001,0
137596001,0
137598000,0
137600000,0
137602001,0
137604000,0
137606000,0
137608000,0
137610000,0
137612000,0
137614000,0
137616000,0
137618001,0
137620000,0
137622000,0
137624000,0
137626000,0
137628000,0
137630000,0
137632000,0
137634000,0
137636000,0
137638000,0
137640000,0
137642000,0
137644000,0
137646000,0
137648001,0
137650000,0
137652000,0
137654001,0
137656000,0
137658000,0
137660000,0
137662000,0
137664000,0
137666000,0
137668000,0
137670000,0
137672001,0
137674000,0
137676000,0
137678000,0
137680000,0
137682000,0
137684000,0
137686000,0
137688000,0
137690001,0
137692000,0
137694000,0
137696000,0
137698000,0
137700000,0
137702000,0
137704000,0
137706000,0
137708000,0
137710000,0
137712000,0
137714000,0
137716000,0
137718001,0
137720000,0
137722000,0
137724000,0
137726001,0
137728000,0
137730000,0
137732000,0
137734000,0
137736001,0
137738000,0
137740000,0
137742001,0
137744000,0
137746000,0
137748000,0
137750000,0
137752000,0
137754000,0
137756000,0
137758000,0
137760000,0
137762000,0
137764000,0
137766000,0
137768000,0
137770000,0
137772000,0
137774000,0
137776000,0
137778000,0
137780000,0
137782000,0
137784000,0
137786001,0
137788000,0
137790000,0
137792000,0
137794000,0
137796000,0
137798000,0
137800000,0
137802000,0
137804000,0
137806000,0
137808001,0
137810000,0
137812000,0
137814000,0
137816001,0
137818001,0
137820000,0
137822000,0
137824000,0
137826000,0
137828000,0
137830000,0
137832000,0
137834000,0
137836001,0
137838001,0
137840001,0
137842000,0
137844000,0
137846000,0
137848001,0
137850000,0
137852000,0
137854000,0
137856000,0
137858000,0
137860000,0
137862000,0
137864000,0
137866000,0
137868000,0
137870000,0
137872000,0
137874001,0
137876001,0
137878001,0
137880001,0
137882000,0
137884000,0
137886000,0
137888000,0
137890000,0
137892000,0
137894000,0
137896000,0
137898000,0
137900000,0
137902000,0
137904000,0
137906000,0
137908000,0
137910000,0
137912000,0
137914000,0
137916000,0
137918000,0
137920000,0
137922000,0
137924000,0
137926000,0
137928000,0
137930000,0
137932000,0
137934001,0
137936001,0
137938000,0
137940000,0
137942000,0
137944000,0
137946000,0
137948001,0
137950000,0
137952000,0
137954000,0
137956001,0
137958000,0
137960000,0
137962000,0
137964000,0
137966000,0
137968000,0
137970000,0
137972000,0
137974000,0
137976000,0
137978000,0
137980000,0
137982000,0
137984000,0
137986000,0
137988000,0
137990000,0
137992000,0
137994000,0
137996000,0
137998000,0
138000000,0
138002000,0
138004000,0
138006000,0
138008000,0
138010000,0
138012000,0
138014000,0
138016001,0
138018000,0
138020000,0
138022000,0
138024000,0
138026000,0
138028001,0
138030001,0
138032000,0
138034000,0
138036000,0
138038000,0
138040000,0
138042000,0
138044000,0
138046000,0
138048001,0
138050000,0
138052000,0
138054000,0
138056000,0
138058000,0
138060000,0
138062001,0
138064000,0
138066000,0
138068000,0
138070000,0
138072000,0
138074000,0
138076000,0
138078000,0
138080000,0
138082000,0
138084001,0
138086001,0
138088000,0
138090000,0
138092001,0
138094000,0
138096000,0
138098000,0
138100000,0
138102000,0
138104000,0
138106000,0
138108000,0
138110000,0
138112000,0
138114000,0
138116000,0
138118000,0
138120000,0
138122000,0
138124000,0
138126000,0
138128000,0
138130000,0
138132000,0
138134000,0
138136000,0
138138000,0
138140000,0
138142000,0
138144000,0
138146000,0
138148000,0
138150000,0
138152000,0
138154001,0
138156000,0
138158000,0
138160000,0
138162000,0
138164000,0
138166000,0
138168000,0
138170000,0
138172000,0
138174000,0
138176000,0
138178001,0
138180000,0
138182000,0
138184000,0
138186000,0
138188000,0
138190000,0
138192000,0
138194000,0
138196000,0
138198000,0
138200000,0
138202000,0
138204000,0
138206000,0
138208000,0
138210001,0
138212001,0
138214000,0
138216000,0
138218000,0
138220000,0
138222001,0
138224001,0
138226001,0
138228000,0
138230000,0
138232000,0
138234000,0
138236000,0
138238000,0
138240000,0
138242000,0
138244000,0
138246000,0
138248000,0
138250000,0
138252000,0
138254000,0
138256000,0
138258000,0
138260000,0
138262000,0
138264001,0
138266001,0
138268001,0
138270000,0
138272000,0
138274000,0
138276000,0
138278000,0
138280000,0
138282000,0
138284000,0
138286001,0
138288000,0
138290000,0
138292001,0
138294000,0
138296000,0
138298000,0
138300000,0
138302000,0
138304000,0
138306000,0
138308000,0
138310001,0
138312000,0
138314000,0
138316000,0
138318001,0
138320001,0
138322000,0
138324000,0
138326000,0
138328000,0
138330000,0
138332000,0
138334000,0
138336000,0
138338000,0
138340000,0
138342001,0
138344000,0
138346000,0
138348000,0
138350000,0
138352000,0
138354000,0
138356000,0
138358000,0
138360000,0
138362000,0
138364000,0
138366000,0
138368000,0
138370000,0
138372000,0
138374000,0
138376000,0
138378000,0
138380001,0
138382000,0
138384000,0
138386000,0
138388000,0
138390000,0
138392000,0
138394000,0
138396000,0
138398000,0
138400000,0
138402000,0
138404000,0
138406000,0
138408000,0
138410000,0
138412000,0
138414001,0
138416000,0
138418000,0
138420000,0
138422000,0
138424000,0
138426000,0
138428000,0
138430000,0
138432000,0
138434000,0
138436000,0
138438000,0
138440000,0
138442000,0
138444000,0
138446000,0
138448000,0
138450000,0
138452001,0
138454000,0
138456000,0
138458000,0
138460000,0
138462000,0
138464000,0
138466000,0
138468000,0
138470000,0
138472000,0
138474000,0
138476000,0
138478000,0
138480000,0
138482000,0
138484000,0
138486000,0
138488000,0
138490000,0
138492000,0
138494000,0
138496001,0
138498001,0
138500000,0
138502000,0
138504000,0
138506000,0
138508000,0
138510001,0
138512000,0
138514000,0
138516000,0
138518000,0
138520000,0
138522000,0
138524000,0
138526000,0
138528000,0
138530000,0
138532000,0
138534000,0
138536000,0
138538000,0
138540000,0
138542000,0
138544000,0
138546000,0
138548000,0
138550000,0
138552000,0
138554000,0
138556000,0
138558000,0
138560000,0
138562000,0
138564000,0
138566000,0
138568001,0
138570000,0
138572000,0
138574000,0
138576000,0
138578000,0
138580000,0
138582000,0
138584000,0
138586001,0
138588000,0
138590000,0
138592000,0
138594000,0
138596000,0
138598000,0
138600000,0
138602000,0
138604000,0
138606000,0
138608000,0
138610000,0
138612000,0
138614000,0
138616000,0
138618001,0
138620000,0
138622000,0
138624000,0
138626000,0
138628000,0
138630000,0
138632001,0
138634000,0
138636000,0
138638000,0
138640000,0
138642000,0
138644000,0
138646000,0
138648001,0
138650000,0
138652000,0
138654000,0
138656000,0
138658000,0
138660000,0
138662000,0
138664000,0
138666001,0
138668000,0
138670000,0
138672000,0
138674000,0
138676000,0
138678000,0
138680000,0
138682000,0
138684000,0
138686000,0
138688000,0
138690000,0
138692000,0
138694000,0
138696001,0
138698000,0
138700000,0
138702001,0
138704000,0
138706000,0
138708000,0
138710001,0
138712000,0
138714000,0
138716000,0
138718000,0
138720000,0
138722000,0
138724000,0
138726000,0
138728000,0
138730000,0
138732000,0
138734000,0
138736001,0
138738000,0
138740000,0
138742000,0
138744001,0
138746000,0
138748000,0
138750000,0
138752000,0
138754000,0
138756000,0
138758000,0
138760000,0
138762000,0
138764000,0
138766000,0
138768000,0
138770000,0
138772000,0
138774001,0
138776000,0
138778000,0
138780000,0
138782000,0
138784000,0
138786000,0
138788000,0
138790001,0
138792000,0
138794001,0
138796000,0
138798000,0
138800000,0
138802000,0
138804000,0
138806001,0
138808000,0
138810000,0
138812000,0
138814000,0
138816000,0
138818000,0
138820000,0
138822000,0
138824000,0
138826000,0
138828000,0
138830000,0
138832000,0
138834000,0
138836001,0
138838000,0
138840000,0
138842001,0
138844001,0
138846001,0
138848001,0
138850000,0
138852000,0
138854000,0
138856000,0
138858001,0
138860000,0
138862000,0
138864000,0
138866000,0
138868000,0
138870000,0
138872000,0
138874000,0
138876000,0
138878000,0
138880001,0
138882000,0
138884000,0
138886000,0
138888000,0
138890000,0
138892000,0
138894001,0
138896000,0
138898000,0
138900000,0
138902000,0
138904001,0
138906001,0
138908000,0
138910000,0
138912000,0
138914000,0
138916001,0
138918000,0
138920000,0
138922000,0
138924000,0
138926000,0
138928000,0
138930000,0
138932000,0
138934000,0
138936000,0
138938000,0
138940000,0
138942000,0
138944001,0
138946000,0
138948000,0
138950000,0
138952000,0
138954000,0
138956000,0
138958000,0
138960000,0
138962000,0
138964000,0
138966001,0
138968000,0
138970000,0
138972001,0
138974001,0
138976000,0
138978000,0
138980000,0
138982000,0
138984000,0
138986000,0
138988000,0
138990000,0
138992000,0
138994000,0
138996000,0
138998000,0
139000000,0
139002000,0
139004000,0
139006000,0
139008001,0
139010000,0
139012000,0
139014001,0
139016000,0
139018000,0
139020000,0
139022000,0
139024000,0
139026000,0
139028000,0
139030000,0
139032000,0
139034000,0
139036000,0
139038000,0
139040000,0
139042000,0
139044000,0
139046000,0
139048001,0
139050000,0
139052000,0
139054000,0
139056000,0
139058000,0
139060000,0
139062000,0
139064000,0
139066000,0
139068001,0
139070000,0
139072000,0
139074000,0
139076000,0
139078000,0
139080000,0
139082000,0
139084000,0
139086000,0
139088001,0
139090000,0
139092000,0
139094000,0
139096000,0
139098000,0
139100000,0
139102000,0
139104000,0
139106001,0
139108001,0
139110000,0
139112000,0
139114000,0
139116000,0
139118000,0
139120000,0
139122001,0
139124000,0
139126000,0
139128000,0
139130000,0
139132000,0
139134000,0
139136000,0
139138000,0
139140000,0
139142000,0
139144000,0
139146000,0
139148000,0
139150000,0
139152000,0
139154000,0
139156000,0
139158000,0
139160000,0
139162000,0
139164000,0
139166000,0
139168001,0
139170001,0
139172000,0
139174000,0
139176000,0
139178000,0
139180000,0
139182000,0
139184000,0
139186000,0
139188000,0
139190000,0
139192000,0
139194000,0
139196000,0
139198000,0
139200001,0
139202000,0
139204000,0
139206000,0
139208000,0
139210000,0
139212000,0
139214000,0
139216000,0
139218000,0
139220000,0
139222000,0
139224000,0
139226000,0
139228000,0
139230000,0
139232000,0
139234001,0
139236000,0
139238000,0
139240000,0
139242000,0
139244000,0
139246000,0
139248000,0
139250000,0
139252000,0
139254000,0
139256000,0
139258000,0
139260000,0
139262000,0
139264000,0
139266000,0
139268000,0
139270000,0
139272000,0
139274000,0
139276000,0
139278000,0
139280000,0
139282000,0
139284000,0
139286000,0
139288000,0
139290000,0
139292001,0
139294000,0
139296000,0
139298000,0
139300000,0
139302000,0
139304000,0
139306000,0
139308000,0
139310000,0
139312000,0
139314000,0
139316000,0
139318000,0
139320000,0
139322000,0
139324001,0
139326000,0
139328000,0
139330000,0
139332000,0
139334000,0
139336000,0
139338000,0
139340000,0
139342000,0
139344000,0
139346000,0
139348000,0
139350001,0
139352001,0
139354001,0
139356000,0
139358000,0
139360000,0
139362000,0
139364000,0
139366000,0
139368000,0
139370000,0
139372000,0
139374000,0
139376000,0
139378000,0
139380000,0
139382000,0
139384000,0
139386000,0
139388000,0
139390000,0
139392000,0
139394000,0
139396000,0
139398000,0
139400000,0
139402000,0
139404000,0
139406000,0
139408000,0
139410001,0
139412000,0
139414000,0
139416000,0
139418000,0
139420000,0
139422000,0
139424000,0
139426000,0
139428000,0
139430000,0
139432000,0
139434000,0
139436000,0
139438000,0
139440000,0
139442001,0
139444000,0
139446000,0
139448000,0
139450000,0
139452000,0
139454000,0
139456000,0
139458000,0
139460000,0
139462000,0
139464000,0
139466000,0
139468001,0
139470000,0
139472000,0
139474000,0
139476001,0
139478000,0
139480000,0
139482000,0
139484000,0
139486000,0
139488000,0
139490000,0
139492000,0
139494000,0
139496000,0
139498000,0
139500000,0
139502000,0
139504001,0
139506000,0
139508000,0
139510000,0
139512001,0
139514001,0
139516000,0
139518000,0
139520000,0
139522000,0
139524000,0
139526000,0
139528000,0
139530000,0
139532000,0
139534000,0
139536000,0
139538000,0
139540000,0
139542000,0
139544000,0
139546000,0
139548001,0
139550000,0
139552000,0
139554000,0
139556000,0
139558000,0
139560000,0
139562001,0
139564000,0
139566000,0
139568000,0
139570000,0
139572000,0
139574001,0
139576000,0
139578000,0
139580000,0
139582000,0
139584000,0
139586000,0
139588000,0
139590000,0
139592000,0
139594000,0
139596000,0
139598000,0
139600000,0
139602000,0
139604000,0
139606000,0
139608000,0
139610000,0
139612000,0
139614000,0
139616000,0
139618001,0
139620000,0
139622001,0
139624000,0
139626000,0
139628000,0
139630001,0
139632001,0
139634000,0
139636000,0
139638000,0
139640000,0
139642001,0
139644000,0
139646000,0
139648000,0
139650001,0
139652001,0
139654000,0
139656000,0
139658000,0
139660000,0
139662000,0
139664000,0
139666000,0
139668001,0
139670001,0
139672001,0
139674000,0
139676000,0
139678000,0
139680000,0
139682000,0
139684000,0
139686000,0
139688000,0
139690000,0
139692000,0
139694000,0
139696000,0
139698000,0
139700000,0
139702000,0
139704000,0
139706000,0
139708000,0
139710000,0
139712000,0
139714000,0
139716000,0
139718000,0
139720000,0
139722000,0
139724000,0
139726000,0
139728000,0
139730000,0
139732000,0
139734000,0
139736000,0
139738000,0
139740000,0
139742000,0
139744000,0
139746000,0
139748000,0
139750000,0
139752000,0
139754001,0
139756000,0
139758000,0
139760001,0
139762001,0
139764001,0
139766000,0
139768001,0
139770001,0
139772000,0
139774000,0
139776000,0
139778000,0
139780000,0
139782000,0
139784000,0
139786000,0
139788000,0
139790000,0
139792000,0
139794000,0
139796000,0
139798000,0
139800000,0
139802000,0
139804000,0
139806000,0
139808000,0
139810000,0
139812000,0
139814000,0
139816000,0
139818000,0
139820000,0
139822000,0
139824000,0
139826000,0
139828000,0
139830000,0
139832000,0
139834000,0
139836000,0
139838000,0
139840000,0
139842000,0
139844000,0
139846001,0
139848000,0
139850000,0
139852001,0
139854000,0
139856000,0
139858000,0
139860000,0
139862000,0
139864000,0
139866000,0
139868000,0
139870000,0
139872000,0
139874000,0
139876000,0
139878000,0
139880000,0
139882000,0
139884000,0
139886000,0
139888000,0
139890000,0
139892000,0
139894000,0
139896000,0
139898000,0
139900000,0
139902000,0
139904000,0
139906000,0
139908001,0
139910000,0
139912000,0
139914000,0
139916000,0
139918000,0
139920000,0
139922000,0
139924001,0
139926000,0
139928000,0
139930000,0
139932001,0
139934000,0
139936000,0
139938000,0
139940000,0
139942000,0
139944000,0
139946001,0
139948000,0
139950000,0
139952000,0
139954000,0
139956000,0
139958000,0
139960000,0
139962000,0
139964000,0
139966000,0
139968000,0
139970000,0
139972000,0
139974000,0
139976000,0
139978001,0
139980000,0
139982000,0
139984000,0
139986000,0
139988000,0
139990000,0
139992000,0
139994000,0
139996000,0
139998001,0
140000000,0
140002000,0
140004001,0
140006000,0
140008000,0
140010000,0
140012000,0
140014000,0
140016000,0
140018000,0
140020000,0
140022000,0
140024000,0
140026000,0
140028000,0
140030000,0
140032000,0
140034000,0
140036000,0
140038000,0
140040000,0
140042000,0
140044000,0
140046000,0
140048000,0
140050001,0
140052000,0
140054000,0
140056000,0
140058000,0
140060000,0
140062000,0
140064000,0
140066000,0
140068000,0
140070000,0
140072000,0
140074000,0
140076000,0
140078000,0
140080000,0
140082000,0
140084000,0
140086000,0
140088000,0
140090000,0
140092000,0
140094000,0
140096000,0
140098000,0
140100000,0
140102000,0
140104000,0
140106001,0
140108000,0
140110000,0
140112000,0
140114000,0
140116000,0
140118000,0
140120000,0
140122000,0
140124000,0
140126001,0
140128001,0
140130001,0
140132000,0
140134000,0
140136000,0
140138000,0
140140000,0
140142000,0
140144000,0
140146000,0
140148000,0
140150000,0
140152000,0
140154000,0
140156000,0
140158000,0
140160000,0
140162001,0
140164000,0
140166000,0
140168001,0
140170000,0
140172000,0
140174000,0
140176000,0
140178000,0
140180000,0
140182000,0
140184000,0
140186000,0
140188000,0
140190000,0
140192000,0
140194001,0
140196000,0
140198000,0
140200001,0
140202000,0
140204000,0
140206000,0
140208000,0
140210000,0
140212000,0
140214000,0
140216000,0
140218000,0
140220001,0
140222000,0
140224000,0
140226000,0
140228000,0
140230000,0
140232000,0
140234000,0
140236000,0
140238000,0
140240000,0
140242000,0
140244000,0
140246000,0
140248001,0
140250000,0
140252000,0
140254000,0
140256000,0
140258000,0
140260000,0
140262000,0
140264000,0
140266000,0
140268000,0
140270000,0
140272000,0
140274000,0
140276000,0
140278000,0
140280001,0
140282000,0
140284000,0
140286001,0
140288000,0
140290000,0
140292000,0
140294000,0
140296000,0
140298000,0
140300000,0
140302000,0
140304001,0
140306000,0
140308000,0
140310000,0
140312000,0
140314000,0
140316000,0
140318000,0
140320000,0
140322000,0
140324000,0
140326000,0
140328000,0
140330001,0
140332001,0
140334000,0
140336000,0
140338000,0
140340000,0
140342000,0
140344000,0
140346000,0
140348000,0
140350000,0
140352001,0
140354001,0
140356000,0
140358000,0
140360000,0
140362000,0
140364000,0
140366000,0
140368000,0
140370000,0
140372000,0
140374000,0
140376000,0
140378000,0
140380000,0
140382000,0
140384000,0
140386000,0
140388000,0
140390001,0
140392000,0
140394000,0
140396000,0
140398000,0
140400000,0
140402000,0
140404000,0
140406000,0
140408000,0
140410001,0
140412000,0
140414000,0
140416000,0
140418001,0
140420000,0
140422000,0
140424000,0
140426000,0
140428000,0
140430001,0
140432000,0
140434000,0
140436001,0
140438000,0
140440000,0
140442000,0
140444000,0
140446000,0
140448000,0
140450000,0
140452000,0
140454000,0
140456000,0
140458000,0
140460000,0
140462000,0
140464000,0
140466000,0
140468000,0
140470000,0
140472001,0
140474000,0
140476000,0
140478000,0
140480001,0
140482000,0
140484000,0
140486000,0
140488000,0
140490001,0
140492000,0
140494000,0
140496000,0
140498000,0
140500001,0
140502000,0
140504000,0
140506000,0
140508000,0
140510000,0
140512000,0
140514000,0
140516000,0
140518000,0
140520000,0
140522000,0
140524000,0
140526000,0
140528000,0
140530000,0
140532000,0
140534000,0
140536000,0
140538000,0
140540000,0
140542000,0
140544000,0
140546000,0
140548000,0
140550000,0
140552000,0
140554000,0
140556000,0
140558000,0
140560000,0
140562000,0
140564000,0
140566000,0
140568000,0
140570000,0
140572000,0
140574000,0
140576001,0
140578000,0
140580000,0
140582000,0
140584000,0
140586000,0
140588000,0
140590001,0
140592000,0
140594000,0
140596000,0
140598000,0
140600000,0
140602000,0
140604000,0
140606000,0
140608000,0
140610000,0
140612000,0
140614000,0
140616000,0
140618000,0
140620000,0
140622000,0
140624000,0
140626000,0
140628000,0
140630000,0
140632000,0
140634000,0
140636000,0
140638000,0
140640000,0
140642000,0
140644000,0
140646000,0
140648000,0
140650000,0
140652000,0
140654000,0
140656001,0
140658000,0
140660000,0
140662000,0
140664000,0
140666000,0
140668000,0
140670000,0
140672000,0
140674000,0
140676000,0
140678000,0
140680000,0
140682000,0
140684000,0
140686000,0
140688000,0
140690000,0
140692000,0
140694000,0
140696000,0
140698000,0
140700000,0
140702000,0
140704000,0
140706000,0
140708000,0
140710000,0
140712000,0
140714000,0
140716000,0
140718001,0
140720000,0
140722000,0
140724000,0
140726000,0
140728000,0
140730000,0
140732000,0
140734000,0
140736001,0
140738000,0
140740000,0
140742000,0
140744000,0
140746000,0
140748000,0
140750001,0
140752000,0
140754000,0
140756000,0
140758001,0
140760000,0
140762000,0
140764000,0
140766000,0
140768000,0
140770000,0
140772000,0
140774000,0
140776000,0
140778000,0
140780000,0
140782000,0
140784000,0
140786000,0
140788000,0
140790001,0
140792000,0
140794000,0
140796000,0
140798000,0
140800000,0
140802000,0
140804000,0
140806000,0
140808000,0
140810000,0
140812000,0
140814001,0
140816000,0
140818000,0
140820000,0
140822000,0
140824001,0
140826000,0
140828000,0
140830000,0
140832001,0
140834000,0
140836000,0
140838000,0
140840000,0
140842001,0
140844001,0
140846000,0
140848001,0
140850001,0
140852000,0
140854000,0
140856001,0
140858000,0
140860000,0
140862001,0
140864000,0
140866000,0
140868000,0
140870000,0
140872000,0
140874000,0
140876000,0
140878000,0
140880000,0
140882000,0
140884000,0
140886000,0
140888000,0
140890000,0
140892000,0
140894000,0
140896000,0
140898000,0
140900000,0
140902000,0
140904000,0
140906001,0
140908000,0
140910000,0
140912000,0
140914000,0
140916000,0
140918000,0
140920000,0
140922000,0
140924000,0
140926000,0
140928001,0
140930000,0
140932000,0
140934000,0
140936000,0
140938000,0
140940000,0
140942000,0
140944000,0
140946000,0
140948000,0
140950000,0
140952000,0
140954000,0
140956000,0
140958000,0
140960000,0
140962000,0
140964000,0
140966000,0
140968000,0
140970000,0
140972000,0
140974000,0
140976000,0
140978000,0
140980001,0
140982000,0
140984000,0
140986000,0
140988000,0
140990000,0
140992000,0
140994000,0
140996000,0
140998000,0
141000000,0
141002000,0
141004000,0
141006000,0
141008000,0
141010000,0
141012000,0
141014000,0
141016000,0
141018000,0
141020000,0
141022000,0
141024000,0
141026001,0
141028000,0
141030001,0
141032000,0
141034000,0
141036000,0
141038000,0
141040000,0
141042000,0
141044000,0
141046000,0
141048000,0
141050000,0
141052001,0
141054001,0
141056000,0
141058000,0
141060000,0
141062000,0
141064000,0
141066000,0
141068000,0
141070000,0
141072000,0
141074000,0
141076000,0
141078000,0
141080000,0
141082001,0
141084000,0
141086000,0
141088001,0
141090000,0
141092000,0
141094000,0
141096000,0
141098000,0
141100000,0
141102000,0
141104000,0
141106000,0
141108000,0
141110000,0
141112000,0
141114000,0
141116001,0
141118001,0
141120000,0
141122000,0
141124000,0
141126000,0
141128001,0
141130001,0
141132000,0
141134000,0
141136000,0
141138000,0
141140000,0
141142000,0
141144000,0
141146000,0
141148000,0
141150000,0
141152000,0
141154000,0
141156000,0
141158000,0
141160001,0
141162001,0
141164000,0
141166000,0
141168000,0
141170000,0
141172000,0
141174000,0
141176000,0
141178000,0
141180000,0
141182000,0
141184000,0
141186000,0
141188000,0
141190001,0
141192001,0
141194001,0
141196000,0
141198000,0
141200000,0
141202000,0
141204000,0
141206000,0
141208000,0
141210000,0
141212001,0
141214000,0
141216000,0
141218000,0
141220000,0
141222000,0
141224000,0
141226000,0
141228000,0
141230000,0
141232000,0
141234000,0
141236000,0
141238000,0
141240000,0
141242001,0
141244000,0
141246000,0
141248000,0
141250000,0
141252000,0
141254000,0
141256000,0
141258000,0
141260000,0
141262000,0
141264000,0
141266000,0
141268000,0
141270000,0
141272000,0
141274000,0
141276000,0
141278001,0
141280000,0
141282000,0
141284000,0
141286001,0
141288000,0
141290000,0
141292000,0
141294000,0
141296000,0
141298000,0
141300000,0
141302000,0
141304000,0
141306000,0
141308000,0
141310000,0
141312000,0
141314000,0
141316000,0
141318001,0
141320000,0
141322000,0
141324000,0
141326000,0
141328000,0
141330000,0
141332001,0
141334000,0
141336000,0
141338000,0
141340000,0
141342000,0
141344001,0
141346000,0
141348000,0
141350000,0
141352000,0
141354000,0
141356000,0
141358000,0
141360000,0
141362000,0
141364000,0
141366001,0
141368000,0
141370000,0
141372000,0
141374000,0
141376000,0
141378000,0
141380000,0
141382000,0
141384000,0
141386000,0
141388000,0
141390000,0
141392000,0
141394000,0
141396000,0
141398000,0
141400000,0
141402000,0
141404000,0
141406000,0
141408000,0
141410000,0
141412000,0
141414000,0
141416000,0
141418000,0
141420000,0
141422000,0
141424000,0
141426000,0
141428000,0
141430001,0
141432000,0
141434000,0
141436000,0
141438000,0
141440000,0
141442000,0
141444000,0
141446000,0
141448000,0
141450000,0
141452000,0
141454000,0
141456000,0
141458000,0
141460000,0
141462000,0
141464000,0
141466000,0
141468000,0
141470000,0
141472000,0
141474000,0
141476000,0
141478000,0
141480000,0
141482000,0
141484000,0
141486000,0
141488000,0
141490000,0
141492000,0
141494000,0
141496000,0
141498000,0
141500000,0
141502000,0
141504000,0
141506000,0
141508000,0
141510000,0
141512000,0
141514000,0
141516000,0
141518000,0
141520000,0
141522001,0
141524000,0
141526000,0
141528000,0
141530000,0
141532001,0
141534001,0
141536000,0
141538000,0
141540000,0
141542000,0
141544000,0
141546000,0
141548000,0
141550000,0
141552000,0
141554000,0
141556000,0
141558000,0
141560000,0
141562000,0
141564000,0
141566000,0
141568000,0
141570000,0
141572000,0
141574000,0
141576001,0
141578000,0
141580000,0
141582001,0
141584000,0
141586000,0
141588000,0
141590000,0
141592000,0
141594001,0
141596000,0
141598000,0
141600000,0
141602000,0
141604000,0
141606001,0
141608000,0
141610000,0
141612000,0
141614000,0
141616000,0
141618000,0
141620000,0
141622000,0
141624000,0
141626000,0
141628000,0
141630000,0
141632001,0
141634001,0
141636000,0
141638000,0
141640001,0
141642001,0
141644000,0
141646000,0
141648000,0
141650000,0
141652000,0
141654000,0
141656000,0
141658000,0
141660000,0
141662000,0
141664000,0
141666000,0
141668000,0
141670000,0
141672000,0
141674000,0
141676000,0
141678000,0
141680000,0
141682000,0
141684000,0
141686000,0
141688000,0
141690001,0
141692000,0
141694000,0
141696000,0
141698000,0
141700000,0
141702000,0
141704000,0
141706000,0
141708000,0
141710001,0
141712000,0
141714000,0
141716000,0
141718000,0
141720000,0
141722000,0
141724000,0
141726000,0
141728000,0
141730000,0
141732000,0
141734000,0
141736000,0
141738000,0
141740001,0
141742000,0
141744000,0
141746000,0
141748000,0
141750000,0
141752000,0
141754000,0
141756000,0
141758000,0
141760000,0
141762000,0
141764000,0
141766000,0
141768000,0
141770000,0
141772001,0
141774000,0
141776000,0
141778001,0
141780001,0
141782001,0
141784000,0
141786000,0
141788000,0
141790000,0
141792000,0
141794000,0
141796000,0
141798000,0
141800001,0
141802001,0
141804000,0
141806000,0
141808000,0
141810000,0
141812000,0
141814000,0
141816001,0
141818000,0
141820000,0
141822000,0
141824000,0
141826000,0
141828000,0
141830000,0
141832001,0
141834000,0
141836000,0
141838000,0
141840000,0
141842001,0
141844000,0
141846000,0
141848000,0
141850000,0
141852000,0
141854000,0
141856000,0
141858000,0
141860000,0
141862000,0
141864000,0
141866000,0
141868000,0
141870000,0
141872000,0
141874000,0
141876000,0
141878000,0
141880001,0
141882001,0
141884000,0
141886000,0
141888000,0
141890000,0
141892000,0
141894000,0
141896001,0
141898000,0
141900000,0
141902000,0
141904000,0
141906000,0
141908001,0
141910000,0
141912000,0
141914001,0
141916000,0
141918000,0
141920000,0
141922000,0
141924000,0
141926001,0
141928000,0
141930000,0
141932000,0
141934000,0
141936000,0
141938000,0
141940001,0
141942000,0
141944000,0
141946000,0
141948000,0
141950000,0
141952000,0
141954000,0
141956001,0
141958000,0
141960000,0
141962000,0
141964001,0
141966000,0
141968000,0
141970000,0
141972000,0
141974000,0
141976000,0
141978000,0
141980001,0
141982000,0
141984000,0
141986000,0
141988001,0
141990000,0
141992000,0
141994000,0
141996000,0
141998000,0
142000001,0
142002000,0
142004000,0
142006000,0
142008000,0
142010001,0
142012000,0
142014000,0
142016000,0
142018000,0
142020000,0
142022000,0
142024001,0
142026001,0
142028000,0
142030000,0
142032000,0
142034000,0
142036001,0
142038000,0
142040000,0
142042000,0
142044000,0
142046001,0
142048000,0
142050000,0
142052000,0
142054000,0
142056001,0
142058001,0
142060000,0
142062000,0
142064000,0
142066000,0
142068000,0
142070000,0
142072000,0
142074000,0
142076000,0
142078000,0
142080000,0
142082000,0
142084001,0
142086001,0
142088000,0
142090000,0
142092000,0
142094000,0
142096000,0
142098000,0
142100000,0
142102000,0
142104000,0
142106000,0
142108001,0
142110000,0
142112000,0
142114000,0
142116000,0
142118000,0
142120000,0
142122000,0
142124000,0
142126000,0
142128000,0
142130000,0
142132000,0
142134000,0
142136000,0
142138000,0
142140000,0
142142000,0
142144000,0
142146001,0
142148000,0
142150000,0
142152000,0
142154000,0
142156000,0
142158000,0
142160000,0
142162000,0
142164001,0
142166001,0
142168001,0
142170000,0
142172000,0
142174000,0
142176000,0
142178001,0
142180001,0
142182000,0
142184000,0
142186001,0
142188000,0
142190000,0
142192000,0
142194000,0
142196000,0
142198000,0
142200000,0
142202000,0
142204000,0
142206000,0
142208000,0
142210000,0
142212000,0
142214000,0
142216000,0
142218001,0
142220000,0
142222000,0
142224000,0
142226000,0
142228000,0
142230000,0
142232000,0
142234000,0
142236000,0
142238000,0
142240000,0
142242001,0
142244000,0
142246000,0
142248000,0
142250000,0
142252001,0
142254000,0
142256000,0
142258000,0
142260000,0
142262000,0
142264000,0
142266000,0
142268000,0
142270000,0
142272000,0
142274001,0
142276000,0
142278000,0
142280000,0
142282000,0
142284000,0
142286001,0
142288000,0
142290000,0
142292000,0
142294000,0
142296000,0
142298000,0
142300000,0
142302000,0
142304000,0
142306000,0
142308000,0
142310000,0
142312000,0
142314001,0
142316000,0
142318001,0
142320000,0
142322000,0
142324001,0
142326000,0
142328000,0
142330000,0
142332001,0
142334001,0
142336000,0
142338000,0
142340000,0
142342000,0
142344000,0
142346000,0
142348000,0
142350000,0
142352000,0
142354001,0
142356001,0
142358000,0
142360000,0
142362001,0
142364000,0
142366000,0
142368000,0
142370000,0
142372000,0
142374000,0
142376000,0
142378000,0
142380000,0
142382000,0
142384000,0
142386000,0
142388001,0
142390000,0
142392000,0
142394000,0
142396000,0
142398000,0
142400000,0
142402000,0
142404001,0
142406001,0
142408000,0
142410000,0
142412000,0
142414000,0
142416000,0
142418000,0
142420000,0
142422000,0
142424000,0
142426000,0
142428000,0
142430000,0
142432000,0
142434001,0
142436001,0
142438000,0
142440000,0
142442000,0
142444000,0
142446001,0
142448001,0
142450000,0
142452000,0
142454000,0
142456000,0
142458000,0
142460000,0
142462000,0
142464000,0
142466000,0
142468000,0
142470000,0
142472000,0
142474000,0
142476001,0
142478000,0
142480000,0
142482000,0
142484000,0
142486000,0
142488001,0
142490000,0
142492000,0
142494000,0
142496000,0
142498000,0
142500000,0
142502000,0
142504000,0
142506000,0
142508000,0
142510000,0
142512000,0
142514000,0
142516000,0
142518001,0
142520000,0
142522000,0
142524000,0
142526000,0
142528000,0
142530000,0
142532000,0
142534000,0
142536001,0
142538000,0
142540000,0
142542000,0
142544000,0
142546000,0
142548000,0
142550000,0
142552000,0
142554000,0
142556000,0
142558000,0
142560000,0
142562000,0
142564000,0
142566001,0
142568000,0
142570000,0
142572000,0
142574001,0
142576000,0
142578000,0
142580001,0
142582000,0
142584000,0
142586000,0
142588000,0
142590000,0
142592000,0
142594000,0
142596000,0
142598000,0
142600000,0
142602001,0
142604000,0
142606000,0
142608000,0
142610000,0
142612001,0
142614000,0
142616000,0
142618000,0
142620000,0
142622000,0
142624000,0
142626000,0
142628000,0
142630000,0
142632000,0
142634000,0
142636000,0
142638000,0
142640000,0
142642000,0
142644000,0
142646000,0
142648000,0
142650000,0
142652000,0
142654000,0
142656000,0
142658000,0
142660000,0
142662000,0
142664000,0
142666000,0
142668000,0
142670000,0
142672000,0
142674000,0
142676000,0
142678000,0
142680000,0
142682000,0
142684000,0
142686000,0
142688001,0
142690001,0
142692001,0
142694000,0
142696000,0
142698000,0
142700000,0
142702000,0
142704000,0
142706000,0
142708000,0
142710001,0
142712000,0
142714000,0
142716000,0
142718000,0
142720000,0
142722000,0
142724000,0
142726000,0
142728000,0
142730000,0
142732000,0
142734000,0
142736000,0
142738000,0
142740000,0
142742000,0
142744000,0
142746001,0
142748000,0
142750000,0
142752000,0
142754000,0
142756001,0
142758000,0
142760000,0
142762000,0
142764000,0
142766000,0
142768001,0
142770001,0
142772000,0
142774000,0
142776001,0
142778000,0
142780000,0
142782000,0
142784000,0
142786000,0
142788000,0
142790000,0
142792000,0
142794000,0
142796000,0
142798000,0
142800000,0
142802000,0
142804000,0
142806000,0
142808000,0
142810000,0
142812001,0
142814001,0
142816000,0
142818000,0
142820000,0
142822001,0
142824000,0
142826000,0
142828000,0
142830000,0
142832000,0
142834000,0
142836001,0
142838001,0
142840000,0
142842000,0
142844000,0
142846000,0
142848000,0
142850000,0
142852000,0
142854000,0
142856000,0
142858000,0
142860000,0
142862000,0
142864000,0
142866001,0
142868001,0
142870001,0
142872000,0
142874000,0
142876001,0
142878000,0
142880000,0
142882000,0
142884000,0
142886000,0
142888000,0
142890000,0
142892000,0
142894000,0
142896000,0
142898000,0
142900000,0
142902001,0
142904000,0
142906000,0
142908000,0
142910000,0
142912000,0
142914000,0
142916000,0
142918000,0
142920000,0
142922000,0
142924000,0
142926000,0
142928000,0
142930000,0
142932000,0
142934000,0
142936000,0
142938000,0
142940000,0
142942000,0
142944000,0
142946000,0
142948000,0
142950000,0
142952000,0
142954000,0
142956000,0
142958000,0
142960000,0
142962000,0
142964000,0
142966000,0
142968000,0
142970000,0
142972000,0
142974001,0
142976001,0
142978000,0
142980000,0
142982000,0
142984001,0
142986000,0
142988000,0
142990001,0
142992001,0
142994001,0
142996000,0
142998000,0
143000000,0
143002000,0
143004000,0
143006000,0
143008000,0
143010000,0
143012000,0
143014001,0
143016000,0
143018000,0
143020000,0
143022000,0
143024000,0
143026000,0
143028000,0
143030000,0
143032000,0
143034000,0
143036000,0
143038000,0
143040000,0
143042000,0
143044000,0
143046000,0
143048000,0
143050000,0
143052001,0
143054000,0
143056000,0
143058000,0
143060000,0
143062000,0
143064000,0
143066000,0
143068000,0
143070000,0
143072000,0
143074000,0
143076000,0
143078000,0
143080000,0
143082000,0
143084000,0
143086000,0
143088000,0
143090000,0
143092000,0
143094000,0
143096000,0
143098001,0
143100000,0
143102000,0
143104000,0
143106000,0
143108001,0
143110001,0
143112001,0
143114000,0
143116000,0
143118000,0
143120001,0
143122000,0
143124000,0
143126000,0
143128000,0
143130000,0
143132000,0
143134000,0
143136000,0
143138000,0
143140000,0
143142001,0
143144000,0
143146000,0
143148000,0
143150000,0
143152000,0
143154001,0
143156000,0
143158000,0
143160000,0
143162000,0
143164000,0
143166001,0
143168000,0
143170000,0
143172000,0
143174000,0
143176000,0
143178000,0
143180001,0
143182000,0
143184000,0
143186000,0
143188000,0
143190000,0
143192001,0
143194000,0
143196000,0
143198000,0
143200000,0
143202001,0
143204000,0
143206000,0
143208000,0
143210001,0
143212000,0
143214000,0
143216000,0
143218000,0
143220000,0
143222000,0
143224000,0
143226001,0
143228000,0
143230000,0
143232000,0
143234000,0
143236000,0
143238000,0
143240000,0
143242000,0
143244000,0
143246000,0
143248000,0
143250000,0
143252000,0
143254000,0
143256000,0
143258000,0
143260000,0
143262000,0
143264000,0
143266000,0
143268001,0
143270001,0
143272000,0
143274000,0
143276001,0
143278001,0
143280000,0
143282000,0
143284000,0
143286000,0
143288000,0
143290000,0
143292000,0
143294000,0
143296000,0
143298000,0
143300001,0
143302000,0
143304000,0
143306000,0
143308000,0
143310000,0
143312000,0
143314001,0
143316000,0
143318000,0
143320000,0
143322001,0
143324000,0
143326000,0
143328001,0
143330000,0
143332000,0
143334000,0
143336000,0
143338000,0
143340000,0
143342001,0
143344001,0
143346000,0
143348000,0
143350000,0
143352000,0
143354000,0
143356000,0
143358000,0
143360000,0
143362000,0
143364000,0
143366001,0
143368000,0
143370000,0
143372001,0
143374000,0
143376000,0
143378001,0
143380000,0
143382000,0
143384000,0
143386001,0
143388000,0
143390000,0
143392000,0
143394000,0
143396000,0
143398000,0
143400000,0
143402000,0
143404000,0
143406000,0
143408000,0
143410000,0
143412000,0
143414000,0
143416000,0
143418000,0
143420000,0
143422000,0
143424000,0
143426000,0
143428000,0
143430000,0
143432000,0
143434000,0
143436000,0
143438000,0
143440001,0
143442001,0
143444001,0
143446000,0
143448000,0
143450000,0
143452000,0
143454000,0
143456000,0
143458000,0
143460000,0
143462000,0
143464000,0
143466000,0
143468000,0
143470000,0
143472000,0
143474000,0
143476000,0
143478000,0
143480000,0
143482000,0
143484000,0
143486000,0
143488000,0
143490000,0
143492000,0
143494001,0
143496000,0
143498000,0
143500000,0
143502000,0
143504000,0
143506000,0
143508000,0
143510000,0
143512000,0
143514000,0
143516000,0
143518000,0
143520000,0
143522000,0
143524000,0
143526000,0
143528000,0
143530001,0
143532000,0
143534000,0
143536000,0
143538000,0
143540000,0
143542000,0
143544000,0
143546000,0
143548000,0
143550000,0
143552000,0
143554001,0
143556000,0
143558000,0
143560000,0
143562000,0
143564000,0
143566000,0
143568001,0
143570000,0
143572000,0
143574000,0
143576000,0
143578000,0
143580000,0
143582000,0
143584000,0
143586000,0
143588000,0
143590000,0
143592001,0
143594000,0
143596000,0
143598000,0
143600001,0
143602001,0
143604000,0
143606000,0
143608000,0
143610000,0
143612001,0
143614000,0
143616000,0
143618001,0
143620000,0
143622000,0
143624000,0
143626000,0
143628000,0
143630000,0
143632000,0
143634000,0
143636000,0
143638000,0
143640000,0
143642000,0
143644000,0
143646000,0
143648000,0
143650000,0
143652001,0
143654000,0
143656000,0
143658000,0
143660000,0
143662000,0
143664000,0
143666000,0
143668000,0
143670000,0
143672000,0
143674000,0
143676000,0
143678000,0
143680001,0
143682000,0
143684000,0
143686000,0
143688000,0
143690000,0
143692000,0
143694001,0
143696000,0
143698000,0
143700000,0
143702000,0
143704000,0
143706000,0
143708000,0
143710000,0
143712000,0
143714000,0
143716000,0
143718000,0
143720001,0
143722000,0
143724000,0
143726000,0
143728000,0
143730000,0
143732000,0
143734001,0
143736000,0
143738000,0
143740000,0
143742000,0
143744000,0
143746000,0
143748000,0
143750001,0
143752000,0
143754000,0
143756000,0
143758000,0
143760000,0
143762000,0
143764001,0
143766000,0
143768000,0
143770000,0
143772000,0
143774000,0
143776001,0
143778000,0
143780000,0
143782000,0
143784000,0
143786000,0
143788000,0
143790000,0
143792000,0
143794001,0
143796001,0
143798000,0
143800000,0
143802001,0
143804001,0
143806000,0
143808000,0
143810000,0
143812001,0
143814001,0
143816000,0
143818000,0
143820000,0
143822000,0
143824000,0
143826000,0
143828000,0
143830000,0
143832000,0
143834000,0
143836000,0
143838000,0
143840000,0
143842000,0
143844000,0
143846001,0
143848000,0
143850000,0
143852000,0
143854000,0
143856000,0
143858000,0
143860000,0
143862000,0
143864000,0
143866000,0
143868000,0
143870001,0
143872000,0
143874000,0
143876000,0
143878000,0
143880001,0
143882000,0
143884000,0
143886000,0
143888000,0
143890000,0
143892000,0
143894000,0
143896000,0
143898000,0
143900000,0
143902000,0
143904001,0
143906000,0
143908000,0
143910000,0
143912000,0
143914000,0
143916000,0
143918000,0
143920000,0
143922000,0
143924000,0
143926000,0
143928000,0
143930000,0
143932000,0
143934000,0
143936000,0
143938000,0
143940000,0
143942000,0
143944000,0
143946000,0
143948000,0
143950000,0
143952000,0
143954000,0
143956000,0
143958000,0
143960000,0
143962000,0
143964000,0
143966000,0
143968000,0
143970001,0
143972000,0
143974000,0
143976000,0
143978000,0
143980000,0
143982000,0
143984001,0
143986000,0
143988000,0
143990000,0
143992000,0
143994000,0
143996000,0
143998000,0
144000000,0
144002000,0
144004000,0
144006000,0
144008000,0
144010000,0
144012000,0
144014000,0
144016000,0
144018000,0
144020000,0
144022000,0
144024000,0
144026000,0
144028000,0
144030000,0
144032000,0
144034000,0
144036000,0
144038000,0
144040000,0
144042000,0
144044000,0
144046000,0
144048000,0
144050000,0
144052000,0
144054000,0
144056000,0
144058000,0
144060000,0
144062000,0
144064000,0
144066000,0
144068000,0
144070000,0
144072000,0
144074000,0
144076000,0
144078000,0
144080000,0
144082000,0
144084000,0
144086000,0
144088000,0
144090000,0
144092000,0
144094000,0
144096000,0
144098000,0
144100000,0
144102000,0
144104000,0
144106000,0
144108000,0
144110000,0
144112000,0
144114001,0
144116000,0
144118000,0
144120000,0
144122000,0
144124000,0
144126000,0
144128001,0
144130000,0
144132000,0
144134000,0
144136000,0
144138000,0
144140000,0
144142000,0
144144000,0
144146000,0
144148000,0
144150000,0
144152000,0
144154000,0
144156000,0
144158000,0
144160000,0
144162000,0
144164000,0
144166000,0
144168000,0
144170000,0
144172000,0
144174000,0
144176000,0
144178000,0
144180001,0
144182000,0
144184000,0
144186000,0
144188000,0
144190000,0
144192001,0
144194000,0
144196001,0
144198000,0
144200000,0
144202000,0
144204000,0
144206000,0
144208001,0
144210000,0
144212000,0
144214000,0
144216000,0
144218000,0
144220000,0
144222000,0
144224000,0
144226000,0
144228000,0
144230000,0
144232000,0
144234001,0
144236000,0
144238000,0
144240000,0
144242000,0
144244000,0
144246001,0
144248000,0
144250000,0
144252001,0
144254000,0
144256000,0
144258000,0
144260000,0
144262001,0
144264000,0
144266000,0
144268000,0
144270000,0
144272000,0
144274000,0
144276000,0
144278000,0
144280000,0
144282000,0
144284000,0
144286000,0
144288000,0
144290000,0
144292000,0
144294000,0
144296000,0
144298001,0
144300000,0
144302000,0
144304000,0
144306000,0
144308000,0
144310000,0
144312000,0
144314000,0
144316000,0
144318001,0
144320000,0
144322000,0
144324000,0
144326000,0
144328000,0
144330000,0
144332001,0
144334000,0
144336000,0
144338000,0
144340000,0
144342001,0
144344000,0
144346000,0
144348000,0
144350000,0
144352000,0
144354000,0
144356000,0
144358001,0
144360000,0
144362000,0
144364000,0
144366000,0
144368000,0
144370000,0
144372000,0
144374000,0
144376000,0
144378001,0
144380000,0
144382000,0
144384000,0
144386000,0
144388000,0
144390000,0
144392000,0
144394000,0
144396000,0
144398000,0
144400000,0
144402001,0
144404000,0
144406000,0
144408000,0
144410000,0
144412000,0
144414000,0
144416000,0
144418001,0
144420000,0
144422001,0
144424000,0
144426000,0
144428000,0
144430000,0
144432000,0
144434000,0
144436000,0
144438000,0
144440000,0
144442000,0
144444000,0
144446000,0
144448001,0
144450000,0
144452000,0
144454001,0
144456000,0
144458000,0
144460000,0
144462001,0
144464000,0
144466000,0
144468000,0
144470000,0
144472000,0
144474000,0
144476000,0
144478000,0
144480000,0
144482000,0
144484001,0
144486000,0
144488000,0
144490001,0
144492000,0
144494000,0
144496000,0
144498000,0
144500000,0
144502000,0
144504000,0
144506000,0
144508000,0
144510000,0
144512000,0
144514000,0
144516000,0
144518000,0
144520000,0
144522000,0
144524000,0
144526000,0
144528000,0
144530000,0
144532000,0
144534000,0
144536000,0
144538000,0
144540000,0
144542000,0
144544000,0
144546000,0
144548000,0
144550000,0
144552000,0
144554000,0
144556001,0
144558000,0
144560000,0
144562000,0
144564000,0
144566000,0
144568000,0
144570000,0
144572000,0
144574000,0
144576000,0
144578001,0
144580000,0
144582000,0
144584000,0
144586000,0
144588000,0
144590001,0
144592000,0
144594000,0
144596000,0
144598000,0
144600000,0
144602000,0
144604000,0
144606000,0
144608000,0
144610000,0
144612000,0
144614001,0
144616000,0
144618000,0
144620000,0
144622000,0
144624001,0
144626001,0
144628001,0
144630000,0
144632000,0
144634001,0
144636000,0
144638000,0
144640000,0
144642000,0
144644000,0
144646000,0
144648000,0
144650000,0
144652000,0
144654000,0
144656000,0
144658000,0
144660000,0
144662000,0
144664000,0
144666000,0
144668000,0
144670000,0
144672000,0
144674000,0
144676000,0
144678001,0
144680001,0
144682000,0
144684000,0
144686000,0
144688001,0
144690000,0
144692000,0
144694000,0
144696000,0
144698000,0
144700000,0
144702000,0
144704000,0
144706001,0
144708000,0
144710000,0
144712000,0
144714000,0
144716001,0
144718000,0
144720000,0
144722000,0
144724000,0
144726000,0
144728000,0
144730000,0
144732000,0
144734000,0
144736000,0
144738000,0
144740001,0
144742000,0
144744000,0
144746000,0
144748000,0
144750000,0
144752000,0
144754000,0
144756000,0
144758000,0
144760001,0
144762000,0
144764000,0
144766000,0
144768000,0
144770000,0
144772000,0
144774000,0
144776000,0
144778000,0
144780000,0
144782000,0
144784000,0
144786001,0
144788000,0
144790000,0
144792001,0
144794000,0
144796000,0
144798000,0
144800001,0
144802000,0
144804000,0
144806001,0
144808000,0
144810001,0
144812000,0
144814000,0
144816000,0
144818000,0
144820001,0
144822000,0
144824000,0
144826000,0
144828000,0
144830000,0
144832000,0
144834000,0
144836000,0
144838000,0
144840000,0
144842000,0
144844000,0
144846001,0
144848000,0
144850001,0
144852000,0
144854000,0
144856001,0
144858001,0
144860000,0
144862000,0
144864000,0
144866001,0
144868000,0
144870000,0
144872000,0
144874000,0
144876000,0
144878000,0
144880000,0
144882000,0
144884001,0
144886000,0
144888001,0
144890000,0
144892000,0
144894000,0
144896000,0
144898000,0
144900000,0
144902000,0
144904000,0
144906000,0
144908000,0
144910000,0
144912000,0
144914000,0
144916001,0
144918000,0
144920000,0
144922001,0
144924000,0
144926000,0
144928000,0
144930000,0
144932000,0
144934000,0
144936000,0
144938000,0
144940000,0
144942000,0
144944000,0
144946000,0
144948000,0
144950001,0
144952000,0
144954000,0
144956000,0
144958000,0
144960001,0
144962000,0
144964000,0
144966000,0
144968000,0
144970000,0
144972000,0
144974000,0
144976000,0
144978000,0
144980000,0
144982000,0
144984000,0
144986000,0
144988000,0
144990000,0
144992000,0
144994000,0
144996000,0
144998000,0
145000000,0
145002000,0
145004000,0
145006000,0
145008000,0
145010000,0
145012000,0
145014000,0
145016000,0
145018001,0
145020001,0
145022000,0
145024000,0
145026000,0
145028001,0
145030000,0
145032001,0
145034000,0
145036000,0
145038000,0
145040000,0
145042000,0
145044000,0
145046000,0
145048000,0
145050001,0
145052000,0
145054000,0
145056000,0
145058000,0
145060000,0
145062000,0
145064000,0
145066000,0
145068000,0
145070001,0
145072000,0
145074000,0
145076000,0
145078000,0
145080001,0
145082000,0
145084000,0
145086001,0
145088000,0
145090000,0
145092000,0
145094000,0
145096000,0
145098000,0
145100001,0
145102000,0
145104000,0
145106000,0
145108000,0
145110001,0
145112001,0
145114000,0
145116001,0
145118000,0
145120000,0
145122001,0
145124000,0
145126000,0
145128000,0
145130000,0
145132000,0
145134000,0
145136000,0
145138001,0
145140000,0
145142000,0
145144000,0
145146000,0
145148001,0
145150000,0
145152000,0
145154000,0
145156000,0
145158000,0
145160000,0
145162001,0
145164001,0
145166000,0
145168000,0
145170000,0
145172000,0
145174000,0
145176000,0
145178000,0
145180000,0
145182000,0
145184000,0
145186000,0
145188000,0
145190000,0
145192000,0
145194000,0
145196000,0
145198000,0
145200000,0
145202000,0
145204000,0
145206001,0
145208000,0
145210000,0
145212001,0
145214000,0
145216000,0
145218000,0
145220000,0
145222001,0
145224000,0
145226000,0
145228000,0
145230000,0
145232000,0
145234001,0
145236000,0
145238000,0
145240000,0
145242000,0
145244000,0
145246000,0
145248001,0
145250000,0
145252000,0
145254000,0
145256000,0
145258000,0
145260000,0
145262000,0
145264000,0
145266000,0
145268000,0
145270000,0
145272000,0
145274000,0
145276000,0
145278001,0
145280000,0
145282000,0
145284000,0
145286001,0
145288000,0
145290000,0
145292001,0
145294000,0
145296000,0
145298000,0
145300000,0
145302001,0
145304000,0
145306000,0
145308000,0
145310000,0
145312000,0
145314000,0
145316000,0
145318000,0
145320001,0
145322000,0
145324000,0
145326000,0
145328000,0
145330000,0
145332000,0
145334000,0
145336000,0
145338000,0
145340000,0
145342000,0
145344000,0
145346000,0
145348000,0
145350000,0
145352000,0
145354000,0
145356000,0
145358000,0
145360000,0
145362000,0
145364000,0
145366000,0
145368000,0
145370000,0
145372000,0
145374000,0
145376000,0
145378001,0
145380001,0
145382000,0
145384000,0
145386001,0
145388000,0
145390000,0
145392000,0
145394000,0
145396000,0
145398000,0
145400000,0
145402000,0
145404000,0
145406000,0
145408000,0
145410000,0
145412000,0
145414000,0
145416000,0
145418000,0
145420000,0
145422000,0
145424000,0
145426000,0
145428000,0
145430000,0
145432000,0
145434000,0
145436000,0
145438000,0
145440000,0
145442000,0
145444000,0
145446000,0
145448000,0
145450000,0
145452000,0
145454000,0
145456000,0
145458000,0
145460000,0
145462000,0
145464000,0
145466000,0
145468000,0
145470001,0
145472000,0
145474000,0
145476000,0
145478000,0
145480000,0
145482000,0
145484000,0
145486000,0
145488000,0
145490000,0
145492000,0
145494000,0
145496000,0
145498000,0
145500000,0
145502000,0
145504000,0
145506001,0
145508000,0
145510000,0
145512001,0
145514000,0
145516000,0
145518000,0
145520000,0
145522000,0
145524000,0
145526001,0
145528000,0
145530000,0
145532000,0
145534000,0
145536001,0
145538001,0
145540000,0
145542001,0
145544000,0
145546000,0
145548000,0
145550000,0
145552000,0
145554000,0
145556000,0
145558001,0
145560000,0
145562000,0
145564000,0
145566000,0
145568000,0
145570000,0
145572000,0
145574000,0
145576000,0
145578000,0
145580001,0
145582000,0
145584000,0
145586000,0
145588000,0
145590000,0
145592000,0
145594001,0
145596000,0
145598000,0
145600000,0
145602000,0
145604001,0
145606000,0
145608000,0
145610000,0
145612000,0
145614000,0
145616001,0
145618001,0
145620000,0
145622001,0
145624000,0
145626000,0
145628000,0
145630000,0
145632000,0
145634001,0
145636000,0
145638000,0
145640000,0
145642000,0
145644000,0
145646000,0
145648000,0
145650001,0
145652000,0
145654000,0
145656000,0
145658000,0
145660000,0
145662000,0
145664000,0
145666000,0
145668000,0
145670001,0
145672001,0
145674000,0
145676001,0
145678000,0
145680000,0
145682000,0
145684001,0
145686000,0
145688000,0
145690000,0
145692000,0
145694000,0
145696000,0
145698001,0
145700001,0
145702000,0
145704000,0
145706001,0
145708000,0
145710000,0
145712001,0
145714000,0
145716000,0
145718000,0
145720001,0
145722000,0
145724000,0
145726000,0
145728000,0
145730000,0
145732000,0
145734000,0
145736000,0
145738000,0
145740000,0
145742000,0
145744000,0
145746000,0
145748000,0
145750000,0
145752001,0
145754001,0
145756000,0
145758000,0
145760000,0
145762000,0
145764001,0
145766000,0
145768000,0
145770001,0
145772000,0
145774000,0
145776000,0
145778000,0
145780001,0
145782000,0
145784000,0
145786000,0
145788000,0
145790000,0
145792000,0
145794000,0
145796000,0
145798001,0
145800000,0
145802001,0
145804000,0
145806001,0
145808001,0
145810000,0
145812000,0
145814000,0
145816001,0
145818000,0
145820001,0
145822000,0
145824001,0
145826000,0
145828000,0
145830000,0
145832000,0
145834000,0
145836000,0
145838000,0
145840001,0
145842000,0
145844000,0
145846001,0
145848001,0
145850000,0
145852000,0
145854000,0
145856000,0
145858000,0
145860000,0
145862000,0
145864000,0
145866000,0
145868000,0
145870001,0
145872000,0
145874000,0
145876000,0
145878000,0
145880000,0
145882000,0
145884000,0
145886000,0
145888000,0
145890000,0
145892000,0
145894000,0
145896000,0
145898000,0
145900000,0
145902001,0
145904000,0
145906000,0
145908000,0
145910001,0
145912001,0
145914000,0
145916000,0
145918001,0
145920000,0
145922000,0
145924000,0
145926000,0
145928000,0
145930000,0
145932000,0
145934000,0
145936000,0
145938000,0
145940000,0
145942001,0
145944000,0
145946000,0
145948000,0
145950000,0
145952000,0
145954000,0
145956000,0
145958000,0
145960000,0
145962000,0
145964000,0
145966000,0
145968000,0
145970000,0
145972000,0
145974000,0
145976001,0
145978000,0
145980000,0
145982000,0
145984000,0
145986000,0
145988000,0
145990001,0
145992001,0
145994000,0
145996000,0
145998000,0
146000000,0
146002000,0
146004000,0
146006000,0
146008000,0
146010000,0
146012000,0
146014000,0
146016000,0
146018000,0
146020000,0
146022000,0
146024000,0
146026000,0
146028000,0
146030000,0
146032000,0
146034001,0
146036000,0
146038000,0
146040000,0
146042000,0
146044001,0
146046000,0
146048000,0
146050000,0
146052001,0
146054000,0
146056000,0
146058001,0
146060000,0
146062001,0
146064000,0
146066000,0
146068000,0
146070000,0
146072000,0
146074000,0
146076000,0
146078001,0
146080000,0
146082000,0
146084000,0
146086000,0
146088000,0
146090000,0
146092000,0
146094000,0
146096000,0
146098000,0
146100000,0
146102000,0
146104000,0
146106001,0
146108000,0
146110000,0
146112000,0
146114000,0
146116001,0
146118000,0
146120000,0
146122000,0
146124000,0
146126000,0
146128001,0
146130000,0
146132000,0
146134000,0
146136000,0
146138000,0
146140000,0
146142000,0
146144000,0
146146000,0
146148000,0
146150000,0
146152000,0
146154000,0
146156000,0
146158000,0
146160000,0
146162001,0
146164000,0
146166000,0
146168000,0
146170000,0
146172000,0
146174000,0
146176000,0
146178000,0
146180000,0
146182000,0
146184000,0
146186000,0
146188001,0
146190000,0
146192000,0
146194000,0
146196000,0
146198000,0
146200000,0
146202000,0
146204000,0
146206001,0
146208001,0
146210000,0
146212000,0
146214000,0
146216000,0
146218000,0
146220000,0
146222000,0
146224000,0
146226000,0
146228000,0
146230000,0
146232000,0
146234001,0
146236000,0
146238000,0
146240000,0
146242001,0
146244000,0
146246000,0
146248001,0
146250001,0
146252000,0
146254000,0
146256000,0
146258000,0
146260000,0
146262000,0
146264000,0
146266000,0
146268000,0
146270001,0
146272001,0
146274000,0
146276000,0
146278000,0
146280000,0
146282000,0
146284000,0
146286000,0
146288000,0
146290000,0
146292000,0
146294000,0
146296001,0
146298001,0
146300000,0
146302000,0
146304000,0
146306001,0
146308001,0
146310000,0
146312000,0
146314000,0
146316000,0
146318000,0
146320000,0
146322000,0
146324000,0
146326000,0
146328000,0
146330000,0
146332000,0
146334000,0
146336000,0
146338000,0
146340000,0
146342000,0
146344000,0
146346000,0
146348000,0
146350000,0
146352000,0
146354000,0
146356000,0
146358000,0
146360000,0
146362000,0
146364000,0
146366000,0
146368000,0
146370000,0
146372000,0
146374000,0
146376000,0
146378000,0
146380000,0
146382000,0
146384001,0
146386000,0
146388001,0
146390000,0
146392000,0
146394001,0
146396000,0
146398000,0
146400000,0
146402000,0
146404000,0
146406000,0
146408000,0
146410000,0
146412000,0
146414000,0
146416001,0
146418000,0
146420000,0
146422000,0
146424000,0
146426000,0
146428001,0
146430000,0
146432000,0
146434000,0
146436000,0
146438000,0
146440000,0
146442000,0
146444000,0
146446000,0
146448000,0
146450000,0
146452000,0
146454000,0
146456000,0
146458000,0
146460000,0
146462000,0
146464000,0
146466000,0
146468000,0
146470000,0
146472001,0
146474000,0
146476000,0
146478001,0
146480001,0
146482000,0
146484000,0
146486000,0
146488000,0
146490001,0
146492000,0
146494000,0
146496000,0
146498000,0
146500000,0
146502000,0
146504000,0
146506000,0
146508000,0
146510000,0
146512001,0
146514000,0
146516000,0
146518001,0
146520000,0
146522000,0
146524001,0
146526000,0
146528000,0
146530000,0
146532000,0
146534000,0
146536000,0
146538000,0
146540000,0
146542000,0
146544000,0
146546000,0
146548000,0
146550000,0
146552000,0
146554000,0
146556000,0
146558000,0
146560000,0
146562000,0
146564000,0
146566001,0
146568000,0
146570000,0
146572000,0
146574001,0
146576000,0
146578000,0
146580000,0
146582000,0
146584000,0
146586000,0
146588000,0
146590000,0
146592000,0
146594001,0
146596000,0
146598000,0
146600000,0
146602000,0
146604001,0
146606000,0
146608000,0
146610000,0
146612000,0
146614000,0
146616000,0
146618000,0
146620000,0
146622000,0
146624000,0
146626000,0
146628000,0
146630000,0
146632000,0
146634000,0
146636000,0
146638000,0
146640000,0
146642000,0
146644001,0
146646000,0
146648000,0
146650000,0
146652000,0
146654000,0
146656000,0
146658001,0
146660000,0
146662000,0
146664000,0
146666000,0
146668001,0
146670000,0
146672000,0
146674001,0
146676000,0
146678000,0
146680000,0
146682000,0
146684000,0
146686000,0
146688000,0
146690000,0
146692000,0
146694000,0
146696001,0
146698001,0
146700000,0
146702000,0
146704000,0
146706000,0
146708000,0
146710000,0
146712000,0
146714000,0
146716000,0
146718001,0
146720000,0
146722000,0
146724000,0
146726000,0
146728000,0
146730000,0
146732000,0
146734001,0
146736000,0
146738000,0
146740000,0
146742000,0
146744001,0
146746000,0
146748000,0
146750000,0
146752000,0
146754000,0
146756000,0
146758000,0
146760001,0
146762000,0
146764000,0
146766000,0
146768000,0
146770000,0
146772000,0
146774000,0
146776000,0
146778000,0
146780000,0
146782000,0
146784000,0
146786000,0
146788000,0
146790000,0
146792000,0
146794000,0
146796000,0
146798000,0
146800000,0
146802000,0
146804001,0
146806000,0
146808000,0
146810000,0
146812000,0
146814000,0
146816000,0
146818001,0
146820000,0
146822000,0
146824000,0
146826001,0
146828000,0
146830000,0
146832001,0
146834000,0
146836000,0
146838000,0
146840000,0
146842000,0
146844000,0
146846001,0
146848000,0
146850000,0
146852000,0
146854000,0
146856000,0
146858000,0
146860001,0
146862000,0
146864000,0
146866000,0
146868000,0
146870000,0
146872000,0
146874000,0
146876000,0
146878000,0
146880001,0
146882001,0
146884000,0
146886000,0
146888000,0
146890000,0
146892000,0
146894000,0
146896000,0
146898000,0
146900000,0
146902000,0
146904000,0
146906001,0
146908000,0
146910000,0
146912000,0
146914000,0
146916000,0
146918000,0
146920000,0
146922000,0
146924001,0
146926000,0
146928000,0
146930000,0
146932000,0
146934000,0
146936000,0
146938001,0
146940000,0
146942000,0
146944000,0
146946000,0
146948000,0
146950000,0
146952000,0
146954000,0
146956000,0
146958000,0
146960000,0
146962000,0
146964001,0
146966000,0
146968000,0
146970000,0
146972000,0
146974001,0
146976000,0
146978000,0
146980000,0
146982000,0
146984000,0
146986000,0
146988000,0
146990000,0
146992000,0
146994000,0
146996001,0
146998000,0
147000000,0
147002000,0
147004001,0
147006000,0
147008000,0
147010000,0
147012000,0
147014000,0
147016000,0
147018000,0
147020000,0
147022001,0
147024000,0
147026000,0
147028000,0
147030000,0
147032000,0
147034000,0
147036000,0
147038000,0
147040000,0
147042000,0
147044000,0
147046000,0
147048000,0
147050000,0
147052000,0
147054000,0
147056001,0
147058001,0
147060000,0
147062000,0
147064000,0
147066000,0
147068000,0
147070000,0
147072000,0
147074000,0
147076001,0
147078000,0
147080000,0
147082000,0
147084000,0
147086000,0
147088000,0
147090000,0
147092000,0
147094000,0
147096000,0
147098000,0
147100000,0
147102001,0
147104000,0
147106001,0
147108000,0
147110001,0
147112001,0
147114000,0
147116000,0
147118000,0
147120000,0
147122000,0
147124000,0
147126000,0
147128000,0
147130000,0
147132000,0
147134000,0
147136000,0
147138000,0
147140000,0
147142000,0
147144000,0
147146000,0
147148000,0
147150000,0
147152000,0
147154000,0
147156000,0
147158000,0
147160000,0
147162001,0
147164000,0
147166000,0
147168001,0
147170001,0
147172000,0
147174000,0
147176000,0
147178000,0
147180000,0
147182000,0
147184000,0
147186000,0
147188000,0
147190000,0
147192000,0
147194000,0
147196000,0
147198000,0
147200000,0
147202000,0
147204000,0
147206000,0
147208000,0
147210001,0
147212000,0
147214000,0
147216000,0
147218000,0
147220000,0
147222001,0
147224001,0
147226000,0
147228000,0
147230000,0
147232000,0
147234000,0
147236000,0
147238000,0
147240000,0
147242000,0
147244000,0
147246000,0
147248000,0
147250000,0
147252000,0
147254000,0
147256000,0
147258000,0
147260000,0
147262000,0
147264000,0
147266001,0
147268000,0
147270000,0
147272000,0
147274000,0
147276000,0
147278000,0
147280000,0
147282000,0
147284000,0
147286000,0
147288000,0
147290000,0
147292000,0
147294000,0
147296000,0
147298000,0
147300000,0
147302000,0
147304000,0
147306000,0
147308001,0
147310001,0
147312000,0
147314000,0
147316000,0
147318001,0
147320000,0
147322000,0
147324000,0
147326000,0
147328000,0
147330000,0
147332000,0
147334000,0
147336001,0
147338001,0
147340000,0
147342000,0
147344000,0
147346001,0
147348001,0
147350000,0
147352000,0
147354000,0
147356000,0
147358000,0
147360000,0
147362000,0
147364000,0
147366000,0
147368000,0
147370001,0
147372000,0
147374000,0
147376000,0
147378000,0
147380000,0
147382000,0
147384000,0
147386001,0
147388000,0
147390000,0
147392000,0
147394000,0
147396000,0
147398000,0
147400000,0
147402000,0
147404000,0
147406000,0
147408000,0
147410000,0
147412000,0
147414000,0
147416000,0
147418000,0
147420000,0
147422000,0
147424000,0
147426000,0
147428000,0
147430000,0
147432000,0
147434000,0
147436000,0
147438000,0
147440000,0
147442000,0
147444000,0
147446000,0
147448000,0
147450000,0
147452001,0
147454001,0
147456000,0
147458000,0
147460000,0
147462001,0
147464000,0
147466000,0
147468000,0
147470000,0
147472000,0
147474000,0
147476000,0
147478000,0
147480000,0
147482001,0
147484000,0
147486000,0
147488000,0
147490001,0
147492000,0
147494000,0
147496000,0
147498000,0
147500000,0
147502000,0
147504000,0
147506000,0
147508000,0
147510000,0
147512000,0
147514000,0
147516000,0
147518000,0
147520000,0
147522001,0
147524000,0
147526000,0
147528000,0
147530000,0
147532000,0
147534000,0
147536001,0
147538000,0
147540000,0
147542000,0
147544001,0
147546000,0
147548000,0
147550001,0
147552001,0
147554000,0
147556000,0
147558001,0
147560000,0
147562000,0
147564000,0
147566000,0
147568000,0
147570000,0
147572000,0
147574000,0
147576000,0
147578000,0
147580000,0
147582000,0
147584000,0
147586000,0
147588000,0
147590000,0
147592001,0
147594000,0
147596000,0
147598000,0
147600001,0
147602000,0
147604000,0
147606000,0
147608000,0
147610000,0
147612000,0
147614000,0
147616000,0
147618000,0
147620000,0
147622000,0
147624000,0
147626000,0
147628000,0
147630000,0
147632000,0
147634000,0
147636001,0
147638000,0
147640000,0
147642000,0
147644000,0
147646000,0
147648001,0
147650000,0
147652000,0
147654000,0
147656001,0
147658001,0
147660000,0
147662000,0
147664000,0
147666000,0
147668000,0
147670000,0
147672000,0
147674000,0
147676000,0
147678000,0
147680000,0
147682000,0
147684000,0
147686001,0
147688000,0
147690000,0
147692001,0
147694000,0
147696000,0
147698000,0
147700000,0
147702000,0
147704000,0
147706000,0
147708000,0
147710000,0
147712000,0
147714000,0
147716000,0
147718000,0
147720000,0
147722000,0
147724000,0
147726000,0
147728000,0
147730000,0
147732000,0
147734001,0
147736001,0
147738000,0
147740000,0
147742000,0
147744000,0
147746000,0
147748000,0
147750000,0
147752000,0
147754000,0
147756001,0
147758000,0
147760000,0
147762000,0
147764000,0
147766000,0
147768000,0
147770000,0
147772000,0
147774001,0
147776001,0
147778000,0
147780000,0
147782000,0
147784001,0
147786001,0
147788001,0
147790000,0
147792000,0
147794000,0
147796001,0
147798001,0
147800001,0
147802000,0
147804000,0
147806000,0
147808000,0
147810001,0
147812000,0
147814000,0
147816000,0
147818000,0
147820000,0
147822000,0
147824000,0
147826000,0
147828000,0
147830000,0
147832000,0
147834001,0
147836000,0
147838000,0
147840000,0
147842000,0
147844000,0
147846000,0
147848000,0
147850001,0
147852000,0
147854000,0
147856000,0
147858000,0
147860000,0
147862000,0
147864000,0
147866000,0
147868000,0
147870000,0
147872000,0
147874000,0
147876001,0
147878001,0
147880000,0
147882000,0
147884000,0
147886001,0
147888001,0
147890000,0
147892000,0
147894000,0
147896000,0
147898000,0
147900001,0
147902000,0
147904000,0
147906000,0
147908000,0
147910000,0
147912001,0
147914000,0
147916000,0
147918000,0
147920000,0
147922000,0
147924000,0
147926000,0
147928000,0
147930000,0
147932000,0
147934000,0
147936000,0
147938000,0
147940000,0
147942000,0
147944001,0
147946000,0
147948000,0
147950000,0
147952001,0
147954000,0
147956000,0
147958000,0
147960000,0
147962000,0
147964000,0
147966000,0
147968000,0
147970000,0
147972000,0
147974000,0
147976000,0
147978000,0
147980000,0
147982000,0
147984000,0
147986000,0
147988000,0
147990000,0
147992000,0
147994000,0
147996000,0
147998000,0
148000000,0
148002000,0
148004001,0
148006000,0
148008000,0
148010000,0
148012000,0
148014000,0
148016000,0
148018000,0
148020000,0
148022001,0
148024000,0
148026000,0
148028000,0
148030000,0
148032001,0
148034000,0
148036001,0
148038000,0
148040000,0
148042000,0
148044000,0
148046000,0
148048001,0
148050000,0
148052000,0
148054000,0
148056000,0
148058000,0
148060000,0
148062000,0
148064000,0
148066000,0
148068000,0
148070000,0
148072000,0
148074000,0
148076000,0
148078000,0
148080000,0
148082000,0
148084000,0
148086000,0
148088001,0
148090001,0
148092000,0
148094000,0
148096000,0
148098000,0
148100000,0
148102000,0
148104000,0
148106000,0
148108000,0
148110000,0
148112000,0
148114000,0
148116000,0
148118000,0
148120000,0
148122000,0
148124000,0
148126000,0
148128001,0
148130000,0
148132000,0
148134000,0
148136000,0
148138000,0
148140000,0
148142000,0
148144000,0
148146001,0
148148000,0
148150000,0
148152000,0
148154000,0
148156000,0
148158000,0
148160000,0
148162000,0
148164000,0
148166000,0
148168000,0
148170000,0
148172000,0
148174000,0
148176000,0
148178001,0
148180000,0
148182000,0
148184000,0
148186001,0
148188000,0
148190000,0
148192000,0
148194000,0
148196000,0
148198000,0
148200000,0
148202000,0
148204000,0
148206000,0
148208001,0
148210000,0
148212000,0
148214000,0
148216000,0
148218000,0
148220000,0
148222000,0
148224000,0
148226000,0
148228000,0
148230000,0
148232000,0
148234000,0
148236000,0
148238000,0
148240001,0
148242000,0
148244000,0
148246000,0
148248001,0
148250000,0
148252000,0
148254000,0
148256000,0
148258000,0
148260000,0
148262000,0
148264001,0
148266001,0
148268000,0
148270000,0
148272000,0
148274000,0
148276000,0
148278000,0
148280000,0
148282000,0
148284000,0
148286000,0
148288001,0
148290000,0
148292000,0
148294000,0
148296001,0
148298000,0
148300000,0
148302000,0
148304001,0
148306000,0
148308000,0
148310001,0
148312000,0
148314000,0
148316000,0
148318000,0
148320000,0
148322000,0
148324000,0
148326000,0
148328000,0
148330000,0
148332000,0
148334000,0
148336000,0
148338000,0
148340000,0
148342000,0
148344000,0
148346000,0
148348000,0
148350000,0
148352000,0
148354000,0
148356000,0
148358000,0
148360001,0
148362000,0
148364000,0
148366000,0
148368000,0
148370000,0
148372000,0
148374000,0
148376000,0
148378000,0
148380000,0
148382000,0
148384000,0
148386000,0
148388000,0
148390001,0
148392000,0
148394000,0
148396000,0
148398000,0
148400000,0
148402000,0
148404000,0
148406000,0
148408000,0
148410000,0
148412001,0
148414000,0
148416000,0
148418000,0
148420000,0
148422000,0
148424000,0
148426000,0
148428000,0
148430000,0
148432000,0
148434000,0
148436000,0
148438000,0
148440000,0
148442000,0
148444000,0
148446000,0
148448001,0
148450000,0
148452000,0
148454000,0
148456000,0
148458000,0
148460000,0
148462000,0
148464000,0
148466000,0
148468000,0
148470000,0
148472000,0
148474000,0
148476000,0
148478000,0
148480000,0
148482000,0
148484000,0
148486000,0
148488000,0
148490001,0
148492000,0
148494000,0
148496000,0
148498000,0
148500000,0
148502000,0
148504000,0
148506000,0
148508000,0
148510000,0
148512000,0
148514000,0
148516000,0
148518000,0
148520000,0
148522001,0
148524000,0
148526000,0
148528000,0
148530000,0
148532001,0
148534000,0
148536000,0
148538000,0
148540000,0
148542000,0
148544000,0
148546000,0
148548000,0
148550000,0
148552000,0
148554000,0
148556000,0
148558000,0
148560000,0
148562000,0
148564000,0
148566000,0
148568000,0
148570000,0
148572000,0
148574000,0
148576000,0
148578000,0
148580000,0
148582000,0
148584000,0
148586000,0
148588000,0
148590000,0
148592001,0
148594000,0
148596000,0
148598000,0
148600000,0
148602001,0
148604000,0
148606000,0
148608000,0
148610000,0
148612000,0
148614000,0
148616000,0
148618000,0
148620000,0
148622000,0
148624000,0
148626000,0
148628000,0
148630000,0
148632000,0
148634000,0
148636000,0
148638000,0
148640000,0
148642000,0
148644000,0
148646000,0
148648000,0
148650000,0
148652000,0
148654000,0
148656000,0
148658000,0
148660000,0
148662000,0
148664000,0
148666000,0
148668000,0
148670000,0
148672000,0
148674000,0
148676000,0
148678000,0
148680001,0
148682000,0
148684000,0
148686000,0
148688000,0
148690000,0
148692000,0
148694000,0
148696000,0
148698000,0
148700000,0
148702000,0
148704000,0
148706000,0
148708000,0
148710000,0
148712000,0
148714000,0
148716000,0
148718000,0
148720000,0
148722000,0
148724000,0
148726000,0
148728000,0
148730000,0
148732000,0
148734000,0
148736000,0
148738000,0
148740000,0
148742000,0
148744000,0
148746000,0
148748000,0
148750000,0
148752000,0
148754000,0
148756000,0
148758000,0
148760000,0
148762000,0
148764000,0
148766000,0
148768000,0
148770000,0
148772000,0
148774000,0
148776000,0
148778000,0
148780000,0
148782000,0
148784000,0
148786001,0
148788001,0
148790000,0
148792000,0
148794000,0
148796001,0
148798000,0
148800001,0
148802000,0
148804000,0
148806000,0
148808000,0
148810000,0
148812000,0
148814000,0
148816000,0
148818000,0
148820001,0
148822000,0
148824000,0
148826001,0
148828000,0
148830000,0
148832000,0
148834000,0
148836000,0
148838000,0
148840000,0
148842000,0
148844001,0
148846001,0
148848000,0
148850000,0
148852000,0
148854000,0
148856000,0
148858000,0
148860001,0
148862000,0
148864000,0
148866001,0
148868000,0
148870000,0
148872000,0
148874000,0
148876000,0
148878001,0
148880001,0
148882000,0
148884001,0
148886000,0
148888000,0
148890000,0
148892000,0
148894000,0
148896000,0
148898000,0
148900000,0
148902000,0
148904000,0
148906000,0
148908000,0
148910000,0
148912000,0
148914000,0
148916000,0
148918000,0
148920000,0
148922000,0
148924000,0
148926001,0
148928000,0
148930000,0
148932000,0
148934001,0
148936000,0
148938000,0
148940000,0
148942000,0
148944000,0
148946000,0
148948000,0
148950000,0
148952001,0
148954000,0
148956000,0
148958001,0
148960000,0
148962000,0
148964000,0
148966001,0
148968001,0
148970000,0
148972000,0
148974000,0
148976000,0
148978000,0
148980001,0
148982000,0
148984000,0
148986000,0
148988000,0
148990000,0
148992000,0
148994000,0
148996000,0
148998000,0
149000000,0
149002000,0
149004000,0
149006001,0
149008000,0
149010000,0
149012000,0
149014000,0
149016000,0
149018000,0
149020001,0
149022001,0
149024000,0
149026000,0
149028000,0
149030000,0
149032000,0
149034000,0
149036000,0
149038001,0
149040000,0
149042000,0
149044000,0
149046000,0
149048000,0
149050000,0
149052000,0
149054000,0
149056000,0
149058000,0
149060000,0
149062001,0
149064000,0
149066000,0
149068000,0
149070000,0
149072001,0
149074000,0
149076000,0
149078000,0
149080000,0
149082000,0
149084000,0
149086000,0
149088000,0
149090000,0
149092001,0
149094000,0
149096000,0
149098000,0
149100000,0
149102000,0
149104001,0
149106000,0
149108000,0
149110000,0
149112000,0
149114000,0
149116000,0
149118000,0
149120001,0
149122000,0
149124000,0
149126000,0
149128000,0
149130000,0
149132000,0
149134000,0
149136000,0
149138001,0
149140000,0
149142000,0
149144001,0
149146000,0
149148000,0
149150000,0
149152000,0
149154001,0
149156000,0
149158000,0
149160000,0
149162000,0
149164000,0
149166001,0
149168000,0
149170000,0
149172000,0
149174000,0
149176001,0
149178000,0
149180001,0
149182000,0
149184000,0
149186000,0
149188000,0
149190000,0
149192000,0
149194000,0
149196000,0
149198001,0
149200001,0
149202000,0
149204000,0
149206000,0
149208000,0
149210000,0
149212000,0
149214000,0
149216000,0
149218000,0
149220000,0
149222001,0
149224000,0
149226000,0
149228000,0
149230001,0
149232001,0
149234000,0
149236000,0
149238000,0
149240000,0
149242001,0
149244000,0
149246000,0
149248000,0
149250000,0
149252000,0
149254000,0
149256001,0
149258000,0
149260000,0
149262000,0
149264000,0
149266000,0
149268000,0
149270000,0
149272000,0
149274000,0
149276000,0
149278000,0
149280000,0
149282000,0
149284000,0
149286000,0
149288000,0
149290000,0
149292000,0
149294000,0
149296000,0
149298000,0
149300000,0
149302000,0
149304000,0
149306000,0
149308000,0
149310000,0
149312000,0
149314000,0
149316000,0
149318000,0
149320000,0
149322000,0
149324000,0
149326000,0
149328001,0
149330000,0
149332000,0
149334000,0
149336000,0
149338000,0
149340000,0
149342000,0
149344000,0
149346000,0
149348000,0
149350000,0
149352000,0
149354000,0
149356000,0
149358000,0
149360000,0
149362000,0
149364000,0
149366000,0
149368001,0
149370000,0
149372000,0
149374000,0
149376001,0
149378000,0
149380000,0
149382001,0
149384001,0
149386000,0
149388000,0
149390000,0
149392000,0
149394000,0
149396000,0
149398001,0
149400000,0
149402000,0
149404000,0
149406000,0
149408001,0
149410000,0
149412000,0
149414000,0
149416001,0
149418001,0
149420001,0
149422000,0
149424000,0
149426000,0
149428000,0
149430000,0
149432000,0
149434000,0
149436000,0
149438000,0
149440000,0
149442000,0
149444000,0
149446001,0
149448000,0
149450000,0
149452000,0
149454000,0
149456000,0
149458000,0
149460000,0
149462001,0
149464000,0
149466000,0
149468000,0
149470000,0
149472000,0
149474000,0
149476000,0
149478000,0
149480000,0
149482000,0
149484000,0
149486000,0
149488001,0
149490001,0
149492000,0
149494000,0
149496000,0
149498000,0
149500000,0
149502000,0
149504000,0
149506000,0
149508001,0
149510000,0
149512000,0
149514001,0
149516000,0
149518000,0
149520000,0
149522000,0
149524000,0
149526000,0
149528001,0
149530001,0
149532000,0
149534000,0
149536000,0
149538000,0
149540001,0
149542000,0
149544000,0
149546001,0
149548000,0
149550000,0
149552001,0
149554000,0
149556000,0
149558000,0
149560000,0
149562001,0
149564000,0
149566000,0
149568000,0
149570000,0
149572000,0
149574000,0
149576000,0
149578000,0
149580000,0
149582000,0
149584001,0
149586000,0
149588000,0
149590000,0
149592000,0
149594000,0
149596000,0
149598000,0
149600001,0
149602000,0
149604000,0
149606001,0
149608000,0
149610000,0
149612000,0
149614000,0
149616000,0
149618000,0
149620000,0
149622000,0
149624000,0
149626000,0
149628000,0
149630000,0
149632000,0
149634000,0
149636000,0
149638000,0
149640000,0
149642000,0
149644000,0
149646000,0
149648000,0
149650000,0
149652000,0
149654001,0
149656000,0
149658000,0
149660001,0
149662000,0
149664000,0
149666000,0
149668000,0
149670000,0
149672000,0
149674000,0
149676000,0
149678000,0
149680001,0
149682001,0
149684000,0
149686000,0
149688000,0
149690000,0
149692000,0
149694000,0
149696001,0
149698001,0
149700000,0
149702000,0
149704000,0
149706000,0
149708000,0
149710000,0
149712000,0
149714000,0
149716000,0
149718001,0
149720000,0
149722000,0
149724000,0
149726000,0
149728001,0
149730000,0
149732000,0
149734000,0
149736000,0
149738000,0
149740000,0
149742000,0
149744001,0
149746000,0
149748000,0
149750000,0
149752000,0
149754000,0
149756000,0
149758000,0
149760000,0
149762000,0
149764001,0
149766001,0
149768001,0
149770000,0
149772000,0
149774000,0
149776000,0
149778001,0
149780000,0
149782000,0
149784001,0
149786000,0
149788000,0
149790000,0
149792000,0
149794000,0
149796000,0
149798001,0
149800000,0
149802000,0
149804001,0
149806000,0
149808000,0
149810000,0
149812000,0
149814000,0
149816000,0
149818001,0
149820000,0
149822000,0
149824000,0
149826000,0
149828000,0
149830001,0
149832000,0
149834000,0
149836000,0
149838000,0
149840000,0
149842000,0
149844000,0
149846000,0
149848000,0
149850001,0
149852000,0
149854001,0
149856001,0
149858000,0
149860000,0
149862000,0
149864000,0
149866000,0
149868000,0
149870000,0
149872001,0
149874001,0
149876000,0
149878000,0
149880000,0
149882000,0
149884000,0
149886000,0
149888000,0
149890000,0
149892000,0
149894000,0
149896000,0
149898001,0
149900000,0
149902000,0
149904000,0
149906001,0
149908000,0
149910000,0
149912001,0
149914000,0
149916000,0
149918000,0
149920000,0
149922001,0
149924000,0
149926000,0
149928001,0
149930000,0
149932000,0
149934000,0
149936000,0
149938000,0
149940001,0
149942000,0
149944000,0
149946000,0
149948000,0
149950001,0
149952000,0
149954000,0
149956000,0
149958000,0
149960000,0
149962000,0
149964000,0
149966000,0
149968000,0
149970000,0
149972001,0
149974000,0
149976000,0
149978000,0
149980000,0
149982000,0
149984000,0
149986000,0
149988000,0
149990001,0
149992001,0
149994000,0
149996000,0
149998000,0
150000000,0
150002000,0
150004000,0
150006000,0
150008000,0
150010000,0
150012000,0
150014000,0
150016001,0
150018000,0
150020000,0
150022000,0
150024000,0
150026000,0
150028000,0
150030000,0
150032000,0
150034000,0
150036000,0
150038000,0
150040000,0
150042000,0
150044000,0
150046000,0
150048000,0
150050000,0
150052001,0
150054000,0
150056000,0
150058000,0
150060000,0
150062000,0
150064000,0
150066000,0
150068000,0
150070000,0
150072000,0
150074000,0
150076000,0
150078000,0
150080000,0
150082001,0
150084000,0
150086000,0
150088001,0
150090000,0
150092000,0
150094001,0
150096000,0
150098000,0
150100000,0
150102000,0
150104000,0
150106000,0
150108000,0
150110000,0
150112000,0
150114000,0
150116000,0
150118000,0
150120000,0
150122000,0
150124000,0
150126000,0
150128000,0
150130000,0
150132000,0
150134000,0
150136001,0
150138000,0
150140000,0
150142000,0
150144000,0
150146000,0
150148000,0
150150000,0
150152000,0
150154000,0
150156000,0
150158000,0
150160000,0
150162000,0
150164000,0
150166000,0
150168000,0
150170000,0
150172001,0
150174001,0
150176000,0
150178000,0
150180000,0
150182000,0
150184000,0
150186001,0
150188001,0
150190000,0
150192000,0
150194000,0
150196000,0
150198000,0
150200000,0
150202000,0
150204001,0
150206000,0
150208000,0
150210000,0
150212001,0
150214000,0
150216000,0
150218001,0
150220001,0
150222000,0
150224000,0
150226000,0
150228000,0
150230000,0
150232000,0
150234000,0
150236000,0
150238000,0
150240000,0
150242000,0
150244000,0
150246000,0
150248001,0
150250000,0
150252000,0
150254001,0
150256000,0
150258000,0
150260000,0
150262000,0
150264001,0
150266001,0
150268000,0
150270000,0
150272000,0
150274000,0
150276000,0
150278001,0
150280001,0
150282000,0
150284000,0
150286000,0
150288000,0
150290000,0
150292000,0
150294001,0
150296000,0
150298000,0
150300000,0
150302000,0
150304000,0
150306000,0
150308000,0
150310000,0
150312000,0
150314000,0
150316000,0
150318000,0
150320000,0
150322000,0
150324000,0
150326000,0
150328000,0
150330000,0
150332000,0
150334001,0
150336000,0
150338000,0
150340001,0
150342000,0
150344000,0
150346000,0
150348000,0
150350000,0
150352000,0
150354000,0
150356000,0
150358000,0
150360000,0
150362000,0
150364001,0
150366000,0
150368000,0
150370000,0
150372000,0
150374000,0
150376001,0
150378000,0
150380000,0
150382000,0
150384000,0
150386000,0
150388000,0
150390000,0
150392001,0
150394000,0
150396000,0
150398000,0
150400000,0
150402000,0
150404000,0
150406000,0
150408000,0
150410001,0
150412001,0
150414000,0
150416000,0
150418000,0
150420000,0
150422000,0
150424000,0
150426000,0
150428000,0
150430000,0
150432000,0
150434000,0
150436000,0
150438000,0
150440000,0
150442000,0
150444000,0
150446000,0
150448000,0
150450000,0
150452000,0
150454000,0
150456000,0
150458000,0
150460000,0
150462000,0
150464000,0
150466000,0
150468000,0
150470000,0
150472000,0
150474000,0
150476000,0
150478000,0
150480000,0
150482000,0
150484000,0
150486000,0
150488000,0
150490000,0
150492000,0
150494000,0
150496000,0
150498000,0
150500000,0
150502000,0
150504000,0
150506000,0
150508000,0
150510000,0
150512000,0
150514000,0
150516000,0
150518000,0
150520000,0
150522000,0
150524000,0
150526000,0
150528000,0
150530000,0
150532000,0
150534000,0
150536000,0
150538000,0
150540000,0
150542000,0
150544000,0
150546000,0
150548000,0
150550000,0
150552000,0
150554000,0
150556000,0
150558000,0
150560000,0
150562000,0
150564000,0
150566000,0
150568000,0
150570001,0
150572001,0
150574000,0
150576000,0
150578000,0
150580000,0
150582000,0
150584000,0
150586000,0
150588000,0
150590001,0
150592000,0
150594000,0
150596000,0
150598000,0
150600001,0
150602000,0
150604000,0
150606000,0
150608000,0
150610000,0
150612000,0
150614000,0
150616001,0
150618000,0
150620000,0
150622000,0
150624000,0
150626000,0
150628000,0
150630000,0
150632001,0
150634000,0
150636000,0
150638000,0
150640000,0
150642000,0
150644000,0
150646000,0
150648000,0
150650000,0
150652001,0
150654000,0
150656000,0
150658000,0
150660000,0
150662000,0
150664000,0
150666000,0
150668000,0
150670000,0
150672000,0
150674000,0
150676000,0
150678000,0
150680000,0
150682000,0
150684001,0
150686000,0
150688000,0
150690000,0
150692000,0
150694001,0
150696000,0
150698000,0
150700001,0
150702000,0
150704000,0
150706001,0
150708000,0
150710000,0
150712000,0
150714000,0
150716000,0
150718000,0
150720000,0
150722000,0
150724000,0
150726000,0
150728000,0
150730000,0
150732000,0
150734000,0
150736000,0
150738000,0
150740000,0
150742000,0
150744001,0
150746000,0
150748000,0
150750000,0
150752000,0
150754000,0
150756000,0
150758000,0
150760000,0
150762000,0
150764000,0
150766000,0
150768000,0
150770000,0
150772000,0
150774000,0
150776000,0
150778000,0
150780000,0
150782000,0
150784000,0
150786000,0
150788000,0
150790000,0
150792001,0
150794000,0
150796000,0
150798000,0
150800001,0
150802000,0
150804000,0
150806000,0
150808000,0
150810001,0
150812001,0
150814000,0
150816000,0
150818001,0
150820000,0
150822000,0
150824001,0
150826000,0
150828000,0
150830000,0
150832000,0
150834000,0
150836000,0
150838001,0
150840000,0
150842000,0
150844000,0
150846000,0
150848000,0
150850000,0
150852000,0
150854000,0
150856000,0
150858001,0
150860001,0
150862000,0
150864000,0
150866000,0
150868000,0
150870000,0
150872000,0
150874000,0
150876000,0
150878000,0
150880000,0
150882000,0
150884000,0
150886000,0
150888001,0
150890000,0
150892000,0
150894000,0
150896000,0
150898001,0
150900000,0
150902000,0
150904000,0
150906000,0
150908000,0
150910000,0
150912000,0
150914000,0
150916000,0
150918001,0
150920000,0
150922000,0
150924000,0
150926000,0
150928000,0
150930001,0
150932000,0
150934000,0
150936000,0
150938000,0
150940000,0
150942000,0
150944000,0
150946000,0
150948000,0
150950000,0
150952000,0
150954000,0
150956000,0
150958000,0
150960000,0
150962000,0
150964001,0
150966001,0
150968000,0
150970000,0
150972001,0
150974000,0
150976000,0
150978000,0
150980000,0
150982001,0
150984000,0
150986000,0
150988000,0
150990000,0
150992000,0
150994000,0
150996000,0
150998000,0
151000000,0
151002000,0
151004001,0
151006001,0
151008001,0
151010000,0
151012000,0
151014000,0
151016000,0
151018000,0
151020000,0
151022000,0
151024000,0
151026000,0
151028000,0
151030001,0
151032000,0
151034000,0
151036000,0
151038000,0
151040000,0
151042000,0
151044000,0
151046000,0
151048000,0
151050000,0
151052000,0
151054000,0
151056001,0
151058000,0
151060000,0
151062001,0
151064000,0
151066000,0
151068000,0
151070000,0
151072001,0
151074001,0
151076000,0
151078000,0
151080000,0
151082000,0
151084000,0
151086000,0
151088000,0
151090000,0
151092000,0
151094000,0
151096000,0
151098000,0
151100000,0
151102000,0
151104000,0
151106000,0
151108000,0
151110000,0
151112000,0
151114000,0
151116000,0
151118000,0
151120000,0
151122000,0
151124001,0
151126001,0
151128000,0
151130000,0
151132000,0
151134000,0
151136000,0
151138000,0
151140000,0
151142000,0
151144000,0
151146000,0
151148000,0
151150000,0
151152000,0
151154000,0
151156000,0
151158000,0
151160000,0
151162000,0
151164000,0
151166000,0
151168000,0
151170001,0
151172000,0
151174000,0
151176000,0
151178000,0
151180000,0
151182000,0
151184000,0
151186000,0
151188000,0
151190000,0
151192000,0
151194000,0
151196000,0
151198000,0
151200000,0
151202000,0
151204000,0
151206000,0
151208000,0
151210000,0
151212000,0
151214000,0
151216000,0
151218000,0
151220000,0
151222000,0
151224000,0
151226000,0
151228001,0
151230000,0
151232000,0
151234000,0
151236000,0
151238000,0
151240000,0
151242000,0
151244000,0
151246000,0
151248000,0
151250001,0
151252001,0
151254000,0
151256000,0
151258000,0
151260000,0
151262000,0
151264000,0
151266000,0
151268000,0
151270000,0
151272000,0
151274000,0
151276000,0
151278000,0
151280000,0
151282000,0
151284000,0
151286000,0
151288000,0
151290000,0
151292000,0
151294000,0
151296000,0
151298000,0
151300000,0
151302001,0
151304000,0
151306000,0
151308000,0
151310000,0
151312000,0
151314000,0
151316000,0
151318000,0
151320000,0
151322000,0
151324000,0
151326000,0
151328001,0
151330001,0
151332001,0
151334000,0
151336000,0
151338000,0
151340000,0
151342000,0
151344000,0
151346000,0
151348000,0
151350000,0
151352000,0
151354001,0
151356000,0
151358000,0
151360000,0
151362000,0
151364000,0
151366000,0
151368000,0
151370000,0
151372000,0
151374000,0
151376000,0
151378000,0
151380000,0
151382000,0
151384000,0
151386000,0
151388001,0
151390000,0
151392000,0
151394000,0
151396000,0
151398000,0
151400001,0
151402001,0
151404000,0
151406000,0
151408001,0
151410001,0
151412000,0
151414000,0
151416000,0
151418000,0
151420000,0
151422000,0
151424000,0
151426000,0
151428000,0
151430000,0
151432000,0
151434000,0
151436000,0
151438001,0
151440000,0
151442000,0
151444000,0
151446000,0
151448000,0
151450000,0
151452000,0
151454000,0
151456000,0
151458001,0
151460000,0
151462000,0
151464001,0
151466001,0
151468000,0
151470000,0
151472000,0
151474000,0
151476000,0
151478000,0
151480000,0
151482000,0
151484000,0
151486000,0
151488000,0
151490000,0
151492000,0
151494000,0
151496000,0
151498000,0
151500000,0
151502000,0
151504000,0
151506000,0
151508000,0
151510000,0
151512000,0
151514001,0
151516000,0
151518000,0
151520000,0
151522000,0
151524000,0
151526000,0
151528000,0
151530001,0
151532000,0
151534000,0
151536000,0
151538000,0
151540000,0
151542000,0
151544000,0
151546000,0
151548000,0
151550000,0
151552000,0
151554000,0
151556000,0
151558000,0
151560000,0
151562001,0
151564000,0
151566000,0
151568000,0
151570000,0
151572000,0
151574000,0
151576000,0
151578000,0
151580001,0
151582001,0
151584000,0
151586000,0
151588000,0
151590000,0
151592000,0
151594000,0
151596000,0
151598000,0
151600000,0
151602000,0
151604000,0
151606000,0
151608000,0
151610001,0
151612000,0
151614000,0
151616000,0
151618000,0
151620000,0
151622000,0
151624000,0
151626000,0
151628000,0
151630001,0
151632000,0
151634000,0
151636000,0
151638000,0
151640000,0
151642000,0
151644000,0
151646000,0
151648000,0
151650001,0
151652000,0
151654000,0
151656000,0
151658000,0
151660000,0
151662000,0
151664000,0
151666000,0
151668001,0
151670000,0
151672000,0
151674000,0
151676000,0
151678000,0
151680000,0
151682000,0
151684000,0
151686000,0
151688001,0
151690000,0
151692000,0
151694000,0
151696000,0
151698000,0
151700000,0
151702001,0
151704000,0
151706000,0
151708000,0
151710000,0
151712001,0
151714000,0
151716000,0
151718000,0
151720000,0
151722000,0
151724001,0
151726000,0
151728000,0
151730000,0
151732000,0
151734000,0
151736000,0
151738000,0
151740000,0
151742000,0
151744000,0
151746000,0
151748000,0
151750000,0
151752000,0
151754000,0
151756000,0
151758000,0
151760000,0
151762000,0
151764000,0
151766000,0
151768000,0
151770000,0
151772000,0
151774000,0
151776000,0
151778000,0
151780000,0
151782000,0
151784000,0
151786001,0
151788000,0
151790000,0
151792000,0
151794000,0
151796001,0
151798000,0
151800000,0
151802000,0
151804000,0
151806000,0
151808001,0
151810000,0
151812000,0
151814000,0
151816000,0
151818000,0
151820000,0
151822001,0
151824000,0
151826000,0
151828000,0
151830000,0
151832000,0
151834000,0
151836000,0
151838000,0
151840000,0
151842001,0
151844001,0
151846000,0
151848000,0
151850000,0
151852000,0
151854001,0
151856000,0
151858000,0
151860000,0
151862000,0
151864000,0
151866000,0
151868000,0
151870001,0
151872000,0
151874000,0
151876000,0
151878000,0
151880001,0
151882001,0
151884000,0
151886000,0
151888000,0
151890000,0
151892000,0
151894001,0
151896000,0
151898000,0
151900000,0
151902000,0
151904000,0
151906000,0
151908000,0
151910001,0
151912000,0
151914000,0
151916000,0
151918000,0
151920000,0
151922000,0
151924001,0
151926000,0
151928000,0
151930000,0
151932000,0
151934000,0
151936000,0
151938000,0
151940000,0
151942000,0
151944000,0
151946000,0
151948000,0
151950000,0
151952000,0
151954000,0
151956000,0
151958000,0
151960000,0
151962001,0
151964001,0
151966000,0
151968000,0
151970000,0
151972001,0
151974001,0
151976000,0
151978000,0
151980001,0
151982000,0
151984000,0
151986000,0
151988000,0
151990001,0
151992000,0
151994000,0
151996000,0
151998000,0
152000000,0
152002000,0
152004000,0
152006000,0
152008001,0
152010000,0
152012000,0
152014000,0
152016000,0
152018000,0
152020000,0
152022000,0
152024000,0
152026001,0
152028000,0
152030000,0
152032001,0
152034000,0
152036000,0
152038000,0
152040000,0
152042000,0
152044000,0
152046000,0
152048000,0
152050000,0
152052000,0
152054000,0
152056000,0
152058000,0
152060000,0
152062001,0
152064000,0
152066000,0
152068000,0
152070000,0
152072000,0
152074000,0
152076000,0
152078000,0
152080000,0
152082000,0
152084000,0
152086000,0
152088000,0
152090000,0
152092000,0
152094001,0
152096000,0
152098000,0
152100001,0
152102000,0
152104000,0
152106000,0
152108000,0
152110000,0
152112000,0
152114000,0
152116000,0
152118000,0
152120000,0
152122001,0
152124001,0
152126001,0
152128000,0
152130000,0
152132000,0
152134000,0
152136000,0
152138000,0
152140000,0
152142000,0
152144000,0
152146001,0
152148000,0
152150000,0
152152001,0
152154000,0
152156000,0
152158000,0
152160000,0
152162000,0
152164000,0
152166000,0
152168000,0
152170000,0
152172001,0
152174000,0
152176000,0
152178000,0
152180000,0
152182000,0
152184000,0
152186000,0
152188000,0
152190000,0
152192000,0
152194000,0
152196000,0
152198000,0
152200000,0
152202000,0
152204001,0
152206000,0
152208000,0
152210000,0
152212000,0
152214000,0
152216000,0
152218000,0
152220000,0
152222000,0
152224000,0
152226000,0
152228000,0
152230000,0
152232000,0
152234000,0
152236000,0
152238000,0
152240000,0
152242000,0
152244000,0
152246000,0
152248000,0
152250000,0
152252001,0
152254000,0
152256000,0
152258000,0
152260000,0
152262000,0
152264000,0
152266000,0
152268000,0
152270000,0
152272000,0
152274000,0
152276001,0
152278000,0
152280000,0
152282000,0
152284000,0
152286000,0
152288000,0
152290000,0
152292000,0
152294000,0
152296000,0
152298000,0
152300000,0
152302001,0
152304000,0
152306000,0
152308000,0
152310000,0
152312001,0
152314000,0
152316000,0
152318000,0
152320000,0
152322000,0
152324001,0
152326001,0
152328001,0
152330000,0
152332000,0
152334000,0
152336000,0
152338000,0
152340001,0
152342000,0
152344000,0
152346000,0
152348000,0
152350000,0
152352000,0
152354000,0
152356000,0
152358000,0
152360000,0
152362001,0
152364000,0
152366000,0
152368001,0
152370000,0
152372000,0
152374001,0
152376000,0
152378000,0
152380000,0
152382000,0
152384000,0
152386000,0
152388001,0
152390000,0
152392001,0
152394000,0
152396000,0
152398000,0
152400000,0
152402000,0
152404000,0
152406000,0
152408000,0
152410000,0
152412000,0
152414000,0
152416000,0
152418000,0
152420000,0
152422000,0
152424000,0
152426000,0
152428000,0
152430000,0
152432000,0
152434000,0
152436000,0
152438000,0
152440000,0
152442000,0
152444000,0
152446000,0
152448000,0
152450000,0
152452000,0
152454000,0
152456000,0
152458000,0
152460000,0
152462001,0
152464000,0
152466000,0
152468000,0
152470000,0
152472001,0
152474000,0
152476000,0
152478000,0
152480000,0
152482000,0
152484000,0
152486000,0
152488000,0
152490000,0
152492000,0
152494000,0
152496000,0
152498000,0
152500000,0
152502000,0
152504001,0
152506000,0
152508000,0
152510000,0
152512001,0
152514000,0
152516000,0
152518000,0
152520000,0
152522001,0
152524000,0
152526000,0
152528000,0
152530000,0
152532001,0
152534000,0
152536000,0
152538000,0
152540001,0
152542000,0
152544000,0
152546000,0
152548000,0
152550000,0
152552000,0
152554000,0
152556000,0
152558000,0
152560000,0
152562000,0
152564000,0
152566000,0
152568000,0
152570000,0
152572001,0
152574001,0
152576000,0
152578000,0
152580000,0
152582000,0
152584000,0
152586000,0
152588000,0
152590001,0
152592000,0
152594000,0
152596000,0
152598000,0
152600000,0
152602000,0
152604000,0
152606001,0
152608000,0
152610000,0
152612000,0
152614001,0
152616000,0
152618000,0
152620000,0
152622000,0
152624001,0
152626001,0
152628000,0
152630000,0
152632000,0
152634000,0
152636000,0
152638000,0
152640000,0
152642001,0
152644000,0
152646000,0
152648000,0
152650000,0
152652001,0
152654000,0
152656000,0
152658000,0
152660000,0
152662000,0
152664000,0
152666000,0
152668001,0
152670000,0
152672000,0
152674000,0
152676000,0
152678001,0
152680000,0
152682000,0
152684000,0
152686000,0
152688000,0
152690000,0
152692000,0
152694000,0
152696001,0
152698000,0
152700000,0
152702000,0
152704000,0
152706000,0
152708000,0
152710000,0
152712000,0
152714000,0
152716000,0
152718000,0
152720000,0
152722000,0
152724000,0
152726000,0
152728001,0
152730000,0
152732000,0
152734000,0
152736000,0
152738001,0
152740001,0
152742000,0
152744000,0
152746000,0
152748000,0
152750000,0
152752000,0
152754000,0
152756000,0
152758000,0
152760000,0
152762000,0
152764000,0
152766000,0
152768000,0
152770000,0
152772000,0
152774000,0
152776000,0
152778000,0
152780000,0
152782000,0
152784000,0
152786000,0
152788000,0
152790000,0
152792000,0
152794000,0
152796001,0
152798001,0
152800000,0
152802000,0
152804000,0
152806000,0
152808000,0
152810000,0
152812000,0
152814000,0
152816000,0
152818000,0
152820000,0
152822000,0
152824000,0
152826000,0
152828000,0
152830000,0
152832000,0
152834000,0
152836001,0
152838000,0
152840000,0
152842000,0
152844000,0
152846000,0
152848000,0
152850000,0
152852000,0
152854000,0
152856000,0
152858000,0
152860000,0
152862000,0
152864000,0
152866000,0
152868000,0
152870000,0
152872000,0
152874000,0
152876000,0
152878000,0
152880000,0
152882000,0
152884001,0
152886000,0
152888000,0
152890000,0
152892000,0
152894000,0
152896000,0
152898000,0
152900000,0
152902000,0
152904000,0
152906000,0
152908000,0
152910001,0
152912000,0
152914000,0
152916000,0
152918000,0
152920000,0
152922000,0
152924000,0
152926000,0
152928000,0
152930000,0
152932000,0
152934000,0
152936001,0
152938000,0
152940000,0
152942000,0
152944000,0
152946000,0
152948000,0
152950000,0
152952000,0
152954000,0
152956000,0
152958000,0
152960000,0
152962001,0
152964000,0
152966000,0
152968000,0
152970000,0
152972000,0
152974000,0
152976000,0
152978000,0
152980001,0
152982001,0
152984000,0
152986000,0
152988000,0
152990000,0
152992000,0
152994001,0
152996000,0
152998000,0
153000000,0
153002000,0
153004000,0
153006000,0
153008000,0
153010000,0
153012000,0
153014000,0
153016000,0
153018000,0
153020000,0
153022001,0
153024000,0
153026000,0
153028000,0
153030000,0
153032000,0
153034000,0
153036000,0
153038000,0
153040000,0
153042000,0
153044000,0
153046000,0
153048000,0
153050001,0
153052000,0
153054000,0
153056000,0
153058000,0
153060000,0
153062000,0
153064000,0
153066000,0
153068000,0
153070000,0
153072000,0
153074000,0
153076000,0
153078000,0
153080000,0
153082001,0
153084000,0
153086000,0
153088000,0
153090001,0
153092000,0
153094000,0
153096000,0
153098000,0
153100000,0
153102000,0
153104000,0
153106000,0
153108000,0
153110000,0
153112000,0
153114000,0
153116000,0
153118000,0
153120000,0
153122000,0
153124000,0
153126000,0
153128000,0
153130000,0
153132000,0
153134000,0
153136000,0
153138000,0
153140000,0
153142000,0
153144001,0
153146001,0
153148000,0
153150000,0
153152000,0
153154000,0
153156000,0
153158000,0
153160000,0
153162000,0
153164000,0
153166000,0
153168000,0
153170000,0
153172000,0
153174000,0
153176000,0
153178000,0
153180000,0
153182001,0
153184000,0
153186000,0
153188000,0
153190000,0
153192000,0
153194000,0
153196000,0
153198000,0
153200001,0
153202000,0
153204000,0
153206000,0
153208001,0
153210000,0
153212000,0
153214000,0
153216000,0
153218000,0
153220000,0
153222000,0
153224000,0
153226000,0
153228001,0
153230000,0
153232000,0
153234000,0
153236000,0
153238000,0
153240000,0
153242000,0
153244000,0
153246000,0
153248000,0
153250000,0
153252000,0
153254000,0
153256001,0
153258001,0
153260000,0
153262000,0
153264000,0
153266000,0
153268000,0
153270000,0
153272000,0
153274001,0
153276000,0
153278000,0
153280000,0
153282000,0
153284000,0
153286000,0
153288000,0
153290000,0
153292000,0
153294000,0
153296000,0
153298000,0
153300000,0
153302000,0
153304000,0
153306000,0
153308000,0
153310000,0
153312000,0
153314000,0
153316000,0
153318000,0
153320000,0
153322000,0
153324000,0
153326001,0
153328000,0
153330000,0
153332000,0
153334000,0
153336001,0
153338000,0
153340000,0
153342000,0
153344000,0
153346000,0
153348000,0
153350000,0
153352000,0
153354000,0
153356000,0
153358000,0
153360000,0
153362000,0
153364000,0
153366000,0
153368000,0
153370000,0
153372000,0
153374000,0
153376000,0
153378000,0
153380000,0
153382001,0
153384000,0
153386000,0
153388000,0
153390000,0
153392000,0
153394000,0
153396000,0
153398000,0
153400000,0
153402000,0
153404000,0
153406000,0
153408000,0
153410000,0
153412000,0
153414000,0
153416000,0
153418000,0
153420000,0
153422000,0
153424000,0
153426000,0
153428001,0
153430000,0
153432000,0
153434001,0
153436000,0
153438000,0
153440000,0
153442000,0
153444000,0
153446000,0
153448000,0
153450000,0
153452001,0
153454000,0
153456000,0
153458000,0
153460000,0
153462000,0
153464000,0
153466000,0
153468000,0
153470000,0
153472000,0
153474000,0
153476000,0
153478000,0
153480000,0
153482000,0
153484000,0
153486000,0
153488001,0
153490001,0
153492000,0
153494000,0
153496000,0
153498000,0
153500000,0
153502001,0
153504001,0
153506000,0
153508000,0
153510000,0
153512000,0
153514001,0
153516000,0
153518000,0
153520000,0
153522000,0
153524001,0
153526001,0
153528000,0
153530000,0
153532000,0
153534001,0
153536001,0
153538000,0
153540001,0
153542000,0
153544000,0
153546000,0
153548000,0
153550000,0
153552000,0
153554000,0
153556000,0
153558001,0
153560000,0
153562000,0
153564000,0
153566000,0
153568000,0
153570000,0
153572000,0
153574000,0
153576000,0
153578000,0
153580000,0
153582000,0
153584000,0
153586000,0
153588000,0
153590001,0
153592000,0
153594000,0
153596000,0
153598000,0
153600000,0
153602000,0
153604000,0
153606000,0
153608000,0
153610001,0
153612000,0
153614000,0
153616000,0
153618000,0
153620000,0
153622000,0
153624000,0
153626000,0
153628000,0
153630000,0
153632000,0
153634000,0
153636000,0
153638000,0
153640000,0
153642000,0
153644000,0
153646001,0
153648001,0
153650001,0
153652000,0
153654000,0
153656000,0
153658000,0
153660000,0
153662000,0
153664000,0
153666000,0
153668000,0
153670000,0
153672000,0
153674000,0
153676000,0
153678000,0
153680000,0
153682000,0
153684000,0
153686000,0
153688000,0
153690000,0
153692000,0
153694001,0
153696000,0
153698000,0
153700000,0
153702000,0
153704000,0
153706000,0
153708000,0
153710000,0
153712000,0
153714000,0
153716000,0
153718000,0
153720000,0
153722000,0
153724000,0
153726000,0
153728000,0
153730001,0
153732000,0
153734000,0
153736000,0
153738000,0
153740000,0
153742000,0
153744000,0
153746000,0
153748000,0
153750000,0
153752000,0
153754000,0
153756000,0
153758000,0
153760000,0
153762000,0
153764000,0
153766000,0
153768000,0
153770000,0
153772000,0
153774000,0
153776000,0
153778000,0
153780001,0
153782000,0
153784000,0
153786000,0
153788000,0
153790000,0
153792000,0
153794000,0
153796000,0
153798000,0
153800000,0
153802000,0
153804001,0
153806000,0
153808000,0
153810000,0
153812000,0
153814000,0
153816000,0
153818000,0
153820000,0
153822000,0
153824000,0
153826000,0
153828000,0
153830000,0
153832001,0
153834000,0
153836000,0
153838000,0
153840000,0
153842000,0
153844000,0
153846000,0
153848000,0
153850000,0
153852001,0
153854000,0
153856000,0
153858000,0
153860000,0
153862000,0
153864000,0
153866000,0
153868001,0
153870001,0
153872000,0
153874000,0
153876000,0
153878000,0
153880001,0
153882000,0
153884000,0
153886000,0
153888000,0
153890001,0
153892000,0
153894000,0
153896000,0
153898000,0
153900001,0
153902000,0
153904000,0
153906000,0
153908000,0
153910000,0
153912000,0
153914000,0
153916000,0
153918000,0
153920000,0
153922000,0
153924000,0
153926000,0
153928000,0
153930001,0
153932000,0
153934000,0
153936000,0
153938000,0
153940000,0
153942000,0
153944000,0
153946000,0
153948000,0
153950001,0
153952000,0
153954000,0
153956000,0
153958000,0
153960000,0
153962001,0
153964000,0
153966000,0
153968000,0
153970000,0
153972000,0
153974000,0
153976000,0
153978000,0
153980000,0
153982000,0
153984000,0
153986001,0
153988000,0
153990000,0
153992000,0
153994001,0
153996000,0
153998000,0
154000000,0
154002000,0
154004000,0
154006000,0
154008000,0
154010000,0
154012000,0
154014000,0
154016000,0
154018000,0
154020000,0
154022001,0
154024000,0
154026000,0
154028000,0
154030000,0
154032000,0
154034000,0
154036001,0
154038000,0
154040000,0
154042000,0
154044000,0
154046000,0
154048000,0
154050000,0
154052001,0
154054000,0
154056000,0
154058000,0
154060000,0
154062001,0
154064000,0
154066000,0
154068000,0
154070001,0
154072001,0
154074000,0
154076000,0
154078000,0
154080000,0
154082000,0
154084000,0
154086000,0
154088000,0
154090001,0
154092000,0
154094000,0
154096000,0
154098000,0
154100000,0
154102000,0
154104000,0
154106000,0
154108000,0
154110000,0
154112000,0
154114000,0
154116000,0
154118000,0
154120000,0
154122000,0
154124000,0
154126000,0
154128000,0
154130000,0
154132000,0
154134001,0
154136000,0
154138000,0
154140000,0
154142000,0
154144000,0
154146000,0
154148001,0
154150000,0
154152000,0
154154000,0
154156000,0
154158000,0
154160000,0
154162000,0
154164000,0
154166000,0
154168000,0
154170000,0
154172000,0
154174000,0
154176000,0
154178001,0
154180000,0
154182000,0
154184000,0
154186000,0
154188000,0
154190000,0
154192000,0
154194000,0
154196000,0
154198000,0
154200000,0
154202000,0
154204000,0
154206000,0
154208000,0
154210000,0
154212000,0
154214000,0
154216000,0
154218000,0
154220000,0
154222000,0
154224001,0
154226000,0
154228000,0
154230000,0
154232001,0
154234000,0
154236000,0
154238000,0
154240001,0
154242001,0
154244000,0
154246000,0
154248000,0
154250000,0
154252000,0
154254000,0
154256000,0
154258000,0
154260000,0
154262000,0
154264000,0
154266000,0
154268000,0
154270000,0
154272000,0
154274000,0
154276000,0
154278001,0
154280000,0
154282000,0
154284001,0
154286000,0
154288000,0
154290000,0
154292000,0
154294000,0
154296000,0
154298000,0
154300000,0
154302000,0
154304000,0
154306001,0
154308000,0
154310000,0
154312000,0
154314000,0
154316000,0
154318000,0
154320000,0
154322000,0
154324000,0
154326000,0
154328000,0
154330000,0
154332000,0
154334000,0
154336000,0
154338000,0
154340000,0
154342000,0
154344000,0
154346001,0
154348000,0
154350000,0
154352000,0
154354000,0
154356000,0
154358000,0
154360001,0
154362000,0
154364000,0
154366000,0
154368000,0
154370000,0
154372000,0
154374001,0
154376001,0
154378000,0
154380000,0
154382001,0
154384000,0
154386000,0
154388001,0
154390000,0
154392000,0
154394000,0
154396000,0
154398000,0
154400000,0
154402000,0
154404000,0
154406000,0
154408000,0
154410000,0
154412000,0
154414000,0
154416001,0
154418000,0
154420000,0
154422000,0
154424000,0
154426000,0
154428000,0
154430000,0
154432000,0
154434000,0
154436000,0
154438000,0
154440000,0
154442000,0
154444000,0
154446000,0
154448000,0
154450000,0
154452000,0
154454000,0
154456000,0
154458000,0
154460000,0
154462000,0
154464000,0
154466000,0
154468000,0
154470000,0
154472000,0
154474000,0
154476000,0
154478000,0
154480000,0
154482000,0
154484000,0
154486000,0
154488000,0
154490000,0
154492000,0
154494000,0
154496000,0
154498000,0
154500000,0
154502000,0
154504000,0
154506000,0
154508000,0
154510000,0
154512000,0
154514001,0
154516000,0
154518000,0
154520001,0
154522000,0
154524000,0
154526001,0
154528000,0
154530000,0
154532000,0
154534000,0
154536000,0
154538001,0
154540000,0
154542000,0
154544000,0
154546001,0
154548001,0
154550000,0
154552000,0
154554000,0
154556000,0
154558000,0
154560000,0
154562000,0
154564000,0
154566000,0
154568000,0
154570000,0
154572000,0
154574000,0
154576000,0
154578000,0
154580000,0
154582000,0
154584000,0
154586000,0
154588000,0
154590000,0
154592001,0
154594000,0
154596000,0
154598000,0
154600000,0
154602000,0
154604000,0
154606000,0
154608000,0
154610000,0
154612000,0
154614000,0
154616001,0
154618000,0
154620000,0
154622000,0
154624000,0
154626000,0
154628000,0
154630000,0
154632000,0
154634000,0
154636000,0
154638000,0
154640000,0
154642000,0
154644000,0
154646000,0
154648000,0
154650000,0
154652000,0
154654000,0
154656000,0
154658000,0
154660000,0
154662000,0
154664000,0
154666000,0
154668000,0
154670000,0
154672000,0
154674000,0
154676000,0
154678000,0
154680000,0
154682000,0
154684000,0
154686000,0
154688000,0
154690000,0
154692000,0
154694000,0
154696000,0
154698000,0
154700000,0
154702000,0
154704001,0
154706000,0
154708000,0
154710000,0
154712000,0
154714000,0
154716000,0
154718000,0
154720000,0
154722000,0
154724000,0
154726000,0
154728000,0
154730000,0
154732001,0
154734000,0
154736000,0
154738000,0
154740000,0
154742000,0
154744000,0
154746000,0
154748000,0
154750001,0
154752000,0
154754000,0
154756000,0
154758000,0
154760000,0
154762000,0
154764000,0
154766000,0
154768000,0
154770000,0
154772000,0
154774000,0
154776001,0
154778001,0
154780000,0
154782000,0
154784000,0
154786000,0
154788000,0
154790000,0
154792000,0
154794000,0
154796000,0
154798000,0
154800000,0
154802000,0
154804000,0
154806000,0
154808000,0
154810000,0
154812000,0
154814000,0
154816000,0
154818000,0
154820000,0
154822000,0
154824000,0
154826000,0
154828000,0
154830001,0
154832000,0
154834000,0
154836000,0
154838000,0
154840001,0
154842000,0
154844000,0
154846001,0
154848000,0
154850000,0
154852000,0
154854000,0
154856000,0
154858000,0
154860000,0
154862000,0
154864000,0
154866000,0
154868000,0
154870001,0
154872001,0
154874001,0
154876000,0
154878000,0
154880000,0
154882000,0
154884000,0
154886000,0
154888000,0
154890000,0
154892000,0
154894000,0
154896000,0
154898000,0
154900000,0
154902000,0
154904000,0
154906000,0
154908001,0
154910000,0
154912000,0
154914000,0
154916000,0
154918000,0
154920000,0
154922000,0
154924000,0
154926000,0
154928000,0
154930000,0
154932000,0
154934000,0
154936000,0
154938000,0
154940000,0
154942001,0
154944000,0
154946000,0
154948000,0
154950000,0
154952000,0
154954000,0
154956000,0
154958000,0
154960000,0
154962000,0
154964000,0
154966000,0
154968000,0
154970000,0
154972001,0
154974000,0
154976000,0
154978000,0
154980001,0
154982000,0
154984000,0
154986000,0
154988000,0
154990000,0
154992000,0
154994000,0
154996000,0
154998000,0
155000000,0
155002001,0
155004001,0
155006001,0
155008000,0
155010000,0
155012001,0
155014000,0
155016000,0
155018000,0
155020000,0
155022000,0
155024000,0
155026001,0
155028000,0
155030000,0
155032000,0
155034000,0
155036000,0
155038000,0
155040000,0
155042000,0
155044000,0
155046001,0
155048000,0
155050000,0
155052000,0
155054000,0
155056001,0
155058000,0
155060000,0
155062001,0
155064000,0
155066000,0
155068000,0
155070000,0
155072000,0
155074000,0
155076000,0
155078000,0
155080000,0
155082000,0
155084000,0
155086000,0
155088000,0
155090000,0
155092000,0
155094000,0
155096001,0
155098001,0
155100000,0
155102000,0
155104000,0
155106001,0
155108001,0
155110000,0
155112000,0
155114000,0
155116000,0
155118001,0
155120000,0
155122000,0
155124000,0
155126000,0
155128000,0
155130000,0
155132001,0
155134000,0
155136000,0
155138001,0
155140001,0
155142001,0
155144000,0
155146000,0
155148001,0
155150000,0
155152000,0
155154000,0
155156001,0
155158000,0
155160000,0
155162000,0
155164000,0
155166000,0
155168000,0
155170000,0
155172000,0
155174000,0
155176000,0
155178000,0
155180000,0
155182000,0
155184000,0
155186000,0
155188000,0
155190000,0
155192001,0
155194000,0
155196000,0
155198000,0
155200000,0
155202000,0
155204000,0
155206001,0
155208001,0
155210000,0
155212000,0
155214000,0
155216000,0
155218001,0
155220000,0
155222000,0
155224000,0
155226000,0
155228001,0
155230000,0
155232000,0
155234000,0
155236000,0
155238000,0
155240000,0
155242000,0
155244000,0
155246001,0
155248000,0
155250000,0
155252000,0
155254000,0
155256000,0
155258000,0
155260000,0
155262000,0
155264000,0
155266000,0
155268000,0
155270000,0
155272000,0
155274000,0
155276000,0
155278000,0
155280001,0
155282000,0
155284000,0
155286000,0
155288001,0
155290000,0
155292000,0
155294001,0
155296000,0
155298000,0
155300000,0
155302000,0
155304000,0
155306000,0
155308000,0
155310000,0
155312000,0
155314000,0
155316000,0
155318000,0
155320001,0
155322000,0
155324000,0
155326001,0
155328000,0
155330000,0
155332000,0
155334000,0
155336000,0
155338000,0
155340000,0
155342000,0
155344000,0
155346000,0
155348000,0
155350000,0
155352001,0
155354000,0
155356000,0
155358001,0
155360001,0
155362000,0
155364000,0
155366001,0
155368000,0
155370000,0
155372000,0
155374001,0
155376000,0
155378000,0
155380000,0
155382000,0
155384000,0
155386000,0
155388000,0
155390000,0
155392000,0
155394000,0
155396000,0
155398000,0
155400000,0
155402000,0
155404000,0
155406000,0
155408000,0
155410000,0
155412000,0
155414000,0
155416000,0
155418000,0
155420000,0
155422000,0
155424000,0
155426000,0
155428000,0
155430000,0
155432000,0
155434000,0
155436000,0
155438000,0
155440000,0
155442001,0
155444000,0
155446000,0
155448000,0
155450000,0
155452000,0
155454000,0
155456000,0
155458000,0
155460001,0
155462001,0
155464001,0
155466000,0
155468000,0
155470000,0
155472000,0
155474000,0
155476000,0
155478000,0
155480000,0
155482000,0
155484000,0
155486000,0
155488000,0
155490000,0
155492000,0
155494000,0
155496000,0
155498000,0
155500000,0
155502000,0
155504000,0
155506000,0
155508000,0
155510000,0
155512000,0
155514000,0
155516000,0
155518000,0
155520000,0
155522000,0
155524000,0
155526000,0
155528000,0
155530001,0
155532000,0
155534000,0
155536000,0
155538000,0
155540000,0
155542000,0
155544000,0
155546000,0
155548000,0
155550000,0
155552000,0
155554000,0
155556000,0
155558000,0
155560000,0
155562000,0
155564000,0
155566000,0
155568000,0
155570000,0
155572000,0
155574000,0
155576000,0
155578000,0
155580000,0
155582000,0
155584000,0
155586000,0
155588000,0
155590000,0
155592001,0
155594001,0
155596000,0
155598000,0
155600000,0
155602000,0
155604000,0
155606000,0
155608000,0
155610000,0
155612000,0
155614000,0
155616000,0
155618000,0
155620000,0
155622000,0
155624000,0
155626000,0
155628001,0
155630000,0
155632000,0
155634000,0
155636001,0
155638000,0
155640001,0
155642000,0
155644000,0
155646000,0
155648000,0
155650000,0
155652000,0
155654000,0
155656000,0
155658001,0
155660001,0
155662000,0
155664000,0
155666000,0
155668000,0
155670000,0
155672000,0
155674000,0
155676000,0
155678000,0
155680000,0
155682001,0
155684000,0
155686000,0
155688000,0
155690000,0
155692000,0
155694000,0
155696000,0
155698000,0
155700000,0
155702000,0
155704000,0
155706000,0
155708000,0
155710000,0
155712000,0
155714000,0
155716000,0
155718000,0
155720000,0
155722000,0
155724000,0
155726000,0
155728000,0
155730000,0
155732000,0
155734000,0
155736000,0
155738000,0
155740000,0
155742000,0
155744000,0
155746001,0
155748000,0
155750000,0
155752001,0
155754000,0
155756000,0
155758000,0
155760000,0
155762000,0
155764000,0
155766000,0
155768000,0
155770000,0
155772000,0
155774000,0
155776000,0
155778000,0
155780001,0
155782000,0
155784000,0
155786000,0
155788000,0
155790000,0
155792000,0
155794000,0
155796001,0
155798000,0
155800000,0
155802001,0
155804001,0
155806001,0
155808000,0
155810000,0
155812000,0
155814000,0
155816000,0
155818000,0
155820000,0
155822000,0
155824000,0
155826000,0
155828000,0
155830000,0
155832000,0
155834000,0
155836000,0
155838000,0
155840000,0
155842000,0
155844000,0
155846000,0
155848000,0
155850000,0
155852000,0
155854001,0
155856000,0
155858000,0
155860000,0
155862000,0
155864000,0
155866000,0
155868000,0
155870000,0
155872000,0
155874000,0
155876000,0
155878000,0
155880000,0
155882000,0
155884000,0
155886000,0
155888000,0
155890000,0
155892000,0
155894000,0
155896000,0
155898000,0
155900000,0
155902000,0
155904000,0
155906000,0
155908000,0
155910000,0
155912000,0
155914000,0
155916000,0
155918000,0
155920000,0
155922000,0
155924000,0
155926000,0
155928000,0
155930001,0
155932000,0
155934000,0
155936001,0
155938000,0
155940000,0
155942000,0
155944000,0
155946000,0
155948000,0
155950000,0
155952000,0
155954000,0
155956000,0
155958001,0
155960000,0
155962000,0
155964000,0
155966000,0
155968000,0
155970000,0
155972001,0
155974000,0
155976000,0
155978000,0
155980000,0
155982000,0
155984000,0
155986000,0
155988000,0
155990000,0
155992000,0
155994000,0
155996000,0
155998000,0
156000000,0
156002000,0
156004001,0
156006001,0
156008000,0
156010000,0
156012000,0
156014000,0
156016000,0
156018000,0
156020000,0
156022000,0
156024000,0
156026000,0
156028000,0
156030000,0
156032000,0
156034000,0
156036000,0
156038000,0
156040000,0
156042000,0
156044000,0
156046000,0
156048000,0
156050000,0
156052000,0
156054000,0
156056000,0
156058000,0
156060000,0
156062000,0
156064000,0
156066000,0
156068000,0
156070000,0
156072001,0
156074000,0
156076000,0
156078000,0
156080000,0
156082000,0
156084001,0
156086000,0
156088000,0
156090000,0
156092000,0
156094000,0
156096000,0
156098000,0
156100000,0
156102000,0
156104000,0
156106000,0
156108000,0
156110000,0
156112000,0
156114000,0
156116000,0
156118001,0
156120000,0
156122000,0
156124000,0
156126001,0
156128001,0
156130000,0
156132000,0
156134000,0
156136000,0
156138000,0
156140000,0
156142000,0
156144000,0
156146000,0
156148000,0
156150000,0
156152000,0
156154000,0
156156000,0
156158000,0
156160000,0
156162000,0
156164000,0
156166000,0
156168000,0
156170000,0
156172000,0
156174000,0
156176000,0
156178000,0
156180000,0
156182000,0
156184000,0
156186000,0
156188000,0
156190000,0
156192001,0
156194000,0
156196000,0
156198000,0
156200000,0
156202001,0
156204000,0
156206000,0
156208000,0
156210000,0
156212000,0
156214001,0
156216001,0
156218000,0
156220000,0
156222000,0
156224000,0
156226000,0
156228000,0
156230000,0
156232000,0
156234001,0
156236000,0
156238000,0
156240000,0
156242000,0
156244000,0
156246000,0
156248000,0
156250000,0
156252000,0
156254000,0
156256000,0
156258000,0
156260001,0
156262001,0
156264000,0
156266000,0
156268000,0
156270000,0
156272000,0
156274000,0
156276000,0
156278000,0
156280000,0
156282000,0
156284000,0
156286000,0
156288000,0
156290000,0
156292000,0
156294000,0
156296000,0
156298000,0
156300000,0
156302000,0
156304000,0
156306000,0
156308000,0
156310000,0
156312000,0
156314000,0
156316000,0
156318000,0
156320001,0
156322000,0
156324000,0
156326000,0
156328000,0
156330000,0
156332000,0
156334000,0
156336000,0
156338000,0
156340000,0
156342000,0
156344000,0
156346000,0
156348000,0
156350000,0
156352000,0
156354000,0
156356000,0
156358000,0
156360000,0
156362000,0
156364000,0
156366000,0
156368000,0
156370000,0
156372000,0
156374000,0
156376000,0
156378000,0
156380001,0
156382000,0
156384000,0
156386000,0
156388000,0
156390000,0
156392000,0
156394000,0
156396000,0
156398000,0
156400000,0
156402000,0
156404000,0
156406000,0
156408000,0
156410000,0
156412000,0
156414000,0
156416000,0
156418001,0
156420000,0
156422000,0
156424001,0
156426001,0
156428000,0
156430000,0
156432000,0
156434000,0
156436000,0
156438000,0
156440000,0
156442000,0
156444000,0
156446001,0
156448000,0
156450000,0
156452000,0
156454000,0
156456000,0
156458001,0
156460000,0
156462000,0
156464000,0
156466000,0
156468000,0
156470000,0
156472000,0
156474000,0
156476000,0
156478000,0
156480000,0
156482000,0
156484000,0
156486001,0
156488000,0
156490000,0
156492000,0
156494000,0
156496001,0
156498000,0
156500000,0
156502000,0
156504000,0
156506001,0
156508000,0
156510000,0
156512001,0
156514000,0
156516000,0
156518000,0
156520000,0
156522000,0
156524000,0
156526000,0
156528000,0
156530001,0
156532000,0
156534000,0
156536001,0
156538000,0
156540000,0
156542000,0
156544000,0
156546000,0
156548000,0
156550000,0
156552000,0
156554000,0
156556000,0
156558000,0
156560000,0
156562000,0
156564000,0
156566000,0
156568000,0
156570000,0
156572000,0
156574000,0
156576000,0
156578000,0
156580000,0
156582000,0
156584000,0
156586000,0
156588000,0
156590000,0
156592000,0
156594000,0
156596000,0
156598000,0
156600000,0
156602000,0
156604000,0
156606000,0
156608000,0
156610001,0
156612000,0
156614000,0
156616000,0
156618000,0
156620000,0
156622000,0
156624000,0
156626000,0
156628001,0
156630001,0
156632000,0
156634000,0
156636000,0
156638001,0
156640001,0
156642000,0
156644000,0
156646000,0
156648000,0
156650000,0
156652000,0
156654000,0
156656000,0
156658000,0
156660000,0
156662000,0
156664000,0
156666000,0
156668000,0
156670000,0
156672000,0
156674000,0
156676000,0
