t_us,adc
276496000,0
276498000,0
276500000,0
276502000,0
276504000,0
276506000,0
276508000,0
276510000,0
276512000,0
276514000,0
276516000,0
276518001,0
276520001,0
276522001,0
276524001,0
276526001,0
276528000,0
276530000,0
276532000,0
276534000,0
276536001,0
276538001,0
276540000,0
276542000,0
276544001,0
276546001,0
276548001,0
276550001,0
276552001,0
276554001,0
276556001,0
276558000,0
276560000,0
276562000,0
276564000,0
276566000,0
276568000,0
276570000,0
276572000,0
276574000,0
276576000,0
276578000,0
276580000,0
276582000,0
276584000,0
276586000,0
276588000,0
276590000,0
276592000,0
276594000,0
276596001,0
276598001,0
276600000,0
276602001,0
276604001,0
276606000,0
276608001,0
276610001,0
276612001,0
276614000,0
276616001,0
276618000,0
276620000,0
276622000,0
276624000,0
276626000,0
276628000,0
276630000,0
276632000,0
276634000,0
276636001,0
276638000,0
276640000,0
276642000,0
276644000,0
276646001,0
276648001,0
276650001,0
276652001,0
276654000,0
276656000,0
276658000,0
276660000,0
276662000,0
276664000,0
276666000,0
276668000,0
276670000,0
276672000,0
276674000,0
276676000,0
276678000,0
276680000,0
276682000,0
276684000,0
276686001,0
276688000,0
276690000,0
276692001,0
276694001,0
276696000,0
276698000,0
276700000,0
276702000,0
276704001,0
276706001,0
276708000,0
276710000,0
276712000,0
276714001,0
276716000,0
276718000,0
276720000,0
276722000,0
276724000,0
276726001,0
276728000,0
276730000,0
276732000,0
276734000,0
276736000,0
276738000,0
276740000,0
276742001,0
276744001,0
276746001,0
276748000,0
276750000,0
276752000,0
276754000,0
276756000,0
276758000,0
276760000,0
276762000,0
276764000,0
276766000,0
276768000,0
276770000,0
276772000,0
276774000,0
276776000,0
276778000,0
276780000,0
276782001,0
276784000,0
276786001,0
276788001,0
276790000,0
276792000,0
276794000,0
276796001,0
276798001,0
276800001,0
276802001,0
276804001,0
276806000,0
276808000,0
276810000,0
276812001,0
276814001,0
276816000,0
276818000,0
276820000,0
276822000,0
276824000,0
276826000,0
276828000,0
276830000,0
276832000,0
276834000,0
276836000,0
276838000,0
276840000,0
276842000,0
276844000,0
276846000,0
276848000,0
276850000,0
276852000,0
276854000,0
276856001,0
276858001,0
276860000,0
276862000,0
276864000,0
276866000,0
276868000,0
276870000,0
276872000,0
276874000,0
276876000,0
276878000,0
276880000,0
276882000,0
276884001,0
276886000,0
276888000,0
276890000,0
276892000,0
276894000,0
276896000,0
276898000,0
276900000,0
276902000,0
276904001,0
276906001,0
276908000,0
276910001,0
276912001,0
276914001,0
276916001,0
276918000,0
276920000,0
276922001,0
276924000,0
276926001,0
276928001,0
276930001,0
276932001,0
276934000,0
276936000,0
276938000,0
276940000,0
276942000,0
276944000,0
276946000,0
276948000,0
276950000,0
276952000,0
276954000,0
276956000,0
276958000,0
276960000,0
276962000,0
276964000,0
276966001,0
276968001,0
276970001,0
276972000,0
276974000,0
276976000,0
276978000,0
276980000,0
276982001,0
276984001,0
276986001,0
276988000,0
276990000,0
276992001,0
276994000,0
276996001,0
276998001,0
277000001,0
277002000,0
277004000,0
277006000,0
277008000,0
277010000,0
277012000,0
277014000,0
277016001,0
277018000,0
277020001,0
277022001,0
277024000,0
277026001,0
277028001,0
277030001,0
277032000,0
277034001,0
277036000,0
277038000,0
277040001,0
277042001,0
277044000,0
277046000,0
277048000,0
277050000,0
277052001,0
277054000,0
277056001,0
277058000,0
277060000,0
277062000,0
277064001,0
277066000,0
277068000,0
277070001,0
277072001,0
277074001,0
277076000,0
277078000,0
277080000,0
277082000,0
277084001,0
277086001,0
277088001,0
277090001,0
277092000,0
277094000,0
277096000,0
277098001,0
277100000,0
277102001,0
277104000,0
277106000,0
277108000,0
277110000,0
277112000,0
277114000,0
277116000,0
277118000,0
277120000,0
277122000,0
277124000,0
277126001,0
277128000,0
277130000,0
277132000,0
277134000,0
277136001,0
277138000,0
277140000,0
277142001,0
277144001,0
277146001,0
277148001,0
277150000,0
277152001,0
277154001,0
277156001,0
277158001,0
277160001,0
277162001,0
277164000,0
277166000,0
277168000,0
277170000,0
277172000,0
277174001,0
277176001,0
277178001,0
277180001,0
277182001,0
277184000,0
277186001,0
277188000,0
277190001,0
277192001,0
277194000,0
277196001,0
277198001,0
277200001,0
277202001,0
277204000,0
277206001,0
277208000,0
277210000,0
277212000,0
277214001,0
277216001,0
277218001,0
277220000,0
277222001,0
277224001,0
277226000,0
277228000,0
277230000,0
277232000,0
277234001,0
277236001,0
277238000,0
277240000,0
277242000,0
277244000,0
277246000,0
277248000,0
277250000,0
277252000,0
277254000,0
277256000,0
277258000,0
277260000,0
277262000,0
277264000,0
277266000,0
277268000,0
277270000,0
277272000,0
277274000,0
277276000,0
277278000,0
277280000,0
277282000,0
277284000,0
277286000,0
277288000,0
277290001,0
277292001,0
277294001,0
277296001,0
277298001,0
277300000,0
277302000,0
277304000,0
277306000,0
277308000,0
277310000,0
277312000,0
277314000,0
277316000,0
277318000,0
277320000,0
277322000,0
277324000,0
277326000,0
277328000,0
277330000,0
277332000,0
277334000,0
277336000,0
277338000,0
277340000,0
277342000,0
277344001,0
277346001,0
277348001,0
277350001,0
277352000,0
277354000,0
277356001,0
277358001,0
277360001,0
277362001,0
277364001,0
277366000,0
277368000,0
277370001,0
277372000,0
277374000,0
277376000,0
277378000,0
277380000,0
277382000,0
277384000,0
277386000,0
277388000,0
277390000,0
277392000,0
277394000,0
277396000,0
277398000,0
277400000,0
277402000,0
277404000,0
277406000,0
277408000,0
277410000,0
277412001,0
277414000,0
277416001,0
277418001,0
277420000,0
277422000,0
277424000,0
277426000,0
277428000,0
277430000,0
277432000,0
277434000,0
277436001,0
277438000,0
277440000,0
277442000,0
277444000,0
277446000,0
277448000,0
277450001,0
277452001,0
277454001,0
277456001,0
277458000,0
277460001,0
277462001,0
277464000,0
277466001,0
277468001,0
277470001,0
277472000,0
277474000,0
277476001,0
277478001,0
277480001,0
277482001,0
277484000,0
277486000,0
277488000,0
277490000,0
277492001,0
277494001,0
277496001,0
277498000,0
277500000,0
277502001,0
277504000,0
277506000,0
277508000,0
277510001,0
277512001,0
277514001,0
277516001,0
277518001,0
277520001,0
277522000,0
277524000,0
277526000,0
277528000,0
277530000,0
277532000,0
277534000,0
277536000,0
277538000,0
277540000,0
277542000,0
277544000,0
277546001,0
277548001,0
277550000,0
277552001,0
277554000,0
277556000,0
277558000,0
277560000,0
277562000,0
277564000,0
277566001,0
277568001,0
277570001,0
277572001,0
277574000,0
277576000,0
277578000,0
277580000,0
277582000,0
277584000,0
277586000,0
277588000,0
277590000,0
277592000,0
277594000,0
277596000,0
277598000,0
277600000,0
277602000,0
277604000,0
277606000,0
277608000,0
277610000,0
277612000,0
277614000,0
277616000,0
277618000,0
277620000,0
277622000,0
277624000,0
277626001,0
277628001,0
277630000,0
277632000,0
277634000,0
277636001,0
277638001,0
277640001,0
277642000,0
277644000,0
277646000,0
277648000,0
277650000,0
277652000,0
277654000,0
277656000,0
277658000,0
277660001,0
277662001,0
277664001,0
277666000,0
277668000,0
277670000,0
277672000,0
277674000,0
277676000,0
277678000,0
277680000,0
277682000,0
277684001,0
277686000,0
277688000,0
277690000,0
277692000,0
277694000,0
277696000,0
277698000,0
277700000,0
277702000,0
277704000,0
277706000,0
277708000,0
277710000,0
277712000,0
277714001,0
277716001,0
277718000,0
277720001,0
277722000,0
277724000,0
277726000,0
277728000,0
277730000,0
277732000,0
277734000,0
277736000,0
277738000,0
277740000,0
277742000,0
277744000,0
277746000,0
277748000,0
277750000,0
277752000,0
277754000,0
277756000,0
277758000,0
277760000,0
277762001,0
277764000,0
277766000,0
277768000,0
277770000,0
277772000,0
277774001,0
277776001,0
277778001,0
277780001,0
277782001,0
277784000,0
277786000,0
277788000,0
277790000,0
277792000,0
277794001,0
277796000,0
277798001,0
277800000,0
277802000,0
277804000,0
277806000,0
277808000,0
277810000,0
277812001,0
277814001,0
277816001,0
277818001,0
277820000,0
277822000,0
277824000,0
277826000,0
277828000,0
277830000,0
277832000,0
277834000,0
277836000,0
277838000,0
277840000,0
277842000,0
277844000,0
277846000,0
277848000,0
277850000,0
277852000,0
277854000,0
277856000,0
277858000,0
277860000,0
277862000,0
277864000,0
277866000,0
277868000,0
277870000,0
277872000,0
277874001,0
277876000,0
277878000,0
277880000,0
277882000,0
277884001,0
277886000,0
277888000,0
277890000,0
277892000,0
277894000,0
277896000,0
277898000,0
277900000,0
277902000,0
277904000,0
277906000,0
277908000,0
277910001,0
277912001,0
277914000,0
277916001,0
277918001,0
277920001,0
277922001,0
277924001,0
277926000,0
277928000,0
277930000,0
277932001,0
277934000,0
277936000,0
277938000,0
277940001,0
277942001,0
277944001,0
277946001,0
277948001,0
277950000,0
277952001,0
277954000,0
277956001,0
277958001,0
277960001,0
277962001,0
277964001,0
277966001,0
277968001,0
277970000,0
277972000,0
277974000,0
277976000,0
277978000,0
277980000,0
277982000,0
277984000,0
277986000,0
277988000,0
277990000,0
277992000,0
277994000,0
277996000,0
277998000,0
278000000,0
278002000,0
278004001,0
278006001,0
278008001,0
278010000,0
278012000,0
278014000,0
278016001,0
278018001,0
278020000,0
278022000,0
278024000,0
278026000,0
278028000,0
278030000,0
278032000,0
278034000,0
278036000,0
278038000,0
278040000,0
278042000,0
278044001,0
278046000,0
278048000,0
278050000,0
278052000,0
278054000,0
278056000,0
278058000,0
278060000,0
278062000,0
278064000,0
278066000,0
278068000,0
278070000,0
278072000,0
278074000,0
278076000,0
278078000,0
278080000,0
278082001,0
278084001,0
278086001,0
278088000,0
278090000,0
278092000,0
278094000,0
278096000,0
278098000,0
278100000,0
278102000,0
278104000,0
278106000,0
278108001,0
278110001,0
278112001,0
278114000,0
278116000,0
278118000,0
278120000,0
278122000,0
278124000,0
278126000,0
278128000,0
278130001,0
278132000,0
278134000,0
278136000,0
278138000,0
278140000,0
278142001,0
278144001,0
278146000,0
278148000,0
278150000,0
278152000,0
278154000,0
278156000,0
278158000,0
278160000,0
278162001,0
278164001,0
278166000,0
278168001,0
278170000,0
278172000,0
278174000,0
278176000,0
278178000,0
278180000,0
278182001,0
278184000,0
278186000,0
278188000,0
278190000,0
278192000,0
278194001,0
278196001,0
278198000,0
278200000,0
278202000,0
278204000,0
278206000,0
278208000,0
278210000,0
278212000,0
278214000,0
278216000,0
278218000,0
278220001,0
278222001,0
278224000,0
278226000,0
278228000,0
278230000,0
278232000,0
278234000,0
278236000,0
278238000,0
278240001,0
278242000,0
278244000,0
278246000,0
278248000,0
278250000,0
278252000,0
278254000,0
278256001,0
278258000,0
278260000,0
278262000,0
278264000,0
278266000,0
278268000,0
278270000,0
278272000,0
278274001,0
278276000,0
278278000,0
278280000,0
278282000,0
278284001,0
278286001,0
278288001,0
278290001,0
278292001,0
278294001,0
278296001,0
278298001,0
278300001,0
278302001,0
278304001,0
278306001,0
278308001,0
278310001,0
278312000,0
278314000,0
278316000,0
278318000,0
278320000,0
278322000,0
278324000,0
278326000,0
278328000,0
278330000,0
278332000,0
278334000,0
278336000,0
278338000,0
278340000,0
278342000,0
278344000,0
278346000,0
278348000,0
278350000,0
278352000,0
278354000,0
278356000,0
278358000,0
278360000,0
278362000,0
278364000,0
278366000,0
278368000,0
278370000,0
278372000,0
278374001,0
278376001,0
278378001,0
278380001,0
278382001,0
278384001,0
278386000,0
278388000,0
278390001,0
278392001,0
278394000,0
278396000,0
278398000,0
278400000,0
278402000,0
278404001,0
278406000,0
278408000,0
278410000,0
278412000,0
278414000,0
278416000,0
278418000,0
278420000,0
278422000,0
278424000,0
278426000,0
278428000,0
278430000,0
278432000,0
278434001,0
278436001,0
278438001,0
278440001,0
278442001,0
278444001,0
278446001,0
278448000,0
278450000,0
278452000,0
278454000,0
278456000,0
278458000,0
278460000,0
278462000,0
278464000,0
278466000,0
278468000,0
278470000,0
278472000,0
278474000,0
278476000,0
278478000,0
278480001,0
278482000,0
278484000,0
278486000,0
278488001,0
278490001,0
278492000,0
278494000,0
278496000,0
278498000,0
278500000,0
278502000,0
278504000,0
278506000,0
278508000,0
278510001,0
278512000,0
278514001,0
278516001,0
278518001,0
278520000,0
278522000,0
278524000,0
278526000,0
278528000,0
278530001,0
278532000,0
278534001,0
278536001,0
278538000,0
278540000,0
278542000,0
278544000,0
278546000,0
278548000,0
278550000,0
278552000,0
278554000,0
278556000,0
278558001,0
278560001,0
278562001,0
278564001,0
278566001,0
278568001,0
278570000,0
278572000,0
278574000,0
278576000,0
278578000,0
278580000,0
278582001,0
278584000,0
278586000,0
278588000,0
278590000,0
278592000,0
278594000,0
278596000,0
278598000,0
278600000,0
278602000,0
278604000,0
278606000,0
278608000,0
278610000,0
278612000,0
278614001,0
278616001,0
278618001,0
278620001,0
278622000,0
278624000,0
278626001,0
278628000,0
278630000,0
278632000,0
278634001,0
278636001,0
278638001,0
278640001,0
278642000,0
278644000,0
278646000,0
278648000,0
278650000,0
278652000,0
278654000,0
278656000,0
278658000,0
278660000,0
278662000,0
278664000,0
278666000,0
278668000,0
278670000,0
278672001,0
278674001,0
278676000,0
278678000,0
278680000,0
278682000,0
278684000,0
278686001,0
278688000,0
278690000,0
278692000,0
278694000,0
278696000,0
278698000,0
278700001,0
278702000,0
278704001,0
278706000,0
278708001,0
278710000,0
278712001,0
278714000,0
278716000,0
278718001,0
278720001,0
278722000,0
278724000,0
278726000,0
278728000,0
278730000,0
278732000,0
278734001,0
278736000,0
278738000,0
278740001,0
278742001,0
278744000,0
278746000,0
278748001,0
278750001,0
278752000,0
278754000,0
278756000,0
278758000,0
278760000,0
278762000,0
278764000,0
278766000,0
278768001,0
278770000,0
278772000,0
278774001,0
278776001,0
278778000,0
278780000,0
278782000,0
278784000,0
278786000,0
278788000,0
278790000,0
278792000,0
278794000,0
278796000,0
278798000,0
278800000,0
278802000,0
278804000,0
278806001,0
278808001,0
278810000,0
278812000,0
278814001,0
278816000,0
278818000,0
278820000,0
278822000,0
278824000,0
278826000,0
278828000,0
278830000,0
278832000,0
278834000,0
278836000,0
278838000,0
278840000,0
278842000,0
278844000,0
278846000,0
278848000,0
278850000,0
278852001,0
278854001,0
278856000,0
278858000,0
278860000,0
278862000,0
278864000,0
278866001,0
278868001,0
278870001,0
278872001,0
278874001,0
278876000,0
278878000,0
278880000,0
278882001,0
278884001,0
278886000,0
278888000,0
278890000,0
278892000,0
278894001,0
278896001,0
278898000,0
278900000,0
278902000,0
278904000,0
278906000,0
278908000,0
278910000,0
278912001,0
278914001,0
278916001,0
278918001,0
278920000,0
278922001,0
278924000,0
278926001,0
278928001,0
278930001,0
278932001,0
278934001,0
278936000,0
278938000,0
278940001,0
278942001,0
278944001,0
278946001,0
278948001,0
278950001,0
278952000,0
278954000,0
278956000,0
278958000,0
278960001,0
278962001,0
278964001,0
278966000,0
278968000,0
278970001,0
278972001,0
278974001,0
278976000,0
278978000,0
278980000,0
278982000,0
278984000,0
278986000,0
278988000,0
278990001,0
278992001,0
278994000,0
278996001,0
278998001,0
279000001,0
279002001,0
279004001,0
279006001,0
279008000,0
279010000,0
279012001,0
279014000,0
279016001,0
279018000,0
279020000,0
279022000,0
279024000,0
279026000,0
279028000,0
279030000,0
279032000,0
279034001,0
279036000,0
279038000,0
279040000,0
279042000,0
279044000,0
279046000,0
279048000,0
279050000,0
279052000,0
279054001,0
279056001,0
279058000,0
279060000,0
279062000,0
279064000,0
279066000,0
279068000,0
279070000,0
279072000,0
279074000,0
279076000,0
279078000,0
279080000,0
279082000,0
279084000,0
279086000,0
279088000,0
279090000,0
279092000,0
279094000,0
279096000,0
279098000,0
279100000,0
279102000,0
279104000,0
279106000,0
279108000,0
279110000,0
279112000,0
279114000,0
279116000,0
279118000,0
279120000,0
279122001,0
279124000,0
279126000,0
279128000,0
279130000,0
279132000,0
279134000,0
279136000,0
279138000,0
279140000,0
279142001,0
279144000,0
279146001,0
279148001,0
279150001,0
279152001,0
279154001,0
279156001,0
279158001,0
279160001,0
279162000,0
279164000,0
279166000,0
279168000,0
279170000,0
279172000,0
279174000,0
279176000,0
279178000,0
279180001,0
279182000,0
279184000,0
279186000,0
279188000,0
279190001,0
279192000,0
279194000,0
279196000,0
279198001,0
279200001,0
279202001,0
279204000,0
279206000,0
279208000,0
279210001,0
279212000,0
279214001,0
279216001,0
279218001,0
279220000,0
279222000,0
279224000,0
279226000,0
279228000,0
279230000,0
279232001,0
279234001,0
279236000,0
279238000,0
279240000,0
279242000,0
279244000,0
279246000,0
279248000,0
279250001,0
279252001,0
279254001,0
279256000,0
279258000,0
279260001,0
279262001,0
279264000,0
279266000,0
279268000,0
279270000,0
279272000,0
279274000,0
279276000,0
279278000,0
279280000,0
279282000,0
279284000,0
279286001,0
279288000,0
279290000,0
279292000,0
279294000,0
279296000,0
279298000,0
279300001,0
279302001,0
279304001,0
279306000,0
279308001,0
279310001,0
279312001,0
279314000,0
279316001,0
279318001,0
279320000,0
279322000,0
279324000,0
279326000,0
279328000,0
279330000,0
279332000,0
279334000,0
279336000,0
279338000,0
279340000,0
279342000,0
279344000,0
279346001,0
279348001,0
279350000,0
279352001,0
279354001,0
279356000,0
279358001,0
279360001,0
279362001,0
279364000,0
279366001,0
279368001,0
279370000,0
279372000,0
279374000,0
279376000,0
279378000,0
279380001,0
279382001,0
279384000,0
279386001,0
279388001,0
279390000,0
279392001,0
279394000,0
279396000,0
279398001,0
279400001,0
279402001,0
279404000,0
279406000,0
279408000,0
279410000,0
279412001,0
279414001,0
279416001,0
279418000,0
279420000,0
279422000,0
279424000,0
279426001,0
279428000,0
279430001,0
279432001,0
279434001,0
279436001,0
279438001,0
279440001,0
279442000,0
279444000,0
279446000,0
279448000,0
279450000,0
279452001,0
279454000,0
279456000,0
279458001,0
279460000,0
279462000,0
279464000,0
279466000,0
279468001,0
279470001,0
279472001,0
279474001,0
279476000,0
279478001,0
279480001,0
279482001,0
279484001,0
279486001,0
279488000,0
279490000,0
279492000,0
279494000,0
279496001,0
279498000,0
279500001,0
279502000,0
279504001,0
279506001,0
279508001,0
279510000,0
279512000,0
279514000,0
279516000,0
279518001,0
279520001,0
279522001,0
279524001,0
279526001,0
279528001,0
279530001,0
279532001,0
279534001,0
279536001,0
279538000,0
279540000,0
279542000,0
279544000,0
279546000,0
279548000,0
279550000,0
279552000,0
279554000,0
279556000,0
279558000,0
279560000,0
279562001,0
279564001,0
279566000,0
279568000,0
279570000,0
279572000,0
279574000,0
279576000,0
279578000,0
279580000,0
279582000,0
279584001,0
279586001,0
279588000,0
279590001,0
279592001,0
279594001,0
279596001,0
279598000,0
279600000,0
279602000,0
279604000,0
279606000,0
279608000,0
279610000,0
279612000,0
279614000,0
279616000,0
279618000,0
279620000,0
279622000,0
279624000,0
279626000,0
279628001,0
279630001,0
279632000,0
279634001,0
279636000,0
279638000,0
279640000,0
279642000,0
279644000,0
279646000,0
279648000,0
279650000,0
279652000,0
279654000,0
279656001,0
279658001,0
279660001,0
279662001,0
279664000,0
279666000,0
279668001,0
279670001,0
279672001,0
279674001,0
279676001,0
279678000,0
279680000,0
279682000,0
279684000,0
279686000,0
279688000,0
279690000,0
279692000,0
279694000,0
279696000,0
279698000,0
279700000,0
279702000,0
279704001,0
279706001,0
279708001,0
279710000,0
279712001,0
279714001,0
279716000,0
279718000,0
279720000,0
279722001,0
279724000,0
279726000,0
279728001,0
279730001,0
279732001,0
279734000,0
279736000,0
279738000,0
279740000,0
279742000,0
279744000,0
279746000,0
279748000,0
279750000,0
279752000,0
279754000,0
279756000,0
279758001,0
279760001,0
279762001,0
279764001,0
279766001,0
279768000,0
279770000,0
279772000,0
279774000,0
279776000,0
279778001,0
279780001,0
279782001,0
279784001,0
279786001,0
279788000,0
279790000,0
279792000,0
279794000,0
279796000,0
279798001,0
279800001,0
279802000,0
279804001,0
279806001,0
279808000,0
279810000,0
279812000,0
279814000,0
279816000,0
279818000,0
279820001,0
279822001,0
279824001,0
279826000,0
279828001,0
279830001,0
279832000,0
279834001,0
279836001,0
279838001,0
279840001,0
279842001,0
279844001,0
279846000,0
279848000,0
279850000,0
279852000,0
279854001,0
279856001,0
279858001,0
279860001,0
279862001,0
279864001,0
279866001,0
279868000,0
279870000,0
279872000,0
279874000,0
279876000,0
279878000,0
279880000,0
279882000,0
279884000,0
279886001,0
279888001,0
279890001,0
279892000,0
279894000,0
279896000,0
279898000,0
279900000,0
279902000,0
279904000,0
279906001,0
279908000,0
279910000,0
279912000,0
279914001,0
279916001,0
279918001,0
279920000,0
279922001,0
279924001,0
279926001,0
279928001,0
279930001,0
279932001,0
279934001,0
279936001,0
279938000,0
279940000,0
279942001,0
279944001,0
279946001,0
279948001,0
279950001,0
279952000,0
279954000,0
279956000,0
279958000,0
279960000,0
279962000,0
279964000,0
279966000,0
279968000,0
279970001,0
279972000,0
279974000,0
279976001,0
279978000,0
279980000,0
279982000,0
279984001,0
279986000,0
279988000,0
279990000,0
279992000,0
279994000,0
279996000,0
279998000,0
280000000,0
280002000,0
280004000,0
280006000,0
280008000,0
280010000,0
280012000,0
280014000,0
280016000,0
280018001,0
280020000,0
280022000,0
280024000,0
280026000,0
280028000,0
280030001,0
280032001,0
280034001,0
280036001,0
280038000,0
280040001,0
280042000,0
280044001,0
280046001,0
280048001,0
280050001,0
280052000,0
280054000,0
280056000,0
280058000,0
280060000,0
280062000,0
280064001,0
280066000,0
280068001,0
280070000,0
280072001,0
280074001,0
280076001,0
280078000,0
280080000,0
280082001,0
280084001,0
280086001,0
280088000,0
280090000,0
280092000,0
280094000,0
280096000,0
280098000,0
280100000,0
280102000,0
280104000,0
280106001,0
280108001,0
280110001,0
280112001,0
280114001,0
280116001,0
280118001,0
280120001,0
280122000,0
280124000,0
280126000,0
280128001,0
280130001,0
280132001,0
280134001,0
280136000,0
280138000,0
280140000,0
280142000,0
280144000,0
280146000,0
280148000,0
280150000,0
280152000,0
280154000,0
280156000,0
280158000,0
280160000,0
280162001,0
280164001,0
280166001,0
280168000,0
280170000,0
280172000,0
280174000,0
280176000,0
280178000,0
280180000,0
280182000,0
280184000,0
280186000,0
280188001,0
280190000,0
280192001,0
280194001,0
280196001,0
280198000,0
280200000,0
280202001,0
280204000,0
280206001,0
280208001,0
280210001,0
280212001,0
280214001,0
280216000,0
280218000,0
280220000,0
280222000,0
280224001,0
280226001,0
280228001,0
280230001,0
280232001,0
280234000,0
280236000,0
280238000,0
280240000,0
280242000,0
280244000,0
280246000,0
280248000,0
280250000,0
280252000,0
280254000,0
280256000,0
280258000,0
280260000,0
280262000,0
280264001,0
280266001,0
280268000,0
280270000,0
280272000,0
280274000,0
280276000,0
280278000,0
280280000,0
280282000,0
280284000,0
280286000,0
280288000,0
280290000,0
280292000,0
280294000,0
280296000,0
280298000,0
280300001,0
280302001,0
280304001,0
280306001,0
280308001,0
280310001,0
280312001,0
280314000,0
280316001,0
280318001,0
280320001,0
280322000,0
280324000,0
280326000,0
280328000,0
280330000,0
280332000,0
280334000,0
280336001,0
280338000,0
280340000,0
280342000,0
280344000,0
280346000,0
280348000,0
280350001,0
280352000,0
280354000,0
280356001,0
280358001,0
280360000,0
280362001,0
280364001,0
280366000,0
280368000,0
280370000,0
280372001,0
280374001,0
280376001,0
280378000,0
280380001,0
280382001,0
280384001,0
280386001,0
280388001,0
280390001,0
280392000,0
280394000,0
280396001,0
280398001,0
280400001,0
280402000,0
280404000,0
280406001,0
280408000,0
280410001,0
280412001,0
280414001,0
280416000,0
280418001,0
280420000,0
280422001,0
280424001,0
280426001,0
280428000,0
280430001,0
280432001,0
280434001,0
280436001,0
280438000,0
280440000,0
280442001,0
280444001,0
280446001,0
280448001,0
280450001,0
280452001,0
280454001,0
280456001,0
280458001,0
280460001,0
280462000,0
280464001,0
280466001,0
280468001,0
280470000,0
280472000,0
280474000,0
280476000,0
280478000,0
280480000,0
280482000,0
280484001,0
280486000,0
280488000,0
280490000,0
280492000,0
280494000,0
280496000,0
280498001,0
280500000,0
280502001,0
280504000,0
280506001,0
280508000,0
280510000,0
280512000,0
280514000,0
280516000,0
280518000,0
280520000,0
280522000,0
280524000,0
280526000,0
280528000,0
280530000,0
280532000,0
280534000,0
280536000,0
280538000,0
280540000,0
280542000,0
280544000,0
280546000,0
280548000,0
280550000,0
280552000,0
280554000,0
280556000,0
280558000,0
280560000,0
280562000,0
280564000,0
280566000,0
280568000,0
280570000,0
280572000,0
280574000,0
280576000,0
280578000,0
280580000,0
280582000,0
280584000,0
280586001,0
280588001,0
280590001,0
280592000,0
280594000,0
280596000,0
280598000,0
280600000,0
280602000,0
280604000,0
280606001,0
280608001,0
280610000,0
280612000,0
280614000,0
280616000,0
280618001,0
280620001,0
280622001,0
280624001,0
280626001,0
280628001,0
280630001,0
280632000,0
280634001,0
280636000,0
280638000,0
280640000,0
280642000,0
280644001,0
280646000,0
280648000,0
280650001,0
280652000,0
280654000,0
280656000,0
280658000,0
280660000,0
280662001,0
280664000,0
280666000,0
280668000,0
280670000,0
280672001,0
280674001,0
280676001,0
280678001,0
280680001,0
280682000,0
280684001,0
280686001,0
280688000,0
280690000,0
280692000,0
280694000,0
280696000,0
280698000,0
280700000,0
280702000,0
280704000,0
280706000,0
280708000,0
280710000,0
280712000,0
280714000,0
280716000,0
280718000,0
280720001,0
280722001,0
280724001,0
280726000,0
280728000,0
280730001,0
280732001,0
280734001,0
280736001,0
280738000,0
280740000,0
280742000,0
280744000,0
280746000,0
280748000,0
280750000,0
280752000,0
280754000,0
280756000,0
280758000,0
280760000,0
280762000,0
280764000,0
280766000,0
280768000,0
280770000,0
280772001,0
280774000,0
280776001,0
280778001,0
280780001,0
280782001,0
280784001,0
280786000,0
280788001,0
280790001,0
280792001,0
280794001,0
280796001,0
280798001,0
280800001,0
280802001,0
280804000,0
280806001,0
280808000,0
280810001,0
280812001,0
280814001,0
280816001,0
280818000,0
280820001,0
280822001,0
280824001,0
280826000,0
280828000,0
280830000,0
280832000,0
280834000,0
280836000,0
280838000,0
280840000,0
280842000,0
280844001,0
280846001,0
280848001,0
280850001,0
280852001,0
280854000,0
280856000,0
280858000,0
280860000,0
280862000,0
280864000,0
280866000,0
280868000,0
280870001,0
280872000,0
280874000,0
280876000,0
280878000,0
280880000,0
280882000,0
280884000,0
280886000,0
280888000,0
280890000,0
280892000,0
280894001,0
280896001,0
280898000,0
280900000,0
280902000,0
280904000,0
280906000,0
280908000,0
280910000,0
280912000,0
280914000,0
280916000,0
280918000,0
280920000,0
280922000,0
280924001,0
280926000,0
280928000,0
280930001,0
280932001,0
280934001,0
280936001,0
280938001,0
280940001,0
280942000,0
280944000,0
280946000,0
280948001,0
280950000,0
280952001,0
280954001,0
280956000,0
280958000,0
280960000,0
280962000,0
280964000,0
280966000,0
280968000,0
280970000,0
280972000,0
280974000,0
280976000,0
280978000,0
280980000,0
280982000,0
280984000,0
280986000,0
280988000,0
280990000,0
280992000,0
280994000,0
280996000,0
280998000,0
281000000,0
281002000,0
281004000,0
281006001,0
281008001,0
281010000,0
281012000,0
281014001,0
281016001,0
281018001,0
281020000,0
281022000,0
281024000,0
281026000,0
281028000,0
281030000,0
281032000,0
281034000,0
281036000,0
281038000,0
281040000,0
281042000,0
281044000,0
281046000,0
281048000,0
281050001,0
281052000,0
281054001,0
281056000,0
281058000,0
281060001,0
281062000,0
281064000,0
281066000,0
281068000,0
281070000,0
281072000,0
281074000,0
281076000,0
281078000,0
281080000,0
281082000,0
281084000,0
281086000,0
281088000,0
281090000,0
281092000,0
281094000,0
281096000,0
281098000,0
281100000,0
281102000,0
281104000,0
281106000,0
281108000,0
281110000,0
281112001,0
281114001,0
281116000,0
281118000,0
281120000,0
281122000,0
281124000,0
281126000,0
281128000,0
281130000,0
281132001,0
281134001,0
281136001,0
281138001,0
281140000,0
281142001,0
281144001,0
281146000,0
281148000,0
281150000,0
281152001,0
281154000,0
281156000,0
281158000,0
281160000,0
281162000,0
281164000,0
281166000,0
281168000,0
281170000,0
281172001,0
281174001,0
281176001,0
281178001,0
281180000,0
281182001,0
281184000,0
281186001,0
281188001,0
281190000,0
281192001,0
281194000,0
281196001,0
281198001,0
281200000,0
281202001,0
281204001,0
281206001,0
281208001,0
281210001,0
281212000,0
281214000,0
281216000,0
281218000,0
281220000,0
281222000,0
281224000,0
281226000,0
281228000,0
281230000,0
281232000,0
281234001,0
281236001,0
281238000,0
281240000,0
281242000,0
281244000,0
281246001,0
281248000,0
281250001,0
281252001,0
281254001,0
281256001,0
281258001,0
281260001,0
281262001,0
281264000,0
281266001,0
281268001,0
281270000,0
281272000,0
281274000,0
281276000,0
281278001,0
281280001,0
281282000,0
281284000,0
281286000,0
281288000,0
281290000,0
281292000,0
281294000,0
281296000,0
281298001,0
281300001,0
281302001,0
281304001,0
281306001,0
281308001,0
281310000,0
281312001,0
281314000,0
281316000,0
281318000,0
281320000,0
281322000,0
281324000,0
281326000,0
281328000,0
281330000,0
281332000,0
281334000,0
281336000,0
281338001,0
281340000,0
281342000,0
281344000,0
281346000,0
281348000,0
281350000,0
281352000,0
281354000,0
281356000,0
281358000,0
281360000,0
281362000,0
281364000,0
281366000,0
281368000,0
281370000,0
281372000,0
281374000,0
281376000,0
281378000,0
281380000,0
281382000,0
281384000,0
281386001,0
281388001,0
281390001,0
281392001,0
281394001,0
281396001,0
281398001,0
281400001,0
281402001,0
281404000,0
281406000,0
281408001,0
281410000,0
281412001,0
281414001,0
281416001,0
281418001,0
281420001,0
281422000,0
281424000,0
281426000,0
281428000,0
281430000,0
281432000,0
281434000,0
281436000,0
281438000,0
281440000,0
281442000,0
281444000,0
281446000,0
281448000,0
281450000,0
281452000,0
281454000,0
281456000,0
281458000,0
281460001,0
281462000,0
281464000,0
281466000,0
281468001,0
281470001,0
281472001,0
281474001,0
281476001,0
281478000,0
281480000,0
281482000,0
281484000,0
281486000,0
281488000,0
281490000,0
281492001,0
281494000,0
281496000,0
281498001,0
281500000,0
281502000,0
281504000,0
281506000,0
281508000,0
281510000,0
281512000,0
281514000,0
281516000,0
281518000,0
281520000,0
281522000,0
281524000,0
281526000,0
281528000,0
281530000,0
281532001,0
281534000,0
281536000,0
281538000,0
281540000,0
281542000,0
281544000,0
281546000,0
281548000,0
281550000,0
281552000,0
281554000,0
281556000,0
281558001,0
281560001,0
281562001,0
281564001,0
281566001,0
281568000,0
281570001,0
281572000,0
281574000,0
281576000,0
281578000,0
281580000,0
281582000,0
281584000,0
281586000,0
281588000,0
281590000,0
281592000,0
281594000,0
281596000,0
281598000,0
281600000,0
281602000,0
281604001,0
281606001,0
281608001,0
281610000,0
281612001,0
281614000,0
281616000,0
281618000,0
281620000,0
281622000,0
281624000,0
281626000,0
281628000,0
281630000,0
281632000,0
281634001,0
281636001,0
281638001,0
281640001,0
281642001,0
281644001,0
281646001,0
281648001,0
281650000,0
281652000,0
281654000,0
281656001,0
281658001,0
281660001,0
281662001,0
281664000,0
281666000,0
281668000,0
281670001,0
281672000,0
281674000,0
281676000,0
281678000,0
281680000,0
281682000,0
281684000,0
281686001,0
281688001,0
281690001,0
281692001,0
281694000,0
281696000,0
281698000,0
281700001,0
281702000,0
281704001,0
281706001,0
281708001,0
281710001,0
281712001,0
281714000,0
281716000,0
281718000,0
281720000,0
281722000,0
281724000,0
281726000,0
281728000,0
281730000,0
281732000,0
281734000,0
281736000,0
281738000,0
281740000,0
281742000,0
281744000,0
281746000,0
281748000,0
281750000,0
281752000,0
281754000,0
281756000,0
281758000,0
281760000,0
281762001,0
281764000,0
281766001,0
281768001,0
281770000,0
281772001,0
281774001,0
281776000,0
281778001,0
281780001,0
281782001,0
281784001,0
281786001,0
281788000,0
281790000,0
281792000,0
281794001,0
281796001,0
281798001,0
281800000,0
281802000,0
281804000,0
281806000,0
281808000,0
281810001,0
281812001,0
281814001,0
281816001,0
281818001,0
281820001,0
281822001,0
281824001,0
281826001,0
281828001,0
281830001,0
281832001,0
281834001,0
281836001,0
281838000,0
281840001,0
281842001,0
281844001,0
281846001,0
281848001,0
281850001,0
281852000,0
281854000,0
281856000,0
281858001,0
281860001,0
281862001,0
281864000,0
281866000,0
281868000,0
281870001,0
281872000,0
281874001,0
281876001,0
281878001,0
281880001,0
281882000,0
281884000,0
281886000,0
281888000,0
281890000,0
281892000,0
281894000,0
281896000,0
281898001,0
281900000,0
281902000,0
281904000,0
281906000,0
281908000,0
281910000,0
281912001,0
281914001,0
281916001,0
281918001,0
281920000,0
281922001,0
281924000,0
281926000,0
281928000,0
281930000,0
281932000,0
281934000,0
281936000,0
281938001,0
281940001,0
281942001,0
281944000,0
281946001,0
281948001,0
281950001,0
281952001,0
281954000,0
281956000,0
281958000,0
281960000,0
281962000,0
281964000,0
281966000,0
281968001,0
281970000,0
281972001,0
281974001,0
281976001,0
281978000,0
281980000,0
281982000,0
281984000,0
281986000,0
281988000,0
281990000,0
281992000,0
281994000,0
281996000,0
281998000,0
282000000,0
282002000,0
282004000,0
282006000,0
282008001,0
282010001,0
282012001,0
282014000,0
282016001,0
282018001,0
282020001,0
282022001,0
282024001,0
282026001,0
282028001,0
282030001,0
282032001,0
282034000,0
282036000,0
282038000,0
282040000,0
282042000,0
282044000,0
282046001,0
282048001,0
282050000,0
282052000,0
282054000,0
282056000,0
282058000,0
282060000,0
282062000,0
282064001,0
282066001,0
282068001,0
282070001,0
282072000,0
282074000,0
282076001,0
282078001,0
282080001,0
282082001,0
282084001,0
282086001,0
282088000,0
282090001,0
282092001,0
282094000,0
282096000,0
282098000,0
282100000,0
282102000,0
282104000,0
282106000,0
282108000,0
282110001,0
282112000,0
282114000,0
282116000,0
282118000,0
282120000,0
282122000,0
282124000,0
282126000,0
282128000,0
282130000,0
282132000,0
282134000,0
282136000,0
282138000,0
282140000,0
282142000,0
282144000,0
282146000,0
282148000,0
282150000,0
282152000,0
282154000,0
282156000,0
282158001,0
282160001,0
282162000,0
282164000,0
282166001,0
282168000,0
282170000,0
282172000,0
282174000,0
282176001,0
282178000,0
282180000,0
282182000,0
282184000,0
282186000,0
282188000,0
282190000,0
282192000,0
282194000,0
282196001,0
282198001,0
282200001,0
282202001,0
282204000,0
282206000,0
282208000,0
282210000,0
282212000,0
282214000,0
282216000,0
282218000,0
282220000,0
282222000,0
282224000,0
282226000,0
282228000,0
282230000,0
282232000,0
282234000,0
282236000,0
282238000,0
282240000,0
282242000,0
282244001,0
282246000,0
282248000,0
282250000,0
282252000,0
282254000,0
282256001,0
282258001,0
282260001,0
282262000,0
282264000,0
282266000,0
282268000,0
282270000,0
282272000,0
282274000,0
282276000,0
282278000,0
282280000,0
282282000,0
282284000,0
282286000,0
282288001,0
282290000,0
282292000,0
282294000,0
282296000,0
282298000,0
282300000,0
282302000,0
282304001,0
282306000,0
282308001,0
282310001,0
282312000,0
282314000,0
282316001,0
282318001,0
282320001,0
282322000,0
282324000,0
282326000,0
282328000,0
282330000,0
282332000,0
282334001,0
282336001,0
282338001,0
282340001,0
282342001,0
282344000,0
282346000,0
282348000,0
282350000,0
282352000,0
282354001,0
282356001,0
282358001,0
282360001,0
282362000,0
282364000,0
282366000,0
282368000,0
282370000,0
282372000,0
282374000,0
282376000,0
282378000,0
282380000,0
282382000,0
282384001,0
282386001,0
282388000,0
282390000,0
282392000,0
282394001,0
282396001,0
282398001,0
282400001,0
282402001,0
282404001,0
282406001,0
282408001,0
282410000,0
282412000,0
282414000,0
282416000,0
282418000,0
282420000,0
282422000,0
282424000,0
282426000,0
282428000,0
282430000,0
282432000,0
282434000,0
282436000,0
282438000,0
282440000,0
282442000,0
282444000,0
282446000,0
282448000,0
282450001,0
282452001,0
282454000,0
282456000,0
282458000,0
282460000,0
282462000,0
282464000,0
282466000,0
282468000,0
282470000,0
282472000,0
282474000,0
282476000,0
282478000,0
282480000,0
282482000,0
282484000,0
282486000,0
282488000,0
282490000,0
282492000,0
282494001,0
282496001,0
282498000,0
282500000,0
282502000,0
282504000,0
282506001,0
282508001,0
282510001,0
282512001,0
282514001,0
282516001,0
282518001,0
282520001,0
282522000,0
282524000,0
282526000,0
282528000,0
282530000,0
282532000,0
282534000,0
282536000,0
282538000,0
282540000,0
282542000,0
282544000,0
282546000,0
282548000,0
282550000,0
282552000,0
282554000,0
282556000,0
282558000,0
282560000,0
282562000,0
282564001,0
282566001,0
282568000,0
282570001,0
282572000,0
282574001,0
282576001,0
282578000,0
282580000,0
282582000,0
282584000,0
282586001,0
282588001,0
282590001,0
282592001,0
282594001,0
282596001,0
282598000,0
282600000,0
282602001,0
282604001,0
282606001,0
282608001,0
282610000,0
282612001,0
282614000,0
282616000,0
282618000,0
282620000,0
282622001,0
282624001,0
282626000,0
282628001,0
282630001,0
282632000,0
282634001,0
282636000,0
282638001,0
282640000,0
282642000,0
282644000,0
282646001,0
282648001,0
282650001,0
282652001,0
282654001,0
282656001,0
282658000,0
282660000,0
282662000,0
282664000,0
282666000,0
282668000,0
282670000,0
282672000,0
282674001,0
282676001,0
282678001,0
282680001,0
282682001,0
282684001,0
282686001,0
282688000,0
282690000,0
282692000,0
282694000,0
282696000,0
282698000,0
282700001,0
282702001,0
282704000,0
282706000,0
282708000,0
282710000,0
282712000,0
282714000,0
282716000,0
282718000,0
282720000,0
282722000,0
282724000,0
282726000,0
282728000,0
282730001,0
282732000,0
282734000,0
282736000,0
282738000,0
282740000,0
282742000,0
282744000,0
282746000,0
282748000,0
282750001,0
282752001,0
282754001,0
282756001,0
282758001,0
282760000,0
282762000,0
282764001,0
282766000,0
282768000,0
282770000,0
282772000,0
282774000,0
282776000,0
282778000,0
282780000,0
282782000,0
282784000,0
282786000,0
282788000,0
282790000,0
282792000,0
282794000,0
282796000,0
282798000,0
282800000,0
282802000,0
282804000,0
282806000,0
282808000,0
282810000,0
282812000,0
282814000,0
282816000,0
282818000,0
282820000,0
282822000,0
282824000,0
282826000,0
282828001,0
282830000,0
282832000,0
282834000,0
282836000,0
282838000,0
282840001,0
282842001,0
282844000,0
282846001,0
282848001,0
282850001,0
282852000,0
282854000,0
282856001,0
282858001,0
282860001,0
282862000,0
282864001,0
282866001,0
282868000,0
282870001,0
282872001,0
282874001,0
282876001,0
282878000,0
282880001,0
282882000,0
282884000,0
282886000,0
282888000,0
282890000,0
282892000,0
282894000,0
282896000,0
282898000,0
282900001,0
282902001,0
282904001,0
282906000,0
282908000,0
282910000,0
282912000,0
282914000,0
282916000,0
282918000,0
282920000,0
282922000,0
282924000,0
282926000,0
282928000,0
282930000,0
282932000,0
282934000,0
282936000,0
282938000,0
282940000,0
282942000,0
282944000,0
282946000,0
282948000,0
282950000,0
282952000,0
282954000,0
282956000,0
282958000,0
282960000,0
282962000,0
282964000,0
282966000,0
282968000,0
282970000,0
282972000,0
282974001,0
282976000,0
282978000,0
282980000,0
282982000,0
282984000,0
282986000,0
282988000,0
282990001,0
282992001,0
282994000,0
282996001,0
282998000,0
283000000,0
283002000,0
283004001,0
283006001,0
283008001,0
283010000,0
283012000,0
283014000,0
283016000,0
283018000,0
283020001,0
283022000,0
283024001,0
283026001,0
283028000,0
283030000,0
283032001,0
283034001,0
283036001,0
283038001,0
283040001,0
283042001,0
283044000,0
283046000,0
283048001,0
283050001,0
283052001,0
283054001,0
283056001,0
283058001,0
283060000,0
283062000,0
283064001,0
283066001,0
283068001,0
283070000,0
283072000,0
283074000,0
283076000,0
283078000,0
283080001,0
283082000,0
283084000,0
283086000,0
283088000,0
283090000,0
283092000,0
283094000,0
283096001,0
283098001,0
283100001,0
283102001,0
283104000,0
283106000,0
283108000,0
283110000,0
283112000,0
283114000,0
283116001,0
283118000,0
283120000,0
283122001,0
283124000,0
283126000,0
283128000,0
283130000,0
283132000,0
283134000,0
283136000,0
283138000,0
283140000,0
283142000,0
283144000,0
283146000,0
283148000,0
283150000,0
283152000,0
283154000,0
283156000,0
283158000,0
283160000,0
283162000,0
283164000,0
283166000,0
283168000,0
283170000,0
283172000,0
283174000,0
283176000,0
283178000,0
283180000,0
283182000,0
283184001,0
283186001,0
283188001,0
283190000,0
283192000,0
283194000,0
283196000,0
283198000,0
283200001,0
283202001,0
283204000,0
283206001,0
283208001,0
283210001,0
283212001,0
283214001,0
283216000,0
283218001,0
283220001,0
283222000,0
283224000,0
283226000,0
283228000,0
283230000,0
283232000,0
283234000,0
283236000,0
283238000,0
283240000,0
283242000,0
283244000,0
283246000,0
283248000,0
283250000,0
283252000,0
283254000,0
283256000,0
283258000,0
283260000,0
283262000,0
283264000,0
283266000,0
283268000,0
283270000,0
283272000,0
283274001,0
283276001,0
283278001,0
283280001,0
283282001,0
283284001,0
283286000,0
283288000,0
283290000,0
283292000,0
283294001,0
283296001,0
283298001,0
283300001,0
283302001,0
283304001,0
283306001,0
283308000,0
283310000,0
283312000,0
283314000,0
283316000,0
283318000,0
283320000,0
283322000,0
283324000,0
283326000,0
283328000,0
283330000,0
283332000,0
283334000,0
283336000,0
283338001,0
283340000,0
283342000,0
283344000,0
283346001,0
283348001,0
283350001,0
283352000,0
283354000,0
283356000,0
283358000,0
283360000,0
283362000,0
283364000,0
283366000,0
283368001,0
283370001,0
283372001,0
283374001,0
283376000,0
283378000,0
283380000,0
283382000,0
283384000,0
283386000,0
283388000,0
283390000,0
283392000,0
283394000,0
283396000,0
283398000,0
283400000,0
283402000,0
283404000,0
283406000,0
283408000,0
283410000,0
283412000,0
283414000,0
283416000,0
283418000,0
283420000,0
283422000,0
283424000,0
283426000,0
283428001,0
283430001,0
283432001,0
283434001,0
283436001,0
283438001,0
283440001,0
283442000,0
283444000,0
283446000,0
283448000,0
283450000,0
283452000,0
283454000,0
283456001,0
283458000,0
283460000,0
283462000,0
283464000,0
283466000,0
283468000,0
283470001,0
283472000,0
283474000,0
283476000,0
283478000,0
283480000,0
283482000,0
283484001,0
283486001,0
283488001,0
283490000,0
283492000,0
283494000,0
283496000,0
283498000,0
283500000,0
283502000,0
283504000,0
283506000,0
283508001,0
283510001,0
283512001,0
283514001,0
283516001,0
283518001,0
283520001,0
283522000,0
283524000,0
283526001,0
283528001,0
283530001,0
283532001,0
283534001,0
283536001,0
283538001,0
283540000,0
283542001,0
283544001,0
283546000,0
283548001,0
283550000,0
283552001,0
283554001,0
283556001,0
283558001,0
283560001,0
283562001,0
283564001,0
283566001,0
283568001,0
283570001,0
283572001,0
283574001,0
283576001,0
283578001,0
283580000,0
283582000,0
283584000,0
283586000,0
283588000,0
283590000,0
283592000,0
283594000,0
283596000,0
283598000,0
283600000,0
283602000,0
283604000,0
283606001,0
283608001,0
283610001,0
283612001,0
283614001,0
283616001,0
283618001,0
283620001,0
283622001,0
283624000,0
283626001,0
283628000,0
283630000,0
283632001,0
283634001,0
283636000,0
283638001,0
283640001,0
283642001,0
283644000,0
283646000,0
283648001,0
283650001,0
283652000,0
283654001,0
283656001,0
283658000,0
283660000,0
283662000,0
283664000,0
283666000,0
283668000,0
283670000,0
283672000,0
283674000,0
283676000,0
283678000,0
283680000,0
283682000,0
283684000,0
283686000,0
283688000,0
283690000,0
283692000,0
283694000,0
283696000,0
283698001,0
283700000,0
283702001,0
283704001,0
283706001,0
283708000,0
283710001,0
283712001,0
283714001,0
283716000,0
283718000,0
283720000,0
283722001,0
283724001,0
283726001,0
283728001,0
283730000,0
283732000,0
283734000,0
283736001,0
283738001,0
283740001,0
283742001,0
283744001,0
283746001,0
283748000,0
283750000,0
283752001,0
283754001,0
283756000,0
283758000,0
283760000,0
283762000,0
283764000,0
283766000,0
283768000,0
283770000,0
283772000,0
283774000,0
283776000,0
283778000,0
283780000,0
283782000,0
283784000,0
283786000,0
283788000,0
283790000,0
283792000,0
283794000,0
283796000,0
283798000,0
283800000,0
283802001,0
283804001,0
283806001,0
283808001,0
283810001,0
283812000,0
283814000,0
283816000,0
283818000,0
283820000,0
283822000,0
283824000,0
283826000,0
283828000,0
283830000,0
283832000,0
283834000,0
283836000,0
283838000,0
283840000,0
283842000,0
283844000,0
283846000,0
283848000,0
283850000,0
283852000,0
283854000,0
283856000,0
283858000,0
283860000,0
283862001,0
283864000,0
283866001,0
283868001,0
283870001,0
283872000,0
283874000,0
283876000,0
283878001,0
283880001,0
283882001,0
283884001,0
283886001,0
283888001,0
283890001,0
283892000,0
283894000,0
283896000,0
283898000,0
283900000,0
283902000,0
283904000,0
283906000,0
283908000,0
283910000,0
283912000,0
283914000,0
283916000,0
283918000,0
283920000,0
283922000,0
283924000,0
283926000,0
283928000,0
283930000,0
283932000,0
283934000,0
283936001,0
283938001,0
283940001,0
283942001,0
283944001,0
283946001,0
283948001,0
283950001,0
283952001,0
283954001,0
283956001,0
283958000,0
283960000,0
283962000,0
283964000,0
283966000,0
283968000,0
283970001,0
283972001,0
283974000,0
283976000,0
283978000,0
283980001,0
283982001,0
283984001,0
283986000,0
283988000,0
283990000,0
283992000,0
283994000,0
283996001,0
283998001,0
284000001,0
284002000,0
284004000,0
284006000,0
284008000,0
284010000,0
284012000,0
284014000,0
284016000,0
284018000,0
284020000,0
284022001,0
284024000,0
284026000,0
284028000,0
284030000,0
284032000,0
284034001,0
284036001,0
284038001,0
284040001,0
284042000,0
284044001,0
284046000,0
284048001,0
284050000,0
284052000,0
284054000,0
284056000,0
284058000,0
284060000,0
284062000,0
284064000,0
284066000,0
284068000,0
284070000,0
284072000,0
284074000,0
284076000,0
284078000,0
284080001,0
284082000,0
284084000,0
284086001,0
284088001,0
284090001,0
284092001,0
284094000,0
284096000,0
284098000,0
284100000,0
284102000,0
284104000,0
284106001,0
284108000,0
284110001,0
284112001,0
284114000,0
284116000,0
284118000,0
284120000,0
284122000,0
284124001,0
284126001,0
284128000,0
284130001,0
284132000,0
284134001,0
284136000,0
284138000,0
284140000,0
284142000,0
284144000,0
284146000,0
284148000,0
284150000,0
284152000,0
284154000,0
284156000,0
284158000,0
284160000,0
284162000,0
284164000,0
284166001,0
284168001,0
284170001,0
284172001,0
284174001,0
284176000,0
284178000,0
284180000,0
284182000,0
284184001,0
284186001,0
284188000,0
284190000,0
284192000,0
284194000,0
284196000,0
284198000,0
284200000,0
284202001,0
284204000,0
284206000,0
284208001,0
284210000,0
284212000,0
284214000,0
284216000,0
284218000,0
284220001,0
284222001,0
284224001,0
284226001,0
284228001,0
284230001,0
284232001,0
284234001,0
284236001,0
284238001,0
284240001,0
284242001,0
284244001,0
284246001,0
284248001,0
284250001,0
284252000,0
284254001,0
284256000,0
284258000,0
284260000,0
284262001,0
284264001,0
284266001,0
284268001,0
284270001,0
284272001,0
284274001,0
284276001,0
284278001,0
284280001,0
284282001,0
284284001,0
284286001,0
284288001,0
284290000,0
284292000,0
284294000,0
284296000,0
284298000,0
284300000,0
284302000,0
284304000,0
284306000,0
284308000,0
284310000,0
284312000,0
284314000,0
284316000,0
284318000,0
284320000,0
284322000,0
284324000,0
284326000,0
284328000,0
284330000,0
284332000,0
284334000,0
284336000,0
284338000,0
284340000,0
284342000,0
284344000,0
284346000,0
284348000,0
284350000,0
284352000,0
284354000,0
284356000,0
284358000,0
284360000,0
284362000,0
284364000,0
284366000,0
284368000,0
284370000,0
284372000,0
284374000,0
284376000,0
284378000,0
284380001,0
284382000,0
284384000,0
284386001,0
284388000,0
284390000,0
284392000,0
284394000,0
284396000,0
284398001,0
284400001,0
284402001,0
284404000,0
284406000,0
284408000,0
284410000,0
284412000,0
284414001,0
284416000,0
284418000,0
284420000,0
284422000,0
284424000,0
284426000,0
284428000,0
284430000,0
284432000,0
284434000,0
284436000,0
284438000,0
284440001,0
284442001,0
284444001,0
284446000,0
284448000,0
284450000,0
284452000,0
284454000,0
284456000,0
284458001,0
284460001,0
284462001,0
284464000,0
284466000,0
284468000,0
284470000,0
284472000,0
284474000,0
284476000,0
284478000,0
284480000,0
284482000,0
284484000,0
284486000,0
284488000,0
284490000,0
284492000,0
284494000,0
284496000,0
284498001,0
284500001,0
284502000,0
284504000,0
284506000,0
284508000,0
284510000,0
284512000,0
284514000,0
284516000,0
284518000,0
284520000,0
284522000,0
284524001,0
284526001,0
284528001,0
284530001,0
284532000,0
284534001,0
284536001,0
284538001,0
284540000,0
284542001,0
284544001,0
284546001,0
284548000,0
284550000,0
284552001,0
284554000,0
284556001,0
284558001,0
284560001,0
284562000,0
284564000,0
284566000,0
284568000,0
284570000,0
284572000,0
284574000,0
284576000,0
284578000,0
284580000,0
284582000,0
284584000,0
284586000,0
284588000,0
284590000,0
284592000,0
284594000,0
284596000,0
284598001,0
284600000,0
284602001,0
284604001,0
284606001,0
284608000,0
284610000,0
284612000,0
284614000,0
284616000,0
284618000,0
284620000,0
284622000,0
284624000,0
284626001,0
284628001,0
284630001,0
284632001,0
284634001,0
284636001,0
284638000,0
284640000,0
284642001,0
284644000,0
284646000,0
284648000,0
284650000,0
284652000,0
284654001,0
284656001,0
284658001,0
284660000,0
284662000,0
284664000,0
284666000,0
284668000,0
284670000,0
284672001,0
284674001,0
284676000,0
284678000,0
284680001,0
284682001,0
284684001,0
284686001,0
284688000,0
284690000,0
284692000,0
284694000,0
284696000,0
284698001,0
284700001,0
284702001,0
284704001,0
284706001,0
284708000,0
284710000,0
284712000,0
284714000,0
284716000,0
284718000,0
284720000,0
284722000,0
284724000,0
284726000,0
284728000,0
284730000,0
284732000,0
284734000,0
284736000,0
284738000,0
284740000,0
284742000,0
284744000,0
284746000,0
284748000,0
284750000,0
284752000,0
284754000,0
284756000,0
284758000,0
284760000,0
284762000,0
284764000,0
284766000,0
284768000,0
284770000,0
284772000,0
284774000,0
284776000,0
284778000,0
284780000,0
284782000,0
284784000,0
284786000,0
284788000,0
284790000,0
284792000,0
284794000,0
284796000,0
284798000,0
284800000,0
284802000,0
284804000,0
284806000,0
284808000,0
284810000,0
284812000,0
284814000,0
284816000,0
284818000,0
284820000,0
284822000,0
284824000,0
284826000,0
284828000,0
284830000,0
284832000,0
284834001,0
284836001,0
284838000,0
284840000,0
284842000,0
284844001,0
284846000,0
284848000,0
284850000,0
284852000,0
284854000,0
284856001,0
284858000,0
284860000,0
284862000,0
284864001,0
284866000,0
284868000,0
284870000,0
284872000,0
284874001,0
284876001,0
284878001,0
284880000,0
284882000,0
284884000,0
284886001,0
284888001,0
284890001,0
284892000,0
284894000,0
284896000,0
284898000,0
284900000,0
284902000,0
284904001,0
284906001,0
284908001,0
284910000,0
284912000,0
284914000,0
284916001,0
284918001,0
284920000,0
284922000,0
284924000,0
284926000,0
284928000,0
284930000,0
284932000,0
284934000,0
284936001,0
284938001,0
284940001,0
284942001,0
284944001,0
284946000,0
284948000,0
284950000,0
284952000,0
284954000,0
284956000,0
284958000,0
284960001,0
284962000,0
284964000,0
284966000,0
284968000,0
284970000,0
284972000,0
284974000,0
284976000,0
284978000,0
284980000,0
284982000,0
284984000,0
284986000,0
284988000,0
284990001,0
284992001,0
284994001,0
284996001,0
284998000,0
285000000,0
285002001,0
285004001,0
285006001,0
285008000,0
285010000,0
285012000,0
285014000,0
285016000,0
285018000,0
285020000,0
285022000,0
285024000,0
285026000,0
285028001,0
285030001,0
285032000,0
285034001,0
285036000,0
285038000,0
285040001,0
285042000,0
285044000,0
285046000,0
285048000,0
285050000,0
285052000,0
285054000,0
285056000,0
285058000,0
285060000,0
285062001,0
285064001,0
285066001,0
285068000,0
285070000,0
285072001,0
285074001,0
285076001,0
285078001,0
285080000,0
285082000,0
285084000,0
285086000,0
285088000,0
285090000,0
285092000,0
285094001,0
285096001,0
285098000,0
285100000,0
285102000,0
285104000,0
285106000,0
285108000,0
285110000,0
285112000,0
285114000,0
285116000,0
285118000,0
285120000,0
285122000,0
285124000,0
285126000,0
285128001,0
285130001,0
285132001,0
285134001,0
285136001,0
285138001,0
285140001,0
285142000,0
285144000,0
285146001,0
285148000,0
285150001,0
285152001,0
285154001,0
285156001,0
285158001,0
285160001,0
285162001,0
285164001,0
285166000,0
285168000,0
285170000,0
285172001,0
285174001,0
285176001,0
285178001,0
285180000,0
285182000,0
285184001,0
285186001,0
285188001,0
285190001,0
285192001,0
285194001,0
285196000,0
285198001,0
285200000,0
285202000,0
285204000,0
285206000,0
285208000,0
285210000,0
285212000,0
285214000,0
285216000,0
285218000,0
285220000,0
285222000,0
285224001,0
285226001,0
285228001,0
285230001,0
285232001,0
285234001,0
285236001,0
285238001,0
285240001,0
285242001,0
285244001,0
285246000,0
285248000,0
285250000,0
285252000,0
285254000,0
285256000,0
285258000,0
285260000,0
285262001,0
285264000,0
285266000,0
285268000,0
285270000,0
285272000,0
285274000,0
285276000,0
285278000,0
285280000,0
285282000,0
285284000,0
285286000,0
285288000,0
285290000,0
285292000,0
285294000,0
285296000,0
285298000,0
285300001,0
285302000,0
285304001,0
285306001,0
285308001,0
285310000,0
285312001,0
285314001,0
285316000,0
285318000,0
285320001,0
285322001,0
285324001,0
285326001,0
285328000,0
285330001,0
285332000,0
285334000,0
285336000,0
285338000,0
285340000,0
285342000,0
285344000,0
285346000,0
285348001,0
285350000,0
285352000,0
285354000,0
285356000,0
285358000,0
285360001,0
285362001,0
285364001,0
285366001,0
285368001,0
285370001,0
285372000,0
285374000,0
285376000,0
285378000,0
285380000,0
285382000,0
285384000,0
285386000,0
285388000,0
285390001,0
285392001,0
285394001,0
285396001,0
285398001,0
285400000,0
285402001,0
285404001,0
285406000,0
285408000,0
285410000,0
285412001,0
285414001,0
285416000,0
285418000,0
285420000,0
285422000,0
285424000,0
285426000,0
285428000,0
285430001,0
285432000,0
285434000,0
285436000,0
285438000,0
285440001,0
285442000,0
285444000,0
285446000,0
285448000,0
285450000,0
285452001,0
285454001,0
285456000,0
285458000,0
285460001,0
285462001,0
285464001,0
285466001,0
285468000,0
285470000,0
285472000,0
285474001,0
285476000,0
285478001,0
285480001,0
285482001,0
285484001,0
285486001,0
285488000,0
285490000,0
285492000,0
285494000,0
285496000,0
285498001,0
285500001,0
285502001,0
285504001,0
285506001,0
285508001,0
285510000,0
285512000,0
285514000,0
285516000,0
285518000,0
285520000,0
285522000,0
285524000,0
285526001,0
285528001,0
285530000,0
285532001,0
285534000,0
285536000,0
285538000,0
285540000,0
285542000,0
285544000,0
285546000,0
285548000,0
285550000,0
285552000,0
285554000,0
285556000,0
285558000,0
285560000,0
285562001,0
285564000,0
285566001,0
285568001,0
285570000,0
285572000,0
285574000,0
285576000,0
285578000,0
285580000,0
285582000,0
285584000,0
285586000,0
285588001,0
285590001,0
285592000,0
285594001,0
285596001,0
285598000,0
285600001,0
285602001,0
285604000,0
285606000,0
285608000,0
285610000,0
285612000,0
285614000,0
285616000,0
285618000,0
285620000,0
285622000,0
285624000,0
285626000,0
285628001,0
285630001,0
285632001,0
285634001,0
285636001,0
285638001,0
285640001,0
285642000,0
285644000,0
285646000,0
285648000,0
285650001,0
285652001,0
285654001,0
285656000,0
285658000,0
285660000,0
285662001,0
285664001,0
285666000,0
285668001,0
285670001,0
285672001,0
285674001,0
285676001,0
285678001,0
285680000,0
285682000,0
285684000,0
285686001,0
285688001,0
285690000,0
285692000,0
285694000,0
285696000,0
285698001,0
285700001,0
285702001,0
285704001,0
285706001,0
285708001,0
285710001,0
285712001,0
285714001,0
285716001,0
285718001,0
285720001,0
285722000,0
285724000,0
285726000,0
285728001,0
285730001,0
285732001,0
285734000,0
285736000,0
285738000,0
285740000,0
285742000,0
285744000,0
285746000,0
285748000,0
285750000,0
285752000,0
285754000,0
285756000,0
285758001,0
285760001,0
285762001,0
285764001,0
285766001,0
285768000,0
285770000,0
285772000,0
285774000,0
285776000,0
285778000,0
285780000,0
285782000,0
285784000,0
285786000,0
285788000,0
285790000,0
285792000,0
285794000,0
285796000,0
285798000,0
285800000,0
285802000,0
285804000,0
285806000,0
285808000,0
285810000,0
285812000,0
285814001,0
285816001,0
285818000,0
285820000,0
285822000,0
285824000,0
285826000,0
285828000,0
285830000,0
285832001,0
285834001,0
285836001,0
285838001,0
285840000,0
285842001,0
285844000,0
285846000,0
285848001,0
285850000,0
285852000,0
285854000,0
285856001,0
285858001,0
285860001,0
285862001,0
285864000,0
285866000,0
285868001,0
285870001,0
285872001,0
285874000,0
285876001,0
285878000,0
285880000,0
285882000,0
285884000,0
285886000,0
285888000,0
285890000,0
285892000,0
285894000,0
285896000,0
285898000,0
285900000,0
285902001,0
285904000,0
285906001,0
285908001,0
285910000,0
285912000,0
285914001,0
285916000,0
285918000,0
285920001,0
285922000,0
285924001,0
285926001,0
285928001,0
285930001,0
285932001,0
285934000,0
285936001,0
285938000,0
285940000,0
285942001,0
285944001,0
285946000,0
285948000,0
285950000,0
285952000,0
285954001,0
285956001,0
285958001,0
285960000,0
285962000,0
285964000,0
285966000,0
285968000,0
285970000,0
285972000,0
285974000,0
285976000,0
285978000,0
285980001,0
285982000,0
285984000,0
285986000,0
285988000,0
285990000,0
285992000,0
285994001,0
285996001,0
285998001,0
286000001,0
286002000,0
286004000,0
286006000,0
286008000,0
286010000,0
286012000,0
286014000,0
286016001,0
286018001,0
286020000,0
286022000,0
286024000,0
286026001,0
286028000,0
286030000,0
286032000,0
286034000,0
286036000,0
286038000,0
286040000,0
286042000,0
286044000,0
286046000,0
286048000,0
286050000,0
286052000,0
286054000,0
286056000,0
286058000,0
286060000,0
286062000,0
286064000,0
286066000,0
286068000,0
286070000,0
286072000,0
286074000,0
286076001,0
286078001,0
286080000,0
286082001,0
286084001,0
286086001,0
286088001,0
286090001,0
286092001,0
286094001,0
286096001,0
286098000,0
286100001,0
286102001,0
286104000,0
286106000,0
286108000,0
286110000,0
286112001,0
286114001,0
286116001,0
286118000,0
286120000,0
286122001,0
286124000,0
286126000,0
286128000,0
286130001,0
286132000,0
286134000,0
286136001,0
286138001,0
286140001,0
286142001,0
286144001,0
286146001,0
286148000,0
286150001,0
286152000,0
286154000,0
286156000,0
286158000,0
286160000,0
286162000,0
286164000,0
286166000,0
286168000,0
286170000,0
286172000,0
286174000,0
286176000,0
286178000,0
286180000,0
286182000,0
286184000,0
286186000,0
286188000,0
286190000,0
286192001,0
286194001,0
286196000,0
286198000,0
286200000,0
286202000,0
286204000,0
286206000,0
286208000,0
286210000,0
286212000,0
286214000,0
286216000,0
286218000,0
286220000,0
286222000,0
286224000,0
286226000,0
286228001,0
286230000,0
286232000,0
286234000,0
286236000,0
286238000,0
286240000,0
286242001,0
286244000,0
286246000,0
286248001,0
286250001,0
286252001,0
286254000,0
286256000,0
286258000,0
286260000,0
286262000,0
286264000,0
286266000,0
286268000,0
286270000,0
286272000,0
286274001,0
286276001,0
286278001,0
286280001,0
286282000,0
286284000,0
286286000,0
286288000,0
286290001,0
286292000,0
286294001,0
286296001,0
286298001,0
286300001,0
286302000,0
286304000,0
286306000,0
286308000,0
286310000,0
286312000,0
286314000,0
286316000,0
286318000,0
286320000,0
286322000,0
286324000,0
286326000,0
286328000,0
286330000,0
286332000,0
286334000,0
286336000,0
286338000,0
286340000,0
286342001,0
286344000,0
286346001,0
286348001,0
286350000,0
286352000,0
286354000,0
286356000,0
286358000,0
286360000,0
286362000,0
286364000,0
286366000,0
286368000,0
286370000,0
286372000,0
286374000,0
286376000,0
286378000,0
286380000,0
286382000,0
286384000,0
286386000,0
286388000,0
286390000,0
286392001,0
286394000,0
286396000,0
286398000,0
286400000,0
286402000,0
286404000,0
286406000,0
286408000,0
286410001,0
286412001,0
286414001,0
286416001,0
286418000,0
286420000,0
286422000,0
286424000,0
286426000,0
286428000,0
286430000,0
286432001,0
286434001,0
286436001,0
286438001,0
286440000,0
286442000,0
286444000,0
286446001,0
286448001,0
286450001,0
286452001,0
286454000,0
286456000,0
286458000,0
286460000,0
286462000,0
286464001,0
286466001,0
286468001,0
286470001,0
286472000,0
286474000,0
286476000,0
286478000,0
286480000,0
286482001,0
286484001,0
286486001,0
286488001,0
286490001,0
286492001,0
286494001,0
286496001,0
286498001,0
286500001,0
286502001,0
286504001,0
286506000,0
286508000,0
286510000,0
286512001,0
286514000,0
286516000,0
286518000,0
286520000,0
286522001,0
286524001,0
286526001,0
286528001,0
286530000,0
286532000,0
286534000,0
286536000,0
286538000,0
286540000,0
286542000,0
286544000,0
286546001,0
286548001,0
286550001,0
286552001,0
286554001,0
286556001,0
286558001,0
286560001,0
286562001,0
286564001,0
286566001,0
286568000,0
286570000,0
286572001,0
286574001,0
286576001,0
286578001,0
286580000,0
286582001,0
286584001,0
286586001,0
286588001,0
286590001,0
286592000,0
286594001,0
286596001,0
286598001,0
286600000,0
286602000,0
286604000,0
286606000,0
286608000,0
286610000,0
286612000,0
286614000,0
286616000,0
286618000,0
286620000,0
286622000,0
286624000,0
286626001,0
286628001,0
286630001,0
286632001,0
286634001,0
286636001,0
286638001,0
286640000,0
286642000,0
286644001,0
286646000,0
286648000,0
286650000,0
286652000,0
286654001,0
286656001,0
286658001,0
286660000,0
286662000,0
286664000,0
286666000,0
286668000,0
286670000,0
286672001,0
286674000,0
286676000,0
286678000,0
286680000,0
286682000,0
286684000,0
286686000,0
286688000,0
286690001,0
286692000,0
286694000,0
286696000,0
286698000,0
286700000,0
286702000,0
286704000,0
286706000,0
286708000,0
286710000,0
286712000,0
286714000,0
286716001,0
286718001,0
286720001,0
286722001,0
286724000,0
286726000,0
286728000,0
286730000,0
286732001,0
286734001,0
286736001,0
286738001,0
286740001,0
286742001,0
286744001,0
286746001,0
286748001,0
286750000,0
286752000,0
286754000,0
286756001,0
286758001,0
286760001,0
286762001,0
286764001,0
286766000,0
286768001,0
286770001,0
286772001,0
286774001,0
286776001,0
286778001,0
286780000,0
286782001,0
286784000,0
286786000,0
286788000,0
286790000,0
286792001,0
286794001,0
286796001,0
286798000,0
286800000,0
286802000,0
286804000,0
286806000,0
286808000,0
286810000,0
286812000,0
286814000,0
286816000,0
286818000,0
286820000,0
286822001,0
286824000,0
286826000,0
286828000,0
286830001,0
286832000,0
286834000,0
286836000,0
286838000,0
286840001,0
286842001,0
286844000,0
286846000,0
286848000,0
286850000,0
286852000,0
286854000,0
286856000,0
286858000,0
286860000,0
286862000,0
286864000,0
286866000,0
286868000,0
286870000,0
286872000,0
286874000,0
286876000,0
286878001,0
286880001,0
286882001,0
286884000,0
286886000,0
286888000,0
286890000,0
286892000,0
286894000,0
286896000,0
286898000,0
286900000,0
286902001,0
286904001,0
286906001,0
286908001,0
286910001,0
286912001,0
286914001,0
286916001,0
286918001,0
286920000,0
286922000,0
286924000,0
286926001,0
286928001,0
286930001,0
286932001,0
286934000,0
286936001,0
286938001,0
286940000,0
286942000,0
286944000,0
286946000,0
286948001,0
286950000,0
286952000,0
286954000,0
286956000,0
286958000,0
286960000,0
286962000,0
286964000,0
286966000,0
286968000,0
286970000,0
286972000,0
286974000,0
286976000,0
286978000,0
286980000,0
286982000,0
286984000,0
286986000,0
286988000,0
286990000,0
286992000,0
286994000,0
286996000,0
286998001,0
287000000,0
287002000,0
287004001,0
287006001,0
287008001,0
287010001,0
287012001,0
287014001,0
287016001,0
287018000,0
287020000,0
287022000,0
287024001,0
287026001,0
287028000,0
287030000,0
287032000,0
287034000,0
287036000,0
287038000,0
287040000,0
287042000,0
287044000,0
287046000,0
287048000,0
287050000,0
287052000,0
287054000,0
287056000,0
287058001,0
287060000,0
287062001,0
287064001,0
287066000,0
287068000,0
287070000,0
287072000,0
287074000,0
287076000,0
287078000,0
287080000,0
287082000,0
287084000,0
287086000,0
287088001,0
287090001,0
287092000,0
287094001,0
287096001,0
287098001,0
287100001,0
287102001,0
287104000,0
287106000,0
287108000,0
287110000,0
287112000,0
287114000,0
287116000,0
287118000,0
287120000,0
287122000,0
287124000,0
287126000,0
287128000,0
287130000,0
287132000,0
287134000,0
287136000,0
287138000,0
287140000,0
287142000,0
287144000,0
287146000,0
287148001,0
287150001,0
287152001,0
287154000,0
287156000,0
287158001,0
287160000,0
287162000,0
287164000,0
287166000,0
287168001,0
287170001,0
287172001,0
287174001,0
287176001,0
287178001,0
287180001,0
287182001,0
287184000,0
287186000,0
287188000,0
287190000,0
287192001,0
287194001,0
287196001,0
287198001,0
287200001,0
287202001,0
287204001,0
287206001,0
287208000,0
287210000,0
287212000,0
287214000,0
287216000,0
287218000,0
287220000,0
287222000,0
287224001,0
287226001,0
287228000,0
287230000,0
287232001,0
287234000,0
287236000,0
287238000,0
287240000,0
287242001,0
287244001,0
287246001,0
287248000,0
287250000,0
287252000,0
287254000,0
287256000,0
287258000,0
287260000,0
287262001,0
287264000,0
287266000,0
287268000,0
287270000,0
287272000,0
287274001,0
287276000,0
287278001,0
287280001,0
287282000,0
287284000,0
287286000,0
287288000,0
287290000,0
287292000,0
287294000,0
287296001,0
287298001,0
287300000,0
287302000,0
287304000,0
287306000,0
287308000,0
287310000,0
287312000,0
287314000,0
287316000,0
287318001,0
287320001,0
287322001,0
287324001,0
287326001,0
287328001,0
287330000,0
287332001,0
287334001,0
287336001,0
287338001,0
287340000,0
287342000,0
287344000,0
287346000,0
287348001,0
287350000,0
287352000,0
287354000,0
287356000,0
287358000,0
287360000,0
287362000,0
287364000,0
287366000,0
287368000,0
287370001,0
287372000,0
287374001,0
287376001,0
287378001,0
287380000,0
287382000,0
287384000,0
287386000,0
287388000,0
287390001,0
287392000,0
287394000,0
287396001,0
287398001,0
287400000,0
287402000,0
287404000,0
287406000,0
287408000,0
287410001,0
287412000,0
287414000,0
287416000,0
287418000,0
287420000,0
287422000,0
287424001,0
287426001,0
287428001,0
287430001,0
287432001,0
287434001,0
287436000,0
287438001,0
287440001,0
287442001,0
287444001,0
287446000,0
287448001,0
287450000,0
287452000,0
287454000,0
287456000,0
287458000,0
287460000,0
287462000,0
287464000,0
287466000,0
287468000,0
287470000,0
287472000,0
287474000,0
287476000,0
287478000,0
287480000,0
287482001,0
287484001,0
287486001,0
287488000,0
287490001,0
287492001,0
287494001,0
287496001,0
287498001,0
287500000,0
287502001,0
287504000,0
287506000,0
287508000,0
287510000,0
287512000,0
287514000,0
287516000,0
287518000,0
287520000,0
287522000,0
287524000,0
287526000,0
287528000,0
287530000,0
287532000,0
287534000,0
287536000,0
287538000,0
287540000,0
287542000,0
287544000,0
287546000,0
287548000,0
287550000,0
287552000,0
287554000,0
287556000,0
287558001,0
287560001,0
287562001,0
287564000,0
287566000,0
287568000,0
287570000,0
287572000,0
287574001,0
287576001,0
287578001,0
287580001,0
287582000,0
287584000,0
287586000,0
287588000,0
287590000,0
287592000,0
287594000,0
287596000,0
287598000,0
287600000,0
287602000,0
287604000,0
287606000,0
287608001,0
287610001,0
287612001,0
287614001,0
287616001,0
287618001,0
287620001,0
287622000,0
287624000,0
287626000,0
287628001,0
287630000,0
287632000,0
287634000,0
287636000,0
287638000,0
287640000,0
287642000,0
287644001,0
287646001,0
287648001,0
287650001,0
287652001,0
287654001,0
287656001,0
287658001,0
287660000,0
287662000,0
287664001,0
287666000,0
287668000,0
287670001,0
287672001,0
287674001,0
287676001,0
287678000,0
287680000,0
287682000,0
287684000,0
287686000,0
287688000,0
287690000,0
287692000,0
287694000,0
287696001,0
287698001,0
287700001,0
287702001,0
287704000,0
287706000,0
287708000,0
287710000,0
287712001,0
287714000,0
287716001,0
287718001,0
287720001,0
287722000,0
287724001,0
287726001,0
287728000,0
287730001,0
287732000,0
287734000,0
287736001,0
287738001,0
287740001,0
287742001,0
287744001,0
287746000,0
287748000,0
287750000,0
287752000,0
287754000,0
287756000,0
287758000,0
287760000,0
287762000,0
287764000,0
287766000,0
287768000,0
287770001,0
287772000,0
287774000,0
287776000,0
287778000,0
287780000,0
287782000,0
287784000,0
287786000,0
287788000,0
287790000,0
287792000,0
287794000,0
287796000,0
287798001,0
287800000,0
287802001,0
287804001,0
287806001,0
287808000,0
287810000,0
287812000,0
287814000,0
287816000,0
287818001,0
287820000,0
287822000,0
287824000,0
287826000,0
287828000,0
287830000,0
287832000,0
287834000,0
287836000,0
287838000,0
287840001,0
287842001,0
287844001,0
287846000,0
287848000,0
287850000,0
287852000,0
287854001,0
287856001,0
287858001,0
287860000,0
287862000,0
287864000,0
287866000,0
287868000,0
287870000,0
287872000,0
287874000,0
287876001,0
287878000,0
287880000,0
287882001,0
287884000,0
287886000,0
287888000,0
287890000,0
287892000,0
287894001,0
287896000,0
287898001,0
287900001,0
287902001,0
287904000,0
287906000,0
287908001,0
287910000,0
287912000,0
287914000,0
287916000,0
287918000,0
287920000,0
287922000,0
287924000,0
287926000,0
287928000,0
287930000,0
287932001,0
287934001,0
287936001,0
287938000,0
287940000,0
287942000,0
287944000,0
287946000,0
287948000,0
287950000,0
287952000,0
287954000,0
287956001,0
287958001,0
287960000,0
287962000,0
287964001,0
287966001,0
287968001,0
287970000,0
287972000,0
287974000,0
287976001,0
287978001,0
287980001,0
287982001,0
287984001,0
287986001,0
287988001,0
287990001,0
287992001,0
287994000,0
287996000,0
287998000,0
288000000,0
288002001,0
288004001,0
288006001,0
288008001,0
288010001,0
288012001,0
288014001,0
288016000,0
288018000,0
288020000,0
288022001,0
288024000,0
288026000,0
288028000,0
288030000,0
288032000,0
288034000,0
288036000,0
288038001,0
288040001,0
288042000,0
288044000,0
288046000,0
288048000,0
288050001,0
288052000,0
288054000,0
288056000,0
288058000,0
288060000,0
288062000,0
288064000,0
288066000,0
288068000,0
288070000,0
288072000,0
288074000,0
288076000,0
288078000,0
288080001,0
288082001,0
288084001,0
288086001,0
288088000,0
288090000,0
288092000,0
288094000,0
288096000,0
288098001,0
288100000,0
288102000,0
288104000,0
288106001,0
288108001,0
288110000,0
288112001,0
288114001,0
288116001,0
288118000,0
288120001,0
288122001,0
288124001,0
288126001,0
288128001,0
288130001,0
288132001,0
288134000,0
288136000,0
288138000,0
288140000,0
288142001,0
288144000,0
288146000,0
288148000,0
288150001,0
288152000,0
288154000,0
288156000,0
288158000,0
288160001,0
288162000,0
288164000,0
288166000,0
288168000,0
288170000,0
288172000,0
288174000,0
288176000,0
288178000,0
288180000,0
288182000,0
288184000,0
288186000,0
288188000,0
288190000,0
288192000,0
288194000,0
288196000,0
288198000,0
288200000,0
288202000,0
288204000,0
288206000,0
288208000,0
288210001,0
288212001,0
288214001,0
288216001,0
288218001,0
288220001,0
288222001,0
288224000,0
288226001,0
288228000,0
288230000,0
288232000,0
288236000,0
288238001,0
288240000,0
288242000,0
288244000,0
288246001,0
288248001,0
288250001,0
288252000,0
288254000,0
288256001,0
288258001,0
288260001,0
288262001,0
288264001,0
288266000,0
288268000,0
288270000,0
288272001,0
288274000,0
288276000,0
288278000,0
288280000,0
288282001,0
288284001,0
288286000,0
288288001,0
288290001,0
288292001,0
288294001,0
288296000,0
288298000,0
288300000,0
288302000,0
288304000,0
288306000,0
288308000,0
288310000,0
288312000,0
288314000,0
288316001,0
288318001,0
288320001,0
288322000,0
288324000,0
288326000,0
288328000,0
288330000,0
288332000,0
288334000,0
288336000,0
288338000,0
288340000,0
288342000,0
288344000,0
288346000,0
288348000,0
288350000,0
288352000,0
288354000,0
288356000,0
288358000,0
288360000,0
288362000,0
288364001,0
288366001,0
288368000,0
288370000,0
288372000,0
288374001,0
288376001,0
288378001,0
288380000,0
288382001,0
288384001,0
288386001,0
288388000,0
288390000,0
288392000,0
288394000,0
288396000,0
288398000,0
288400000,0
288402000,0
288404000,0
288406000,0
288408000,0
288410000,0
288412000,0
288414000,0
288416001,0
288418001,0
288420001,0
288422001,0
288424001,0
288426001,0
288428000,0
288430000,0
288432000,0
288434000,0
288436000,0
288438000,0
288440000,0
288442000,0
288444000,0
288446000,0
288448001,0
288450001,0
288452000,0
288454000,0
288456000,0
288458000,0
288460000,0
288462000,0
288464000,0
288466000,0
288468000,0
288470000,0
288472000,0
288474000,0
288476000,0
288478000,0
288480000,0
288482000,0
288484000,0
288486001,0
288488000,0
288490000,0
288492001,0
288494001,0
288496001,0
288498001,0
288500001,0
288502000,0
288504000,0
288506000,0
288508000,0
288510000,0
288512000,0
288514000,0
288516001,0
288518000,0
288520000,0
288522000,0
288524000,0
288526001,0
288528001,0
288530001,0
288532001,0
288534001,0
288536000,0
288538000,0
288540000,0
288542000,0
288544000,0
288546000,0
288548000,0
288550000,0
288552000,0
288554000,0
288556000,0
288558000,0
288560000,0
288562000,0
288564000,0
288566000,0
288568000,0
288570000,0
288572000,0
288574000,0
288576000,0
288578001,0
288580001,0
288582001,0
288584001,0
288586001,0
288588000,0
288590000,0
288592001,0
288594000,0
288596000,0
288598000,0
288600000,0
288602000,0
288604000,0
288606000,0
288608000,0
288610000,0
288612000,0
288614000,0
288616000,0
288618000,0
288620000,0
288622000,0
288624000,0
288626000,0
288628000,0
288630000,0
288632000,0
288634000,0
288636000,0
288638000,0
288640000,0
288642000,0
288644000,0
288646000,0
288648000,0
288650001,0
288652001,0
288654001,0
288656001,0
288658000,0
288660000,0
288662000,0
288664000,0
288666000,0
288668000,0
288670000,0
288672000,0
288674000,0
288676000,0
288678000,0
288680001,0
288682001,0
288684000,0
288686000,0
288688000,0
288690001,0
288692001,0
288694001,0
288696000,0
288698000,0
288700000,0
288702001,0
288704001,0
288706000,0
288708000,0
288710000,0
288712000,0
288714000,0
288716000,0
288718000,0
288720000,0
288722000,0
288724000,0
288726000,0
288728000,0
288730000,0
288732000,0
288734000,0
288736000,0
288738001,0
288740001,0
288742001,0
288744000,0
288746000,0
288748000,0
288750000,0
288752000,0
288754000,0
288756001,0
288758000,0
288760000,0
288762000,0
288764000,0
288766001,0
288768001,0
288770000,0
288772000,0
288774001,0
288776000,0
288778001,0
288780001,0
288782000,0
288784000,0
288786000,0
288788000,0
288790000,0
288792000,0
288794000,0
288796000,0
288798000,0
288800000,0
288802000,0
288804000,0
288806001,0
288808001,0
288810000,0
288812000,0
288814000,0
288816000,0
288818000,0
288820000,0
288822000,0
288824000,0
288826000,0
288828000,0
288830000,0
288832000,0
288834000,0
288836001,0
288838000,0
288840000,0
288842000,0
288844001,0
288846001,0
288848001,0
288850001,0
288852000,0
288854001,0
288856001,0
288858001,0
288860000,0
288862000,0
288864001,0
288866001,0
288868000,0
288870000,0
288872000,0
288874000,0
288876000,0
288878000,0
288880000,0
288882001,0
288884001,0
288886000,0
288888000,0
288890000,0
288892000,0
288894000,0
288896000,0
288898000,0
288900000,0
288902000,0
288904000,0
288906000,0
288908000,0
288910000,0
288912000,0
288914000,0
288916001,0
288918001,0
288920001,0
288922000,0
288924000,0
288926000,0
288928000,0
288930000,0
288932001,0
288934000,0
288936000,0
288938000,0
288940000,0
288942000,0
288944000,0
288946000,0
288948000,0
288950000,0
288952001,0
288954001,0
288956001,0
288958000,0
288960000,0
288962001,0
288964001,0
288966001,0
288968001,0
288970001,0
288972001,0
288974000,0
288976001,0
288978001,0
288980001,0
288982001,0
288984001,0
288986001,0
288988001,0
288990000,0
288992000,0
288994000,0
288996000,0
288998000,0
289000000,0
289002000,0
289004000,0
289006001,0
289008001,0
289010001,0
289012001,0
289014001,0
289016001,0
289018001,0
289020001,0
289022001,0
289024001,0
289026001,0
289028000,0
289030000,0
289032000,0
289034001,0
289036000,0
289038000,0
289040000,0
289042000,0
289044000,0
289046000,0
289048000,0
289050000,0
289052000,0
289054000,0
289056000,0
289058000,0
289060001,0
289062001,0
289064000,0
289066000,0
289068001,0
289070001,0
289072000,0
289074000,0
289076000,0
289078000,0
289080000,0
289082000,0
289084000,0
289086000,0
289088000,0
289090000,0
289092000,0
289094000,0
289096000,0
289098000,0
289100000,0
289102000,0
289104001,0
289106000,0
289108000,0
289110000,0
289112000,0
289114001,0
289116001,0
289118000,0
289120000,0
289122000,0
289124000,0
289126000,0
289128000,0
289130001,0
289132001,0
289134000,0
289136000,0
289138000,0
289140000,0
289142000,0
289144000,0
289146000,0
289148000,0
289150000,0
289152000,0
289154000,0
289156000,0
289158001,0
289160001,0
289162001,0
289164001,0
289166000,0
289168000,0
289170000,0
289172000,0
289174000,0
289176000,0
289178000,0
289180000,0
289182000,0
289184000,0
289186000,0
289188000,0
289190000,0
289192000,0
289194000,0
289196000,0
289198000,0
289200000,0
289202000,0
289204000,0
289206000,0
289208000,0
289210000,0
289212000,0
289214000,0
289216000,0
289218000,0
289220000,0
289222001,0
289224000,0
289226000,0
289228001,0
289230001,0
289232000,0
289234000,0
289236000,0
289238000,0
289240001,0
289242001,0
289244001,0
289246000,0
289248000,0
289250000,0
289252000,0
289254000,0
289256000,0
289258000,0
289260000,0
289262000,0
289264001,0
289266001,0
289268000,0
289270000,0
289272000,0
289274000,0
289276000,0
289278000,0
289280000,0
289282000,0
289284000,0
289286000,0
289288000,0
289290000,0
289292000,0
289294000,0
289296000,0
289298000,0
289300000,0
289302000,0
289304000,0
289306000,0
289308000,0
289310000,0
289312000,0
289314000,0
289316000,0
289318001,0
289320000,0
289322000,0
289324000,0
289326000,0
289328000,0
289330000,0
289332000,0
289334000,0
289336000,0
289338000,0
289340000,0
289342001,0
289344001,0
289346000,0
289348001,0
289350001,0
289352001,0
289354000,0
289356000,0
289358000,0
289360000,0
289362001,0
289364001,0
289366000,0
289368000,0
289370000,0
289372000,0
289374000,0
289376000,0
289378000,0
289380000,0
289382000,0
289384000,0
289386001,0
289388001,0
289390001,0
289392001,0
289394000,0
289396001,0
289398001,0
289400000,0
289402001,0
289404000,0
289406001,0
289408000,0
289410000,0
289412000,0
289414000,0
289416000,0
289418000,0
289420001,0
289422001,0
289424001,0
289426000,0
289428000,0
289430001,0
289432001,0
289434001,0
289436000,0
289438000,0
289440001,0
289442001,0
289444001,0
289446001,0
289448000,0
289450000,0
289452000,0
289454000,0
289456000,0
289458000,0
289460000,0
289462001,0
289464001,0
289466001,0
289468001,0
289470001,0
289472001,0
289474001,0
289476001,0
289478001,0
289480001,0
289482001,0
289484000,0
289486000,0
289488001,0
289490001,0
289492001,0
289494001,0
289496000,0
289498000,0
289500001,0
289502001,0
289504001,0
289506000,0
289508001,0
289510000,0
289512000,0
289514000,0
289516000,0
289518000,0
289520000,0
289522000,0
289524000,0
289526001,0
289528001,0
289530000,0
289532000,0
289534000,0
289536000,0
289538000,0
289540000,0
289542000,0
289544000,0
289546000,0
289548000,0
289550001,0
289552001,0
289554000,0
289556001,0
289558001,0
289560001,0
289562000,0
289564000,0
289566000,0
289568001,0
289570001,0
289572000,0
289574000,0
289576000,0
289578000,0
289580000,0
289582000,0
289584000,0
289586000,0
289588000,0
289590000,0
289592000,0
289594000,0
289596000,0
289598000,0
289600000,0
289602000,0
289604000,0
289606000,0
289608000,0
289610000,0
289612000,0
289614000,0
289616000,0
289618000,0
289620000,0
289622000,0
289624000,0
289626000,0
289628000,0
289630000,0
289632000,0
289634000,0
289636000,0
289638000,0
289640000,0
289642000,0
289644000,0
289646000,0
289648001,0
289650000,0
289652001,0
289654001,0
289656001,0
289658001,0
289660001,0
289662001,0
289664001,0
289666001,0
289668001,0
289670000,0
289672000,0
289674000,0
289676000,0
289678000,0
289680000,0
289682000,0
289684000,0
289686000,0
289688000,0
289690000,0
289692000,0
289694000,0
289696000,0
289698000,0
289700000,0
289702000,0
289704000,0
289706000,0
289708000,0
289710000,0
289712000,0
289714000,0
289716000,0
289718000,0
289720001,0
289722000,0
289724000,0
289726000,0
289728000,0
289730000,0
289732001,0
289734001,0
289736000,0
289738000,0
289740000,0
289742001,0
289744001,0
289746000,0
289748000,0
289750000,0
289752000,0
289754001,0
289756000,0
289758000,0
289760001,0
289762001,0
289764000,0
289766000,0
289768000,0
289770001,0
289772000,0
289774000,0
289776000,0
289778000,0
289780000,0
289782000,0
289784000,0
289786000,0
289788000,0
289790000,0
289792000,0
289794000,0
289796000,0
289798001,0
289800001,0
289802001,0
289804000,0
289806000,0
289808001,0
289810001,0
289812001,0
289814001,0
289816001,0
289818001,0
289820001,0
289822000,0
289824000,0
289826000,0
289828001,0
289830001,0
289832000,0
289834000,0
289836000,0
289838000,0
289840000,0
289842000,0
289844000,0
289846000,0
289848000,0
289850000,0
289852000,0
289854000,0
289856000,0
289858000,0
289860000,0
289862000,0
289864000,0
289866000,0
289868000,0
289870000,0
289872000,0
289874000,0
289876000,0
289878000,0
289880000,0
289882001,0
289884001,0
289886001,0
289888001,0
289890001,0
289892001,0
289894001,0
289896000,0
289898001,0
289900001,0
289902001,0
289904000,0
289906000,0
289908000,0
289910000,0
289912000,0
289914000,0
289916000,0
289918000,0
289920000,0
289922000,0
289924000,0
289926000,0
289928000,0
289930000,0
289932000,0
289934000,0
289936000,0
289938000,0
289940000,0
289942001,0
289944000,0
289946001,0
289948000,0
289950000,0
289952000,0
289954000,0
289956000,0
289958000,0
289960000,0
289962000,0
289964000,0
289966000,0
289968000,0
289970000,0
289972000,0
289974000,0
289976000,0
289978000,0
289980000,0
289982001,0
289984001,0
289986001,0
289988000,0
289990000,0
289992001,0
289994001,0
289996000,0
289998000,0
290000000,0
290002000,0
290004000,0
290006000,0
290008000,0
290010000,0
290012000,0
290014000,0
290016000,0
290018000,0
290020000,0
290022000,0
290024000,0
290026000,0
290028000,0
290030000,0
290032000,0
290034000,0
290036000,0
290038000,0
290040001,0
290042000,0
290044000,0
290046001,0
290048001,0
290050001,0
290052000,0
290054000,0
290056000,0
290058000,0
290060000,0
290062000,0
290064000,0
290066000,0
290068000,0
290070000,0
290072001,0
290074001,0
290076001,0
290078001,0
290080000,0
290082001,0
290084000,0
290086001,0
290088001,0
290090000,0
290092000,0
290094000,0
290096000,0
290098000,0
290100000,0
290102000,0
290104000,0
290106000,0
290108000,0
290110000,0
290112000,0
290114000,0
290116000,0
290118000,0
290120000,0
290122000,0
290124001,0
290126001,0
290128001,0
290130001,0
290132001,0
290134001,0
290136001,0
290138000,0
290140000,0
290142000,0
290144000,0
290146001,0
290148001,0
290150001,0
290152001,0
290154001,0
290156001,0
290158001,0
290160000,0
290162000,0
290164000,0
290166000,0
290168000,0
290170000,0
290172001,0
290174001,0
290176000,0
290178000,0
290180000,0
290182000,0
290184000,0
290186000,0
290188000,0
290190001,0
290192000,0
290194000,0
290196000,0
290198000,0
290200000,0
290202000,0
290204000,0
290206000,0
290208000,0
290210001,0
290212001,0
290214001,0
290216001,0
290218000,0
290220000,0
290222000,0
290224000,0
290226000,0
290228000,0
290230000,0
290232000,0
290234000,0
290236001,0
290238001,0
290240000,0
290242000,0
290244000,0
290246000,0
290248001,0
290250001,0
290252000,0
290254001,0
290256000,0
290258000,0
290260000,0
290262001,0
290264000,0
290266001,0
290268000,0
290270000,0
290272000,0
290274000,0
290276000,0
290278000,0
290280000,0
290282000,0
290284000,0
290286000,0
290288001,0
290290001,0
290292000,0
290294000,0
290296000,0
290298000,0
290300000,0
290302000,0
290304000,0
290306000,0
290308000,0
290310000,0
290312000,0
290314000,0
290316000,0
290318000,0
290320000,0
290322000,0
290324001,0
290326001,0
290328001,0
290330001,0
290332000,0
290334001,0
290336001,0
290338000,0
290340000,0
290342000,0
290344000,0
290346000,0
290348000,0
290350000,0
290352000,0
290354000,0
290356000,0
290358000,0
290360000,0
290362001,0
290364001,0
290366001,0
290368000,0
290370000,0
290372000,0
290374000,0
290376000,0
290378000,0
290380000,0
290382000,0
290384001,0
290386000,0
290388001,0
290390001,0
290392001,0
290394001,0
290396001,0
290398001,0
290400001,0
290402000,0
290404000,0
290406000,0
290408000,0
290410001,0
290412001,0
290414001,0
290416000,0
290418000,0
290420001,0
290422001,0
290424000,0
290426000,0
290428000,0
290430000,0
290432000,0
290434000,0
290436000,0
290438000,0
290440000,0
290442000,0
290444000,0
290446000,0
290448000,0
290450000,0
290452000,0
290454000,0
290456000,0
290458000,0
290460001,0
290462001,0
290464000,0
290466000,0
290468000,0
290470000,0
290472000,0
290474000,0
290476001,0
290478001,0
290480001,0
290482001,0
290484001,0
290486001,0
290488000,0
290490001,0
290492001,0
290494000,0
290496001,0
290498001,0
290500001,0
290502000,0
290504000,0
290506000,0
290508000,0
290510001,0
290512001,0
290514001,0
290516001,0
290518001,0
290520001,0
290522001,0
290524000,0
290526001,0
290528000,0
290530000,0
290532000,0
290534000,0
290536000,0
290538000,0
290540000,0
290542001,0
290544001,0
290546001,0
290548001,0
290550001,0
290552001,0
290554001,0
290556001,0
290558001,0
290560001,0
290562001,0
290564000,0
290566001,0
290568001,0
290570001,0
290572001,0
290574001,0
290576001,0
290578001,0
290580001,0
290582001,0
290584001,0
290586000,0
290588001,0
290590000,0
290592000,0
290594000,0
290596000,0
290598001,0
290600001,0
290602000,0
290604000,0
290606000,0
290608000,0
290610000,0
290612000,0
290614000,0
290616000,0
290618000,0
290620000,0
290622001,0
290624001,0
290626001,0
290628001,0
290630001,0
290632001,0
290634000,0
290636000,0
290638000,0
290640000,0
290642000,0
290644000,0
290646000,0
290648000,0
290650000,0
290652000,0
290654000,0
290656001,0
290658001,0
290660001,0
290662001,0
290664000,0
290666000,0
290668001,0
290670001,0
290672001,0
290674000,0
290676000,0
290678000,0
290680000,0
290682000,0
290684000,0
290686000,0
290688000,0
290690000,0
290692000,0
290694000,0
290696000,0
290698000,0
290700000,0
290702001,0
290704001,0
290706000,0
290708001,0
290710000,0
290712000,0
290714000,0
290716000,0
290718000,0
290720000,0
290722000,0
290724000,0
290726000,0
290728000,0
290730000,0
290732000,0
290734000,0
290736000,0
290738000,0
290740000,0
290742000,0
290744000,0
290746000,0
290748001,0
290750000,0
290752000,0
290754000,0
290756000,0
290758001,0
290760001,0
290762001,0
290764001,0
290766000,0
290768000,0
290770000,0
290772001,0
290774001,0
290776001,0
290778000,0
290780001,0
290782000,0
290784000,0
290786000,0
290788000,0
290790000,0
290792001,0
290794001,0
290796001,0
290798001,0
290800000,0
290802000,0
290804001,0
290806001,0
290808000,0
290810000,0
290812000,0
290814000,0
290816000,0
290818001,0
290820001,0
290822001,0
290824001,0
290826001,0
290828001,0
290830001,0
290832001,0
290834000,0
290836000,0
290838000,0
290840001,0
290842001,0
290844001,0
290846001,0
290848001,0
290850001,0
290852000,0
290854000,0
290856000,0
290858000,0
290860000,0
290862000,0
290864000,0
290866001,0
290868001,0
290870000,0
290872000,0
290874000,0
290876000,0
290878000,0
290880000,0
290882000,0
290884000,0
290886000,0
290888000,0
290890000,0
290892000,0
290894001,0
290896000,0
290898000,0
290900000,0
290902000,0
290904000,0
290906000,0
290908000,0
290910000,0
290912000,0
290914000,0
290916001,0
290918000,0
290920000,0
290922001,0
290924001,0
290926001,0
290928001,0
290930001,0
290932000,0
290934000,0
290936000,0
290938000,0
290940000,0
290942001,0
290944000,0
290946001,0
290948000,0
290950000,0
290952000,0
290954000,0
290956000,0
290958001,0
290960001,0
290962000,0
290964000,0
290966000,0
290968000,0
290970000,0
290972000,0
290974000,0
290976000,0
290978000,0
290980000,0
290982000,0
290984001,0
290986000,0
290988000,0
290990000,0
290992000,0
290994000,0
290996000,0
290998000,0
291000000,0
291002000,0
291004000,0
291006000,0
291008001,0
291010001,0
291012000,0
291014000,0
291016000,0
291018000,0
291020000,0
291022000,0
291024000,0
291026000,0
291028000,0
291030000,0
291032001,0
291034001,0
291036001,0
291038001,0
291040001,0
291042001,0
291044000,0
291046000,0
291048000,0
291050000,0
291052000,0
291054000,0
291056000,0
291058000,0
291060000,0
291062000,0
291064000,0
291066000,0
291068000,0
291070000,0
291072001,0
291074001,0
291076001,0
291078001,0
291080000,0
291082000,0
291084000,0
291086000,0
291088000,0
291090000,0
291092000,0
291094000,0
291096001,0
291098000,0
291100001,0
291102001,0
291104000,0
291106001,0
291108001,0
291110000,0
291112000,0
291114000,0
291116000,0
291118000,0
291120000,0
291122000,0
291124001,0
291126001,0
291128001,0
291130001,0
291132001,0
291134001,0
291136001,0
291138001,0
291140001,0
291142001,0
291144000,0
291146000,0
291148000,0
291150000,0
291152001,0
291154000,0
291156000,0
291158000,0
291160000,0
291162000,0
291164000,0
291166000,0
291168000,0
291170000,0
291172000,0
291174000,0
291176000,0
291178000,0
291180000,0
291182000,0
291184000,0
291186000,0
291188000,0
291190001,0
291192000,0
291194000,0
291196000,0
291198000,0
291200000,0
291202000,0
291204000,0
291206000,0
291208000,0
291210000,0
291212000,0
291214001,0
291216001,0
291218001,0
291220001,0
291222001,0
291224000,0
291226000,0
291228000,0
291230000,0
291232000,0
291234000,0
291236000,0
291238001,0
291240000,0
291242000,0
291244000,0
291246000,0
291248001,0
291250000,0
291252000,0
291254000,0
291256000,0
291258000,0
291260000,0
291262000,0
291264000,0
291266000,0
291268000,0
291270000,0
291272000,0
291274000,0
291276001,0
291278001,0
291280000,0
291282000,0
291284000,0
291286000,0
291288000,0
291290000,0
291292000,0
291294000,0
291296001,0
291298001,0
291300001,0
291302000,0
291304000,0
291306000,0
291308000,0
291310000,0
291312000,0
291314000,0
291316000,0
291318000,0
291320000,0
291322000,0
291324000,0
291326000,0
291328000,0
291330000,0
291332000,0
291334001,0
291336001,0
291338001,0
291340001,0
291342001,0
291344001,0
291346001,0
291348000,0
291350000,0
291352000,0
291354000,0
291356000,0
291358000,0
291360000,0
291362001,0
291364001,0
291366000,0
291368001,0
291370001,0
291372001,0
291374001,0
291376000,0
291378000,0
291380000,0
291382000,0
291384001,0
291386001,0
291388001,0
291390001,0
291392000,0
291394000,0
291396000,0
291398000,0
291400000,0
291402000,0
291404000,0
291406000,0
291408001,0
291410000,0
291412000,0
291414000,0
291416000,0
291418000,0
291420000,0
291422001,0
291424001,0
291426001,0
291428000,0
291430000,0
291432000,0
291434000,0
291436000,0
291438000,0
291440000,0
291442000,0
291444000,0
291446001,0
291448001,0
291450001,0
291452000,0
291454001,0
291456000,0
291458001,0
291460001,0
291462000,0
291464001,0
291466001,0
291468001,0
291470001,0
291472000,0
291474001,0
291476001,0
291478000,0
291480000,0
291482001,0
291484001,0
291486001,0
291488001,0
291490001,0
291492001,0
291494000,0
291496000,0
291498000,0
291500001,0
291502001,0
291504000,0
291506001,0
291508000,0
291510000,0
291512000,0
291514000,0
291516000,0
291518000,0
291520000,0
291522000,0
291524000,0
291526000,0
291528000,0
291530001,0
291532001,0
291534001,0
291536001,0
291538001,0
291540000,0
291542001,0
291544000,0
291546000,0
291548000,0
291550001,0
291552001,0
291554001,0
291556000,0
291558000,0
291560000,0
291562000,0
291564000,0
291566000,0
291568000,0
291570000,0
291572000,0
291574000,0
291576000,0
291578000,0
291580000,0
291582000,0
291584000,0
291586000,0
291588000,0
291590000,0
291592001,0
291594000,0
291596001,0
291598001,0
291600001,0
291602001,0
291604000,0
291606000,0
291608000,0
291610001,0
291612000,0
291614000,0
291616000,0
291618000,0
291620000,0
291622000,0
291624000,0
291626000,0
291628000,0
291630001,0
291632001,0
291634000,0
291636000,0
291638000,0
291640000,0
291642000,0
291644000,0
291646000,0
291648000,0
291650000,0
291652000,0
291654001,0
291656001,0
291658001,0
291660000,0
291662000,0
291664000,0
291666000,0
291668000,0
291670000,0
291672000,0
291674001,0
291676001,0
291678000,0
291680001,0
291682001,0
291684001,0
291686000,0
291688001,0
291690000,0
291692000,0
291694001,0
291696000,0
291698000,0
291700001,0
291702000,0
291704000,0
291706000,0
291708001,0
291710001,0
291712001,0
291714001,0
291716000,0
291718001,0
291720000,0
291722000,0
291724000,0
291726000,0
291728000,0
291730000,0
291732001,0
291734000,0
291736000,0
291738000,0
291740000,0
291742000,0
291744000,0
291746000,0
291748000,0
291750000,0
291752000,0
291754000,0
291756000,0
291758000,0
291760001,0
291762000,0
291764001,0
291766000,0
291768001,0
291770001,0
291772001,0
291774001,0
291776001,0
291778001,0
291780000,0
291782001,0
291784001,0
291786001,0
291788001,0
291790001,0
291792001,0
291794001,0
291796000,0
291798001,0
291800001,0
291802001,0
291804000,0
291806001,0
291808001,0
291810001,0
291812001,0
291814000,0
291816000,0
291818000,0
291820000,0
291822000,0
291824000,0
291826000,0
291828000,0
291830001,0
291832000,0
291834000,0
291836000,0
291838000,0
291840000,0
291842000,0
291844000,0
291846000,0
291848000,0
291850000,0
291852000,0
291854000,0
291856000,0
291858000,0
291860000,0
291862000,0
291864001,0
291866000,0
291868000,0
291870000,0
291872000,0
291874000,0
291876000,0
291878000,0
291880001,0
291882001,0
291884000,0
291886000,0
291888001,0
291890001,0
291892000,0
291894000,0
291896000,0
291898000,0
291900001,0
291902001,0
291904001,0
291906001,0
291908000,0
291910000,0
291912000,0
291914000,0
291916000,0
291918000,0
291920000,0
291922000,0
291924000,0
291926000,0
291928000,0
291930000,0
291932000,0
291934000,0
291936001,0
291938001,0
291940001,0
291942001,0
291944001,0
291946001,0
291948001,0
291950001,0
291952001,0
291954001,0
291956001,0
291958000,0
291960000,0
291962000,0
291964000,0
291966000,0
291968000,0
291970000,0
291972000,0
291974000,0
291976000,0
291978000,0
291980000,0
291982000,0
291984000,0
291986001,0
291988000,0
291990000,0
291992000,0
291994000,0
291996000,0
291998000,0
292000001,0
292002001,0
292004001,0
292006001,0
292008000,0
292010000,0
292012000,0
292014000,0
292016000,0
292018000,0
292020000,0
292022000,0
292024001,0
292026001,0
292028000,0
292030000,0
292032000,0
292034000,0
292036000,0
292038000,0
292040000,0
292042000,0
292044000,0
292046000,0
292048000,0
292050000,0
292052001,0
292054001,0
292056001,0
292058001,0
292060000,0
292062000,0
292064000,0
292066000,0
292068000,0
292070001,0
292072000,0
292074000,0
292076000,0
292078001,0
292080001,0
292082000,0
292084000,0
292086001,0
292088000,0
292090001,0
292092001,0
292094001,0
292096000,0
292098001,0
292100001,0
292102000,0
292104000,0
292106000,0
292108000,0
292110000,0
292112000,0
292114001,0
292116001,0
292118000,0
292120000,0
292122000,0
292124000,0
292126000,0
292128000,0
292130000,0
292132000,0
292134000,0
292136000,0
292138000,0
292140000,0
292142000,0
292144000,0
292146000,0
292148000,0
292150000,0
292152000,0
292154000,0
292156000,0
292158000,0
292160000,0
292162000,0
292164000,0
292166001,0
292168001,0
292170000,0
292172000,0
292174000,0
292176000,0
292178000,0
292180000,0
292182001,0
292184000,0
292186000,0
292188001,0
292190001,0
292192001,0
292194001,0
292196000,0
292198000,0
292200000,0
292202000,0
292204000,0
292206000,0
292208000,0
292210000,0
292212000,0
292214000,0
292216000,0
292218000,0
292220000,0
292222000,0
292224001,0
292226001,0
292228000,0
292230000,0
292232001,0
292234001,0
292236000,0
292238000,0
292240001,0
292242000,0
292244000,0
292246000,0
292248000,0
292250000,0
292252000,0
292254000,0
292256000,0
292258001,0
292260001,0
292262001,0
292264001,0
292266001,0
292268000,0
292270000,0
292272000,0
292274000,0
292276001,0
292278001,0
292280000,0
292282000,0
292284000,0
292286000,0
292288000,0
292290000,0
292292000,0
292294000,0
292296000,0
292298000,0
292300001,0
292302001,0
292304001,0
292306000,0
292308000,0
292310001,0
292312001,0
292314001,0
292316001,0
292318001,0
292320001,0
292322001,0
292324001,0
292326000,0
292328001,0
292330001,0
292332001,0
292334001,0
292336000,0
292338000,0
292340000,0
292342000,0
292344000,0
292346000,0
292348000,0
292350000,0
292352000,0
292354000,0
292356000,0
292358000,0
292360000,0
292362001,0
292364000,0
292366001,0
292368001,0
292370001,0
292372000,0
292374000,0
292376000,0
292378000,0
292380000,0
292382000,0
292384000,0
292386001,0
292388001,0
292390001,0
292392001,0
292394000,0
292396000,0
292398000,0
292400000,0
292402000,0
292404000,0
292406000,0
292408000,0
292410000,0
292412000,0
292414000,0
292416000,0
292418000,0
292420000,0
292422000,0
292424001,0
292426001,0
292428001,0
292430000,0
292432000,0
292434000,0
292436001,0
292438000,0
292440000,0
292442000,0
292444000,0
292446000,0
292448000,0
292450001,0
292452000,0
292454001,0
292456000,0
292458000,0
292460000,0
292462000,0
292464000,0
292466000,0
292468000,0
292470000,0
292472000,0
292474000,0
292476001,0
292478001,0
292480000,0
292482001,0
292484001,0
292486000,0
292488000,0
292490000,0
292492000,0
292494001,0
292496000,0
292498000,0
292500000,0
292502000,0
292504000,0
292506001,0
292508001,0
292510000,0
292512000,0
292514000,0
292516000,0
292518000,0
292520001,0
292522001,0
292524001,0
292526001,0
292528001,0
292530000,0
292532000,0
292534000,0
292536000,0
292538000,0
292540000,0
292542000,0
292544001,0
292546000,0
292548000,0
292550000,0
292552000,0
292554000,0
292556001,0
292558001,0
292560001,0
292562001,0
292564001,0
292566001,0
292568000,0
292570000,0
292572001,0
292574001,0
292576001,0
292578001,0
292580001,0
292582001,0
292584001,0
292586001,0
292588001,0
292590000,0
292592000,0
292594000,0
292596000,0
292598000,0
292600000,0
292602000,0
292604000,0
292606000,0
292608000,0
292610000,0
292612000,0
292614000,0
292616000,0
292618001,0
292620000,0
292622000,0
292624000,0
292626000,0
292628001,0
292630001,0
292632001,0
292634001,0
292636001,0
292638001,0
292640001,0
292642000,0
292644001,0
292646000,0
292648001,0
292650001,0
292652001,0
292654000,0
292656000,0
292658001,0
292660000,0
292662000,0
292664001,0
292666001,0
292668001,0
292670001,0
292672000,0
292674000,0
292676000,0
292678000,0
292680000,0
292682000,0
292684000,0
292686000,0
292688000,0
292690000,0
292692000,0
292694001,0
292696001,0
292698001,0
292700000,0
292702000,0
292704000,0
292706000,0
292708001,0
292710001,0
292712000,0
292714001,0
292716000,0
292718000,0
292720000,0
292722000,0
292724000,0
292726000,0
292728000,0
292730001,0
292732001,0
292734000,0
292736000,0
292738000,0
292740000,0
292742000,0
292744000,0
292746001,0
292748001,0
292750001,0
292752001,0
292754000,0
292756000,0
292758000,0
292760000,0
292762000,0
292764000,0
292766000,0
292768000,0
292770001,0
292772000,0
292774001,0
292776001,0
292778001,0
292780001,0
292782001,0
292784001,0
292786000,0
292788000,0
292790000,0
292792000,0
292794000,0
292796000,0
292798000,0
292800000,0
292802000,0
292804000,0
292806001,0
292808001,0
292810001,0
292812001,0
292814001,0
292816000,0
292818000,0
292820001,0
292822000,0
292824000,0
292826000,0
292828000,0
292830000,0
292832000,0
292834000,0
292836000,0
292838000,0
292840000,0
292842000,0
292844000,0
292846001,0
292848001,0
292850001,0
292852000,0
292854000,0
292856000,0
292858000,0
292860000,0
292862000,0
292864000,0
292866000,0
292868000,0
292870001,0
292872001,0
292874001,0
292876001,0
292878000,0
292880000,0
292882000,0
292884001,0
292886000,0
292888000,0
292890001,0
292892001,0
292894001,0
292896001,0
292898000,0
292900001,0
292902001,0
292904001,0
292906000,0
292908000,0
292910000,0
292912001,0
292914001,0
292916001,0
292918001,0
292920000,0
292922000,0
292924000,0
292926001,0
292928000,0
292930000,0
292932000,0
292934000,0
292936000,0
292938000,0
292940000,0
292942001,0
292944001,0
292946001,0
292948000,0
292950000,0
292952000,0
292954000,0
292956000,0
292958000,0
292960000,0
292962000,0
292964000,0
292966000,0
292968000,0
292970001,0
292972001,0
292974001,0
292976001,0
292978001,0
292980001,0
292982001,0
292984000,0
292986000,0
292988000,0
292990000,0
292992001,0
292994000,0
292996001,0
292998001,0
293000001,0
293002000,0
293004001,0
293006000,0
293008000,0
293010000,0
293012000,0
293014000,0
293016000,0
293018000,0
293020000,0
293022000,0
293024000,0
293026000,0
293028000,0
293030000,0
293032000,0
293034000,0
293036000,0
293038001,0
293040001,0
293042000,0
293044000,0
293046000,0
293048000,0
293050001,0
293052000,0
293054000,0
293056001,0
293058001,0
293060001,0
293062001,0
293064001,0
293066000,0
293068000,0
293070001,0
293072000,0
293074000,0
293076001,0
293078001,0
293080001,0
293082000,0
293084000,0
293086000,0
293088000,0
293090000,0
293092000,0
293094000,0
293096000,0
293098000,0
293100000,0
293102000,0
293104000,0
293106000,0
293108000,0
293110000,0
293112000,0
293114000,0
293116000,0
293118000,0
293120000,0
293122000,0
293124000,0
293126000,0
293128000,0
293130000,0
293132001,0
293134001,0
293136000,0
293138001,0
293140000,0
293142000,0
293144001,0
293146000,0
293148001,0
293150001,0
293152001,0
293154001,0
293156001,0
293158001,0
293160000,0
293162000,0
293164000,0
293166000,0
293168000,0
293170000,0
293172000,0
293174000,0
293176001,0
293178001,0
293180001,0
293182001,0
293184001,0
293186001,0
293188000,0
293190000,0
293192000,0
293194000,0
293196000,0
293198000,0
293200000,0
293202000,0
293204001,0
293206000,0
293208000,0
293210000,0
293212000,0
293214000,0
293216000,0
293218000,0
293220000,0
293222000,0
293224001,0
293226001,0
293228001,0
293230001,0
293232001,0
293234001,0
293236001,0
293238001,0
293240001,0
293242001,0
293244001,0
293246001,0
293248001,0
293250001,0
293252001,0
293254001,0
293256001,0
293258000,0
293260000,0
293262000,0
293264001,0
293266001,0
293268001,0
293270001,0
293272001,0
293274001,0
293276001,0
293278001,0
293280000,0
293282000,0
293284000,0
293286000,0
293288001,0
293290001,0
293292001,0
293294001,0
293296000,0
293298000,0
293300000,0
293302000,0
293304000,0
293306000,0
293308000,0
293310001,0
293312001,0
293314001,0
293316000,0
293318000,0
293320001,0
293322001,0
293324000,0
293326001,0
293328001,0
293330001,0
293332001,0
293334001,0
293336001,0
293338001,0
293340000,0
293342001,0
293344000,0
293346000,0
293348001,0
293350001,0
293352001,0
293354001,0
293356001,0
293358001,0
293360001,0
293362000,0
293364001,0
293366001,0
293368000,0
293370001,0
293372000,0
293374000,0
293376000,0
293378001,0
293380000,0
293382000,0
293384000,0
293386000,0
293388000,0
293390000,0
293392001,0
293394001,0
293396001,0
293398000,0
293400000,0
293402000,0
293404001,0
293406001,0
293408000,0
293410000,0
293412000,0
293414001,0
293416001,0
293418001,0
293420001,0
293422001,0
293424000,0
293426001,0
293428000,0
293430000,0
293432000,0
293434001,0
293436001,0
293438001,0
293440001,0
293442000,0
293444000,0
293446000,0
293448000,0
293450000,0
293452001,0
293454001,0
293456001,0
293458001,0
293460001,0
293462000,0
293464001,0
293466001,0
293468001,0
293470001,0
293472001,0
293474000,0
293476001,0
293478001,0
293480001,0
293482001,0
293484001,0
293486001,0
293488000,0
293490000,0
293492000,0
293494000,0
293496000,0
293498000,0
293500000,0
293502000,0
293504001,0
293506001,0
293508001,0
293510000,0
293512001,0
293514001,0
293516001,0
293518001,0
293520001,0
293522001,0
293524000,0
293526000,0
293528001,0
293530001,0
293532001,0
293534001,0
293536001,0
293538001,0
293540000,0
293542000,0
293544000,0
293546000,0
293548000,0
293550000,0
293552000,0
293554000,0
293556000,0
293558000,0
293560000,0
293562000,0
293564000,0
293566000,0
293568000,0
293570000,0
293572000,0
293574000,0
293576000,0
293578000,0
293580000,0
293582000,0
293584000,0
293586001,0
293588001,0
293590001,0
293592000,0
293594000,0
293596000,0
293598000,0
293600000,0
293602000,0
293604000,0
293606000,0
293608000,0
293610000,0
293612001,0
293614000,0
293616000,0
293618000,0
293620000,0
293622001,0
293624000,0
293626001,0
293628000,0
293630000,0
293632000,0
293634000,0
293636000,0
293638000,0
293640000,0
293642001,0
293644001,0
293646001,0
293648000,0
293650000,0
293652001,0
293654001,0
293656000,0
293658000,0
293660000,0
293662000,0
293664000,0
293666000,0
293668000,0
293670000,0
293672000,0
293674000,0
293676000,0
293678000,0
293680000,0
293682001,0
293684001,0
293686001,0
293688001,0
293690001,0
293692001,0
293694001,0
293696001,0
293698001,0
293700001,0
293702001,0
293704000,0
293706000,0
293708000,0
293710001,0
293712001,0
293714001,0
293716000,0
293718001,0
293720001,0
293722000,0
293724001,0
293726000,0
293728000,0
293730000,0
293732000,0
293734000,0
293736000,0
293738000,0
293740000,0
293742000,0
293744000,0
293746001,0
293748001,0
293750001,0
293752001,0
293754000,0
293756001,0
293758000,0
293760000,0
293762001,0
293764000,0
293766000,0
293768000,0
293770000,0
293772000,0
293774000,0
293776000,0
293778000,0
293780001,0
293782001,0
293784001,0
293786001,0
293788001,0
293790001,0
293792001,0
293794000,0
293796000,0
293798000,0
293800000,0
293802000,0
293804000,0
293806000,0
293808000,0
293810000,0
293812000,0
293814000,0
293816000,0
293818000,0
293820000,0
293822000,0
293824001,0
293826000,0
293828000,0
293830001,0
293832001,0
293834001,0
293836000,0
293838000,0
293840001,0
293842001,0
293844001,0
293846001,0
293848001,0
293850000,0
293852000,0
293854000,0
293856001,0
293858001,0
293860001,0
293862001,0
293864001,0
293866001,0
293868001,0
293870001,0
293872001,0
293874001,0
293876001,0
293878001,0
293880001,0
293882001,0
293884000,0
293886001,0
293888001,0
293890001,0
293892000,0
293894000,0
293896000,0
293898000,0
293900001,0
293902000,0
293904000,0
293906000,0
293908000,0
293910000,0
293912001,0
293914001,0
293916001,0
293918000,0
293920000,0
293922000,0
293924000,0
293926000,0
293928000,0
293930000,0
293932000,0
293934000,0
293936000,0
293938000,0
293940000,0
293942000,0
293944000,0
293946000,0
293948000,0
293950000,0
293952001,0
293954001,0
293956001,0
293958001,0
293960000,0
293962000,0
293964000,0
293966000,0
293968000,0
293970000,0
293972000,0
293974000,0
293976000,0
293978000,0
293980000,0
293982000,0
293984001,0
293986000,0
293988001,0
293990001,0
293992001,0
293994001,0
293996001,0
293998001,0
294000000,0
294002000,0
294004000,0
294006001,0
294008000,0
294010001,0
294012001,0
294014001,0
294016001,0
294018000,0
294020000,0
294022000,0
294024000,0
294026001,0
294028001,0
294030001,0
294032000,0
294034000,0
294036000,0
294038000,0
294040000,0
294042000,0
294044001,0
294046000,0
294048000,0
294050000,0
294052001,0
294054001,0
294056001,0
294058001,0
294060001,0
294062000,0
294064000,0
294066000,0
294068000,0
294070000,0
294072001,0
294074001,0
294076000,0
294078000,0
294080001,0
294082000,0
294084000,0
294086000,0
294088000,0
294090001,0
294092000,0
294094000,0
294096000,0
294098000,0
294100000,0
294102000,0
294104000,0
294106000,0
294108000,0
294110001,0
294112001,0
294114001,0
294116001,0
294118000,0
294120000,0
294122000,0
294124000,0
294126000,0
294128000,0
294130000,0
294132000,0
294134000,0
294136000,0
294138000,0
294140000,0
294142000,0
294144000,0
294146000,0
294148000,0
294150000,0
294152000,0
294154000,0
294156000,0
294158001,0
294160001,0
294162001,0
294164001,0
294166000,0
294168000,0
294170000,0
294172000,0
294174000,0
294176000,0
294178000,0
294180000,0
294182000,0
294184001,0
294186000,0
294188000,0
294190000,0
294192000,0
294194000,0
294196000,0
294198001,0
294200001,0
294202000,0
294204000,0
294206000,0
294208000,0
294210000,0
294212000,0
294214001,0
294216001,0
294218001,0
294220001,0
294222001,0
294224001,0
294226001,0
294228001,0
294230000,0
294232000,0
294234000,0
294236000,0
294238001,0
294240001,0
294242000,0
294244000,0
294246000,0
294248000,0
294250001,0
294252001,0
294254000,0
294256000,0
294258000,0
294260001,0
294262001,0
294264001,0
294266001,0
294268001,0
294270000,0
294272000,0
294274000,0
294276001,0
294278001,0
294280000,0
294282000,0
294284000,0
294286000,0
294288000,0
294290000,0
294292000,0
294294000,0
294296001,0
294298000,0
294300000,0
294302000,0
294304000,0
294306000,0
294308000,0
294310000,0
294312000,0
294314000,0
294316000,0
294318000,0
294320000,0
294322000,0
294324000,0
294326000,0
294328000,0
294330000,0
294332000,0
294334000,0
294336000,0
294338000,0
294340000,0
294342000,0
294344000,0
294346000,0
294348000,0
294350000,0
294352000,0
294354000,0
294356001,0
294358001,0
294360001,0
294362001,0
294364001,0
294366000,0
294368000,0
294370000,0
294372000,0
294374000,0
294376000,0
294378000,0
294380000,0
294382000,0
294384000,0
294386001,0
294388001,0
294390001,0
294392001,0
294394000,0
294396000,0
294398000,0
294400000,0
294402000,0
294404000,0
294406000,0
294408001,0
294410001,0
294412001,0
294414000,0
294416000,0
294418000,0
294420000,0
294422000,0
294424000,0
294426000,0
294428000,0
294430000,0
294432000,0
294434000,0
294436001,0
294438000,0
294440001,0
294442001,0
294444001,0
294446001,0
294448000,0
294450000,0
294452001,0
294454001,0
294456001,0
294458000,0
294460001,0
294462000,0
294464000,0
294466000,0
294468000,0
294470000,0
294472000,0
294474000,0
294476000,0
294478000,0
294480000,0
294482000,0
294484000,0
294486000,0
294488001,0
294490000,0
294492001,0
294494001,0
294496001,0
294498001,0
294500001,0
294502000,0
294504000,0
294506000,0
294508001,0
294510000,0
294512000,0
294514000,0
294516000,0
294518000,0
294520000,0
294522000,0
294524000,0
294526000,0
294528000,0
294530000,0
294532000,0
294534000,0
294536000,0
294538000,0
294540001,0
294542000,0
294544000,0
294546000,0
294548000,0
294550000,0
294552001,0
294554000,0
294556000,0
294558000,0
294560000,0
294562000,0
294564000,0
294566000,0
294568000,0
294570000,0
294572000,0
294574001,0
294576001,0
294578001,0
294580000,0
294582000,0
294584000,0
294586000,0
294588000,0
294590000,0
294592000,0
294594000,0
294596000,0
294598000,0
294600000,0
294602000,0
294604000,0
294606000,0
294608000,0
294610000,0
294612001,0
294614001,0
294616000,0
294618000,0
294620000,0
294622000,0
294624000,0
294626000,0
294628000,0
294630000,0
294632001,0
294634001,0
294636000,0
294638001,0
294640001,0
294642001,0
294644001,0
294646001,0
294648001,0
294650001,0
294652000,0
294654000,0
294656000,0
294658000,0
294660000,0
294662000,0
294664000,0
294666001,0
294668000,0
294670001,0
294672001,0
294674000,0
294676000,0
294678000,0
294680001,0
294682001,0
294684001,0
294686001,0
294688001,0
294690000,0
294692000,0
294694001,0
294696001,0
294698001,0
294700001,0
294702001,0
294704001,0
294706000,0
294708000,0
294710001,0
294712000,0
294714000,0
294716000,0
294718000,0
294720000,0
294722000,0
294724000,0
294726000,0
294728001,0
294730001,0
294732001,0
294734001,0
294736001,0
294738001,0
294740001,0
294742001,0
294744000,0
294746000,0
294748000,0
294750000,0
294752001,0
294754001,0
294756000,0
294758001,0
294760001,0
294762001,0
294764000,0
294766000,0
294768000,0
294770000,0
294772000,0
294774000,0
294776000,0
294778000,0
294780000,0
294782000,0
294784000,0
294786000,0
294788000,0
294790000,0
294792000,0
294794001,0
294796001,0
294798001,0
294800001,0
294802000,0
294804001,0
294806001,0
294808001,0
294810000,0
294812000,0
294814000,0
294816000,0
294818000,0
294820000,0
294822000,0
294824000,0
294826000,0
294828000,0
294830000,0
294832000,0
294834000,0
294836000,0
294838001,0
294840000,0
294842001,0
294844001,0
294846001,0
294848001,0
294850001,0
294852001,0
294854001,0
294856000,0
294858000,0
294860000,0
294862000,0
294864000,0
294866000,0
294868001,0
294870001,0
294872000,0
294874000,0
294876000,0
294878000,0
294880000,0
294882000,0
294884000,0
294886000,0
294888000,0
294890000,0
294892000,0
294894001,0
294896001,0
294898001,0
294900001,0
294902001,0
294904001,0
294906001,0
294908001,0
294910001,0
294912001,0
294914001,0
294916001,0
294918000,0
294920000,0
294922000,0
294924000,0
294926001,0
294928001,0
294930001,0
294932001,0
294934000,0
294936000,0
294938000,0
294940000,0
294942000,0
294944000,0
294946000,0
294948000,0
294950000,0
294952000,0
294954000,0
294956000,0
294958000,0
294960000,0
294962000,0
294964000,0
294966000,0
294968000,0
294970000,0
294972001,0
294974001,0
294976001,0
294978001,0
294980001,0
294982001,0
294984001,0
294986000,0
294988001,0
294990000,0
294992000,0
294994001,0
294996000,0
294998000,0
295000000,0
295002000,0
295004000,0
295006001,0
295008001,0
295010000,0
295012001,0
295014001,0
295016001,0
295018000,0
295020001,0
295022001,0
295024001,0
295026001,0
295028001,0
295030001,0
295032001,0
295034001,0
295036000,0
295038000,0
295040000,0
295042000,0
295044000,0
295046000,0
295048000,0
295050000,0
295052000,0
295054000,0
295056000,0
295058000,0
295060000,0
295062000,0
295064000,0
295066001,0
295068000,0
295070000,0
295072000,0
295074000,0
295076000,0
295078000,0
295080000,0
295082000,0
295084000,0
295086000,0
295088000,0
295090000,0
295092000,0
295094000,0
295096000,0
295098000,0
295100000,0
295102001,0
295104000,0
295106000,0
295108000,0
295110000,0
295112000,0
295114000,0
295116000,0
295118001,0
295120001,0
295122001,0
295124001,0
295126000,0
295128000,0
295130000,0
295132000,0
295134001,0
295136001,0
295138000,0
295140000,0
295142001,0
295144001,0
295146001,0
295148000,0
295150000,0
295152000,0
295154000,0
295156000,0
295158000,0
295160000,0
295162000,0
295164000,0
295166000,0
295168000,0
295170001,0
295172000,0
295174000,0
295176000,0
295178000,0
295180000,0
295182000,0
295184000,0
295186000,0
295188000,0
295190000,0
295192000,0
295194000,0
295196000,0
295198000,0
295200000,0
295202000,0
295204000,0
295206000,0
295208001,0
295210001,0
295212000,0
295214000,0
295216000,0
295218000,0
295220000,0
295222001,0
295224001,0
295226000,0
295228001,0
295230001,0
295232001,0
295234001,0
295236001,0
295238000,0
295240000,0
295242001,0
295244001,0
295246000,0
295248000,0
295250000,0
295252000,0
295254000,0
295256000,0
295258000,0
295260000,0
295262000,0
295264000,0
295266000,0
295268000,0
295270000,0
295272000,0
295274000,0
295276000,0
295278000,0
295280000,0
295282000,0
295284000,0
295286000,0
295288000,0
295290000,0
295292000,0
295294001,0
295296001,0
295298000,0
295300000,0
295302000,0
295304000,0
295306000,0
295308000,0
295310000,0
295312000,0
295314000,0
295316000,0
295318001,0
295320001,0
295322001,0
295324001,0
295326001,0
295328000,0
295330000,0
295332000,0
295334000,0
295336000,0
295338001,0
295340000,0
295342000,0
295344000,0
295346000,0
295348001,0
295350001,0
295352000,0
295354001,0
295356001,0
295358001,0
295360001,0
295362001,0
295364000,0
295366000,0
295368000,0
295370000,0
295372000,0
295374000,0
295376001,0
295378001,0
295380000,0
295382000,0
295384001,0
295386001,0
295388001,0
295390000,0
295392000,0
295394000,0
295396000,0
295398000,0
295400000,0
295402000,0
295404000,0
295406000,0
295408000,0
295410000,0
295412001,0
295414000,0
295416000,0
295418000,0
295420000,0
295422000,0
295424000,0
295426000,0
295428000,0
295430000,0
295432000,0
295434000,0
295436000,0
295438000,0
295440001,0
295442001,0
295444001,0
295446001,0
295448001,0
295450001,0
295452000,0
295454000,0
295456000,0
295458000,0
295460000,0
295462000,0
295464000,0
295466001,0
295468000,0
295470000,0
295472001,0
295474000,0
295476000,0
295478000,0
295480000,0
295482000,0
295484000,0
295486000,0
295488000,0
295490001,0
295492000,0
295494000,0
295496000,0
295498001,0
295500001,0
295502001,0
295504000,0
295506000,0
295508000,0
295510000,0
295512000,0
295514000,0
295516001,0
295518001,0
295520000,0
295522000,0
295524000,0
295526000,0
295528000,0
295530000,0
295532000,0
295534000,0
295536000,0
295538000,0
295540000,0
295542000,0
295544000,0
295546000,0
295548000,0
295550000,0
295552001,0
295554001,0
295556000,0
295558000,0
295560000,0
295562000,0
295564001,0
295566001,0
295568001,0
295570001,0
295572001,0
295574001,0
295576000,0
295578000,0
295580000,0
295582000,0
295584000,0
295586000,0
295588000,0
295590000,0
295592000,0
295594000,0
295596000,0
295598000,0
295600000,0
295602000,0
295604000,0
295606001,0
295608001,0
295610001,0
295612001,0
295614001,0
295616000,0
295618000,0
295620000,0
295622000,0
295624000,0
295626000,0
295628000,0
295630000,0
295632001,0
295634000,0
295636000,0
295638000,0
295640000,0
295642001,0
295644000,0
295646001,0
295648001,0
295650000,0
295652000,0
295654000,0
295656000,0
295658000,0
295660000,0
295662000,0
295664000,0
295666001,0
295668001,0
295670000,0
295672001,0
295674000,0
295676000,0
295678000,0
295680000,0
295682000,0
295684000,0
295686000,0
295688000,0
295690000,0
295692001,0
295694000,0
295696000,0
295698000,0
295700000,0
295702000,0
295704000,0
295706000,0
295708000,0
295710000,0
295712000,0
295714000,0
295716000,0
295718000,0
295720000,0
295722000,0
295724000,0
295726000,0
295728000,0
295730000,0
295732000,0
295734000,0
295736000,0
295738001,0
295740000,0
295742001,0
295744000,0
295746000,0
295748000,0
295750000,0
295752000,0
295754000,0
295756000,0
295758000,0
295760000,0
295762000,0
295764001,0
295766000,0
295768000,0
295770000,0
295772000,0
295774000,0
295776000,0
295778000,0
295780000,0
295782001,0
295784000,0
295786000,0
295788001,0
295790001,0
295792001,0
295794001,0
295796000,0
295798001,0
295800001,0
295802000,0
295804000,0
295806000,0
295808000,0
295810001,0
295812001,0
295814001,0
295816000,0
295818000,0
295820000,0
295822000,0
295824001,0
295826001,0
295828001,0
295830001,0
295832001,0
295834001,0
295836001,0
295838001,0
295840000,0
295842000,0
295844001,0
295846000,0
295848000,0
295850000,0
295852000,0
295854000,0
295856000,0
295858000,0
295860000,0
295862000,0
295864000,0
295866000,0
295868000,0
295870000,0
295872000,0
295874000,0
295876000,0
295878000,0
295880001,0
295882000,0
295884000,0
295886000,0
295888000,0
295890000,0
295892000,0
295894000,0
295896000,0
295898000,0
295900000,0
295902000,0
295904001,0
295906001,0
295908000,0
295910000,0
295912000,0
295914000,0
295916000,0
295918001,0
295920001,0
295922001,0
295924000,0
295926000,0
295928000,0
295930000,0
295932000,0
295934000,0
295936000,0
295938000,0
295940000,0
295942000,0
295944000,0
295946000,0
295948000,0
295950000,0
295952001,0
295954001,0
295956001,0
295958001,0
295960001,0
295962001,0
295964001,0
295966001,0
295968000,0
295970000,0
295972000,0
295974000,0
295976000,0
295978000,0
295980000,0
295982000,0
295984000,0
295986000,0
295988000,0
295990000,0
295992000,0
295994000,0
295996000,0
295998000,0
296000000,0
296002000,0
296004000,0
296006000,0
296008000,0
296010000,0
296012001,0
296014001,0
296016001,0
296018001,0
296020000,0
296022000,0
296024000,0
296026000,0
296028001,0
296030000,0
296032000,0
296034000,0
296036000,0
296038000,0
296040000,0
296042000,0
296044000,0
296046000,0
296048001,0
296050000,0
296052000,0
296054000,0
296056000,0
296058000,0
296060000,0
296062001,0
296064001,0
296066001,0
296068001,0
296070001,0
296072000,0
296074000,0
296076000,0
296078001,0
296080001,0
296082001,0
296084001,0
296086000,0
296088000,0
296090000,0
296092000,0
296094000,0
296096000,0
296098001,0
296100000,0
296102001,0
296104000,0
296106000,0
296108000,0
296110000,0
296112000,0
296114000,0
296116000,0
296118001,0
296120001,0
296122001,0
296124001,0
296126000,0
296128000,0
296130000,0
296132001,0
296134001,0
296136000,0
296138000,0
296140000,0
296142001,0
296144001,0
296146000,0
296148000,0
296150000,0
296152000,0
296154000,0
296156000,0
296158000,0
296160000,0
296162000,0
296164000,0
296166000,0
296168000,0
296170000,0
296172000,0
296174001,0
296176001,0
296178000,0
296180000,0
296182000,0
296184000,0
296186001,0
296188000,0
296190000,0
296192000,0
296194000,0
296196000,0
296198000,0
296200001,0
296202001,0
296204001,0
296206000,0
296208000,0
296210000,0
296212000,0
296214000,0
296216000,0
296218000,0
296220000,0
296222000,0
296224000,0
296226000,0
296228000,0
296230001,0
296232000,0
296234000,0
296236000,0
296238000,0
296240000,0
296242000,0
296244000,0
296246001,0
296248001,0
296250001,0
296252001,0
296254001,0
296256001,0
296258001,0
296260001,0
296262000,0
296264001,0
296266000,0
296268000,0
296270000,0
296272000,0
296274000,0
296276000,0
296278000,0
296280000,0
296282000,0
296284000,0
296286000,0
296288000,0
296290000,0
296292000,0
296294000,0
296296000,0
296298000,0
296300000,0
296302000,0
296304000,0
296306000,0
296308000,0
296310001,0
296312001,0
296314001,0
296316001,0
296318000,0
296320001,0
296322000,0
296324000,0
296326000,0
296328000,0
296330000,0
296332000,0
296334000,0
296336000,0
296338000,0
296340000,0
296342001,0
296344001,0
296346000,0
296348001,0
296350001,0
296352001,0
296354001,0
296356001,0
296358001,0
296360000,0
296362001,0
296364001,0
296366001,0
296368001,0
296370001,0
296372000,0
296374000,0
296376000,0
296378000,0
296380001,0
296382000,0
296384000,0
296386001,0
296388000,0
296390000,0
296392000,0
296394000,0
296396000,0
296398000,0
296400000,0
296402001,0
296404001,0
296406000,0
296408000,0
296410000,0
296412000,0
296414000,0
296416000,0
296418000,0
296420000,0
296422000,0
296424000,0
296426000,0
296428000,0
296430000,0
296432000,0
296434000,0
296436000,0
296438000,0
296440000,0
296442000,0
296444000,0
296446000,0
296448000,0
296450000,0
296452000,0
296454000,0
296456001,0
296458001,0
296460001,0
296462001,0
296464000,0
296466000,0
296468000,0
296470000,0
296472001,0
296474000,0
296476000,0
296478000,0
296480000,0
296482000,0
296484000,0
296486000,0
296488000,0
296490001,0
296492001,0
296494001,0
296496000,0
296498001,0
296500000,0
296502000,0
296504000,0
296506000,0
296508000,0
296510000,0
296512000,0
296514000,0
296516001,0
296518000,0
296520000,0
296522000,0
296524000,0
296526000,0
296528000,0
296530001,0
296532001,0
296534001,0
296536001,0
296538000,0
296540000,0
296542000,0
296544000,0
296546000,0
296548000,0
296550000,0
296552000,0
296554001,0
296556001,0
296558001,0
296560001,0
296562000,0
296564000,0
296566000,0
296568000,0
296570000,0
296572000,0
296574000,0
296576001,0
296578000,0
296580000,0
296582000,0
296584001,0
296586001,0
296588001,0
296590001,0
296592000,0
296594000,0
296596000,0
296598000,0
296600000,0
296602000,0
296604001,0
296606001,0
296608000,0
296610001,0
296612000,0
296614000,0
296616000,0
296618000,0
296620000,0
296622000,0
296624000,0
296626000,0
296628000,0
296630001,0
296632001,0
296634001,0
296636000,0
296638000,0
296640000,0
296642000,0
296644000,0
296646000,0
296648000,0
296650000,0
296652000,0
296654001,0
296656000,0
296658000,0
296660000,0
296662000,0
296664000,0
296666000,0
296668000,0
296670000,0
296672000,0
296674000,0
296676000,0
296678001,0
296680001,0
296682001,0
296684001,0
296686000,0
296688000,0
296690000,0
296692000,0
296694000,0
296696001,0
296698000,0
296700000,0
296702000,0
296704001,0
296706001,0
296708001,0
296710001,0
296712000,0
296714000,0
296716000,0
296718001,0
296720001,0
296722001,0
296724001,0
296726001,0
296728000,0
296730000,0
296732001,0
296734001,0
296736000,0
296738001,0
296740001,0
296742000,0
296744001,0
296746001,0
296748001,0
296750001,0
296752001,0
296754001,0
296756000,0
296758000,0
296760000,0
296762001,0
296764001,0
296766001,0
296768000,0
296770000,0
296772000,0
296774000,0
296776000,0
296778000,0
296780001,0
296782001,0
296784001,0
296786001,0
296788000,0
296790000,0
296792000,0
296794000,0
296796000,0
296798000,0
296800000,0
296802001,0
296804000,0
296806000,0
296808000,0
296810000,0
296812000,0
296814000,0
296816000,0
296818000,0
296820000,0
296822000,0
296824000,0
296826000,0
296828000,0
296830001,0
296832001,0
296834000,0
296836000,0
296838000,0
296840000,0
296842000,0
296844001,0
296846001,0
296848001,0
296850001,0
296852000,0
296854000,0
296856000,0
296858001,0
296860001,0
296862000,0
296864000,0
296866001,0
296868001,0
296870001,0
296872001,0
296874001,0
296876001,0
296878000,0
296880001,0
296882001,0
296884001,0
296886001,0
296888000,0
296890000,0
296892000,0
296894000,0
296896000,0
296898000,0
296900000,0
296902000,0
296904000,0
296906000,0
296908000,0
296910000,0
296912001,0
296914000,0
296916000,0
296918000,0
296920000,0
296922000,0
296924000,0
296926000,0
296928000,0
296930000,0
296932001,0
296934000,0
296936000,0
296938000,0
296940000,0
296942000,0
296944000,0
296946001,0
296948001,0
296950001,0
296952000,0
296954000,0
296956001,0
296958001,0
296960000,0
296962000,0
296964000,0
296966000,0
296968001,0
296970001,0
296972000,0
296974000,0
296976000,0
296978000,0
296980000,0
296982000,0
296984000,0
296986000,0
296988000,0
296990000,0
296992000,0
296994000,0
296996000,0
296998000,0
297000000,0
297002000,0
297004000,0
297006000,0
297008000,0
297010000,0
297012001,0
297014001,0
297016001,0
297018000,0
297020000,0
297022000,0
297024000,0
297026000,0
297028000,0
297030000,0
297032001,0
297034001,0
297036000,0
297038000,0
297040000,0
297042000,0
297044000,0
297046000,0
297048000,0
297050000,0
297052000,0
297054000,0
297056001,0
297058001,0
297060001,0
297062001,0
297064001,0
297066001,0
297068001,0
297070000,0
297072000,0
297074000,0
297076000,0
297078000,0
297080000,0
297082000,0
297084000,0
297086000,0
297088000,0
297090000,0
297092000,0
297094000,0
297096000,0
297098000,0
297100000,0
297102000,0
297104000,0
297106001,0
297108001,0
297110001,0
297112000,0
297114001,0
297116000,0
297118000,0
297120000,0
297122000,0
297124000,0
297126000,0
297128000,0
297130000,0
297132000,0
297134000,0
297136000,0
297138000,0
297140000,0
297142001,0
297144001,0
297146000,0
297148000,0
297150001,0
297152000,0
297154000,0
297156001,0
297158001,0
297160001,0
297162001,0
297164001,0
297166001,0
297168001,0
297170001,0
297172000,0
297174000,0
297176000,0
297178000,0
297180000,0
297182000,0
297184001,0
297186000,0
297188000,0
297190000,0
297192000,0
297194000,0
297196000,0
297198000,0
297200000,0
297202000,0
297204000,0
297206000,0
297208000,0
297210000,0
297212001,0
297214000,0
297216000,0
297218001,0
297220001,0
297222000,0
297224000,0
297226000,0
297228001,0
297230001,0
297232000,0
297234000,0
297236000,0
297238000,0
297240000,0
297242001,0
297244000,0
297246000,0
297248000,0
297250000,0
297252000,0
297254000,0
297256000,0
297258000,0
297260000,0
297262000,0
297264000,0
297266000,0
297268000,0
297270000,0
297272000,0
297274000,0
297276000,0
297278001,0
297280001,0
297282001,0
297284001,0
297286001,0
297288000,0
297290001,0
297292001,0
297294001,0
297296001,0
297298001,0
297300001,0
297302001,0
297304001,0
297306001,0
297308000,0
297310000,0
297312000,0
297314000,0
297316000,0
297318000,0
297320001,0
297322001,0
297324000,0
297326000,0
297328001,0
297330000,0
297332000,0
297334001,0
297336001,0
297338000,0
297340000,0
297342001,0
297344000,0
297346001,0
297348001,0
297350000,0
297352000,0
297354000,0
297356001,0
297358001,0
297360000,0
297362001,0
297364000,0
297366000,0
297368000,0
297370000,0
297372000,0
297374000,0
297376000,0
297378000,0
297380000,0
297382000,0
297384001,0
297386001,0
297388000,0
297390001,0
297392001,0
297394000,0
297396000,0
297398000,0
297400000,0
297402001,0
297404001,0
297406001,0
297408000,0
297410000,0
297412000,0
297414000,0
297416000,0
297418000,0
297420000,0
297422000,0
297424001,0
297426001,0
297428001,0
297430001,0
297432000,0
297434000,0
297436000,0
297438000,0
297440000,0
297442000,0
297444000,0
297446000,0
297448000,0
297450001,0
297452001,0
297454001,0
297456001,0
297458001,0
297460000,0
297462000,0
297464001,0
297466000,0
297468001,0
297470001,0
297472001,0
297474001,0
297476001,0
297478000,0
297480000,0
297482000,0
297484000,0
297486001,0
297488000,0
297490000,0
297492000,0
297494000,0
297496000,0
297498001,0
297500001,0
297502001,0
297504001,0
297506000,0
297508000,0
297510000,0
297512001,0
297514001,0
297516000,0
297518000,0
297520001,0
297522001,0
297524001,0
297526000,0
297528000,0
297530000,0
297532000,0
297534001,0
297536001,0
297538001,0
297540001,0
297542001,0
297544001,0
297546000,0
297548001,0
297550001,0
297552001,0
297554000,0
297556000,0
297558000,0
297560000,0
297562001,0
297564000,0
297566000,0
297568000,0
297570000,0
297572000,0
297574001,0
297576000,0
297578001,0
297580001,0
297582001,0
297584001,0
297586001,0
297588001,0
297590001,0
297592001,0
297594001,0
297596001,0
297598001,0
297600000,0
297602000,0
297604000,0
297606000,0
297608000,0
297610001,0
297612000,0
297614000,0
297616000,0
297618000,0
297620000,0
297622001,0
297624001,0
297626001,0
297628001,0
297630000,0
297632000,0
297634000,0
297636000,0
297638000,0
297640000,0
297642000,0
297644001,0
297646001,0
297648001,0
297650001,0
297652000,0
297654001,0
297656001,0
297658001,0
297660000,0
297662000,0
297664001,0
297666001,0
297668000,0
297670000,0
297672000,0
297674000,0
297676000,0
297678000,0
297680000,0
297682000,0
297684000,0
297686000,0
297688000,0
297690001,0
297692001,0
297694001,0
297696001,0
297698000,0
297700000,0
297702000,0
297704000,0
297706001,0
297708000,0
297710000,0
297712000,0
297714000,0
297716000,0
297718000,0
297720000,0
297722000,0
297724000,0
297726000,0
297728000,0
297730000,0
297732000,0
297734000,0
297736000,0
297738000,0
297740000,0
297742001,0
297744000,0
297746000,0
297748000,0
297750000,0
297752000,0
297754001,0
297756001,0
297758000,0
297760000,0
297762000,0
297764000,0
297766000,0
297768000,0
297770000,0
297772000,0
297774000,0
297776000,0
297778000,0
297780001,0
297782001,0
297784001,0
297786000,0
297788000,0
297790001,0
297792001,0
297794001,0
297796001,0
297798001,0
297800000,0
297802000,0
297804000,0
297806000,0
297808000,0
297810000,0
297812000,0
297814000,0
297816000,0
297818000,0
297820000,0
297822000,0
297824000,0
297826000,0
297828000,0
297830000,0
297832000,0
297834000,0
297836001,0
297838000,0
297840000,0
297842000,0
297844000,0
297846000,0
297848000,0
297850001,0
297852000,0
297854000,0
297856000,0
297858001,0
297860001,0
297862001,0
297864001,0
297866001,0
297868000,0
297870000,0
297872000,0
297874000,0
297876000,0
297878000,0
297880001,0
297882001,0
297884001,0
297886001,0
297888001,0
297890000,0
297892000,0
297894000,0
297896001,0
297898000,0
297900000,0
297902000,0
297904000,0
297906000,0
297908000,0
297910001,0
297912001,0
297914000,0
297916001,0
297918001,0
297920000,0
297922000,0
297924000,0
297926000,0
297928000,0
297930000,0
297932000,0
297934000,0
297936000,0
297938000,0
297940001,0
297942001,0
297944000,0
297946000,0
297948000,0
297950000,0
297952000,0
297954000,0
297956000,0
297958000,0
297960000,0
297962000,0
297964000,0
297966000,0
297968000,0
297970000,0
297972000,0
297974000,0
297976000,0
297978000,0
297980000,0
297982001,0
297984001,0
297986000,0
297988000,0
297990000,0
297992000,0
297994000,0
297996000,0
297998001,0
298000001,0
298002001,0
298004001,0
298006001,0
298008001,0
298010001,0
298012000,0
298014000,0
298016000,0
298018000,0
298020001,0
298022001,0
298024001,0
298026001,0
298028001,0
298030001,0
298032001,0
298034001,0
298036000,0
298038000,0
298040000,0
298042000,0
298044000,0
298046000,0
298048000,0
298050000,0
298052000,0
298054000,0
298056000,0
298058000,0
298060000,0
298062000,0
298064001,0
298066001,0
298068000,0
298070000,0
298072000,0
298074000,0
298076000,0
298078000,0
298080001,0
298082001,0
298084000,0
298086000,0
298088000,0
298090000,0
298092000,0
298094000,0
298096000,0
298098000,0
298100000,0
298102000,0
298104000,0
298106000,0
298108000,0
298110000,0
298112000,0
298114000,0
298116000,0
298118000,0
298120001,0
298122000,0
298124001,0
298126001,0
298128000,0
298130000,0
298132000,0
298134001,0
298136000,0
298138000,0
298140000,0
298142000,0
298144000,0
298146000,0
298148001,0
298150001,0
298152000,0
298154000,0
298156001,0
298158001,0
298160001,0
298162001,0
298164001,0
298166000,0
298168000,0
298170000,0
298172000,0
298174000,0
298176000,0
298178000,0
298180000,0
298182001,0
298184001,0
298186001,0
298188001,0
298190001,0
298192001,0
298194000,0
298196000,0
298198001,0
298200000,0
298202000,0
298204000,0
298206000,0
298208000,0
298210000,0
298212000,0
298214000,0
298216000,0
298218000,0
298220000,0
298222000,0
298224000,0
298226001,0
298228001,0
298230000,0
298232001,0
298234001,0
298236000,0
298238000,0
298240000,0
298242000,0
298244000,0
298246000,0
298248000,0
298250000,0
298252000,0
298254000,0
298256000,0
298258000,0
298260000,0
298262000,0
298264000,0
298266000,0
298268000,0
298270001,0
298272001,0
298274001,0
298276001,0
298278001,0
298280000,0
298282001,0
298284000,0
298286000,0
298288000,0
298290000,0
298292000,0
298294000,0
298296000,0
298298001,0
298300001,0
298302001,0
298304000,0
298306000,0
298308000,0
298310000,0
298312000,0
298314000,0
298316000,0
298318000,0
298320000,0
298322000,0
298324000,0
298326001,0
298328000,0
298330000,0
298332000,0
298334000,0
298336000,0
298338000,0
298340000,0
298342000,0
298344000,0
298346000,0
298348000,0
298350000,0
298352000,0
298354001,0
298356001,0
298358000,0
298360000,0
298362000,0
298364000,0
298366000,0
298368000,0
298370000,0
298372000,0
298374000,0
298376000,0
298378000,0
298380000,0
298382000,0
298384000,0
298386001,0
298388001,0
298390001,0
298392001,0
298394001,0
298396001,0
298398001,0
298400000,0
298402000,0
298404000,0
298406000,0
298408000,0
298410000,0
298412000,0
298414000,0
298416001,0
298418001,0
298420001,0
298422001,0
298424001,0
298426000,0
298428000,0
298430000,0
298432000,0
298434001,0
298436000,0
298438000,0
298440000,0
298442000,0
298444000,0
298446000,0
298448000,0
298450001,0
298452000,0
298454000,0
298456000,0
298458000,0
298460000,0
298462001,0
298464001,0
298466000,0
298468000,0
298470000,0
298472001,0
298474001,0
298476000,0
298478000,0
298480000,0
298482000,0
298484000,0
298486000,0
298488001,0
298490000,0
298492000,0
298494000,0
298496000,0
298498000,0
298500000,0
298502000,0
298504000,0
298506000,0
298508000,0
298510000,0
298512000,0
298514000,0
298516001,0
298518000,0
298520000,0
298522000,0
298524001,0
298526001,0
298528001,0
298530001,0
298532001,0
298534001,0
298536001,0
298538000,0
298540000,0
298542000,0
298544000,0
298546000,0
298548000,0
298550001,0
298552001,0
298554001,0
298556000,0
298558000,0
298560000,0
298562000,0
298564001,0
298566000,0
298568000,0
298570000,0
298572001,0
298574001,0
298576000,0
298578000,0
298580000,0
298582000,0
298584000,0
298586000,0
298588001,0
298590000,0
298592000,0
298594000,0
298596000,0
298598000,0
298600001,0
298602001,0
298604000,0
298606000,0
298608000,0
298610001,0
298612000,0
298614000,0
298616000,0
298618000,0
298620000,0
298622000,0
298624000,0
298626001,0
298628000,0
298630000,0
298632000,0
298634000,0
298636000,0
298638000,0
298640000,0
298642000,0
298644000,0
298646000,0
298648000,0
298650000,0
298652001,0
298654001,0
298656001,0
298658001,0
298660001,0
298662001,0
298664001,0
298666001,0
298668001,0
298670000,0
298672000,0
298674000,0
298676000,0
298678000,0
298680001,0
298682001,0
298684001,0
298686001,0
298688001,0
298690000,0
298692000,0
298694000,0
298696001,0
298698001,0
298700001,0
298702000,0
298704001,0
298706001,0
298708001,0
298710000,0
298712000,0
298714001,0
298716001,0
298718001,0
298720000,0
298722000,0
298724000,0
298726000,0
298728000,0
298730000,0
298732001,0
298734001,0
298736001,0
298738001,0
298740001,0
298742000,0
298744000,0
298746000,0
298748000,0
298750000,0
298752000,0
298754000,0
298756000,0
298758000,0
298760000,0
298762000,0
298764000,0
298766000,0
298768001,0
298770000,0
298772000,0
298774000,0
298776001,0
298778001,0
298780000,0
298782000,0
298784000,0
298786001,0
298788001,0
298790000,0
298792001,0
298794000,0
298796000,0
298798000,0
298800000,0
298802000,0
298804000,0
298806000,0
298808000,0
298810000,0
298812000,0
298814000,0
298816000,0
298818000,0
298820000,0
298822000,0
298824000,0
298826000,0
298828000,0
298830001,0
298832001,0
298834000,0
298836000,0
298838000,0
298840000,0
298842000,0
298844000,0
298846000,0
298848000,0
298850000,0
298852000,0
298854000,0
298856000,0
298858000,0
298860000,0
298862000,0
298864000,0
298866000,0
298868000,0
298870000,0
298872000,0
298874001,0
298876001,0
298878000,0
298880000,0
298882000,0
298884000,0
298886000,0
298888000,0
298890001,0
298892001,0
298894001,0
298896001,0
298898000,0
298900000,0
298902001,0
298904001,0
298906001,0
298908000,0
298910000,0
298912000,0
298914001,0
298916000,0
298918001,0
298920001,0
298922001,0
298924000,0
298926001,0
298928001,0
298930000,0
298932000,0
298934000,0
298936000,0
298938000,0
298940000,0
298942000,0
298944000,0
298946000,0
298948000,0
298950000,0
298952000,0
298954000,0
298956000,0
298958001,0
298960001,0
298962001,0
298964001,0
298966000,0
298968000,0
298970001,0
298972001,0
298974001,0
298976001,0
298978001,0
298980001,0
298982001,0
298984000,0
298986000,0
298988000,0
298990001,0
298992001,0
298994001,0
298996001,0
298998001,0
299000001,0
299002001,0
299004000,0
299006001,0
299008000,0
299010000,0
299012000,0
299014000,0
299016000,0
299018000,0
299020000,0
299022000,0
299024000,0
299026000,0
299028000,0
299030000,0
299032001,0
299034000,0
299036000,0
299038000,0
299040000,0
299042000,0
299044000,0
299046000,0
299048000,0
299050000,0
299052000,0
299054001,0
299056000,0
299058000,0
299060000,0
299062000,0
299064000,0
299066000,0
299068000,0
299070001,0
299072000,0
299074001,0
299076001,0
299078000,0
299080000,0
299082000,0
299084000,0
299086000,0
299088000,0
299090000,0
299092000,0
299094000,0
299096000,0
299098000,0
299100000,0
299102000,0
299104000,0
299106000,0
299108000,0
299110000,0
299112000,0
299114000,0
299116001,0
299118001,0
299120001,0
299122000,0
299124000,0
299126000,0
299128000,0
299130000,0
299132000,0
299134000,0
299136000,0
299138000,0
299140000,0
299142000,0
299144000,0
299146001,0
299148001,0
299150000,0
299152001,0
299154000,0
299156000,0
299158000,0
299160000,0
299162000,0
299164000,0
299166000,0
299168000,0
299170001,0
299172000,0
299174001,0
299176001,0
299178001,0
299180000,0
299182000,0
299184000,0
299186001,0
299188000,0
299190000,0
299192000,0
299194001,0
299196001,0
299198001,0
299200001,0
299202001,0
299204001,0
299206001,0
299208001,0
299210001,0
299212001,0
299214000,0
299216000,0
299218000,0
299220000,0
299222000,0
299224000,0
299226000,0
299228000,0
299230000,0
299232000,0
299234000,0
299236000,0
299238000,0
299240001,0
299242001,0
299244000,0
299246000,0
299248001,0
299250000,0
299252000,0
299254000,0
299256000,0
299258000,0
299260000,0
299262001,0
299264000,0
299266000,0
299268000,0
299270000,0
299272000,0
299274000,0
299276000,0
299278000,0
299280000,0
299282001,0
299284001,0
299286001,0
299288001,0
299290000,0
299292000,0
299294000,0
299296001,0
299298001,0
299300001,0
299302001,0
299304001,0
299306000,0
299308000,0
299310000,0
299312000,0
299314001,0
299316001,0
299318000,0
299320000,0
299322000,0
299324000,0
299326000,0
299328001,0
299330000,0
299332001,0
299334001,0
299336001,0
299338001,0
299340000,0
299342000,0
299344000,0
299346000,0
299348000,0
299350000,0
299352001,0
299354000,0
299356000,0
299358000,0
299360000,0
299362001,0
299364001,0
299366001,0
299368001,0
299370001,0
299372001,0
299374000,0
299376000,0
299378000,0
299380000,0
299382000,0
299384000,0
299386000,0
299388000,0
299390000,0
299392000,0
299394001,0
299396000,0
299398000,0
299400000,0
299402000,0
299404000,0
299406001,0
299408001,0
299410000,0
299412001,0
299414001,0
299416001,0
299418001,0
299420000,0
299422000,0
299424000,0
299426000,0
299428000,0
299430000,0
299432000,0
299434000,0
299436000,0
299438000,0
299440000,0
299442000,0
299444000,0
299446000,0
299448001,0
299450001,0
299452001,0
299454001,0
299456001,0
299458001,0
299460001,0
299462001,0
299464001,0
299466000,0
299468001,0
299470000,0
299472000,0
299474000,0
299476000,0
299478000,0
299480000,0
299482000,0
299484000,0
299486000,0
299488000,0
299490000,0
299492000,0
299494000,0
299496000,0
299498000,0
299500000,0
299502000,0
299504000,0
299506001,0
299508001,0
299510001,0
299512000,0
299514000,0
299516000,0
299518000,0
299520000,0
299522000,0
299524000,0
299526000,0
299528000,0
299530000,0
299532000,0
299534000,0
299536000,0
299538000,0
299540001,0
299542001,0
299544000,0
299546000,0
299548000,0
299550000,0
299552000,0
299554001,0
299556001,0
299558000,0
299560001,0
299562001,0
299564001,0
299566001,0
299568001,0
299570001,0
299572001,0
299574001,0
299576000,0
299578000,0
299580000,0
299582000,0
299584000,0
299586000,0
299588000,0
299590000,0
299592000,0
299594000,0
299596000,0
299598000,0
299600000,0
299602000,0
299604001,0
299606000,0
299608001,0
299610001,0
299612001,0
299614001,0
299616001,0
299618001,0
299620001,0
299622000,0
299624001,0
299626001,0
299628001,0
299630001,0
299632001,0
299634000,0
299636000,0
299638000,0
299640000,0
299642000,0
299644000,0
299646000,0
299648000,0
299650000,0
299652000,0
299654000,0
299656000,0
299658000,0
299660000,0
299662000,0
299664000,0
299666000,0
299668000,0
299670000,0
299672000,0
299674000,0
299676001,0
299678000,0
299680000,0
299682000,0
299684000,0
299686001,0
299688001,0
299690001,0
299692001,0
299694001,0
299696001,0
299698001,0
299700001,0
299702001,0
299704001,0
299706001,0
299708001,0
299710001,0
299712000,0
299714000,0
299716000,0
299718000,0
299720000,0
299722000,0
299724000,0
299726000,0
299728001,0
299730000,0
299732000,0
299734000,0
299736000,0
299738000,0
299740000,0
299742000,0
299744000,0
299746000,0
299748001,0
299750000,0
299752001,0
299754001,0
299756001,0
299758001,0
299760000,0
299762000,0
299764001,0
299766001,0
299768001,0
299770001,0
299772001,0
299774001,0
299776000,0
299778000,0
299780000,0
299782000,0
299784000,0
299786000,0
299788000,0
299790000,0
299792001,0
299794000,0
299796000,0
299798000,0
299800000,0
299802001,0
299804001,0
299806000,0
299808001,0
299810000,0
299812001,0
299814001,0
299816001,0
299818000,0
299820000,0
299822000,0
299824000,0
299826000,0
299828000,0
299830001,0
299832001,0
299834000,0
299836000,0
299838001,0
299840000,0
299842000,0
299844001,0
299846001,0
299848000,0
299850000,0
299852000,0
299854000,0
299856001,0
299858001,0
299860001,0
299862000,0
299864000,0
299866000,0
299868000,0
299870001,0
299872001,0
299874001,0
299876000,0
299878000,0
299880000,0
299882000,0
299884000,0
299886000,0
299888000,0
299890000,0
299892000,0
299894000,0
299896000,0
299898000,0
299900000,0
299902000,0
299904000,0
299906001,0
299908001,0
299910001,0
299912001,0
299914000,0
299916001,0
299918001,0
299920001,0
299922001,0
299924001,0
299926000,0
299928000,0
299930000,0
299932000,0
299934000,0
299936000,0
299938000,0
299940000,0
299942000,0
299944000,0
299946000,0
299948000,0
299950000,0
299952000,0
299954000,0
299956000,0
299958001,0
299960001,0
299962001,0
299964001,0
299966001,0
299968001,0
299970001,0
299972001,0
299974001,0
299976001,0
299978000,0
299980001,0
299982001,0
299984000,0
299986000,0
299988000,0
299990001,0
299992001,0
299994001,0
299996001,0
299998001,0
300000000,0
300002000,0
300004000,0
300006000,0
300008000,0
300010000,0
300012000,0
300014000,0
300016000,0
300018000,0
300020000,0
300022000,0
300024000,0
300026000,0
300028000,0
300030000,0
300032000,0
300034000,0
300036000,0
300038000,0
300040000,0
300042000,0
300044000,0
300046000,0
300048000,0
300050000,0
300052000,0
300054000,0
300056000,0
300058000,0
300060000,0
300062001,0
300064001,0
300066001,0
300068001,0
300070001,0
300072001,0
300074001,0
300076001,0
300078001,0
300080000,0
300082000,0
300084000,0
300086000,0
300088001,0
300090001,0
300092001,0
300094000,0
300096000,0
300098000,0
300100000,0
300102000,0
300104000,0
300106000,0
300108000,0
300110001,0
300112001,0
300114001,0
300116000,0
300118000,0
300120001,0
300122001,0
300124001,0
300126000,0
300128000,0
300130000,0
300132000,0
300134000,0
300136000,0
300138001,0
300140001,0
300142000,0
300144000,0
300146000,0
300148000,0
300150000,0
300152000,0
300154000,0
300156001,0
300158001,0
300160000,0
300162000,0
300164000,0
300166000,0
300168000,0
300170001,0
300172001,0
300174001,0
300176001,0
300178001,0
300180001,0
300182000,0
300184001,0
300186001,0
300188000,0
300190000,0
300192001,0
300194001,0
300196000,0
300198000,0
300200000,0
300202000,0
300204000,0
300206000,0
300208000,0
300210001,0
300212001,0
300214001,0
300216001,0
300218001,0
300220001,0
300222001,0
300224001,0
300226000,0
300228000,0
300230000,0
300232000,0
300234000,0
300236000,0
300238000,0
300240000,0
300242000,0
300244001,0
300246001,0
300248000,0
300250000,0
300252000,0
300254000,0
300256000,0
300258000,0
300260000,0
300262000,0
300264000,0
300266000,0
300268000,0
300270000,0
300272000,0
300274001,0
300276001,0
300278001,0
300280001,0
300282001,0
300284001,0
300286001,0
300288001,0
300290001,0
300292001,0
300294001,0
300296000,0
300298001,0
300300001,0
300302001,0
300304001,0
300306001,0
300308001,0
300310000,0
300312000,0
300314000,0
300316000,0
300318000,0
300320000,0
300322000,0
300324000,0
300326001,0
300328001,0
300330001,0
300332001,0
300334000,0
300336001,0
300338001,0
300340001,0
300342001,0
300344001,0
300346001,0
300348001,0
300350001,0
300352001,0
300354001,0
300356001,0
300358001,0
300360001,0
300362001,0
300364000,0
300366000,0
300368000,0
300370000,0
300372000,0
300374000,0
300376000,0
300378000,0
300380000,0
300382000,0
300384000,0
300386001,0
300388001,0
300390000,0
300392000,0
300394000,0
300396000,0
300398000,0
300400000,0
300402000,0
300404000,0
300406001,0
300408001,0
300410000,0
300412000,0
300414000,0
300416000,0
300418000,0
300420000,0
300422000,0
300424000,0
300426000,0
300428000,0
300430000,0
300432001,0
300434001,0
300436001,0
300438000,0
300440000,0
300442000,0
300444000,0
300446000,0
300448000,0
300450000,0
300452000,0
300454000,0
300456000,0
300458000,0
300460000,0
300462000,0
300464000,0
300466001,0
300468001,0
300470001,0
300472001,0
300474001,0
300476001,0
300478001,0
300480001,0
300482001,0
300484001,0
300486001,0
300488001,0
300490000,0
300492000,0
300494000,0
300496000,0
300498000,0
300500001,0
300502000,0
300504000,0
300506001,0
300508001,0
300510000,0
300512000,0
300514001,0
300516001,0
300518001,0
300520001,0
300522000,0
300524001,0
300526001,0
300528000,0
300530001,0
300532001,0
300534001,0
300536001,0
300538001,0
300540001,0
300542001,0
300544001,0
300546001,0
300548001,0
300550000,0
300552000,0
300554000,0
300556000,0
300558000,0
300560000,0
300562000,0
300564000,0
300566001,0
300568000,0
300570000,0
300572000,0
300574000,0
300576000,0
300578000,0
300580000,0
300582000,0
300584000,0
300586000,0
300588000,0
300590000,0
300592000,0
300594000,0
300596000,0
300598000,0
300600000,0
300602000,0
300604000,0
300606000,0
300608000,0
300610000,0
300612000,0
300614001,0
300616000,0
300618000,0
300620000,0
300622000,0
300624000,0
300626000,0
300628000,0
300630000,0
300632000,0
300634000,0
300636000,0
300638000,0
300640001,0
300642000,0
300644000,0
300646000,0
300648000,0
300650000,0
300652000,0
300654000,0
300656000,0
300658000,0
300660000,0
300662000,0
300664000,0
300666000,0
300668000,0
300670000,0
300672000,0
300674000,0
300676000,0
300678000,0
300680000,0
300682001,0
300684001,0
300686001,0
300688001,0
300690001,0
300692000,0
300694000,0
300696001,0
300698001,0
300700001,0
300702001,0
300704001,0
300706000,0
300708000,0
300710000,0
300712000,0
300714000,0
300716000,0
300718001,0
300720001,0
300722001,0
300724001,0
300726000,0
300728000,0
300730000,0
300732000,0
300734000,0
300736000,0
300738000,0
300740000,0
300742000,0
300744000,0
300746000,0
300748000,0
300750000,0
300752000,0
300754000,0
300756000,0
300758000,0
300760000,0
300762000,0
300764000,0
300766000,0
300768000,0
300770000,0
300772001,0
300774001,0
300776001,0
300778001,0
300780001,0
300782001,0
300784001,0
300786000,0
300788000,0
300790000,0
300792000,0
300794000,0
300796000,0
300798000,0
300800000,0
300802001,0
300804001,0
300806001,0
300808000,0
300810000,0
300812000,0
300814000,0
300816000,0
300818000,0
300820000,0
300822001,0
300824001,0
300826001,0
300828001,0
300830000,0
300832001,0
300834001,0
300836001,0
300838001,0
300840001,0
300842000,0
300844001,0
300846001,0
300848000,0
300850000,0
300852001,0
300854001,0
300856001,0
300858001,0
300860001,0
300862001,0
300864001,0
300866001,0
300868000,0
300870000,0
300872000,0
300874000,0
300876000,0
300878000,0
300880000,0
300882000,0
300884000,0
300886000,0
300888000,0
300890001,0
300892001,0
300894001,0
300896001,0
300898001,0
300900001,0
300902001,0
300904001,0
300906001,0
300908000,0
300910001,0
300912001,0
300914000,0
300916001,0
300918001,0
300920001,0
300922001,0
300924001,0
300926001,0
300928000,0
300930000,0
300932000,0
300934000,0
300936001,0
300938000,0
300940001,0
300942001,0
300944000,0
300946000,0
300948000,0
300950000,0
300952001,0
300954000,0
300956000,0
300958001,0
300960000,0
300962000,0
300964000,0
300966000,0
300968000,0
300970000,0
300972000,0
300974001,0
300976000,0
300978000,0
300980000,0
300982000,0
300984000,0
300986000,0
300988000,0
300990000,0
300992000,0
300994000,0
300996000,0
300998000,0
301000000,0
301002000,0
301004000,0
301006001,0
301008001,0
301010001,0
301012001,0
301014000,0
301016000,0
301018000,0
301020000,0
301022000,0
301024000,0
301026001,0
301028001,0
301030001,0
301032001,0
301034001,0
301036001,0
301038001,0
301040001,0
301042001,0
301044000,0
301046000,0
301048000,0
301050000,0
301052000,0
301054000,0
301056000,0
301058000,0
301060000,0
301062000,0
301064000,0
301066000,0
301068000,0
301070000,0
301072000,0
301074000,0
301076000,0
301078000,0
301080000,0
301082000,0
301084000,0
301086000,0
301088000,0
301090000,0
301092000,0
301094000,0
301096000,0
301098000,0
301100000,0
301102000,0
301104000,0
301106000,0
301108000,0
301110000,0
301112000,0
301114001,0
301116001,0
301118001,0
301120000,0
301122001,0
301124001,0
301126001,0
301128001,0
301130000,0
301132000,0
301134000,0
301136000,0
301138000,0
301140000,0
301142000,0
301144000,0
301146000,0
301148001,0
301150001,0
301152001,0
301154001,0
301156000,0
301158000,0
301160001,0
301162000,0
301164000,0
301166000,0
301168000,0
301170000,0
301172000,0
301174000,0
301176001,0
301178001,0
301180001,0
301182000,0
301184000,0
301186000,0
301188000,0
301190000,0
301192000,0
301194000,0
301196000,0
301198000,0
301200000,0
301202001,0
301204000,0
301206000,0
301208000,0
301210001,0
301212000,0
301214000,0
301216000,0
301218000,0
301220000,0
301222001,0
301224001,0
301226001,0
301228000,0
301230000,0
301232000,0
301234001,0
301236001,0
301238001,0
301240001,0
301242000,0
301244000,0
301246000,0
301248000,0
301250000,0
301252000,0
301254000,0
301256000,0
301258000,0
301260000,0
301262000,0
301264000,0
301266000,0
301268000,0
301270001,0
301272001,0
301274000,0
301276000,0
301278000,0
301280000,0
301282001,0
301284000,0
301286001,0
301288001,0
301290000,0
301292000,0
301294000,0
301296000,0
301298000,0
301300001,0
301302001,0
301304000,0
301306000,0
301308000,0
301310000,0
301312000,0
301314000,0
301316001,0
301318000,0
301320000,0
301322000,0
301324000,0
301326000,0
301328000,0
301330000,0
301332000,0
301334000,0
301336000,0
301338000,0
301340000,0
301342000,0
301344000,0
301346000,0
301348000,0
301350000,0
301352000,0
301354000,0
301356000,0
301358000,0
301360000,0
301362000,0
301364000,0
301366000,0
301368000,0
301370001,0
301372000,0
301374000,0
301376000,0
301378000,0
301380000,0
301382000,0
301384000,0
301386000,0
301388000,0
301390000,0
301392000,0
301394000,0
301396000,0
301398000,0
301400000,0
301402000,0
301404000,0
301406000,0
301408000,0
301410000,0
301412000,0
301414000,0
301416001,0
301418001,0
301420001,0
301422001,0
301424000,0
301426000,0
301428000,0
301430000,0
301432000,0
301434000,0
301436001,0
301438001,0
301440001,0
301442000,0
301444000,0
301446000,0
301448000,0
301450000,0
301452001,0
301454001,0
301456001,0
301458001,0
301460001,0
301462001,0
301464000,0
301466000,0
301468000,0
301470000,0
301472000,0
301474001,0
301476000,0
301478001,0
301480001,0
301482000,0
301484001,0
301486001,0
301488001,0
301490000,0
301492000,0
301494000,0
301496000,0
301498000,0
301500000,0
301502000,0
301504000,0
301506000,0
301508000,0
301510000,0
301512000,0
301514000,0
301516000,0
301518000,0
301520000,0
301522001,0
301524001,0
301526001,0
301528001,0
301530000,0
301532000,0
301534000,0
301536000,0
301538001,0
301540001,0
301542001,0
301544001,0
301546000,0
301548000,0
301550000,0
301552000,0
301554000,0
301556000,0
301558000,0
301560000,0
301562000,0
301564001,0
301566001,0
301568000,0
301570000,0
301572000,0
301574000,0
301576000,0
301578000,0
301580001,0
301582000,0
301584000,0
301586000,0
301588000,0
301590000,0
301592000,0
301594000,0
301596001,0
301598000,0
301600001,0
301602000,0
301604000,0
301606000,0
301608000,0
301610000,0
301612000,0
301614001,0
301616001,0
301618001,0
301620000,0
301622000,0
301624000,0
301626000,0
301628001,0
301630001,0
301632001,0
301634001,0
301636001,0
301638001,0
301640001,0
301642000,0
301644000,0
301646000,0
301648001,0
301650001,0
301652001,0
301654001,0
301656001,0
301658000,0
301660000,0
301662000,0
301664001,0
301666000,0
301668000,0
301670000,0
301672000,0
301674000,0
301676000,0
301678000,0
301680000,0
301682001,0
301684001,0
301686001,0
301688000,0
301690000,0
301692000,0
301694000,0
301696001,0
301698001,0
301700000,0
301702000,0
301704000,0
301706000,0
301708001,0
301710001,0
301712001,0
301714001,0
301716001,0
301718000,0
301720000,0
301722000,0
301724001,0
301726001,0
301728000,0
301730000,0
301732000,0
301734001,0
301736000,0
301738001,0
301740001,0
301742001,0
301744000,0
301746000,0
301748000,0
301750000,0
301752000,0
301754000,0
301756000,0
301758001,0
301760001,0
301762001,0
301764001,0
301766000,0
301768001,0
301770000,0
301772001,0
301774001,0
301776001,0
301778000,0
301780000,0
301782000,0
301784000,0
301786000,0
301788001,0
301790001,0
301792001,0
301794000,0
301796000,0
301798000,0
301800000,0
301802000,0
301804001,0
301806000,0
301808000,0
301810000,0
301812000,0
301814000,0
301816001,0
301818000,0
301820000,0
301822000,0
301824000,0
301826000,0
301828000,0
301830000,0
301832000,0
301834001,0
301836000,0
301838001,0
301840001,0
301842001,0
301844001,0
301846001,0
301848001,0
301850001,0
301852001,0
301854001,0
301856000,0
301858001,0
301860001,0
301862001,0
301864001,0
301866001,0
301868001,0
301870000,0
301872001,0
301874001,0
301876000,0
301878000,0
301880000,0
301882000,0
301884001,0
301886000,0
301888000,0
301890001,0
301892001,0
301894001,0
301896000,0
301898001,0
301900000,0
301902000,0
301904000,0
301906000,0
301908000,0
301910000,0
301912000,0
301914000,0
301916000,0
301918001,0
301920001,0
301922001,0
301924001,0
301926001,0
301928001,0
301930000,0
301932000,0
301934000,0
301936000,0
301938000,0
301940000,0
301942000,0
301944000,0
301946000,0
301948000,0
301950000,0
301952000,0
301954001,0
301956000,0
301958001,0
301960001,0
301962000,0
301964000,0
301966000,0
301968000,0
301970001,0
301972001,0
301974001,0
301976001,0
301978001,0
301980000,0
301982000,0
301984000,0
301986000,0
301988000,0
301990000,0
301992000,0
301994000,0
301996001,0
301998000,0
302000000,0
302002000,0
302004000,0
302006000,0
302008000,0
302010000,0
302012000,0
302014000,0
302016000,0
302018000,0
302020000,0
302022000,0
302024000,0
302026000,0
302028000,0
302030001,0
302032001,0
302034000,0
302036000,0
302038000,0
302040000,0
302042000,0
302044000,0
302046000,0
302048000,0
302050000,0
302052000,0
302054000,0
302056000,0
302058001,0
302060001,0
302062000,0
302064000,0
302066000,0
302068000,0
302070000,0
302072000,0
302074000,0
302076000,0
302078000,0
302080000,0
302082001,0
302084001,0
302086000,0
302088001,0
302090000,0
302092001,0
302094001,0
302096000,0
302098001,0
302100001,0
302102001,0
302104000,0
302106000,0
302108001,0
302110000,0
302112000,0
302114000,0
302116000,0
302118000,0
302120001,0
302122000,0
302124000,0
302126000,0
302128000,0
302130000,0
302132001,0
302134000,0
302136001,0
302138001,0
302140001,0
302142000,0
302144000,0
302146000,0
302148000,0
302150000,0
302152000,0
302154000,0
302156000,0
302158000,0
302160001,0
302162000,0
302164000,0
302166000,0
302168000,0
302170000,0
302172000,0
302174000,0
302176001,0
302178001,0
302180000,0
302182000,0
302184000,0
302186000,0
302188000,0
302190000,0
302192001,0
302194000,0
302196000,0
302198000,0
302200000,0
302202000,0
302204000,0
302206000,0
302208000,0
302210000,0
302212000,0
302214000,0
302216000,0
302218000,0
302220000,0
302222000,0
302224000,0
302226000,0
302228000,0
302230001,0
302232000,0
302234000,0
302236000,0
302238000,0
302240001,0
302242000,0
302244000,0
302246000,0
302248000,0
302250001,0
302252001,0
302254001,0
302256001,0
302258001,0
302260001,0
302262000,0
302264000,0
302266000,0
302268000,0
302270000,0
302272000,0
302274000,0
302276000,0
302278001,0
302280001,0
302282000,0
302284001,0
302286001,0
302288000,0
302290001,0
302292000,0
302294000,0
302296001,0
302298000,0
302300000,0
302302000,0
302304000,0
302306000,0
302308000,0
302310000,0
302312000,0
302314000,0
302316000,0
302318000,0
302320000,0
302322000,0
302324001,0
302326000,0
302328000,0
302330000,0
302332000,0
302334001,0
302336000,0
302338000,0
302340001,0
302342001,0
302344001,0
302346001,0
302348000,0
302350001,0
302352000,0
302354000,0
302356000,0
302358000,0
302360000,0
302362000,0
302364000,0
302366000,0
302368000,0
302370000,0
302372001,0
302374001,0
302376001,0
302378000,0
302380000,0
302382001,0
302384001,0
302386000,0
302388000,0
302390000,0
302392000,0
302394000,0
302396000,0
302398000,0
302400000,0
302402000,0
302404000,0
302406000,0
302408000,0
302410000,0
302412000,0
302414000,0
302416000,0
302418000,0
302420000,0
302422000,0
302424000,0
302426000,0
302428000,0
302430000,0
302432000,0
302434000,0
302436000,0
302438000,0
302440000,0
302442000,0
302444000,0
302446000,0
302448000,0
302450000,0
302452000,0
302454000,0
302456000,0
302458001,0
302460000,0
302462000,0
302464001,0
302466000,0
302468001,0
302470001,0
302472000,0
302474000,0
302476000,0
302478000,0
302480000,0
302482000,0
302484000,0
302486000,0
302488000,0
302490000,0
302492000,0
302494000,0
302496000,0
302498000,0
302500000,0
302502000,0
302504000,0
302506000,0
302508000,0
302510000,0
302512000,0
302514000,0
302516000,0
302518000,0
302520000,0
302522000,0
302524000,0
302526000,0
302528000,0
302530001,0
302532001,0
302534000,0
302536001,0
302538001,0
302540000,0
302542000,0
302544000,0
302546000,0
302548000,0
302550000,0
302552000,0
302554000,0
302556000,0
302558000,0
302560000,0
302562000,0
302564000,0
302566000,0
302568001,0
302570000,0
302572000,0
302574000,0
302576000,0
302578000,0
302580000,0
302582000,0
302584000,0
302586001,0
302588000,0
302590000,0
302592001,0
302594000,0
302596000,0
302598001,0
302600001,0
302602001,0
302604001,0
302606000,0
302608001,0
302610000,0
302612000,0
302614000,0
302616000,0
302618000,0
302620000,0
302622000,0
302624000,0
302626000,0
302628001,0
302630000,0
302632000,0
302634000,0
302636000,0
302638000,0
302640000,0
302642000,0
302644000,0
302646000,0
302648000,0
302650000,0
302652000,0
302654001,0
302656001,0
302658000,0
302660000,0
302662000,0
302664000,0
302666000,0
302668000,0
302670000,0
302672000,0
302674000,0
302676000,0
302678000,0
302680000,0
302682000,0
302684001,0
302686001,0
302688000,0
302690000,0
302692001,0
302694000,0
302696000,0
302698001,0
302700000,0
302702000,0
302704000,0
302706000,0
302708000,0
302710000,0
302712000,0
302714000,0
302716000,0
302718000,0
302720000,0
302722000,0
302724000,0
302726000,0
302728000,0
302730000,0
302732000,0
302734000,0
302736000,0
302738000,0
302740000,0
302742000,0
302744001,0
302746000,0
302748000,0
302750001,0
302752000,0
302754000,0
302756000,0
302758000,0
302760000,0
302762000,0
302764000,0
302766000,0
302768000,0
302770000,0
302772000,0
302774000,0
302776001,0
302778000,0
302780001,0
302782001,0
302784001,0
302786001,0
302788001,0
302790001,0
302792001,0
302794001,0
302796000,0
302798000,0
302800000,0
302802000,0
302804000,0
302806000,0
302808000,0
302810000,0
302812000,0
302814001,0
302816001,0
302818000,0
302820000,0
302822000,0
302824000,0
302826000,0
302828000,0
302830000,0
302832000,0
302834000,0
302836000,0
302838000,0
302840000,0
302842000,0
302844000,0
302846000,0
302848000,0
302850000,0
302852000,0
302854001,0
302856001,0
302858000,0
302860001,0
302862001,0
302864001,0
302866001,0
302868001,0
302870001,0
302872001,0
302874001,0
302876000,0
302878000,0
302880001,0
302882001,0
302884001,0
302886001,0
302888001,0
302890001,0
302892001,0
302894000,0
302896000,0
302898000,0
302900000,0
302902000,0
302904000,0
302906000,0
302908000,0
302910000,0
302912000,0
302914000,0
302916000,0
302918001,0
302920001,0
302922001,0
302924000,0
302926000,0
302928000,0
302930001,0
302932001,0
302934000,0
302936000,0
302938000,0
302940000,0
302942000,0
302944000,0
302946000,0
302948000,0
302950000,0
302952000,0
302954000,0
302956000,0
302958000,0
302960001,0
302962001,0
302964001,0
302966000,0
302968000,0
302970000,0
302972000,0
302974000,0
302976000,0
302978000,0
302980000,0
302982000,0
302984000,0
302986001,0
302988001,0
302990001,0
302992001,0
302994001,0
302996001,0
302998000,0
303000001,0
303002000,0
303004001,0
303006001,0
303008001,0
303010001,0
303012001,0
303014000,0
303016001,0
303018001,0
303020001,0
303022001,0
303024000,0
303026001,0
303028000,0
303030000,0
303032000,0
303034001,0
303036001,0
303038001,0
303040001,0
303042000,0
303044000,0
303046000,0
303048000,0
303050000,0
303052000,0
303054000,0
303056000,0
303058001,0
303060001,0
303062001,0
303064001,0
303066001,0
303068001,0
303070000,0
303072000,0
303074000,0
303076001,0
303078001,0
303080001,0
303082001,0
303084001,0
303086000,0
303088001,0
303090000,0
303092000,0
303094000,0
303096000,0
303098001,0
303100001,0
303102001,0
303104001,0
303106001,0
303108000,0
303110000,0
303112000,0
303114000,0
303116000,0
303118001,0
303120001,0
303122001,0
303124001,0
303126001,0
303128000,0
303130000,0
303132000,0
303134000,0
303136000,0
303138000,0
303140001,0
303142001,0
303144001,0
303146001,0
303148001,0
303150000,0
303152000,0
303154000,0
303156000,0
303158001,0
303160001,0
303162001,0
303164001,0
303166001,0
303168001,0
303170001,0
303172001,0
303174001,0
303176000,0
303178000,0
303180000,0
303182000,0
303184000,0
303186000,0
303188000,0
303190000,0
303192000,0
303194000,0
303196000,0
303198000,0
303200000,0
303202001,0
303204001,0
303206000,0
303208000,0
303210001,0
303212000,0
303214001,0
303216000,0
303218000,0
303220000,0
303222000,0
303224000,0
303226000,0
303228000,0
303230000,0
303232000,0
303234000,0
303236000,0
303238000,0
303240000,0
303242000,0
303244001,0
303246001,0
303248000,0
303250000,0
303252000,0
303254000,0
303256000,0
303258000,0
303260000,0
303262000,0
303264000,0
303266000,0
303268000,0
303270000,0
303272000,0
303274001,0
303276000,0
303278000,0
303280000,0
303282000,0
303284000,0
303286000,0
303288000,0
303290000,0
303292000,0
303294000,0
303296000,0
303298000,0
303300000,0
303302000,0
303304000,0
303306000,0
303308000,0
303310000,0
303312000,0
303314001,0
303316001,0
303318000,0
303320001,0
303322001,0
303324001,0
303326001,0
303328000,0
303330000,0
303332000,0
303334000,0
303336000,0
303338000,0
303340000,0
303342000,0
303344000,0
303346000,0
303348000,0
303350000,0
303352000,0
303354000,0
303356000,0
303358000,0
303360000,0
303362000,0
303364000,0
303366000,0
303368000,0
303370000,0
303372000,0
303374001,0
303376001,0
303378001,0
303380001,0
303382001,0
303384001,0
303386001,0
303388000,0
303390000,0
303392000,0
303394000,0
303396000,0
303398001,0
303400001,0
303402000,0
303404000,0
303406001,0
303408000,0
303410000,0
303412000,0
303414000,0
303416000,0
303418000,0
303420001,0
303422000,0
303424000,0
303426000,0
303428000,0
303430000,0
303432000,0
303434000,0
303436001,0
303438001,0
303440001,0
303442000,0
303444000,0
303446000,0
303448000,0
303450000,0
303452000,0
303454000,0
303456000,0
303458000,0
303460000,0
303462000,0
303464000,0
303466000,0
303468000,0
303470000,0
303472000,0
303474000,0
303476000,0
303478000,0
303480000,0
303482000,0
303484000,0
303486000,0
303488000,0
303490001,0
303492001,0
303494000,0
303496000,0
303498001,0
303500000,0
303502000,0
303504001,0
303506001,0
303508001,0
303510001,0
303512000,0
303514001,0
303516001,0
303518000,0
303520000,0
303522000,0
303524000,0
303526001,0
303528001,0
303530001,0
303532000,0
303534001,0
303536001,0
303538001,0
303540001,0
303542001,0
303544001,0
303546000,0
303548000,0
303550000,0
303552001,0
303554000,0
303556000,0
303558001,0
303560001,0
303562001,0
303564001,0
303566000,0
303568000,0
303570001,0
303572001,0
303574001,0
303576000,0
303578000,0
303580000,0
303582000,0
303584000,0
303586000,0
303588000,0
303590000,0
303592001,0
303594001,0
303596001,0
303598001,0
303600001,0
303602000,0
303604000,0
303606001,0
303608000,0
303610001,0
303612000,0
303614000,0
303616000,0
303618000,0
303620000,0
303622000,0
303624000,0
303626000,0
303628000,0
303630000,0
303632000,0
303634000,0
303636000,0
303638000,0
303640000,0
303642000,0
303644000,0
303646000,0
303648000,0
303650001,0
303652001,0
303654001,0
303656000,0
303658000,0
303660000,0
303662000,0
303664000,0
303666000,0
303668000,0
303670000,0
303672000,0
303674000,0
303676001,0
303678000,0
303680000,0
303682000,0
303684000,0
303686001,0
303688000,0
303690000,0
303692000,0
303694000,0
303696000,0
303698000,0
303700000,0
303702000,0
303704000,0
303706000,0
303708000,0
303710000,0
303712000,0
303714000,0
303716000,0
303718001,0
303720000,0
303722000,0
303724000,0
303726000,0
303728000,0
303730000,0
303732000,0
303734000,0
303736000,0
303738000,0
303740000,0
303742000,0
303744000,0
303746000,0
303748000,0
303750001,0
303752001,0
303754000,0
303756001,0
303758001,0
303760001,0
303762001,0
303764001,0
303766001,0
303768001,0
303770001,0
303772001,0
303774000,0
303776000,0
303778001,0
303780000,0
303782000,0
303784000,0
303786000,0
303788000,0
303790000,0
303792000,0
303794000,0
303796000,0
303798001,0
303800000,0
303802001,0
303804001,0
303806001,0
303808001,0
303810000,0
303812000,0
303814000,0
303816000,0
303818000,0
303820000,0
303822000,0
303824000,0
303826000,0
303828000,0
303830000,0
303832000,0
303834000,0
303836000,0
303838000,0
303840000,0
303842000,0
303844000,0
303846000,0
303848000,0
303850000,0
303852000,0
303854001,0
303856000,0
303858000,0
303860000,0
303862000,0
303864000,0
303866000,0
303868000,0
303870000,0
303872000,0
303874000,0
303876000,0
303878000,0
303880000,0
303882000,0
303884000,0
303886000,0
303888000,0
303890000,0
303892000,0
303894000,0
303896000,0
303898000,0
303900001,0
303902001,0
303904001,0
303906000,0
303908000,0
303910000,0
303912000,0
303914001,0
303916000,0
303918000,0
303920001,0
303922001,0
303924001,0
303926000,0
303928000,0
303930000,0
303932000,0
303934000,0
303936000,0
303938000,0
303940000,0
303942001,0
303944001,0
303946000,0
303948000,0
303950001,0
303952000,0
303954000,0
303956001,0
303958001,0
303960000,0
303962000,0
303964000,0
303966000,0
303968000,0
303970000,0
303972000,0
303974000,0
303976000,0
303978000,0
303980001,0
303982001,0
303984000,0
303986001,0
303988001,0
303990000,0
303992001,0
303994000,0
303996000,0
303998000,0
304000000,0
304002000,0
304004000,0
304006000,0
304008001,0
304010001,0
304012001,0
304014001,0
304016001,0
304018000,0
304020000,0
304022000,0
304024001,0
304026000,0
304028000,0
304030000,0
304032000,0
304034000,0
304036000,0
304038000,0
304040000,0
304042000,0
304044000,0
304046000,0
304048000,0
304050000,0
304052000,0
304054000,0
304056000,0
304058000,0
304060000,0
304062001,0
304064001,0
304066001,0
304068000,0
304070000,0
304072000,0
304074000,0
304076001,0
304078001,0
304080001,0
304082001,0
304084001,0
304086001,0
304088001,0
304090001,0
304092000,0
304094001,0
304096001,0
304098000,0
304100000,0
304102000,0
304104001,0
304106001,0
304108001,0
304110000,0
304112001,0
304114000,0
304116000,0
304118001,0
304120001,0
304122000,0
304124001,0
304126001,0
304128001,0
304130001,0
304132001,0
304134001,0
304136001,0
304138001,0
304140000,0
304142000,0
304144000,0
304146000,0
304148000,0
304150000,0
304152001,0
304154001,0
304156001,0
304158001,0
304160001,0
304162000,0
304164000,0
304166000,0
304168000,0
304170000,0
304172000,0
304174000,0
304176000,0
304178000,0
304180000,0
304182000,0
304184000,0
304186000,0
304188000,0
304190000,0
304192000,0
304194000,0
304196000,0
304198000,0
304200000,0
304202000,0
304204001,0
304206001,0
304208001,0
304210000,0
304212000,0
304214001,0
304216001,0
304218001,0
304220001,0
304222001,0
304224001,0
304226001,0
304228000,0
304230000,0
304232000,0
304234000,0
304236000,0
304238000,0
304240000,0
304242000,0
304244000,0
304246001,0
304248001,0
304250001,0
304252001,0
304254001,0
304256001,0
304258000,0
304260000,0
304262000,0
304264001,0
304266001,0
304268001,0
304270001,0
304272001,0
304274000,0
304276000,0
304278000,0
304280000,0
304282000,0
304284001,0
304286001,0
304288001,0
304290001,0
304292000,0
304294001,0
304296001,0
304298001,0
304300001,0
304302000,0
304304001,0
304306001,0
304308000,0
304310000,0
304312000,0
304314000,0
304316000,0
304318000,0
304320000,0
304322000,0
304324000,0
304326000,0
304328000,0
304330000,0
304332000,0
304334001,0
304336001,0
304338001,0
304340001,0
304342001,0
304344001,0
304346000,0
304348001,0
304350001,0
304352001,0
304354001,0
304356000,0
304358000,0
304360000,0
304362000,0
304364000,0
304366001,0
304368000,0
304370000,0
304372001,0
304374001,0
304376001,0
304378001,0
304380001,0
304382000,0
304384001,0
304386000,0
304388000,0
304390001,0
304392001,0
304394001,0
304396001,0
304398001,0
304400001,0
304402001,0
304404001,0
304406001,0
304408001,0
304410001,0
304412000,0
304414001,0
304416000,0
304418000,0
304420000,0
304422000,0
304424000,0
304426000,0
304428000,0
304430000,0
304432001,0
304434001,0
304436000,0
304438000,0
304440000,0
304442000,0
304444000,0
304446001,0
304448001,0
304450000,0
304452000,0
304454000,0
304456000,0
304458000,0
304460000,0
304462000,0
304464000,0
304466000,0
304468000,0
304470000,0
304472000,0
304474000,0
304476000,0
304478000,0
304480000,0
304482001,0
304484001,0
304486001,0
304488000,0
304490000,0
304492000,0
304494000,0
304496000,0
304498000,0
304500000,0
304502000,0
304504000,0
304506000,0
304508000,0
304510001,0
304512000,0
304514001,0
304516001,0
304518001,0
304520000,0
304522000,0
304524000,0
304526000,0
304528000,0
304530001,0
304532001,0
304534001,0
304536001,0
304538001,0
304540000,0
304542001,0
304544001,0
304546001,0
304548001,0
304550001,0
304552001,0
304554001,0
304556001,0
304558001,0
304560000,0
304562001,0
304564001,0
304566001,0
304568001,0
304570001,0
304572001,0
304574001,0
304576001,0
304578001,0
304580001,0
304582000,0
304584000,0
304586000,0
304588001,0
304590001,0
304592000,0
304594000,0
304596000,0
304598001,0
304600001,0
304602000,0
304604000,0
304606000,0
304608000,0
304610000,0
304612000,0
304614000,0
304616000,0
304618000,0
304620001,0
304622001,0
304624001,0
304626000,0
304628001,0
304630000,0
304632000,0
304634000,0
304636000,0
304638000,0
304640000,0
304642000,0
304644000,0
304646000,0
304648000,0
304650000,0
304652000,0
304654000,0
304656000,0
304658000,0
304660000,0
304662001,0
304664000,0
304666001,0
304668001,0
304670001,0
304672001,0
304674001,0
304676001,0
304678001,0
304680000,0
304682001,0
304684001,0
304686001,0
304688001,0
304690000,0
304692000,0
304694000,0
304696000,0
304698001,0
304700000,0
304702000,0
304704000,0
304706000,0
304708000,0
304710000,0
304712000,0
304714000,0
304716000,0
304718000,0
304720000,0
304722000,0
304724000,0
304726000,0
304728000,0
304730000,0
304732000,0
304734000,0
304736000,0
304738000,0
304740000,0
304742000,0
304744001,0
304746001,0
304748000,0
304750000,0
304752000,0
304754000,0
304756001,0
304758000,0
304760000,0
304762001,0
304764000,0
304766000,0
304768000,0
304770000,0
304772000,0
304774000,0
304776000,0
304778000,0
304780000,0
304782000,0
304784000,0
304786000,0
304788000,0
304790000,0
304792000,0
304794000,0
304796000,0
304798000,0
304800000,0
304802000,0
304804000,0
304806000,0
304808000,0
304810000,0
304812000,0
304814000,0
304816000,0
304818000,0
304820000,0
304822000,0
304824000,0
304826000,0
304828000,0
304830000,0
304832001,0
304834001,0
304836000,0
304838001,0
304840001,0
304842001,0
304844001,0
304846001,0
304848001,0
304850000,0
304852000,0
304854000,0
304856000,0
304858000,0
304860000,0
304862001,0
304864001,0
304866001,0
304868000,0
304870001,0
304872001,0
304874001,0
304876001,0
304878000,0
304880000,0
304882001,0
304884000,0
304886000,0
304888000,0
304890000,0
304892001,0
304894001,0
304896001,0
304898000,0
304900001,0
304902001,0
304904001,0
304906001,0
304908001,0
304910001,0
304912001,0
304914001,0
304916001,0
304918001,0
304920000,0
304922000,0
304924000,0
304926001,0
304928000,0
304930000,0
304932000,0
304934000,0
304936000,0
304938000,0
304940000,0
304942000,0
304944000,0
304946000,0
304948000,0
304950000,0
304952000,0
304954001,0
304956001,0
304958001,0
304960001,0
304962001,0
304964001,0
304966001,0
304968000,0
304970000,0
304972000,0
304974000,0
304976000,0
304978000,0
304980001,0
304982001,0
304984001,0
304986001,0
304988001,0
304990001,0
304992001,0
304994001,0
304996000,0
304998000,0
305000000,0
305002000,0
305004000,0
305006001,0
305008000,0
305010000,0
305012000,0
305014001,0
305016000,0
305018000,0
305020001,0
305022001,0
305024001,0
305026001,0
305028001,0
305030001,0
305032001,0
305034000,0
305036000,0
305038000,0
305040000,0
305042001,0
305044000,0
305046001,0
305048001,0
305050001,0
305052001,0
305054001,0
305056001,0
305058000,0
305060000,0
305062000,0
305064000,0
305066000,0
305068000,0
305070000,0
305072000,0
305074000,0
305076000,0
305078000,0
305080000,0
305082000,0
305084000,0
305086000,0
305088000,0
305090000,0
305092000,0
305094000,0
305096000,0
305098000,0
305100001,0
305102000,0
305104000,0
305106000,0
305108000,0
305110000,0
305112000,0
305114000,0
305116001,0
305118001,0
305120001,0
305122001,0
305124000,0
305126001,0
305128001,0
305130000,0
305132000,0
305134001,0
305136001,0
305138001,0
305140001,0
305142001,0
305144001,0
305146001,0
305148001,0
305150001,0
305152000,0
305154001,0
305156001,0
305158000,0
305160001,0
305162001,0
305164001,0
305166001,0
305168000,0
305170001,0
305172001,0
305174000,0
305176001,0
305178001,0
305180001,0
305182001,0
305184001,0
305186001,0
305188000,0
305190000,0
305192000,0
305194000,0
305196001,0
305198000,0
305200001,0
305202001,0
305204001,0
305206000,0
305208001,0
305210001,0
305212001,0
305214000,0
305216001,0
305218001,0
305220000,0
305222001,0
305224001,0
305226001,0
305228001,0
305230001,0
305232001,0
305234001,0
305236001,0
305238001,0
305240000,0
305242000,0
305244000,0
305246000,0
305248000,0
305250000,0
305252000,0
305254000,0
305256001,0
305258000,0
305260000,0
305262001,0
305264000,0
305266000,0
305268000,0
305270000,0
305272000,0
305274000,0
305276000,0
305278000,0
305280000,0
305282000,0
305284000,0
305286000,0
305288000,0
305290000,0
305292000,0
305294000,0
305296000,0
305298000,0
305300001,0
305302000,0
305304000,0
305306000,0
305308000,0
305310000,0
305312000,0
305314000,0
305316000,0
305318000,0
305320000,0
305322000,0
305324000,0
305326000,0
305328000,0
305330000,0
305332000,0
305334000,0
305336001,0
305338001,0
305340000,0
305342000,0
305344001,0
305346001,0
305348000,0
305350000,0
305352000,0
305354000,0
305356000,0
305358000,0
305360000,0
305362000,0
305364000,0
305366000,0
305368000,0
305370000,0
305372000,0
305374001,0
305376001,0
305378001,0
305380001,0
305382000,0
305384000,0
305386000,0
305388000,0
305390001,0
305392001,0
305394000,0
305396001,0
305398000,0
305400000,0
305402000,0
305404000,0
305406000,0
305408000,0
305410001,0
305412001,0
305414000,0
305416000,0
305418000,0
305420000,0
305422000,0
305424000,0
305426000,0
305428001,0
305430000,0
305432000,0
305434001,0
305436001,0
305438000,0
305440000,0
305442000,0
305444000,0
305446000,0
305448001,0
305450000,0
305452000,0
305454001,0
305456001,0
305458001,0
305460001,0
305462001,0
305464001,0
305466000,0
305468000,0
305470000,0
305472000,0
305474000,0
305476000,0
305478000,0
305480000,0
305482000,0
305484000,0
305486000,0
305488000,0
305490000,0
305492000,0
305494000,0
305496000,0
305498000,0
305500000,0
305502000,0
305504000,0
305506000,0
305508000,0
305510000,0
305512000,0
305514000,0
305516000,0
305518000,0
305520001,0
305522001,0
305524001,0
305526001,0
305528001,0
305530001,0
305532000,0
305534000,0
305536000,0
305538001,0
305540001,0
305542000,0
305544001,0
305546001,0
305548001,0
305550001,0
305552001,0
305554001,0
305556001,0
305558000,0
305560000,0
305562000,0
305564000,0
305566000,0
305568000,0
305570000,0
305572000,0
305574000,0
305576000,0
305578000,0
305580000,0
305582000,0
305584000,0
305586000,0
305588000,0
305590000,0
305592000,0
305594000,0
305596000,0
305598000,0
305600000,0
305602000,0
305604000,0
305606001,0
305608001,0
305610001,0
305612000,0
305614001,0
305616001,0
305618001,0
305620000,0
305622000,0
305624001,0
305626000,0
305628000,0
305630000,0
305632000,0
305634000,0
305636000,0
305638000,0
305640000,0
305642000,0
305644000,0
305646000,0
305648000,0
305650000,0
305652000,0
305654000,0
305656000,0
305658000,0
305660000,0
305662000,0
305664000,0
305666001,0
305668001,0
305670001,0
305672000,0
305674000,0
305676001,0
305678001,0
305680000,0
305682000,0
305684000,0
305686000,0
305688000,0
305690000,0
305692000,0
305694000,0
305696000,0
305698000,0
305700000,0
305702001,0
305704000,0
305706000,0
305708000,0
305710000,0
305712001,0
305714000,0
305716001,0
305718000,0
305720000,0
305722001,0
305724001,0
305726000,0
305728000,0
305730000,0
305732000,0
305734001,0
305736001,0
305738000,0
305740000,0
305742001,0
305744001,0
305746000,0
305748000,0
305750000,0
305752000,0
305754000,0
305756000,0
305758000,0
305760000,0
305762000,0
305764000,0
305766000,0
305768000,0
305770000,0
305772000,0
305774000,0
305776000,0
305778000,0
305780000,0
305782000,0
305784000,0
305786000,0
305788000,0
305790000,0
305792000,0
305794000,0
305796000,0
305798000,0
305800000,0
305802000,0
305804000,0
305806001,0
305808001,0
305810001,0
305812001,0
305814001,0
305816000,0
305818000,0
305820000,0
305822000,0
305824000,0
305826001,0
305828001,0
305830001,0
305832001,0
305834000,0
305836000,0
305838000,0
305840000,0
305842000,0
305844000,0
305846000,0
305848000,0
305850000,0
305852000,0
305854000,0
305856000,0
305858001,0
305860001,0
305862001,0
305864001,0
305866000,0
305868000,0
305870000,0
305872000,0
305874000,0
305876000,0
305878000,0
305880000,0
305882000,0
305884000,0
305886000,0
305888000,0
305890000,0
305892000,0
305894000,0
305896001,0
305898000,0
305900001,0
305902000,0
305904000,0
305906001,0
305908001,0
305910000,0
305912000,0
305914000,0
305916001,0
305918001,0
305920001,0
305922000,0
305924000,0
305926000,0
305928000,0
305930000,0
305932001,0
305934000,0
305936000,0
305938001,0
305940001,0
305942001,0
305944000,0
305946000,0
305948001,0
305950000,0
305952001,0
305954001,0
305956000,0
305958000,0
305960000,0
305962000,0
305964000,0
305966000,0
305968000,0
305970000,0
305972000,0
305974000,0
305976000,0
305978000,0
305980000,0
305982000,0
305984000,0
305986000,0
305988000,0
305990000,0
305992000,0
305994000,0
305996001,0
305998001,0
306000000,0
306002000,0
306004000,0
306006000,0
306008000,0
306010000,0
306012000,0
306014000,0
306016000,0
306018000,0
306020000,0
306022000,0
306024000,0
306026000,0
306028000,0
306030000,0
306032000,0
306034000,0
306036000,0
306038000,0
306040000,0
306042000,0
306044000,0
306046000,0
306048000,0
306050000,0
306052000,0
306054001,0
306056001,0
306058000,0
306060000,0
306062000,0
306064000,0
306066001,0
306068001,0
306070000,0
306072001,0
306074001,0
306076001,0
306078001,0
306080001,0
306082000,0
306084000,0
306086000,0
306088000,0
306090000,0
306092000,0
306094000,0
306096000,0
306098000,0
306100000,0
306102000,0
306104000,0
306106000,0
306108000,0
306110001,0
306112000,0
306114000,0
306116000,0
306118000,0
306120000,0
306122000,0
306124000,0
306126000,0
306128000,0
306130000,0
306132000,0
306134000,0
306136000,0
306138000,0
306140000,0
306142000,0
306144001,0
306146001,0
306148000,0
306150001,0
306152001,0
306154001,0
306156001,0
306158001,0
306160001,0
306162001,0
306164000,0
306166000,0
306168000,0
306170000,0
306172000,0
306174000,0
306176000,0
306178000,0
306180000,0
306182000,0
306184000,0
306186000,0
306188000,0
306190000,0
306192001,0
306194000,0
306196001,0
306198000,0
306200000,0
306202000,0
306204000,0
306206000,0
306208000,0
306210000,0
306212000,0
306214000,0
306216000,0
306218000,0
306220001,0
306222001,0
306224000,0
306226000,0
306228000,0
306230001,0
306232001,0
306234001,0
306236000,0
306238000,0
306240000,0
306242000,0
306244000,0
306246000,0
306248000,0
306250000,0
306252000,0
306254000,0
306256000,0
306258000,0
306260000,0
306262000,0
306264000,0
306266001,0
306268001,0
306270001,0
306272001,0
306274001,0
306276000,0
306278001,0
306280000,0
306282000,0
306284001,0
306286001,0
306288001,0
306290001,0
306292000,0
306294001,0
306296001,0
306298001,0
306300000,0
306302000,0
306304000,0
306306000,0
306308000,0
306310001,0
306312001,0
306314001,0
306316001,0
306318000,0
306320000,0
306322000,0
306324001,0
306326000,0
306328001,0
306330000,0
306332000,0
306334000,0
306336000,0
306338000,0
306340001,0
306342001,0
306344001,0
306346001,0
306348001,0
306350001,0
306352001,0
306354001,0
306356001,0
306358000,0
306360000,0
306362000,0
306364001,0
306366001,0
306368001,0
306370001,0
306372001,0
306374001,0
306376001,0
306378000,0
306380000,0
306382000,0
306384001,0
306386001,0
306388001,0
306390001,0
306392001,0
306394001,0
306396001,0
306398001,0
306400001,0
306402001,0
306404001,0
306406001,0
306408001,0
306410000,0
306412000,0
306414000,0
306416000,0
306418000,0
306420000,0
306422000,0
306424000,0
306426000,0
306428000,0
306430000,0
306432000,0
306434000,0
306436000,0
306438001,0
306440001,0
306442001,0
306444000,0
306446000,0
306448000,0
306450001,0
306452001,0
306454000,0
306456001,0
306458001,0
306460001,0
306462001,0
306464001,0
306466000,0
306468000,0
306470001,0
306472001,0
306474001,0
306476000,0
306478000,0
306480000,0
306482001,0
306484000,0
306486000,0
306488001,0
306490001,0
306492000,0
306494000,0
306496000,0
306498000,0
306500000,0
306502000,0
306504000,0
306506000,0
306508000,0
306510000,0
306512000,0
306514000,0
306516000,0
306518000,0
306520000,0
306522001,0
306524001,0
306526000,0
306528000,0
306530001,0
306532001,0
306534000,0
306536000,0
306538000,0
306540000,0
306542000,0
306544000,0
306546001,0
306548001,0
306550001,0
306552001,0
306554000,0
306556000,0
306558000,0
306560000,0
306562000,0
306564000,0
306566000,0
306568000,0
306570001,0
306572001,0
306574000,0
306576000,0
306578001,0
306580001,0
306582001,0
306584000,0
306586000,0
306588001,0
306590001,0
306592000,0
306594001,0
306596001,0
306598001,0
306600001,0
306602001,0
306604000,0
306606000,0
306608000,0
306610000,0
306612000,0
306614000,0
306616000,0
306618000,0
306620000,0
306622000,0
306624000,0
306626000,0
306628000,0
306630000,0
306632000,0
306634000,0
306636000,0
306638000,0
306640000,0
306642000,0
306644000,0
306646000,0
306648000,0
306650000,0
306652000,0
306654000,0
306656000,0
306658000,0
306660000,0
306662000,0
306664001,0
306666001,0
306668001,0
306670001,0
306672001,0
306674001,0
306676001,0
306678001,0
306680000,0
306682000,0
306684001,0
306686001,0
306688001,0
306690001,0
306692001,0
306694001,0
306696000,0
306698000,0
306700000,0
306702000,0
306704001,0
306706000,0
306708000,0
306710000,0
306712000,0
306714001,0
306716001,0
306718001,0
306720000,0
306722000,0
306724000,0
306726000,0
306728000,0
306730000,0
306732000,0
306734000,0
306736000,0
306738000,0
306740000,0
306742000,0
306744000,0
306746000,0
306748000,0
306750000,0
306752001,0
306754000,0
306756000,0
306758000,0
306760000,0
306762000,0
306764000,0
306766000,0
306768000,0
306770000,0
306772000,0
306774001,0
306776000,0
306778001,0
306780001,0
306782000,0
306784000,0
306786000,0
306788000,0
306790000,0
306792000,0
306794001,0
306796000,0
306798000,0
306800000,0
306802001,0
306804000,0
306806000,0
306808000,0
306810000,0
306812000,0
306814000,0
306816000,0
306818000,0
306820000,0
306822000,0
306824000,0
306826000,0
306828000,0
306830000,0
306832000,0
306834000,0
306836000,0
306838001,0
306840001,0
306842001,0
306844001,0
306846001,0
306848001,0
306850001,0
306852001,0
306854001,0
306856001,0
306858001,0
306860001,0
306862000,0
306864000,0
306866000,0
306868000,0
306870000,0
306872000,0
306874001,0
306876001,0
306878001,0
306880001,0
306882001,0
306884001,0
306886001,0
306888000,0
306890001,0
306892000,0
306894000,0
306896000,0
306898001,0
306900001,0
306902001,0
306904001,0
306906000,0
306908001,0
306910001,0
306912001,0
306914000,0
306916000,0
306918001,0
306920001,0
306922001,0
306924001,0
306926000,0
306928000,0
306930000,0
306932000,0
306934000,0
306936000,0
306938000,0
306940001,0
306942000,0
306944000,0
306946000,0
306948000,0
306950000,0
306952000,0
306954000,0
306956000,0
306958000,0
306960000,0
306962000,0
306964000,0
306966000,0
306968000,0
306970000,0
306972000,0
306974000,0
306976000,0
306978000,0
306980000,0
306982000,0
306984001,0
306986000,0
306988000,0
306990001,0
306992000,0
306994001,0
306996001,0
306998001,0
307000000,0
307002000,0
307004000,0
307006000,0
307008000,0
307010000,0
307012000,0
307014000,0
307016000,0
307018000,0
307020000,0
307022000,0
307024001,0
307026001,0
307028001,0
307030001,0
307032001,0
307034001,0
307036001,0
307038001,0
307040001,0
307042000,0
307044000,0
307046000,0
307048001,0
307050000,0
307052000,0
307054000,0
307056000,0
307058000,0
307060000,0
307062001,0
307064001,0
307066001,0
307068001,0
307070001,0
307072001,0
307074001,0
307076001,0
307078000,0
307080000,0
307082001,0
307084001,0
307086000,0
307088000,0
307090000,0
307092000,0
307094000,0
307096000,0
307098000,0
307100000,0
307102000,0
307104000,0
307106000,0
307108000,0
307110000,0
307112000,0
307114000,0
307116000,0
307118001,0
307120001,0
307122001,0
307124000,0
307126001,0
307128001,0
307130001,0
307132001,0
307134001,0
307136001,0
307138001,0
307140001,0
307142001,0
307144001,0
307146001,0
307148001,0
307150001,0
307152001,0
307154000,0
307156000,0
307158000,0
307160000,0
307162000,0
307164000,0
307166000,0
307168000,0
307170000,0
307172000,0
307174000,0
307176000,0
307178000,0
307180000,0
307182000,0
307184000,0
307186001,0
307188001,0
307190001,0
307192001,0
307194001,0
307196001,0
307198001,0
307200000,0
307202000,0
307204000,0
307206000,0
307208000,0
307210000,0
307212000,0
307214000,0
307216000,0
307218000,0
307220000,0
307222000,0
307224000,0
307226000,0
307228000,0
307230000,0
307232000,0
307234000,0
307236000,0
307238001,0
307240000,0
307242000,0
307244001,0
307246001,0
307248000,0
307250001,0
307252001,0
307254001,0
307256001,0
307258000,0
307260000,0
307262000,0
307264000,0
307266000,0
307268000,0
307270000,0
307272000,0
307274001,0
307276001,0
307278001,0
307280001,0
307282001,0
307284001,0
307286001,0
307288001,0
307290001,0
307292001,0
307294001,0
307296000,0
307298001,0
307300001,0
307302001,0
307304001,0
307306001,0
307308001,0
307310001,0
307312000,0
307314000,0
307316000,0
307318000,0
307320000,0
307322000,0
307324000,0
307326000,0
307328000,0
307330000,0
307332000,0
307334000,0
307336000,0
307338000,0
307340000,0
307342000,0
307344000,0
307346000,0
307348000,0
307350000,0
307352001,0
307354001,0
307356000,0
307358000,0
307360000,0
307362000,0
307364000,0
307366000,0
307368000,0
307370000,0
307372000,0
307374000,0
307376000,0
307378000,0
307380000,0
307382000,0
307384000,0
307386000,0
307388000,0
307390000,0
307392001,0
307394001,0
307396001,0
307398001,0
307400001,0
307402000,0
307404000,0
307406001,0
307408000,0
307410001,0
307412000,0
307414000,0
307416001,0
307418001,0
307420001,0
307422000,0
307424000,0
307426001,0
307428001,0
307430001,0
307432000,0
307434001,0
307436001,0
307438000,0
307440001,0
307442001,0
307444001,0
307446000,0
307448000,0
307450000,0
307452001,0
307454001,0
307456001,0
307458001,0
307460001,0
307462001,0
307464001,0
307466000,0
307468001,0
307470001,0
307472001,0
307474001,0
307476000,0
307478000,0
307480000,0
307482000,0
307484000,0
307486000,0
307488000,0
307490000,0
307492001,0
307494001,0
307496001,0
307498001,0
307500001,0
307502001,0
307504001,0
307506000,0
307508000,0
307510000,0
307512000,0
307514000,0
307516000,0
307518000,0
307520000,0
307522000,0
307524000,0
307526000,0
307528000,0
307530000,0
307532000,0
307534001,0
307536001,0
307538001,0
307540001,0
307542001,0
307544001,0
307546001,0
307548001,0
307550001,0
307552001,0
307554001,0
307556000,0
307558001,0
307560001,0
307562001,0
307564001,0
307566001,0
307568000,0
307570001,0
307572001,0
307574001,0
307576001,0
307578000,0
307580001,0
307582001,0
307584001,0
307586000,0
307588000,0
307590000,0
307592000,0
307594000,0
307596000,0
307598000,0
307600000,0
307602000,0
307604000,0
307606000,0
307608000,0
307610000,0
307612000,0
307614000,0
307616000,0
307618000,0
307620000,0
307622000,0
307624000,0
307626000,0
307628000,0
307630000,0
307632000,0
307634000,0
307636000,0
307638001,0
307640001,0
307642001,0
307644000,0
307646000,0
307648000,0
307650001,0
307652001,0
307654001,0
307656000,0
307658001,0
307660001,0
307662001,0
307664000,0
307666000,0
307668001,0
307670001,0
307672001,0
307674001,0
307676000,0
307678000,0
307680000,0
307682000,0
307684000,0
307686000,0
307688000,0
307690000,0
307692000,0
307694000,0
307696000,0
307698000,0
307700000,0
307702000,0
307704000,0
307706000,0
307708000,0
307710000,0
307712000,0
307714000,0
307716000,0
307718000,0
307720000,0
307722000,0
307724000,0
307726001,0
307728000,0
307730001,0
307732001,0
307734000,0
307736001,0
307738001,0
307740000,0
307742000,0
307744001,0
307746001,0
307748001,0
307750001,0
307752000,0
307754000,0
307756001,0
307758001,0
307760001,0
307762001,0
307764001,0
307766000,0
307768000,0
307770000,0
307772000,0
307774000,0
307776000,0
307778000,0
307780000,0
307782000,0
307784000,0
307786000,0
307788000,0
307790000,0
307792000,0
307794000,0
307796000,0
307798000,0
307800000,0
307802000,0
307804000,0
307806000,0
307808000,0
307810001,0
307812001,0
307814001,0
307816001,0
307818001,0
307820000,0
307822001,0
307824000,0
307826001,0
307828001,0
307830001,0
307832001,0
307834001,0
307836001,0
307838001,0
307840001,0
307842000,0
307844000,0
307846000,0
307848000,0
307850000,0
307852001,0
307854000,0
307856000,0
307858001,0
307860000,0
307862001,0
307864001,0
307866001,0
307868000,0
307870000,0
307872000,0
307874000,0
307876000,0
307878000,0
307880000,0
307882000,0
307884000,0
307886000,0
307888000,0
307890000,0
307892000,0
307894000,0
307896000,0
307898001,0
307900000,0
307902000,0
307904000,0
307906000,0
307908000,0
307910000,0
307912000,0
307914000,0
307916001,0
307918001,0
307920001,0
307922001,0
307924000,0
307926001,0
307928000,0
307930000,0
307932001,0
307934000,0
307936000,0
307938000,0
307940000,0
307942000,0
307944000,0
307946000,0
307948000,0
307950000,0
307952000,0
307954000,0
307956000,0
307958000,0
307960000,0
307962000,0
307964000,0
307966000,0
307968000,0
307970000,0
307972000,0
307974000,0
307976000,0
307978000,0
307980000,0
307982000,0
307984001,0
307986001,0
307988001,0
307990000,0
307992000,0
307994000,0
307996000,0
307998000,0
308000000,0
308002000,0
308004000,0
308006000,0
308008000,0
308010000,0
308012000,0
308014000,0
308016000,0
308018000,0
308020000,0
308022000,0
308024000,0
308026000,0
308028000,0
308030000,0
308032000,0
308034000,0
308036000,0
308038000,0
308040000,0
308042000,0
308044000,0
308046000,0
308048000,0
308050000,0
308052000,0
308054000,0
308056001,0
308058000,0
308060000,0
308062000,0
308064000,0
308066000,0
308068000,0
308070000,0
308072000,0
308074000,0
308076000,0
308078000,0
308080000,0
308082000,0
308084000,0
308086000,0
308088000,0
308090000,0
308092000,0
308094000,0
308096000,0
308098000,0
308100001,0
308102001,0
308104001,0
308106001,0
308108001,0
308110001,0
308112001,0
308114001,0
308116000,0
308118000,0
308120001,0
308122001,0
308124001,0
308126001,0
308128000,0
308130001,0
308132001,0
308134001,0
308136001,0
308138001,0
308140001,0
308142001,0
308144000,0
308146000,0
308148000,0
308150000,0
308152000,0
308154000,0
308156000,0
308158000,0
308160000,0
308162000,0
308164000,0
308166000,0
308168000,0
308170000,0
308172000,0
308174000,0
308176000,0
308178000,0
308180000,0
308182000,0
308184000,0
308186000,0
308188000,0
308190000,0
308192000,0
308194000,0
308196000,0
308198000,0
308200000,0
308202000,0
308204000,0
308206000,0
308208000,0
308210000,0
308212000,0
308214000,0
308216000,0
308218000,0
308220000,0
308222000,0
308224000,0
308226000,0
308228001,0
308230001,0
308232001,0
308234000,0
308236000,0
308238000,0
308240000,0
308242000,0
308244001,0
308246000,0
308248001,0
308250000,0
308252000,0
308254000,0
308256000,0
308258000,0
308260000,0
308262000,0
308264000,0
308266000,0
308268000,0
308270000,0
308272000,0
308274000,0
308276000,0
308278000,0
308280000,0
308282000,0
308284001,0
308286001,0
308288000,0
308290001,0
308292001,0
308294000,0
308296001,0
308298001,0
308300000,0
308302001,0
308304000,0
308306000,0
308308000,0
308310000,0
308312000,0
308314001,0
308316000,0
308318000,0
308320001,0
308322001,0
308324000,0
308326000,0
308328000,0
308330000,0
308332000,0
308334000,0
308336000,0
308338000,0
308340000,0
308342000,0
308344000,0
308346000,0
308348000,0
308350000,0
308352000,0
308354000,0
308356000,0
308358000,0
308360000,0
308362001,0
308364001,0
308366001,0
308368001,0
308370001,0
308372001,0
308374000,0
308376000,0
308378000,0
308380000,0
308382000,0
308384000,0
308386000,0
308388000,0
308390000,0
308392000,0
308394000,0
308396000,0
308398000,0
308400000,0
308402000,0
308404000,0
308406000,0
308408000,0
308410000,0
308412000,0
308414000,0
308416000,0
308418000,0
308420000,0
308422000,0
308424000,0
308426001,0
308428000,0
308430000,0
308432000,0
308434000,0
308436000,0
308438000,0
308440000,0
308442000,0
308444000,0
308446001,0
308448001,0
308450000,0
308452000,0
308454000,0
308456000,0
308458000,0
308460000,0
308462000,0
308464000,0
308466000,0
308468000,0
308470000,0
308472000,0
308474000,0
308476000,0
308478000,0
308480000,0
308482001,0
308484001,0
308486000,0
308488000,0
308490000,0
308492000,0
308494000,0
308496000,0
308498001,0
308500001,0
308502001,0
308504001,0
308506000,0
308508000,0
308510000,0
308512000,0
308514000,0
308516000,0
308518000,0
308520001,0
308522000,0
308524001,0
308526001,0
308528000,0
308530001,0
308532001,0
308534000,0
308536001,0
308538000,0
308540000,0
308542000,0
308544000,0
308546000,0
308548000,0
308550000,0
308552000,0
308554000,0
308556000,0
308558000,0
308560000,0
308562000,0
308564000,0
308566000,0
308568001,0
308570000,0
308572001,0
308574000,0
308576000,0
308578000,0
308580000,0
308582000,0
308584000,0
308586000,0
308588000,0
308590000,0
308592000,0
308594001,0
308596001,0
308598001,0
308600000,0
308602000,0
308604000,0
308606000,0
308608000,0
308610000,0
308612000,0
308614000,0
308616000,0
308618001,0
308620001,0
308622001,0
308624001,0
308626001,0
308628001,0
308630000,0
308632001,0
308634000,0
308636000,0
308638001,0
308640000,0
308642000,0
308644000,0
308646001,0
308648001,0
308650001,0
308652001,0
308654000,0
308656000,0
308658000,0
308660000,0
308662000,0
308664000,0
308666000,0
308668000,0
308670000,0
308672000,0
308674000,0
308676000,0
308678000,0
308680000,0
308682000,0
308684001,0
308686001,0
308688001,0
308690001,0
308692001,0
308694000,0
308696000,0
308698000,0
308700000,0
308702000,0
308704000,0
308706000,0
308708000,0
308710000,0
308712000,0
308714000,0
308716001,0
308718001,0
308720000,0
308722001,0
308724000,0
308726000,0
308728000,0
308730000,0
308732000,0
308734000,0
308736001,0
308738000,0
308740001,0
308742001,0
308744001,0
308746001,0
308748001,0
308750001,0
308752000,0
308754000,0
308756000,0
308758000,0
308760000,0
308762000,0
308764000,0
308766000,0
308768001,0
308770001,0
308772000,0
308774000,0
308776000,0
308778000,0
308780000,0
308782001,0
308784001,0
308786000,0
308788000,0
308790000,0
308792000,0
308794000,0
308796000,0
308798001,0
308800001,0
308802001,0
308804001,0
308806001,0
308808000,0
308810001,0
308812001,0
308814001,0
308816001,0
308818001,0
308820001,0
308822001,0
308824000,0
308826000,0
308828000,0
308830001,0
308832001,0
308834000,0
308836000,0
308838000,0
308840000,0
308842000,0
308844000,0
308846000,0
308848000,0
308850000,0
308852001,0
308854000,0
308856001,0
308858001,0
308860001,0
308862000,0
308864001,0
308866001,0
308868001,0
308870000,0
308872001,0
308874000,0
308876001,0
308878001,0
308880000,0
308882000,0
308884000,0
308886000,0
308888000,0
308890000,0
308892001,0
308894001,0
308896001,0
308898001,0
308900000,0
308902001,0
308904000,0
308906001,0
308908000,0
308910001,0
308912001,0
308914001,0
308916000,0
308918001,0
308920001,0
308922001,0
308924000,0
308926000,0
308928000,0
308930000,0
308932000,0
308934000,0
308936000,0
308938000,0
308940000,0
308942000,0
308944000,0
308946000,0
308948000,0
308950000,0
308952000,0
308954000,0
308956000,0
308958000,0
308960000,0
308962000,0
308964001,0
308966001,0
308968000,0
308970001,0
308972000,0
308974000,0
308976000,0
308978000,0
308980000,0
308982000,0
308984000,0
308986000,0
308988000,0
308990000,0
308992000,0
308994000,0
308996000,0
308998000,0
309000000,0
309002000,0
309004000,0
309006000,0
309008000,0
309010000,0
309012001,0
309014001,0
309016001,0
309018001,0
309020000,0
309022000,0
309024000,0
309026000,0
309028000,0
309030000,0
309032000,0
309034000,0
309036000,0
309038000,0
309040000,0
309042000,0
309044000,0
309046000,0
309048001,0
309050001,0
309052000,0
309054001,0
309056001,0
309058000,0
309060001,0
309062001,0
309064000,0
309066001,0
309068001,0
309070000,0
309072000,0
309074000,0
309076000,0
309078000,0
309080000,0
309082000,0
309084000,0
309086000,0
309088000,0
309090000,0
309092000,0
309094001,0
309096001,0
309098001,0
309100001,0
309102000,0
309104001,0
309106001,0
309108001,0
309110000,0
309112001,0
309114000,0
309116000,0
309118001,0
309120001,0
309122000,0
309124000,0
309126000,0
309128000,0
309130000,0
309132000,0
309134001,0
309136001,0
309138001,0
309140001,0
309142001,0
309144001,0
309146001,0
309148001,0
309150001,0
309152001,0
309154000,0
309156000,0
309158001,0
309160001,0
309162001,0
309164001,0
309166000,0
309168000,0
309170001,0
309172000,0
309174000,0
309176001,0
309178001,0
309180001,0
309182000,0
309184000,0
309186000,0
309188000,0
309190001,0
309192001,0
309194000,0
309196001,0
309198001,0
309200001,0
309202001,0
309204001,0
309206001,0
309208001,0
309210000,0
309212001,0
309214000,0
309216000,0
309218000,0
309220001,0
309222000,0
309224000,0
309226000,0
309228001,0
309230001,0
309232001,0
309234000,0
309236000,0
309238000,0
309240000,0
309242000,0
309244000,0
309246000,0
309248000,0
309250000,0
309252000,0
309254000,0
309256000,0
309258000,0
309260000,0
309262000,0
309264001,0
309266000,0
309268000,0
309270000,0
309272000,0
309274000,0
309276000,0
309278000,0
309280001,0
309282000,0
309284001,0
309286001,0
309288001,0
309290001,0
309292000,0
309294000,0
309296000,0
309298001,0
309300001,0
309302000,0
309304000,0
309306000,0
309308000,0
309310001,0
309312000,0
309314001,0
309316001,0
309318000,0
309320001,0
309322001,0
309324001,0
309326000,0
309328000,0
309330001,0
309332000,0
309334001,0
309336001,0
309338001,0
309340001,0
309342001,0
309344001,0
309346001,0
309348001,0
309350000,0
309352000,0
309354000,0
309356000,0
309358000,0
309360000,0
309362000,0
309364001,0
309366001,0
309368001,0
309370001,0
309372000,0
309374000,0
309376000,0
309378000,0
309380000,0
309382000,0
309384000,0
309386000,0
309388000,0
309390000,0
309392000,0
309394001,0
309396001,0
309398001,0
309400001,0
309402001,0
309404000,0
309406000,0
309408000,0
309410000,0
309412000,0
309414000,0
309416000,0
309418000,0
309420001,0
309422000,0
309424000,0
309426000,0
309428000,0
309430000,0
309432000,0
309434000,0
309436000,0
309438000,0
309440000,0
309442000,0
309444000,0
309446001,0
309448000,0
309450000,0
309452000,0
309454000,0
309456000,0
309458000,0
309460000,0
309462000,0
309464000,0
309466000,0
309468000,0
309470000,0
309472000,0
309474000,0
309476000,0
309478001,0
309480001,0
309482000,0
309484000,0
309486001,0
309488000,0
309490000,0
309492000,0
309494000,0
309496000,0
309498000,0
309500000,0
309502001,0
309504001,0
309506001,0
309508001,0
309510001,0
309512001,0
309514000,0
309516000,0
309518000,0
309520001,0
309522000,0
309524001,0
309526000,0
309528001,0
309530001,0
309532001,0
309534001,0
309536001,0
309538000,0
309540001,0
309542000,0
309544000,0
309546000,0
309548000,0
309550000,0
309552000,0
309554000,0
309556000,0
309558000,0
309560000,0
309562000,0
309564000,0
309566000,0
309568000,0
309570000,0
309572000,0
309574000,0
309576000,0
309578001,0
309580001,0
309582001,0
309584001,0
309586000,0
309588001,0
309590000,0
309592001,0
309594001,0
309596000,0
309598000,0
309600001,0
309602001,0
309604001,0
309606001,0
309608001,0
309610001,0
309612000,0
309614001,0
309616000,0
309618001,0
309620001,0
309622000,0
309624000,0
309626000,0
309628001,0
309630000,0
309632000,0
309634001,0
309636000,0
309638001,0
309640001,0
309642001,0
309644001,0
309646000,0
309648000,0
309650000,0
309652000,0
309654000,0
309656000,0
309658001,0
309660001,0
309662001,0
309664001,0
309666001,0
309668000,0
309670000,0
309672000,0
309674001,0
309676001,0
309678001,0
309680001,0
309682001,0
309684000,0
309686001,0
309688001,0
309690000,0
309692001,0
309694001,0
309696001,0
309698001,0
309700000,0
309702000,0
309704000,0
309706000,0
309708000,0
309710000,0
309712000,0
309714000,0
309716001,0
309718001,0
309720000,0
309722000,0
309724000,0
309726000,0
309728000,0
309730000,0
309732000,0
309734001,0
309736001,0
309738001,0
309740000,0
309742001,0
309744000,0
309746000,0
309748000,0
309750000,0
309752001,0
309754001,0
309756001,0
309758001,0
309760000,0
309762001,0
309764001,0
309766000,0
309768000,0
309770000,0
309772000,0
309774000,0
309776000,0
309778000,0
309780000,0
309782000,0
309784001,0
309786001,0
309788001,0
309790000,0
309792000,0
309794000,0
309796001,0
309798001,0
309800001,0
309802000,0
309804000,0
309806001,0
309808001,0
309810001,0
309812001,0
309814001,0
309816000,0
309818000,0
309820000,0
309822000,0
309824000,0
309826000,0
309828001,0
309830001,0
309832000,0
309834000,0
309836000,0
309838000,0
309840000,0
309842000,0
309844000,0
309846000,0
309848000,0
309850000,0
309852000,0
309854000,0
309856000,0
309858000,0
309860000,0
309862001,0
309864001,0
309866001,0
309868001,0
309870001,0
309872001,0
309874001,0
309876001,0
309878001,0
309880000,0
309882000,0
309884001,0
309886001,0
309888000,0
309890001,0
309892001,0
309894001,0
309896000,0
309898000,0
309900000,0
309902000,0
309904000,0
309906000,0
309908000,0
309910000,0
309912000,0
309914000,0
309916001,0
309918001,0
309920001,0
309922001,0
309924001,0
309926001,0
309928001,0
309930001,0
309932001,0
309934001,0
309936001,0
309938000,0
309940001,0
309942000,0
309944000,0
309946000,0
309948000,0
309950000,0
309952000,0
309954000,0
309956000,0
309958000,0
309960001,0
309962000,0
309964001,0
309966000,0
309968000,0
309970000,0
309972000,0
309974000,0
309976000,0
309978001,0
309980001,0
309982000,0
309984001,0
309986001,0
309988001,0
309990001,0
309992001,0
309994000,0
309996000,0
309998000,0
310000000,0
310002000,0
310004000,0
310006000,0
310008000,0
310010000,0
310012001,0
310014001,0
310016000,0
310018001,0
310020001,0
310022001,0
310024001,0
310026000,0
310028000,0
310030000,0
310032000,0
310034000,0
310036001,0
310038001,0
310040001,0
310042001,0
310044000,0
310046000,0
310048000,0
310050000,0
310052000,0
310054000,0
310056001,0
310058001,0
310060001,0
310062001,0
310064001,0
310066001,0
310068000,0
310070000,0
310072001,0
310074000,0
310076000,0
310078000,0
310080000,0
310082000,0
310084000,0
310086000,0
310088001,0
310090001,0
310092001,0
310094000,0
310096000,0
310098000,0
310100000,0
310102000,0
310104000,0
310106000,0
310108000,0
310110000,0
310112001,0
310114001,0
310116000,0
310118000,0
310120000,0
310122000,0
310124001,0
310126001,0
310128000,0
310130001,0
310132001,0
310134000,0
310136000,0
310138000,0
310140000,0
310142000,0
310144000,0
310146000,0
310148001,0
310150001,0
310152000,0
310154000,0
310156001,0
310158000,0
310160000,0
310162000,0
310164000,0
310166000,0
310168000,0
310170000,0
310172000,0
310174001,0
310176000,0
310178000,0
310180000,0
310182000,0
310184000,0
310186000,0
310188000,0
310190000,0
310192000,0
310194000,0
310196000,0
310198000,0
310200000,0
310202000,0
310204000,0
310206000,0
310208000,0
310210000,0
310212000,0
310214000,0
310216000,0
310218000,0
310220001,0
310222000,0
310224001,0
310226001,0
310228000,0
310230000,0
310232000,0
310234000,0
310236000,0
310238000,0
310240000,0
310242001,0
310244001,0
310246000,0
310248001,0
310250001,0
310252001,0
310254000,0
310256000,0
310258000,0
310260000,0
310262000,0
310264000,0
310266000,0
310268000,0
310270001,0
310272000,0
310274000,0
310276000,0
310278000,0
310280000,0
310282000,0
310284000,0
310286000,0
310288001,0
310290000,0
310292001,0
310294001,0
310296001,0
310298000,0
310300001,0
310302001,0
310304001,0
310306001,0
310308001,0
310310000,0
310312000,0
310314000,0
310316000,0
310318000,0
310320001,0
310322001,0
310324001,0
310326000,0
310328000,0
310330000,0
310332000,0
310334000,0
310336000,0
310338000,0
310340001,0
310342001,0
310344001,0
310346000,0
310348000,0
310350000,0
310352000,0
310354000,0
310356000,0
310358000,0
310360001,0
310362000,0
310364001,0
310366001,0
310368001,0
310370001,0
310372001,0
310374000,0
310376000,0
310378001,0
310380000,0
310382000,0
310384000,0
310386000,0
310388000,0
310390000,0
310392000,0
310394000,0
310396000,0
310398000,0
310400000,0
310402000,0
310404001,0
310406000,0
310408000,0
310410001,0
310412001,0
310414000,0
310416000,0
310418000,0
310420000,0
310422000,0
310424000,0
310426000,0
310428001,0
310430001,0
310432001,0
310434001,0
310436001,0
310438001,0
310440000,0
310442001,0
310444001,0
310446001,0
310448001,0
310450001,0
310452001,0
310454001,0
310456001,0
310458001,0
310460001,0
310462000,0
310464001,0
310466001,0
310468001,0
310470001,0
310472001,0
310474001,0
310476001,0
310478000,0
310480000,0
310482000,0
310484000,0
310486001,0
310488001,0
310490001,0
310492000,0
310494000,0
310496000,0
310498000,0
310500000,0
310502000,0
310504000,0
310506000,0
310508000,0
310510001,0
310512001,0
310514000,0
310516000,0
310518000,0
310520001,0
310522000,0
310524001,0
310526001,0
310528000,0
310530000,0
310532000,0
310534000,0
310536000,0
310538001,0
310540001,0
310542000,0
310544001,0
310546001,0
310548001,0
310550000,0
310552001,0
310554000,0
310556000,0
310558000,0
310560000,0
310562000,0
310564001,0
310566000,0
310568000,0
310570000,0
310572000,0
310574000,0
310576000,0
310578000,0
310580001,0
310582000,0
310584000,0
310586000,0
310588001,0
310590001,0
310592001,0
310594001,0
310596000,0
310598000,0
310600000,0
310602000,0
310604001,0
310606000,0
310608000,0
310610000,0
310612000,0
310614000,0
310616000,0
310618000,0
310620000,0
310622000,0
310624000,0
310626000,0
310628000,0
310630000,0
310632000,0
310634000,0
310636000,0
310638000,0
310640000,0
310642000,0
310644000,0
310646001,0
310648000,0
310650000,0
310652000,0
310654000,0
310656000,0
310658000,0
310660001,0
310662001,0
310664000,0
310666000,0
310668000,0
310670000,0
310672000,0
310674000,0
310676000,0
310678000,0
310680000,0
310682000,0
310684001,0
310686000,0
310688000,0
310690000,0
310692001,0
310694001,0
310696001,0
310698001,0
310700000,0
310702000,0
310704000,0
310706000,0
310708000,0
310710000,0
310712000,0
310714001,0
310716001,0
310718001,0
310720001,0
310722001,0
310724000,0
310726000,0
310728000,0
310730000,0
310732000,0
310734000,0
310736000,0
310738001,0
310740001,0
310742001,0
310744000,0
310746001,0
310748001,0
310750000,0
310752001,0
310754001,0
310756000,0
310758001,0
310760001,0
310762001,0
310764000,0
310766000,0
310768001,0
310770001,0
310772000,0
310774000,0
310776000,0
310778000,0
310780001,0
310782000,0
310784000,0
310786000,0
310788000,0
310790000,0
310792000,0
310794000,0
310796000,0
310798000,0
310800000,0
310802000,0
310804000,0
310806001,0
310808001,0
310810000,0
310812000,0
310814000,0
310816000,0
310818000,0
310820000,0
310822001,0
310824000,0
310826001,0
310828001,0
310830001,0
310832001,0
310834001,0
310836001,0
310838000,0
310840000,0
310842001,0
310844001,0
310846000,0
310848000,0
310850001,0
310852000,0
310854000,0
310856000,0
310858000,0
310860000,0
310862000,0
310864001,0
310866000,0
310868000,0
310870001,0
310872000,0
310874001,0
310876001,0
310878001,0
310880000,0
310882000,0
310884000,0
310886000,0
310888000,0
310890000,0
310892001,0
310894001,0
310896001,0
310898001,0
310900001,0
310902001,0
310904000,0
310906000,0
310908001,0
310910000,0
310912000,0
310914000,0
310916000,0
310918000,0
310920000,0
310922000,0
310924000,0
310926000,0
310928000,0
310930000,0
310932000,0
310934000,0
310936000,0
310938000,0
310940000,0
310942000,0
310944000,0
310946000,0
310948000,0
310950000,0
310952000,0
310954001,0
310956000,0
310958000,0
310960000,0
310962000,0
310964000,0
310966000,0
310968001,0
310970001,0
310972000,0
310974000,0
310976000,0
310978001,0
310980001,0
310982001,0
310984000,0
310986000,0
310988001,0
310990001,0
310992000,0
310994000,0
310996000,0
310998001,0
311000000,0
311002000,0
311004000,0
311006000,0
311008001,0
311010001,0
311012001,0
311014000,0
311016000,0
311018000,0
311020000,0
311022000,0
311024000,0
311026000,0
311028000,0
311030000,0
311032000,0
311034000,0
311036000,0
311038000,0
311040000,0
311042000,0
311044000,0
311046000,0
311048001,0
311050000,0
311052000,0
311054000,0
311056000,0
311058001,0
311060001,0
311062001,0
311064001,0
311066000,0
311068000,0
311070001,0
311072000,0
311074000,0
311076000,0
311078000,0
311080001,0
311082001,0
311084001,0
311086000,0
311088000,0
311090001,0
311092000,0
311094000,0
311096000,0
311098000,0
311100000,0
311102000,0
311104000,0
311106000,0
311108001,0
311110001,0
311112001,0
311114000,0
311116001,0
311118000,0
311120000,0
311122000,0
311124000,0
311126000,0
311128000,0
311130000,0
311132000,0
311134000,0
311136000,0
311138000,0
311140000,0
311142000,0
311144000,0
311146000,0
311148000,0
311150000,0
311152000,0
311154000,0
311156000,0
311158000,0
311160000,0
311162000,0
311164000,0
311166000,0
311168000,0
311170000,0
311172000,0
311174001,0
311176001,0
311178001,0
311180000,0
311182001,0
311184001,0
311186001,0
311188001,0
311190001,0
311192000,0
311194001,0
311196001,0
311198001,0
311200001,0
311202001,0
311204001,0
311206000,0
311208001,0
311210001,0
311212001,0
311214001,0
311216001,0
311218000,0
311220000,0
311222000,0
311224001,0
311226001,0
311228001,0
311230001,0
311232000,0
311234000,0
311236000,0
311238000,0
311240000,0
311242000,0
311244000,0
311246001,0
311248000,0
311250001,0
311252000,0
311254000,0
311256000,0
311258000,0
311260000,0
311262000,0
311264000,0
311266000,0
311268000,0
311270000,0
311272000,0
311274000,0
311276000,0
311278000,0
311280001,0
311282001,0
311284001,0
311286001,0
311288000,0
311290001,0
311292001,0
311294001,0
311296000,0
311298001,0
311300001,0
311302001,0
311304001,0
311306001,0
311308000,0
311310001,0
311312000,0
311314001,0
311316000,0
311318001,0
311320001,0
311322000,0
311324001,0
311326001,0
311328000,0
311330001,0
311332001,0
311334001,0
311336001,0
311338000,0
311340000,0
311342001,0
311344001,0
311346001,0
311348001,0
311350001,0
311352000,0
311354000,0
311356000,0
311358000,0
311360000,0
311362000,0
311364000,0
311366000,0
311368000,0
311370000,0
311372000,0
311374000,0
311376000,0
311378000,0
311380000,0
311382000,0
311384000,0
311386000,0
311388000,0
311390000,0
311392000,0
311394000,0
311396000,0
311398000,0
311400000,0
311402000,0
311404000,0
311406000,0
311408000,0
311410000,0
311412001,0
311414001,0
311416001,0
311418001,0
311420000,0
311422000,0
311424000,0
311426000,0
311428000,0
311430001,0
311432001,0
311434001,0
311436000,0
311438000,0
311440001,0
311442000,0
311444001,0
311446001,0
311448001,0
311450000,0
311452000,0
311454000,0
311456000,0
311458000,0
311460001,0
311462000,0
311464000,0
311466000,0
311468000,0
311470000,0
311472000,0
311474000,0
311476000,0
311478000,0
311480000,0
311482000,0
311484000,0
311486000,0
311488001,0
311490000,0
311492000,0
311494000,0
311496000,0
311498000,0
311500000,0
311502000,0
311504000,0
311506000,0
311508000,0
311510000,0
311512000,0
311514000,0
311516000,0
311518000,0
311520000,0
311522000,0
311524000,0
311526000,0
311528000,0
311530000,0
311532000,0
311534001,0
311536001,0
311538001,0
311540001,0
311542001,0
311544001,0
311546001,0
311548000,0
311550000,0
311552000,0
311554000,0
311556000,0
311558001,0
311560000,0
311562000,0
311564000,0
311566000,0
311568001,0
311570001,0
311572001,0
311574001,0
311576001,0
311578001,0
311580001,0
311582001,0
311584001,0
311586001,0
311588000,0
311590000,0
311592000,0
311594000,0
311596000,0
311598000,0
311600001,0
311602001,0
311604001,0
311606001,0
311608001,0
311610000,0
311612000,0
311614000,0
311616000,0
311618000,0
311620000,0
311622000,0
311624000,0
311626000,0
311628000,0
311630000,0
311632000,0
311634000,0
311636000,0
311638000,0
311640001,0
311642001,0
311644001,0
311646000,0
311648000,0
311650001,0
311652001,0
311654000,0
311656000,0
311658000,0
311660000,0
311662000,0
311664001,0
311666001,0
311668000,0
311670000,0
311672000,0
311674001,0
311676000,0
311678000,0
311680001,0
311682001,0
311684001,0
311686000,0
311688000,0
311690000,0
311692000,0
311694000,0
311696000,0
311698001,0
311700001,0
311702001,0
311704001,0
311706001,0
311708000,0
311710000,0
311712000,0
311714000,0
311716000,0
311718000,0
311720000,0
311722000,0
311724000,0
311726000,0
311728001,0
311730001,0
311732001,0
311734001,0
311736001,0
311738001,0
311740000,0
311742001,0
311744001,0
311746001,0
311748001,0
311750001,0
311752001,0
311754001,0
311756000,0
311758000,0
311760000,0
311762000,0
311764000,0
311766000,0
311768000,0
311770001,0
311772001,0
311774001,0
311776000,0
311778000,0
311780000,0
311782001,0
311784001,0
311786000,0
311788001,0
311790001,0
311792000,0
311794000,0
311796000,0
311798001,0
311800001,0
311802001,0
311804001,0
311806001,0
311808000,0
311810001,0
311812000,0
311814000,0
311816001,0
311818000,0
311820000,0
311822000,0
311824000,0
311826000,0
311828000,0
311830000,0
311832000,0
311834001,0
311836001,0
311838000,0
311840001,0
311842001,0
311844001,0
311846000,0
311848000,0
311850000,0
311852000,0
311854000,0
311856001,0
311858000,0
311860000,0
311862000,0
311864000,0
311866001,0
311868001,0
311870001,0
311872000,0
311874000,0
311876000,0
311878000,0
311880001,0
311882001,0
311884001,0
311886001,0
311888000,0
311890000,0
311892000,0
311894000,0
311896001,0
311898001,0
311900000,0
311902000,0
311904000,0
311906000,0
311908000,0
311910000,0
311912000,0
311914000,0
311916000,0
311918000,0
311920000,0
311922000,0
311924000,0
311926000,0
311928000,0
311930001,0
311932001,0
311934001,0
311936000,0
311938000,0
311940000,0
311942000,0
311944001,0
311946001,0
311948001,0
311950001,0
311952001,0
311954000,0
311956000,0
311958000,0
311960000,0
311962000,0
311964000,0
311966000,0
311968000,0
311970000,0
311972000,0
311974000,0
311976000,0
311978000,0
311980000,0
311982000,0
311984000,0
311986001,0
311988000,0
311990001,0
311992001,0
311994001,0
311996000,0
311998000,0
312000001,0
312002000,0
312004001,0
312006000,0
312008001,0
312010001,0
312012001,0
312014001,0
312016001,0
312018001,0
312020001,0
312022001,0
312024001,0
312026001,0
312028001,0
312030001,0
312032001,0
312034001,0
312036001,0
312038000,0
312040001,0
312042001,0
312044000,0
312046000,0
312048000,0
312050000,0
312052000,0
312054001,0
312056000,0
312058001,0
312060001,0
312062001,0
312064001,0
312066000,0
312068000,0
312070000,0
312072000,0
312074000,0
312076000,0
312078000,0
312080000,0
312082000,0
312084000,0
312086000,0
312088000,0
312090000,0
312092000,0
312094000,0
312096000,0
312098000,0
312100000,0
312102000,0
312104000,0
312106000,0
312108000,0
312110000,0
312112000,0
312114000,0
312116000,0
312118001,0
312120001,0
312122001,0
312124001,0
312126001,0
312128000,0
312130000,0
312132000,0
312134000,0
312136000,0
312138000,0
312140001,0
312142001,0
312144001,0
312146001,0
312148000,0
312150000,0
312152000,0
312154000,0
312156000,0
312158001,0
312160001,0
312162001,0
312164001,0
312166000,0
312168000,0
312170000,0
312172000,0
312174000,0
312176000,0
312178000,0
312180000,0
312182000,0
312184000,0
312186000,0
312188001,0
312190001,0
312192000,0
312194001,0
312196001,0
312198001,0
312200001,0
312202001,0
312204000,0
312206000,0
312208000,0
312210000,0
312212000,0
312214000,0
312216000,0
312218000,0
312220000,0
312222000,0
312224000,0
312226000,0
312228000,0
312230000,0
312232001,0
312234001,0
312236001,0
312238001,0
312240001,0
312242001,0
312244001,0
312246000,0
312248000,0
312250000,0
312252000,0
312254000,0
312256000,0
312258001,0
312260001,0
312262000,0
312264001,0
312266000,0
312268000,0
312270000,0
312272000,0
312274000,0
312276001,0
312278000,0
312280001,0
312282001,0
312284000,0
312286000,0
312288000,0
312290000,0
312292000,0
312294000,0
312296000,0
312298000,0
312300000,0
312302000,0
312304000,0
312306000,0
312308000,0
312310001,0
312312001,0
312314001,0
312316001,0
312318001,0
312320001,0
312322001,0
312324000,0
312326000,0
312328001,0
312330001,0
312332001,0
312334001,0
312336000,0
312338001,0
312340001,0
312342001,0
312344001,0
312346000,0
312348000,0
312350001,0
312352000,0
312354000,0
312356000,0
312358000,0
312360001,0
312362001,0
312364000,0
312366000,0
312368001,0
312370001,0
312372000,0
312374000,0
312376001,0
312378001,0
312380001,0
312382000,0
312384001,0
312386001,0
312388000,0
312390000,0
312392000,0
312394000,0
312396001,0
312398001,0
312400001,0
312402001,0
312404001,0
312406001,0
312408001,0
312410001,0
312412001,0
312414000,0
312416000,0
312418000,0
312420000,0
312422000,0
312424000,0
312426001,0
312428001,0
312430001,0
312432001,0
312434001,0
312436001,0
312438000,0
312440000,0
312442000,0
312444000,0
312446000,0
312448000,0
312450000,0
312452000,0
312454000,0
312456000,0
312458000,0
312460001,0
312462001,0
312464001,0
312466001,0
312468001,0
312470001,0
312472000,0
312474000,0
312476000,0
312478000,0
312480000,0
312482000,0
312484000,0
312486000,0
312488000,0
312490000,0
312492000,0
312494000,0
312496000,0
312498001,0
312500001,0
312502001,0
312504000,0
312506000,0
312508000,0
312510000,0
312512000,0
312514000,0
312516000,0
312518000,0
312520000,0
312522000,0
312524000,0
312526000,0
312528000,0
312530000,0
312532001,0
312534001,0
312536000,0
312538000,0
312540001,0
312542000,0
312544000,0
312546000,0
312548000,0
312550000,0
312552000,0
312554000,0
312556000,0
312558001,0
312560001,0
312562001,0
312564000,0
312566000,0
312568000,0
312570000,0
312572000,0
312574000,0
312576000,0
312578000,0
312580000,0
312582000,0
312584000,0
312586000,0
312588000,0
312590000,0
312592000,0
312594000,0
312596000,0
312598000,0
312600000,0
312602000,0
312604000,0
312606000,0
312608000,0
312610000,0
312612000,0
312614000,0
312616000,0
312618000,0
312620000,0
312622001,0
312624000,0
312626000,0
312628000,0
312630001,0
312632001,0
312634000,0
312636000,0
312638000,0
312640000,0
312642000,0
312644000,0
312646000,0
312648000,0
312650001,0
312652001,0
312654000,0
312656000,0
312658000,0
312660000,0
312662000,0
312664000,0
312666000,0
312668000,0
312670001,0
312672001,0
312674000,0
312676000,0
312678000,0
312680000,0
312682000,0
312684000,0
312686000,0
312688000,0
312690000,0
312692000,0
312694000,0
312696000,0
312698000,0
312700000,0
312702000,0
312704000,0
312706000,0
312708000,0
312710001,0
312712001,0
312714000,0
312716000,0
312718000,0
312720000,0
312722000,0
312724000,0
312726000,0
312728000,0
312730000,0
312732000,0
312734000,0
312736000,0
312738000,0
312740000,0
312742000,0
312744000,0
312746000,0
312748000,0
312750000,0
312752000,0
312754000,0
312756000,0
312758000,0
312760000,0
312762000,0
312764000,0
312766001,0
312768001,0
312770000,0
312772000,0
312774000,0
312776000,0
312778000,0
312780000,0
312782000,0
312784001,0
312786001,0
312788001,0
312790000,0
312792000,0
312794000,0
312796000,0
312798000,0
312800000,0
312802000,0
312804000,0
312806001,0
312808000,0
312810000,0
312812000,0
312814000,0
312816000,0
312818000,0
312820000,0
312822000,0
312824000,0
312826001,0
312828000,0
312830000,0
312832000,0
312834000,0
312836000,0
312838000,0
312840000,0
312842000,0
312844000,0
312846000,0
312848000,0
312850000,0
312852000,0
312854001,0
312856001,0
312858001,0
312860001,0
312862000,0
312864001,0
312866000,0
312868001,0
312870001,0
312872000,0
312874000,0
312876000,0
312878000,0
312880000,0
312882000,0
312884000,0
312886000,0
312888000,0
312890000,0
312892001,0
312894001,0
312896001,0
312898000,0
312900001,0
312902001,0
312904001,0
312906000,0
312908000,0
312910000,0
312912000,0
312914000,0
312916000,0
312918000,0
312920000,0
312922000,0
312924000,0
312926000,0
312928000,0
312930000,0
312932000,0
312934000,0
312936000,0
312938000,0
312940000,0
312942000,0
312944000,0
312946000,0
312948000,0
312950000,0
312952000,0
312954000,0
312956000,0
312958000,0
312960000,0
312962000,0
312964000,0
312966000,0
312968000,0
312970001,0
312972000,0
312974000,0
312976000,0
312978000,0
312980000,0
312982001,0
312984001,0
312986001,0
312988001,0
312990001,0
312992001,0
312994001,0
312996001,0
312998001,0
313000000,0
313002000,0
313004000,0
313006000,0
313008000,0
313010000,0
313012000,0
313014000,0
313016000,0
313018000,0
313020000,0
313022000,0
313024000,0
313026000,0
313028000,0
313030000,0
313032000,0
313034000,0
313036000,0
313038000,0
313040000,0
313042000,0
313044000,0
313046000,0
313048000,0
313050000,0
313052000,0
313054000,0
313056001,0
313058000,0
313060000,0
313062001,0
313064001,0
313066000,0
313068001,0
313070001,0
313072001,0
313074001,0
313076001,0
313078001,0
313080001,0
313082000,0
313084000,0
313086000,0
313088000,0
313090000,0
313092000,0
313094000,0
313096000,0
313098000,0
313100000,0
313102000,0
313104000,0
313106000,0
313108001,0
313110001,0
313112001,0
313114001,0
313116000,0
313118000,0
313120000,0
313122000,0
313124000,0
313126000,0
313128000,0
313130000,0
313132000,0
313134000,0
313136001,0
313138001,0
313140000,0
313142001,0
313144001,0
313146001,0
313148001,0
313150001,0
313152000,0
313154000,0
313156000,0
313158000,0
313160001,0
313162001,0
313164001,0
313166001,0
313168001,0
313170001,0
313172001,0
313174001,0
313176000,0
313178000,0
313180000,0
313182000,0
313184000,0
313186000,0
313188000,0
313190000,0
313192000,0
313194001,0
313196001,0
313198000,0
313200000,0
313202000,0
313204000,0
313206000,0
313208001,0
313210000,0
313212000,0
313214000,0
313216000,0
313218000,0
313220000,0
313222000,0
313224000,0
313226001,0
313228001,0
313230001,0
313232001,0
313234000,0
313236000,0
313238001,0
313240001,0
313242000,0
313244000,0
313246000,0
313248000,0
313250000,0
313252001,0
313254001,0
313256001,0
313258000,0
313260000,0
313262001,0
313264001,0
313266001,0
313268000,0
313270001,0
313272001,0
313274001,0
313276001,0
313278000,0
313280000,0
313282000,0
313284001,0
313286001,0
313288001,0
313290001,0
313292001,0
313294000,0
313296000,0
313298000,0
313300000,0
313302000,0
313304000,0
313306000,0
313308000,0
313310000,0
313312000,0
313314000,0
313316001,0
313318001,0
313320000,0
313322000,0
313324001,0
313326000,0
313328000,0
313330000,0
313332000,0
313334001,0
313336001,0
313338000,0
313340000,0
313342000,0
313344000,0
313346000,0
313348000,0
313350000,0
313352000,0
313354000,0
313356000,0
313358000,0
313360000,0
313362001,0
313364001,0
313366000,0
313368000,0
313370001,0
313372001,0
313374000,0
313376000,0
313378000,0
313380000,0
313382000,0
313384000,0
313386000,0
313388000,0
313390000,0
313392000,0
313394000,0
313396000,0
313398000,0
313400000,0
313402000,0
313404000,0
313406001,0
313408000,0
313410000,0
313412001,0
313414000,0
313416000,0
313418000,0
313420000,0
313422000,0
313424000,0
313426000,0
313428000,0
313430000,0
313432001,0
313434000,0
313436000,0
313438001,0
313440001,0
313442001,0
313444000,0
313446001,0
313448001,0
313450000,0
313452000,0
313454001,0
313456001,0
313458000,0
313460000,0
313462000,0
313464000,0
313466000,0
313468000,0
313470000,0
313472000,0
313474000,0
313476000,0
313478000,0
313480000,0
313482000,0
313484001,0
313486000,0
313488000,0
313490001,0
313492001,0
313494000,0
313496000,0
313498000,0
313500001,0
313502001,0
313504001,0
313506000,0
313508001,0
313510001,0
313512001,0
313514001,0
313516001,0
313518000,0
313520001,0
313522001,0
313524000,0
313526000,0
313528000,0
313530000,0
313532000,0
313534000,0
313536000,0
313538000,0
313540000,0
313542000,0
313544000,0
313546000,0
313548001,0
313550001,0
313552001,0
313554001,0
313556000,0
313558001,0
313560001,0
313562001,0
313564000,0
313566000,0
313568001,0
313570001,0
313572000,0
313574000,0
313576000,0
313578000,0
313580000,0
313582000,0
313584000,0
313586000,0
313588000,0
313590000,0
313592000,0
313594001,0
313596000,0
313598001,0
313600001,0
313602001,0
313604001,0
313606000,0
313608000,0
313610001,0
313612000,0
313614001,0
313616000,0
313618000,0
313620000,0
313622001,0
313624000,0
313626000,0
313628000,0
313630000,0
313632000,0
313634000,0
313636000,0
313638001,0
313640001,0
313642000,0
313644001,0
313646001,0
313648001,0
313650001,0
313652001,0
313654001,0
313656000,0
313658000,0
313660000,0
313662000,0
313664001,0
313666001,0
313668000,0
313670000,0
313672000,0
313674000,0
313676000,0
313678000,0
313680000,0
313682000,0
313684000,0
313686000,0
313688000,0
313690000,0
313692000,0
313694000,0
313696001,0
313698001,0
313700000,0
313702000,0
313704001,0
313706001,0
313708000,0
313710001,0
313712001,0
313714001,0
313716000,0
313718001,0
313720000,0
313722000,0
313724000,0
313726000,0
313728000,0
313730001,0
313732001,0
313734001,0
313736001,0
313738001,0
313740001,0
313742001,0
313744001,0
313746001,0
313748000,0
313750001,0
313752001,0
313754000,0
313756000,0
313758000,0
313760000,0
313762001,0
313764001,0
313766001,0
313768000,0
313770001,0
313772001,0
313774001,0
313776001,0
313778001,0
313780000,0
313782001,0
313784001,0
313786001,0
313788000,0
313790001,0
313792000,0
313794000,0
313796000,0
313798000,0
313800000,0
313802000,0
313804000,0
313806000,0
313808000,0
313810000,0
313812000,0
313814000,0
313816000,0
313818000,0
313820001,0
313822000,0
313824000,0
313826000,0
313828001,0
313830001,0
313832001,0
313834001,0
313836000,0
313838000,0
313840000,0
313842000,0
313844001,0
313846000,0
313848001,0
313850000,0
313852000,0
313854000,0
313856000,0
313858000,0
313860001,0
313862001,0
313864000,0
313866000,0
313868000,0
313870000,0
313872000,0
313874001,0
313876001,0
313878001,0
313880001,0
313882001,0
313884001,0
313886001,0
313888000,0
313890000,0
313892000,0
313894000,0
313896000,0
313898000,0
313900000,0
313902000,0
313904000,0
313906001,0
313908001,0
313910000,0
313912000,0
313914000,0
313916000,0
313918000,0
313920000,0
313922000,0
313924000,0
313926000,0
313928000,0
313930001,0
313932000,0
313934000,0
313936000,0
313938000,0
313940000,0
313942000,0
313944001,0
313946001,0
313948001,0
313950001,0
313952001,0
313954000,0
313956000,0
313958000,0
313960001,0
313962001,0
313964001,0
313966001,0
313968001,0
313970000,0
313972000,0
313974000,0
313976000,0
313978000,0
313980000,0
313982000,0
313984000,0
313986000,0
313988000,0
313990000,0
313992000,0
313994000,0
313996001,0
313998000,0
314000000,0
314002000,0
314004000,0
314006000,0
314008001,0
314010001,0
314012001,0
314014000,0
314016001,0
314018001,0
314020000,0
314022000,0
314024000,0
314026000,0
314028000,0
314030000,0
314032001,0
314034001,0
314036000,0
314038000,0
314040000,0
314042000,0
314044000,0
314046000,0
314048001,0
314050001,0
314052001,0
314054001,0
314056001,0
314058001,0
314060001,0
314062000,0
314064000,0
314066000,0
314068000,0
314070001,0
314072001,0
314074000,0
314076000,0
314078000,0
314080001,0
314082001,0
314084001,0
314086001,0
314088001,0
314090000,0
314092001,0
314094001,0
314096000,0
314098000,0
314100000,0
314102000,0
314104000,0
314106000,0
314108000,0
314110000,0
314112000,0
314114000,0
314116001,0
314118001,0
314120001,0
314122001,0
314124001,0
314126000,0
314128001,0
314130000,0
314132000,0
314134001,0
314136001,0
314138000,0
314140000,0
314142000,0
314144000,0
314146000,0
314148000,0
314150000,0
314152001,0
314154001,0
314156001,0
314158001,0
314160001,0
314162001,0
314164001,0
314166001,0
314168000,0
314170001,0
314172001,0
314174000,0
314176000,0
314178000,0
314180000,0
314182000,0
314184000,0
314186000,0
314188000,0
314190000,0
314192000,0
314194000,0
314196001,0
314198000,0
314200000,0
314202000,0
314204000,0
314206000,0
314208000,0
314210001,0
314212001,0
314214001,0
314216001,0
314218001,0
314220001,0
314222001,0
314224001,0
314226001,0
314228001,0
314230000,0
314232000,0
314234000,0
314236000,0
314238000,0
314240000,0
314242000,0
314244001,0
314246000,0
314248000,0
314250000,0
314252000,0
314254001,0
314256000,0
314258001,0
314260001,0
314262001,0
314264001,0
314266001,0
314268000,0
314270000,0
314272000,0
314274001,0
314276000,0
314278000,0
314280000,0
314282000,0
314284000,0
314286000,0
314288000,0
314290001,0
314292001,0
314294001,0
314296001,0
314298001,0
314300001,0
314302001,0
314304001,0
314306000,0
314308001,0
314310001,0
314312000,0
314314000,0
314316001,0
314318000,0
314320000,0
314322000,0
314324000,0
314326000,0
314328000,0
314330001,0
314332001,0
314334001,0
314336001,0
314338001,0
314340000,0
314342000,0
314344000,0
314346000,0
314348001,0
314350001,0
314352001,0
314354001,0
314356000,0
314358000,0
314360000,0
314362001,0
314364000,0
314366000,0
314368000,0
314370000,0
314372000,0
314374000,0
314376000,0
314378000,0
314380000,0
314382000,0
314384000,0
314386000,0
314388000,0
314390000,0
314392000,0
314394000,0
314396000,0
314398001,0
314400001,0
314402001,0
314404000,0
314406000,0
314408000,0
314410000,0
314412000,0
314414000,0
314416000,0
314418000,0
314420000,0
314422000,0
314424000,0
314426000,0
314428000,0
314430000,0
314432000,0
314434000,0
314436000,0
314438000,0
314440000,0
314442000,0
314444000,0
314446001,0
314448001,0
314450000,0
314452000,0
314454000,0
314456000,0
314458000,0
314460000,0
314462000,0
314464000,0
314466000,0
314468001,0
314470001,0
314472001,0
314474000,0
314476001,0
314478001,0
314480001,0
314482001,0
314484001,0
314486001,0
314488001,0
314490001,0
314492000,0
314494000,0
314496001,0
314498001,0
314500001,0
314502000,0
314504000,0
314506000,0
314508000,0
314510000,0
314512000,0
314514000,0
314516000,0
314518000,0
314520000,0
314522000,0
314524001,0
314526001,0
314528001,0
314530000,0
314532000,0
314534000,0
314536000,0
314538000,0
314540000,0
314542000,0
314544000,0
314546000,0
314548000,0
314550000,0
314552001,0
314554001,0
314556001,0
314558001,0
314560001,0
314562000,0
314564000,0
314566000,0
314568000,0
314570000,0
314572001,0
314574001,0
314576001,0
314578001,0
314580001,0
314582000,0
314584000,0
314586001,0
314588000,0
314590000,0
314592000,0
314594000,0
314596000,0
314598000,0
314600000,0
314602000,0
314604000,0
314606000,0
314608000,0
314610001,0
314612001,0
314614001,0
314616000,0
314618000,0
314620000,0
314622000,0
314624000,0
314626000,0
314628000,0
314630001,0
314632001,0
314634001,0
314636001,0
314638001,0
314640000,0
314642000,0
314644000,0
314646000,0
314648001,0
314650001,0
314652001,0
314654001,0
314656001,0
314658000,0
314660001,0
314662001,0
314664001,0
314666000,0
314668000,0
314670000,0
314672000,0
314674000,0
314676000,0
314678000,0
314680000,0
314682000,0
314684000,0
314686000,0
314688000,0
314690000,0
314692000,0
314694001,0
314696000,0
314698001,0
314700001,0
314702000,0
314704001,0
314706001,0
314708001,0
314710001,0
314712001,0
314714001,0
314716001,0
314718001,0
314720001,0
314722000,0
314724001,0
314726001,0
314728001,0
314730001,0
314732001,0
314734001,0
314736000,0
314738000,0
314740000,0
314742000,0
314744000,0
314746001,0
314748001,0
314750001,0
314752001,0
314754000,0
314756000,0
314758000,0
314760000,0
314762000,0
314764000,0
314766000,0
314768000,0
314770000,0
314772001,0
314774001,0
314776001,0
314778001,0
314780001,0
314782000,0
314784000,0
314786000,0
314788000,0
314790000,0
314792000,0
314794000,0
314796000,0
314798001,0
314800001,0
314802001,0
314804001,0
314806001,0
314808001,0
314810001,0
314812001,0
314814000,0
314816001,0
314818000,0
314820000,0
314822001,0
314824000,0
314826000,0
314828000,0
314830000,0
314832000,0
314834000,0
314836000,0
314838000,0
314840000,0
314842000,0
314844000,0
314846000,0
314848001,0
314850000,0
314852000,0
314854000,0
314856000,0
314858001,0
314860001,0
314862000,0
314864001,0
314866000,0
314868000,0
314870000,0
314872000,0
314874001,0
314876001,0
314878001,0
314880001,0
314882001,0
314884000,0
314886000,0
314888000,0
314890000,0
314892000,0
314894000,0
314896000,0
314898000,0
314900000,0
314902000,0
314904000,0
314906000,0
314908000,0
314910001,0
314912000,0
314914000,0
314916000,0
314918000,0
314920000,0
314922000,0
314924000,0
314926000,0
314928000,0
314930001,0
314932000,0
314934000,0
314936000,0
314938000,0
314940000,0
314942000,0
314944000,0
314946000,0
314948000,0
314950000,0
314952000,0
314954000,0
314956000,0
314958000,0
314960000,0
314962000,0
314964000,0
314966000,0
314968000,0
314970000,0
314972000,0
314974000,0
314976001,0
314978000,0
314980000,0
314982000,0
314984000,0
314986000,0
314988001,0
314990001,0
314992001,0
314994001,0
314996001,0
314998000,0
315000000,0
315002000,0
315004000,0
315006000,0
315008000,0
315010000,0
315012000,0
315014000,0
315016000,0
315018000,0
315020000,0
315022000,0
315024000,0
315026000,0
315028000,0
315030000,0
315032000,0
315034000,0
315036000,0
315038000,0
315040000,0
315042000,0
315044000,0
315046000,0
315048000,0
315050000,0
315052001,0
315054001,0
315056000,0
315058001,0
315060001,0
315062000,0
315064000,0
315066000,0
315068000,0
315070000,0
315072000,0
315074000,0
315076000,0
315078000,0
315080000,0
315082000,0
315084000,0
315086000,0
315088000,0
315090000,0
315092001,0
315094001,0
315096001,0
315098001,0
315100001,0
315102001,0
315104001,0
315106001,0
315108001,0
315110001,0
315112001,0
315114001,0
315116000,0
315118001,0
315120000,0
315122001,0
315124001,0
315126001,0
315128001,0
315130001,0
315132001,0
315134001,0
315136000,0
315138000,0
315140000,0
315142000,0
315144000,0
315146000,0
315148000,0
315150000,0
315152000,0
315154000,0
315156000,0
315158000,0
315160000,0
315162000,0
315164000,0
315166000,0
315168000,0
315170000,0
315172000,0
315174001,0
315176001,0
315178001,0
315180000,0
315182000,0
315184000,0
315186000,0
315188000,0
315190000,0
315192000,0
315194001,0
315196000,0
315198000,0
315200000,0
315202001,0
315204001,0
315206001,0
315208001,0
315210001,0
315212000,0
315214000,0
315216000,0
315218000,0
315220000,0
315222000,0
315224000,0
315226000,0
315228000,0
315230000,0
315232000,0
315234000,0
315236000,0
315238001,0
315240000,0
315242000,0
315244000,0
315246000,0
315248000,0
315250000,0
315252000,0
315254000,0
315256000,0
315258000,0
315260000,0
315262000,0
315264000,0
315266000,0
315268000,0
315270001,0
315272001,0
315274001,0
315276001,0
315278001,0
315280001,0
315282000,0
315284001,0
315286001,0
315288001,0
315290001,0
315292000,0
315294001,0
315296001,0
315298001,0
315300000,0
315302000,0
315304000,0
315306001,0
315308000,0
315310000,0
315312000,0
315314000,0
315316000,0
315318001,0
315320000,0
315322000,0
315324000,0
315326000,0
315328000,0
315330000,0
315332000,0
315334000,0
315336000,0
315338000,0
315340000,0
315342000,0
315344001,0
315346000,0
315348000,0
315350001,0
315352001,0
315354001,0
315356001,0
315358001,0
315360001,0
315362001,0
315364001,0
315366000,0
315368001,0
315370001,0
315372001,0
315374001,0
315376001,0
315378001,0
315380000,0
315382000,0
315384000,0
315386000,0
315388000,0
315390001,0
315392001,0
315394000,0
315396000,0
315398001,0
315400001,0
315402000,0
315404000,0
315406001,0
315408000,0
315410001,0
315412000,0
315414000,0
315416000,0
315418000,0
315420000,0
315422000,0
315424000,0
315426000,0
315428000,0
315430000,0
315432000,0
315434000,0
315436000,0
315438000,0
315440000,0
315442000,0
315444000,0
315446000,0
315448000,0
315450000,0
315452000,0
315454000,0
315456001,0
315458000,0
315460000,0
315462000,0
315464000,0
315466000,0
315468001,0
315470000,0
315472001,0
315474001,0
315476001,0
315478000,0
315480000,0
315482001,0
315484000,0
315486001,0
315488001,0
315490001,0
315492001,0
315494000,0
315496000,0
315498000,0
315500001,0
315502001,0
315504000,0
315506001,0
315508001,0
315510001,0
315512001,0
315514000,0
315516000,0
315518000,0
315520000,0
315522000,0
315524000,0
315526000,0
315528000,0
315530000,0
315532000,0
315534000,0
315536000,0
315538001,0
315540001,0
315542001,0
315544001,0
315546001,0
315548000,0
315550000,0
315552000,0
315554000,0
315556000,0
315558000,0
315560000,0
315562001,0
315564001,0
315566001,0
315568000,0
315570000,0
315572000,0
315574000,0
315576000,0
315578000,0
315580000,0
315582000,0
315584000,0
315586000,0
315588001,0
315590001,0
315592000,0
315594000,0
315596001,0
315598001,0
315600001,0
315602001,0
315604001,0
315606001,0
315608001,0
315610001,0
315612001,0
315614001,0
315616000,0
315618000,0
315620000,0
315622000,0
315624000,0
315626000,0
315628000,0
315630000,0
315632000,0
315634000,0
315636000,0
315638000,0
315640000,0
315642000,0
315644000,0
315646000,0
315648000,0
315650001,0
315652001,0
315654000,0
315656000,0
315658000,0
315660000,0
315662000,0
315664000,0
315666000,0
315668000,0
315670000,0
315672000,0
315674000,0
315676000,0
315678000,0
315680000,0
315682000,0
315684000,0
315686000,0
315688000,0
315690000,0
315692000,0
315694000,0
315696000,0
315698001,0
315700000,0
315702000,0
315704000,0
315706000,0
315708000,0
315710001,0
315712001,0
315714000,0
315716001,0
315718000,0
315720000,0
315722001,0
315724001,0
315726000,0
315728000,0
315730000,0
315732000,0
315734000,0
315736000,0
315738000,0
315740000,0
315742000,0
315744000,0
315746000,0
315748000,0
315750000,0
315752000,0
315754000,0
315756000,0
315758000,0
315760000,0
315762000,0
315764001,0
315766001,0
315768001,0
315770001,0
315772001,0
315774001,0
315776000,0
315778001,0
315780001,0
315782000,0
315784000,0
315786000,0
315788000,0
315790001,0
315792000,0
315794001,0
315796001,0
315798000,0
315800001,0
315802001,0
315804001,0
315806000,0
315808000,0
315810001,0
315812001,0
315814001,0
315816001,0
315818001,0
315820000,0
315822000,0
315824000,0
315826000,0
315828000,0
315830001,0
315832001,0
315834001,0
315836001,0
315838000,0
315840000,0
315842000,0
315844000,0
315846000,0
315848000,0
315850000,0
315852000,0
315854000,0
315856000,0
315858000,0
315860000,0
315862000,0
315864000,0
315866000,0
315868000,0
315870000,0
315872000,0
315874000,0
315876000,0
315878000,0
315880000,0
315882000,0
315884000,0
315886000,0
315888000,0
315890000,0
315892000,0
315894000,0
315896001,0
315898000,0
315900001,0
315902000,0
315904000,0
315906000,0
315908000,0
315910000,0
315912001,0
315914000,0
315916000,0
315918000,0
315920000,0
315922000,0
315924000,0
315926000,0
315928000,0
315930000,0
315932000,0
315934000,0
315936000,0
315938000,0
315940000,0
315942000,0
315944001,0
315946001,0
315948001,0
315950001,0
315952000,0
315954001,0
315956001,0
315958000,0
315960000,0
315962000,0
315964000,0
315966000,0
315968000,0
315970000,0
315972000,0
315974000,0
315976001,0
315978000,0
315980001,0
315982000,0
315984000,0
315986000,0
315988000,0
315990000,0
315992000,0
315994000,0
315996000,0
315998001,0
316000001,0
316002001,0
316004000,0
316006000,0
316008001,0
316010000,0
316012000,0
316014000,0
316016001,0
316018000,0
316020000,0
316022000,0
316024000,0
316026001,0
316028001,0
316030001,0
316032001,0
316034001,0
316036000,0
316038000,0
316040000,0
316042000,0
316044000,0
316046000,0
316048000,0
316050000,0
316052001,0
316054000,0
316056000,0
316058001,0
316060000,0
316062000,0
316064000,0
316066000,0
316068000,0
316070001,0
316072001,0
316074001,0
316076001,0
316078001,0
316080001,0
316082001,0
316084001,0
316086001,0
316088000,0
316090000,0
316092000,0
316094001,0
316096000,0
316098000,0
316100000,0
316102000,0
316104000,0
316106000,0
316108001,0
316110001,0
316112001,0
316114000,0
316116000,0
316118001,0
316120001,0
316122001,0
316124001,0
316126000,0
316128001,0
316130001,0
316132000,0
316134001,0
316136000,0
316138000,0
316140000,0
316142000,0
316144000,0
316146000,0
316148001,0
316150000,0
316152000,0
316154000,0
316156000,0
316158000,0
316160000,0
316162000,0
316164000,0
316166000,0
316168001,0
316170000,0
316172000,0
316174000,0
316176000,0
316178000,0
316180000,0
316182000,0
316184001,0
316186000,0
316188000,0
316190001,0
316192001,0
316194000,0
316196000,0
316198000,0
316200000,0
316202000,0
316204000,0
316206000,0
316208000,0
316210000,0
316212000,0
316214001,0
316216001,0
316218000,0
316220000,0
316222000,0
316224000,0
316226000,0
316228000,0
316230000,0
316232000,0
316234000,0
316236000,0
316238000,0
316240000,0
316242000,0
316244000,0
316246000,0
316248000,0
316250000,0
316252000,0
316254000,0
316256000,0
316258000,0
316260000,0
316262000,0
316264000,0
316266000,0
316268000,0
316270000,0
316272001,0
316274001,0
316276001,0
316278000,0
316280000,0
316282000,0
316284000,0
316286000,0
316288001,0
316290001,0
316292001,0
316294000,0
316296000,0
316298001,0
316300001,0
316302000,0
316304000,0
316306000,0
316308000,0
316310000,0
316312000,0
316314000,0
316316001,0
316318001,0
316320000,0
316322001,0
316324000,0
316326000,0
316328001,0
316330001,0
316332000,0
316334000,0
316336000,0
316338001,0
316340001,0
316342001,0
316344001,0
316346001,0
316348001,0
316350000,0
316352000,0
316354001,0
316356001,0
316358001,0
316360001,0
316362001,0
316364000,0
316366001,0
316368001,0
316370001,0
316372001,0
316374001,0
316376000,0
316378001,0
316380000,0
316382000,0
316384000,0
316386001,0
316388000,0
316390001,0
316392001,0
316394001,0
316396001,0
316398000,0
316400000,0
316402001,0
316404001,0
316406000,0
316408000,0
316410000,0
316412000,0
316414001,0
316416001,0
316418001,0
316420000,0
316422001,0
316424001,0
316426000,0
316428001,0
316430001,0
316432001,0
316434000,0
316436001,0
316438000,0
316440000,0
316442000,0
316444000,0
316446000,0
316448000,0
316450000,0
316452000,0
316454000,0
316456000,0
316458001,0
316460000,0
316462001,0
316464001,0
316466001,0
316468001,0
316470000,0
316472000,0
316474000,0
316476000,0
316478000,0
316480000,0
316482000,0
316484000,0
316486000,0
316488000,0
316490001,0
316492001,0
316494001,0
316496001,0
316498001,0
316500000,0
316502000,0
316504000,0
316506001,0
316508000,0
316510001,0
316512001,0
316514001,0
316516000,0
316518000,0
316520000,0
316522000,0
316524000,0
316526001,0
316528001,0
316530001,0
316532001,0
316534001,0
316536001,0
316538000,0
316540000,0
316542000,0
316544000,0
316546000,0
316548000,0
316550000,0
316552000,0
316554000,0
316556000,0
316558000,0
316560000,0
316562000,0
316564000,0
316566000,0
316568000,0
316570001,0
316572001,0
316574000,0
316576000,0
316578001,0
316580000,0
316582001,0
316584001,0
316586001,0
316588000,0
316590000,0
316592000,0
316594000,0
316596000,0
316598000,0
316600000,0
316602000,0
316604000,0
316606000,0
316608000,0
316610000,0
316612000,0
316614000,0
316616000,0
316618000,0
316620000,0
316622000,0
316624001,0
316626001,0
316628000,0
316630000,0
316632000,0
316634000,0
316636000,0
316638000,0
316640000,0
316642000,0
316644000,0
316646000,0
316648000,0
316650000,0
316652000,0
316654000,0
316656000,0
316658000,0
316660000,0
316662000,0
316664000,0
316666000,0
316668000,0
316670001,0
316672001,0
316674001,0
316676001,0
316678000,0
316680000,0
316682000,0
316684000,0
316686000,0
316688000,0
316690000,0
316692000,0
316694000,0
316696000,0
316698000,0
316700000,0
316702000,0
316704001,0
316706001,0
316708000,0
316710000,0
316712000,0
316714000,0
316716001,0
316718001,0
316720001,0
316722001,0
316724000,0
316726001,0
316728001,0
316730000,0
316732000,0
316734000,0
316736000,0
316738000,0
316740000,0
316742000,0
316744000,0
316746000,0
316748000,0
316750000,0
316752000,0
316754000,0
316756000,0
316758000,0
316760000,0
316762000,0
316764000,0
316766000,0
316768000,0
316770000,0
316772000,0
316774000,0
316776000,0
316778000,0
316780000,0
316782000,0
316784000,0
316786000,0
316788000,0
316790000,0
316792001,0
316794001,0
316796001,0
316798000,0
316800000,0
316802000,0
316804000,0
316806001,0
316808000,0
316810000,0
316812001,0
316814001,0
316816000,0
316818000,0
316820001,0
316822000,0
316824000,0
316826001,0
316828000,0
316830001,0
316832001,0
316834001,0
316836000,0
316838001,0
316840000,0
316842000,0
316844000,0
316846000,0
316848000,0
316850001,0
316852000,0
316854000,0
316856000,0
316858000,0
316860001,0
316862000,0
316864000,0
316866000,0
316868000,0
316870000,0
316872000,0
316874000,0
316876000,0
316878000,0
316880000,0
316882000,0
316884000,0
316886000,0
316888000,0
316890001,0
316892000,0
316894000,0
316896000,0
316898000,0
316900000,0
316902000,0
316904000,0
316906000,0
316908001,0
316910001,0
316912001,0
316914001,0
316916001,0
316918000,0
316920000,0
316922000,0
316924001,0
316926001,0
316928001,0
316930001,0
316932001,0
316934001,0
316936001,0
316938000,0
316940001,0
316942000,0
316944000,0
316946000,0
316948000,0
316950000,0
316952000,0
316954000,0
316956000,0
316958000,0
316960000,0
316962000,0
316964000,0
316966000,0
316968000,0
316970000,0
316972000,0
316974000,0
316976000,0
316978000,0
316980001,0
316982000,0
316984001,0
316986001,0
316988001,0
316990000,0
316992000,0
316994000,0
316996000,0
316998000,0
317000000,0
317002000,0
317004000,0
317006000,0
317008001,0
317010001,0
317012001,0
317014001,0
317016000,0
317018000,0
317020001,0
317022000,0
317024000,0
317026000,0
317028000,0
317030000,0
317032000,0
317034000,0
317036000,0
317038000,0
317040000,0
317042000,0
317044001,0
317046001,0
317048000,0
317050001,0
317052000,0
317054000,0
317056000,0
317058000,0
317060000,0
317062000,0
317064000,0
317066000,0
317068000,0
317070000,0
317072000,0
317074000,0
317076000,0
317078000,0
317080000,0
317082000,0
317084000,0
317086001,0
317088001,0
317090001,0
317092001,0
317094001,0
317096001,0
317098000,0
317100001,0
317102001,0
317104001,0
317106001,0
317108001,0
317110001,0
317112001,0
317114001,0
317116001,0
317118000,0
317120001,0
317122001,0
317124001,0
317126001,0
317128000,0
317130000,0
317132000,0
317134000,0
317136001,0
317138000,0
317140001,0
317142001,0
317144000,0
317146000,0
317148000,0
317150000,0
317152000,0
317154000,0
317156000,0
317158001,0
317160001,0
317162000,0
317164001,0
317166000,0
317168000,0
317170001,0
317172000,0
317174000,0
317176000,0
317178000,0
317180000,0
317182000,0
317184000,0
317186000,0
317188000,0
317190000,0
317192000,0
317194000,0
317196000,0
317198000,0
317200000,0
317202000,0
317204000,0
317206000,0
317208000,0
317210001,0
317212000,0
317214000,0
317216000,0
317218000,0
317220000,0
317222000,0
317224000,0
317226000,0
317228000,0
317230000,0
317232000,0
317234000,0
317236000,0
317238000,0
317240000,0
317242000,0
317244000,0
317246001,0
317248000,0
317250000,0
317252000,0
317254000,0
317256000,0
317258000,0
317260000,0
317262000,0
317264000,0
317266000,0
317268000,0
317270000,0
317272000,0
317274000,0
317276000,0
317278000,0
317280000,0
317282000,0
317284001,0
317286001,0
317288001,0
317290000,0
317292000,0
317294000,0
317296000,0
317298000,0
317300000,0
317302000,0
317304001,0
317306000,0
317308000,0
317310000,0
317312000,0
317314000,0
317316000,0
317318000,0
317320000,0
317322000,0
317324000,0
317326000,0
317328000,0
317330000,0
317332000,0
317334000,0
317336000,0
317338000,0
317340000,0
317342001,0
317344001,0
317346001,0
317348000,0
317350000,0
317352000,0
317354000,0
317356000,0
317358000,0
317360000,0
317362000,0
317364000,0
317366000,0
317368001,0
317370001,0
317372001,0
317374001,0
317376001,0
317378000,0
317380000,0
317382001,0
317384001,0
317386000,0
317388000,0
317390001,0
317392000,0
317394000,0
317396000,0
317398000,0
317400000,0
317402000,0
317404000,0
317406000,0
317408000,0
317410000,0
317412001,0
317414001,0
317416001,0
317418001,0
317420000,0
317422001,0
317424001,0
317426001,0
317428001,0
317430001,0
317432000,0
317434000,0
317436000,0
317438000,0
317440000,0
317442001,0
317444001,0
317446001,0
317448001,0
317450001,0
317452000,0
317454000,0
317456000,0
317458000,0
317460000,0
317462000,0
317464000,0
317466000,0
317468000,0
317470000,0
317472000,0
317474001,0
317476001,0
317478000,0
317480001,0
317482000,0
317484001,0
317486000,0
317488000,0
317490000,0
317492001,0
317494001,0
317496001,0
317498001,0
317500001,0
317502000,0
317504000,0
317506000,0
317508000,0
317510000,0
317512000,0
317514000,0
317516000,0
317518000,0
317520000,0
317522001,0
317524000,0
317526000,0
317528000,0
317530000,0
317532001,0
317534001,0
317536001,0
317538001,0
317540001,0
317542001,0
317544001,0
317546000,0
317548000,0
317550000,0
317552001,0
317554001,0
317556001,0
317558001,0
317560001,0
317562001,0
317564001,0
317566000,0
317568001,0
317570001,0
317572001,0
317574001,0
317576000,0
317578000,0
317580001,0
317582000,0
317584000,0
317586000,0
317588000,0
317590000,0
317592000,0
317594000,0
317596001,0
317598000,0
317600000,0
317602000,0
317604000,0
317606000,0
317608000,0
317610000,0
317612000,0
317614000,0
317616001,0
317618001,0
317620001,0
317622000,0
317624001,0
317626000,0
317628001,0
317630001,0
317632001,0
317634000,0
317636000,0
317638001,0
317640001,0
317642001,0
317644001,0
317646001,0
317648000,0
317650000,0
317652000,0
317654000,0
317656000,0
317658000,0
317660001,0
317662001,0
317664001,0
317666000,0
317668000,0
317670000,0
317672000,0
317674000,0
317676000,0
317678000,0
317680000,0
317682000,0
317684000,0
317686000,0
317688001,0
317690001,0
317692001,0
317694000,0
317696000,0
317698000,0
317700000,0
317702000,0
317704000,0
317706000,0
317708000,0
317710000,0
317712000,0
317714001,0
317716000,0
317718000,0
317720000,0
317722000,0
317724000,0
317726000,0
317728000,0
317730000,0
317732000,0
317734000,0
317736000,0
317738000,0
317740000,0
317742000,0
317744000,0
317746000,0
317748000,0
317750000,0
317752000,0
317754000,0
317756000,0
317758000,0
317760000,0
317762000,0
317764000,0
317766000,0
317768000,0
317770001,0
317772001,0
317774001,0
317776001,0
317778001,0
317780000,0
317782000,0
317784001,0
317786000,0
317788000,0
317790000,0
317792000,0
317794000,0
317796000,0
317798000,0
317800001,0
317802001,0
317804001,0
317806001,0
317808001,0
317810001,0
317812001,0
317814001,0
317816001,0
317818001,0
317820001,0
317822000,0
317824000,0
317826001,0
317828001,0
317830000,0
317832001,0
317834000,0
317836000,0
317838001,0
317840001,0
317842001,0
317844000,0
317846000,0
317848000,0
317850000,0
317852000,0
317854000,0
317856000,0
317858000,0
317860000,0
317862001,0
317864001,0
317866001,0
317868001,0
317870000,0
317872000,0
317874000,0
317876001,0
317878001,0
317880001,0
317882001,0
317884000,0
317886000,0
317888000,0
317890001,0
317892001,0
317894001,0
317896001,0
317898001,0
317900001,0
317902000,0
317904000,0
317906000,0
317908000,0
317910000,0
317912000,0
317914000,0
317916000,0
317918000,0
317920000,0
317922001,0
317924001,0
317926001,0
317928001,0
317930001,0
317932001,0
317934000,0
317936000,0
317938000,0
317940000,0
317942000,0
317944000,0
317946000,0
317948001,0
317950001,0
317952001,0
317954001,0
317956000,0
317958001,0
317960000,0
317962000,0
317964000,0
317966000,0
317968000,0
317970000,0
317972000,0
317974000,0
317976000,0
317978000,0
317980000,0
317982000,0
317984001,0
317986001,0
317988001,0
317990000,0
317992001,0
317994000,0
317996000,0
317998000,0
318000000,0
318002001,0
318004001,0
318006000,0
318008000,0
318010000,0
318012000,0
318014000,0
318016000,0
318018001,0
318020000,0
318022000,0
318024000,0
318026000,0
318028001,0
318030001,0
318032001,0
318034001,0
318036000,0
318038001,0
318040000,0
318042000,0
318044000,0
318046000,0
318048000,0
318050000,0
318052000,0
318054000,0
318056000,0
318058000,0
318060001,0
318062001,0
318064000,0
318066000,0
318068000,0
318070000,0
318072000,0
318074000,0
318076000,0
318078001,0
318080000,0
318082001,0
318084001,0
318086001,0
318088001,0
318090001,0
318092001,0
318094001,0
318096001,0
318098001,0
318100000,0
318102000,0
318104000,0
318106000,0
318108000,0
318110000,0
318112000,0
318114001,0
318116000,0
318118000,0
318120001,0
318122001,0
318124001,0
318126001,0
318128001,0
318130000,0
318132000,0
318134000,0
318136000,0
318138000,0
318140000,0
318142000,0
318144000,0
318146000,0
318148000,0
318150001,0
318152001,0
318154001,0
318156001,0
318158001,0
318160001,0
318162000,0
318164000,0
318166001,0
318168001,0
318170000,0
318172001,0
318174001,0
318176000,0
318178000,0
318180000,0
318182000,0
318184000,0
318186000,0
318188000,0
318190000,0
318192000,0
318194000,0
318196000,0
318198000,0
318200000,0
318202000,0
318204000,0
318206000,0
318208000,0
318210000,0
318212001,0
318214001,0
318216001,0
318218000,0
318220000,0
318222000,0
318224000,0
318226000,0
318228000,0
318230000,0
318232000,0
318234000,0
318236000,0
318238001,0
318240000,0
318242001,0
318244001,0
318246001,0
318248001,0
318250001,0
318252001,0
318254001,0
318256001,0
318258000,0
318260001,0
318262001,0
318264001,0
318266001,0
318268000,0
318270000,0
318272001,0
318274000,0
318276000,0
318278001,0
318280001,0
318282001,0
318284001,0
318286001,0
318288000,0
318290000,0
318292000,0
318294000,0
318296000,0
318298000,0
318300000,0
318302001,0
318304000,0
318306000,0
318308000,0
318310000,0
318312000,0
318314000,0
318316000,0
318318000,0
318320000,0
318322000,0
318324001,0
318326000,0
318328001,0
318330000,0
318332000,0
318334000,0
318336000,0
318338000,0
318340000,0
318342000,0
318344000,0
318346000,0
318348000,0
318350000,0
318352000,0
318354000,0
318356001,0
318358000,0
318360001,0
318362000,0
318364000,0
318366000,0
318368000,0
318370000,0
318372000,0
318374001,0
318376000,0
318378000,0
318380001,0
318382001,0
318384000,0
318386001,0
318388001,0
318390000,0
318392001,0
318394001,0
318396001,0
318398001,0
318400000,0
318402001,0
318404001,0
318406001,0
318408000,0
318410000,0
318412000,0
318414000,0
318416000,0
318418000,0
318420000,0
318422000,0
318424000,0
318426000,0
318428001,0
318430000,0
318432001,0
318434000,0
318436001,0
318438001,0
318440000,0
318442001,0
318444001,0
318446000,0
318448000,0
318450000,0
318452000,0
318454000,0
318456000,0
318458000,0
318460000,0
318462000,0
318464001,0
318466001,0
318468000,0
318470000,0
318472000,0
318474000,0
318476001,0
318478001,0
318480001,0
318482000,0
318484001,0
318486001,0
318488001,0
318490001,0
318492001,0
318494001,0
318496001,0
318498001,0
318500001,0
318502001,0
318504000,0
318506000,0
318508000,0
318510001,0
318512001,0
318514000,0
318516001,0
318518000,0
318520000,0
318522001,0
318524001,0
318526000,0
318528000,0
318530000,0
318532000,0
318534001,0
318536000,0
318538000,0
318540000,0
318542000,0
318544001,0
318546000,0
318548001,0
318550001,0
318552000,0
318554001,0
318556001,0
318558000,0
318560000,0
318562000,0
318564001,0
318566001,0
318568001,0
318570000,0
318572000,0
318574000,0
318576000,0
318578000,0
318580000,0
318582000,0
318584000,0
318586000,0
318588001,0
318590000,0
318592000,0
318594000,0
318596000,0
318598000,0
318600000,0
318602000,0
318604000,0
318606000,0
318608000,0
318610001,0
318612001,0
318614000,0
318616001,0
318618001,0
318620000,0
318622000,0
318624001,0
318626000,0
318628000,0
318630000,0
318632000,0
318634001,0
318636000,0
318638001,0
318640000,0
318642001,0
318644001,0
318646001,0
318648000,0
318650000,0
318652001,0
318654000,0
318656001,0
318658001,0
318660001,0
318662001,0
318664001,0
318666000,0
318668000,0
318670000,0
318672000,0
318674001,0
318676001,0
318678001,0
318680001,0
318682001,0
318684001,0
318686001,0
318688001,0
318690001,0
318692001,0
318694001,0
318696000,0
318698000,0
318700000,0
318702000,0
318704000,0
318706000,0
318708000,0
318710000,0
318712000,0
318714000,0
318716001,0
318718000,0
318720001,0
318722001,0
318724001,0
318726000,0
318728000,0
318730000,0
318732000,0
318734000,0
318736000,0
318738000,0
318740000,0
318742000,0
318744000,0
318746000,0
318748000,0
318750000,0
318752000,0
318754000,0
318756000,0
318758000,0
318760000,0
318762000,0
318764000,0
318766000,0
318768000,0
318770000,0
318772000,0
318774000,0
318776000,0
318778000,0
318780000,0
318782001,0
318784001,0
318786001,0
318788001,0
318790001,0
318792000,0
318794000,0
318796000,0
318798000,0
318800001,0
318802001,0
318804001,0
318806000,0
318808000,0
318810000,0
318812000,0
318814000,0
318816000,0
318818001,0
318820001,0
318822000,0
318824000,0
318826000,0
318828000,0
318830000,0
318832000,0
318834000,0
318836000,0
318838001,0
318840000,0
318842000,0
318844000,0
318846000,0
318848000,0
318850000,0
318852000,0
318854000,0
318856000,0
318858001,0
318860001,0
318862000,0
318864001,0
318866001,0
318868001,0
318870001,0
318872000,0
318874000,0
318876000,0
318878000,0
318880000,0
318882000,0
318884000,0
318886000,0
318888000,0
318890000,0
318892000,0
318894000,0
318896000,0
318898000,0
318900000,0
318902000,0
318904000,0
318906000,0
318908000,0
318910000,0
318912000,0
318914000,0
318916000,0
318918001,0
318920000,0
318922000,0
318924001,0
318926000,0
318928000,0
318930001,0
318932000,0
318934000,0
318936000,0
318938000,0
318940000,0
318942000,0
318944000,0
318946000,0
318948001,0
318950001,0
318952000,0
318954000,0
318956000,0
318958000,0
318960000,0
318962000,0
318964000,0
318966000,0
318968000,0
318970000,0
318972000,0
318974000,0
318976000,0
318978000,0
318980000,0
318982000,0
318984000,0
318986000,0
318988000,0
318990000,0
318992000,0
318994001,0
318996001,0
318998000,0
319000001,0
319002001,0
319004000,0
319006001,0
319008001,0
319010001,0
319012001,0
319014000,0
319016000,0
319018001,0
319020001,0
319022000,0
319024000,0
319026000,0
319028001,0
319030000,0
319032001,0
319034001,0
319036001,0
319038000,0
319040000,0
319042001,0
319044001,0
319046001,0
319048000,0
319050000,0
319052000,0
319054000,0
319056000,0
319058000,0
319060000,0
319062000,0
319064001,0
319066001,0
319068000,0
319070001,0
319072000,0
319074000,0
319076001,0
319078000,0
319080000,0
319082001,0
319084000,0
319086000,0
319088000,0
319090000,0
319092000,0
319094000,0
319096000,0
319098000,0
319100000,0
319102000,0
319104001,0
319106000,0
319108001,0
319110000,0
319112000,0
319114000,0
319116000,0
319118000,0
319120000,0
319122001,0
319124000,0
319126000,0
319128001,0
319130000,0
319132001,0
319134000,0
319136000,0
319138000,0
319140000,0
319142000,0
319144000,0
319146000,0
319148000,0
319150000,0
319152001,0
319154001,0
319156000,0
319158000,0
319160000,0
319162000,0
319164000,0
319166000,0
319168000,0
319170000,0
319172000,0
319174000,0
319176000,0
319178000,0
319180000,0
319182000,0
319184000,0
319186000,0
319188000,0
319190000,0
319192000,0
319194001,0
319196001,0
319198001,0
319200000,0
319202000,0
319204000,0
319206000,0
319208000,0
319210001,0
319212001,0
319214001,0
319216001,0
319218001,0
319220000,0
319222000,0
319224000,0
319226001,0
319228001,0
319230001,0
319232001,0
319234001,0
319236001,0
319238000,0
319240000,0
319242000,0
319244000,0
319246000,0
319248000,0
319250000,0
319252001,0
319254001,0
319256001,0
319258001,0
319260000,0
319262000,0
319264001,0
319266000,0
319268000,0
319270001,0
319272000,0
319274000,0
319276000,0
319278000,0
319280000,0
319282000,0
319284000,0
319286000,0
319288000,0
319290001,0
319292000,0
319294001,0
319296001,0
319298001,0
319300001,0
319302001,0
319304001,0
319306000,0
319308000,0
319310000,0
319312001,0
319314001,0
319316001,0
319318001,0
319320001,0
319322001,0
319324001,0
319326001,0
319328001,0
319330000,0
319332001,0
319334001,0
319336000,0
319338001,0
319340001,0
319342001,0
319344000,0
319346001,0
319348001,0
319350000,0
319352001,0
319354000,0
319356001,0
319358000,0
319360000,0
319362000,0
319364000,0
319366000,0
319368000,0
319370000,0
319372000,0
319374000,0
319376000,0
319378000,0
319380000,0
319382000,0
319384000,0
319386000,0
319388000,0
319390000,0
319392001,0
319394000,0
319396000,0
319398000,0
319400001,0
319402000,0
319404000,0
319406000,0
319408000,0
319410000,0
319412000,0
319414000,0
319416000,0
319418001,0
319420001,0
319422001,0
319424001,0
319426001,0
319428001,0
319430001,0
319432000,0
319434000,0
319436000,0
319438000,0
319440000,0
319442000,0
319444000,0
319446001,0
319448001,0
319450001,0
319452000,0
319454000,0
319456000,0
319458000,0
319460000,0
319462000,0
319464000,0
319466000,0
319468000,0
319470000,0
319472000,0
319474000,0
319476000,0
319478000,0
319480000,0
319482000,0
319484000,0
319486000,0
319488000,0
319490001,0
319492000,0
319494000,0
319496000,0
319498001,0
319500001,0
319502001,0
319504000,0
319506000,0
319508000,0
319510000,0
319512000,0
319514000,0
319516000,0
319518000,0
319520000,0
319522000,0
319524001,0
319526001,0
319528000,0
319530000,0
319532000,0
319534001,0
319536001,0
319538001,0
319540000,0
319542000,0
319544000,0
319546000,0
319548000,0
319550000,0
319552000,0
319554000,0
319556000,0
319558000,0
319560000,0
319562000,0
319564000,0
319566000,0
319568000,0
319570000,0
319572000,0
319574000,0
319576000,0
319578001,0
319580001,0
319582000,0
319584000,0
319586000,0
319588000,0
319590000,0
319592000,0
319594001,0
319596001,0
319598000,0
319600000,0
319602001,0
319604000,0
319606000,0
319608000,0
319610000,0
319612001,0
319614001,0
319616001,0
319618001,0
319620001,0
319622000,0
319624000,0
319626000,0
319628000,0
319630000,0
319632000,0
319634000,0
319636000,0
319638000,0
319640000,0
319642000,0
319644000,0
319646000,0
319648000,0
319650000,0
319652000,0
319654000,0
319656000,0
319658000,0
319660000,0
319662000,0
319664000,0
319666000,0
319668000,0
319670000,0
319672000,0
319674000,0
319676000,0
319678000,0
319680000,0
319682001,0
319684001,0
319686000,0
319688000,0
319690000,0
319692000,0
319694000,0
319696000,0
319698000,0
319700000,0
319702000,0
319704000,0
319706000,0
319708000,0
319710000,0
319712000,0
319714000,0
319716001,0
319718001,0
319720000,0
319722000,0
319724000,0
319726000,0
319728000,0
319730000,0
319732000,0
319734000,0
319736000,0
319738000,0
319740000,0
319742000,0
319744001,0
319746001,0
319748001,0
319750000,0
319752001,0
319754000,0
319756000,0
319758000,0
319760000,0
319762000,0
319764000,0
319766000,0
319768000,0
319770000,0
319772000,0
319774000,0
319776000,0
319778000,0
319780000,0
319782000,0
319784001,0
319786001,0
319788000,0
319790000,0
319792000,0
319794000,0
319796000,0
319798000,0
319800000,0
319802000,0
319804000,0
319806000,0
319808000,0
319810000,0
319812000,0
319814000,0
319816000,0
319818000,0
319820000,0
319822000,0
319824000,0
319826000,0
319828001,0
319830000,0
319832000,0
319834000,0
319836000,0
319838000,0
319840000,0
319842000,0
319844000,0
319846000,0
319848000,0
319850000,0
319852000,0
319854000,0
319856000,0
319858000,0
319860000,0
319862000,0
319864000,0
319866000,0
319868000,0
319870000,0
319872000,0
319874000,0
319876000,0
319878000,0
319880000,0
319882000,0
319884000,0
319886000,0
319888000,0
319890000,0
319892000,0
319894000,0
319896001,0
319898001,0
319900001,0
319902001,0
319904000,0
319906000,0
319908001,0
319910001,0
319912001,0
319914001,0
319916000,0
319918000,0
319920000,0
319922000,0
319924000,0
319926000,0
319928001,0
319930000,0
319932000,0
319934000,0
319936000,0
319938000,0
319940000,0
319942001,0
319944001,0
319946001,0
319948001,0
319950000,0
319952001,0
319954000,0
319956000,0
319958000,0
319960000,0
319962000,0
319964000,0
319966000,0
319968000,0
319970000,0
319972000,0
319974000,0
319976000,0
319978000,0
319980000,0
319982000,0
319984000,0
319986000,0
319988000,0
319990001,0
319992001,0
319994001,0
319996000,0
319998000,0
320000000,0
320002000,0
320004000,0
320006000,0
320008000,0
320010000,0
320012000,0
320014000,0
320016001,0
320018001,0
320020000,0
320022000,0
320024000,0
320026000,0
320028000,0
320030000,0
320032000,0
320034000,0
320036000,0
320038000,0
320040000,0
320042000,0
320044000,0
320046000,0
320048000,0
320050000,0
320052000,0
320054000,0
320056000,0
320058000,0
320060000,0
320062000,0
320064000,0
320066000,0
320068000,0
320070000,0
320072000,0
320074000,0
320076000,0
320078001,0
320080001,0
320082001,0
320084001,0
320086000,0
320088000,0
320090000,0
320092000,0
320094000,0
320096000,0
320098000,0
320100000,0
320102000,0
320104000,0
320106000,0
320108000,0
320110001,0
320112001,0
320114001,0
320116001,0
320118001,0
320120000,0
320122000,0
320124000,0
320126000,0
320128000,0
320130000,0
320132000,0
320134000,0
320136000,0
320138000,0
320140000,0
320142000,0
320144000,0
320146000,0
320148001,0
320150001,0
320152001,0
320154001,0
320156001,0
320158000,0
320160000,0
320162000,0
320164000,0
320166000,0
320168001,0
320170001,0
320172000,0
320174001,0
320176000,0
320178000,0
320180000,0
320182000,0
320184000,0
320186000,0
320188001,0
320190000,0
320192000,0
320194001,0
320196001,0
320198000,0
320200001,0
320202000,0
320204000,0
320206000,0
320208001,0
320210001,0
320212001,0
320214001,0
320216001,0
320218001,0
320220001,0
320222000,0
320224000,0
320226000,0
320228000,0
320230001,0
320232000,0
320234000,0
320236000,0
320238000,0
320240000,0
320242000,0
320244000,0
320246000,0
320248000,0
320250000,0
320252000,0
320254001,0
320256001,0
320258001,0
320260001,0
320262001,0
320264001,0
320266000,0
320268000,0
320270000,0
320272000,0
320274001,0
320276000,0
320278000,0
320280001,0
320282001,0
320284001,0
320286000,0
320288000,0
320290000,0
320292000,0
320294000,0
320296000,0
320298000,0
320300000,0
320302000,0
320304000,0
320306000,0
320308000,0
320310000,0
320312000,0
320314000,0
320316000,0
320318000,0
320320000,0
320322000,0
320324000,0
320326000,0
320328000,0
320330000,0
320332000,0
320334000,0
320336000,0
320338000,0
320340000,0
320342000,0
320344000,0
320346000,0
320348001,0
320350001,0
320352000,0
320354001,0
320356001,0
320358001,0
320360001,0
320362001,0
320364001,0
320366000,0
320368001,0
320370000,0
320372000,0
320374000,0
320376000,0
320378000,0
320380000,0
320382000,0
320384000,0
320386001,0
320388000,0
320390000,0
320392000,0
320394000,0
320396000,0
320398000,0
320400000,0
320402000,0
320404000,0
320406000,0
320408001,0
320410001,0
320412000,0
320414001,0
320416001,0
320418001,0
320420001,0
320422000,0
320424000,0
320426000,0
320428000,0
320430000,0
320432001,0
320434000,0
320436000,0
320438000,0
320440000,0
320442000,0
320444000,0
320446000,0
320448000,0
320450000,0
320452000,0
320454001,0
320456000,0
320458000,0
320460000,0
320462000,0
320464000,0
320466000,0
320468000,0
320470000,0
320472000,0
320474000,0
320476001,0
320478001,0
320480000,0
320482000,0
320484000,0
320486001,0
320488001,0
320490000,0
320492001,0
320494001,0
320496001,0
320498001,0
320500001,0
320502000,0
320504000,0
320506000,0
320508000,0
320510000,0
320512001,0
320514001,0
320516001,0
320518001,0
320520000,0
320522001,0
320524001,0
320526000,0
320528000,0
320530000,0
320532000,0
320534000,0
320536000,0
320538000,0
320540001,0
320542000,0
320544000,0
320546000,0
320548001,0
320550000,0
320552001,0
320554000,0
320556001,0
320558000,0
320560000,0
320562000,0
320564000,0
320566000,0
320568000,0
320570000,0
320572000,0
320574000,0
320576000,0
320578000,0
320580000,0
320582000,0
320584000,0
320586000,0
320588000,0
320590000,0
320592001,0
320594001,0
320596001,0
320598001,0
320600000,0
320602001,0
320604001,0
320606001,0
320608000,0
320610000,0
320612000,0
320614000,0
320616000,0
320618001,0
320620000,0
320622000,0
320624000,0
320626000,0
320628000,0
320630000,0
320632000,0
320634000,0
320636000,0
320638000,0
320640001,0
320642000,0
320644001,0
320646001,0
320648001,0
320650001,0
320652000,0
320654001,0
320656001,0
320658001,0
320660000,0
320662000,0
320664000,0
320666001,0
320668001,0
320670001,0
320672001,0
320674001,0
320676001,0
320678001,0
320680001,0
320682001,0
320684001,0
320686000,0
320688000,0
320690000,0
320692000,0
320694000,0
320696000,0
320698000,0
320700000,0
320702000,0
320704000,0
320706000,0
320708000,0
320710000,0
320712000,0
320714001,0
320716001,0
320718001,0
320720001,0
320722000,0
320724000,0
320726000,0
320728000,0
320730000,0
320732000,0
320734001,0
320736001,0
320738001,0
320740001,0
320742001,0
320744001,0
320746001,0
320748001,0
320750001,0
320752001,0
320754001,0
320756000,0
320758000,0
320760000,0
320762000,0
320764000,0
320766000,0
320768000,0
320770000,0
320772000,0
320774000,0
320776000,0
320778000,0
320780000,0
320782000,0
320784000,0
320786000,0
320788000,0
320790000,0
320792000,0
320794001,0
320796000,0
320798000,0
320800000,0
320802000,0
320804001,0
320806000,0
320808001,0
320810000,0
320812000,0
320814001,0
320816001,0
320818000,0
320820000,0
320822000,0
320824000,0
320826000,0
320828001,0
320830000,0
320832000,0
320834000,0
320836000,0
320838000,0
320840000,0
320842000,0
320844000,0
320846000,0
320848000,0
320850000,0
320852000,0
320854000,0
320856001,0
320858000,0
320860000,0
320862001,0
320864000,0
320866001,0
320868000,0
320870000,0
320872000,0
320874000,0
320876001,0
320878000,0
320880000,0
320882001,0
320884000,0
320886000,0
320888000,0
320890000,0
320892000,0
320894000,0
320896000,0
320898000,0
320900000,0
320902000,0
320904000,0
320906000,0
320908000,0
320910000,0
320912000,0
320914000,0
320916000,0
320918000,0
320920000,0
320922000,0
320924000,0
320926000,0
320928000,0
320930000,0
320932000,0
320934000,0
320936000,0
320938000,0
320940000,0
320942000,0
320944000,0
320946000,0
320948000,0
320950000,0
320952000,0
320954000,0
320956000,0
320958000,0
320960000,0
320962000,0
320964000,0
320966000,0
320968000,0
320970001,0
320972000,0
320974001,0
320976000,0
320978000,0
320980000,0
320982000,0
320984000,0
320986000,0
320988000,0
320990000,0
320992000,0
320994000,0
320996001,0
320998001,0
321000001,0
321002001,0
321004000,0
321006000,0
321008000,0
321010000,0
321012001,0
321014001,0
321016001,0
321018000,0
321020000,0
321022000,0
321024000,0
321026000,0
321028000,0
321030000,0
321032000,0
321034001,0
321036001,0
321038000,0
321040000,0
321042000,0
321044000,0
321046000,0
321048000,0
321050000,0
321052000,0
321054001,0
321056001,0
321058000,0
321060000,0
321062000,0
321064000,0
321066000,0
321068000,0
321070001,0
321072000,0
321074000,0
321076000,0
321078000,0
321080001,0
321082001,0
321084000,0
321086000,0
321088000,0
321090000,0
321092001,0
321094001,0
321096001,0
321098001,0
321100001,0
321102000,0
321104001,0
321106000,0
321108000,0
321110001,0
321112000,0
321114000,0
321116000,0
321118000,0
321120001,0
321122000,0
321124001,0
321126000,0
321128000,0
321130000,0
321132000,0
321134000,0
321136000,0
321138000,0
321140000,0
321142001,0
321144001,0
321146001,0
321148000,0
321150000,0
321152001,0
321154001,0
321156001,0
321158001,0
321160000,0
321162001,0
321164000,0
321166000,0
321168000,0
321170000,0
321172001,0
321174001,0
321176001,0
321178001,0
321180001,0
321182001,0
321184001,0
321186001,0
321188001,0
321190001,0
321192001,0
321194000,0
321196000,0
321198000,0
321200000,0
321202001,0
321204001,0
321206001,0
321208001,0
321210001,0
321212001,0
321214000,0
321216001,0
321218001,0
321220001,0
321222000,0
321224000,0
321226000,0
321228000,0
321230000,0
321232000,0
321234000,0
321236000,0
321238000,0
321240000,0
321242000,0
321244000,0
321246000,0
321248000,0
321250000,0
321252000,0
321254001,0
321256000,0
321258001,0
321260000,0
321262000,0
321264000,0
321266000,0
321268000,0
321270000,0
321272001,0
321274000,0
321276001,0
321278001,0
321280001,0
321282000,0
321284001,0
321286000,0
321288000,0
321290000,0
321292000,0
321294000,0
321296000,0
321298000,0
321300000,0
321302000,0
321304000,0
321306001,0
321308000,0
321310001,0
321312001,0
321314001,0
321316001,0
321318001,0
321320000,0
321322000,0
321324000,0
321326000,0
321328000,0
321330000,0
321332000,0
321334000,0
321336001,0
321338000,0
321340000,0
321342000,0
321344000,0
321346000,0
321348000,0
321350001,0
321352001,0
321354001,0
321356001,0
321358001,0
321360001,0
321362001,0
321364001,0
321366000,0
321368000,0
321370001,0
321372000,0
321374000,0
321376001,0
321378001,0
321380001,0
321382001,0
321384001,0
321386001,0
321388000,0
321390000,0
321392000,0
321394001,0
321396001,0
321398001,0
321400000,0
321402001,0
321404000,0
321406001,0
321408000,0
321410000,0
321412000,0
321414000,0
321416000,0
321418001,0
321420001,0
321422001,0
321424001,0
321426001,0
321428001,0
321430001,0
321432000,0
321434001,0
321436000,0
321438000,0
321440000,0
321442000,0
321444000,0
321446001,0
321448001,0
321450001,0
321452000,0
321454000,0
321456000,0
321458001,0
321460001,0
321462001,0
321464001,0
321466001,0
321468000,0
321470000,0
321472000,0
321474000,0
321476000,0
321478000,0
321480000,0
321482000,0
321484001,0
321486001,0
321488000,0
321490000,0
321492000,0
321494000,0
321496000,0
321498000,0
321500000,0
321502000,0
321504001,0
321506000,0
321508000,0
321510000,0
321512000,0
321514000,0
321516000,0
321518000,0
321520000,0
321522000,0
321524000,0
321526000,0
321528000,0
321530000,0
321532000,0
321534001,0
321536001,0
321538001,0
321540000,0
321542000,0
321544000,0
321546001,0
321548000,0
321550000,0
321552000,0
321554000,0
321556000,0
321558000,0
321560000,0
321562000,0
321564000,0
321566000,0
321568000,0
321570000,0
321572000,0
321574000,0
321576000,0
321578000,0
321580000,0
321582001,0
321584000,0
321586001,0
321588000,0
321590000,0
321592001,0
321594000,0
321596000,0
321598000,0
321600000,0
321602000,0
321604000,0
321606000,0
321608000,0
321610000,0
321612000,0
321614000,0
321616000,0
321618001,0
321620000,0
321622000,0
321624000,0
321626000,0
321628000,0
321630001,0
321632000,0
321634001,0
321636000,0
321638001,0
321640000,0
321642000,0
321644000,0
321646000,0
321648000,0
321650000,0
321652000,0
321654000,0
321656000,0
321658001,0
321660001,0
321662001,0
321664001,0
321666000,0
321668001,0
321670001,0
321672001,0
321674001,0
321676001,0
321678001,0
321680001,0
321682001,0
321684001,0
321686000,0
321688000,0
321690000,0
321692000,0
321694000,0
321696001,0
321698001,0
321700000,0
321702001,0
321704001,0
321706001,0
321708000,0
321710000,0
321712000,0
321714000,0
321716000,0
321718000,0
321720000,0
321722001,0
321724001,0
321726001,0
321728000,0
321730000,0
321732000,0
321734001,0
321736001,0
321738000,0
321740001,0
321742001,0
321744000,0
321746001,0
321748001,0
321750001,0
321752001,0
321754000,0
321756000,0
321758000,0
321760000,0
321762000,0
321764000,0
321766000,0
321768000,0
321770001,0
321772000,0
321774001,0
321776000,0
321778000,0
321780000,0
321782000,0
321784000,0
321786000,0
321788000,0
321790000,0
321792000,0
321794000,0
321796000,0
321798000,0
321800000,0
321802000,0
321804000,0
321806000,0
321808000,0
321810000,0
321812001,0
321814001,0
321816001,0
321818001,0
321820001,0
321822000,0
321824000,0
321826000,0
321828000,0
321830000,0
321832001,0
321834001,0
321836001,0
321838001,0
321840001,0
321842001,0
321844001,0
321846001,0
321848001,0
321850001,0
321852001,0
321854000,0
321856001,0
321858001,0
321860001,0
321862001,0
321864000,0
321866000,0
321868001,0
321870001,0
321872000,0
321874000,0
321876000,0
321878000,0
321880000,0
321882000,0
321884000,0
321886000,0
321888000,0
321890000,0
321892000,0
321894000,0
321896000,0
321898000,0
321900000,0
321902000,0
321904000,0
321906000,0
321908000,0
321910000,0
321912000,0
321914000,0
321916000,0
321918000,0
321920000,0
321922000,0
321924000,0
321926000,0
321928000,0
321930000,0
321932000,0
321934000,0
321936000,0
321938000,0
321940000,0
321942001,0
321944001,0
321946001,0
321948000,0
321950001,0
321952001,0
321954001,0
321956000,0
321958000,0
321960000,0
321962001,0
321964000,0
321966000,0
321968000,0
321970000,0
321972001,0
321974001,0
321976001,0
321978001,0
321980000,0
321982000,0
321984000,0
321986000,0
321988000,0
321990000,0
321992000,0
321994000,0
321996000,0
321998000,0
322000000,0
322002000,0
322004000,0
322006000,0
322008001,0
322010001,0
322012001,0
322014001,0
322016001,0
322018001,0
322020000,0
322022000,0
322024000,0
322026000,0
322028000,0
322030000,0
322032000,0
322034000,0
322036000,0
322038000,0
322040001,0
322042001,0
322044001,0
322046001,0
322048000,0
322050000,0
322052000,0
322054000,0
322056000,0
322058000,0
322060001,0
322062001,0
322064001,0
322066001,0
322068001,0
322070001,0
322072000,0
322074000,0
322076001,0
322078001,0
322080001,0
322082000,0
322084000,0
322086000,0
322088000,0
322090000,0
322092000,0
322094000,0
322096000,0
322098000,0
322100000,0
322102000,0
322104000,0
322106000,0
322108001,0
322110000,0
322112000,0
322114000,0
322116001,0
322118001,0
322120001,0
322122000,0
322124000,0
322126000,0
322128001,0
322130001,0
322132000,0
322134001,0
322136001,0
322138001,0
322140001,0
322142001,0
322144000,0
322146000,0
322148001,0
322150000,0
322152000,0
322154000,0
322156000,0
322158000,0
322160000,0
322162000,0
322164000,0
322166000,0
322168000,0
322170001,0
322172001,0
322174001,0
322176001,0
322178001,0
322180001,0
322182001,0
322184000,0
322186000,0
322188000,0
322190000,0
322192000,0
322194000,0
322196000,0
322198000,0
322200000,0
322202000,0
322204000,0
322206000,0
322208000,0
322210001,0
322212001,0
322214000,0
322216000,0
322218000,0
322220000,0
322222000,0
322224000,0
322226000,0
322228000,0
322230000,0
322232000,0
322234001,0
322236001,0
322238001,0
322240001,0
322242001,0
322244001,0
322246000,0
322248000,0
322250001,0
322252000,0
322254000,0
322256001,0
322258001,0
322260001,0
322262001,0
322264000,0
322266001,0
322268000,0
322270000,0
322272000,0
322274000,0
322276000,0
322278001,0
322280001,0
322282001,0
322284001,0
322286001,0
322288000,0
322290000,0
322292000,0
322294000,0
322296000,0
322298000,0
322300001,0
322302001,0
322304001,0
322306000,0
322308000,0
322310001,0
322312001,0
322314001,0
322316001,0
322318000,0
322320000,0
322322000,0
322324000,0
322326001,0
322328001,0
322330001,0
322332001,0
322334000,0
322336001,0
322338001,0
322340001,0
322342000,0
322344000,0
322346000,0
322348000,0
322350000,0
322352000,0
322354000,0
322356000,0
322358001,0
322360000,0
322362001,0
322364001,0
322366001,0
322368001,0
322370000,0
322372000,0
322374000,0
322376000,0
322378000,0
322380000,0
322382000,0
322384000,0
322386000,0
322388000,0
322390000,0
322392000,0
322394000,0
322396000,0
322398000,0
322400000,0
322402000,0
322404000,0
322406000,0
322408000,0
322410000,0
322412000,0
322414001,0
322416000,0
322418000,0
322420000,0
322422001,0
322424001,0
322426001,0
322428000,0
322430000,0
322432000,0
322434000,0
322436001,0
322438001,0
322440001,0
322442000,0
322444001,0
322446001,0
322448001,0
322450001,0
322452001,0
322454001,0
322456000,0
322458001,0
322460001,0
322462000,0
322464000,0
322466000,0
322468000,0
322470001,0
322472000,0
322474000,0
322476000,0
322478000,0
322480000,0
322482000,0
322484001,0
322486001,0
322488000,0
322490000,0
322492000,0
322494000,0
322496000,0
322498000,0
322500000,0
322502000,0
322504001,0
322506001,0
322508001,0
322510001,0
322512000,0
322514000,0
322516000,0
322518000,0
322520000,0
322522000,0
322524000,0
322526001,0
322528000,0
322530000,0
322532000,0
322534000,0
322536000,0
322538000,0
322540000,0
322542000,0
322544000,0
322546000,0
322548000,0
322550000,0
322552001,0
322554000,0
322556000,0
322558000,0
322560000,0
322562000,0
322564000,0
322566000,0
322568000,0
322570000,0
322572000,0
322574000,0
322576000,0
322578000,0
322580001,0
322582001,0
322584001,0
322586001,0
322588000,0
322590000,0
322592000,0
322594000,0
322596000,0
322598000,0
322600000,0
322602000,0
322604000,0
322606000,0
322608000,0
322610001,0
322612001,0
322614000,0
322616001,0
322618001,0
322620001,0
322622000,0
322624000,0
322626000,0
322628000,0
322630001,0
322632000,0
322634000,0
322636000,0
322638000,0
322640000,0
322642000,0
322644000,0
322646000,0
322648000,0
322650001,0
322652001,0
322654001,0
322656001,0
322658001,0
322660000,0
322662000,0
322664001,0
322666001,0
322668001,0
322670000,0
322672001,0
322674001,0
322676001,0
322678001,0
322680001,0
322682000,0
322684000,0
322686000,0
322688000,0
322690000,0
322692000,0
322694000,0
322696000,0
322698000,0
322700000,0
322702000,0
322704000,0
322706000,0
322708000,0
322710000,0
322712000,0
322714000,0
322716000,0
322718000,0
322720000,0
322722001,0
322724000,0
322726000,0
322728000,0
322730000,0
322732000,0
322734000,0
322736001,0
322738000,0
322740000,0
322742000,0
322744000,0
322746000,0
322748000,0
322750000,0
322752000,0
322754000,0
322756000,0
322758000,0
322760000,0
322762001,0
322764001,0
322766000,0
322768000,0
322770000,0
322772000,0
322774000,0
322776000,0
322778000,0
322780000,0
322782000,0
322784000,0
322786000,0
322788000,0
322790000,0
322792000,0
322794001,0
322796000,0
322798000,0
322800000,0
322802000,0
322804000,0
322806000,0
322808000,0
322810000,0
322812001,0
322814000,0
322816001,0
322818000,0
322820000,0
322822001,0
322824001,0
322826001,0
322828000,0
322830000,0
322832000,0
322834000,0
322836000,0
322838000,0
322840000,0
322842000,0
322844000,0
322846000,0
322848000,0
322850000,0
322852000,0
322854001,0
322856000,0
322858001,0
322860001,0
322862001,0
322864001,0
322866001,0
322868001,0
322870001,0
322872000,0
322874001,0
322876001,0
322878000,0
322880000,0
322882000,0
322884000,0
322886000,0
322888000,0
322890000,0
322892000,0
322894000,0
322896001,0
322898001,0
322900001,0
322902000,0
322904000,0
322906000,0
322908000,0
322910000,0
322912000,0
322914001,0
322916001,0
322918000,0
322920000,0
322922000,0
322924000,0
322926000,0
322928000,0
322930000,0
322932001,0
322934001,0
322936001,0
322938000,0
322940000,0
322942001,0
322944001,0
322946001,0
322948001,0
322950000,0
322952000,0
322954000,0
322956000,0
322958000,0
322960000,0
322962001,0
322964001,0
322966001,0
322968000,0
322970001,0
322972001,0
322974000,0
322976001,0
322978000,0
322980000,0
322982000,0
322984000,0
322986000,0
322988001,0
322990001,0
322992001,0
322994000,0
322996000,0
322998000,0
323000000,0
323002000,0
323004000,0
323006000,0
323008000,0
323010000,0
323012000,0
323014001,0
323016001,0
323018001,0
323020001,0
323022001,0
323024001,0
323026001,0
323028001,0
323030000,0
323032001,0
323034000,0
323036000,0
323038000,0
323040000,0
323042000,0
323044000,0
323046000,0
323048000,0
323050000,0
323052000,0
323054001,0
323056001,0
323058000,0
323060001,0
323062001,0
323064001,0
323066001,0
323068001,0
323070001,0
323072000,0
323074001,0
323076001,0
323078001,0
323080000,0
323082001,0
323084001,0
323086001,0
323088000,0
323090001,0
323092001,0
323094001,0
323096000,0
323098001,0
323100001,0
323102001,0
323104001,0
323106000,0
323108001,0
323110001,0
323112001,0
323114001,0
323116001,0
323118001,0
323120000,0
323122000,0
323124000,0
323126000,0
323128001,0
323130000,0
323132000,0
323134000,0
323136000,0
323138001,0
323140000,0
323142000,0
323144001,0
323146001,0
323148001,0
323150000,0
323152001,0
323154001,0
323156001,0
323158001,0
323160001,0
323162000,0
323164000,0
323166001,0
323168001,0
323170000,0
323172000,0
323174000,0
323176000,0
323178001,0
323180001,0
323182000,0
323184000,0
323186000,0
323188000,0
323190000,0
323192000,0
323194000,0
323196000,0
323198000,0
323200000,0
323202000,0
323204000,0
323206001,0
323208000,0
323210000,0
323212000,0
323214000,0
323216000,0
323218000,0
323220001,0
323222000,0
323224000,0
323226001,0
323228001,0
323230001,0
323232001,0
323234000,0
323236001,0
323238001,0
323240001,0
323242000,0
323244000,0
323246001,0
323248001,0
323250000,0
323252001,0
323254001,0
323256000,0
323258001,0
323260000,0
323262001,0
323264001,0
323266001,0
323268000,0
323270000,0
323272001,0
323274001,0
323276001,0
323278000,0
323280000,0
323282000,0
323284000,0
323286000,0
323288000,0
323290000,0
323292000,0
323294000,0
323296000,0
323298000,0
323300001,0
323302001,0
323304001,0
323306000,0
323308000,0
323310000,0
323312000,0
323314000,0
323316000,0
323318001,0
323320001,0
323322000,0
323324000,0
323326001,0
323328000,0
323330000,0
323332000,0
323334001,0
323336001,0
323338001,0
323340001,0
323342000,0
323344000,0
323346000,0
323348000,0
323350001,0
323352001,0
323354001,0
323356001,0
323358001,0
323360001,0
323362001,0
323364001,0
323366000,0
323368000,0
323370000,0
323372001,0
323374000,0
323376000,0
323378000,0
323380000,0
323382000,0
323384001,0
323386000,0
323388001,0
323390000,0
323392000,0
323394000,0
323396000,0
323398000,0
323400000,0
323402000,0
323404000,0
323406000,0
323408001,0
323410001,0
323412000,0
323414001,0
323416001,0
323418000,0
323420000,0
323422000,0
323424000,0
323426000,0
323428000,0
323430000,0
323432000,0
323434000,0
323436000,0
323438000,0
323440000,0
323442000,0
323444000,0
323446001,0
323448001,0
323450000,0
323452001,0
323454001,0
323456000,0
323458001,0
323460000,0
323462000,0
323464000,0
323466000,0
323468000,0
323470000,0
323472000,0
323474000,0
323476000,0
323478000,0
323480000,0
323482001,0
323484001,0
323486000,0
323488000,0
323490000,0
323492000,0
323494001,0
323496001,0
323498000,0
323500000,0
323502000,0
323504000,0
323506000,0
323508000,0
323510000,0
323512001,0
323514001,0
323516001,0
323518000,0
323520000,0
323522000,0
323524000,0
323526001,0
323528001,0
323530001,0
323532001,0
323534000,0
323536000,0
323538000,0
323540000,0
323542001,0
323544001,0
323546000,0
323548001,0
323550000,0
323552000,0
323554000,0
323556000,0
323558000,0
323560000,0
323562000,0
323564000,0
323566000,0
323568000,0
323570000,0
323572000,0
323574000,0
323576000,0
323578000,0
323580001,0
323582001,0
323584001,0
323586001,0
323588001,0
323590001,0
323592001,0
323594000,0
323596001,0
323598000,0
323600000,0
323602000,0
323604000,0
323606000,0
323608000,0
323610000,0
323612000,0
323614000,0
323616000,0
323618000,0
323620000,0
323622000,0
323624000,0
323626000,0
323628000,0
323630000,0
323632000,0
323634000,0
323636000,0
323638000,0
323640000,0
323642001,0
323644001,0
323646000,0
323648000,0
323650000,0
323652000,0
323654000,0
323656000,0
323658000,0
323660000,0
323662001,0
323664000,0
323666001,0
323668000,0
323670000,0
323672000,0
323674000,0
323676000,0
323678000,0
323680001,0
323682000,0
323684000,0
323686000,0
323688000,0
323690000,0
323692000,0
323694000,0
323696000,0
323698001,0
323700001,0
323702001,0
323704001,0
323706000,0
323708001,0
323710001,0
323712001,0
323714000,0
323716000,0
323718000,0
323720000,0
323722000,0
323724000,0
323726000,0
323728000,0
323730000,0
323732000,0
323734000,0
323736001,0
323738000,0
323740001,0
323742000,0
323744000,0
323746000,0
323748000,0
323750000,0
323752000,0
323754000,0
323756000,0
323758000,0
323760000,0
323762000,0
323764000,0
323766001,0
323768001,0
323770001,0
323772000,0
323774001,0
323776000,0
323778000,0
323780000,0
323782000,0
323784000,0
323786001,0
323788000,0
323790000,0
323792000,0
323794000,0
323796000,0
323798001,0
323800001,0
323802001,0
323804001,0
323806000,0
323808001,0
323810001,0
323812001,0
323814001,0
323816001,0
323818001,0
323820001,0
323822000,0
323824000,0
323826000,0
323828000,0
323830000,0
323832000,0
323834000,0
323836000,0
323838000,0
323840000,0
323842000,0
323844000,0
323846000,0
323848000,0
323850000,0
323852000,0
323854001,0
323856001,0
323858001,0
323860001,0
323862001,0
323864001,0
323866000,0
323868000,0
323870000,0
323872000,0
323874000,0
323876000,0
323878001,0
323880000,0
323882000,0
323884000,0
323886000,0
323888000,0
323890000,0
323892000,0
323894000,0
323896000,0
323898000,0
323900000,0
323902000,0
323904000,0
323906000,0
323908000,0
323910000,0
323912000,0
323914000,0
323916000,0
323918000,0
323920001,0
323922000,0
323924001,0
323926001,0
323928001,0
323930001,0
323932001,0
323934000,0
323936001,0
323938000,0
323940001,0
323942001,0
323944000,0
323946000,0
323948000,0
323950000,0
323952000,0
323954000,0
323956000,0
323958000,0
323960001,0
323962001,0
323964001,0
323966000,0
323968000,0
323970001,0
323972001,0
323974001,0
323976001,0
323978000,0
323980000,0
323982000,0
323984000,0
323986000,0
323988001,0
323990001,0
323992001,0
323994000,0
323996001,0
323998001,0
324000001,0
324002001,0
324004001,0
324006001,0
324008000,0
324010000,0
324012000,0
324014000,0
324016001,0
324018000,0
324020001,0
324022000,0
324024000,0
324026000,0
324028000,0
324030001,0
324032001,0
324034000,0
324036000,0
324038001,0
324040000,0
324042001,0
324044001,0
324046001,0
324048000,0
324050001,0
324052000,0
324054001,0
324056001,0
324058000,0
324060000,0
324062000,0
324064000,0
324066000,0
324068000,0
324070000,0
324072000,0
324074000,0
324076000,0
324078000,0
324080000,0
324082000,0
324084001,0
324086001,0
324088001,0
324090000,0
324092001,0
324094000,0
324096001,0
324098000,0
324100001,0
324102001,0
324104001,0
324106001,0
324108001,0
324110001,0
324112000,0
324114000,0
324116000,0
324118000,0
324120000,0
324122000,0
324124000,0
324126001,0
324128001,0
324130001,0
324132001,0
324134000,0
324136000,0
324138000,0
324140000,0
324142000,0
324144000,0
324146000,0
324148000,0
324150000,0
324152000,0
324154000,0
324156000,0
324158000,0
324160000,0
324162000,0
324164001,0
324166001,0
324168001,0
324170000,0
324172000,0
324174000,0
324176000,0
324178000,0
324180000,0
324182000,0
324184001,0
324186001,0
324188001,0
324190000,0
324192000,0
324194001,0
324196001,0
324198000,0
324200001,0
324202001,0
324204000,0
324206000,0
324208000,0
324210000,0
324212000,0
324214000,0
324216000,0
324218000,0
324220000,0
324222000,0
324224000,0
324226000,0
324228000,0
324230000,0
324232000,0
324234000,0
324236001,0
324238000,0
324240000,0
324242000,0
324244000,0
324246000,0
324248000,0
324250000,0
324252001,0
324254001,0
324256000,0
324258001,0
324260000,0
324262000,0
324264000,0
324266000,0
324268000,0
324270000,0
324272000,0
324274000,0
324276000,0
324278000,0
324280000,0
324282000,0
324284000,0
324286000,0
324288001,0
324290000,0
324292000,0
324294001,0
324296001,0
324298001,0
324300000,0
324302000,0
324304000,0
324306000,0
324308001,0
324310001,0
324312001,0
324314000,0
324316000,0
324318000,0
324320000,0
324322000,0
324324000,0
324326000,0
324328000,0
324330000,0
324332000,0
324334001,0
324336001,0
324338001,0
324340000,0
324342001,0
324344000,0
324346000,0
324348001,0
324350000,0
324352001,0
324354001,0
324356000,0
324358001,0
324360001,0
324362001,0
324364001,0
324366001,0
324368000,0
324370000,0
324372000,0
324374000,0
324376000,0
324378000,0
324380000,0
324382000,0
324384000,0
324386001,0
324388001,0
324390001,0
324392001,0
324394001,0
324396000,0
324398001,0
324400001,0
324402000,0
324404000,0
324406000,0
324408000,0
324410000,0
324412000,0
324414000,0
324416001,0
324418000,0
324420000,0
324422000,0
324424000,0
324426000,0
324428001,0
324430001,0
324432000,0
324434000,0
324436001,0
324438001,0
324440001,0
324442001,0
324444001,0
324446001,0
324448001,0
324450001,0
324452001,0
324454001,0
324456001,0
324458001,0
324460001,0
324462001,0
324464000,0
324466000,0
324468000,0
324470000,0
324472000,0
324474000,0
324476001,0
324478001,0
324480001,0
324482001,0
324484000,0
324486000,0
324488000,0
324490001,0
324492000,0
324494000,0
324496000,0
324498000,0
324500000,0
324502000,0
324504000,0
324506000,0
324508000,0
324510000,0
324512000,0
324514000,0
324516000,0
324518000,0
324520000,0
324522000,0
324524000,0
324526000,0
324528001,0
324530001,0
324532001,0
324534001,0
324536000,0
324538000,0
324540000,0
324542000,0
324544000,0
324546000,0
324548000,0
324550000,0
324552000,0
324554000,0
324556000,0
324558000,0
324560000,0
324562000,0
324564000,0
324566000,0
324568000,0
324570000,0
324572000,0
324574001,0
324576001,0
324578001,0
324580001,0
324582001,0
324584001,0
324586000,0
324588000,0
324590000,0
324592000,0
324594000,0
324596001,0
324598000,0
324600000,0
324602000,0
324604000,0
324606000,0
324608000,0
324610000,0
324612000,0
324614001,0
324616000,0
324618000,0
324620000,0
324622001,0
324624000,0
324626000,0
324628000,0
324630000,0
324632000,0
324634001,0
324636000,0
324638000,0
324640001,0
324642000,0
324644001,0
324646001,0
324648001,0
324650000,0
324652000,0
324654000,0
324656000,0
324658000,0
324660000,0
324662000,0
324664000,0
324666000,0
324668000,0
324670001,0
324672000,0
324674000,0
324676000,0
324678001,0
324680001,0
324682001,0
324684000,0
324686000,0
324688000,0
324690000,0
324692000,0
324694000,0
324696000,0
324698001,0
324700001,0
324702001,0
324704001,0
324706000,0
324708001,0
324710001,0
324712001,0
324714001,0
324716001,0
324718001,0
324720000,0
324722000,0
324724000,0
324726000,0
324728000,0
324730000,0
324732000,0
324734001,0
324736000,0
324738001,0
324740001,0
324742000,0
324744000,0
324746000,0
324748000,0
324750000,0
324752000,0
324754000,0
324756000,0
324758000,0
324760000,0
324762000,0
324764000,0
324766000,0
324768000,0
324770000,0
324772000,0
324774000,0
324776000,0
324778000,0
324780000,0
324782000,0
324784000,0
324786000,0
324788001,0
324790001,0
324792000,0
324794000,0
324796000,0
324798001,0
324800001,0
324802000,0
324804000,0
324806000,0
324808000,0
324810001,0
324812000,0
324814000,0
324816001,0
324818001,0
324820001,0
324822000,0
324824001,0
324826001,0
324828000,0
324830001,0
324832001,0
324834001,0
324836001,0
324838001,0
324840001,0
324842001,0
324844001,0
324846001,0
324848000,0
324850000,0
324852000,0
324854000,0
324856000,0
324858000,0
324860000,0
324862000,0
324864000,0
324866000,0
324868000,0
324870001,0
324872000,0
324874000,0
324876001,0
324878000,0
324880000,0
324882000,0
324884000,0
324886000,0
324888000,0
324890000,0
324892000,0
324894000,0
324896001,0
324898001,0
324900000,0
324902000,0
324904000,0
324906000,0
324908000,0
324910001,0
324912000,0
324914000,0
324916001,0
324918001,0
324920000,0
324922000,0
324924000,0
324926000,0
324928000,0
324930000,0
324932000,0
324934000,0
324936000,0
324938000,0
324940000,0
324942000,0
324944000,0
324946000,0
324948000,0
324950000,0
324952000,0
324954000,0
324956000,0
324958000,0
324960000,0
324962000,0
324964000,0
324966000,0
324968000,0
324970000,0
324972000,0
324974000,0
324976000,0
324978001,0
324980000,0
324982000,0
324984000,0
324986000,0
324988000,0
324990000,0
324992000,0
324994000,0
324996000,0
324998001,0
325000000,0
325002000,0
325004000,0
325006000,0
325008000,0
325010000,0
325012000,0
325014000,0
325016000,0
325018000,0
325020000,0
325022000,0
325024000,0
325026000,0
325028001,0
325030001,0
325032001,0
325034001,0
325036001,0
325038000,0
325040000,0
325042001,0
325044000,0
325046001,0
325048000,0
325050000,0
325052000,0
325054000,0
325056000,0
325058000,0
325060000,0
325062000,0
325064000,0
325066000,0
325068000,0
325070000,0
325072000,0
325074000,0
325076000,0
325078000,0
325080000,0
325082000,0
325084000,0
325086001,0
325088001,0
325090001,0
325092001,0
325094000,0
325096000,0
325098001,0
325100000,0
325102000,0
325104001,0
325106000,0
325108000,0
325110000,0
325112000,0
325114000,0
325116001,0
325118000,0
325120000,0
325122000,0
325124000,0
325126001,0
325128001,0
325130000,0
325132000,0
325134000,0
325136000,0
325138000,0
325140001,0
325142000,0
325144000,0
325146000,0
325148000,0
325150000,0
325152001,0
325154001,0
325156001,0
325158001,0
325160000,0
325162000,0
325164000,0
325166000,0
325168000,0
325170000,0
325172000,0
325174000,0
325176000,0
325178000,0
325180000,0
325182000,0
325184000,0
325186000,0
325188000,0
325190000,0
325192000,0
325194000,0
325196000,0
325198000,0
325200000,0
325202000,0
325204000,0
325206000,0
325208000,0
325210000,0
325212000,0
325214000,0
325216000,0
325218000,0
325220000,0
325222000,0
325224000,0
325226001,0
325228000,0
325230001,0
325232000,0
325234000,0
325236000,0
325238000,0
325240000,0
325242000,0
325244001,0
325246001,0
325248000,0
325250000,0
325252000,0
325254000,0
325256001,0
325258000,0
325260000,0
325262000,0
325264000,0
325266000,0
325268000,0
325270000,0
325272000,0
325274000,0
325276000,0
325278000,0
325280001,0
325282000,0
325284000,0
325286000,0
325288000,0
325290000,0
325292000,0
325294000,0
325296000,0
325298000,0
325300000,0
325302000,0
325304000,0
325306001,0
325308000,0
325310000,0
325312000,0
325314000,0
325316000,0
325318000,0
325320000,0
325322000,0
325324000,0
325326000,0
325328000,0
325330000,0
325332000,0
325334000,0
325336001,0
325338001,0
325340000,0
325342000,0
325344001,0
325346001,0
325348001,0
325350000,0
325352001,0
325354001,0
325356000,0
325358001,0
325360001,0
325362001,0
325364001,0
325366001,0
325368000,0
325370001,0
325372000,0
325374000,0
325376000,0
325378000,0
325380000,0
325382001,0
325384001,0
325386001,0
325388000,0
325390001,0
325392000,0
325394001,0
325396000,0
325398001,0
325400001,0
325402001,0
325404001,0
325406001,0
325408001,0
325410001,0
325412001,0
325414001,0
325416001,0
325418000,0
325420001,0
325422001,0
325424000,0
325426000,0
325428000,0
325430000,0
325432001,0
325434001,0
325436001,0
325438001,0
325440001,0
325442001,0
325444001,0
325446001,0
325448001,0
325450001,0
325452000,0
325454000,0
325456000,0
325458000,0
325460000,0
325462001,0
325464001,0
325466001,0
325468001,0
325470001,0
325472000,0
325474000,0
325476000,0
325478001,0
325480001,0
325482000,0
325484000,0
325486001,0
325488001,0
325490001,0
325492001,0
325494001,0
325496001,0
325498001,0
325500000,0
325502000,0
325504000,0
325506000,0
325508000,0
325510000,0
325512000,0
325514000,0
325516000,0
325518000,0
325520001,0
325522001,0
325524001,0
325526001,0
325528001,0
325530000,0
325532000,0
325534001,0
325536001,0
325538001,0
325540000,0
325542000,0
325544000,0
325546000,0
325548000,0
325550000,0
325552000,0
325554001,0
325556001,0
325558001,0
325560000,0
325562000,0
325564000,0
325566000,0
325568000,0
325570000,0
325572000,0
325574000,0
325576000,0
325578000,0
325580001,0
325582001,0
325584000,0
325586000,0
325588000,0
325590000,0
325592000,0
325594001,0
325596000,0
325598000,0
325600000,0
325602000,0
325604000,0
325606000,0
325608000,0
325610000,0
325612000,0
325614000,0
325616000,0
325618000,0
325620000,0
325622000,0
325624000,0
325626000,0
325628001,0
325630001,0
325632001,0
325634000,0
325636000,0
325638000,0
325640000,0
325642001,0
325644001,0
325646001,0
325648000,0
325650000,0
325652000,0
325654000,0
325656000,0
325658000,0
325660001,0
325662000,0
325664000,0
325666000,0
325668000,0
325670000,0
325672000,0
325674000,0
325676000,0
325678001,0
325680001,0
325682001,0
325684001,0
325686000,0
325688000,0
325690000,0
325692000,0
325694000,0
325696000,0
325698000,0
325700000,0
325702001,0
325704001,0
325706001,0
325708001,0
325710000,0
325712000,0
325714000,0
325716000,0
325718000,0
325720000,0
325722000,0
325724001,0
325726001,0
325728001,0
325730000,0
325732001,0
325734001,0
325736000,0
325738001,0
325740001,0
325742001,0
325744001,0
325746001,0
325748001,0
325750001,0
325752001,0
325754000,0
325756001,0
325758001,0
325760000,0
325762000,0
325764000,0
325766001,0
325768001,0
325770000,0
325772001,0
325774001,0
325776001,0
325778001,0
325780001,0
325782001,0
325784001,0
325786001,0
325788001,0
325790000,0
325792001,0
325794001,0
325796000,0
325798001,0
325800000,0
325802000,0
325804000,0
325806001,0
325808001,0
325810001,0
325812000,0
325814000,0
325816000,0
325818000,0
325820000,0
325822001,0
325824000,0
325826000,0
325828001,0
325830000,0
325832000,0
325834001,0
325836001,0
325838001,0
325840001,0
325842001,0
325844001,0
325846000,0
325848000,0
325850000,0
325852000,0
325854001,0
325856000,0
325858000,0
325860000,0
325862000,0
325864001,0
325866001,0
325868001,0
325870001,0
325872000,0
325874001,0
325876001,0
325878000,0
325880000,0
325882000,0
325884001,0
325886000,0
325888000,0
325890000,0
325892000,0
325894000,0
325896000,0
325898000,0
325900001,0
325902001,0
325904001,0
325906000,0
325908000,0
325910000,0
325912000,0
325914000,0
325916000,0
325918000,0
325920000,0
325922000,0
325924000,0
325926000,0
325928000,0
325930000,0
325932000,0
325934000,0
325936000,0
325938000,0
325940000,0
325942001,0
325944000,0
325946000,0
325948000,0
325950000,0
325952000,0
325954000,0
325956000,0
325958000,0
325960000,0
325962000,0
325964000,0
325966000,0
325968000,0
325970000,0
325972000,0
325974000,0
325976000,0
325978000,0
325980000,0
325982000,0
325984000,0
325986000,0
325988001,0
325990000,0
325992000,0
325994000,0
325996000,0
325998000,0
326000000,0
326002000,0
326004000,0
326006000,0
326008000,0
326010000,0
326012001,0
326014001,0
326016001,0
326018000,0
326020000,0
326022000,0
326024000,0
326026000,0
326028000,0
326030000,0
326032000,0
326034000,0
326036001,0
326038000,0
326040001,0
326042001,0
326044000,0
326046000,0
326048000,0
326050000,0
326052000,0
326054001,0
326056001,0
326058000,0
326060000,0
326062000,0
326064000,0
326066000,0
326068000,0
326070000,0
326072000,0
326074000,0
326076000,0
326078000,0
326080000,0
326082000,0
326084001,0
326086000,0
326088001,0
326090001,0
326092001,0
326094001,0
326096001,0
326098001,0
326100001,0
326102001,0
326104001,0
326106000,0
326108001,0
326110001,0
326112001,0
326114001,0
326116000,0
326118000,0
326120000,0
326122000,0
326124000,0
326126000,0
326128000,0
326130000,0
326132000,0
326134000,0
326136000,0
326138000,0
326140000,0
326142000,0
326144000,0
326146000,0
326148000,0
326150000,0
326152000,0
326154001,0
326156001,0
326158001,0
326160001,0
326162001,0
326164000,0
326166001,0
326168000,0
326170000,0
326172001,0
326174001,0
326176001,0
326178001,0
326180001,0
326182001,0
326184001,0
326186000,0
326188000,0
326190001,0
326192000,0
326194000,0
326196000,0
326198000,0
326200000,0
326202000,0
326204000,0
326206000,0
326208000,0
326210000,0
326212000,0
326214000,0
326216000,0
326218001,0
326220001,0
326222000,0
326224001,0
326226001,0
326228001,0
326230001,0
326232001,0
326234001,0
326236000,0
326238000,0
326240000,0
326242001,0
326244000,0
326246000,0
326248000,0
326250000,0
326252000,0
326254001,0
326256001,0
326258000,0
326260000,0
326262000,0
326264001,0
326266001,0
326268001,0
326270001,0
326272001,0
326274000,0
326276000,0
326278000,0
326280000,0
326282000,0
326284000,0
326286000,0
326288000,0
326290000,0
326292000,0
326294000,0
326296000,0
326298000,0
326300000,0
326302000,0
326304000,0
326306000,0
326308000,0
326310000,0
326312000,0
326314000,0
326316000,0
326318000,0
326320000,0
326322000,0
326324001,0
326326000,0
326328001,0
326330001,0
326332000,0
326334000,0
326336000,0
326338000,0
326340000,0
326342000,0
326344000,0
326346000,0
326348000,0
326350000,0
326352000,0
326354000,0
326356000,0
326358000,0
326360000,0
326362000,0
326364000,0
326366000,0
326368001,0
326370000,0
326372000,0
326374000,0
326376000,0
326378000,0
326380000,0
326382000,0
326384000,0
326386000,0
326388000,0
326390000,0
326392000,0
326394000,0
326396000,0
326398001,0
326400001,0
326402001,0
326404001,0
326406001,0
326408000,0
326410000,0
326412000,0
326414000,0
326416000,0
326418001,0
326420001,0
326422000,0
326424001,0
326426001,0
326428001,0
326430001,0
326432001,0
326434001,0
326436001,0
326438000,0
326440000,0
326442001,0
326444001,0
326446001,0
326448001,0
326450000,0
326452000,0
326454000,0
326456000,0
326458000,0
326460000,0
326462000,0
326464000,0
326466000,0
326468000,0
326470000,0
326472001,0
326474000,0
326476001,0
326478001,0
326480001,0
326482001,0
326484000,0
326486001,0
326488001,0
326490000,0
326492000,0
326494000,0
326496000,0
326498000,0
326500000,0
326502000,0
326504000,0
326506000,0
326508000,0
326510001,0
326512001,0
326514001,0
326516001,0
326518001,0
326520000,0
326522000,0
326524000,0
326526001,0
326528001,0
326530001,0
326532001,0
326534000,0
326536001,0
326538001,0
326540000,0
326542000,0
326544000,0
326546001,0
326548000,0
326550000,0
326552000,0
326554000,0
326556000,0
326558001,0
326560001,0
326562001,0
326564001,0
326566001,0
326568001,0
326570000,0
326572000,0
326574000,0
326576000,0
326578000,0
326580000,0
326582000,0
326584000,0
326586000,0
326588000,0
326590000,0
326592000,0
326594000,0
326596000,0
326598001,0
326600000,0
326602000,0
326604000,0
326606000,0
326608000,0
326610000,0
326612000,0
326614001,0
326616001,0
326618000,0
326620000,0
326622000,0
326624000,0
326626000,0
326628000,0
326630000,0
326632000,0
326634001,0
326636001,0
326638001,0
326640001,0
326642001,0
326644001,0
326646000,0
326648000,0
326650000,0
326652000,0
326654000,0
326656000,0
326658000,0
326660000,0
326662000,0
326664001,0
326666000,0
326668000,0
326670000,0
326672000,0
326674000,0
326676000,0
326678000,0
326680000,0
326682000,0
326684000,0
326686000,0
326688000,0
326690000,0
326692000,0
326694000,0
326696000,0
326698000,0
326700000,0
326702001,0
326704001,0
326706001,0
326708001,0
326710000,0
326712001,0
326714000,0
326716000,0
326718001,0
326720001,0
326722001,0
326724001,0
326726000,0
326728000,0
326730000,0
326732000,0
326734000,0
326736000,0
326738000,0
326740000,0
326742000,0
326744000,0
326746000,0
326748001,0
326750001,0
326752001,0
326754001,0
326756000,0
326758000,0
326760000,0
326762000,0
326764000,0
326766000,0
326768000,0
326770000,0
326772000,0
326774000,0
326776001,0
326778001,0
326780000,0
326782000,0
326784000,0
326786000,0
326788000,0
326790000,0
326792000,0
326794000,0
326796000,0
326798000,0
326800001,0
326802001,0
326804000,0
326806000,0
326808000,0
326810001,0
326812001,0
326814001,0
326816000,0
326818001,0
326820001,0
326822001,0
326824000,0
326826000,0
326828000,0
326830001,0
326832001,0
326834001,0
326836001,0
326838000,0
326840000,0
326842000,0
326844001,0
326846001,0
326848001,0
326850001,0
326852001,0
326854000,0
326856001,0
326858001,0
326860001,0
326862001,0
326864001,0
326866001,0
326868001,0
326870000,0
326872000,0
326874000,0
326876000,0
326878000,0
326880000,0
326882000,0
326884000,0
326886000,0
326888000,0
326890000,0
326892000,0
326894000,0
326896000,0
326898000,0
326900000,0
326902000,0
326904000,0
326906000,0
326908000,0
326910000,0
326912001,0
326914001,0
326916000,0
326918000,0
326920001,0
326922001,0
326924001,0
326926001,0
326928001,0
326930001,0
326932000,0
326934001,0
326936000,0
326938000,0
326940001,0
326942001,0
326944001,0
326946001,0
326948001,0
326950001,0
326952000,0
326954000,0
326956000,0
326958000,0
326960000,0
326962000,0
326964001,0
326966000,0
326968000,0
326970000,0
326972000,0
326974000,0
326976001,0
326978000,0
326980000,0
326982001,0
326984001,0
326986001,0
326988000,0
326990000,0
326992000,0
326994000,0
326996000,0
326998000,0
327000000,0
327002000,0
327004000,0
327006000,0
327008001,0
327010000,0
327012000,0
327014000,0
327016001,0
327018001,0
327020000,0
327022000,0
327024000,0
327026000,0
327028000,0
327030000,0
327032000,0
327034000,0
327036000,0
327038000,0
327040001,0
327042001,0
327044000,0
327046001,0
327048000,0
327050000,0
327052000,0
327054001,0
327056001,0
327058001,0
327060001,0
327062001,0
327064001,0
327066001,0
327068001,0
327070000,0
327072000,0
327074000,0
327076000,0
327078000,0
327080001,0
327082001,0
327084000,0
327086000,0
327088000,0
327090000,0
327092000,0
327094000,0
327096000,0
327098000,0
327100000,0
327102000,0
327104000,0
327106000,0
327108000,0
327110000,0
327112000,0
327114000,0
327116000,0
327118000,0
327120000,0
327122000,0
327124000,0
327126001,0
327128001,0
327130001,0
327132001,0
327134000,0
327136000,0
327138000,0
327140001,0
327142000,0
327144000,0
327146000,0
327148000,0
327150000,0
327152000,0
327154000,0
327156000,0
327158001,0
327160001,0
327162001,0
327164001,0
327166001,0
327168001,0
327170001,0
327172000,0
327174000,0
327176000,0
327178000,0
327180001,0
327182000,0
327184000,0
327186000,0
327188000,0
327190000,0
327192000,0
327194000,0
327196000,0
327198000,0
327200000,0
327202000,0
327204000,0
327206000,0
327208000,0
327210000,0
327212000,0
327214000,0
327216000,0
327218000,0
327220000,0
327222000,0
327224000,0
327226000,0
327228000,0
327230000,0
327232000,0
327234000,0
327236000,0
327238000,0
327240000,0
327242001,0
327244000,0
327246000,0
327248000,0
327250000,0
327252000,0
327254000,0
327256001,0
327258000,0
327260000,0
327262000,0
327264000,0
327266000,0
327268000,0
327270000,0
327272000,0
327274000,0
327276000,0
327278000,0
327280000,0
327282000,0
327284000,0
327286000,0
327288000,0
327290000,0
327292000,0
327294000,0
327296001,0
327298001,0
327300001,0
327302001,0
327304001,0
327306000,0
327308000,0
327310000,0
327312000,0
327314000,0
327316000,0
327318001,0
327320001,0
327322001,0
327324001,0
327326000,0
327328000,0
327330000,0
327332000,0
327334000,0
327336000,0
327338000,0
327340000,0
327342000,0
327344000,0
327346000,0
327348000,0
327350000,0
327352000,0
327354000,0
327356000,0
327358001,0
327360001,0
327362001,0
327364001,0
327366000,0
327368001,0
327370001,0
327372000,0
327374000,0
327376000,0
327378000,0
327380000,0
327382000,0
327384000,0
327386000,0
327388001,0
327390000,0
327392001,0
327394001,0
327396000,0
327398001,0
327400001,0
327402000,0
327404000,0
327406000,0
327408000,0
327410000,0
327412000,0
327414000,0
327416000,0
327418000,0
327420000,0
327422000,0
327424000,0
327426001,0
327428001,0
327430001,0
327432000,0
327434000,0
327436000,0
327438000,0
327440000,0
327442000,0
327444000,0
327446000,0
327448000,0
327450000,0
327452000,0
327454000,0
327456000,0
327458001,0
327460001,0
327462000,0
327464000,0
327466000,0
327468001,0
327470001,0
327472000,0
327474001,0
327476000,0
327478001,0
327480000,0
327482000,0
327484001,0
327486001,0
327488000,0
327490000,0
327492000,0
327494000,0
327496000,0
327498000,0
327500001,0
327502001,0
327504000,0
327506001,0
327508001,0
327510001,0
327512001,0
327514001,0
327516000,0
327518000,0
327520000,0
327522000,0
327524000,0
327526000,0
327528000,0
327530000,0
327532000,0
327534000,0
327536000,0
327538000,0
327540000,0
327542000,0
327544000,0
327546000,0
327548000,0
327550000,0
327552000,0
327554000,0
327556000,0
327558001,0
327560001,0
327562001,0
327564001,0
327566001,0
327568001,0
327570000,0
327572000,0
327574000,0
327576000,0
327578000,0
327580001,0
327582001,0
327584000,0
327586000,0
327588000,0
327590001,0
327592001,0
327594001,0
327596001,0
327598001,0
327600000,0
327602000,0
327604000,0
327606000,0
327608001,0
327610001,0
327612001,0
327614000,0
327616000,0
327618000,0
327620001,0
327622001,0
327624001,0
327626000,0
327628000,0
327630000,0
327632000,0
327634000,0
327636000,0
327638000,0
327640000,0
327642000,0
327644000,0
327646000,0
327648000,0
327650000,0
327652000,0
327654000,0
327656000,0
327658000,0
327660000,0
327662000,0
327664001,0
327666001,0
327668001,0
327670001,0
327672001,0
327674001,0
327676001,0
327678001,0
327680000,0
327682000,0
327684000,0
327686001,0
327688001,0
327690000,0
327692001,0
327694001,0
327696001,0
327698001,0
327700001,0
327702001,0
327704001,0
327706001,0
327708000,0
327710000,0
327712000,0
327714000,0
327716000,0
327718000,0
327720000,0
327722001,0
327724001,0
327726001,0
327728000,0
327730000,0
327732000,0
327734000,0
327736001,0
327738000,0
327740000,0
327742000,0
327744001,0
327746001,0
327748001,0
327750000,0
327752000,0
327754000,0
327756000,0
327758000,0
327760000,0
327762000,0
327764000,0
327766000,0
327768000,0
327770000,0
327772000,0
327774000,0
327776000,0
327778001,0
327780001,0
327782001,0
327784001,0
327786001,0
327788001,0
327790001,0
327792000,0
327794000,0
327796000,0
327798000,0
327800000,0
327802000,0
327804001,0
327806001,0
327808000,0
327810001,0
327812001,0
327814001,0
327816001,0
327818001,0
327820001,0
327822001,0
327824000,0
327826000,0
327828001,0
327830001,0
327832001,0
327834001,0
327836001,0
327838000,0
327840000,0
327842000,0
327844000,0
327846000,0
327848000,0
327850000,0
327852000,0
327854000,0
327856000,0
327858001,0
327860001,0
327862001,0
327864001,0
327866001,0
327868000,0
327870000,0
327872000,0
327874000,0
327876000,0
327878001,0
327880001,0
327882001,0
327884001,0
327886000,0
327888000,0
327890000,0
327892000,0
327894000,0
327896000,0
327898001,0
327900000,0
327902000,0
327904001,0
327906000,0
327908000,0
327910000,0
327912001,0
327914001,0
327916001,0
327918000,0
327920000,0
327922000,0
327924000,0
327926001,0
327928001,0
327930001,0
327932001,0
327934000,0
327936000,0
327938000,0
327940001,0
327942001,0
327944001,0
327946000,0
327948000,0
327950000,0
327952000,0
327954001,0
327956000,0
327958000,0
327960000,0
327962000,0
327964001,0
327966001,0
327968000,0
327970001,0
327972001,0
327974001,0
327976000,0
327978001,0
327980001,0
327982001,0
327984001,0
327986001,0
327988001,0
327990001,0
327992001,0
327994001,0
327996001,0
327998000,0
328000001,0
328002000,0
328004000,0
328006001,0
328008001,0
328010000,0
328012000,0
328014000,0
328016000,0
328018000,0
328020000,0
328022001,0
328024001,0
328026001,0
328028000,0
328030000,0
328032000,0
328034000,0
328036001,0
328038001,0
328040001,0
328042001,0
328044000,0
328046000,0
328048001,0
328050001,0
328052000,0
328054000,0
328056000,0
328058000,0
328060000,0
328062000,0
328064000,0
328066000,0
328068001,0
328070000,0
328072000,0
328074000,0
328076000,0
328078000,0
328080000,0
328082001,0
328084001,0
328086000,0
328088001,0
328090001,0
328092000,0
328094000,0
328096000,0
328098000,0
328100000,0
328102000,0
328104000,0
328106000,0
328108001,0
328110001,0
328112001,0
328114000,0
328116000,0
328118000,0
328120000,0
328122000,0
328124000,0
328126000,0
328128000,0
328130000,0
328132000,0
328134000,0
328136000,0
328138000,0
328140000,0
328142000,0
328144000,0
328146000,0
328148000,0
328150001,0
328152000,0
328154000,0
328156000,0
328158000,0
328160000,0
328162000,0
328164000,0
328166000,0
328168001,0
328170000,0
328172000,0
328174000,0
328176000,0
328178000,0
328180000,0
328182000,0
328184000,0
328186001,0
328188000,0
328190000,0
328192001,0
328194001,0
328196000,0
328198000,0
328200000,0
328202000,0
328204000,0
328206000,0
328208000,0
328210001,0
328212000,0
328214000,0
328216000,0
328218000,0
328220000,0
328222000,0
328224000,0
328226000,0
328228000,0
328230000,0
328232000,0
328234000,0
328236000,0
328238000,0
328240000,0
328242001,0
328244001,0
328246001,0
328248001,0
328250000,0
328252000,0
328254001,0
328256000,0
328258001,0
328260001,0
328262001,0
328264001,0
328266001,0
328268000,0
328270000,0
328272000,0
328274000,0
328276000,0
328278000,0
328280000,0
328282000,0
328284000,0
328286000,0
328288000,0
328290000,0
328292000,0
328294000,0
328296000,0
328298000,0
328300000,0
328302001,0
328304001,0
328306000,0
328308001,0
328310000,0
328312000,0
328314000,0
328316001,0
328318001,0
328320000,0
328322000,0
328324000,0
328326000,0
328328000,0
328330000,0
328332000,0
328334000,0
328336000,0
328338000,0
328340000,0
328342000,0
328344000,0
328346000,0
328348000,0
328350000,0
328352000,0
328354000,0
328356001,0
328358000,0
328360000,0
328362000,0
328364000,0
328366000,0
328368000,0
328370000,0
328372000,0
328374000,0
328376000,0
328378000,0
328380000,0
328382001,0
328384001,0
328386000,0
328388001,0
328390001,0
328392001,0
328394001,0
328396001,0
328398000,0
328400000,0
328402001,0
328404001,0
328406000,0
328408000,0
328410000,0
328412000,0
328414000,0
328416000,0
328418000,0
328420000,0
328422000,0
328424000,0
328426000,0
328428001,0
328430001,0
328432001,0
328434000,0
328436000,0
328438000,0
328440000,0
328442000,0
328444000,0
328446001,0
328448000,0
328450000,0
328452000,0
328454000,0
328456000,0
328458000,0
328460000,0
328462000,0
328464000,0
328466000,0
328468001,0
328470000,0
328472000,0
328474000,0
328476000,0
328478000,0
328480000,0
328482000,0
328484000,0
328486000,0
328488000,0
328490001,0
328492001,0
328494000,0
328496001,0
328498001,0
328500000,0
328502001,0
328504001,0
328506001,0
328508000,0
328510000,0
328512000,0
328514000,0
328516000,0
328518001,0
328520001,0
328522001,0
328524001,0
328526000,0
328528000,0
328530000,0
328532000,0
328534000,0
328536000,0
328538000,0
328540000,0
328542001,0
328544000,0
328546001,0
328548000,0
328550000,0
328552000,0
328554000,0
328556000,0
328558001,0
328560001,0
328562001,0
328564001,0
328566000,0
328568001,0
328570001,0
328572001,0
328574001,0
328576001,0
328578000,0
328580000,0
328582001,0
328584001,0
328586000,0
328588000,0
328590000,0
328592000,0
328594000,0
328596000,0
328598001,0
328600001,0
328602001,0
328604000,0
328606001,0
328608001,0
328610001,0
328612001,0
328614001,0
328616000,0
328618001,0
328620001,0
328622001,0
328624001,0
328626000,0
328628000,0
328630000,0
328632000,0
328634000,0
328636000,0
328638000,0
328640000,0
328642000,0
328644000,0
328646000,0
328648001,0
328650001,0
328652001,0
328654000,0
328656001,0
328658001,0
328660001,0
328662001,0
328664001,0
328666001,0
328668001,0
328670001,0
328672001,0
328674001,0
328676001,0
328678001,0
328680001,0
328682001,0
328684000,0
328686000,0
328688000,0
328690000,0
328692000,0
328694000,0
328696000,0
328698000,0
328700001,0
328702000,0
328704001,0
328706001,0
328708001,0
328710001,0
328712001,0
328714001,0
328716001,0
328718001,0
328720001,0
328722001,0
328724001,0
328726000,0
328728000,0
328730000,0
328732001,0
328734001,0
328736001,0
328738000,0
328740000,0
328742000,0
328744001,0
328746001,0
328748000,0
328750001,0
328752000,0
328754000,0
328756000,0
328758000,0
328760000,0
328762000,0
328764000,0
328766000,0
328768000,0
328770000,0
328772000,0
328774001,0
328776001,0
328778001,0
328780001,0
328782000,0
328784001,0
328786001,0
328788001,0
328790000,0
328792001,0
328794000,0
328796000,0
328798000,0
328800001,0
328802001,0
328804000,0
328806000,0
328808000,0
328810000,0
328812000,0
328814001,0
328816001,0
328818001,0
328820001,0
328822000,0
328824001,0
328826001,0
328828001,0
328830001,0
328832001,0
328834000,0
328836000,0
328838000,0
328840000,0
328842000,0
328844000,0
328846001,0
328848001,0
328850001,0
328852001,0
328854001,0
328856001,0
328858001,0
328860001,0
328862000,0
328864000,0
328866001,0
328868001,0
328870000,0
328872001,0
328874001,0
328876001,0
328878000,0
328880001,0
328882001,0
328884001,0
328886001,0
328888001,0
328890001,0
328892000,0
328894001,0
328896001,0
328898001,0
328900001,0
328902001,0
328904001,0
328906001,0
328908001,0
328910001,0
328912000,0
328914001,0
328916001,0
328918000,0
328920000,0
328922000,0
328924000,0
328926000,0
328928000,0
328930000,0
328932001,0
328934000,0
328936000,0
328938000,0
328940000,0
328942000,0
328944000,0
328946000,0
328948000,0
328950000,0
328952000,0
328954000,0
328956000,0
328958000,0
328960000,0
328962000,0
328964000,0
328966001,0
328968001,0
328970001,0
328972001,0
328974000,0
328976000,0
328978000,0
328980001,0
328982001,0
328984001,0
328986000,0
328988000,0
328990000,0
328992000,0
328994000,0
328996000,0
328998000,0
329000000,0
329002000,0
329004000,0
329006000,0
329008000,0
329010000,0
329012000,0
329014000,0
329016000,0
329018000,0
329020000,0
329022001,0
329024000,0
329026000,0
329028000,0
329030000,0
329032000,0
329034000,0
329036001,0
329038000,0
329040001,0
329042001,0
329044000,0
329046000,0
329048000,0
329050000,0
329052000,0
329054000,0
329056000,0
329058000,0
329060000,0
329062000,0
329064001,0
329066000,0
329068001,0
329070001,0
329072001,0
329074000,0
329076000,0
329078000,0
329080000,0
329082001,0
329084000,0
329086001,0
329088001,0
329090001,0
329092001,0
329094001,0
329096000,0
329098000,0
329100000,0
329102000,0
329104000,0
329106000,0
329108000,0
329110000,0
329112000,0
329114000,0
329116000,0
329118000,0
329120000,0
329122000,0
329124000,0
329126000,0
329128000,0
329130000,0
329132000,0
329134000,0
329136000,0
329138000,0
329140000,0
329142000,0
329144000,0
329146000,0
329148000,0
329150000,0
329152000,0
329154000,0
329156000,0
329158000,0
329160000,0
329162000,0
329164000,0
329166000,0
329168000,0
329170000,0
329172000,0
329174001,0
329176001,0
329178001,0
329180001,0
329182001,0
329184000,0
329186000,0
329188001,0
329190001,0
329192001,0
329194001,0
329196000,0
329198000,0
329200000,0
329202001,0
329204001,0
329206000,0
329208000,0
329210000,0
329212001,0
329214001,0
329216000,0
329218000,0
329220000,0
329222000,0
329224000,0
329226001,0
329228000,0
329230000,0
329232000,0
329234000,0
329236000,0
329238000,0
329240000,0
329242000,0
329244000,0
329246000,0
329248000,0
329250000,0
329252000,0
329254000,0
329256000,0
329258000,0
329260000,0
329262000,0
329264000,0
329266000,0
329268000,0
329270000,0
329272000,0
329274000,0
329276000,0
329278001,0
329280000,0
329282001,0
329284001,0
329286000,0
329288000,0
329290001,0
329292001,0
329294001,0
329296001,0
329298001,0
329300001,0
329302000,0
329304000,0
329306000,0
329308000,0
329310000,0
329312000,0
329314000,0
329316000,0
329318000,0
329320000,0
329322000,0
329324000,0
329326000,0
329328000,0
329330000,0
329332000,0
329334000,0
329336000,0
329338000,0
329340001,0
329342001,0
329344000,0
329346000,0
329348001,0
329350001,0
329352000,0
329354001,0
329356001,0
329358001,0
329360001,0
329362001,0
329364001,0
329366001,0
329368000,0
329370001,0
329372001,0
329374000,0
329376000,0
329378000,0
329380000,0
329382000,0
329384000,0
329386000,0
329388000,0
329390000,0
329392000,0
329394000,0
329396000,0
329398000,0
329400000,0
329402000,0
329404000,0
329406000,0
329408000,0
329410000,0
329412000,0
329414000,0
329416000,0
329418000,0
329420000,0
329422000,0
329424000,0
329426000,0
329428000,0
329430000,0
329432000,0
329434000,0
329436001,0
329438000,0
329440000,0
329442000,0
329444000,0
329446000,0
329448000,0
329450001,0
329452001,0
329454001,0
329456000,0
329458001,0
329460001,0
329462000,0
329464000,0
329466000,0
329468001,0
329470001,0
329472000,0
329474000,0
329476000,0
329478000,0
329480000,0
329482001,0
329484000,0
329486000,0
329488000,0
329490000,0
329492000,0
329494000,0
329496000,0
329498000,0
329500001,0
329502001,0
329504001,0
329506001,0
329508001,0
329510001,0
329512001,0
329514000,0
329516000,0
329518000,0
329520000,0
329522000,0
329524000,0
329526001,0
329528001,0
329530001,0
329532001,0
329534000,0
329536000,0
329538000,0
329540000,0
329542001,0
329544001,0
329546000,0
329548000,0
329550001,0
329552001,0
329554000,0
329556000,0
329558000,0
329560000,0
329562000,0
329564000,0
329566000,0
329568000,0
329570001,0
329572001,0
329574001,0
329576001,0
329578001,0
329580001,0
329582001,0
329584000,0
329586000,0
329588001,0
329590001,0
329592001,0
329594001,0
329596000,0
329598000,0
329600000,0
329602000,0
329604000,0
329606000,0
329608000,0
329610001,0
329612001,0
329614001,0
329616001,0
329618001,0
329620001,0
329622001,0
329624001,0
329626001,0
329628000,0
329630000,0
329632000,0
329634000,0
329636000,0
329638000,0
329640000,0
329642000,0
329644000,0
329646000,0
329648000,0
329650000,0
329652001,0
329654001,0
329656000,0
329658000,0
329660000,0
329662001,0
329664001,0
329666000,0
329668001,0
329670000,0
329672000,0
329674000,0
329676000,0
329678000,0
329680000,0
329682000,0
329684001,0
329686001,0
329688001,0
329690001,0
329692001,0
329694000,0
329696000,0
329698000,0
329700000,0
329702000,0
329704000,0
329706000,0
329708000,0
329710001,0
329712001,0
329714000,0
329716001,0
329718001,0
329720001,0
329722001,0
329724001,0
329726001,0
329728000,0
329730000,0
329732000,0
329734001,0
329736001,0
329738000,0
329740000,0
329742000,0
329744000,0
329746000,0
329748000,0
329750000,0
329752000,0
329754001,0
329756001,0
329758001,0
329760001,0
329762001,0
329764001,0
329766001,0
329768001,0
329770000,0
329772000,0
329774000,0
329776001,0
329778001,0
329780001,0
329782001,0
329784001,0
329786001,0
329788000,0
329790000,0
329792000,0
329794000,0
329796000,0
329798000,0
329800000,0
329802000,0
329804000,0
329806000,0
329808000,0
329810000,0
329812000,0
329814000,0
329816001,0
329818001,0
329820000,0
329822000,0
329824000,0
329826000,0
329828000,0
329830000,0
329832000,0
329834000,0
329836000,0
329838000,0
329840000,0
329842000,0
329844001,0
329846001,0
329848000,0
329850000,0
329852000,0
329854000,0
329856000,0
329858000,0
329860000,0
329862000,0
329864000,0
329866000,0
329868000,0
329870000,0
329872001,0
329874001,0
329876000,0
329878000,0
329880000,0
329882000,0
329884000,0
329886000,0
329888000,0
329890000,0
329892000,0
329894000,0
329896000,0
329898001,0
329900001,0
329902001,0
329904001,0
329906001,0
329908001,0
329910001,0
329912001,0
329914001,0
329916000,0
329918000,0
329920000,0
329922001,0
329924000,0
329926000,0
329928000,0
329930000,0
329932001,0
329934000,0
329936000,0
329938000,0
329940000,0
329942001,0
329944001,0
329946000,0
329948000,0
329950000,0
329952000,0
329954000,0
329956000,0
329958000,0
329960001,0
329962000,0
329964001,0
329966001,0
329968000,0
329970000,0
329972000,0
329974001,0
329976000,0
329978000,0
329980001,0
329982001,0
329984001,0
329986001,0
329988000,0
329990000,0
329992000,0
329994000,0
329996000,0
329998000,0
330000000,0
330002000,0
330004000,0
330006000,0
330008000,0
330010000,0
330012000,0
330014000,0
330016000,0
330018000,0
330020000,0
330022001,0
330024001,0
330026001,0
330028000,0
330030000,0
330032001,0
330034001,0
330036001,0
330038000,0
330040000,0
330042000,0
330044000,0
330046000,0
330048000,0
330050000,0
330052000,0
330054000,0
330056000,0
330058000,0
330060000,0
330062000,0
330064000,0
330066000,0
330068000,0
330070001,0
330072001,0
330074001,0
330076001,0
330078001,0
330080000,0
330082000,0
330084000,0
330086000,0
330088000,0
330090000,0
330092000,0
330094000,0
330096000,0
330098000,0
330100001,0
330102000,0
330104000,0
330106001,0
330108000,0
330110000,0
330112000,0
330114000,0
330116000,0
330118000,0
330120000,0
330122001,0
330124001,0
330126000,0
330128001,0
330130001,0
330132001,0
330134000,0
330136001,0
330138000,0
330140000,0
330142000,0
330144000,0
330146000,0
330148000,0
330150000,0
330152001,0
330154000,0
330156001,0
330158001,0
330160001,0
330162001,0
330164001,0
330166000,0
330168000,0
330170000,0
330172000,0
330174000,0
330176000,0
330178000,0
330180000,0
330182000,0
330184001,0
330186001,0
330188001,0
330190001,0
330192001,0
330194000,0
330196000,0
330198000,0
330200000,0
330202000,0
330204000,0
330206000,0
330208000,0
330210000,0
330212000,0
330214001,0
330216001,0
330218000,0
330220000,0
330222000,0
330224000,0
330226000,0
330228001,0
330230001,0
330232001,0
330234001,0
330236000,0
330238000,0
330240000,0
330242001,0
330244000,0
330246000,0
330248000,0
330250000,0
330252000,0
330254000,0
330256000,0
330258000,0
330260001,0
330262000,0
330264000,0
330266000,0
330268000,0
330270001,0
330272001,0
330274000,0
330276000,0
330278000,0
330280001,0
330282001,0
330284001,0
330286001,0
330288001,0
330290001,0
330292001,0
330294000,0
330296000,0
330298000,0
330300000,0
330302000,0
330304000,0
330306000,0
330308000,0
330310000,0
330312000,0
330314000,0
330316000,0
330318000,0
330320001,0
330322001,0
330324000,0
330326001,0
330328001,0
330330001,0
330332001,0
330334001,0
330336001,0
330338001,0
330340001,0
330342000,0
330344000,0
330346000,0
330348000,0
330350000,0
330352000,0
330354000,0
330356000,0
330358000,0
330360000,0
330362000,0
330364000,0
330366000,0
330368001,0
330370000,0
330372001,0
330374001,0
330376001,0
330378001,0
330380001,0
330382001,0
330384001,0
330386001,0
330388000,0
330390000,0
330392000,0
330394000,0
330396000,0
330398001,0
330400001,0
330402001,0
330404001,0
330406001,0
330408001,0
330410000,0
330412000,0
330414000,0
330416000,0
330418000,0
330420000,0
330422000,0
330424000,0
330426000,0
330428001,0
330430000,0
330432000,0
330434000,0
330436000,0
330438000,0
330440000,0
330442000,0
330444000,0
330446000,0
330448000,0
330450000,0
330452000,0
330454000,0
330456000,0
330458000,0
330460000,0
330462000,0
330464001,0
330466001,0
330468000,0
330470000,0
330472000,0
330474000,0
330476001,0
330478001,0
330480001,0
330482001,0
330484001,0
330486000,0
330488000,0
330490000,0
330492000,0
330494001,0
330496000,0
330498000,0
330500001,0
330502001,0
330504001,0
330506000,0
330508000,0
330510000,0
330512000,0
330514001,0
330516000,0
330518000,0
330520001,0
330522001,0
330524001,0
330526000,0
330528000,0
330530000,0
330532000,0
330534000,0
330536000,0
330538001,0
330540001,0
330542001,0
330544000,0
330546000,0
330548000,0
330550000,0
330552000,0
330554000,0
330556000,0
330558000,0
330560000,0
330562000,0
330564001,0
330566000,0
330568001,0
330570001,0
330572000,0
330574001,0
330576001,0
330578000,0
330580001,0
330582001,0
330584001,0
330586000,0
330588001,0
330590001,0
330592001,0
330594000,0
330596000,0
330598000,0
330600000,0
330602000,0
330604000,0
330606000,0
330608001,0
330610001,0
330612001,0
330614000,0
330616000,0
330618000,0
330620000,0
330622000,0
330624001,0
330626001,0
330628001,0
330630000,0
330632000,0
330634000,0
330636000,0
330638000,0
330640000,0
330642000,0
330644000,0
330646000,0
330648000,0
330650000,0
330652000,0
330654000,0
330656000,0
330658000,0
330660000,0
330662000,0
330664000,0
330666001,0
330668000,0
330670000,0
330672001,0
330674001,0
330676000,0
330678000,0
330680001,0
330682001,0
330684001,0
330686001,0
330688001,0
330690001,0
330692001,0
330694000,0
330696000,0
330698000,0
330700000,0
330702000,0
330704000,0
330706000,0
330708001,0
330710000,0
330712000,0
330714000,0
330716000,0
330718000,0
330720000,0
330722000,0
330724000,0
330726000,0
330728000,0
330730000,0
330732000,0
330734000,0
330736000,0
330738000,0
330740000,0
330742001,0
330744001,0
330746001,0
330748001,0
330750001,0
330752001,0
330754001,0
330756001,0
330758001,0
330760001,0
330762001,0
330764001,0
330766001,0
330768001,0
330770001,0
330772001,0
330774001,0
330776000,0
330778000,0
330780001,0
330782000,0
330784000,0
330786000,0
330788000,0
330790000,0
330792000,0
330794000,0
330796000,0
330798001,0
330800001,0
330802001,0
330804001,0
330806001,0
330808000,0
330810000,0
330812000,0
330814000,0
330816001,0
330818001,0
330820000,0
330822001,0
330824001,0
330826001,0
330828001,0
330830001,0
330832000,0
330834001,0
330836000,0
330838000,0
330840000,0
330842001,0
330844000,0
330846000,0
330848000,0
330850001,0
330852001,0
330854001,0
330856001,0
330858001,0
330860000,0
330862000,0
330864000,0
330866000,0
330868000,0
330870000,0
330872000,0
330874000,0
330876000,0
330878000,0
330880000,0
330882000,0
330884001,0
330886000,0
330888000,0
330890001,0
330892001,0
330894001,0
330896000,0
330898000,0
330900000,0
330902000,0
330904000,0
330906000,0
330908000,0
330910000,0
330912000,0
330914001,0
330916001,0
330918000,0
330920000,0
330922000,0
330924000,0
330926000,0
330928000,0
330930000,0
330932000,0
330934000,0
330936000,0
330938000,0
330940000,0
330942000,0
330944000,0
330946000,0
330948000,0
330950001,0
330952001,0
330954001,0
330956001,0
330958000,0
330960001,0
330962000,0
330964001,0
330966000,0
330968000,0
330970000,0
330972000,0
330974000,0
330976000,0
330978000,0
330980000,0
330982000,0
330984000,0
330986000,0
330988000,0
330990000,0
330992000,0
330994000,0
330996000,0
330998000,0
331000000,0
331002000,0
331004000,0
331006000,0
331008000,0
331010001,0
331012001,0
331014001,0
331016001,0
331018000,0
331020000,0
331022000,0
331024001,0
331026001,0
331028000,0
331030000,0
331032000,0
331034001,0
331036001,0
331038000,0
331040000,0
331042000,0
331044000,0
331046000,0
331048000,0
331050000,0
331052000,0
331054000,0
331056000,0
331058000,0
331060000,0
331062000,0
331064001,0
331066000,0
331068000,0
331070000,0
331072001,0
331074001,0
331076001,0
331078001,0
331080001,0
331082000,0
331084000,0
331086000,0
331088000,0
331090000,0
331092000,0
331094000,0
331096000,0
331098000,0
331100000,0
331102000,0
331104000,0
331106000,0
331108000,0
331110001,0
331112001,0
331114000,0
331116000,0
331118000,0
331120001,0
331122000,0
331124000,0
331126001,0
331128001,0
331130001,0
331132001,0
331134000,0
331136000,0
331138001,0
331140001,0
331142001,0
331144001,0
331146001,0
331148001,0
331150000,0
331152001,0
331154001,0
331156001,0
331158000,0
331160000,0
331162000,0
331164001,0
331166001,0
331168000,0
331170000,0
331172000,0
331174000,0
331176000,0
331178001,0
331180001,0
331182000,0
331184000,0
331186000,0
331188001,0
331190001,0
331192001,0
331194001,0
331196001,0
331198000,0
331200000,0
331202001,0
331204001,0
331206001,0
331208001,0
331210001,0
331212001,0
331214000,0
331216001,0
331218001,0
331220001,0
331222000,0
331224000,0
331226000,0
331228000,0
331230000,0
331232000,0
331234000,0
331236000,0
331238000,0
331240000,0
331242000,0
331244000,0
331246001,0
331248001,0
331250001,0
331252001,0
331254001,0
331256001,0
331258001,0
331260001,0
331262000,0
331264000,0
331266001,0
331268001,0
331270001,0
331272000,0
331274001,0
331276001,0
331278001,0
331280000,0
331282000,0
331284000,0
331286000,0
331288000,0
331290000,0
331292001,0
331294000,0
331296000,0
331298000,0
331300000,0
331302000,0
331304001,0
331306000,0
331308000,0
331310000,0
331312000,0
331314000,0
331316000,0
331318000,0
331320000,0
331322000,0
331324000,0
331326000,0
331328001,0
331330000,0
331332000,0
331334000,0
331336000,0
331338000,0
331340001,0
331342000,0
331344000,0
331346000,0
331348000,0
331350000,0
331352000,0
331354000,0
331356000,0
331358000,0
331360000,0
331362000,0
331364000,0
331366000,0
331368000,0
331370000,0
331372000,0
331374001,0
331376000,0
331378000,0
331380000,0
331382000,0
331384000,0
331386000,0
331388000,0
331390000,0
331392000,0
331394001,0
331396000,0
331398000,0
331400000,0
331402000,0
331404000,0
331406000,0
331408000,0
331410000,0
331412000,0
331414001,0
331416001,0
331418000,0
331420000,0
331422000,0
331424000,0
331426000,0
331428000,0
331430000,0
331432001,0
331434001,0
331436000,0
331438000,0
331440001,0
331442000,0
331444000,0
331446000,0
331448000,0
331450001,0
331452001,0
331454001,0
331456001,0
331458000,0
331460000,0
331462000,0
331464000,0
331466001,0
331468001,0
331470000,0
331472000,0
331474001,0
331476001,0
331478001,0
331480001,0
331482001,0
331484001,0
331486001,0
331488001,0
331490001,0
331492000,0
331494000,0
331496000,0
331498000,0
331500001,0
331502000,0
331504000,0
331506001,0
331508001,0
331510001,0
331512001,0
331514000,0
331516000,0
331518000,0
331520000,0
331522000,0
331524000,0
331526000,0
331528000,0
331530000,0
331532000,0
331534001,0
331536000,0
331538000,0
331540000,0
331542001,0
331544001,0
331546001,0
331548001,0
331550001,0
331552001,0
331554000,0
331556000,0
331558000,0
331560000,0
331562000,0
331564000,0
331566000,0
331568000,0
331570000,0
331572000,0
331574000,0
331576000,0
331578000,0
331580000,0
331582000,0
331584000,0
331586000,0
331588000,0
331590000,0
331592000,0
331594000,0
331596000,0
331598000,0
331600000,0
331602001,0
331604001,0
331606001,0
331608001,0
331610001,0
331612000,0
331614000,0
331616001,0
331618001,0
331620001,0
331622000,0
331624000,0
331626001,0
331628000,0
331630000,0
331632000,0
331634000,0
331636000,0
331638000,0
331640001,0
331642001,0
331644001,0
331646000,0
331648000,0
331650001,0
331652000,0
331654000,0
331656001,0
331658001,0
331660001,0
331662001,0
331664001,0
331666000,0
331668001,0
331670001,0
331672001,0
331674001,0
331676001,0
331678001,0
331680000,0
331682000,0
331684000,0
331686000,0
331688000,0
331690000,0
331692000,0
331694000,0
331696000,0
331698001,0
331700000,0
331702001,0
331704001,0
331706001,0
331708000,0
331710000,0
331712001,0
331714001,0
331716000,0
331718000,0
331720000,0
331722000,0
331724000,0
331726000,0
331728000,0
331730001,0
331732000,0
331734000,0
331736000,0
331738000,0
331740000,0
331742000,0
331744000,0
331746000,0
331748000,0
331750000,0
331752000,0
331754000,0
331756000,0
331758001,0
331760001,0
331762000,0
331764001,0
331766001,0
331768001,0
331770001,0
331772000,0
331774000,0
331776001,0
331778001,0
331780001,0
331782000,0
331784000,0
331786001,0
331788001,0
331790001,0
331792000,0
331794000,0
331796000,0
331798000,0
331800000,0
331802000,0
331804000,0
331806000,0
331808000,0
331810000,0
331812000,0
331814000,0
331816001,0
331818000,0
331820000,0
331822001,0
331824001,0
331826000,0
331828001,0
331830001,0
331832001,0
331834001,0
331836000,0
331838000,0
331840000,0
331842000,0
331844000,0
331846000,0
331848001,0
331850000,0
331852000,0
331854000,0
331856000,0
331858000,0
331860000,0
331862000,0
331864000,0
331866000,0
331868000,0
331870000,0
331872001,0
331874000,0
331876000,0
331878001,0
331880001,0
331882000,0
331884000,0
331886000,0
331888000,0
331890000,0
331892000,0
331894000,0
331896000,0
331898001,0
331900001,0
331902000,0
331904000,0
331906001,0
331908001,0
331910001,0
331912001,0
331914001,0
331916001,0
331918000,0
331920001,0
331922000,0
331924000,0
331926001,0
331928001,0
331930000,0
331932000,0
331934000,0
331936000,0
331938000,0
331940000,0
331942001,0
331944001,0
331946001,0
331948000,0
331950000,0
331952000,0
331954000,0
331956000,0
331958000,0
331960000,0
331962000,0
331964000,0
331966000,0
331968000,0
331970000,0
331972000,0
331974000,0
331976000,0
331978000,0
331980000,0
331982001,0
331984001,0
331986001,0
331988001,0
331990000,0
331992001,0
331994001,0
331996001,0
331998001,0
332000001,0
332002001,0
332004001,0
332006001,0
332008001,0
332010000,0
332012000,0
332014000,0
332016000,0
332018000,0
332020000,0
332022000,0
332024000,0
332026000,0
332028001,0
332030000,0
332032001,0
332034001,0
332036001,0
332038000,0
332040000,0
332042001,0
332044000,0
332046001,0
332048000,0
332050001,0
332052000,0
332054000,0
332056000,0
332058001,0
332060000,0
332062000,0
332064001,0
332066000,0
332068001,0
332070000,0
332072000,0
332074000,0
332076001,0
332078000,0
332080001,0
332082001,0
332084001,0
332086001,0
332088000,0
332090000,0
332092000,0
332094000,0
332096001,0
332098001,0
332100001,0
332102000,0
332104000,0
332106001,0
332108001,0
332110000,0
332112001,0
332114000,0
332116000,0
332118001,0
332120001,0
332122001,0
332124001,0
332126001,0
332128001,0
332130000,0
332132001,0
332134001,0
332136001,0
332138000,0
332140000,0
332142000,0
332144000,0
332146001,0
332148000,0
332150000,0
332152001,0
332154001,0
332156000,0
332158001,0
332160001,0
332162001,0
332164001,0
332166000,0
332168000,0
332170000,0
332172000,0
332174000,0
332176000,0
332178000,0
332180000,0
332182000,0
332184000,0
332186000,0
332188001,0
332190000,0
332192000,0
332194000,0
332196001,0
332198000,0
332200000,0
332202001,0
332204000,0
332206000,0
332208000,0
332210000,0
332212000,0
332214001,0
332216000,0
332218000,0
332220000,0
332222001,0
332224000,0
332226000,0
332228000,0
332230000,0
332232000,0
332234000,0
332236000,0
332238000,0
332240000,0
332242000,0
332244000,0
332246000,0
332248001,0
332250000,0
332252001,0
332254000,0
332256000,0
332258000,0
332260000,0
332262000,0
332264001,0
332266001,0
332268001,0
332270001,0
332272000,0
332274000,0
332276001,0
332278001,0
332280001,0
332282000,0
332284000,0
332286000,0
332288000,0
332290000,0
332292000,0
332294000,0
332296001,0
332298000,0
332300001,0
332302001,0
332304001,0
332306001,0
332308000,0
332310001,0
332312001,0
332314001,0
332316001,0
332318000,0
332320000,0
332322000,0
332324000,0
332326000,0
332328001,0
332330000,0
332332001,0
332334001,0
332336000,0
332338000,0
332340000,0
332342000,0
332344000,0
332346000,0
332348000,0
332350000,0
332352000,0
332354000,0
332356000,0
332358001,0
332360001,0
332362001,0
332364001,0
332366000,0
332368000,0
332370000,0
332372000,0
332374000,0
332376000,0
332378001,0
332380001,0
332382001,0
332384000,0
332386000,0
332388000,0
332390000,0
332392000,0
332394000,0
332396000,0
332398000,0
332400000,0
332402001,0
332404001,0
332406001,0
332408001,0
332410001,0
332412001,0
332414000,0
332416001,0
332418001,0
332420001,0
332422001,0
332424001,0
332426001,0
332428000,0
332430000,0
332432000,0
332434000,0
332436000,0
332438000,0
332440001,0
332442001,0
332444001,0
332446000,0
332448001,0
332450001,0
332452000,0
332454000,0
332456001,0
332458001,0
332460001,0
332462001,0
332464001,0
332466000,0
332468000,0
332470000,0
332472001,0
332474000,0
332476000,0
332478001,0
332480001,0
332482001,0
332484001,0
332486001,0
332488000,0
332490000,0
332492000,0
332494000,0
332496000,0
332498001,0
332500001,0
332502000,0
332504000,0
332506000,0
332508000,0
332510000,0
332512000,0
332514000,0
332516000,0
332518000,0
332520000,0
332522001,0
332524000,0
332526001,0
332528001,0
332530001,0
332532000,0
332534000,0
332536000,0
332538000,0
332540000,0
332542000,0
332544000,0
332546000,0
332548000,0
332550001,0
332552001,0
332554001,0
332556001,0
332558001,0
332560000,0
332562000,0
332564000,0
332566000,0
332568000,0
332570000,0
332572000,0
332574000,0
332576000,0
332578000,0
332580000,0
332582000,0
332584000,0
332586000,0
332588000,0
332590000,0
332592000,0
332594000,0
332596000,0
332598000,0
332600000,0
332602000,0
332604000,0
332606000,0
332608001,0
332610000,0
332612001,0
332614000,0
332616000,0
332618000,0
332620000,0
332622000,0
332624000,0
332626000,0
332628000,0
332630000,0
332632000,0
332634000,0
332636000,0
332638000,0
332640000,0
332642000,0
332644001,0
332646001,0
332648001,0
332650001,0
332652001,0
332654000,0
332656000,0
332658000,0
332660001,0
332662000,0
332664001,0
332666001,0
332668001,0
332670001,0
332672001,0
332674001,0
332676001,0
332678001,0
332680001,0
332682001,0
332684000,0
332686000,0
332688000,0
332690001,0
332692001,0
332694001,0
332696000,0
332698000,0
332700001,0
332702000,0
332704000,0
332706000,0
332708000,0
332710000,0
332712000,0
332714000,0
332716000,0
332718000,0
332720000,0
332722001,0
332724001,0
332726001,0
332728001,0
332730000,0
332732001,0
332734001,0
332736000,0
332738000,0
332740001,0
332742001,0
332744001,0
332746001,0
332748000,0
332750000,0
332752001,0
332754001,0
332756001,0
332758001,0
332760001,0
332762001,0
332764001,0
332766000,0
332768001,0
332770000,0
332772001,0
332774001,0
332776001,0
332778001,0
332780001,0
332782001,0
332784001,0
332786001,0
332788000,0
332790000,0
332792000,0
332794000,0
332796000,0
332798000,0
332800000,0
332802000,0
332804000,0
332806000,0
332808000,0
332810000,0
332812000,0
332814000,0
332816000,0
332818000,0
332820000,0
332822000,0
332824000,0
332826000,0
332828000,0
332830000,0
332832000,0
332834001,0
332836001,0
332838001,0
332840001,0
332842000,0
332844000,0
332846000,0
332848000,0
332850000,0
332852000,0
332854000,0
332856000,0
332858000,0
332860000,0
332862000,0
332864000,0
332866000,0
332868000,0
332870000,0
332872001,0
332874001,0
332876001,0
332878001,0
332880000,0
332882000,0
332884000,0
332886001,0
332888001,0
332890001,0
332892000,0
332894001,0
332896001,0
332898000,0
332900000,0
332902000,0
332904000,0
332906000,0
332908000,0
332910000,0
332912000,0
332914000,0
332916001,0
332918001,0
332920000,0
332922001,0
332924001,0
332926001,0
332928001,0
332930001,0
332932000,0
332934001,0
332936001,0
332938001,0
332940001,0
332942001,0
332944001,0
332946001,0
332948000,0
332950001,0
332952001,0
332954001,0
332956000,0
332958000,0
332960000,0
332962000,0
332964001,0
332966001,0
332968001,0
332970000,0
332972001,0
332974000,0
332976000,0
332978000,0
332980001,0
332982000,0
332984000,0
332986000,0
332988001,0
332990001,0
332992001,0
332994001,0
332996001,0
332998001,0
333000000,0
333002000,0
333004001,0
333006001,0
333008000,0
333010000,0
333012000,0
333014000,0
333016000,0
333018000,0
333020000,0
333022000,0
333024000,0
333026000,0
333028000,0
333030001,0
333032000,0
333034001,0
333036001,0
333038001,0
333040001,0
333042001,0
333044001,0
333046001,0
333048000,0
333050000,0
333052000,0
333054000,0
333056000,0
333058000,0
333060000,0
333062000,0
333064000,0
333066000,0
333068000,0
333070000,0
333072000,0
333074000,0
333076000,0
333078000,0
333080000,0
333082001,0
333084000,0
333086000,0
333088000,0
333090000,0
333092001,0
333094001,0
333096001,0
333098001,0
333100000,0
333102000,0
333104000,0
333106000,0
333108000,0
333110000,0
333112000,0
333114000,0
333116000,0
333118001,0
333120001,0
333122001,0
333124001,0
333126001,0
333128000,0
333130001,0
333132000,0
333134000,0
333136000,0
333138000,0
333140000,0
333142000,0
333144000,0
333146000,0
333148000,0
333150000,0
333152000,0
333154000,0
333156000,0
333158000,0
333160000,0
333162000,0
333164000,0
333166000,0
333168000,0
333170000,0
333172000,0
333174000,0
333176000,0
333178000,0
333180000,0
333182000,0
333184000,0
333186000,0
333188000,0
333190000,0
333192000,0
333194000,0
333196000,0
333198000,0
333200001,0
333202000,0
333204000,0
333206000,0
333208000,0
333210000,0
333212000,0
333214000,0
333216000,0
333218000,0
333220000,0
333222000,0
333224000,0
333226000,0
333228000,0
333230000,0
333232000,0
333234000,0
333236000,0
333238000,0
333240000,0
333242000,0
333244001,0
333246001,0
333248001,0
333250001,0
333252001,0
333254001,0
333256001,0
333258001,0
333260000,0
333262001,0
333264001,0
333266001,0
333268000,0
333270001,0
333272001,0
333274001,0
333276000,0
333278000,0
333280000,0
333282001,0
333284000,0
333286000,0
333288000,0
333290000,0
333292000,0
333294000,0
333296000,0
333298000,0
333300000,0
333302000,0
333304000,0
333306000,0
333308001,0
333310001,0
333312001,0
333314000,0
333316000,0
333318001,0
333320001,0
333322001,0
333324001,0
333326001,0
333328001,0
333330000,0
333332000,0
333334000,0
333336000,0
333338001,0
333340001,0
333342001,0
333344001,0
333346001,0
333348000,0
333350001,0
333352001,0
333354001,0
333356001,0
333358001,0
333360001,0
333362000,0
333364000,0
333366000,0
333368000,0
333370000,0
333372000,0
333374000,0
333376000,0
333378000,0
333380000,0
333382000,0
333384000,0
333386000,0
333388000,0
333390000,0
333392000,0
333394001,0
333396000,0
333398000,0
333400000,0
333402000,0
333404000,0
333406000,0
333408000,0
333410000,0
333412000,0
333414000,0
333416000,0
333418000,0
333420001,0
333422000,0
333424001,0
333426001,0
333428001,0
333430000,0
333432001,0
333434001,0
333436000,0
333438001,0
333440001,0
333442001,0
333444001,0
333446001,0
333448001,0
333450000,0
333452001,0
333454000,0
333456001,0
333458001,0
333460000,0
333462000,0
333464000,0
333466000,0
333468000,0
333470000,0
333472000,0
333474001,0
333476001,0
333478000,0
333480001,0
333482000,0
333484000,0
333486000,0
333488000,0
333490000,0
333492000,0
333494000,0
333496000,0
333498000,0
333500000,0
333502000,0
333504000,0
333506000,0
333508000,0
333510000,0
333512000,0
333514000,0
333516000,0
333518000,0
333520000,0
333522001,0
333524001,0
333526000,0
333528001,0
333530000,0
333532001,0
333534000,0
333536001,0
333538000,0
333540001,0
333542000,0
333544000,0
333546000,0
333548000,0
333550000,0
333552000,0
333554000,0
333556000,0
333558000,0
333560000,0
333562001,0
333564001,0
333566001,0
333568000,0
333570000,0
333572000,0
333574000,0
333576000,0
333578000,0
333580001,0
333582001,0
333584001,0
333586001,0
333588001,0
333590000,0
333592000,0
333594000,0
333596000,0
333598000,0
333600000,0
333602000,0
333604000,0
333606000,0
333608000,0
333610000,0
333612000,0
333614000,0
333616000,0
333618000,0
333620001,0
333622001,0
333624001,0
333626000,0
333628000,0
333630000,0
333632000,0
333634001,0
333636001,0
333638001,0
333640001,0
333642001,0
333644001,0
333646000,0
333648000,0
333650000,0
333652000,0
333654000,0
333656000,0
333658000,0
333660000,0
333662000,0
333664000,0
333666000,0
333668000,0
333670001,0
333672001,0
333674001,0
333676001,0
333678000,0
333680001,0
333682000,0
333684000,0
333686001,0
333688001,0
333690001,0
333692001,0
333694000,0
333696000,0
333698000,0
333700000,0
333702000,0
333704000,0
333706000,0
333708000,0
333710000,0
333712000,0
333714000,0
333716000,0
333718000,0
333720000,0
333722000,0
333724001,0
333726000,0
333728000,0
333730000,0
333732001,0
333734001,0
333736001,0
333738000,0
333740000,0
333742000,0
333744000,0
333746000,0
333748000,0
333750000,0
333752000,0
333754000,0
333756000,0
333758001,0
333760001,0
333762000,0
333764000,0
333766000,0
333768000,0
333770000,0
333772000,0
333774000,0
333776000,0
333778000,0
333780000,0
333782000,0
333784000,0
333786001,0
333788001,0
333790001,0
333792000,0
333794000,0
333796000,0
333798000,0
333800000,0
333802000,0
333804000,0
333806000,0
333808000,0
333810000,0
333812000,0
333814000,0
333816000,0
333818000,0
333820000,0
333822000,0
333824000,0
333826001,0
333828000,0
333830000,0
333832000,0
333834000,0
333836000,0
333838000,0
333840000,0
333844000,0
333846000,0
333848000,0
333850000,0
333852000,0
333854001,0
333856001,0
333858000,0
333860000,0
333862000,0
333864000,0
333866000,0
333868001,0
333870000,0
333872000,0
333874000,0
333876000,0
333878000,0
333880001,0
333882001,0
333884000,0
333886000,0
333888000,0
333890000,0
333892000,0
333894000,0
333896000,0
333898001,0
333900001,0
333902000,0
333904001,0
333906001,0
333908001,0
333910001,0
333912001,0
333914000,0
333916000,0
333918000,0
333920000,0
333922000,0
333924000,0
333926000,0
333928000,0
333930000,0
333932000,0
333934000,0
333936000,0
333938000,0
333940000,0
333942000,0
333944001,0
333946001,0
333948000,0
333950000,0
333952000,0
333954000,0
333956000,0
333958000,0
333960000,0
333962001,0
333964001,0
333966001,0
333968001,0
333970001,0
333972001,0
333974001,0
333976000,0
333978000,0
333980000,0
333982001,0
333984001,0
333986001,0
333988001,0
333990000,0
333992001,0
333994001,0
333996001,0
333998001,0
334000001,0
334002001,0
334004001,0
334006001,0
334008000,0
334010000,0
334012000,0
334014000,0
334016000,0
334018001,0
334020000,0
334022000,0
334024000,0
334026000,0
334028000,0
334030001,0
334032001,0
334034001,0
334036001,0
334038001,0
334040001,0
334042001,0
334044001,0
334046000,0
334048000,0
334050000,0
334052000,0
334054000,0
334056000,0
334058000,0
334060000,0
334062000,0
334064000,0
334066000,0
334068000,0
334070000,0
334072000,0
334074000,0
334076000,0
334078000,0
334080000,0
334082000,0
334084000,0
334086000,0
334088000,0
334090000,0
334092000,0
334094000,0
334096000,0
334098000,0
334100001,0
334102001,0
334104001,0
334106000,0
334108000,0
334110000,0
334112000,0
334114000,0
334116000,0
334118000,0
334120000,0
334122000,0
334124001,0
334126001,0
334128000,0
334130000,0
334132000,0
334134000,0
334136000,0
334138000,0
334140000,0
334142000,0
334144001,0
334146001,0
334148000,0
334150001,0
334152000,0
334154000,0
334156000,0
334158000,0
334160000,0
334162000,0
334164001,0
334166001,0
334168001,0
334170001,0
334172000,0
334174000,0
334176001,0
334178000,0
334180001,0
334182000,0
334184000,0
334186000,0
334188001,0
334190001,0
334192000,0
334194000,0
334196000,0
334198000,0
334200000,0
334202000,0
334204000,0
334206001,0
334208001,0
334210000,0
334212001,0
334214000,0
334216000,0
334218000,0
334220001,0
334222001,0
334224001,0
334226001,0
334228001,0
334230001,0
334232001,0
334234000,0
334236001,0
334238000,0
334240001,0
334242001,0
334244001,0
334246000,0
334248000,0
334250000,0
334252001,0
334254001,0
334256000,0
334258001,0
334260001,0
334262001,0
334264000,0
334266000,0
334268000,0
334270000,0
334272000,0
334274000,0
334276000,0
334278000,0
334280000,0
334282000,0
334284000,0
334286000,0
334288000,0
334290000,0
334292000,0
334294000,0
334296000,0
334298000,0
334300000,0
334302000,0
334304000,0
334306000,0
334308001,0
334310001,0
334312001,0
334314001,0
334316001,0
334318000,0
334320001,0
334322001,0
334324001,0
334326001,0
334328001,0
334330000,0
334332000,0
334334000,0
334336000,0
334338000,0
334340000,0
334342000,0
334344000,0
334346000,0
334348000,0
334350000,0
334352000,0
334354000,0
334356000,0
334358000,0
334360000,0
334362000,0
334364000,0
334366000,0
334368000,0
334370000,0
334372000,0
334374000,0
334376000,0
334378001,0
334380001,0
334382000,0
334384000,0
334386000,0
334388000,0
334390000,0
334392000,0
334394000,0
334396000,0
334398000,0
334400000,0
334402000,0
334404000,0
334406000,0
334408000,0
334410000,0
334412001,0
334414001,0
334416001,0
334418001,0
334420001,0
334422001,0
334424000,0
334426000,0
334428000,0
334430001,0
334432000,0
334434001,0
334436001,0
334438001,0
334440001,0
334442001,0
334444001,0
334446000,0
334448000,0
334450001,0
334452000,0
334454000,0
334456000,0
334458000,0
334460000,0
334462000,0
334464000,0
334466000,0
334468000,0
334470001,0
334472001,0
334474001,0
334476000,0
334478000,0
334480000,0
334482000,0
334484000,0
334486001,0
334488001,0
334490001,0
334492000,0
334494000,0
334496000,0
334498000,0
334500000,0
334502000,0
334504001,0
334506001,0
334508001,0
334510001,0
334512000,0
334514000,0
334516000,0
334518000,0
334520000,0
334522000,0
334524001,0
334526000,0
334528000,0
334530000,0
334532001,0
334534000,0
334536000,0
334538000,0
334540000,0
334542000,0
334544000,0
334546000,0
334548000,0
334550000,0
334552000,0
334554000,0
334556000,0
334558000,0
334560000,0
334562000,0
334564000,0
334566000,0
334568000,0
334570001,0
334572000,0
334574000,0
334576000,0
334578000,0
334580000,0
334582000,0
334584000,0
334586000,0
334588000,0
334590001,0
334592001,0
334594000,0
334596001,0
334598001,0
334600000,0
334602000,0
334604000,0
334606000,0
334608000,0
334610000,0
334612001,0
334614001,0
334616001,0
334618001,0
334620001,0
334622001,0
334624001,0
334626000,0
334628001,0
334630001,0
334632000,0
334634000,0
334636000,0
334638000,0
334640000,0
334642000,0
334644000,0
334646000,0
334648001,0
334650000,0
334652000,0
334654000,0
334656000,0
334658000,0
334660000,0
334662001,0
334664000,0
334666001,0
334668001,0
334670001,0
334672001,0
334674001,0
334676000,0
334678001,0
334680001,0
334682001,0
334684000,0
334686001,0
334688000,0
334690000,0
334692001,0
334694001,0
334696000,0
334698001,0
334700001,0
334702001,0
334704001,0
334706001,0
334708000,0
334710000,0
334712000,0
334714000,0
334716000,0
334718001,0
334720000,0
334722000,0
334724000,0
334726000,0
334728000,0
334730000,0
334732000,0
334734000,0
334736000,0
334738000,0
334740000,0
334742000,0
334744000,0
334746000,0
334748000,0
334750000,0
334752000,0
334754000,0
334756000,0
334758000,0
334760000,0
334762000,0
334764000,0
334766000,0
334768000,0
334770001,0
334772001,0
334774001,0
334776001,0
334778000,0
334780000,0
334782000,0
334784000,0
334786000,0
334788000,0
334790000,0
334792000,0
334794000,0
334796000,0
334798000,0
334800000,0
334802000,0
334804000,0
334806000,0
334808001,0
334810000,0
334812001,0
334814001,0
334816001,0
334818000,0
334820001,0
334822001,0
334824000,0
334826001,0
334828000,0
334830000,0
334832000,0
334834000,0
334836000,0
334838001,0
334840000,0
334842000,0
334844001,0
334846000,0
334848000,0
334850000,0
334852000,0
334854000,0
334856000,0
334858000,0
334860000,0
334862000,0
334864000,0
334866000,0
334868000,0
334870001,0
334872001,0
334874000,0
334876000,0
334878000,0
334880000,0
334882000,0
334884000,0
334886000,0
334888000,0
334890000,0
334892000,0
334894000,0
334896001,0
334898000,0
334900000,0
334902000,0
334904001,0
334906001,0
334908000,0
334910000,0
334912001,0
334914001,0
334916001,0
334918000,0
334920001,0
334922000,0
334924000,0
334926000,0
334928000,0
334930001,0
334932001,0
334934001,0
334936001,0
334938001,0
334940001,0
334942000,0
334944000,0
334946000,0
334948000,0
334950000,0
334952000,0
334954000,0
334956000,0
334958001,0
334960000,0
334962000,0
334964000,0
334966000,0
334968001,0
334970001,0
334972000,0
334974000,0
334976000,0
334978000,0
334980000,0
334982000,0
334984000,0
334986000,0
334988000,0
334990000,0
334992000,0
334994001,0
334996000,0
334998000,0
335000000,0
335002001,0
335004000,0
335006000,0
335008000,0
335010000,0
335012000,0
335014000,0
335016000,0
335018000,0
335020000,0
335022000,0
335024000,0
335026000,0
335028000,0
335030000,0
335032000,0
335034000,0
335036001,0
335038000,0
335040000,0
335042000,0
335044000,0
335046000,0
335048000,0
335050000,0
335052000,0
335054001,0
335056001,0
335058001,0
335060000,0
335062000,0
335064001,0
335066000,0
335068001,0
335070001,0
335072000,0
335074000,0
335076000,0
335078000,0
335080000,0
335082000,0
335084000,0
335086000,0
335088000,0
335090000,0
335092000,0
335094000,0
335096000,0
335098000,0
335100000,0
335102000,0
335104000,0
335106000,0
335108000,0
335110000,0
335112000,0
335114001,0
335116001,0
335118000,0
335120000,0
335122001,0
335124001,0
335126000,0
335128001,0
335130000,0
335132000,0
335134000,0
335136000,0
335138000,0
335140000,0
335142000,0
335144000,0
335146001,0
335148001,0
335150000,0
335152000,0
335154000,0
335156000,0
335158000,0
335160000,0
335162000,0
335164000,0
335166000,0
335168000,0
335170000,0
335172000,0
335174000,0
335176000,0
335178000,0
335180000,0
335182000,0
335184000,0
335186000,0
335188000,0
335190000,0
335192001,0
335194001,0
335196000,0
335198001,0
335200000,0
335202000,0
335204001,0
335206001,0
335208001,0
335210001,0
335212001,0
335214000,0
335216001,0
335218001,0
335220001,0
335222001,0
335224001,0
335226001,0
335228001,0
335230000,0
335232000,0
335234000,0
335236000,0
335238001,0
335240000,0
335242001,0
335244001,0
335246001,0
335248001,0
335250001,0
335252001,0
335254001,0
335256000,0
335258000,0
335260000,0
335262000,0
335264001,0
335266000,0
335268000,0
335270000,0
335272000,0
335274001,0
335276001,0
335278001,0
335280001,0
335282000,0
335284000,0
335286000,0
335288001,0
335290001,0
335292000,0
335294001,0
335296001,0
335298001,0
335300000,0
335302001,0
335304001,0
335306000,0
335308000,0
335310000,0
335312000,0
335314000,0
335316000,0
335318000,0
335320000,0
335322000,0
335324000,0
335326000,0
335328000,0
335330000,0
335332000,0
335334000,0
335336000,0
335338001,0
335340001,0
335342000,0
335344000,0
335346000,0
335348000,0
335350001,0
335352000,0
335354000,0
335356000,0
335358000,0
335360000,0
335362000,0
335364000,0
335366000,0
335368000,0
335370000,0
335372000,0
335374000,0
335376000,0
335378000,0
335380000,0
335382000,0
335384000,0
335386001,0
335388000,0
335390001,0
335392000,0
335394000,0
335396000,0
335398001,0
335400001,0
335402001,0
335404000,0
335406000,0
335408000,0
335410001,0
335412001,0
335414001,0
335416001,0
335418001,0
335420001,0
335422001,0
335424000,0
335426001,0
335428000,0
335430001,0
335432001,0
335434000,0
335436000,0
335438001,0
335440000,0
335442001,0
335444001,0
335446001,0
335448000,0
335450000,0
335452000,0
335454000,0
335456000,0
335458000,0
335460000,0
335462000,0
335464000,0
335466000,0
335468000,0
335470000,0
335472000,0
335474000,0
335476000,0
335478000,0
335480000,0
335482000,0
335484000,0
335486001,0
335488001,0
335490001,0
335492000,0
335494000,0
335496001,0
335498000,0
335500000,0
335502000,0
335504000,0
335506000,0
335508000,0
335510000,0
335512000,0
335514000,0
335516000,0
335518000,0
335520000,0
335522000,0
335524000,0
335526000,0
335528000,0
335530001,0
335532001,0
335534001,0
335536001,0
335538001,0
335540000,0
335542000,0
335544000,0
335546000,0
335548000,0
335550000,0
335552000,0
335554000,0
335556000,0
335558001,0
335560000,0
335562001,0
335564000,0
335566000,0
335568000,0
335570000,0
335572000,0
335574000,0
335576000,0
335578000,0
335580000,0
335582000,0
335584000,0
335586000,0
335588001,0
335590000,0
335592000,0
335594000,0
335596000,0
335598000,0
335600000,0
335602000,0
335604001,0
335606000,0
335608000,0
335610001,0
335612001,0
335614001,0
335616001,0
335618001,0
335620000,0
335622000,0
335624001,0
335626001,0
335628001,0
335630000,0
335632000,0
335634000,0
335636000,0
335638000,0
335640000,0
335642000,0
335644000,0
335646000,0
335648000,0
335650000,0
335652000,0
335654000,0
335656000,0
335658000,0
335660000,0
335662000,0
335664000,0
335666000,0
335668000,0
335670000,0
335672000,0
335674000,0
335676000,0
335678000,0
335680000,0
335682000,0
335684000,0
335686000,0
335688000,0
335690000,0
335692000,0
335694001,0
335696000,0
335698000,0
335700000,0
335702000,0
335704000,0
335706000,0
335708001,0
335710000,0
335712000,0
335714000,0
335716000,0
335718000,0
335720000,0
335722000,0
335724000,0
335726000,0
335728000,0
335730000,0
335732000,0
335734000,0
335736000,0
335738000,0
335740000,0
335742000,0
335744000,0
335746000,0
335748000,0
335750000,0
335752000,0
335754000,0
335756000,0
335758000,0
335760001,0
335762000,0
335764000,0
335766000,0
335768000,0
335770000,0
335772000,0
335774000,0
335776000,0
335778000,0
335780000,0
335782000,0
335784000,0
335786000,0
335788000,0
335790000,0
335792000,0
335794000,0
335796000,0
335798000,0
335800000,0
335802000,0
335804000,0
335806000,0
335808000,0
335810001,0
335812000,0
335814000,0
335816000,0
335818001,0
335820001,0
335822001,0
335824000,0
335826000,0
335828001,0
335830000,0
335832001,0
335834001,0
335836001,0
335838001,0
335840000,0
335842001,0
335844000,0
335846001,0
335848001,0
335850001,0
335852000,0
335854001,0
335856001,0
335858000,0
335860000,0
335862000,0
335864000,0
335866000,0
335868000,0
335870000,0
335872000,0
335874000,0
335876000,0
335878000,0
335880000,0
335882000,0
335884000,0
335886000,0
335888000,0
335890000,0
335892000,0
335894000,0
335896000,0
335898000,0
335900000,0
335902001,0
335904001,0
335906000,0
335908000,0
335910000,0
335912000,0
335914000,0
335916000,0
335918001,0
335920001,0
335922001,0
335924000,0
335926001,0
335928000,0
335930000,0
335932001,0
335934000,0
335936001,0
335938000,0
335940000,0
335942000,0
335944000,0
335946000,0
335948000,0
335950001,0
335952000,0
335954000,0
335956000,0
335958000,0
335960001,0
335962000,0
335964001,0
335966001,0
335968001,0
335970001,0
335972001,0
335974000,0
335976000,0
335978000,0
335980000,0
335982000,0
335984000,0
335986000,0
335988000,0
335990000,0
335992001,0
335994000,0
335996000,0
335998000,0
336000000,0
336002001,0
336004001,0
336006000,0
336008000,0
336010001,0
336012001,0
336014000,0
336016000,0
336018000,0
336020000,0
336022000,0
336024000,0
336026000,0
336028000,0
336030001,0
336032001,0
336034000,0
336036000,0
336038000,0
336040000,0
336042000,0
336044000,0
336046000,0
336048000,0
336050000,0
336052000,0
336054000,0
336056001,0
336058001,0
336060000,0
336062001,0
336064001,0
336066001,0
336068000,0
336070000,0
336072000,0
336074000,0
336076000,0
336078000,0
336080000,0
336082000,0
336084001,0
336086000,0
336088000,0
336090000,0
336092001,0
336094001,0
336096000,0
336098000,0
336100000,0
336102000,0
336104000,0
336106000,0
336108000,0
336110000,0
336112000,0
336114000,0
336116000,0
336118000,0
336120000,0
336122000,0
336124000,0
336126000,0
336128000,0
336130000,0
336132000,0
336134000,0
336136001,0
336138001,0
336140001,0
336142001,0
336144001,0
336146001,0
336148000,0
336150001,0
336152000,0
336154000,0
336156000,0
336158000,0
336160000,0
336162000,0
336164000,0
336166000,0
336168001,0
336170001,0
336172000,0
336174001,0
336176001,0
336178000,0
336180000,0
336182000,0
336184000,0
336186000,0
336188000,0
336190000,0
336192000,0
336194000,0
336196000,0
336198000,0
336200000,0
336202000,0
336204000,0
336206000,0
336208000,0
336210000,0
336212001,0
336214001,0
336216000,0
336218000,0
336220000,0
336222000,0
336224000,0
336226000,0
336228000,0
336230000,0
336232000,0
336234000,0
336236000,0
336238000,0
336240000,0
336242000,0
336244001,0
336246001,0
336248001,0
336250001,0
336252000,0
336254000,0
336256000,0
336258000,0
336260000,0
336262000,0
336264000,0
336266000,0
336268000,0
336270000,0
336272000,0
336274000,0
336276000,0
336278000,0
336280001,0
336282001,0
336284000,0
336286000,0
336288000,0
336290000,0
336292000,0
336294001,0
336296000,0
336298001,0
336300000,0
336302000,0
336304000,0
336306000,0
336308001,0
336310000,0
336312000,0
336314000,0
336316001,0
336318000,0
336320000,0
336322000,0
336324000,0
336326000,0
336328000,0
336330000,0
336332000,0
336334000,0
336336000,0
336338000,0
336340000,0
336342000,0
336344000,0
336346000,0
336348000,0
336350000,0
336352000,0
336354000,0
336356000,0
336358000,0
336360001,0
336362000,0
336364000,0
336366000,0
336368000,0
336370001,0
336372000,0
336374001,0
336376000,0
336378000,0
336380000,0
336382000,0
336384000,0
336386000,0
336388000,0
336390000,0
336392000,0
336394000,0
336396000,0
336398000,0
336400000,0
336402000,0
336404000,0
336406001,0
336408001,0
336410001,0
336412001,0
336414000,0
336416000,0
336418000,0
336420000,0
336422000,0
336424000,0
336426000,0
336428000,0
336430000,0
336432001,0
336434000,0
336436000,0
336438000,0
336440000,0
336442000,0
336444000,0
336446000,0
336448000,0
336450000,0
336452000,0
336454000,0
336456000,0
336458000,0
336460000,0
336462000,0
336464000,0
336466000,0
336468000,0
336470000,0
336472000,0
336474000,0
336476000,0
336478001,0
336480001,0
336482000,0
336484000,0
336486000,0
336488000,0
336490000,0
336492001,0
336494000,0
336496000,0
336498000,0
336500000,0
336502000,0
336504000,0
336506000,0
336508001,0
336510000,0
336512000,0
336514000,0
336516000,0
336518000,0
336520000,0
336522001,0
336524001,0
336526001,0
336528001,0
336530000,0
336532000,0
336534001,0
336536001,0
336538001,0
336540000,0
336542000,0
336544000,0
336546000,0
336548000,0
336550000,0
336552000,0
336554000,0
336556000,0
336558000,0
336560000,0
336562000,0
336564000,0
336566000,0
336568000,0
336570000,0
336572000,0
336574000,0
336576000,0
336578000,0
336580000,0
336582000,0
336584000,0
336586000,0
336588000,0
336590000,0
336592001,0
336594001,0
336596001,0
336598001,0
336600000,0
336602000,0
336604000,0
336606000,0
336608000,0
336610000,0
336612000,0
336614000,0
336616000,0
336618001,0
336620000,0
336622001,0
336624001,0
336626001,0
336628001,0
336630000,0
336632000,0
336634000,0
336636001,0
336638001,0
336640001,0
336642000,0
336644001,0
336646000,0
336648000,0
336650001,0
336652000,0
336654001,0
336656000,0
336658000,0
336660001,0
336662001,0
336664001,0
336666000,0
336668000,0
336670000,0
336672000,0
336674000,0
336676000,0
336678000,0
336680000,0
336682001,0
336684001,0
336686000,0
336688001,0
336690000,0
336692000,0
336694001,0
336696000,0
336698000,0
336700001,0
336702001,0
336704000,0
336706000,0
336708000,0
336710000,0
336712000,0
336714000,0
336716000,0
336718000,0
336720000,0
336722000,0
336724000,0
336726001,0
336728001,0
336730001,0
336732000,0
336734001,0
336736001,0
336738000,0
336740000,0
336742001,0
336744001,0
336746001,0
336748000,0
336750001,0
336752001,0
336754000,0
336756000,0
336758000,0
336760000,0
336762000,0
336764000,0
336766000,0
336768000,0
336770000,0
336772000,0
336774000,0
336776001,0
336778001,0
336780001,0
336782001,0
336784001,0
336786000,0
336788000,0
336790000,0
336792000,0
336794001,0
336796001,0
336798000,0
336800000,0
336802000,0
336804000,0
336806000,0
336808000,0
336810000,0
336812000,0
336814000,0
336816000,0
336818000,0
336820000,0
336822000,0
336824000,0
336826000,0
336828000,0
336830000,0
336832000,0
336834000,0
336836000,0
336838000,0
336840000,0
336842000,0
336844000,0
336846000,0
336848000,0
336850000,0
336852000,0
336854000,0
336856000,0
336858000,0
336860000,0
336862000,0
336864000,0
336866000,0
336868000,0
336870000,0
336872000,0
336874000,0
336876000,0
336878000,0
336880000,0
336882000,0
336884000,0
336886000,0
336888000,0
336890000,0
336892000,0
336894000,0
336896000,0
336898000,0
336900000,0
336902000,0
336904000,0
336906000,0
336908001,0
336910001,0
336912000,0
336914000,0
336916000,0
336918000,0
336920000,0
336922000,0
336924000,0
336926001,0
336928000,0
336930000,0
336932000,0
336934000,0
336936000,0
336938000,0
336940000,0
336942000,0
336944000,0
336946000,0
336948000,0
336950000,0
336952000,0
336954000,0
336956000,0
336958000,0
336960000,0
336962000,0
336964000,0
336966000,0
336968000,0
336970000,0
336972001,0
336974001,0
336976000,0
336978000,0
336980000,0
336982000,0
336984000,0
336986000,0
336988001,0
336990001,0
336992001,0
336994001,0
336996001,0
336998001,0
337000001,0
337002001,0
337004000,0
337006000,0
337008000,0
337010000,0
337012000,0
337014000,0
337016000,0
337018000,0
337020000,0
337022000,0
337024001,0
337026001,0
337028001,0
337030001,0
337032001,0
337034000,0
337036001,0
337038001,0
337040000,0
337042000,0
337044000,0
337046000,0
337048000,0
337050000,0
337052001,0
337054001,0
337056001,0
337058000,0
337060001,0
337062000,0
337064000,0
337066000,0
337068000,0
337070000,0
337072001,0
337074001,0
337076000,0
337078001,0
337080000,0
337082001,0
337084000,0
337086000,0
337088000,0
337090000,0
337092000,0
337094000,0
337096000,0
337098000,0
337100000,0
337102001,0
337104001,0
337106001,0
337108001,0
337110000,0
337112000,0
337114001,0
337116001,0
337118001,0
337120001,0
337122000,0
337124000,0
337126000,0
337128000,0
337130001,0
337132000,0
337134000,0
337136000,0
337138000,0
337140000,0
337142000,0
337144000,0
337146000,0
337148000,0
337150000,0
337152000,0
337154000,0
337156000,0
337158000,0
337160000,0
337162000,0
337164000,0
337166001,0
337168001,0
337170000,0
337172001,0
337174000,0
337176000,0
337178000,0
337180000,0
337182000,0
337184000,0
337186000,0
337188000,0
337190000,0
337192000,0
337194000,0
337196000,0
337198000,0
337200000,0
337202000,0
337204000,0
337206000,0
337208000,0
337210000,0
337212000,0
337214000,0
337216000,0
337218000,0
337220000,0
337222001,0
337224001,0
337226000,0
337228000,0
337230000,0
337232000,0
337234000,0
337236000,0
337238001,0
337240001,0
337242001,0
337244001,0
337246000,0
337248000,0
337250000,0
337252000,0
337254000,0
337256000,0
337258000,0
337260001,0
337262001,0
337264000,0
337266000,0
337268000,0
337270000,0
337272000,0
337274000,0
337276001,0
337278001,0
337280001,0
337282001,0
337284000,0
337286001,0
337288000,0
337290000,0
337292001,0
337294001,0
337296001,0
337298000,0
337300000,0
337302000,0
337304000,0
337306000,0
337308000,0
337310001,0
337312000,0
337314000,0
337316000,0
337318000,0
337320000,0
337322000,0
337324000,0
337326000,0
337328000,0
337330000,0
337332000,0
337334000,0
337336001,0
337338000,0
337340001,0
337342001,0
337344001,0
337346000,0
337348001,0
337350001,0
337352000,0
337354001,0
337356000,0
337358000,0
337360000,0
337362000,0
337364000,0
337366000,0
337368000,0
337370000,0
337372001,0
337374001,0
337376000,0
337378001,0
337380001,0
337382000,0
337384001,0
337386001,0
337388001,0
337390001,0
337392000,0
337394000,0
337396001,0
337398001,0
337400001,0
337402001,0
337404001,0
337406001,0
337408001,0
337410001,0
337412001,0
337414001,0
337416000,0
337418000,0
337420000,0
337422000,0
337424000,0
337426000,0
337428000,0
337430001,0
337432001,0
337434001,0
337436000,0
337438000,0
337440001,0
337442001,0
337444001,0
337446001,0
337448001,0
337450000,0
337452000,0
337454001,0
337456001,0
337458001,0
337460001,0
337462000,0
337464000,0
337466000,0
337468000,0
337470000,0
337472001,0
337474001,0
337476000,0
337478000,0
337480001,0
337482000,0
337484000,0
337486000,0
337488001,0
337490001,0
337492001,0
337494000,0
337496001,0
337498000,0
337500000,0
337502000,0
337504001,0
337506001,0
337508000,0
337510000,0
337512000,0
337514000,0
337516000,0
337518001,0
337520001,0
337522001,0
337524000,0
337526001,0
337528000,0
337530000,0
337532000,0
337534000,0
337536000,0
337538000,0
337540001,0
337542000,0
337544001,0
337546001,0
337548001,0
337550000,0
337552000,0
337554000,0
337556000,0
337558000,0
337560000,0
337562000,0
337564001,0
337566000,0
337568001,0
337570001,0
337572001,0
337574000,0
337576001,0
337578001,0
337580001,0
337582001,0
337584001,0
337586000,0
337588000,0
337590001,0
337592001,0
337594001,0
337596001,0
337598001,0
337600000,0
337602000,0
337604000,0
337606001,0
337608000,0
337610000,0
337612000,0
337614001,0
337616001,0
337618000,0
337620000,0
337622000,0
337624000,0
337626000,0
337628000,0
337630000,0
337632000,0
337634000,0
337636000,0
337638000,0
337640000,0
337642000,0
337644000,0
337646000,0
337648000,0
337650000,0
337652000,0
337654000,0
337656000,0
337658000,0
337660000,0
337662001,0
337664001,0
337666001,0
337668001,0
337670001,0
337672001,0
337674001,0
337676001,0
337678001,0
337680001,0
337682001,0
337684001,0
337686000,0
337688000,0
337690000,0
337692000,0
337694000,0
337696000,0
337698000,0
337700000,0
337702000,0
337704000,0
337706000,0
337708001,0
337710000,0
337712000,0
337714000,0
337716000,0
337718000,0
337720000,0
337722000,0
337724000,0
337726000,0
337728001,0
337730001,0
337732000,0
337734000,0
337736000,0
337738000,0
337740001,0
337742001,0
337744001,0
337746001,0
337748001,0
337750000,0
337752000,0
337754001,0
337756001,0
337758001,0
337760001,0
337762001,0
337764001,0
337766000,0
337768001,0
337770000,0
337772000,0
337774000,0
337776000,0
337778001,0
337780000,0
337782000,0
337784000,0
337786000,0
337788000,0
337790000,0
337792001,0
337794001,0
337796001,0
337798001,0
337800001,0
337802001,0
337804001,0
337806001,0
337808000,0
337810000,0
337812000,0
337814000,0
337816000,0
337818001,0
337820000,0
337822000,0
337824001,0
337826001,0
337828001,0
337830001,0
337832000,0
337834000,0
337836000,0
337838001,0
337840000,0
337842000,0
337844000,0
337846000,0
337848000,0
337850001,0
337852001,0
337854001,0
337856001,0
337858000,0
337860000,0
337862000,0
337864000,0
337866000,0
337868000,0
337870000,0
337872000,0
337874000,0
337876000,0
337878000,0
337880000,0
337882001,0
337884000,0
337886000,0
337888000,0
337890000,0
337892000,0
337894000,0
337896000,0
337898000,0
337900001,0
337902000,0
337904000,0
337906000,0
337908000,0
337910000,0
337912000,0
337914000,0
337916000,0
337918000,0
337920000,0
337922000,0
337924000,0
337926000,0
337928000,0
337930000,0
337932000,0
337934000,0
337936000,0
337938000,0
337940001,0
337942001,0
337944000,0
337946000,0
337948000,0
337950000,0
337952000,0
337954000,0
337956000,0
337958000,0
337960000,0
337962000,0
337964000,0
337966000,0
337968000,0
337970000,0
337972000,0
337974000,0
337976000,0
337978000,0
337980000,0
337982000,0
337984000,0
337986000,0
337988000,0
337990000,0
337992000,0
337994000,0
337996001,0
337998000,0
338000000,0
338002000,0
338004000,0
338006000,0
338008000,0
338010000,0
338012000,0
338014000,0
338016000,0
338018000,0
338020001,0
338022001,0
338024000,0
338026000,0
338028001,0
338030001,0
338032001,0
338034001,0
338036001,0
338038000,0
338040001,0
338042001,0
338044001,0
338046001,0
338048001,0
338050001,0
338052001,0
338054001,0
338056001,0
338058000,0
338060000,0
338062000,0
338064000,0
338066000,0
338068001,0
338070000,0
338072000,0
338074000,0
338076000,0
338078001,0
338080001,0
338082001,0
338084000,0
338086000,0
338088000,0
338090000,0
338092000,0
338094000,0
338096000,0
338098000,0
338100000,0
338102000,0
338104000,0
338106000,0
338108000,0
338110000,0
338112001,0
338114001,0
338116001,0
338118001,0
338120001,0
338122000,0
338124001,0
338126001,0
338128001,0
338130000,0
338132000,0
338134000,0
338136000,0
338138000,0
338140000,0
338142000,0
338144000,0
338146000,0
338148000,0
338150000,0
338152000,0
338154000,0
338156000,0
338158000,0
338160000,0
338162000,0
338164001,0
338166001,0
338168001,0
338170000,0
338172001,0
338174000,0
338176000,0
338178000,0
338180000,0
338182000,0
338184000,0
338186000,0
338188000,0
338190000,0
338192001,0
338194001,0
338196001,0
338198001,0
338200001,0
338202000,0
338204000,0
338206000,0
338208000,0
338210000,0
338212000,0
338214000,0
338216000,0
338218001,0
338220000,0
338222000,0
338224000,0
338226000,0
338228001,0
338230001,0
338232001,0
338234000,0
338236000,0
338238000,0
338240001,0
338242000,0
338244000,0
338246000,0
338248000,0
338250001,0
338252000,0
338254001,0
338256001,0
338258000,0
338260000,0
338262000,0
338264000,0
338266000,0
338268000,0
338270000,0
338272000,0
338274000,0
338276000,0
338278000,0
338280001,0
338282001,0
338284001,0
338286000,0
338288000,0
338290000,0
338292000,0
338294000,0
338296001,0
338298001,0
338300001,0
338302001,0
338304001,0
338306000,0
338308000,0
338310000,0
338312000,0
338314000,0
338316001,0
338318000,0
338320000,0
338322001,0
338324001,0
338326001,0
338328001,0
338330001,0
338332001,0
338334000,0
338336000,0
338338000,0
338340000,0
338342000,0
338344000,0
338346000,0
338348000,0
338350000,0
338352000,0
338354001,0
338356001,0
338358000,0
338360001,0
338362001,0
338364000,0
338366001,0
338368000,0
338370000,0
338372000,0
338374000,0
338376000,0
338378000,0
338380000,0
338382000,0
338384000,0
338386001,0
338388001,0
338390001,0
338392000,0
338394000,0
338396000,0
338398001,0
338400000,0
338402000,0
338404000,0
338406000,0
338408000,0
338410000,0
338412000,0
338414000,0
338416000,0
338418000,0
338420000,0
338422000,0
338424000,0
338426000,0
338428000,0
338430001,0
338432001,0
338434001,0
338436000,0
338438000,0
338440000,0
338442000,0
338444000,0
338446000,0
338448000,0
338450000,0
338452001,0
338454000,0
338456000,0
338458001,0
338460000,0
338462001,0
338464001,0
338466001,0
338468001,0
338470001,0
338472000,0
338474000,0
338476000,0
338478000,0
338480000,0
338482000,0
338484000,0
338486000,0
338488000,0
338490000,0
338492001,0
338494001,0
338496001,0
338498000,0
338500000,0
338502000,0
338504000,0
338506001,0
338508001,0
338510001,0
338512001,0
338514001,0
338516001,0
338518001,0
338520001,0
338522001,0
338524000,0
338526001,0
338528000,0
338530001,0
338532001,0
338534001,0
338536000,0
338538000,0
338540000,0
338542000,0
338544000,0
338546000,0
338548000,0
338550000,0
338552000,0
338554000,0
338556000,0
338558000,0
338560001,0
338562001,0
338564001,0
338566001,0
338568001,0
338570000,0
338572000,0
338574000,0
338576000,0
338578000,0
338580000,0
338582000,0
338584000,0
338586000,0
338588000,0
338590000,0
338592000,0
338594000,0
338596000,0
338598000,0
338600000,0
338602000,0
338604001,0
338606000,0
338608001,0
338610001,0
338612000,0
338614000,0
338616000,0
338618000,0
338620000,0
338622000,0
338624000,0
338626000,0
338628001,0
338630000,0
338632000,0
338634001,0
338636001,0
338638000,0
338640000,0
338642000,0
338644000,0
338646000,0
338648000,0
338650000,0
338652000,0
338654000,0
338656000,0
338658000,0
338660000,0
338662000,0
338664000,0
338666000,0
338668000,0
338670000,0
338672000,0
338674000,0
338676000,0
338678000,0
338680001,0
338682001,0
338684001,0
338686000,0
338688001,0
338690001,0
338692001,0
338694000,0
338696001,0
338698001,0
338700001,0
338702001,0
338704000,0
338706001,0
338708001,0
338710001,0
338712001,0
338714001,0
338716000,0
338718001,0
338720000,0
338722001,0
338724001,0
338726001,0
338728000,0
338730000,0
338732000,0
338734001,0
338736001,0
338738001,0
338740000,0
338742001,0
338744001,0
338746001,0
338748001,0
338750001,0
338752001,0
338754000,0
338756000,0
338758000,0
338760000,0
338762000,0
338764000,0
338766000,0
338768000,0
338770000,0
338772000,0
338774000,0
338776000,0
338778000,0
338780000,0
338782000,0
338784000,0
338786000,0
338788000,0
338790000,0
338792000,0
338794000,0
338796000,0
338798000,0
338800000,0
338802000,0
338804000,0
338806001,0
338808001,0
338810001,0
338812000,0
338814000,0
338816000,0
338818000,0
338820000,0
338822000,0
338824000,0
338826000,0
338828001,0
338830001,0
338832000,0
338834000,0
338836000,0
338838000,0
338840000,0
338842000,0
338844001,0
338846001,0
338848000,0
338850000,0
338852000,0
338854000,0
338856000,0
338858000,0
338860000,0
338862000,0
338864000,0
338866001,0
338868001,0
338870001,0
338872001,0
338874001,0
338876001,0
338878001,0
338880000,0
338882001,0
338884000,0
338886000,0
338888000,0
338890000,0
338892000,0
338894000,0
338896000,0
338898000,0
338900000,0
338902000,0
338904001,0
338906000,0
338908000,0
338910001,0
338912000,0
338914001,0
338916001,0
338918001,0
338920001,0
338922001,0
338924001,0
338926001,0
338928001,0
338930001,0
338932000,0
338934001,0
338936000,0
338938000,0
338940000,0
338942001,0
338944001,0
338946001,0
338948000,0
338950000,0
338952000,0
338954000,0
338956000,0
338958000,0
338960000,0
338962000,0
338964001,0
338966000,0
338968000,0
338970000,0
338972000,0
338974000,0
338976000,0
338978000,0
338980000,0
338982000,0
338984000,0
338986000,0
338988000,0
338990000,0
338992000,0
338994000,0
338996000,0
338998000,0
339000000,0
339002000,0
339004000,0
339006000,0
339008000,0
339010000,0
339012001,0
339014000,0
339016001,0
339018001,0
339020001,0
339022001,0
339024001,0
339026001,0
339028000,0
339030001,0
339032001,0
339034000,0
339036000,0
339038000,0
339040000,0
339042001,0
339044001,0
339046001,0
339048000,0
339050000,0
339052000,0
339054000,0
339056000,0
339058000,0
339060000,0
339062000,0
339064000,0
339066000,0
339068000,0
339070000,0
339072000,0
339074000,0
339076000,0
339078000,0
339080000,0
339082000,0
339084000,0
339086001,0
339088000,0
339090001,0
339092001,0
339094001,0
339096001,0
339098000,0
339100000,0
339102000,0
339104001,0
339106000,0
339108001,0
339110000,0
339112000,0
339114000,0
339116000,0
339118001,0
339120001,0
339122001,0
339124001,0
339126001,0
339128001,0
339130001,0
339132001,0
339134001,0
339136001,0
339138001,0
339140001,0
339142001,0
339144001,0
339146001,0
339148001,0
339150001,0
339152001,0
339154000,0
339156000,0
339158000,0
339160000,0
339162001,0
339164000,0
339166000,0
339168000,0
339170000,0
339172000,0
339174000,0
339176000,0
339178000,0
339180000,0
339182001,0
339184001,0
339186001,0
339188001,0
339190001,0
339192000,0
339194000,0
339196000,0
339198000,0
339200001,0
339202001,0
339204001,0
339206001,0
339208001,0
339210001,0
339212001,0
339214001,0
339216001,0
339218001,0
339220001,0
339222001,0
339224001,0
339226001,0
339228001,0
339230000,0
339232000,0
339234001,0
339236000,0
339238001,0
339240000,0
339242000,0
339244000,0
339246000,0
339248000,0
339250001,0
339252001,0
339254001,0
339256000,0
339258000,0
339260000,0
339262000,0
339264000,0
339266000,0
339268000,0
339270001,0
339272001,0
339274001,0
339276000,0
339278001,0
339280000,0
339282000,0
339284001,0
339286001,0
339288001,0
339290000,0
339292000,0
339294000,0
339296000,0
339298000,0
339300000,0
339302000,0
339304000,0
339306000,0
339308000,0
339310000,0
339312001,0
339314001,0
339316001,0
339318001,0
339320000,0
339322000,0
339324000,0
339326000,0
339328000,0
339330000,0
339332000,0
339334000,0
339336000,0
339338001,0
339340001,0
339342000,0
339344001,0
339346000,0
339348000,0
339350001,0
339352000,0
339354000,0
339356000,0
339358000,0
339360000,0
339362000,0
339364000,0
339366000,0
339368000,0
339370001,0
339372001,0
339374001,0
339376000,0
339378001,0
339380001,0
339382000,0
339384000,0
339386000,0
339388001,0
339390000,0
339392001,0
339394000,0
339396000,0
339398000,0
339400000,0
339402000,0
339404000,0
339406000,0
339408000,0
339410000,0
339412000,0
339414000,0
339416000,0
339418000,0
339420000,0
339422000,0
339424000,0
339426000,0
339428000,0
339430000,0
339432000,0
339434001,0
339436001,0
339438000,0
339440001,0
339442001,0
339444001,0
339446001,0
339448000,0
339450001,0
339452001,0
339454000,0
339456000,0
339458000,0
339460000,0
339462000,0
339464001,0
339466000,0
339468000,0
339470000,0
339472000,0
339474000,0
339476001,0
339478001,0
339480001,0
339482000,0
339484001,0
339486000,0
339488000,0
339490001,0
339492001,0
339494001,0
339496000,0
339498000,0
339500000,0
339502000,0
339504000,0
339506000,0
339508000,0
339510000,0
339512000,0
339514000,0
339516001,0
339518001,0
339520000,0
339522000,0
339524000,0
339526000,0
339528000,0
339530000,0
339532000,0
339534000,0
339536000,0
339538000,0
339540000,0
339542000,0
339544000,0
339546000,0
339548001,0
339550000,0
339552001,0
339554001,0
339556001,0
339558000,0
339560000,0
339562000,0
339564000,0
339566000,0
339568000,0
339570000,0
339572000,0
339574000,0
339576000,0
339578000,0
339580000,0
339582000,0
339584000,0
339586000,0
339588000,0
339590001,0
339592001,0
339594001,0
339596000,0
339598001,0
339600000,0
339602000,0
339604000,0
339606000,0
339608000,0
339610000,0
339612000,0
339614000,0
339616000,0
339618000,0
339620000,0
339622000,0
339624001,0
339626001,0
339628000,0
339630001,0
339632001,0
339634001,0
339636000,0
339638000,0
339640000,0
339642000,0
339644000,0
339646000,0
339648000,0
339650000,0
339652000,0
339654001,0
339656001,0
339658000,0
339660000,0
339662000,0
339664000,0
339666000,0
339668000,0
339670000,0
339672000,0
339674000,0
339676000,0
339678000,0
339680000,0
339682000,0
339684000,0
339686000,0
339688000,0
339690000,0
339692000,0
339694000,0
339696000,0
339698000,0
339700000,0
339702000,0
339704000,0
339706000,0
339708000,0
339710000,0
339712000,0
339714001,0
339716001,0
339718001,0
339720001,0
339722001,0
339724001,0
339726000,0
339728000,0
339730001,0
339732000,0
339734001,0
339736000,0
339738001,0
339740001,0
339742001,0
339744001,0
339746001,0
339748000,0
339750001,0
339752001,0
339754001,0
339756001,0
339758000,0
339760000,0
339762000,0
339764000,0
339766000,0
339768000,0
339770001,0
339772001,0
339774001,0
339776001,0
339778000,0
339780000,0
339782000,0
339784000,0
339786000,0
339788000,0
339790000,0
339792001,0
339794001,0
339796000,0
339798000,0
339800000,0
339802000,0
339804000,0
339806000,0
339808000,0
339810000,0
339812000,0
339814000,0
339816000,0
339818000,0
339820000,0
339822000,0
339824001,0
339826000,0
339828001,0
339830001,0
339832000,0
339834001,0
339836001,0
339838001,0
339840001,0
339842000,0
339844001,0
339846001,0
339848001,0
339850001,0
339852000,0
339854000,0
339856000,0
339858000,0
339860000,0
339862000,0
339864000,0
339866000,0
339868000,0
339870000,0
339872001,0
339874000,0
339876000,0
339878000,0
339880000,0
339882000,0
339884000,0
339886000,0
339888000,0
339890000,0
339892000,0
339894001,0
339896001,0
339898000,0
339900001,0
339902001,0
339904001,0
339906000,0
339908001,0
339910000,0
339912001,0
339914001,0
339916000,0
339918000,0
339920000,0
339922000,0
339924000,0
339926000,0
339928001,0
339930001,0
339932001,0
339934001,0
339936001,0
339938001,0
339940001,0
339942001,0
339944001,0
339946001,0
339948001,0
339950001,0
339952001,0
339954001,0
339956000,0
339958000,0
339960000,0
339962000,0
339964000,0
339966000,0
339968000,0
339970000,0
339972000,0
339974000,0
339976000,0
339978000,0
339980000,0
339982000,0
339984000,0
339986001,0
339988001,0
339990001,0
339992001,0
339994000,0
339996000,0
339998000,0
340000000,0
340002000,0
340004000,0
340006000,0
340008000,0
340010000,0
340012001,0
340014000,0
340016001,0
340018000,0
340020000,0
340022000,0
340024000,0
340026000,0
340028000,0
340030000,0
340032000,0
340034000,0
340036000,0
340038000,0
340040000,0
340042000,0
340044000,0
340046000,0
340048000,0
340050000,0
340052000,0
340054000,0
340056000,0
340058001,0
340060000,0
340062000,0
340064000,0
340066000,0
340068000,0
340070000,0
340072000,0
340074000,0
340076000,0
340078000,0
340080000,0
340082000,0
340084000,0
340086000,0
340088000,0
340090000,0
340092000,0
340094000,0
340096000,0
340098000,0
340100000,0
340102000,0
340104000,0
340106000,0
340108000,0
340110000,0
340112000,0
340114000,0
340116000,0
340118000,0
340120000,0
340122000,0
340124000,0
340126000,0
340128001,0
340130000,0
340132000,0
340134001,0
340136001,0
340138000,0
340140000,0
340142000,0
340144000,0
340146000,0
340148000,0
340150000,0
340152000,0
340154000,0
340156000,0
340158000,0
340160000,0
340162001,0
340164001,0
340166001,0
340168001,0
340170001,0
340172000,0
340174000,0
340176000,0
340178000,0
340180000,0
340182000,0
340184000,0
340186000,0
340188000,0
340190000,0
340192001,0
340194000,0
340196000,0
340198000,0
340200001,0
340202000,0
340204001,0
340206001,0
340208001,0
340210001,0
340212000,0
340214001,0
340216000,0
340218001,0
340220001,0
340222001,0
340224001,0
340226000,0
340228001,0
340230000,0
340232000,0
340234000,0
340236000,0
340238000,0
340240000,0
340242000,0
340244000,0
340246000,0
340248000,0
340250000,0
340252000,0
340254000,0
340256000,0
340258000,0
340260000,0
340262000,0
340264001,0
340266001,0
340268000,0
340270000,0
340272000,0
340274000,0
340276000,0
340278000,0
340280000,0
340282000,0
340284000,0
340286000,0
340288000,0
340290000,0
340292000,0
340294001,0
340296001,0
340298000,0
340300000,0
340302000,0
340304000,0
340306000,0
340308000,0
340310000,0
340312000,0
340314000,0
340316000,0
340318001,0
340320000,0
340322000,0
340324001,0
340326000,0
340328000,0
340330000,0
340332000,0
340334000,0
340336000,0
340338001,0
340340001,0
340342000,0
340344001,0
340346001,0
340348001,0
340350001,0
340352001,0
340354001,0
340356001,0
340358001,0
340360001,0
340362000,0
340364000,0
340366000,0
340368000,0
340370000,0
340372000,0
340374000,0
340376000,0
340378000,0
340380000,0
340382000,0
340384000,0
340386000,0
340388000,0
340390000,0
340392001,0
340394001,0
340396000,0
340398001,0
340400000,0
340402000,0
340404000,0
340406000,0
340408000,0
340410000,0
340412000,0
340414000,0
340416000,0
340418000,0
340420000,0
340422000,0
340424000,0
340426000,0
340428000,0
340430000,0
340432000,0
340434000,0
340436000,0
340438000,0
340440000,0
340442000,0
340444001,0
340446000,0
340448001,0
340450000,0
340452000,0
340454000,0
340456000,0
340458000,0
340460000,0
340462000,0
340464001,0
340466001,0
340468001,0
340470001,0
340472001,0
340474001,0
340476000,0
340478001,0
340480001,0
340482001,0
340484000,0
340486000,0
340488000,0
340490001,0
340492001,0
340494000,0
340496000,0
340498000,0
340500001,0
340502000,0
340504000,0
340506000,0
340508001,0
340510001,0
340512000,0
340514000,0
340516001,0
340518001,0
340520001,0
340522001,0
340524001,0
340526001,0
340528001,0
340530000,0
340532000,0
340534000,0
340536000,0
340538000,0
340540000,0
340542000,0
340544001,0
340546000,0
340548001,0
340550001,0
340552000,0
340554000,0
340556000,0
340558000,0
340560000,0
340562000,0
340564000,0
340566000,0
340568000,0
340570000,0
340572001,0
340574000,0
340576001,0
340578001,0
340580001,0
340582001,0
340584001,0
340586000,0
340588000,0
340590001,0
340592000,0
340594000,0
340596000,0
340598000,0
340600000,0
340602000,0
340604000,0
340606000,0
340608001,0
340610000,0
340612000,0
340614000,0
340616000,0
340618000,0
340620000,0
340622000,0
340624000,0
340626001,0
340628001,0
340630001,0
340632000,0
340634001,0
340636001,0
340638000,0
340640001,0
340642001,0
340644000,0
340646001,0
340648001,0
340650000,0
340652000,0
340654000,0
340656000,0
340658000,0
340660000,0
340662000,0
340664000,0
340666000,0
340668000,0
340670001,0
340672001,0
340674001,0
340676001,0
340678001,0
340680001,0
340682001,0
340684000,0
340686001,0
340688001,0
340690000,0
340692001,0
340694001,0
340696001,0
340698001,0
340700000,0
340702001,0
340704001,0
340706000,0
340708001,0
340710001,0
340712001,0
340714001,0
340716001,0
340718000,0
340720001,0
340722001,0
340724001,0
340726001,0
340728001,0
340730001,0
340732001,0
340734001,0
340736001,0
340738000,0
340740000,0
340742001,0
340744001,0
340746000,0
340748001,0
340750000,0
340752000,0
340754001,0
340756000,0
340758000,0
340760000,0
340762000,0
340764000,0
340766000,0
340768000,0
340770001,0
340772000,0
340774000,0
340776001,0
340778000,0
340780000,0
340782001,0
340784000,0
340786001,0
340788001,0
340790000,0
340792000,0
340794001,0
340796000,0
340798000,0
340800000,0
340802000,0
340804000,0
340806000,0
340808000,0
340810000,0
340812000,0
340814000,0
340816001,0
340818000,0
340820001,0
340822001,0
340824001,0
340826001,0
340828000,0
340830000,0
340832000,0
340834000,0
340836000,0
340838000,0
340840000,0
340842000,0
340844000,0
340846000,0
340848000,0
340850000,0
340852000,0
340854000,0
340856000,0
340858001,0
340860001,0
340862000,0
340864000,0
340866000,0
340868000,0
340870000,0
340872000,0
340874000,0
340876000,0
340878000,0
340880001,0
340882001,0
340884000,0
340886001,0
340888001,0
340890000,0
340892001,0
340894000,0
340896001,0
340898001,0
340900000,0
340902000,0
340904000,0
340906000,0
340908001,0
340910000,0
340912001,0
340914000,0
340916000,0
340918000,0
340920000,0
340922000,0
340924000,0
340926000,0
340928000,0
340930001,0
340932000,0
340934000,0
340936000,0
340938000,0
340940000,0
340942000,0
340944000,0
340946001,0
340948001,0
340950000,0
340952000,0
340954001,0
340956000,0
340958001,0
340960001,0
340962001,0
340964001,0
340966000,0
340968000,0
340970000,0
340972000,0
340974000,0
340976000,0
340978000,0
340980000,0
340982000,0
340984001,0
340986001,0
340988000,0
340990000,0
340992001,0
340994001,0
340996000,0
340998001,0
341000000,0
341002000,0
341004000,0
341006000,0
341008000,0
341010000,0
341012000,0
341014000,0
341016000,0
341018000,0
341020000,0
341022000,0
341024000,0
341026000,0
341028000,0
341030001,0
341032001,0
341034001,0
341036001,0
341038000,0
341040001,0
341042001,0
341044000,0
341046000,0
341048000,0
341050000,0
341052000,0
341054000,0
341056001,0
341058001,0
341060001,0
341062001,0
341064001,0
341066000,0
341068000,0
341070000,0
341072000,0
341074000,0
341076000,0
341078000,0
341080000,0
341082000,0
341084000,0
341086000,0
341088000,0
341090000,0
341092000,0
341094000,0
341096000,0
341098000,0
341100001,0
341102001,0
341104000,0
341106000,0
341108000,0
341110000,0
341112000,0
341114001,0
341116001,0
341118000,0
341120000,0
341122001,0
341124000,0
341126000,0
341128001,0
341130001,0
341132001,0
341134001,0
341136001,0
341138001,0
341140000,0
341142001,0
341144001,0
341146001,0
341148001,0
341150000,0
341152001,0
341154001,0
341156000,0
341158000,0
341160001,0
341162001,0
341164001,0
341166001,0
341168001,0
341170001,0
341172001,0
341174001,0
341176001,0
341178001,0
341180001,0
341182001,0
341184000,0
341186000,0
341188001,0
341190000,0
341192001,0
341194000,0
341196000,0
341198000,0
341200000,0
341202000,0
341204000,0
341206001,0
341208000,0
341210000,0
341212000,0
341214000,0
341216000,0
341218000,0
341220000,0
341222001,0
341224001,0
341226000,0
341228001,0
341230001,0
341232000,0
341234001,0
341236001,0
341238000,0
341240001,0
341242001,0
341244001,0
341246001,0
341248001,0
341250000,0
341252000,0
341254000,0
341256000,0
341258001,0
341260001,0
341262000,0
341264001,0
341266000,0
341268000,0
341270001,0
341272001,0
341274001,0
341276000,0
341278000,0
341280000,0
341282000,0
341284000,0
341286000,0
341288000,0
341290000,0
341292000,0
341294000,0
341296000,0
341298000,0
341300000,0
341302000,0
341304000,0
341306000,0
341308000,0
341310001,0
341312001,0
341314001,0
341316000,0
341318000,0
341320000,0
341322000,0
341324000,0
341326000,0
341328000,0
341330000,0
341332000,0
341334000,0
341336000,0
341338000,0
341340000,0
341342000,0
341344000,0
341346000,0
341348000,0
341350000,0
341352000,0
341354000,0
341356001,0
341358000,0
341360000,0
341362000,0
341364000,0
341366000,0
341368000,0
341370001,0
341372000,0
341374001,0
341376001,0
341378000,0
341380000,0
341382000,0
341384000,0
341386000,0
341388000,0
341390000,0
341392000,0
341394000,0
341396001,0
341398000,0
341400000,0
341402000,0
341404000,0
341406001,0
341408001,0
341410000,0
341412001,0
341414001,0
341416001,0
341418001,0
341420001,0
341422000,0
341424000,0
341426000,0
341428000,0
341430000,0
341432000,0
341434000,0
341436000,0
341438000,0
341440000,0
341442000,0
341444000,0
341446000,0
341448000,0
341450000,0
341452000,0
341454001,0
341456001,0
341458000,0
341460001,0
341462001,0
341464001,0
341466001,0
341468001,0
341470001,0
341472000,0
341474000,0
341476000,0
341478000,0
341480000,0
341482000,0
341484000,0
341486000,0
341488000,0
341490000,0
341492000,0
341494000,0
341496000,0
341498000,0
341500000,0
341502000,0
341504000,0
341506000,0
341508000,0
341510000,0
341512000,0
341514000,0
341516000,0
341518000,0
341520000,0
341522000,0
341524000,0
341526000,0
341528000,0
341530000,0
341532000,0
341534000,0
341536001,0
341538001,0
341540000,0
341542000,0
341544000,0
341546000,0
341548000,0
341550000,0
341552001,0
341554000,0
341556000,0
341558000,0
341560001,0
341562000,0
341564000,0
341566000,0
341568001,0
341570000,0
341572001,0
341574000,0
341576001,0
341578001,0
341580001,0
341582001,0
341584001,0
341586001,0
341588000,0
341590001,0
341592001,0
341594001,0
341596001,0
341598001,0
341600000,0
341602000,0
341604000,0
341606001,0
341608001,0
341610001,0
341612001,0
341614001,0
341616001,0
341618000,0
341620000,0
341622000,0
341624000,0
341626000,0
341628001,0
341630001,0
341632001,0
341634001,0
341636001,0
341638001,0
341640001,0
341642001,0
341644001,0
341646001,0
341648001,0
341650000,0
341652000,0
341654001,0
341656001,0
341658001,0
341660000,0
341662001,0
341664000,0
341666001,0
341668001,0
341670000,0
341672001,0
341674001,0
341676001,0
341678001,0
341680000,0
341682000,0
341684000,0
341686001,0
341688001,0
341690001,0
341692001,0
341694001,0
341696000,0
341698001,0
341700000,0
341702000,0
341704000,0
341706000,0
341708000,0
341710000,0
341712000,0
341714000,0
341716000,0
341718000,0
341720000,0
341722000,0
341724000,0
341726000,0
341728000,0
341730000,0
341732000,0
341734000,0
341736001,0
341738001,0
341740001,0
341742001,0
341744001,0
341746001,0
341748001,0
341750001,0
341752000,0
341754000,0
341756000,0
341758000,0
341760000,0
341762000,0
341764000,0
341766000,0
341768000,0
341770000,0
341772001,0
341774001,0
341776001,0
341778001,0
341780000,0
341782000,0
341784000,0
341786001,0
341788000,0
341790001,0
341792001,0
341794001,0
341796001,0
341798001,0
341800000,0
341802000,0
341804000,0
341806000,0
341808000,0
341810000,0
341812001,0
341814001,0
341816000,0
341818000,0
341820000,0
341822000,0
341824001,0
341826000,0
341828000,0
341830001,0
341832000,0
341834000,0
341836000,0
341838000,0
341840000,0
341842000,0
341844000,0
341846000,0
341848000,0
341850000,0
341852000,0
341854000,0
341856000,0
341858000,0
341860000,0
341862000,0
341864000,0
341866000,0
341868000,0
341870000,0
341872000,0
341874000,0
341876000,0
341878000,0
341880000,0
341882000,0
341884001,0
341886001,0
341888001,0
341890000,0
341892000,0
341894001,0
341896001,0
341898001,0
341900001,0
341902000,0
341904001,0
341906001,0
341908001,0
341910000,0
341912000,0
341914000,0
341916000,0
341918000,0
341920000,0
341922000,0
341924000,0
341926000,0
341928000,0
341930001,0
341932001,0
341934001,0
341936001,0
341938001,0
341940001,0
341942001,0
341944001,0
341946001,0
341948001,0
341950001,0
341952001,0
341954001,0
341956001,0
341958000,0
341960001,0
341962000,0
341964001,0
341966001,0
341968001,0
341970000,0
341972001,0
341974000,0
341976000,0
341978000,0
341980000,0
341982000,0
341984000,0
341986001,0
341988000,0
341990000,0
341992001,0
341994001,0
341996001,0
341998000,0
342000000,0
342002000,0
342004001,0
342006001,0
342008001,0
342010001,0
342012001,0
342014000,0
342016000,0
342018000,0
342020000,0
342022000,0
342024000,0
342026000,0
342028000,0
342030000,0
342032000,0
342034000,0
342036000,0
342038001,0
342040000,0
342042001,0
342044001,0
342046001,0
342048000,0
342050000,0
342052001,0
342054001,0
342056001,0
342058001,0
342060001,0
342062001,0
342064000,0
342066001,0
342068000,0
342070000,0
342072000,0
342074000,0
342076001,0
342078000,0
342080001,0
342082001,0
342084001,0
342086000,0
342088000,0
342090001,0
342092000,0
342094000,0
342096000,0
342098000,0
342100000,0
342102001,0
342104000,0
342106000,0
342108000,0
342110000,0
342112000,0
342114001,0
342116001,0
342118001,0
342120000,0
342122001,0
342124001,0
342126000,0
342128000,0
342130001,0
342132001,0
342134001,0
342136000,0
342138000,0
342140000,0
342142001,0
342144000,0
342146001,0
342148000,0
342150001,0
342152001,0
342154000,0
342156000,0
342158000,0
342160000,0
342162000,0
342164000,0
342166000,0
342168000,0
342170000,0
342172000,0
342174000,0
342176000,0
342178000,0
342180000,0
342182001,0
342184001,0
342186000,0
342188001,0
342190000,0
342192000,0
342194000,0
342196000,0
342198000,0
342200000,0
342202000,0
342204000,0
342206000,0
342208000,0
342210000,0
342212000,0
342214000,0
342216000,0
342218000,0
342220000,0
342222000,0
342224000,0
342226000,0
342228000,0
342230000,0
342232000,0
342234000,0
342236000,0
342238000,0
342240000,0
342242000,0
342244000,0
342246000,0
342248000,0
342250000,0
342252000,0
342254001,0
342256000,0
342258000,0
342260000,0
342262000,0
342264000,0
342266000,0
342268001,0
342270001,0
342272001,0
342274001,0
342276001,0
342278001,0
342280000,0
342282000,0
342284000,0
342286000,0
342288001,0
342290001,0
342292001,0
342294001,0
342296000,0
342298000,0
342300000,0
342302000,0
342304000,0
342306000,0
342308000,0
342310000,0
342312000,0
342314000,0
342316000,0
342318000,0
342320000,0
342322000,0
342324000,0
342326000,0
342328000,0
342330000,0
342332001,0
342334000,0
342336000,0
342338000,0
342340001,0
342342001,0
342344001,0
342346001,0
342348001,0
342350001,0
342352001,0
342354000,0
342356000,0
342358000,0
342360001,0
342362000,0
342364001,0
342366000,0
342368000,0
342370000,0
342372000,0
342374000,0
342376001,0
342378001,0
342380000,0
342382001,0
342384001,0
342386001,0
342388000,0
342390001,0
342392001,0
342394000,0
342396000,0
342398000,0
342400000,0
342402000,0
342404000,0
342406000,0
342408000,0
342410000,0
342412000,0
342414000,0
342416000,0
342418000,0
342420000,0
342422000,0
342424000,0
342426001,0
342428001,0
342430000,0
342432000,0
342434000,0
342436000,0
342438000,0
342440000,0
342442000,0
342444000,0
342446000,0
342448000,0
342450000,0
342452001,0
342454001,0
342456000,0
342458001,0
342460000,0
342462001,0
342464000,0
342466000,0
342468000,0
342470000,0
342472001,0
342474000,0
342476000,0
342478001,0
342480000,0
342482000,0
342484000,0
342486001,0
342488001,0
342490000,0
342492000,0
342494000,0
342496000,0
342498000,0
342500000,0
342502001,0
342504001,0
342506000,0
342508001,0
342510001,0
342512001,0
342514000,0
342516001,0
342518001,0
342520000,0
342522001,0
342524000,0
342526001,0
342528000,0
342530000,0
342532000,0
342534001,0
342536001,0
342538000,0
342540000,0
342542001,0
342544001,0
342546000,0
342548001,0
342550000,0
342552000,0
342554000,0
342556000,0
342558000,0
342560000,0
342562000,0
342564000,0
342566000,0
342568000,0
342570000,0
342572001,0
342574001,0
342576000,0
342578000,0
342580000,0
342582000,0
342584000,0
342586000,0
342588000,0
342590000,0
342592000,0
342594000,0
342596000,0
342598000,0
342600000,0
342602000,0
342604000,0
342606001,0
342608001,0
342610000,0
342612000,0
342614000,0
342616001,0
342618001,0
342620000,0
342622000,0
342624000,0
342626000,0
342628000,0
342630000,0
342632000,0
342634000,0
342636000,0
342638000,0
342640000,0
342642000,0
342644001,0
342646000,0
342648000,0
342650000,0
342652000,0
342654000,0
342656001,0
342658001,0
342660001,0
342662001,0
342664001,0
342666000,0
342668000,0
342670001,0
342672001,0
342674001,0
342676000,0
342678001,0
342680001,0
342682000,0
342684000,0
342686000,0
342688001,0
342690000,0
342692001,0
342694000,0
342696000,0
342698000,0
342700000,0
342702001,0
342704001,0
342706000,0
342708001,0
342710000,0
342712001,0
342714001,0
342716001,0
342718000,0
342720000,0
342722000,0
342724000,0
342726000,0
342728000,0
342730000,0
342732000,0
342734000,0
342736000,0
342738001,0
342740000,0
342742000,0
342744000,0
342746001,0
342748000,0
342750000,0
342752000,0
342754000,0
342756000,0
342758000,0
342760000,0
342762000,0
342764000,0
342766000,0
342768000,0
342770001,0
342772001,0
342774001,0
342776001,0
342778000,0
342780000,0
342782001,0
342784001,0
342786000,0
342788000,0
342790000,0
342792000,0
342794000,0
342796000,0
342798000,0
342800000,0
342802001,0
342804001,0
342806000,0
342808001,0
342810001,0
342812000,0
342814001,0
342816000,0
342818001,0
342820001,0
342822000,0
342824001,0
342826001,0
342828000,0
342830001,0
342832001,0
342834000,0
342836000,0
342838000,0
342840000,0
342842000,0
342844000,0
342846000,0
342848000,0
342850000,0
342852000,0
342854000,0
342856001,0
342858000,0
342860001,0
342862000,0
342864001,0
342866000,0
342868000,0
342870000,0
342872000,0
342874000,0
342876000,0
342878000,0
342880000,0
342882000,0
342884000,0
342886000,0
342888000,0
342890001,0
342892001,0
342894000,0
342896000,0
342898000,0
342900000,0
342902000,0
342904000,0
342906000,0
342908000,0
342910000,0
342912000,0
342914000,0
342916000,0
342918000,0
342920000,0
342922000,0
342924000,0
342926000,0
342928000,0
342930000,0
342932000,0
342934000,0
342936000,0
342938001,0
342940001,0
342942000,0
342944000,0
342946001,0
342948000,0
342950000,0
342952000,0
342954000,0
342956000,0
342958000,0
342960000,0
342962000,0
342964001,0
342966000,0
342968000,0
342970001,0
342972001,0
342974001,0
342976001,0
342978001,0
342980001,0
342982000,0
342984001,0
342986001,0
342988001,0
342990001,0
342992001,0
342994001,0
342996000,0
342998000,0
343000001,0
343002001,0
343004000,0
343006001,0
343008000,0
343010000,0
343012000,0
343014000,0
343016000,0
343018000,0
343020000,0
343022001,0
343024001,0
343026000,0
343028000,0
343030001,0
343032001,0
343034001,0
343036000,0
343038000,0
343040000,0
343042000,0
343044001,0
343046001,0
343048000,0
343050001,0
343052001,0
343054001,0
343056001,0
343058001,0
343060001,0
343062000,0
343064001,0
343066001,0
343068001,0
343070000,0
343072000,0
343074000,0
343076001,0
343078001,0
343080000,0
343082001,0
343084001,0
343086000,0
343088000,0
343090000,0
343092000,0
343094000,0
343096000,0
343098000,0
343100000,0
343102000,0
343104000,0
343106000,0
343108000,0
343110000,0
343112000,0
343114000,0
343116000,0
343118000,0
343120000,0
343122000,0
343124000,0
343126000,0
343128000,0
343130000,0
343132000,0
343134000,0
343136000,0
343138000,0
343140000,0
343142000,0
343144000,0
343146000,0
343148001,0
343150001,0
343152000,0
343154000,0
343156000,0
343158000,0
343160000,0
343162000,0
343164000,0
343166000,0
343168000,0
343170000,0
343172000,0
343174000,0
343176001,0
343178001,0
343180000,0
343182001,0
343184001,0
343186001,0
343188000,0
343190001,0
343192001,0
343194001,0
343196001,0
343198000,0
343200001,0
343202001,0
343204001,0
343206000,0
343208000,0
343210000,0
343212000,0
343214000,0
343216000,0
343218000,0
343220000,0
343222001,0
343224001,0
343226000,0
343228000,0
343230000,0
343232000,0
343234000,0
343236000,0
343238000,0
343240000,0
343242000,0
343244000,0
343246000,0
343248000,0
343250000,0
343252000,0
343254000,0
343256000,0
343258000,0
343260000,0
343262000,0
343264000,0
343266000,0
343268000,0
343270000,0
343272000,0
343274000,0
343276001,0
343278000,0
343280001,0
343282000,0
343284000,0
343286000,0
343288000,0
343290000,0
343292000,0
343294000,0
343296000,0
343298000,0
343300000,0
343302000,0
343304000,0
343306000,0
343308000,0
343310000,0
343312000,0
343314000,0
343316000,0
343318001,0
343320000,0
343322001,0
343324001,0
343326001,0
343328000,0
343330000,0
343332001,0
343334001,0
343336000,0
343338001,0
343340001,0
343342001,0
343344001,0
343346001,0
343348001,0
343350000,0
343352000,0
343354000,0
343356000,0
343358000,0
343360000,0
343362001,0
343364001,0
343366001,0
343368001,0
343370001,0
343372000,0
343374000,0
343376000,0
343378000,0
343380000,0
343382000,0
343384000,0
343386000,0
343388000,0
343390000,0
343392001,0
343394001,0
343396001,0
343398001,0
343400001,0
343402001,0
343404000,0
343406001,0
343408000,0
343410001,0
343412001,0
343414001,0
343416000,0
343418000,0
343420001,0
343422001,0
343424001,0
343426001,0
343428001,0
343430001,0
343432000,0
343434000,0
343436000,0
343438000,0
343440000,0
343442000,0
343444001,0
343446001,0
343448000,0
343450000,0
343452000,0
343454001,0
343456001,0
343458000,0
343460000,0
343462000,0
343464000,0
343466000,0
343468000,0
343470000,0
343472000,0
343474000,0
343476000,0
343478001,0
343480000,0
343482000,0
343484000,0
343486000,0
343488000,0
343490001,0
343492000,0
343494000,0
343496000,0
343498000,0
343500001,0
343502000,0
343504000,0
343506000,0
343508000,0
343510000,0
343512000,0
343514000,0
343516000,0
343518000,0
343520000,0
343522000,0
343524000,0
343526000,0
343528000,0
343530000,0
343532000,0
343534000,0
343536000,0
343538000,0
343540000,0
343542000,0
343544000,0
343546000,0
343548000,0
343550000,0
343552000,0
343554000,0
343556000,0
343558000,0
343560000,0
343562000,0
343564000,0
343566000,0
343568000,0
343570001,0
343572001,0
343574001,0
343576001,0
343578001,0
343580000,0
343582001,0
343584000,0
343586000,0
343588000,0
343590000,0
343592000,0
343594000,0
343596000,0
343598000,0
343600000,0
343602000,0
343604000,0
343606000,0
343608001,0
343610001,0
343612001,0
343614001,0
343616000,0
343618000,0
343620001,0
343622000,0
343624000,0
343626000,0
343628000,0
343630000,0
343632000,0
343634000,0
343636000,0
343638000,0
343640000,0
343642000,0
343644000,0
343646000,0
343648000,0
343650000,0
343652000,0
343654000,0
343656000,0
343658000,0
343660000,0
343662000,0
343664000,0
343666000,0
343668000,0
343670000,0
343672000,0
343674000,0
343676000,0
343678001,0
343680001,0
343682000,0
343684001,0
343686000,0
343688001,0
343690001,0
343692001,0
343694001,0
343696001,0
343698001,0
343700001,0
343702000,0
343704000,0
343706000,0
343708000,0
343710001,0
343712001,0
343714000,0
343716000,0
343718000,0
343720000,0
343722001,0
343724001,0
343726000,0
343728000,0
343730000,0
343732000,0
343734001,0
343736000,0
343738000,0
343740000,0
343742000,0
343744001,0
343746000,0
343748000,0
343750000,0
343752000,0
343754000,0
343756000,0
343758000,0
343760000,0
343762000,0
343764000,0
343766000,0
343768000,0
343770000,0
343772000,0
343774000,0
343776001,0
343778000,0
343780000,0
343782000,0
343784000,0
343786000,0
343788000,0
343790000,0
343792000,0
343794000,0
343796000,0
343798000,0
343800000,0
343802000,0
343804000,0
343806000,0
343808000,0
343810000,0
343812000,0
343814000,0
343816000,0
343818000,0
343820000,0
343822001,0
343824000,0
343826000,0
343828000,0
343830000,0
343832000,0
343834000,0
343836000,0
343838000,0
343840000,0
343842001,0
343844001,0
343846001,0
343848000,0
343850001,0
343852001,0
343854001,0
343856000,0
343858001,0
343860001,0
343862001,0
343864001,0
343866001,0
343868000,0
343870001,0
343872001,0
343874000,0
343876000,0
343878000,0
343880000,0
343882000,0
343884000,0
343886000,0
343888000,0
343890000,0
343892000,0
343894000,0
343896000,0
343898000,0
343900000,0
343902000,0
343904001,0
343906001,0
343908001,0
343910000,0
343912000,0
343914001,0
343916000,0
343918001,0
343920001,0
343922000,0
343924000,0
343926000,0
343928000,0
343930000,0
343932000,0
343934000,0
343936000,0
343938000,0
343940001,0
343942000,0
343944000,0
343946000,0
343948000,0
343950000,0
343952000,0
343954000,0
343956000,0
343958000,0
343960000,0
343962001,0
343964000,0
343966000,0
343968001,0
343970000,0
343972000,0
343974000,0
343976000,0
343978000,0
343980000,0
343982001,0
343984001,0
343986001,0
343988001,0
343990001,0
343992000,0
343994000,0
343996000,0
343998000,0
344000000,0
344002000,0
344004001,0
344006001,0
344008001,0
344010000,0
344012001,0
344014001,0
344016001,0
344018001,0
344020000,0
344022000,0
344024001,0
344026000,0
344028001,0
344030001,0
344032001,0
344034001,0
344036001,0
344038001,0
344040001,0
344042001,0
344044000,0
344046001,0
344048000,0
344050000,0
344052000,0
344054000,0
344056000,0
344058000,0
344060000,0
344062000,0
344064001,0
344066001,0
344068000,0
344070001,0
344072000,0
344074000,0
344076000,0
344078000,0
344080000,0
344082000,0
344084000,0
344086000,0
344088000,0
344090000,0
344092000,0
344094000,0
344096000,0
344098001,0
344100001,0
344102000,0
344104000,0
344106000,0
344108000,0
344110000,0
344112001,0
344114000,0
344116000,0
344118000,0
344120000,0
344122000,0
344124000,0
344126000,0
344128000,0
344130000,0
344132000,0
344134000,0
344136000,0
344138000,0
344140000,0
344142000,0
344144000,0
344146000,0
344148000,0
344150000,0
344152000,0
344154000,0
344156000,0
344158000,0
344160000,0
344162000,0
344164000,0
344166000,0
344168001,0
344170001,0
344172001,0
344174001,0
344176001,0
344178000,0
344180000,0
344182001,0
344184001,0
344186000,0
344188001,0
344190001,0
344192001,0
344194001,0
344196001,0
344198001,0
344200001,0
344202000,0
344204000,0
344206000,0
344208000,0
344210000,0
344212000,0
344214000,0
344216000,0
344218000,0
344220000,0
344222000,0
344224000,0
344226000,0
344228000,0
344230001,0
344232000,0
344234000,0
344236001,0
344238000,0
344240001,0
344242001,0
344244000,0
344246001,0
344248001,0
344250001,0
344252000,0
344254000,0
344256000,0
344258000,0
344260000,0
344262000,0
344264000,0
344266000,0
344268000,0
344270000,0
344272000,0
344274000,0
344276000,0
344278000,0
344280001,0
344282000,0
344284000,0
344286000,0
344288000,0
344290000,0
344292000,0
344294000,0
344296000,0
344298000,0
344300000,0
344302000,0
344304000,0
344306000,0
344308000,0
344310000,0
344312000,0
344314000,0
344316000,0
344318000,0
344320000,0
344322000,0
344324000,0
344326000,0
344328000,0
344330000,0
344332000,0
344334000,0
344336000,0
344338000,0
344340001,0
344342001,0
344344001,0
344346000,0
344348001,0
344350000,0
344352000,0
344354000,0
344356000,0
344358000,0
344360000,0
344362000,0
344364000,0
344366000,0
344368001,0
344370001,0
344372001,0
344374000,0
344376000,0
344378000,0
344380000,0
344382000,0
344384001,0
344386000,0
344388000,0
344390000,0
344392001,0
344394001,0
344396000,0
344398000,0
344400001,0
344402000,0
344404000,0
344406000,0
344408000,0
344410000,0
344412000,0
344414000,0
344416000,0
344418000,0
344420000,0
344422001,0
344424000,0
344426000,0
344428001,0
344430000,0
344432001,0
344434000,0
344436001,0
344438000,0
344440000,0
344442000,0
344444000,0
344446000,0
344448000,0
344450000,0
344452000,0
344454000,0
344456000,0
344458000,0
344460001,0
344462001,0
344464001,0
344466001,0
344468000,0
344470000,0
344472000,0
344474001,0
344476000,0
344478000,0
344480001,0
344482000,0
344484001,0
344486001,0
344488000,0
344490000,0
344492000,0
344494000,0
344496000,0
344498001,0
344500001,0
344502001,0
344504001,0
344506001,0
344508000,0
344510000,0
344512000,0
344514001,0
344516001,0
344518001,0
344520001,0
344522001,0
344524001,0
344526001,0
344528000,0
344530001,0
344532001,0
344534000,0
344536001,0
344538000,0
344540000,0
344542000,0
344544000,0
344546000,0
344548000,0
344550000,0
344552000,0
344554000,0
344556000,0
344558001,0
344560001,0
344562001,0
344564001,0
344566001,0
344568001,0
344570000,0
344572000,0
344574000,0
344576000,0
344578000,0
344580000,0
344582000,0
344584000,0
344586000,0
344588000,0
344590000,0
344592000,0
344594001,0
344596000,0
344598000,0
344600000,0
344602000,0
344604000,0
344606001,0
344608001,0
344610001,0
344612000,0
344614001,0
344616001,0
344618001,0
344620001,0
344622000,0
344624001,0
344626001,0
344628000,0
344630001,0
344632001,0
344634001,0
344636001,0
344638001,0
344640000,0
344642000,0
344644000,0
344646000,0
344648000,0
344650000,0
344652000,0
344654000,0
344656000,0
344658000,0
344660000,0
344662000,0
344664000,0
344666001,0
344668001,0
344670001,0
344672001,0
344674001,0
344676001,0
344678001,0
344680000,0
344682000,0
344684000,0
344686000,0
344688000,0
344690000,0
344692000,0
344694000,0
344696001,0
344698000,0
344700000,0
344702000,0
344704000,0
344706000,0
344708000,0
344710000,0
344712000,0
344714000,0
344716000,0
344718000,0
344720000,0
344722000,0
344724000,0
344726000,0
344728000,0
344730000,0
344732000,0
344734000,0
344736000,0
344738000,0
344740000,0
344742000,0
344744000,0
344746000,0
344748000,0
344750000,0
344752000,0
344754001,0
344756001,0
344758001,0
344760000,0
344762001,0
344764000,0
344766001,0
344768000,0
344770000,0
344772000,0
344774000,0
344776000,0
344778000,0
344780000,0
344782000,0
344784000,0
344786000,0
344788001,0
344790001,0
344792000,0
344794000,0
344796000,0
344798000,0
344800001,0
344802001,0
344804001,0
344806000,0
344808000,0
344810001,0
344812001,0
344814001,0
344816000,0
344818001,0
344820000,0
344822001,0
344824001,0
344826001,0
344828001,0
344830000,0
344832000,0
344834000,0
344836000,0
344838000,0
344840000,0
344842001,0
344844000,0
344846000,0
344848001,0
344850000,0
344852000,0
344854000,0
344856000,0
344858000,0
344860000,0
344862000,0
344864000,0
344866000,0
344868000,0
344870000,0
344872000,0
344874000,0
344876000,0
344878000,0
344880000,0
344882000,0
344884000,0
344886000,0
344888001,0
344890001,0
344892001,0
344894001,0
344896001,0
344898000,0
344900000,0
344902001,0
344904001,0
344906000,0
344908000,0
344910001,0
344912001,0
344914001,0
344916000,0
344918000,0
344920001,0
344922000,0
344924001,0
344926000,0
344928000,0
344930000,0
344932000,0
344934000,0
344936000,0
344938000,0
344940000,0
344942000,0
344944000,0
344946000,0
344948000,0
344950000,0
344952000,0
344954000,0
344956000,0
344958000,0
344960000,0
344962000,0
344964000,0
344966001,0
344968001,0
344970001,0
344972001,0
344974001,0
344976000,0
344978000,0
344980000,0
344982000,0
344984000,0
344986000,0
344988000,0
344990000,0
344992000,0
344994000,0
344996000,0
344998000,0
345000000,0
345002000,0
345004001,0
345006001,0
345008000,0
345010000,0
345012000,0
345014000,0
345016001,0
345018001,0
345020000,0
345022001,0
345024000,0
345026001,0
345028001,0
345030001,0
345032000,0
345034001,0
345036001,0
345038001,0
345040000,0
345042000,0
345044000,0
345046000,0
345048000,0
345050000,0
345052000,0
345054000,0
345056000,0
345058000,0
345060000,0
345062000,0
345064001,0
345066001,0
345068001,0
345070001,0
345072001,0
345074001,0
345076000,0
345078000,0
345080000,0
345082000,0
345084000,0
345086000,0
345088000,0
345090001,0
345092000,0
345094001,0
345096001,0
345098000,0
345100001,0
345102001,0
345104000,0
345106001,0
345108001,0
345110001,0
345112001,0
345114000,0
345116000,0
345118000,0
345120000,0
345122000,0
345124000,0
345126000,0
345128000,0
345130000,0
345132000,0
345134000,0
345136000,0
345138000,0
345140000,0
345142001,0
345144000,0
345146001,0
345148001,0
345150000,0
345152000,0
345154001,0
345156001,0
345158000,0
345160001,0
345162001,0
345164001,0
345166001,0
345168001,0
345170001,0
345172001,0
345174001,0
345176000,0
345178000,0
345180000,0
345182000,0
345184000,0
345186000,0
345188000,0
345190000,0
345192000,0
345194000,0
345196000,0
345198000,0
345200000,0
345202000,0
345204000,0
345206000,0
345208000,0
345210000,0
345212000,0
345214000,0
345216000,0
345218000,0
345220000,0
345222000,0
345224000,0
345226000,0
345228000,0
345230000,0
345232000,0
345234001,0
345236001,0
345238001,0
345240001,0
345242000,0
345244001,0
345246001,0
345248001,0
345250001,0
345252000,0
345254000,0
345256000,0
345258000,0
345260000,0
345262001,0
345264001,0
345266001,0
345268001,0
345270001,0
345272000,0
345274001,0
345276000,0
345278000,0
345280000,0
345282000,0
345284000,0
345286000,0
345288000,0
345290000,0
345292000,0
345294000,0
345296000,0
345298000,0
345300000,0
345302001,0
345304001,0
345306000,0
345308001,0
345310001,0
345312001,0
345314000,0
345316001,0
345318000,0
345320001,0
345322000,0
345324000,0
345326001,0
345328001,0
345330001,0
345332001,0
345334001,0
345336001,0
345338001,0
345340001,0
345342000,0
345344000,0
345346001,0
345348001,0
345350001,0
345352001,0
345354001,0
345356001,0
345358000,0
345360000,0
345362000,0
345364001,0
345366001,0
345368000,0
345370000,0
345372000,0
345374000,0
345376001,0
345378001,0
345380001,0
345382000,0
345384001,0
345386001,0
345388001,0
345390000,0
345392001,0
345394001,0
345396000,0
345398000,0
345400000,0
345402000,0
345404000,0
345406000,0
345408000,0
345410000,0
345412000,0
345414000,0
345416000,0
345418001,0
345420001,0
345422001,0
345424000,0
345426000,0
345428000,0
345430000,0
345432000,0
345434001,0
345436000,0
345438000,0
345440000,0
345442000,0
345444000,0
345446000,0
345448000,0
345450000,0
345452000,0
345454000,0
345456000,0
345458001,0
345460001,0
345462001,0
345464001,0
345466001,0
345468001,0
345470001,0
345472001,0
345474000,0
345476000,0
345478000,0
345480000,0
345482000,0
345484000,0
345486000,0
345488000,0
345490000,0
345492000,0
345494000,0
345496000,0
345498000,0
345500001,0
345502001,0
345504000,0
345506000,0
345508000,0
345510000,0
345512000,0
345514000,0
345516000,0
345518000,0
345520000,0
345522000,0
345524000,0
345526000,0
345528000,0
345530000,0
345532000,0
345534000,0
345536000,0
345538000,0
345540000,0
345542000,0
345544000,0
345546000,0
345548001,0
345550000,0
345552000,0
345554000,0
345556000,0
345558000,0
345560001,0
345562000,0
345564000,0
345566000,0
345568000,0
345570000,0
345572000,0
345574001,0
345576001,0
345578001,0
345580001,0
345582000,0
345584000,0
345586001,0
345588000,0
345590000,0
345592001,0
345594001,0
345596000,0
345598001,0
345600000,0
345602000,0
345604000,0
345606000,0
345608001,0
345610000,0
345612000,0
345614000,0
345616000,0
345618000,0
345620000,0
345622000,0
345624000,0
345626000,0
345628000,0
345630000,0
345632000,0
345634000,0
345636000,0
345638000,0
345640000,0
345642000,0
345644000,0
345646000,0
345648000,0
345650000,0
345652000,0
345654000,0
345656001,0
345658001,0
345660000,0
345662000,0
345664000,0
345666000,0
345668000,0
345670000,0
345672001,0
345674000,0
345676001,0
345678001,0
345680001,0
345682000,0
345684000,0
345686000,0
345688000,0
345690000,0
345692000,0
345694001,0
345696001,0
345698001,0
345700001,0
345702000,0
345704001,0
345706001,0
345708001,0
345710000,0
345712000,0
345714000,0
345716000,0
345718000,0
345720000,0
345722000,0
345724000,0
345726000,0
345728000,0
345730001,0
345732001,0
345734001,0
345736001,0
345738001,0
345740001,0
345742000,0
345744000,0
345746000,0
345748000,0
345750000,0
345752000,0
345754000,0
345756001,0
345758000,0
345760001,0
345762000,0
345764000,0
345766000,0
345768000,0
345770000,0
345772000,0
345774000,0
345776000,0
345778001,0
345780000,0
345782001,0
345784001,0
345786001,0
345788000,0
345790000,0
345792000,0
345794000,0
345796000,0
345798000,0
345800000,0
345802000,0
345804000,0
345806001,0
345808001,0
345810001,0
345812001,0
345814001,0
345816001,0
345818001,0
345820001,0
345822001,0
345824000,0
345826000,0
345828000,0
345830000,0
345832000,0
345834000,0
345836000,0
345838000,0
345840000,0
345842000,0
345844000,0
345846000,0
345848000,0
345850000,0
345852000,0
345854000,0
345856001,0
345858001,0
345860001,0
345862001,0
345864001,0
345866001,0
345868001,0
345870000,0
345872000,0
345874001,0
345876001,0
345878001,0
345880001,0
345882001,0
345884000,0
345886001,0
345888001,0
345890001,0
345892000,0
345894001,0
345896000,0
345898001,0
345900001,0
345902000,0
345904001,0
345906001,0
345908000,0
345910000,0
345912000,0
345914000,0
345916000,0
345918000,0
345920000,0
345922000,0
345924000,0
345926000,0
345928000,0
345930000,0
345932000,0
345934000,0
345936000,0
345938000,0
345940000,0
345942000,0
345944000,0
345946000,0
345948000,0
345950000,0
345952000,0
345954000,0
345956000,0
345958000,0
345960000,0
345962000,0
345964000,0
345966000,0
345968000,0
345970000,0
345972000,0
345974000,0
345976000,0
345978000,0
345980000,0
345982000,0
345984000,0
345986000,0
345988000,0
345990001,0
345992001,0
345994001,0
345996001,0
345998000,0
346000000,0
346002000,0
346004000,0
346006000,0
346008000,0
346010000,0
346012000,0
346014000,0
346016000,0
346018000,0
346020000,0
346022000,0
346024001,0
346026001,0
346028001,0
346030000,0
346032000,0
346034000,0
346036001,0
346038000,0
346040000,0
346042000,0
346048000,0
346050000,0
346052000,0
346054000,0
346056000,0
346058001,0
346060001,0
346062001,0
346064000,0
346066001,0
346068001,0
346070000,0
346072000,0
346074000,0
346076000,0
346078000,0
346080000,0
346082000,0
346084000,0
346086000,0
346088000,0
346090000,0
346092000,0
346094001,0
346096001,0
346098000,0
346100001,0
346102001,0
346104001,0
346106001,0
346108001,0
346110001,0
346112000,0
346114000,0
346116000,0
346118000,0
346120001,0
346122000,0
346124001,0
346126000,0
346128000,0
346130000,0
346132001,0
346134001,0
346136001,0
346138000,0
346140001,0
346142001,0
346144001,0
346146000,0
346148000,0
346150001,0
346152001,0
346154001,0
346156000,0
346158000,0
346160001,0
346162001,0
346164001,0
346166001,0
346168000,0
346170000,0
346172000,0
346174001,0
346176001,0
346178000,0
346180001,0
346182000,0
346184001,0
346186001,0
346188001,0
346190000,0
346192001,0
346194000,0
346196001,0
346198001,0
346200000,0
346202000,0
346204000,0
346206000,0
346208000,0
346210000,0
346212000,0
346214000,0
346216000,0
346218000,0
346220001,0
346222001,0
346224000,0
346226000,0
346228000,0
346230000,0
346232000,0
346234000,0
346236000,0
346238000,0
346240000,0
346242000,0
346244000,0
346246000,0
346248001,0
346250001,0
346252001,0
346254001,0
346256000,0
346258001,0
346260001,0
346262000,0
346264001,0
346266000,0
346268000,0
346270000,0
346272000,0
346274001,0
346276000,0
346278001,0
346280001,0
346282001,0
346284001,0
346286001,0
346288000,0
346290000,0
346292000,0
346294000,0
346296000,0
346298000,0
346300000,0
346302000,0
346304000,0
346306000,0
346308000,0
346310001,0
346312001,0
346314001,0
346316001,0
346318000,0
346320000,0
346322000,0
346324000,0
346326000,0
346328000,0
346330000,0
346332000,0
346334000,0
346336000,0
346338000,0
346340000,0
346342000,0
346344000,0
346346000,0
346348000,0
346350000,0
346352001,0
346354000,0
346356001,0
346358001,0
346360001,0
346362001,0
346364001,0
346366001,0
346368001,0
346370001,0
346372001,0
346374001,0
346376000,0
346378000,0
346380000,0
346382001,0
346384001,0
346386001,0
346388000,0
346390000,0
346392000,0
346394000,0
346396000,0
346398000,0
346400000,0
346402000,0
346404001,0
346406001,0
346408000,0
346410001,0
346412001,0
346414000,0
346416001,0
346418001,0
346420001,0
346422001,0
346424000,0
346426000,0
346428000,0
346430000,0
346432000,0
346434000,0
346436000,0
346438000,0
346440000,0
346442000,0
346444000,0
346446000,0
346448000,0
346450001,0
346452001,0
346454001,0
346456001,0
346458001,0
346460001,0
346462001,0
346464001,0
346466001,0
346468000,0
346470001,0
346472000,0
346474001,0
346476000,0
346478000,0
346480000,0
346482000,0
346484000,0
346486000,0
346488000,0
346490000,0
346492000,0
346494000,0
346496000,0
346498000,0
346500000,0
346502001,0
346504000,0
346506000,0
346508000,0
346510000,0
346512000,0
346514001,0
346516001,0
346518001,0
346520000,0
346522001,0
346524001,0
346526001,0
346528001,0
346530001,0
346532001,0
346534000,0
346536000,0
346538000,0
346540000,0
346542000,0
346544000,0
346546001,0
346548001,0
346550001,0
346552001,0
346554001,0
346556000,0
346558000,0
346560001,0
346562001,0
346564000,0
346566000,0
346568000,0
346570000,0
346572000,0
346574001,0
346576001,0
346578001,0
346580001,0
346582001,0
346584000,0
346586000,0
346588000,0
346590000,0
346592000,0
346594000,0
346596000,0
346598000,0
346600000,0
346602000,0
346604000,0
346606000,0
346608000,0
346610000,0
346612000,0
346614000,0
346616000,0
346618000,0
346620001,0
346622001,0
346624000,0
346626000,0
346628001,0
346630001,0
346632001,0
346634000,0
346636000,0
346638000,0
346640000,0
346642000,0
346644000,0
346646000,0
346648000,0
346650000,0
346652000,0
346654000,0
346656000,0
346658000,0
346660000,0
346662000,0
346664000,0
346666000,0
346668000,0
346670000,0
346672000,0
346674001,0
346676001,0
346678001,0
346680001,0
346682001,0
346684001,0
346686001,0
346688001,0
346690000,0
346692001,0
346694000,0
346696000,0
346698000,0
346700000,0
346702000,0
346704000,0
346706000,0
346708000,0
346710000,0
346712000,0
346714000,0
346716000,0
346718001,0
346720001,0
346722001,0
346724001,0
346726000,0
346728001,0
346730001,0
346732000,0
346734001,0
346736001,0
346738001,0
346740001,0
346742001,0
346744000,0
346746000,0
346748000,0
346750001,0
346752001,0
346754001,0
346756001,0
346758000,0
346760000,0
346762000,0
346764001,0
346766001,0
346768001,0
346770000,0
346772000,0
346774000,0
346776000,0
346778001,0
346780001,0
346782001,0
346784001,0
346786000,0
346788000,0
346790000,0
346792000,0
346794000,0
346796000,0
346798000,0
346800000,0
346802000,0
346804000,0
346806000,0
346808000,0
346810001,0
346812001,0
346814001,0
346816001,0
346818001,0
346820000,0
346822000,0
346824000,0
346826000,0
346828000,0
346830001,0
346832001,0
346834001,0
346836001,0
346838001,0
346840000,0
346842000,0
346844000,0
346846001,0
346848000,0
346850001,0
346852001,0
346854001,0
346856001,0
346858000,0
346860000,0
346862000,0
346864000,0
346866000,0
346868000,0
346870000,0
346872000,0
346874000,0
346876000,0
346878000,0
346880000,0
346882000,0
346884000,0
346886000,0
346888000,0
346890001,0
346892001,0
346894001,0
346896001,0
346898001,0
346900001,0
346902001,0
346904001,0
346906001,0
346908001,0
346910000,0
346912000,0
346914000,0
346916000,0
346918000,0
346920000,0
346922000,0
346924000,0
346926000,0
346928000,0
346930000,0
346932000,0
346934000,0
346936000,0
346938000,0
346940001,0
346942001,0
346944000,0
346946000,0
346948000,0
346950000,0
346952000,0
346954000,0
346956000,0
346958000,0
346960000,0
346962000,0
346964000,0
346966000,0
346968000,0
346970000,0
346972000,0
346974000,0
346976000,0
346978000,0
346980000,0
346982001,0
346984000,0
346986000,0
346988000,0
346990000,0
346992000,0
346994000,0
346996000,0
346998000,0
347000000,0
347002000,0
347004000,0
347006000,0
347008000,0
347010000,0
347012000,0
347014000,0
347016000,0
347018001,0
347020001,0
347022001,0
347024000,0
347026001,0
347028001,0
347030001,0
347032001,0
347034000,0
347036000,0
347038000,0
347040000,0
347042000,0
347044000,0
347046000,0
347048000,0
347050000,0
347052000,0
347054000,0
347056000,0
347058000,0
347060000,0
347062000,0
347064000,0
347066000,0
347068000,0
347070001,0
347072001,0
347074001,0
347076001,0
347078001,0
347080000,0
347082000,0
347084001,0
347086000,0
347088000,0
347090000,0
347092001,0
347094000,0
347096001,0
347098000,0
347100001,0
347102001,0
347104000,0
347106000,0
347108000,0
347110000,0
347112000,0
347114000,0
347116000,0
347118000,0
347120000,0
347122000,0
347124000,0
347126000,0
347128001,0
347130001,0
347132000,0
347134001,0
347136000,0
347138000,0
347140000,0
347142000,0
347144000,0
347146000,0
347148000,0
347150000,0
347152000,0
347154001,0
347156001,0
347158001,0
347160000,0
347162001,0
347164001,0
347166001,0
347168000,0
347170000,0
347172001,0
347174001,0
347176001,0
347178000,0
347180000,0
347182001,0
347184000,0
347186001,0
347188001,0
347190001,0
347192001,0
347194000,0
347196000,0
347198000,0
347200000,0
347202000,0
347204000,0
347206000,0
347208001,0
347210001,0
347212000,0
347214000,0
347216000,0
347218001,0
347220001,0
347222001,0
347224000,0
347226000,0
347228001,0
347230000,0
347232000,0
347234001,0
347236000,0
347238000,0
347240000,0
347242000,0
347244000,0
347246000,0
347248000,0
347250000,0
347252001,0
347254001,0
347256000,0
347258001,0
347260001,0
347262000,0
347264000,0
347266000,0
347268000,0
347270000,0
347272000,0
347274000,0
347276000,0
347278000,0
347280000,0
347282000,0
347284000,0
347286000,0
347288000,0
347290001,0
347292001,0
347294001,0
347296001,0
347298001,0
347300001,0
347302001,0
347304001,0
347306001,0
347308001,0
347310001,0
347312001,0
347314000,0
347316001,0
347318001,0
347320000,0
347322000,0
347324000,0
347326000,0
347328000,0
347330000,0
347332000,0
347334000,0
347336000,0
347338000,0
347340000,0
347342000,0
347344001,0
347346001,0
347348000,0
347350001,0
347352001,0
347354001,0
347356001,0
347358001,0
347360000,0
347362000,0
347364000,0
347366001,0
347368001,0
347370000,0
347372001,0
347374001,0
347376001,0
347378001,0
347380001,0
347382001,0
347384001,0
347386001,0
347388001,0
347390001,0
347392000,0
347394000,0
347396000,0
347398001,0
347400001,0
347402000,0
347404001,0
347406001,0
347408000,0
347410000,0
347412000,0
347414000,0
347416000,0
347418000,0
347420000,0
347422000,0
347424000,0
347426000,0
347428001,0
347430001,0
347432000,0
347434001,0
347436000,0
347438001,0
347440001,0
347442001,0
347444001,0
347446001,0
347448001,0
347450001,0
347452001,0
347454001,0
347456000,0
347458000,0
347460000,0
347462001,0
347464001,0
347466001,0
347468001,0
347470001,0
347472001,0
347474000,0
347476000,0
347478000,0
347480000,0
347482000,0
347484000,0
347486000,0
347488000,0
347490000,0
347492000,0
347494000,0
347496000,0
347498000,0
347500001,0
347502001,0
347504001,0
347506001,0
347508001,0
347510001,0
347512001,0
347514000,0
347516000,0
347518001,0
347520001,0
347522000,0
347524000,0
347526001,0
347528000,0
347530000,0
347532000,0
347534000,0
347536000,0
347538000,0
347540000,0
347542001,0
347544000,0
347546001,0
347548000,0
347550001,0
347552000,0
347554001,0
347556001,0
347558001,0
347560000,0
347562000,0
347564000,0
347566000,0
347568000,0
347570000,0
347572000,0
347574000,0
347576000,0
347578000,0
347580000,0
347582001,0
347584000,0
347586000,0
347588001,0
347590001,0
347592000,0
347594000,0
347596001,0
347598001,0
347600001,0
347602001,0
347604000,0
347606000,0
347608000,0
347610000,0
347612001,0
347614000,0
347616000,0
347618000,0
347620000,0
347622000,0
347624000,0
347626001,0
347628001,0
347630001,0
347632000,0
347634000,0
347636000,0
347638000,0
347640000,0
347642001,0
347644001,0
347646000,0
347648000,0
347650000,0
347652000,0
347654000,0
347656000,0
347658000,0
347660000,0
347662000,0
347664000,0
347666000,0
347668000,0
347670000,0
347672000,0
347674001,0
347676001,0
347678000,0
347680000,0
347682000,0
347684001,0
347686001,0
347688001,0
347690001,0
347692000,0
347694000,0
347696000,0
347698000,0
347700000,0
347702000,0
347704000,0
347706001,0
347708001,0
347710000,0
347712000,0
347714000,0
347716001,0
347718001,0
347720001,0
347722001,0
347724000,0
347726000,0
347728000,0
347730000,0
347732000,0
347734000,0
347736000,0
347738000,0
347740000,0
347742000,0
347744000,0
347746000,0
347748000,0
347750000,0
347752001,0
347754001,0
347756001,0
347758000,0
347760000,0
347762000,0
347764000,0
347766000,0
347768000,0
347770000,0
347772000,0
347774000,0
347776000,0
347778000,0
347780000,0
347782001,0
347784001,0
347786001,0
347788001,0
347790000,0
347792001,0
347794000,0
347796001,0
347798000,0
347800001,0
347802000,0
347804000,0
347806000,0
347808001,0
347810000,0
347812001,0
347814000,0
347816000,0
347818000,0
347820000,0
347822001,0
347824001,0
347826000,0
347828000,0
347830000,0
347832000,0
347834000,0
347836000,0
347838000,0
347840000,0
347842000,0
347844000,0
347846000,0
347848000,0
347850000,0
347852000,0
347854000,0
347856000,0
347858000,0
347860000,0
347862000,0
347864000,0
347866000,0
347868000,0
347870000,0
347872000,0
347874000,0
347876000,0
347878000,0
347880000,0
347882000,0
347884000,0
347886000,0
347888001,0
347890001,0
347892001,0
347894000,0
347896001,0
347898001,0
347900001,0
347902001,0
347904001,0
347906000,0
347908001,0
347910001,0
347912000,0
347914000,0
347916000,0
347918000,0
347920000,0
347922000,0
347924000,0
347926000,0
347928000,0
347930000,0
347932000,0
347934000,0
347936000,0
347938000,0
347940000,0
347942000,0
347944000,0
347946000,0
347948000,0
347950000,0
347952000,0
347954000,0
347956000,0
347958000,0
347960000,0
347962000,0
347964000,0
347966000,0
347968000,0
347970000,0
347972000,0
347974000,0
347976001,0
347978000,0
347980000,0
347982000,0
347984000,0
347986000,0
347988000,0
347990000,0
347992000,0
347994000,0
347996001,0
347998001,0
348000001,0
348002001,0
348004001,0
348006001,0
348008001,0
348010000,0
348012000,0
348014000,0
348016000,0
348018000,0
348020000,0
348022000,0
348024001,0
348026001,0
348028000,0
348030000,0
348032000,0
348034000,0
348036000,0
348038000,0
348040000,0
348042000,0
348044000,0
348046000,0
348048000,0
348050000,0
348052000,0
348054000,0
348056000,0
348058001,0
348060001,0
348062001,0
348064000,0
348066001,0
348068001,0
348070001,0
348072001,0
348074000,0
348076000,0
348078000,0
348080000,0
348082000,0
348084000,0
348086000,0
348088000,0
348090000,0
348092001,0
348094000,0
348096000,0
348098000,0
348100000,0
348102000,0
348104001,0
348106000,0
348108000,0
348110000,0
348112000,0
348114000,0
348116000,0
348118000,0
348120000,0
348122000,0
348124001,0
348126001,0
348128001,0
348130001,0
348132001,0
348134001,0
348136000,0
348138001,0
348140000,0
348142000,0
348144001,0
348146001,0
348148000,0
348150000,0
348152000,0
348154000,0
348156000,0
348158000,0
348160000,0
348162000,0
348164000,0
348166000,0
348168000,0
348170000,0
348172000,0
348174001,0
348176001,0
348178001,0
348180000,0
348182001,0
348184001,0
348186000,0
348188000,0
348190000,0
348192000,0
348194001,0
348196001,0
348198001,0
348200000,0
348202001,0
348204000,0
348206000,0
348208000,0
348210000,0
348212000,0
348214000,0
348216000,0
348218000,0
348220000,0
348222000,0
348224001,0
348226001,0
348228001,0
348230001,0
348232000,0
348234000,0
348236000,0
348238000,0
348240000,0
348242000,0
348244000,0
348246000,0
348248000,0
348250000,0
348252001,0
348254001,0
348256000,0
348258001,0
348260001,0
348262001,0
348264000,0
348266000,0
348268000,0
348270001,0
348272001,0
348274000,0
348276001,0
348278001,0
348280001,0
348282000,0
348284001,0
348286001,0
348288001,0
348290001,0
348292000,0
348294000,0
348296000,0
348298000,0
348300000,0
348302000,0
348304000,0
348306000,0
348308000,0
348310000,0
348312000,0
348314000,0
348316000,0
348318000,0
348320000,0
348322001,0
348324000,0
348326000,0
348328000,0
348330000,0
348332000,0
348334000,0
348336000,0
348338000,0
348340000,0
348342001,0
348344001,0
348346001,0
348348000,0
348350000,0
348352001,0
348354001,0
348356000,0
348358000,0
348360000,0
348362000,0
348364000,0
348366000,0
348368000,0
348370000,0
348372000,0
348374001,0
348376000,0
348378001,0
348380000,0
348382000,0
348384000,0
348386000,0
348388000,0
348390000,0
348392000,0
348394000,0
348396000,0
348398001,0
348400001,0
348402000,0
348404000,0
348406000,0
348408001,0
348410000,0
348412000,0
348414000,0
348416000,0
348418001,0
348420000,0
348422000,0
348424000,0
348426000,0
348428000,0
348430000,0
348432000,0
348434000,0
348436000,0
348438000,0
348440000,0
348442000,0
348444000,0
348446001,0
348448000,0
348450001,0
348452001,0
348454001,0
348456000,0
348458000,0
348460000,0
348462000,0
348464000,0
348466000,0
348468000,0
348470001,0
348472000,0
348474001,0
348476001,0
348478001,0
348480000,0
348482000,0
348484001,0
348486001,0
348488000,0
348490000,0
348492000,0
348494000,0
348496000,0
348498000,0
348500000,0
348502000,0
348504000,0
348506000,0
348508000,0
348510000,0
348512000,0
348514000,0
348516000,0
348518000,0
348520000,0
348522000,0
348524000,0
348526001,0
348528001,0
348530000,0
348532000,0
348534000,0
348536000,0
348538000,0
348540000,0
348542000,0
348544000,0
348546000,0
348548001,0
348550001,0
348552000,0
348554000,0
348556000,0
348558000,0
348560000,0
348562000,0
348564000,0
348566000,0
348568000,0
348570000,0
348572000,0
348574000,0
348576000,0
348578000,0
348580000,0
348582001,0
348584000,0
348586001,0
348588001,0
348590000,0
348592000,0
348594000,0
348596000,0
348598000,0
348600000,0
348602000,0
348604000,0
348606000,0
348608000,0
348610000,0
348612000,0
348614000,0
348616000,0
348618000,0
348620000,0
348622000,0
348624000,0
348626000,0
348628000,0
348630000,0
348632000,0
348634000,0
348636000,0
348638000,0
348640001,0
348642000,0
348644001,0
348646001,0
348648001,0
348650001,0
348652001,0
348654001,0
348656000,0
348658000,0
348660000,0
348662001,0
348664000,0
348666000,0
348668000,0
348670000,0
348672000,0
348674000,0
348676000,0
348678000,0
348680000,0
348682000,0
348684000,0
348686000,0
348688000,0
348690000,0
348692000,0
348694000,0
348696000,0
348698000,0
348700000,0
348702000,0
348704000,0
348706000,0
348708000,0
348710000,0
348712000,0
348714000,0
348716000,0
348718000,0
348720000,0
348722001,0
348724001,0
348726000,0
348728000,0
348730001,0
348732001,0
348734001,0
348736001,0
348738001,0
348740001,0
348742001,0
348744000,0
348746000,0
348748000,0
348750000,0
348752000,0
348754000,0
348756001,0
348758001,0
348760000,0
348762000,0
348764000,0
348766001,0
348768001,0
348770000,0
348772001,0
348774000,0
348776000,0
348778000,0
348780000,0
348782000,0
348784000,0
348786000,0
348788001,0
348790000,0
348792001,0
348794000,0
348796000,0
348798001,0
348800001,0
348802000,0
348804000,0
348806000,0
348808000,0
348810000,0
348812000,0
348814000,0
348816000,0
348818000,0
348820001,0
348822001,0
348824001,0
348826001,0
348828001,0
348830000,0
348832000,0
348834000,0
348836000,0
348838001,0
348840001,0
348842001,0
348844000,0
348846000,0
348848000,0
348850000,0
348852000,0
348854000,0
348856000,0
348858000,0
348860000,0
348862000,0
348864000,0
348866000,0
348868000,0
348870001,0
348872000,0
348874000,0
348876000,0
348878000,0
348880000,0
348882000,0
348884000,0
348886001,0
348888000,0
348890000,0
348892000,0
348894000,0
348896000,0
348898000,0
348900000,0
348902000,0
348904000,0
348906000,0
348908000,0
348910000,0
348912000,0
348914000,0
348916000,0
348918000,0
348920000,0
348922001,0
348924001,0
348926000,0
348928000,0
348930000,0
348932000,0
348934000,0
348936000,0
348938000,0
348940000,0
348942000,0
348944001,0
348946000,0
348948001,0
348950001,0
348952000,0
348954001,0
348956000,0
348958000,0
348960000,0
348962000,0
348964000,0
348966000,0
348968000,0
348970000,0
348972001,0
348974001,0
348976000,0
348978001,0
348980001,0
348982001,0
348984001,0
348986000,0
348988001,0
348990001,0
348992001,0
348994000,0
348996000,0
348998000,0
349000000,0
349002000,0
349004000,0
349006001,0
349008001,0
349010001,0
349012000,0
349014000,0
349016000,0
349018000,0
349020000,0
349022000,0
349024000,0
349026000,0
349028000,0
349030000,0
349032000,0
349034000,0
349036000,0
349038001,0
349040001,0
349042001,0
349044001,0
349046001,0
349048000,0
349050001,0
349052001,0
349054000,0
349056001,0
349058000,0
349060000,0
349062001,0
349064001,0
349066001,0
349068001,0
349070001,0
349072001,0
349074001,0
349076000,0
349078001,0
349080001,0
349082000,0
349084001,0
349086001,0
349088001,0
349090001,0
349092001,0
349094001,0
349096001,0
349098001,0
349100000,0
349102000,0
349104000,0
349106000,0
349108000,0
349110000,0
349112000,0
349114000,0
349116000,0
349118000,0
349120001,0
349122001,0
349124001,0
349126000,0
349128000,0
349130000,0
349132000,0
349134000,0
349136000,0
349138000,0
349140001,0
349142001,0
349144001,0
349146001,0
349148001,0
349150000,0
349152000,0
349154000,0
349156000,0
349158000,0
349160000,0
349162000,0
349164000,0
349166001,0
349168000,0
349170000,0
349172001,0
349174000,0
349176000,0
349178000,0
349180000,0
349182000,0
349184000,0
349186000,0
349188000,0
349190000,0
349192001,0
349194001,0
349196001,0
349198001,0
349200000,0
349202001,0
349204000,0
349206001,0
349208000,0
349210001,0
349212001,0
349214001,0
349216001,0
349218000,0
349220000,0
349222001,0
349224001,0
349226001,0
349228001,0
349230001,0
349232001,0
349234001,0
349236001,0
349238001,0
349240000,0
349242001,0
349244000,0
349246001,0
349248001,0
349250001,0
349252001,0
349254001,0
349256001,0
349258001,0
349260001,0
349262000,0
349264000,0
349266000,0
349268000,0
349270000,0
349272000,0
349274000,0
349276001,0
349278001,0
349280001,0
349282001,0
349284001,0
349286000,0
349288001,0
349290001,0
349292000,0
349294000,0
349296000,0
349298000,0
349300000,0
349302001,0
349304001,0
349306001,0
349308000,0
349310001,0
349312001,0
349314000,0
349316000,0
349318000,0
349320000,0
349322001,0
349324000,0
349326000,0
349328000,0
349330000,0
349332000,0
349334000,0
349336000,0
349338000,0
349340000,0
349342000,0
349344000,0
349346000,0
349348000,0
349350000,0
349352000,0
349354001,0
349356000,0
349358000,0
349360000,0
349362000,0
349364000,0
349366001,0
349368000,0
349370001,0
349372001,0
349374001,0
349376000,0
349378000,0
349380000,0
349382001,0
349384001,0
349386000,0
349388000,0
349390000,0
349392001,0
349394001,0
349396000,0
349398000,0
349400000,0
349402000,0
349404000,0
349406000,0
349408000,0
349410000,0
349412000,0
349414000,0
349416001,0
349418000,0
349420000,0
349422000,0
349424000,0
349426000,0
349428000,0
349430001,0
349432000,0
349434001,0
349436001,0
349438000,0
349440000,0
349442000,0
349444000,0
349446000,0
349448000,0
349450001,0
349452001,0
349454001,0
349456000,0
349458001,0
349460000,0
349462001,0
349464000,0
349466000,0
349468000,0
349470000,0
349472000,0
349474000,0
349476001,0
349478000,0
349480000,0
349482000,0
349484000,0
349486001,0
349488001,0
349490000,0
349492000,0
349494001,0
349496001,0
349498001,0
349500000,0
349502000,0
349504000,0
349506000,0
349508000,0
349510000,0
349512000,0
349514001,0
349516001,0
349518001,0
349520001,0
349522001,0
349524001,0
349526001,0
349528001,0
349530001,0
349532001,0
349534001,0
349536001,0
349538001,0
349540001,0
349542000,0
349544001,0
349546001,0
349548001,0
349550000,0
349552001,0
349554000,0
349556001,0
349558000,0
349560000,0
349562000,0
349564001,0
349566001,0
349568001,0
349570001,0
349572001,0
349574000,0
349576000,0
349578000,0
349580001,0
349582000,0
349584000,0
349586000,0
349588000,0
349590000,0
349592000,0
349594000,0
349596000,0
349598000,0
349600001,0
349602001,0
349604000,0
349606000,0
349608000,0
349610000,0
349612000,0
349614000,0
349616000,0
349618000,0
349620000,0
349622000,0
349624000,0
349626000,0
349628000,0
349630000,0
349632000,0
349634000,0
349636000,0
349638000,0
349640000,0
349642001,0
349644001,0
349646001,0
349648000,0
349650000,0
349652000,0
349654000,0
349656000,0
349658001,0
349660001,0
349662001,0
349664000,0
349666000,0
349668000,0
349670000,0
349672001,0
349674000,0
349676000,0
349678000,0
349680000,0
349682000,0
349684000,0
349686000,0
349688000,0
349690000,0
349692000,0
349694001,0
349696001,0
349698001,0
349700001,0
349702000,0
349704000,0
349706000,0
349708000,0
349710000,0
349712001,0
349714000,0
349716000,0
349718000,0
349720000,0
349722000,0
349724000,0
349726000,0
349728000,0
349730000,0
349732000,0
349734000,0
349736001,0
349738000,0
349740001,0
349742001,0
349744001,0
349746000,0
349748000,0
349750001,0
349752001,0
349754001,0
349756000,0
349758000,0
349760000,0
349762000,0
349764000,0
349766001,0
349768001,0
349770001,0
349772000,0
349774000,0
349776000,0
349778001,0
349780001,0
349782000,0
349784000,0
349786000,0
349788000,0
349790000,0
349792000,0
349794000,0
349796000,0
349798000,0
349800001,0
349802000,0
349804001,0
349806001,0
349808001,0
349810001,0
349812001,0
349814000,0
349816000,0
349818000,0
349820000,0
349822000,0
349824000,0
349826000,0
349828000,0
349830000,0
349832000,0
349834000,0
349836000,0
349838000,0
349840000,0
349842000,0
349844000,0
349846000,0
349848000,0
349850000,0
349852000,0
349854000,0
349856000,0
349858000,0
349860000,0
349862000,0
349864000,0
349866000,0
349868000,0
349870000,0
349872000,0
349874000,0
349876000,0
349878000,0
349880000,0
349882000,0
349884000,0
349886000,0
349888000,0
349890000,0
349892000,0
349894000,0
349896000,0
349898000,0
349900001,0
349902000,0
349904001,0
349906001,0
349908001,0
349910001,0
349912001,0
349914001,0
349916000,0
349918001,0
349920000,0
349922001,0
349924000,0
349926000,0
349928000,0
349930000,0
349932000,0
349934000,0
349936000,0
349938000,0
349940000,0
349942000,0
349944000,0
349946001,0
349948001,0
349950001,0
349952001,0
349954001,0
349956001,0
349958000,0
349960000,0
349962000,0
349964000,0
349966000,0
349968000,0
349970000,0
349972000,0
349974000,0
349976000,0
349978000,0
349980000,0
349982000,0
349984000,0
349986000,0
349988000,0
349990000,0
349992000,0
349994001,0
349996001,0
349998000,0
350000000,0
350002000,0
350004001,0
350006000,0
350008000,0
350010001,0
350012001,0
350014000,0
350016001,0
350018000,0
350020000,0
350022001,0
350024001,0
350026000,0
350028000,0
350030000,0
350032001,0
350034001,0
350036001,0
350038000,0
350040000,0
350042000,0
350044000,0
350046000,0
350048000,0
350050000,0
350052000,0
350054000,0
350056000,0
350058000,0
350060000,0
350062000,0
350064000,0
350066000,0
350068000,0
350070001,0
350072000,0
350074001,0
350076001,0
350078000,0
350080000,0
350082000,0
350084000,0
350086001,0
350088001,0
350090001,0
350092000,0
350094000,0
350096000,0
350098000,0
350100000,0
350102001,0
350104001,0
350106001,0
350108000,0
350110000,0
350112001,0
350114001,0
350116000,0
350118000,0
350120000,0
350122000,0
350124000,0
350126000,0
350128000,0
350130000,0
350132000,0
350134000,0
350136000,0
350138000,0
350140000,0
350142000,0
350144000,0
350146001,0
350148000,0
350150000,0
350152000,0
350154000,0
350156000,0
350158000,0
350160000,0
350162000,0
350164000,0
350166000,0
350168000,0
350170000,0
350172000,0
350174000,0
350176000,0
350178000,0
350180000,0
350182000,0
350184000,0
350186000,0
350188000,0
350190001,0
350192001,0
350194001,0
350196001,0
350198000,0
350200000,0
350202000,0
350204000,0
350206000,0
350208000,0
350210000,0
350212000,0
350214000,0
350216001,0
350218001,0
350220001,0
350222001,0
350224001,0
350226001,0
350228001,0
350230000,0
350232000,0
350234000,0
350236000,0
350238000,0
350240000,0
350242001,0
350244000,0
350246000,0
350248000,0
350250001,0
350252001,0
350254001,0
350256001,0
350258000,0
350260000,0
350262000,0
350264000,0
350266000,0
350268000,0
350270000,0
350272000,0
350274000,0
350276000,0
350278000,0
350280000,0
350282000,0
350284000,0
350286000,0
350288000,0
350290001,0
350292000,0
350294000,0
350296000,0
350298000,0
350300000,0
350302000,0
350304000,0
350306000,0
350308000,0
350310000,0
350312001,0
350314000,0
350316001,0
350318000,0
350320000,0
350322001,0
350324001,0
350326001,0
350328001,0
350330001,0
350332001,0
350334001,0
350336001,0
350338001,0
350340000,0
350342000,0
350344000,0
350346000,0
350348000,0
350350000,0
350352000,0
350354000,0
350356000,0
350358000,0
350360000,0
350362000,0
350364001,0
350366001,0
350368001,0
350370000,0
350372000,0
350374000,0
350376000,0
350378000,0
350380000,0
350382000,0
350384001,0
350386000,0
350388001,0
350390000,0
350392000,0
350394001,0
350396001,0
350398001,0
350400001,0
350402001,0
350404001,0
350406001,0
350408001,0
350410001,0
350412000,0
350414001,0
350416000,0
350418000,0
350420000,0
350422000,0
350424000,0
350426000,0
350428000,0
350430001,0
350432001,0
350434001,0
350436000,0
350438000,0
350440000,0
350442001,0
350444000,0
350446001,0
350448001,0
350450001,0
350452001,0
350454001,0
350456001,0
350458001,0
350460000,0
350462000,0
350464000,0
350466001,0
350468001,0
350470001,0
350472001,0
350474000,0
350476000,0
350478000,0
350480000,0
350482000,0
350484000,0
350486000,0
350488000,0
350490000,0
350492000,0
350494000,0
350496000,0
350498000,0
350500000,0
350502000,0
350504000,0
350506000,0
350508000,0
350510001,0
350512001,0
350514001,0
350516000,0
350518000,0
350520000,0
350522000,0
350524000,0
350526000,0
350528000,0
350530000,0
350532000,0
350534000,0
350536001,0
350538001,0
350540001,0
350542001,0
350544001,0
350546000,0
350548001,0
350550001,0
350552001,0
350554001,0
350556001,0
350558001,0
350560001,0
350562001,0
350564001,0
350566000,0
350568000,0
350570000,0
350572000,0
350574000,0
350576000,0
350578000,0
350580000,0
350582000,0
350584001,0
350586000,0
350588000,0
350590000,0
350592000,0
350594000,0
350596000,0
350598000,0
350600000,0
350602000,0
350604000,0
350606000,0
350608000,0
350610001,0
350612000,0
350614000,0
350616000,0
350618000,0
350620000,0
350622000,0
350624000,0
350626000,0
350628000,0
350630000,0
350632000,0
350634000,0
350636000,0
350638000,0
350640000,0
350642001,0
350644001,0
350646001,0
350648001,0
350650001,0
350652001,0
350654001,0
350656001,0
350658001,0
350660000,0
350662001,0
350664001,0
350666000,0
350668000,0
350670001,0
350672000,0
350674000,0
350676000,0
350678001,0
350680000,0
350682000,0
350684000,0
350686000,0
350688000,0
350690001,0
350692001,0
350694001,0
350696001,0
350698000,0
350700000,0
350702000,0
350704001,0
350706000,0
350708000,0
350710000,0
350712000,0
350714000,0
350716000,0
350718000,0
350720000,0
350722000,0
350724001,0
350726001,0
350728001,0
350730001,0
350732000,0
350734001,0
350736001,0
350738000,0
350740000,0
350742000,0
350744000,0
350746000,0
350748000,0
350750001,0
350752000,0
350754000,0
350756001,0
350758001,0
350760001,0
350762000,0
350764001,0
350766001,0
350768001,0
350770000,0
350772000,0
350774000,0
350776001,0
350778000,0
350780000,0
350782000,0
350784000,0
350786000,0
350788000,0
350790000,0
350792001,0
350794001,0
350796001,0
350798000,0
350800001,0
350802000,0
350804001,0
350806000,0
350808000,0
350810001,0
350812001,0
350814001,0
350816001,0
350818000,0
350820000,0
350822000,0
350824000,0
350826000,0
350828000,0
350830000,0
350832000,0
350834000,0
350836000,0
350838000,0
350840001,0
350842000,0
350844001,0
350846001,0
350848000,0
350850000,0
350852000,0
350854000,0
350856000,0
350858001,0
350860000,0
350862001,0
350864000,0
350866001,0
350868001,0
350870001,0
350872001,0
350874001,0
350876001,0
350878000,0
350880000,0
350882000,0
350884000,0
350886000,0
350888000,0
350890000,0
350892000,0
350894000,0
350896000,0
350898000,0
350900000,0
350902000,0
350904001,0
350906001,0
350908001,0
350910000,0
350912000,0
350914000,0
350916000,0
350918000,0
350920000,0
350922000,0
350924000,0
350926000,0
350928000,0
350930000,0
350932000,0
350934000,0
350936000,0
350938000,0
350940000,0
350942000,0
350944000,0
350946001,0
350948000,0
350950001,0
350952000,0
350954001,0
350956001,0
350958001,0
350960001,0
350962000,0
350964000,0
350966000,0
350968000,0
350970001,0
350972000,0
350974001,0
350976000,0
350978000,0
350980000,0
350982000,0
350984000,0
350986000,0
350988000,0
350990000,0
350992000,0
350994000,0
350996000,0
350998000,0
351000000,0
351002000,0
351004000,0
351006000,0
351008000,0
351010000,0
351012000,0
351014000,0
351016000,0
351018000,0
351020000,0
351022000,0
351024000,0
351026000,0
351028000,0
351030001,0
351032000,0
351034000,0
351036000,0
351038000,0
351040000,0
351042000,0
351044000,0
351046000,0
351048000,0
351050000,0
351052000,0
351054000,0
351056000,0
351058000,0
351060000,0
351062001,0
351064001,0
351066001,0
351068000,0
351070000,0
351072000,0
351074001,0
351076001,0
351078000,0
351080001,0
351082001,0
351084001,0
351086001,0
351088001,0
351090000,0
351092001,0
351094001,0
351096001,0
351098001,0
351100000,0
351102000,0
351104000,0
351106000,0
351108000,0
351110000,0
351112000,0
351114000,0
351116000,0
351118000,0
351120000,0
351122000,0
351124000,0
351126001,0
351128000,0
351130000,0
351132000,0
351134000,0
351136000,0
351138000,0
351140000,0
351142001,0
351144000,0
351146000,0
351148000,0
351150000,0
351152000,0
351154000,0
351156000,0
351158000,0
351160000,0
351162000,0
351164000,0
351166000,0
351168000,0
351170000,0
351172000,0
351174000,0
351176000,0
351178000,0
351180000,0
351182000,0
351184000,0
351186000,0
351188000,0
351190000,0
351192000,0
351194000,0
351196000,0
351198000,0
351200000,0
351202000,0
351204001,0
351206001,0
351208000,0
351210000,0
351212000,0
351214001,0
351216001,0
351218001,0
351220001,0
351222001,0
351224001,0
351226001,0
351228000,0
351230000,0
351232000,0
351234000,0
351236000,0
351238000,0
351240000,0
351242000,0
351244001,0
351246001,0
351248000,0
351250001,0
351252001,0
351254001,0
351256000,0
351258001,0
351260000,0
351262000,0
351264001,0
351266000,0
351268000,0
351270000,0
351272000,0
351274000,0
351276000,0
351278000,0
351280000,0
351282000,0
351284000,0
351286000,0
351288000,0
351290000,0
351292000,0
351294001,0
351296001,0
351298001,0
351300001,0
351302001,0
351304001,0
351306000,0
351308001,0
351310000,0
351312000,0
351314000,0
351316000,0
351318000,0
351320001,0
351322000,0
351324000,0
351326000,0
351328001,0
351330001,0
351332001,0
351334001,0
351336000,0
351338000,0
351340001,0
351342000,0
351344001,0
351346001,0
351348000,0
351350001,0
351352000,0
351354000,0
351356000,0
351358000,0
351360001,0
351362000,0
351364001,0
351366001,0
351368000,0
351370000,0
351372000,0
351374000,0
351376000,0
351378000,0
351380000,0
351382000,0
351384000,0
351386000,0
351388001,0
351390000,0
351392000,0
351394000,0
351396000,0
351398001,0
351400001,0
351402001,0
351404000,0
351406000,0
351408000,0
351410000,0
351412000,0
351414000,0
351416001,0
351418001,0
351420000,0
351422000,0
351424000,0
351426000,0
351428000,0
351430000,0
351432001,0
351434000,0
351436001,0
351438001,0
351440001,0
351442000,0
351444000,0
351446000,0
351448000,0
351450000,0
351452000,0
351454000,0
351456000,0
351458000,0
351460000,0
351462000,0
351464000,0
351466000,0
351468001,0
351470000,0
351472000,0
351474001,0
351476000,0
351478000,0
351480000,0
351482000,0
351484000,0
351486000,0
351488000,0
351490001,0
351492001,0
351494001,0
351496001,0
351498000,0
351500000,0
351502000,0
351504000,0
351506000,0
351508000,0
351510001,0
351512001,0
351514000,0
351516000,0
351518000,0
351520000,0
351522000,0
351524000,0
351526000,0
351528000,0
351530000,0
351532000,0
351534000,0
351536000,0
351538000,0
351540000,0
351542000,0
351544000,0
351546000,0
351548000,0
351550000,0
351552000,0
351554000,0
351556000,0
351558000,0
351560000,0
351562000,0
351564000,0
351566001,0
351568001,0
351570001,0
351572001,0
351574001,0
351576000,0
351578000,0
351580001,0
351582000,0
351584000,0
351586000,0
351588000,0
351590000,0
351592000,0
351594000,0
351596000,0
351598000,0
351600000,0
351602000,0
351604000,0
351606000,0
351608001,0
351610000,0
351612000,0
351614000,0
351616000,0
351618000,0
351620000,0
351622000,0
351624000,0
351626000,0
351628000,0
351630000,0
351632000,0
351634000,0
351636000,0
351638000,0
351640000,0
351642000,0
351644000,0
351646000,0
351648000,0
351650000,0
351652000,0
351654000,0
351656000,0
351658000,0
351660000,0
351662001,0
351664000,0
351666001,0
351668000,0
351670000,0
351672000,0
351674000,0
351676001,0
351678000,0
351680000,0
351682001,0
351684000,0
351686000,0
351688000,0
351690000,0
351692000,0
351694000,0
351696001,0
351698001,0
351700001,0
351702000,0
351704000,0
351706000,0
351708001,0
351710000,0
351712000,0
351714000,0
351716000,0
351718001,0
351720001,0
351722001,0
351724001,0
351726001,0
351728000,0
351730000,0
351732000,0
351734000,0
351736000,0
351738000,0
351740000,0
351742000,0
351744001,0
351746001,0
351748001,0
351750000,0
351752001,0
351754001,0
351756001,0
351758000,0
351760000,0
351762000,0
351764001,0
351766001,0
351768001,0
351770001,0
351772001,0
351774000,0
351776000,0
351778000,0
351780000,0
351782000,0
351784000,0
351786000,0
351788000,0
351790000,0
351792000,0
351794000,0
351796001,0
351798001,0
351800000,0
351802000,0
351804000,0
351806000,0
351808000,0
351810000,0
351812000,0
351814000,0
351816001,0
351818001,0
351820001,0
351822001,0
351824000,0
351826001,0
351828000,0
351830000,0
351832000,0
351834000,0
351836000,0
351838001,0
351840000,0
351842000,0
351844001,0
351846001,0
351848001,0
351850000,0
351852000,0
351854000,0
351856000,0
351858001,0
351860001,0
351862000,0
351864001,0
351866000,0
351868000,0
351870000,0
351872000,0
351874000,0
351876000,0
351878000,0
351880000,0
351882000,0
351884000,0
351886000,0
351888001,0
351890000,0
351892000,0
351894001,0
351896001,0
351898001,0
351900001,0
351902001,0
351904001,0
351906000,0
351908001,0
351910001,0
351912001,0
351914000,0
351916001,0
351918000,0
351920001,0
351922000,0
351924000,0
351926000,0
351928000,0
351930000,0
351932000,0
351934000,0
351936000,0
351938001,0
351940001,0
351942001,0
351944000,0
351946001,0
351948000,0
351950000,0
351952000,0
351954000,0
351956000,0
351958000,0
351960000,0
351962000,0
351964000,0
351966000,0
351968000,0
351970001,0
351972000,0
351974001,0
351976001,0
351978001,0
351980001,0
351982000,0
351984001,0
351986001,0
351988001,0
351990001,0
351992001,0
351994001,0
351996001,0
351998001,0
352000001,0
352002001,0
352004000,0
352006000,0
352008000,0
352010000,0
352012000,0
352014000,0
352016000,0
352018000,0
352020000,0
352022000,0
352024000,0
352026000,0
352028000,0
352030000,0
352032000,0
352034000,0
352036000,0
352038000,0
352040000,0
352042000,0
352044000,0
352046000,0
352048000,0
352050000,0
352052000,0
352054000,0
352056000,0
352058000,0
352060000,0
352062000,0
352064000,0
352066000,0
352068000,0
352070000,0
352072000,0
352074000,0
352076000,0
352078000,0
352080000,0
352082000,0
352084000,0
352086000,0
352088001,0
352090000,0
352092000,0
352094000,0
352096000,0
352098000,0
352100000,0
352102000,0
352104000,0
352106000,0
352108000,0
352110000,0
352112001,0
352114001,0
352116000,0
352118000,0
352120001,0
352122001,0
352124000,0
352126000,0
352128000,0
352130000,0
352132000,0
352134000,0
352136000,0
352138000,0
352140000,0
352142000,0
352144001,0
352146000,0
352148001,0
352150000,0
352152000,0
352154000,0
352156000,0
352158000,0
352160000,0
352162000,0
352164000,0
352166000,0
352168000,0
352170000,0
352172000,0
352174000,0
352176000,0
352178000,0
352180000,0
352182000,0
352184000,0
352186000,0
352188000,0
352190001,0
352192001,0
352194001,0
352196001,0
352198001,0
352200001,0
352202001,0
352204000,0
352206000,0
352208001,0
352210000,0
352212000,0
352214001,0
352216001,0
352218001,0
352220001,0
352222001,0
352224001,0
352226000,0
352228000,0
352230000,0
352232000,0
352234000,0
352236000,0
352238000,0
352240000,0
352242000,0
352244000,0
352246000,0
352248001,0
352250001,0
352252001,0
352254001,0
352256001,0
352258000,0
352260001,0
352262001,0
352264000,0
352266000,0
352268000,0
352270001,0
352272001,0
352274001,0
352276001,0
352278001,0
352280001,0
352282001,0
352284001,0
352286000,0
352288001,0
352290000,0
352292000,0
352294001,0
352296000,0
352298000,0
352300000,0
352302000,0
352304000,0
352306000,0
352308000,0
352310000,0
352312000,0
352314000,0
352316000,0
352318000,0
352320000,0
352322000,0
352324000,0
352326000,0
352328000,0
352330000,0
352332000,0
352334000,0
352336000,0
352338000,0
352340000,0
352342000,0
352344000,0
352346000,0
352348001,0
352350000,0
352352001,0
352354001,0
352356001,0
352358001,0
352360001,0
352362001,0
352364000,0
352366001,0
352368001,0
352370001,0
352372001,0
352374001,0
352376001,0
352378001,0
352380000,0
352382000,0
352384000,0
352386000,0
352388000,0
352390001,0
352392000,0
352394000,0
352396000,0
352398000,0
352400000,0
352402000,0
352404000,0
352406000,0
352408000,0
352410000,0
352412001,0
352414000,0
352416000,0
352418000,0
352420001,0
352422001,0
352424001,0
352426000,0
352428001,0
352430001,0
352432001,0
352434001,0
352436000,0
352438000,0
352440000,0
352442000,0
352444000,0
352446000,0
352448000,0
352450000,0
352452000,0
352454000,0
352456000,0
352458000,0
352460000,0
352462001,0
352464001,0
352466001,0
352468001,0
352470000,0
352472001,0
352474000,0
352476000,0
352478000,0
352480000,0
352482000,0
352484000,0
352486000,0
352488000,0
352490000,0
352492000,0
352494000,0
352496000,0
352498000,0
352500000,0
352502000,0
352504000,0
352506000,0
352508000,0
352510000,0
352512000,0
352514000,0
352516000,0
352518000,0
352520000,0
352522000,0
352524000,0
352526001,0
352528001,0
352530001,0
352532001,0
352534000,0
352536001,0
352538001,0
352540000,0
352542001,0
352544001,0
352546000,0
352548001,0
352550001,0
352552001,0
352554001,0
352556001,0
352558000,0
352560001,0
352562001,0
352564001,0
352566001,0
352568000,0
352570001,0
352572001,0
352574000,0
352576000,0
352578000,0
352580000,0
352582000,0
352584000,0
352586000,0
352588000,0
352590000,0
352592001,0
352594001,0
352596001,0
352598001,0
352600000,0
352602000,0
352604000,0
352606001,0
352608001,0
352610001,0
352612001,0
352614001,0
352616001,0
352618001,0
352620001,0
352622000,0
352624000,0
352626000,0
352628000,0
352630000,0
352632000,0
352634000,0
352636000,0
352638000,0
352640000,0
352642000,0
352644000,0
352646000,0
352648001,0
352650000,0
352652000,0
352654000,0
352656000,0
352658000,0
352660000,0
352662000,0
352664000,0
352666000,0
352668000,0
352670000,0
352672001,0
352674001,0
352676000,0
352678001,0
352680001,0
352682001,0
352684000,0
352686000,0
352688000,0
352690001,0
352692000,0
352694001,0
352696001,0
352698000,0
352700001,0
352702001,0
352704001,0
352706000,0
352708000,0
352710000,0
352712001,0
352714001,0
352716000,0
352718001,0
352720000,0
352722001,0
352724001,0
352726001,0
352728001,0
352730001,0
352732001,0
352734001,0
352736001,0
352738000,0
352740000,0
352742000,0
352744000,0
352746000,0
352748000,0
352750000,0
352752000,0
352754000,0
352756000,0
352758000,0
352760000,0
352762000,0
352764001,0
352766000,0
352768000,0
352770001,0
352772001,0
352774000,0
352776000,0
352778001,0
352780001,0
352782000,0
352784000,0
352786000,0
352788000,0
352790000,0
352792000,0
352794000,0
352796000,0
352798000,0
352800000,0
352802000,0
352804000,0
352806000,0
352808000,0
352810000,0
352812001,0
352814000,0
352816000,0
352818000,0
352820000,0
352822000,0
352824000,0
352826000,0
352828000,0
352830000,0
352832001,0
352834000,0
352836000,0
352838000,0
352840000,0
352842000,0
352844000,0
352846001,0
352848000,0
352850001,0
352852000,0
352854000,0
352856000,0
352858000,0
352860001,0
352862001,0
352864001,0
352866001,0
352868001,0
352870001,0
352872001,0
352874000,0
352876001,0
352878000,0
352880000,0
352882000,0
352884001,0
352886000,0
352888000,0
352890000,0
352892000,0
352894000,0
352896000,0
352898000,0
352900000,0
352902000,0
352904000,0
352906000,0
352908000,0
352910000,0
352912000,0
352914000,0
352916000,0
352918000,0
352920000,0
352922000,0
352924000,0
352926000,0
352928001,0
352930001,0
352932000,0
352934000,0
352936000,0
352938000,0
352940000,0
352942000,0
352944000,0
352946001,0
352948000,0
352950000,0
352952001,0
352954001,0
352956001,0
352958001,0
352960000,0
352962000,0
352964000,0
352966001,0
352968001,0
352970000,0
352972000,0
352974000,0
352976000,0
352978000,0
352980000,0
352982000,0
352984000,0
352986000,0
352988001,0
352990001,0
352992000,0
352994000,0
352996000,0
352998001,0
353000001,0
353002001,0
353004000,0
353006000,0
353008000,0
353010000,0
353012000,0
353014000,0
353016000,0
353018000,0
353020000,0
353022000,0
353024000,0
353026000,0
353028001,0
353030001,0
353032001,0
353034000,0
353036000,0
353038000,0
353040000,0
353042000,0
353044000,0
353046000,0
353048000,0
353050000,0
353052000,0
353054000,0
353056000,0
353058000,0
353060000,0
353062000,0
353064001,0
353066001,0
353068000,0
353070001,0
353072000,0
353074000,0
353076000,0
353078001,0
353080001,0
353082000,0
353084000,0
353086000,0
353088001,0
353090001,0
353092001,0
353094000,0
353096000,0
353098000,0
353100000,0
353102000,0
353104000,0
353106001,0
353108001,0
353110001,0
353112001,0
353114001,0
353116001,0
353118000,0
353120000,0
353122000,0
353124000,0
353126000,0
353128000,0
353130000,0
353132001,0
353134001,0
353136001,0
353138001,0
353140000,0
353142001,0
353144000,0
353146000,0
353148000,0
353150000,0
353152000,0
353154000,0
353156000,0
353158000,0
353160001,0
353162001,0
353164001,0
353166001,0
353168001,0
353170000,0
353172001,0
353174000,0
353176000,0
353178001,0
353180001,0
353182001,0
353184001,0
353186000,0
353188000,0
353190000,0
353192000,0
353194000,0
353196000,0
353198000,0
353200000,0
353202000,0
353204000,0
353206000,0
353208000,0
353210000,0
353212000,0
353214000,0
353216000,0
353218000,0
353220000,0
353222000,0
353224000,0
353226000,0
353228000,0
353230000,0
353232000,0
353234000,0
353236000,0
353238000,0
353240000,0
353242000,0
353244000,0
353246000,0
353248000,0
353250000,0
353252000,0
353254000,0
353256000,0
353258000,0
353260000,0
353262001,0
353264001,0
353266001,0
353268001,0
353270001,0
353272001,0
353274000,0
353276000,0
353278001,0
353280000,0
353282000,0
353284000,0
353286000,0
353288000,0
353290000,0
353292000,0
353294001,0
353296001,0
353298001,0
353300001,0
353302001,0
353304000,0
353306000,0
353308000,0
353310000,0
353312000,0
353314000,0
353316000,0
353318000,0
353320000,0
353322000,0
353324001,0
353326001,0
353328000,0
353330001,0
353332001,0
353334000,0
353336000,0
353338000,0
353340000,0
353342000,0
353344000,0
353346000,0
353348000,0
353350000,0
353352000,0
353354000,0
353356000,0
353358000,0
353360000,0
353362000,0
353364000,0
353366000,0
353368000,0
353370000,0
353372000,0
353374000,0
353376000,0
353378001,0
353380001,0
353382001,0
353384000,0
353386001,0
353388001,0
353390001,0
353392001,0
353394001,0
353396001,0
353398001,0
353400000,0
353402000,0
353404000,0
353406000,0
353408000,0
353410001,0
353412001,0
353414001,0
353416001,0
353418000,0
353420000,0
353422000,0
353424000,0
353426000,0
353428000,0
353430000,0
353432000,0
353434000,0
353436000,0
353438000,0
353440000,0
353442000,0
353444000,0
353446000,0
353448000,0
353450000,0
353452001,0
353454001,0
353456001,0
353458001,0
353460001,0
353462000,0
353464000,0
353466000,0
353468000,0
353470000,0
353472000,0
353474000,0
353476000,0
353478000,0
353480000,0
353482000,0
353484000,0
353486000,0
353488000,0
353490000,0
353492001,0
353494000,0
353496000,0
353498000,0
353500000,0
353502000,0
353504000,0
353506001,0
353508001,0
353510001,0
353512001,0
353514001,0
353516001,0
353518000,0
353520000,0
353522000,0
353524000,0
353526000,0
353528001,0
353530001,0
353532001,0
353534001,0
353536001,0
353538001,0
353540001,0
353542000,0
353544000,0
353546000,0
353548000,0
353550000,0
353552000,0
353554000,0
353556000,0
353558000,0
353560000,0
353562000,0
353564000,0
353566000,0
353568001,0
353570000,0
353572000,0
353574000,0
353576000,0
353578000,0
353580000,0
353582001,0
353584000,0
353586001,0
353588000,0
353590001,0
353592001,0
353594001,0
353596000,0
353598000,0
353600000,0
353602001,0
353604001,0
353606001,0
353608001,0
353610000,0
353612000,0
353614000,0
353616000,0
353618000,0
353620000,0
353622000,0
353624001,0
353626000,0
353628000,0
353630000,0
353632000,0
353634000,0
353636000,0
353638000,0
353640000,0
353642000,0
353644000,0
353646000,0
353648000,0
353650001,0
353652001,0
353654001,0
353656001,0
353658001,0
353660001,0
353662001,0
353664000,0
353666000,0
353668000,0
353670000,0
353672001,0
353674000,0
353676001,0
353678000,0
353680000,0
353682000,0
353684000,0
353686000,0
353688000,0
353690000,0
353692000,0
353694001,0
353696001,0
353698000,0
353700000,0
353702001,0
353704000,0
353706000,0
353708000,0
353710000,0
353712000,0
353714000,0
353716001,0
353718001,0
353720000,0
353722000,0
353724000,0
353726000,0
353728000,0
353730000,0
353732001,0
353734000,0
353736001,0
353738001,0
353740001,0
353742001,0
353744001,0
353746000,0
353748000,0
353750000,0
353752000,0
353754000,0
353756000,0
353758000,0
353760000,0
353762000,0
353764000,0
353766000,0
353768000,0
353770000,0
353772000,0
353774000,0
353776000,0
353778000,0
353780000,0
353782000,0
353784000,0
353786000,0
353788000,0
353790000,0
353792000,0
353794000,0
353796000,0
353798000,0
353800001,0
353802001,0
353804001,0
353806000,0
353808001,0
353810000,0
353812000,0
353814000,0
353816000,0
353818000,0
353820000,0
353822000,0
353824000,0
353826000,0
353828000,0
353830000,0
353832000,0
353834001,0
353836001,0
353838001,0
353840001,0
353842001,0
353844000,0
353846000,0
353848000,0
353850001,0
353852001,0
353854001,0
353856001,0
353858001,0
353860001,0
353862001,0
353864001,0
353866001,0
353868001,0
353870000,0
353872000,0
353874000,0
353876000,0
353878001,0
353880001,0
353882001,0
353884000,0
353886000,0
353888000,0
353890000,0
353892000,0
353894000,0
353896001,0
353898001,0
353900001,0
353902001,0
353904000,0
353906000,0
353908001,0
353910000,0
353912000,0
353914000,0
353916000,0
353918000,0
353920000,0
353922001,0
353924000,0
353926001,0
353928001,0
353930001,0
353932001,0
353934001,0
353936001,0
353938001,0
353940001,0
353942001,0
353944001,0
353946000,0
353948000,0
353950000,0
353952000,0
353954000,0
353956000,0
353958000,0
353960000,0
353962000,0
353964001,0
353966001,0
353968000,0
353970000,0
353972000,0
353974000,0
353976000,0
353978000,0
353980000,0
353982000,0
353984000,0
353986000,0
353988000,0
353990000,0
353992001,0
353994001,0
353996001,0
353998001,0
354000001,0
354002000,0
354004000,0
354006000,0
354008001,0
354010000,0
354012000,0
354014000,0
354016000,0
354018000,0
354020000,0
354022000,0
354024000,0
354026000,0
354028000,0
354030000,0
354032000,0
354034000,0
354036000,0
354038000,0
354040000,0
354042000,0
354044000,0
354046000,0
354048001,0
354050000,0
354052000,0
354054000,0
354056000,0
354058000,0
354060001,0
354062001,0
354064000,0
354066000,0
354068001,0
354070001,0
354072001,0
354074000,0
354076000,0
354078000,0
354080001,0
354082000,0
354084000,0
354086000,0
354088001,0
354090001,0
354092000,0
354094000,0
354096000,0
354098000,0
354100000,0
354102000,0
354104000,0
354106000,0
354108000,0
354110000,0
354112000,0
354114000,0
354116000,0
354118000,0
354120001,0
354122000,0
354124000,0
354126000,0
354128000,0
354130000,0
354132000,0
354134000,0
354136000,0
354138001,0
354140000,0
354142000,0
354144000,0
354146000,0
354148000,0
354150000,0
354152000,0
354154000,0
354156001,0
354158001,0
354160000,0
354162000,0
354164000,0
354166001,0
354168000,0
354170001,0
354172001,0
354174001,0
354176000,0
354178001,0
354180000,0
354182000,0
354184000,0
354186000,0
354188001,0
354190001,0
354192001,0
354194000,0
354196000,0
354198000,0
354200001,0
354202001,0
354204001,0
354206001,0
354208000,0
354210000,0
354212000,0
354214000,0
354216000,0
354218000,0
354220000,0
354222000,0
354224001,0
354226000,0
354228000,0
354230000,0
354232000,0
354234000,0
354236000,0
354238000,0
354240000,0
354242000,0
354244000,0
354246000,0
354248000,0
354250000,0
354252000,0
354254000,0
354256000,0
354258000,0
354260000,0
354262000,0
354264001,0
354266000,0
354268000,0
354270000,0
354272000,0
354274001,0
354276001,0
354278001,0
354280001,0
354282001,0
354284000,0
354286001,0
354288000,0
354290000,0
354292000,0
354294000,0
354296000,0
354298001,0
354300001,0
354302001,0
354304000,0
354306001,0
354308001,0
354310001,0
354312000,0
354314001,0
354316001,0
354318001,0
354320000,0
354322000,0
354324000,0
354326000,0
354328001,0
354330001,0
354332001,0
354334000,0
354336000,0
354338000,0
354340001,0
354342001,0
354344001,0
354346001,0
354348001,0
354350001,0
354352000,0
354354001,0
354356001,0
354358001,0
354360001,0
354362001,0
354364001,0
354366000,0
354368000,0
354370000,0
354372000,0
354374000,0
354376000,0
354378000,0
354380000,0
354382000,0
354384000,0
354386000,0
354388000,0
354390001,0
354392000,0
354394000,0
354396001,0
354398001,0
354400001,0
354402000,0
354404000,0
354406000,0
354408001,0
354410001,0
354412000,0
354414001,0
354416000,0
354418000,0
354420000,0
354422000,0
354424000,0
354426000,0
354428000,0
354430000,0
354432001,0
354434001,0
354436001,0
354438001,0
354440001,0
354442000,0
354444000,0
354446000,0
354448000,0
354450000,0
354452000,0
354454000,0
354456000,0
354458000,0
354460000,0
354462001,0
354464001,0
354466001,0
354468000,0
354470000,0
354472000,0
354474000,0
354476000,0
354478001,0
354480000,0
354482000,0
354484000,0
354486000,0
354488001,0
354490001,0
354492000,0
354494000,0
354496000,0
354498000,0
354500000,0
354502000,0
354504000,0
354506000,0
354508000,0
354510000,0
354512000,0
354514000,0
354516000,0
354518000,0
354520000,0
354522000,0
354524000,0
354526000,0
354528000,0
354530000,0
354532000,0
354534000,0
354536000,0
354538000,0
354540000,0
354542000,0
354544000,0
354546001,0
354548000,0
354550000,0
354552000,0
354554000,0
354556000,0
354558000,0
354560000,0
354562000,0
354564000,0
354566000,0
354568000,0
354570000,0
354572000,0
354574000,0
354576000,0
354578000,0
354580000,0
354582000,0
354584000,0
354586000,0
354588000,0
354590000,0
354592000,0
354594000,0
354596000,0
354598001,0
354600000,0
354602000,0
354604000,0
354606000,0
354608001,0
354610000,0
354612000,0
354614001,0
354616000,0
354618000,0
354620000,0
354622000,0
354624000,0
354626000,0
354628001,0
354630000,0
354632000,0
354634000,0
354636000,0
354638000,0
354640000,0
354642000,0
354644000,0
354646000,0
354648000,0
354650000,0
354652000,0
354654001,0
354656001,0
354658001,0
354660001,0
354662000,0
354664001,0
354666000,0
354668001,0
354670000,0
354672000,0
354674001,0
354676000,0
354678000,0
354680000,0
354682000,0
354684000,0
354686000,0
354688000,0
354690000,0
354692000,0
354694001,0
354696001,0
354698001,0
354700001,0
354702000,0
354704000,0
354706001,0
354708001,0
354710001,0
354712001,0
354714000,0
354716000,0
354718000,0
354720000,0
354722001,0
354724001,0
354726001,0
354728001,0
354730001,0
354732000,0
354734001,0
354736001,0
354738001,0
354740001,0
354742001,0
354744000,0
354746000,0
354748000,0
354750000,0
354752000,0
354754000,0
354756000,0
354758000,0
354760000,0
354762000,0
354764000,0
354766001,0
354768001,0
354770000,0
354772001,0
354774001,0
354776001,0
354778001,0
354780001,0
354782000,0
354784001,0
354786001,0
354788001,0
354790000,0
354792000,0
354794000,0
354796000,0
354798000,0
354800000,0
354802000,0
354804000,0
354806000,0
354808000,0
354810000,0
354812000,0
354814000,0
354816000,0
354818000,0
354820000,0
354822000,0
354824001,0
354826001,0
354828000,0
354830001,0
354832000,0
354834000,0
354836001,0
354838001,0
354840000,0
354842001,0
354844000,0
354846000,0
354848000,0
354850000,0
354852001,0
354854000,0
354856000,0
354858000,0
354860000,0
354862000,0
354864000,0
354866000,0
354868001,0
354870001,0
354872000,0
354874001,0
354876001,0
354878000,0
354880000,0
354882000,0
354884000,0
354886001,0
354888001,0
354890000,0
354892000,0
354894000,0
354896001,0
354898000,0
354900001,0
354902001,0
354904000,0
354906001,0
354908000,0
354910000,0
354912000,0
354914001,0
354916001,0
354918001,0
354920001,0
354922001,0
354924000,0
354926001,0
354928001,0
354930001,0
354932000,0
354934000,0
354936001,0
354938001,0
354940000,0
354942000,0
354944000,0
354946000,0
354948000,0
354950000,0
354952000,0
354954000,0
354956000,0
354958001,0
354960001,0
354962000,0
354964001,0
354966001,0
354968001,0
354970001,0
354972000,0
354974000,0
354976000,0
354978001,0
354980001,0
354982000,0
354984001,0
354986001,0
354988001,0
354990001,0
354992000,0
354994000,0
354996000,0
354998000,0
355000000,0
355002000,0
355004000,0
355006001,0
355008001,0
355010001,0
355012000,0
355014000,0
355016000,0
355018000,0
355020000,0
355022000,0
355024000,0
355026000,0
355028000,0
355030000,0
355032000,0
355034000,0
355036000,0
355038000,0
355040001,0
355042001,0
355044001,0
355046000,0
355048000,0
355050001,0
355052001,0
355054000,0
355056001,0
355058001,0
355060001,0
355062000,0
355064000,0
355066000,0
355068000,0
355070000,0
355072000,0
355074001,0
355076001,0
355078000,0
355080000,0
355082000,0
355084000,0
355086000,0
355088001,0
355090001,0
355092001,0
355094001,0
355096000,0
355098000,0
355100000,0
355102001,0
355104001,0
355106000,0
355108000,0
355110000,0
355112000,0
355114000,0
355116000,0
355118000,0
355120000,0
355122000,0
355124001,0
355126000,0
355128001,0
355130000,0
355132000,0
355134000,0
355136001,0
355138000,0
355140000,0
355142000,0
355144000,0
355146000,0
355148000,0
355150000,0
355152001,0
355154001,0
355156000,0
355158001,0
355160001,0
355162001,0
355164001,0
355166000,0
355168001,0
355170001,0
355172000,0
355174001,0
355176001,0
355178000,0
355180000,0
355182000,0
355184000,0
355186000,0
355188001,0
355190000,0
355192000,0
355194000,0
355196000,0
355198000,0
355200000,0
355202000,0
355204000,0
355206000,0
355208000,0
355210000,0
355212000,0
355214000,0
355216000,0
355218001,0
355220000,0
355222000,0
355224000,0
355226000,0
355228000,0
355230000,0
355232001,0
355234001,0
355236001,0
355238001,0
355240001,0
355242001,0
355244001,0
355246000,0
355248000,0
355250000,0
355252000,0
355254000,0
355256000,0
355258000,0
355260001,0
355262001,0
355264000,0
355266000,0
355268000,0
355270000,0
355272000,0
355274000,0
355276000,0
355278000,0
355280000,0
355282000,0
355284000,0
355286000,0
355288000,0
355290000,0
355292001,0
355294000,0
355296000,0
355298001,0
355300001,0
355302001,0
355304000,0
355306000,0
355308000,0
355310000,0
355312000,0
355314000,0
355316000,0
355318000,0
355320000,0
355322000,0
355324000,0
355326000,0
355328001,0
355330001,0
355332001,0
355334000,0
355336000,0
355338001,0
355340000,0
355342001,0
355344000,0
355346000,0
355348000,0
355350000,0
355352000,0
355354000,0
355356000,0
355358000,0
355360000,0
355362000,0
355364001,0
355366001,0
355368000,0
355370000,0
355372000,0
355374000,0
355376000,0
355378000,0
355380000,0
355382000,0
355384000,0
355386000,0
355388000,0
355390000,0
355392000,0
355394000,0
355396000,0
355398000,0
355400000,0
355402000,0
355404001,0
355406001,0
355408000,0
355410000,0
355412001,0
355414001,0
355416000,0
355418001,0
355420000,0
355422000,0
355424000,0
355426000,0
355428000,0
355430000,0
355432000,0
355434000,0
355436000,0
355438000,0
355440000,0
355442000,0
355444000,0
355446000,0
355448000,0
355450000,0
355452000,0
355454000,0
355456000,0
355458000,0
355460000,0
355462000,0
355464000,0
355466000,0
355468000,0
355470000,0
355472000,0
355474000,0
355476000,0
355478001,0
355480001,0
355482000,0
355484000,0
355486001,0
355488000,0
355490001,0
355492000,0
355494001,0
355496001,0
355498001,0
355500001,0
355502001,0
355504000,0
355506001,0
355508000,0
355510000,0
355512000,0
355514000,0
355516001,0
355518000,0
355520001,0
355522001,0
355524001,0
355526000,0
355528001,0
355530000,0
355532000,0
355534000,0
355536000,0
355538000,0
355540000,0
355542001,0
355544001,0
355546000,0
355548000,0
355550000,0
355552000,0
355554000,0
355556000,0
355558000,0
355560000,0
355562001,0
355564001,0
355566001,0
355568001,0
355570001,0
355572000,0
355574001,0
355576001,0
355578001,0
355580000,0
355582000,0
355584000,0
355586000,0
355588000,0
355590000,0
355592000,0
355594001,0
355596001,0
355598001,0
355600000,0
355602000,0
355604001,0
355606001,0
355608001,0
355610001,0
355612001,0
355614000,0
355616001,0
355618001,0
355620001,0
355622001,0
355624001,0
355626001,0
355628001,0
355630000,0
355632000,0
355634000,0
355636000,0
355638000,0
355640000,0
355642000,0
355644000,0
355646001,0
355648001,0
355650001,0
355652001,0
355654000,0
355656000,0
355658000,0
355660000,0
355662000,0
355664000,0
355666000,0
355668000,0
355670000,0
355672000,0
355674000,0
355676001,0
355678001,0
355680000,0
355682000,0
355684000,0
355686000,0
355688000,0
355690000,0
355692000,0
355694001,0
355696001,0
355698001,0
355700000,0
355702000,0
355704000,0
355706000,0
355708000,0
355710000,0
355712000,0
355714000,0
355716001,0
355718000,0
355720000,0
355722000,0
355724000,0
355726000,0
355728000,0
355730000,0
355732000,0
355734000,0
355736000,0
355738000,0
355740000,0
355742000,0
355744000,0
355746000,0
355748000,0
355750001,0
355752000,0
355754001,0
355756000,0
355758000,0
355760001,0
355762000,0
355764001,0
355766000,0
355768000,0
355770000,0
355772000,0
355774000,0
355776000,0
355778000,0
355780001,0
355782001,0
355784001,0
355786000,0
355788001,0
355790000,0
355792001,0
355794001,0
355796000,0
355798000,0
355800000,0
355802000,0
355804001,0
355806000,0
355808000,0
355810000,0
355812000,0
355814000,0
355816000,0
355818000,0
355820000,0
355822000,0
355824001,0
355826001,0
355828001,0
355830001,0
355832000,0
355834000,0
355836000,0
355838000,0
355840000,0
355842000,0
355844000,0
355846000,0
355848000,0
355850000,0
355852000,0
355854000,0
355856000,0
355858000,0
355860000,0
355862000,0
355864000,0
355866000,0
355868000,0
355870000,0
355872000,0
355874000,0
355876000,0
355878000,0
355880000,0
355882000,0
355884000,0
355886000,0
355888000,0
355890000,0
355892000,0
355894000,0
355896000,0
355898000,0
355900000,0
355902000,0
355904000,0
355906001,0
355908001,0
355910001,0
355912001,0
355914001,0
355916001,0
355918001,0
355920000,0
355922001,0
355924000,0
355926000,0
355928001,0
355930000,0
355932000,0
355934000,0
355936000,0
355938000,0
355940000,0
355942000,0
355944000,0
355946000,0
355948000,0
355950000,0
355952000,0
355954000,0
355956000,0
355958000,0
355960000,0
355962000,0
355964000,0
355966000,0
355968001,0
355970001,0
355972000,0
355974000,0
355976000,0
355978001,0
355980000,0
355982000,0
355984000,0
355986000,0
355988000,0
355990000,0
355992000,0
355994000,0
355996000,0
355998000,0
356000000,0
356002000,0
356004000,0
356006000,0
356008000,0
356010000,0
356012000,0
356014000,0
356016000,0
356018000,0
356020001,0
356022001,0
356024000,0
356026001,0
356028001,0
356030000,0
356032000,0
356034000,0
356036000,0
356038000,0
356040000,0
356042000,0
356044001,0
356046000,0
356048000,0
356050000,0
356052000,0
356054000,0
356056000,0
356058000,0
356060000,0
356062000,0
356064000,0
356066000,0
356068000,0
356070000,0
356072000,0
356074000,0
356076000,0
356078001,0
356080001,0
356082001,0
356084001,0
356086001,0
356088000,0
356090000,0
356092001,0
356094000,0
356096001,0
356098001,0
356100001,0
356102001,0
356104000,0
356106000,0
356108000,0
356110000,0
356112000,0
356114000,0
356116000,0
356118000,0
356120000,0
356122000,0
356124000,0
356126000,0
356128000,0
356130000,0
356132000,0
356134000,0
356136001,0
356138001,0
356140001,0
356142001,0
356144000,0
356146001,0
356148000,0
356150000,0
356152000,0
356154001,0
356156001,0
356158000,0
356160000,0
356162001,0
356164000,0
356166000,0
356168000,0
356170000,0
356172000,0
356174000,0
356176000,0
356178000,0
356180001,0
356182000,0
356184001,0
356186001,0
356188001,0
356190001,0
356192001,0
356194001,0
356196001,0
356198000,0
356200000,0
356202000,0
356204001,0
356206001,0
356208000,0
356210000,0
356212000,0
356214000,0
356216000,0
356218000,0
356220000,0
356222000,0
356224000,0
356226001,0
356228000,0
356230000,0
356232001,0
356234000,0
356236000,0
356238000,0
356240000,0
356242000,0
356244000,0
356246000,0
356248000,0
356250001,0
356252000,0
356254000,0
356256000,0
356258000,0
356260000,0
356262000,0
356264000,0
356266000,0
356268000,0
356270000,0
356272000,0
356274000,0
356276001,0
356278000,0
356280000,0
356282000,0
356284000,0
356286000,0
356288000,0
356290000,0
356292000,0
356294000,0
356296000,0
356298000,0
356300000,0
356302000,0
356304000,0
356306000,0
356308000,0
356310001,0
356312000,0
356314000,0
356316000,0
356318000,0
356320000,0
356322000,0
356324001,0
356326000,0
356328000,0
356330000,0
356332000,0
356334000,0
356336000,0
356338000,0
356340000,0
356342000,0
356344000,0
356346000,0
356348000,0
356350001,0
356352001,0
356354000,0
356356000,0
356358000,0
356360000,0
356362000,0
356364000,0
356366000,0
356368000,0
356370001,0
356372001,0
356374001,0
356376000,0
356378001,0
356380000,0
356382000,0
356384000,0
356386000,0
356388000,0
356390000,0
356392000,0
356394000,0
356396000,0
356398000,0
356400000,0
356402000,0
356404000,0
356406000,0
356408000,0
356410000,0
356412000,0
356414000,0
356416000,0
356418000,0
356420001,0
356422001,0
356424001,0
356426000,0
356428000,0
356430000,0
356432000,0
356434000,0
356436000,0
356438000,0
356440000,0
356442000,0
356444000,0
356446000,0
356448000,0
356450000,0
356452000,0
356454000,0
356456000,0
356458000,0
356460000,0
356462000,0
356464000,0
356466000,0
356468000,0
356470001,0
356472001,0
356474000,0
356476000,0
356478001,0
356480001,0
356482001,0
356484001,0
356486001,0
356488001,0
356490000,0
356492001,0
356494000,0
356496000,0
356498000,0
356500000,0
356502001,0
356504000,0
356506000,0
356508000,0
356510000,0
356512000,0
356514000,0
356516000,0
356518000,0
356520000,0
356522000,0
356524001,0
356526001,0
356528001,0
356530000,0
356532000,0
356534001,0
356536001,0
356538000,0
356540000,0
356542000,0
356544000,0
356546001,0
356548001,0
356550001,0
356552000,0
356554000,0
356556001,0
356558001,0
356560001,0
356562001,0
356564001,0
356566000,0
356568000,0
356570000,0
356572000,0
356574000,0
356576000,0
356578000,0
356580000,0
356582000,0
356584000,0
356586000,0
356588000,0
356590000,0
356592000,0
356594000,0
356596000,0
356598000,0
356600000,0
356602000,0
356604000,0
356606000,0
356608000,0
356610000,0
356612000,0
356614000,0
356616000,0
356618000,0
356620000,0
356622001,0
356624000,0
356626000,0
356628000,0
356630001,0
356632001,0
356634001,0
356636001,0
356638000,0
356640001,0
356642001,0
356644000,0
356646001,0
356648001,0
356650001,0
356652001,0
356654000,0
356656000,0
356658000,0
356660000,0
356662000,0
356664000,0
356666000,0
356668000,0
356670000,0
356672000,0
356674000,0
356676000,0
356678000,0
356680000,0
356682001,0
356684000,0
356686000,0
356688001,0
356690000,0
356692000,0
356694000,0
356696000,0
356698000,0
356700000,0
356702001,0
356704000,0
356706001,0
356708001,0
356710000,0
356712001,0
356714001,0
356716001,0
356718001,0
356720001,0
356722001,0
356724000,0
356726000,0
356728000,0
356730000,0
356732000,0
356734000,0
356736000,0
356738000,0
356740001,0
356742000,0
356744000,0
356746000,0
356748000,0
356750000,0
356752000,0
356754000,0
356756000,0
356758000,0
356760000,0
356762000,0
356764000,0
356766000,0
356768000,0
356770000,0
356772000,0
356774000,0
356776000,0
356778000,0
356780000,0
356782001,0
356784001,0
356786000,0
356788001,0
356790000,0
356792000,0
356794000,0
356796000,0
356798000,0
356800000,0
356802000,0
356804000,0
356806000,0
356808000,0
356810000,0
356812000,0
356814000,0
356816000,0
356818000,0
356820000,0
356822000,0
356824000,0
356826000,0
356828000,0
356830000,0
356832000,0
356834000,0
356836000,0
356838000,0
356840000,0
356842000,0
356844001,0
356846000,0
356848000,0
356850000,0
356852000,0
356854001,0
356856001,0
356858000,0
356860000,0
356862000,0
356864001,0
356866001,0
356868001,0
356870000,0
356872001,0
356874001,0
356876000,0
356878000,0
356880000,0
356882000,0
356884000,0
356886000,0
356888000,0
356890000,0
356892000,0
356894000,0
356896000,0
356898000,0
356900000,0
356902000,0
356904000,0
356906000,0
356908000,0
356910000,0
356912000,0
356914000,0
356916000,0
356918000,0
356920000,0
356922000,0
356924000,0
356926000,0
356928000,0
356930000,0
356932000,0
356934000,0
356936001,0
356938000,0
356940001,0
356942000,0
356944000,0
356946000,0
356948001,0
356950000,0
356952001,0
356954000,0
356956001,0
356958001,0
356960001,0
356962001,0
356964001,0
356966000,0
356968001,0
356970000,0
356972000,0
356974001,0
356976001,0
356978000,0
356980000,0
356982000,0
356984001,0
356986001,0
356988000,0
356990000,0
356992000,0
356994000,0
356996000,0
356998001,0
357000001,0
357002001,0
357004001,0
357006001,0
357008000,0
357010001,0
357012000,0
357014000,0
357016001,0
357018001,0
357020001,0
357022001,0
357024001,0
357026001,0
357028001,0
357030001,0
357032000,0
357034000,0
357036000,0
357038000,0
357040001,0
357042001,0
357044001,0
357046001,0
357048000,0
357050000,0
357052000,0
357054000,0
357056000,0
357058000,0
357060000,0
357062000,0
357064000,0
357066000,0
357068000,0
357070000,0
357072000,0
357074000,0
357076000,0
357078000,0
357080000,0
357082000,0
357084000,0
357086000,0
357088000,0
357090000,0
357092000,0
357094000,0
357096000,0
357098000,0
357100000,0
357102001,0
357104000,0
357106000,0
357108000,0
357110001,0
357112001,0
357114001,0
357116000,0
357118000,0
357120000,0
357122000,0
357124000,0
357126000,0
357128000,0
357130000,0
357132000,0
357134000,0
357136000,0
357138000,0
357140000,0
357142001,0
357144000,0
357146000,0
357148000,0
357150000,0
357152000,0
357154000,0
357156001,0
357158001,0
357160001,0
357162001,0
357164001,0
357166001,0
357168000,0
357170001,0
357172001,0
357174001,0
357176001,0
357178001,0
357180001,0
357182001,0
357184001,0
357186001,0
357188000,0
357190001,0
357192001,0
357194000,0
357196001,0
357198000,0
357200000,0
357202000,0
357204000,0
357206001,0
357208001,0
357210000,0
357212000,0
357214000,0
357216001,0
357218000,0
357220000,0
357222000,0
357224000,0
357226000,0
357228000,0
357230000,0
357232000,0
357234000,0
357236000,0
357238000,0
357240000,0
357242000,0
357244000,0
357246000,0
357248000,0
357250000,0
357252000,0
357254000,0
357256001,0
357258000,0
357260001,0
357262000,0
357264000,0
357266001,0
357268000,0
357270000,0
357272000,0
357274000,0
357276000,0
357278000,0
357280000,0
357282000,0
357284000,0
357286000,0
357288000,0
357290000,0
357292000,0
357294000,0
357296000,0
357298000,0
357300000,0
357302001,0
357304001,0
357306000,0
357308001,0
357310001,0
357312000,0
357314001,0
357316001,0
357318000,0
357320000,0
357322000,0
357324000,0
357326000,0
357328000,0
357330000,0
357332000,0
357334000,0
357336000,0
357338001,0
357340001,0
357342001,0
357344000,0
357346000,0
357348000,0
357350001,0
357352001,0
357354000,0
357356000,0
357358000,0
357360000,0
357362000,0
357364001,0
357366001,0
357368001,0
357370000,0
357372000,0
357374000,0
357376001,0
357378000,0
357380000,0
357382000,0
357384001,0
357386001,0
357388000,0
357390001,0
357392000,0
357394001,0
357396001,0
357398001,0
357400000,0
357402000,0
357404001,0
357406000,0
357408000,0
357410000,0
357412001,0
357414001,0
357416001,0
357418001,0
357420000,0
357422000,0
357424000,0
357426001,0
357428000,0
357430000,0
357432000,0
357434000,0
357436001,0
357438001,0
357440000,0
357442001,0
357444001,0
357446001,0
357448000,0
357450000,0
357452000,0
357454000,0
357456001,0
357458000,0
357460000,0
357462000,0
357464001,0
357466001,0
357468001,0
357470001,0
357472001,0
357474001,0
357476001,0
357478001,0
357480001,0
357482001,0
357484000,0
357486001,0
357488001,0
357490001,0
357492000,0
357494001,0
357496001,0
357498001,0
357500001,0
357502001,0
357504001,0
357506000,0
357508001,0
357510001,0
357512000,0
357514000,0
357516000,0
357518000,0
357520000,0
357522000,0
357524000,0
357526000,0
357528000,0
357530000,0
357532000,0
357534000,0
357536000,0
357538000,0
357540000,0
357542000,0
357544000,0
357546000,0
357548000,0
357550000,0
357552000,0
357554000,0
357556000,0
357558000,0
357560000,0
357562000,0
357564001,0
357566001,0
357568001,0
357570001,0
357572001,0
357574001,0
357576000,0
357578000,0
357580000,0
357582000,0
357584001,0
357586000,0
357588000,0
357590000,0
357592000,0
357594001,0
357596001,0
357598001,0
357600001,0
357602001,0
357604001,0
357606001,0
357608000,0
357610001,0
357612000,0
357614000,0
357616001,0
357618001,0
357620000,0
357622000,0
357624000,0
357626000,0
357628000,0
357630000,0
357632000,0
357634000,0
357636000,0
357638000,0
357640000,0
357642000,0
357644000,0
357646001,0
357648000,0
357650000,0
357652000,0
357654001,0
357656000,0
357658001,0
357660001,0
357662000,0
357664001,0
357666000,0
357668001,0
357670001,0
357672001,0
357674001,0
357676000,0
357678000,0
357680001,0
357682000,0
357684000,0
357686000,0
357688000,0
357690001,0
357692001,0
357694001,0
357696000,0
357698000,0
357700000,0
357702000,0
357704000,0
357706000,0
357708000,0
357710000,0
357712000,0
357714000,0
357716000,0
357718000,0
357720000,0
357722000,0
357724000,0
357726000,0
357728000,0
357730000,0
357732000,0
357734000,0
357736001,0
357738001,0
357740000,0
357742001,0
357744000,0
357746000,0
357748000,0
357750001,0
357752000,0
357754000,0
357756000,0
357758000,0
357760000,0
357762000,0
357764000,0
357766000,0
357768000,0
357770000,0
357772000,0
357774000,0
357776000,0
357778000,0
357780000,0
357782000,0
357784000,0
357786000,0
357788000,0
357790000,0
357792000,0
357794001,0
357796000,0
357798000,0
357800000,0
357802001,0
357804001,0
357806001,0
357808001,0
357810000,0
357812000,0
357814000,0
357816000,0
357818000,0
357820001,0
357822000,0
357824000,0
357826001,0
357828001,0
357830001,0
357832001,0
357834001,0
357836001,0
357838001,0
357840001,0
357842001,0
357844001,0
357846000,0
357848000,0
357850001,0
357852000,0
357854000,0
357856000,0
357858000,0
357860000,0
357862000,0
357864000,0
357866001,0
357868001,0
357870001,0
357872001,0
357874000,0
357876000,0
357878000,0
357880000,0
357882000,0
357884000,0
357886000,0
357888000,0
357890000,0
357892000,0
357894000,0
357896000,0
357898000,0
357900000,0
357902000,0
357904000,0
357906000,0
357908000,0
357910000,0
357912000,0
357914000,0
357916000,0
357918001,0
357920000,0
357922000,0
357924000,0
357926000,0
357928001,0
357930001,0
357932001,0
357934001,0
357936001,0
357938000,0
357940001,0
357942001,0
357944001,0
357946001,0
357948001,0
357950001,0
357952000,0
357954000,0
357956000,0
357958000,0
357960000,0
357962000,0
357964000,0
357966000,0
357968001,0
357970001,0
357972001,0
357974000,0
357976000,0
357978001,0
357980000,0
357982000,0
357984001,0
357986001,0
357988000,0
357990000,0
357992001,0
357994000,0
357996000,0
357998001,0
358000000,0
358002000,0
358004000,0
358006000,0
358008000,0
358010000,0
358012001,0
358014001,0
358016000,0
358018000,0
358020001,0
358022001,0
358024001,0
358026001,0
358028001,0
358030000,0
358032000,0
358034001,0
358036000,0
358038001,0
358040001,0
358042001,0
358044001,0
358046000,0
358048000,0
358050000,0
358052000,0
358054001,0
358056001,0
358058001,0
358060001,0
358062000,0
358064000,0
358066000,0
358068001,0
358070000,0
358072000,0
358074001,0
358076001,0
358078001,0
358080000,0
358082000,0
358084001,0
358086001,0
358088001,0
358090000,0
358092001,0
358094001,0
358096000,0
358098000,0
358100000,0
358102000,0
358104000,0
358106000,0
358108001,0
358110001,0
358112001,0
358114000,0
358116000,0
358118000,0
358120000,0
358122000,0
358124001,0
358126001,0
358128001,0
358130001,0
358132000,0
358134000,0
358136000,0
358138001,0
358140000,0
358142000,0
358144000,0
358146000,0
358148000,0
358150000,0
358152000,0
358154001,0
358156000,0
358158000,0
358160000,0
358162000,0
358164000,0
358166000,0
358168000,0
358170000,0
358172000,0
358174000,0
358176000,0
358178000,0
358180001,0
358182001,0
358184001,0
358186001,0
358188000,0
358190000,0
358192000,0
358194000,0
358196000,0
358198000,0
358200000,0
358202000,0
358204000,0
358206000,0
358208000,0
358210000,0
358212000,0
358214000,0
358216000,0
358218000,0
358220000,0
358222000,0
358224001,0
358226001,0
358228001,0
358230000,0
358232000,0
358234000,0
358236000,0
358238000,0
358240000,0
358242000,0
358244001,0
358246001,0
358248000,0
358250000,0
358252000,0
358254001,0
358256001,0
358258001,0
358260001,0
358262001,0
358264001,0
358266000,0
358268000,0
358270000,0
358272000,0
358274000,0
358276000,0
358278000,0
358280000,0
358282000,0
358284001,0
358286001,0
358288001,0
358290001,0
358292000,0
358294000,0
358296000,0
358298000,0
358300001,0
358302001,0
358304001,0
358306000,0
358308000,0
358310000,0
358312000,0
358314000,0
358316000,0
358318000,0
358320000,0
358322001,0
358324000,0
358326000,0
358328000,0
358330000,0
358332000,0
358334001,0
358336001,0
358338001,0
358340000,0
358342000,0
358344000,0
358346000,0
358348000,0
358350000,0
358352000,0
358354000,0
358356000,0
358358000,0
358360000,0
358362001,0
358364001,0
358366001,0
358368000,0
358370000,0
358372001,0
358374001,0
358376001,0
358378000,0
358380001,0
358382000,0
358384000,0
358386000,0
358388000,0
358390000,0
358392000,0
358394000,0
358396000,0
358398000,0
358400000,0
358402000,0
358404000,0
358406000,0
358408000,0
358410000,0
358412000,0
358414000,0
358416000,0
358418000,0
358420000,0
358422001,0
358424001,0
358426001,0
358428000,0
358430001,0
358432001,0
358434001,0
358436001,0
358438000,0
358440000,0
358442000,0
358444000,0
358446000,0
358448001,0
358450001,0
358452001,0
358454000,0
358456001,0
358458001,0
358460000,0
358462000,0
358464000,0
358466001,0
358468001,0
358470001,0
358472000,0
358474000,0
358476000,0
358478001,0
358480000,0
358482000,0
358484000,0
358486000,0
358488000,0
358490000,0
358492000,0
358494000,0
358496000,0
358498001,0
358500001,0
358502001,0
358504001,0
358506001,0
358508000,0
358510001,0
358512001,0
358514000,0
358516000,0
358518000,0
358520000,0
358522001,0
358524000,0
358526000,0
358528000,0
358530000,0
358532000,0
358534000,0
358536000,0
358538000,0
358540000,0
358542000,0
358544000,0
358546000,0
358548000,0
358550001,0
358552001,0
358554001,0
358556001,0
358558000,0
358560000,0
358562000,0
358564000,0
358566000,0
358568000,0
358570000,0
358572000,0
358574000,0
358576000,0
358578000,0
358580001,0
358582000,0
358584001,0
358586001,0
358588001,0
358590000,0
358592001,0
358594000,0
358596000,0
358598000,0
358600000,0
358602000,0
358604000,0
358606000,0
358608000,0
358610000,0
358612000,0
358614001,0
358616001,0
358618001,0
358620001,0
358622000,0
358624001,0
358626001,0
358628001,0
358630001,0
358632001,0
358634000,0
358636000,0
358638000,0
358640000,0
358642000,0
358644000,0
358646000,0
358648000,0
358650000,0
358652000,0
358654000,0
358656000,0
358658000,0
358660001,0
358662000,0
358664001,0
358666001,0
358668000,0
358670000,0
358672000,0
358674000,0
358676000,0
358678000,0
358680000,0
358682000,0
358684000,0
358686000,0
358688000,0
358690000,0
358692000,0
358694000,0
358696000,0
358698000,0
358700001,0
358702001,0
358704000,0
358706001,0
358708001,0
358710000,0
358712000,0
358714001,0
358716001,0
358718001,0
358720001,0
358722001,0
358724001,0
358726000,0
358728000,0
358730000,0
358732000,0
358734000,0
358736000,0
358738000,0
358740000,0
358742000,0
358744000,0
358746000,0
358748000,0
358750000,0
358752000,0
358754000,0
358756000,0
358758000,0
358760001,0
358762000,0
358764000,0
358766000,0
358768000,0
358770000,0
358772000,0
358774000,0
358776000,0
358778000,0
358780000,0
358782000,0
358784000,0
358786000,0
358788001,0
358790001,0
358792000,0
358794001,0
358796001,0
358798001,0
358800001,0
358802001,0
358804000,0
358806000,0
358808000,0
358810000,0
358812001,0
358814000,0
358816000,0
358818000,0
358820001,0
358822000,0
358824000,0
358826001,0
358828001,0
358830001,0
358832000,0
358834000,0
358836000,0
358838001,0
358840001,0
358842001,0
358844000,0
358846000,0
358848000,0
358850000,0
358852000,0
358854000,0
358856000,0
358858000,0
358860000,0
358862000,0
358864000,0
358866001,0
358868001,0
358870001,0
358872001,0
358874000,0
358876000,0
358878000,0
358880000,0
358882000,0
358884000,0
358886000,0
358888001,0
358890001,0
358892001,0
358894000,0
358896000,0
358898000,0
358900000,0
358902000,0
358904000,0
358906000,0
358908001,0
358910001,0
358912001,0
358914001,0
358916001,0
358918001,0
358920001,0
358922001,0
358924000,0
358926001,0
358928000,0
358930001,0
358932001,0
358934001,0
358936000,0
358938001,0
358940001,0
358942001,0
358944001,0
358946001,0
358948001,0
358950001,0
358952001,0
358954001,0
358956001,0
358958001,0
358960000,0
358962000,0
358964000,0
358966000,0
358968000,0
358970000,0
358972000,0
358974000,0
358976001,0
358978001,0
358980000,0
358982000,0
358984000,0
358986001,0
358988001,0
358990000,0
358992000,0
358994001,0
358996001,0
358998001,0
359000000,0
359002001,0
359004001,0
359006001,0
359008001,0
359010001,0
359012001,0
359014001,0
359016001,0
359018001,0
359020000,0
359022000,0
359024001,0
359026000,0
359028000,0
359030001,0
359032001,0
359034001,0
359036000,0
359038000,0
359040000,0
359042000,0
359044000,0
359046001,0
359048000,0
359050001,0
359052000,0
359054000,0
359056000,0
359058000,0
359060001,0
359062001,0
359064001,0
359066000,0
359068000,0
359070000,0
359072000,0
359074000,0
359076000,0
359078000,0
359080000,0
359082000,0
359084000,0
359086000,0
359088000,0
359090000,0
359092000,0
359094001,0
359096001,0
359098000,0
359100001,0
359102001,0
359104001,0
359106001,0
359108001,0
359110001,0
359112000,0
359114000,0
359116000,0
359118001,0
359120000,0
359122000,0
359124000,0
359126000,0
359128000,0
359130000,0
359132000,0
359134000,0
359136000,0
359138000,0
359140000,0
359142000,0
359144000,0
359146000,0
359148000,0
359150000,0
359152000,0
359154000,0
359156000,0
359158000,0
359160000,0
359162001,0
359164001,0
359166000,0
359168000,0
359170000,0
359172001,0
359174001,0
359176001,0
359178001,0
359180001,0
359182001,0
359184001,0
359186000,0
359188000,0
359190000,0
359192000,0
359194000,0
359196000,0
359198000,0
359200000,0
359202000,0
359204000,0
359206000,0
359208000,0
359210000,0
359212001,0
359214001,0
359216001,0
359218000,0
359220001,0
359222001,0
359224001,0
359226001,0
359228001,0
359230001,0
359232000,0
359234000,0
359236000,0
359238001,0
359240000,0
359242000,0
359244000,0
359246000,0
359248001,0
359250001,0
359252001,0
359254001,0
359256001,0
359258000,0
359260000,0
359262000,0
359264000,0
359266000,0
359268001,0
359270000,0
359272000,0
359274000,0
359276000,0
359278000,0
359280001,0
359282001,0
359284000,0
359286000,0
359288000,0
359290000,0
359292000,0
359294001,0
359296001,0
359298000,0
359300000,0
359302000,0
359304000,0
359306001,0
359308000,0
359310001,0
359312000,0
359314000,0
359316000,0
359318000,0
359320000,0
359322000,0
359324000,0
359326000,0
359328000,0
359330000,0
359332000,0
359334000,0
359336000,0
359338000,0
359340001,0
359342000,0
359344001,0
359346000,0
359348000,0
359350000,0
359352000,0
359354001,0
359356001,0
359358000,0
359360000,0
359362000,0
359364001,0
359366000,0
359368001,0
359370000,0
359372001,0
359374000,0
359376001,0
359378000,0
359380001,0
359382000,0
359384000,0
359386000,0
359388000,0
359390000,0
359392000,0
359394000,0
359396000,0
359398000,0
359400000,0
359402001,0
359404001,0
359406001,0
359408001,0
359410001,0
359412000,0
359414000,0
359416000,0
359418000,0
359420000,0
359422000,0
359424000,0
359426000,0
359428000,0
359430000,0
359432000,0
359434000,0
359436000,0
359438000,0
359440000,0
359442000,0
359444000,0
359446000,0
359448000,0
359450000,0
359452000,0
359454000,0
359456001,0
359458001,0
359460000,0
359462000,0
359464000,0
359466001,0
359468001,0
359470000,0
359472000,0
359474000,0
359476001,0
359478001,0
359480001,0
359482000,0
359484000,0
359486000,0
359488000,0
359490000,0
359492000,0
359494000,0
359496000,0
359498000,0
359500000,0
359502001,0
359504000,0
359506000,0
359508001,0
359510001,0
359512001,0
359514001,0
359516001,0
359518001,0
359520001,0
359522001,0
359524001,0
359526001,0
359528001,0
359530001,0
359532001,0
359534000,0
359536000,0
359538000,0
359540000,0
359542000,0
359544000,0
359546001,0
359548000,0
359550000,0
359552000,0
359554000,0
359556000,0
359558001,0
359560000,0
359562000,0
359564000,0
359566001,0
359568001,0
359570001,0
359572001,0
359574001,0
359576000,0
359578000,0
359580001,0
359582001,0
359584001,0
359586001,0
359588000,0
359590000,0
359592000,0
359594001,0
359596000,0
359598001,0
359600001,0
359602001,0
359604001,0
359606001,0
359608001,0
359610001,0
359612000,0
359614000,0
359616000,0
359618000,0
359620000,0
359622000,0
359624000,0
359626000,0
359628000,0
359630000,0
359632000,0
359634000,0
359636000,0
359638000,0
359640001,0
359642001,0
359644000,0
359646000,0
359648000,0
359650000,0
359652000,0
359654000,0
359656000,0
359658000,0
359660000,0
359662000,0
359664001,0
359666000,0
359668001,0
359670001,0
359672000,0
359674001,0
359676001,0
359678001,0
359680000,0
359682000,0
359684000,0
359686000,0
359688000,0
359690000,0
359692000,0
359694000,0
359696000,0
359698000,0
359700000,0
359702000,0
359704000,0
359706000,0
359708000,0
359710000,0
359712001,0
359714000,0
359716000,0
359718001,0
359720001,0
359722001,0
359724000,0
359726001,0
359728001,0
359730000,0
359732000,0
359734000,0
359736000,0
359738000,0
359740000,0
359742000,0
359744000,0
359746000,0
359748000,0
359750000,0
359752000,0
359754000,0
359756000,0
359758000,0
359760001,0
359762001,0
359764000,0
359766000,0
359768000,0
359770000,0
359772000,0
359774000,0
359776000,0
359778000,0
359780000,0
359782001,0
359784001,0
359786001,0
359788001,0
359790001,0
359792000,0
359794000,0
359796000,0
359798001,0
359800001,0
359802001,0
359804000,0
359806001,0
359808000,0
359810001,0
359812001,0
359814001,0
359816001,0
359818001,0
359820001,0
359822000,0
359824000,0
359826001,0
359828000,0
359830001,0
359832001,0
359834001,0
359836001,0
359838000,0
359840000,0
359842000,0
359844000,0
359846000,0
359848000,0
359850000,0
359852000,0
359854000,0
359856001,0
359858001,0
359860000,0
359862000,0
359864000,0
359866000,0
359868000,0
359870000,0
359872000,0
359874000,0
359876000,0
359878000,0
359880001,0
359882000,0
359884000,0
359886000,0
359888000,0
359890000,0
359892000,0
359894000,0
359896000,0
359898000,0
359900000,0
359902000,0
359904000,0
359906000,0
359908000,0
359910001,0
359912001,0
359914000,0
359916000,0
359918000,0
359920000,0
359922000,0
359924000,0
359926000,0
359928000,0
359930000,0
359932000,0
359934000,0
359936000,0
359938000,0
359940000,0
359942000,0
359944000,0
359946000,0
359948000,0
359950000,0
359952000,0
359954001,0
359956001,0
359958000,0
359960000,0
359962000,0
359964000,0
359966000,0
359968000,0
359970000,0
359972000,0
359974000,0
359976000,0
359978001,0
359980001,0
359982000,0
359984000,0
359986000,0
359988000,0
359990000,0
359992001,0
359994001,0
359996001,0
359998001,0
360000001,0
360002000,0
360004000,0
360006001,0
360008001,0
360010001,0
360012001,0
360014000,0
360016000,0
360018000,0
360020000,0
360022000,0
360024000,0
360026000,0
360028000,0
360030000,0
360032001,0
360034001,0
360036000,0
360038000,0
360040001,0
360042001,0
360044001,0
360046000,0
360048001,0
360050000,0
360052000,0
360054000,0
360056000,0
360058000,0
360060000,0
360062000,0
360064000,0
360066000,0
360068000,0
360070000,0
360072000,0
360074000,0
360076000,0
360078000,0
360080000,0
360082000,0
360084000,0
360086000,0
360088000,0
360090000,0
360092000,0
360094001,0
360096001,0
360098001,0
360100000,0
360102001,0
360104000,0
360106001,0
360108000,0
360110000,0
360112000,0
360114000,0
360116000,0
360118000,0
360120001,0
360122000,0
360124000,0
360126000,0
360128000,0
360130000,0
360132000,0
360134000,0
360136001,0
360138000,0
360140001,0
360142001,0
360144000,0
360146000,0
360148000,0
360150000,0
360152000,0
360154000,0
360156000,0
360158000,0
360160000,0
360162000,0
360164001,0
360166001,0
360168001,0
360170001,0
360172001,0
360174001,0
360176001,0
360178001,0
360180000,0
360182000,0
360184001,0
360186001,0
360188001,0
360190001,0
360192000,0
360194001,0
360196001,0
360198001,0
360200001,0
360202000,0
360204001,0
360206000,0
360208000,0
360210000,0
360212000,0
360214000,0
360216000,0
360218000,0
360220000,0
360222000,0
360224000,0
360226000,0
360228000,0
360230000,0
360232000,0
360234000,0
360236000,0
360238000,0
360240000,0
360242000,0
360244000,0
360246000,0
360248001,0
360250000,0
360252000,0
360254000,0
360256000,0
360258000,0
360260000,0
360262000,0
360264000,0
360266000,0
360268000,0
360270001,0
360272000,0
360274000,0
360276000,0
360278000,0
360280000,0
360282000,0
360284000,0
360286000,0
360288000,0
360290000,0
360292000,0
360294000,0
360296000,0
360298001,0
360300001,0
360302000,0
360304000,0
360306000,0
360308001,0
360310001,0
360312001,0
360314000,0
360316001,0
360318001,0
360320001,0
360322001,0
360324000,0
360326000,0
360328000,0
360330001,0
360332001,0
360334001,0
360336000,0
360338000,0
360340000,0
360342001,0
360344001,0
360346001,0
360348001,0
360350001,0
360352001,0
360354001,0
360356000,0
360358001,0
360360001,0
360362001,0
360364001,0
360366001,0
360368000,0
360370000,0
360372001,0
360374000,0
360376000,0
360378000,0
360380000,0
360382000,0
360384000,0
360386001,0
360388000,0
360390001,0
360392001,0
360394000,0
360396000,0
360398001,0
360400001,0
360402000,0
360404000,0
360406001,0
360408001,0
360410001,0
360412001,0
360414001,0
360416001,0
360418001,0
360420001,0
360422001,0
360424001,0
360426001,0
360428000,0
360430001,0
360432001,0
360434001,0
360436000,0
360438000,0
360440000,0
360442000,0
360444001,0
360446000,0
360448000,0
360450000,0
360452000,0
360454000,0
360456000,0
360458000,0
360460001,0
360462001,0
360464001,0
360466001,0
360468001,0
360470000,0
360472000,0
360474001,0
360476000,0
360478000,0
360480001,0
360482000,0
360484000,0
360486000,0
360488000,0
360490000,0
360492000,0
360494000,0
360496000,0
360498000,0
360500000,0
360502000,0
360504000,0
360506000,0
360508000,0
360510000,0
360512000,0
360514000,0
360516000,0
360518000,0
360520001,0
360522001,0
360524000,0
360526000,0
360528001,0
360530001,0
360532000,0
360534001,0
360536000,0
360538001,0
360540001,0
360542001,0
360544001,0
360546001,0
360548000,0
360550000,0
360552000,0
360554000,0
360556000,0
360558000,0
360560000,0
360562000,0
360564001,0
360566001,0
360568001,0
360570000,0
360572000,0
360574000,0
360576000,0
360578000,0
360580000,0
360582001,0
360584001,0
360586001,0
360588000,0
360590001,0
360592000,0
360594000,0
360596000,0
360598000,0
360600001,0
360602001,0
360604001,0
360606001,0
360608000,0
360610000,0
360612000,0
360614000,0
360616000,0
360618000,0
360620000,0
360622000,0
360624000,0
360626000,0
360628000,0
360630000,0
360632000,0
360634000,0
360636000,0
360638000,0
360640000,0
360642000,0
360644000,0
360646000,0
360648000,0
360650000,0
360652000,0
360654001,0
360656001,0
360658001,0
360660001,0
360662000,0
360664001,0
360666001,0
360668001,0
360670001,0
360672001,0
360674001,0
360676001,0
360678001,0
360680001,0
360682001,0
360684001,0
360686001,0
360688001,0
360690000,0
360692000,0
360694000,0
360696000,0
360698000,0
360700000,0
360702000,0
360704000,0
360706000,0
360708000,0
360710000,0
360712000,0
360714000,0
360716000,0
360718000,0
360720000,0
360722000,0
360724000,0
360726000,0
360728000,0
360730000,0
360732000,0
360734000,0
360736000,0
360738000,0
360740000,0
360742000,0
360744001,0
360746001,0
360748000,0
360750000,0
360752000,0
360754000,0
360756000,0
360758000,0
360760000,0
360762000,0
360764000,0
360766000,0
360768000,0
360770000,0
360772001,0
360774001,0
360776000,0
360778000,0
360780000,0
360782000,0
360784000,0
360786000,0
360788000,0
360790000,0
360792000,0
360794000,0
360796000,0
360798000,0
360800000,0
360802000,0
360804000,0
360806000,0
360808000,0
360810000,0
360812000,0
360814000,0
360816000,0
360818000,0
360820000,0
360822001,0
360824001,0
360826000,0
360828000,0
360830000,0
360832000,0
360834000,0
360836001,0
360838001,0
360840001,0
360842001,0
360844001,0
360846000,0
360848000,0
360850001,0
360852001,0
360854001,0
360856001,0
360858001,0
360860000,0
360862000,0
360864000,0
360866000,0
360868000,0
360870000,0
360872000,0
360874000,0
360876000,0
360878000,0
360880001,0
360882001,0
360884001,0
360886001,0
360888001,0
360890000,0
360892000,0
360894000,0
360896000,0
360898000,0
360900000,0
360902000,0
360904000,0
360906000,0
360908000,0
360910000,0
360912000,0
360914000,0
360916000,0
360918000,0
360920001,0
360922001,0
360924000,0
360926001,0
360928001,0
360930000,0
360932000,0
360934000,0
360936000,0
360938000,0
360940000,0
360942000,0
360944000,0
360946000,0
360948000,0
360950000,0
360952000,0
360954000,0
360956000,0
360958000,0
360960000,0
360962000,0
360964001,0
360966001,0
360968000,0
360970001,0
360972001,0
360974001,0
360976001,0
360978001,0
360980000,0
360982000,0
360984000,0
360986001,0
360988000,0
360990001,0
360992000,0
360994000,0
360996000,0
360998000,0
361000000,0
361002000,0
361004000,0
361006000,0
361008000,0
361010000,0
361012000,0
361014000,0
361016000,0
361018000,0
361020000,0
361022000,0
361024001,0
361026000,0
361028000,0
361030000,0
361032001,0
361034000,0
361036000,0
361038001,0
361040001,0
361042000,0
361044000,0
361046000,0
361048000,0
361050000,0
361052000,0
361054000,0
361056000,0
361058000,0
361060000,0
361062000,0
361064000,0
361066000,0
361068000,0
361070000,0
361072000,0
361074000,0
361076000,0
361078000,0
361080000,0
361082000,0
361084000,0
361086000,0
361088001,0
361090000,0
361092000,0
361094001,0
361096001,0
361098001,0
361100000,0
361102000,0
361104000,0
361106000,0
361108000,0
361110000,0
361112000,0
361114000,0
361116000,0
361118000,0
361120000,0
361122000,0
361124000,0
361126000,0
361128000,0
361130000,0
361132000,0
361134000,0
361136000,0
361138000,0
361140000,0
361142000,0
361144000,0
361146000,0
361148000,0
361150001,0
361152001,0
361154001,0
361156001,0
361158001,0
361160001,0
361162001,0
361164001,0
361166001,0
361168001,0
361170000,0
361172001,0
361174001,0
361176001,0
361178001,0
361180001,0
361182000,0
361184000,0
361186001,0
361188000,0
361190000,0
361192000,0
361194000,0
361196000,0
361198000,0
361200000,0
361202000,0
361204000,0
361206000,0
361208000,0
361210000,0
361212000,0
361214000,0
361216000,0
361218001,0
361220000,0
361222001,0
361224001,0
361226000,0
361228001,0
361230001,0
361232001,0
361234001,0
361236001,0
361238000,0
361240001,0
361242001,0
361244000,0
361246001,0
361248001,0
361250001,0
361252001,0
361254000,0
361256001,0
361258000,0
361260000,0
361262000,0
361264000,0
361266000,0
361268000,0
361270000,0
361272000,0
361274000,0
361276000,0
361278000,0
361280000,0
361282000,0
361284000,0
361286000,0
361288000,0
361290000,0
361292000,0
361294000,0
361296000,0
361298000,0
361300000,0
361302000,0
361304000,0
361306000,0
361308000,0
361310000,0
361312000,0
361314000,0
361316000,0
361318000,0
361320000,0
361322001,0
361324000,0
361326000,0
361328000,0
361330000,0
361332000,0
361334000,0
361336000,0
361338001,0
361340001,0
361342001,0
361344001,0
361346001,0
361348000,0
361350001,0
361352001,0
361354001,0
361356001,0
361358001,0
361360000,0
361362001,0
361364001,0
361366001,0
361368001,0
361370001,0
361372001,0
361374001,0
361376001,0
361378000,0
361380000,0
361382000,0
361384000,0
361386000,0
361388000,0
361390000,0
361392000,0
361394000,0
361396000,0
361398000,0
361400000,0
361402000,0
361404000,0
361406000,0
361408000,0
361410001,0
361412000,0
361414001,0
361416000,0
361418001,0
361420001,0
361422001,0
361424001,0
361426000,0
361428000,0
361430000,0
361432000,0
361434001,0
361436001,0
361438001,0
361440000,0
361442000,0
361444000,0
361446000,0
361448000,0
361450000,0
361452000,0
361454000,0
361456001,0
361458000,0
361460000,0
361462000,0
361464000,0
361466000,0
361468000,0
361470000,0
361472001,0
361474001,0
361476001,0
361478001,0
361480000,0
361482000,0
361484001,0
361486000,0
361488000,0
361490000,0
361492000,0
361494000,0
361496000,0
361498000,0
361500001,0
361502000,0
361504000,0
361506001,0
361508001,0
361510001,0
361512001,0
361514000,0
361516000,0
361518000,0
361520000,0
361522000,0
361524000,0
361526000,0
361528000,0
361530000,0
361532000,0
361534000,0
361536000,0
361538000,0
361540000,0
361542000,0
361544000,0
361546000,0
361548000,0
361550000,0
361552000,0
361554000,0
361556000,0
361558000,0
361560000,0
361562000,0
361564000,0
361566000,0
361568000,0
361570000,0
361572000,0
361574000,0
361576000,0
361578000,0
361580000,0
361582000,0
361584000,0
361586000,0
361588000,0
361590000,0
361592000,0
361594000,0
361596000,0
361598001,0
361600001,0
361602001,0
361604001,0
361606000,0
361608000,0
361610001,0
361612001,0
361614001,0
361616000,0
361618000,0
361620001,0
361622001,0
361624001,0
361626000,0
361628000,0
361630000,0
361632000,0
361634000,0
361636000,0
361638000,0
361640000,0
361642001,0
361644001,0
361646001,0
361648001,0
361650001,0
361652000,0
361654000,0
361656000,0
361658001,0
361660001,0
361662000,0
361664000,0
361666000,0
361668000,0
361670000,0
361672000,0
361674001,0
361676001,0
361678000,0
361680000,0
361682000,0
361684001,0
361686001,0
361688001,0
361690000,0
361692001,0
361694001,0
361696001,0
361698001,0
361700001,0
361702000,0
361704000,0
361706000,0
361708000,0
361710000,0
361712000,0
361714000,0
361716001,0
361718001,0
361720001,0
361722001,0
361724001,0
361726001,0
361728001,0
361730000,0
361732000,0
361734000,0
361736000,0
361738000,0
361740001,0
361742001,0
361744000,0
361746001,0
361748000,0
361750000,0
361752000,0
361754000,0
361756000,0
361758000,0
361760000,0
361762000,0
361764000,0
361766000,0
361768001,0
361770001,0
361772000,0
361774000,0
361776000,0
361778001,0
361780000,0
361782000,0
361784000,0
361786001,0
361788001,0
361790001,0
361792001,0
361794001,0
361796001,0
361798001,0
361800001,0
361802001,0
361804000,0
361806000,0
361808000,0
361810000,0
361812000,0
361814000,0
361816000,0
361818000,0
361820000,0
361822000,0
361824000,0
361826000,0
361828000,0
361830000,0
361832000,0
361834000,0
361836000,0
361838000,0
361840000,0
361842000,0
361844000,0
361846000,0
361848000,0
361850000,0
361852000,0
361854000,0
361856000,0
361858000,0
361860000,0
361862000,0
361864000,0
361866000,0
361868000,0
361870000,0
361872000,0
361874000,0
361876000,0
361878000,0
361880000,0
361882000,0
361884000,0
361886000,0
361888000,0
361890000,0
361892000,0
361894000,0
361896000,0
361898001,0
361900001,0
361902001,0
361904001,0
361906001,0
361908000,0
361910001,0
361912000,0
361914000,0
361916000,0
361918000,0
361920000,0
361922000,0
361924000,0
361926001,0
361928001,0
361930001,0
361932001,0
361934001,0
361936000,0
361938000,0
361940001,0
361942001,0
361944001,0
361946000,0
361948001,0
361950001,0
361952000,0
361954001,0
361956001,0
361958001,0
361960000,0
361962001,0
361964001,0
361966000,0
361968000,0
361970000,0
361972001,0
361974001,0
361976001,0
361978000,0
361980001,0
361982000,0
361984001,0
361986000,0
361988000,0
361990000,0
361992000,0
361994000,0
361996000,0
361998000,0
362000000,0
362002000,0
362004000,0
362006001,0
362008001,0
362010000,0
362012000,0
362014001,0
362016000,0
362018000,0
362020001,0
362022001,0
362024000,0
362026000,0
362028000,0
362030000,0
362032000,0
362034000,0
362036000,0
362038000,0
362040000,0
362042000,0
362044000,0
362046001,0
362048001,0
362050001,0
362052000,0
362054000,0
362056000,0
362058000,0
362060000,0
362062000,0
362064000,0
362066000,0
362068000,0
362070000,0
362072000,0
362074000,0
362076000,0
362078000,0
362080000,0
362082000,0
362084000,0
362086001,0
362088001,0
362090000,0
362092000,0
362094000,0
362096000,0
362098001,0
362100001,0
362102001,0
362104001,0
362106000,0
362108000,0
362110000,0
362112000,0
362114001,0
362116000,0
362118000,0
362120000,0
362122000,0
362124000,0
362126000,0
362128000,0
362130000,0
362132000,0
362134000,0
362136000,0
362138000,0
362140001,0
362142001,0
362144001,0
362146000,0
362148000,0
362150000,0
362152000,0
362154000,0
362156000,0
362158000,0
362160000,0
362162000,0
362164000,0
362166000,0
362168000,0
362170000,0
362172000,0
362174000,0
362176000,0
362178000,0
362180000,0
362182000,0
362184000,0
362186000,0
362188000,0
362190000,0
362192000,0
362194000,0
362196000,0
362198000,0
362200000,0
362202000,0
362204001,0
362206000,0
362208000,0
362210001,0
362212000,0
362214000,0
362216000,0
362218000,0
362220000,0
362222001,0
362224001,0
362226001,0
362228000,0
362230001,0
362232001,0
362234000,0
362236000,0
362238000,0
362240000,0
362242000,0
362244000,0
362246000,0
362248000,0
362250000,0
362252000,0
362254000,0
362256000,0
362258000,0
362260000,0
362262000,0
362264000,0
362266000,0
362268000,0
362270000,0
362272000,0
362274000,0
362276000,0
362278000,0
362280001,0
362282001,0
362284000,0
362286000,0
362288000,0
362290000,0
362292000,0
362294001,0
362296000,0
362298000,0
362300000,0
362302001,0
362304001,0
362306001,0
362308000,0
362310001,0
362312000,0
362314000,0
362316000,0
362318001,0
362320000,0
362322000,0
362324000,0
362326000,0
362328000,0
362330000,0
362332000,0
362334000,0
362336000,0
362338000,0
362340000,0
362342000,0
362344000,0
362346000,0
362348000,0
362350001,0
362352001,0
362354001,0
362356001,0
362358000,0
362360000,0
362362000,0
362364000,0
362366001,0
362368000,0
362370000,0
362372000,0
362374000,0
362376000,0
362378000,0
362380000,0
362382000,0
362384000,0
362386000,0
362388000,0
362390000,0
362392000,0
362394000,0
362396000,0
362398000,0
362400001,0
362402001,0
362404001,0
362406000,0
362408000,0
362410000,0
362412000,0
362414000,0
362416000,0
362418000,0
362420000,0
362422000,0
362424000,0
362426000,0
362428000,0
362430000,0
362432000,0
362434001,0
362436000,0
362438000,0
362440000,0
362442000,0
362444000,0
362446001,0
362448000,0
362450000,0
362452000,0
362454000,0
362456000,0
362458001,0
362460000,0
362462000,0
362464000,0
362466000,0
362468001,0
362470001,0
362472001,0
362474001,0
362476001,0
362478000,0
362480000,0
362482001,0
362484001,0
362486001,0
362488000,0
362490001,0
362492001,0
362494000,0
362496001,0
362498001,0
362500001,0
362502001,0
362504000,0
362506001,0
362508000,0
362510001,0
362512001,0
362514001,0
362516001,0
362518000,0
362520000,0
362522000,0
362524000,0
362526001,0
362528000,0
362530000,0
362532000,0
362534000,0
362536000,0
362538000,0
362540000,0
362542000,0
362544000,0
362546000,0
362548000,0
362550000,0
362552000,0
362554000,0
362556000,0
362558000,0
362560000,0
362562000,0
362564001,0
362566001,0
362568001,0
362570000,0
362572001,0
362574000,0
362576001,0
362578000,0
362580000,0
362582001,0
362584000,0
362586000,0
362588001,0
362590000,0
362592001,0
362594001,0
362596001,0
362598000,0
362600000,0
362602001,0
362604001,0
362606000,0
362608000,0
362610001,0
362612000,0
362614001,0
362616001,0
362618001,0
362620000,0
362622001,0
362624000,0
362626001,0
362628001,0
362630001,0
362632001,0
362634000,0
362636000,0
362638001,0
362640001,0
362642000,0
362644001,0
362646000,0
362648001,0
362650001,0
362652001,0
362654000,0
362656000,0
362658000,0
362660000,0
362662001,0
362664001,0
362666001,0
362668000,0
362670000,0
362672000,0
362674001,0
362676000,0
362678000,0
362680000,0
362682000,0
362684000,0
362686000,0
362688000,0
362690000,0
362692000,0
362694000,0
362696001,0
362698001,0
362700001,0
362702001,0
362704001,0
362706001,0
362708000,0
362710001,0
362712001,0
362714000,0
362716000,0
362718000,0
362720000,0
362722000,0
362724000,0
362726000,0
362728000,0
362730001,0
362732000,0
362734000,0
362736001,0
362738001,0
362740000,0
362742000,0
362744000,0
362746000,0
362748000,0
362750000,0
362752001,0
362754001,0
362756000,0
362758000,0
362760000,0
362762000,0
362764000,0
362766000,0
362768000,0
362770000,0
362772000,0
362774000,0
362776000,0
362778000,0
362780000,0
362782000,0
362784001,0
362786001,0
362788001,0
362790000,0
362792000,0
362794000,0
362796000,0
362798000,0
362800000,0
362802000,0
362804000,0
362806000,0
362808000,0
362810000,0
362812000,0
362814000,0
362816000,0
362818000,0
362820000,0
362822000,0
362824000,0
362826000,0
362828001,0
362830000,0
362832000,0
362834000,0
362836000,0
362838000,0
362840000,0
362842000,0
362844000,0
362846000,0
362848000,0
362850000,0
362852000,0
362854000,0
362856000,0
362858000,0
362860000,0
362862000,0
362864000,0
362866000,0
362868001,0
362870000,0
362872000,0
362874000,0
362876000,0
362878000,0
362880001,0
362882001,0
362884000,0
362886000,0
362888000,0
362890000,0
362892000,0
362894000,0
362896000,0
362898000,0
362900000,0
362902000,0
362904000,0
362906000,0
362908000,0
362910000,0
362912000,0
362914000,0
362916000,0
362918000,0
362920000,0
362922000,0
362924000,0
362926000,0
362928000,0
362930001,0
362932000,0
362934000,0
362936000,0
362938000,0
362940001,0
362942001,0
362944001,0
362946001,0
362948000,0
362950000,0
362952000,0
362954000,0
362956000,0
362958001,0
362960000,0
362962000,0
362964000,0
362966000,0
362968001,0
362970001,0
362972001,0
362974001,0
362976001,0
362978001,0
362980000,0
362982000,0
362984000,0
362986000,0
362988000,0
362990000,0
362992000,0
362994000,0
362996000,0
362998000,0
363000000,0
363002000,0
363004001,0
363006001,0
363008001,0
363010001,0
363012000,0
363014000,0
363016001,0
363018001,0
363020000,0
363022000,0
363024000,0
363026000,0
363028000,0
363030000,0
363032000,0
363034000,0
363036000,0
363038000,0
363040000,0
363042000,0
363044000,0
363046001,0
363048001,0
363050001,0
363052001,0
363054001,0
363056001,0
363058000,0
363060000,0
363062000,0
363064000,0
363066000,0
363068000,0
363070000,0
363072000,0
363074000,0
363076000,0
363078000,0
363080000,0
363082000,0
363084000,0
363086000,0
363088000,0
363090000,0
363092000,0
363094001,0
363096000,0
363098001,0
363100001,0
363102001,0
363104001,0
363106001,0
363108000,0
363110000,0
363112000,0
363114000,0
363116000,0
363118001,0
363120000,0
363122001,0
363124001,0
363126001,0
363128001,0
363130000,0
363132000,0
363134000,0
363136000,0
363138000,0
363140000,0
363142000,0
363144000,0
363146000,0
363148000,0
363150000,0
363152000,0
363154000,0
363156001,0
363158001,0
363160000,0
363162001,0
363164000,0
363166001,0
363168001,0
363170000,0
363172000,0
363174001,0
363176000,0
363178000,0
363180000,0
363182000,0
363184000,0
363186000,0
363188000,0
363190000,0
363192000,0
363194000,0
363196000,0
363198000,0
363200000,0
363202000,0
363204000,0
363206001,0
363208001,0
363210000,0
363212000,0
363214000,0
363216000,0
363218000,0
363220001,0
363222001,0
363224000,0
363226000,0
363228000,0
363230001,0
363232000,0
363234000,0
363236000,0
363238000,0
363240001,0
363242001,0
363244001,0
363246001,0
363248001,0
363250001,0
363252000,0
363254000,0
363256000,0
363258000,0
363260000,0
363262000,0
363264000,0
363266000,0
363268000,0
363270000,0
363272000,0
363274001,0
363276000,0
363278000,0
363280000,0
363282000,0
363284000,0
363286001,0
363288000,0
363290001,0
363292001,0
363294001,0
363296000,0
363298000,0
363300000,0
363302000,0
363304000,0
363306000,0
363308000,0
363310000,0
363312001,0
363314000,0
363316001,0
363318000,0
363320001,0
363322001,0
363324000,0
363326000,0
363328000,0
363330000,0
363332000,0
363334000,0
363336001,0
363338001,0
363340001,0
363342000,0
363344000,0
363346001,0
363348000,0
363350001,0
363352000,0
363354000,0
363356001,0
363358001,0
363360000,0
363362001,0
363364000,0
363366000,0
363368000,0
363370000,0
363372000,0
363374000,0
363376000,0
363378001,0
363380001,0
363382000,0
363384001,0
363386001,0
363388001,0
363390001,0
363392001,0
363394000,0
363396000,0
363398000,0
363400000,0
363402000,0
363404001,0
363406000,0
363408001,0
363410000,0
363412001,0
363414001,0
363416000,0
363418000,0
363420000,0
363422000,0
363424000,0
363426000,0
363428001,0
363430000,0
363432000,0
363434000,0
363436000,0
363438000,0
363440000,0
363442000,0
363444000,0
363446000,0
363448000,0
363450000,0
363452001,0
363454001,0
363456000,0
363458000,0
363460000,0
363462000,0
363464000,0
363466001,0
363468001,0
363470000,0
363472000,0
363474001,0
363476001,0
363478001,0
363480001,0
363482001,0
363484001,0
363486000,0
363488000,0
363490000,0
363492000,0
363494000,0
363496000,0
363498000,0
363500000,0
363502000,0
363504000,0
363506000,0
363508000,0
363510000,0
363512000,0
363514000,0
363516000,0
363518000,0
363520000,0
363522000,0
363524000,0
363526000,0
363528001,0
363530001,0
363532001,0
363534000,0
363536001,0
363538001,0
363540000,0
363542001,0
363544000,0
363546000,0
363548000,0
363550000,0
363552000,0
363554000,0
363556000,0
363558000,0
363560000,0
363562000,0
363564000,0
363566000,0
363568000,0
363570001,0
363572000,0
363574000,0
363576000,0
363578000,0
363580000,0
363582000,0
363584000,0
363586000,0
363588000,0
363590000,0
363592000,0
363594001,0
363596001,0
363598000,0
363600000,0
363602000,0
363604001,0
363606000,0
363608000,0
363610001,0
363612001,0
363614000,0
363616000,0
363618000,0
363620000,0
363622000,0
363624000,0
363626000,0
363628000,0
363630000,0
363632000,0
363634000,0
363636000,0
363638000,0
363640000,0
363642000,0
363644000,0
363646001,0
363648001,0
363650001,0
363652000,0
363654000,0
363656000,0
363658000,0
363660000,0
363662000,0
363664000,0
363666000,0
363668000,0
363670000,0
363672000,0
363674000,0
363676000,0
363678000,0
363680000,0
363682000,0
363684000,0
363686000,0
363688000,0
363690000,0
363692000,0
363694000,0
363696000,0
363698000,0
363700000,0
363702000,0
363704000,0
363706001,0
363708001,0
363710001,0
363712001,0
363714001,0
363716001,0
363718000,0
363720001,0
363722000,0
363724000,0
363726000,0
363728000,0
363730000,0
363732000,0
363734000,0
363736001,0
363738000,0
363740000,0
363742000,0
363744000,0
363746000,0
363748000,0
363750000,0
363752001,0
363754001,0
363756001,0
363758001,0
363760001,0
363762001,0
363764001,0
363766001,0
363768001,0
363770000,0
363772000,0
363774000,0
363776000,0
363778000,0
363780000,0
363782001,0
363784001,0
363786001,0
363788001,0
363790000,0
363792000,0
363794000,0
363796000,0
363798000,0
363800000,0
363802001,0
363804001,0
363806001,0
363808000,0
363810000,0
363812000,0
363814001,0
363816001,0
363818001,0
363820000,0
363822001,0
363824001,0
363826001,0
363828001,0
363830001,0
363832000,0
363834001,0
363836001,0
363838001,0
363840001,0
363842000,0
363844000,0
363846001,0
363848000,0
363850000,0
363852000,0
363854001,0
363856001,0
363858000,0
363860001,0
363862001,0
363864000,0
363866000,0
363868000,0
363870000,0
363872000,0
363874000,0
363876000,0
363878000,0
363880000,0
363882000,0
363884001,0
363886000,0
363888001,0
363890001,0
363892001,0
363894001,0
363896000,0
363898000,0
363900001,0
363902000,0
363904000,0
363906000,0
363908000,0
363910000,0
363912000,0
363914000,0
363916001,0
363918001,0
363920001,0
363922000,0
363924000,0
363926000,0
363928000,0
363930000,0
363932000,0
363934001,0
363936001,0
363938001,0
363940001,0
363942000,0
363944000,0
363946000,0
363948000,0
363950000,0
363952001,0
363954000,0
363956001,0
363958001,0
363960001,0
363962001,0
363964001,0
363966001,0
363968000,0
363970001,0
363972001,0
363974001,0
363976000,0
363978000,0
363980001,0
363982001,0
363984001,0
363986001,0
363988000,0
363990000,0
363992000,0
363994001,0
363996001,0
363998000,0
364000000,0
364002001,0
364004000,0
364006001,0
364008001,0
364010001,0
364012000,0
364014000,0
364016000,0
364018000,0
364020000,0
364022000,0
364024000,0
364026000,0
364028000,0
364030001,0
364032000,0
364034001,0
364036001,0
364038001,0
364040001,0
364042001,0
364044000,0
364046000,0
364048000,0
364050000,0
364052000,0
364054000,0
364056000,0
364058000,0
364060000,0
364062000,0
364064000,0
364066001,0
364068000,0
364070000,0
364072000,0
364074000,0
364076000,0
364078000,0
364080000,0
364082000,0
364084000,0
364086001,0
364088001,0
364090000,0
364092000,0
364094000,0
364096000,0
364098000,0
364100000,0
364102000,0
364104001,0
364106001,0
364108000,0
364110001,0
364112001,0
364114001,0
364116000,0
364118000,0
364120000,0
364122000,0
364124001,0
364126000,0
364128001,0
364130000,0
364132000,0
364134001,0
364136001,0
364138001,0
364140001,0
364142001,0
364144000,0
364146000,0
364148000,0
364150001,0
364152001,0
364154000,0
364156001,0
364158000,0
364160000,0
364162001,0
364164001,0
364166001,0
364168000,0
364170000,0
364172000,0
364174000,0
364176000,0
364178000,0
364180000,0
364182000,0
364184001,0
364186001,0
364188000,0
364190000,0
364192000,0
364194001,0
364196001,0
364198001,0
364200000,0
364202000,0
364204001,0
364206000,0
364208000,0
364210000,0
364212000,0
364214000,0
364216000,0
364218000,0
364220000,0
364222000,0
364224000,0
364226000,0
364228000,0
364230000,0
364232000,0
364234000,0
364236000,0
364238000,0
364240000,0
364242000,0
364244000,0
364246000,0
364248000,0
364250001,0
364252001,0
364254000,0
364256000,0
364258000,0
364260000,0
364262001,0
364264001,0
364266001,0
364268001,0
364270001,0
364272001,0
364274001,0
364276001,0
364278001,0
364280001,0
364282001,0
364284000,0
364286000,0
364288000,0
364290000,0
364292000,0
364294000,0
364296000,0
364298000,0
364300001,0
364302001,0
364304000,0
364306000,0
364308000,0
364310000,0
364312000,0
364314000,0
364316000,0
364318000,0
364320000,0
364322001,0
364324001,0
364326001,0
364328001,0
364330000,0
364332000,0
364334000,0
364336000,0
364338000,0
364340000,0
364342000,0
364344000,0
364346000,0
364348000,0
364350000,0
364352001,0
364354001,0
364356001,0
364358001,0
364360001,0
364362000,0
364364000,0
364366000,0
364368000,0
364370000,0
364372000,0
364374000,0
364376000,0
364378000,0
364380000,0
364382000,0
364384000,0
364386000,0
364388000,0
364390001,0
364392001,0
364394000,0
364396001,0
364398000,0
364400000,0
364402000,0
364404000,0
364406000,0
364408000,0
364410000,0
364412000,0
364414000,0
364416001,0
364418000,0
364420001,0
364422001,0
364424001,0
364426001,0
364428001,0
364430000,0
364432000,0
364434000,0
364436000,0
364438000,0
364440000,0
364442000,0
364444000,0
364446000,0
364448000,0
364450000,0
364452000,0
364454000,0
364456000,0
364458000,0
364460000,0
364462000,0
364464000,0
364466000,0
364468000,0
364470000,0
364472000,0
364474000,0
364476000,0
364478000,0
364480000,0
364482000,0
364484000,0
364486000,0
364488000,0
364490000,0
364492000,0
364494000,0
364496000,0
364498000,0
364500000,0
364502000,0
364504000,0
364506000,0
364508000,0
364510000,0
364512000,0
364514000,0
364516000,0
364518000,0
364520000,0
364522001,0
364524000,0
364526001,0
364528001,0
364530000,0
364532000,0
364534000,0
364536000,0
364538000,0
364540000,0
364542000,0
364544000,0
364546000,0
364548000,0
364550000,0
364552000,0
364554000,0
364556000,0
364558000,0
364560000,0
364562001,0
364564001,0
364566001,0
364568000,0
364570000,0
364572000,0
364574000,0
364576000,0
364578000,0
364580000,0
364582000,0
364584000,0
364586000,0
364588000,0
364590000,0
364592000,0
364594000,0
364596000,0
364598000,0
364600000,0
364602000,0
364604000,0
364606000,0
364608000,0
364610000,0
364612000,0
364614000,0
364616000,0
364618000,0
364620001,0
364622001,0
364624001,0
364626001,0
364628001,0
364630000,0
364632001,0
364634001,0
364636001,0
364638000,0
364640000,0
364642000,0
364644000,0
364646001,0
364648001,0
364650001,0
364652000,0
364654001,0
364656001,0
364658001,0
364660001,0
364662001,0
364664001,0
364666001,0
364668001,0
364670001,0
364672000,0
364674001,0
364676001,0
364678000,0
364680000,0
364682000,0
364684000,0
364686000,0
364688001,0
364690001,0
364692000,0
364694000,0
364696000,0
364698000,0
364700000,0
364702000,0
364704000,0
364706000,0
364708001,0
364710000,0
364712000,0
364714001,0
364716001,0
364718001,0
364720001,0
364722000,0
364724001,0
364726000,0
364728001,0
364730000,0
364732000,0
364734000,0
364736000,0
364738000,0
364740000,0
364742001,0
364744001,0
364746001,0
364748001,0
364750001,0
364752001,0
364754001,0
364756001,0
364758001,0
364760000,0
364762000,0
364764001,0
364766001,0
364768001,0
364770001,0
364772001,0
364774001,0
364776001,0
364778000,0
364780001,0
364782001,0
364784000,0
364786000,0
364788000,0
364790000,0
364792000,0
364794000,0
364796000,0
364798000,0
364800001,0
364802001,0
364804001,0
364806001,0
364808000,0
364810000,0
364812000,0
364814000,0
364816001,0
364818001,0
364820001,0
364822001,0
364824001,0
364826001,0
364828000,0
364830000,0
364832000,0
364834000,0
364836000,0
364838000,0
364840000,0
364842000,0
364844000,0
364846000,0
364848000,0
364850000,0
364852000,0
364854000,0
364856000,0
364858000,0
364860000,0
364862000,0
364864000,0
364866000,0
364868000,0
364870000,0
364872000,0
364874000,0
364876001,0
364878001,0
364880001,0
364882000,0
364884000,0
364886000,0
364888001,0
364890001,0
364892000,0
364894000,0
364896001,0
364898000,0
364900000,0
364902000,0
364904000,0
364906000,0
364908000,0
364910000,0
364912001,0
364914001,0
364916000,0
364918000,0
364920000,0
364922000,0
364924000,0
364926000,0
364928000,0
364930000,0
364932000,0
364934000,0
364936000,0
364938001,0
364940000,0
364942000,0
364944000,0
364946001,0
364948000,0
364950001,0
364952001,0
364954001,0
364956000,0
364958000,0
364960000,0
364962000,0
364964001,0
364966001,0
364968001,0
364970001,0
364972001,0
364974000,0
364976000,0
364978000,0
364980000,0
364982000,0
364984000,0
364986000,0
364988000,0
364990000,0
364992000,0
364994000,0
364996000,0
364998000,0
365000000,0
365002000,0
365004000,0
365006000,0
365008000,0
365010000,0
365012000,0
365014000,0
365016000,0
365018000,0
365020000,0
365022000,0
365024001,0
365026001,0
365028000,0
365030000,0
365032000,0
365034000,0
365036000,0
365038000,0
365040000,0
365042000,0
365044000,0
365046000,0
365048001,0
365050000,0
365052000,0
365054000,0
365056000,0
365058000,0
365060000,0
365062001,0
365064000,0
365066000,0
365068000,0
365070000,0
365072000,0
365074000,0
365076000,0
365078000,0
365080001,0
365082001,0
365084001,0
365086001,0
365088000,0
365090001,0
365092000,0
365094000,0
365096000,0
365098001,0
365100001,0
365102001,0
365104000,0
365106001,0
365108000,0
365110001,0
365112001,0
365114001,0
365116001,0
365118001,0
365120000,0
365122000,0
365124000,0
365126000,0
365128000,0
365130000,0
365132000,0
365134000,0
365136000,0
365138000,0
365140000,0
365142001,0
365144000,0
365146000,0
365148000,0
365150000,0
365152000,0
365154001,0
365156000,0
365158000,0
365160000,0
365162000,0
365164000,0
365166000,0
365168000,0
365170000,0
365172000,0
365174000,0
365176000,0
365178000,0
365180000,0
365182000,0
365184000,0
365186000,0
365188000,0
365190000,0
365192000,0
365194000,0
365196000,0
365198000,0
365200000,0
365202000,0
365204000,0
365206000,0
365208000,0
365210000,0
365212001,0
365214000,0
365216000,0
365218000,0
365220000,0
365222000,0
365224000,0
365226000,0
365228000,0
365230000,0
365232000,0
365234000,0
365236000,0
365238000,0
365240000,0
365242000,0
365244000,0
365246000,0
365248000,0
365250000,0
365252000,0
365254000,0
365256000,0
365258000,0
365260000,0
365262001,0
365264001,0
365266000,0
365268000,0
365270000,0
365272000,0
365274000,0
365276000,0
365278000,0
365280000,0
365282001,0
365284001,0
365286001,0
365288000,0
365290001,0
365292000,0
365294000,0
365296000,0
365298000,0
365300000,0
365302000,0
365304000,0
365306000,0
365308000,0
365310000,0
365312001,0
365314000,0
365316000,0
365318000,0
365320000,0
365322000,0
365324000,0
365326000,0
365328000,0
365330000,0
365332000,0
365334000,0
365336000,0
365338000,0
365340000,0
365342000,0
365344000,0
365346001,0
365348000,0
365350000,0
365352000,0
365354000,0
365356000,0
365358000,0
365360000,0
365362000,0
365364000,0
365366000,0
365368000,0
365370000,0
365372001,0
365374001,0
365376001,0
365378001,0
365380001,0
365382000,0
365384000,0
365386000,0
365388000,0
365390000,0
365392000,0
365394000,0
365396000,0
365398000,0
365400001,0
365402001,0
365404001,0
365406001,0
365408000,0
365410000,0
365412001,0
365414001,0
365416000,0
365418000,0
365420000,0
365422000,0
365424000,0
365426000,0
365428000,0
365430000,0
365432000,0
365434000,0
365436000,0
365438000,0
365440001,0
365442001,0
365444001,0
365446001,0
365448000,0
365450000,0
365452000,0
365454000,0
365456000,0
365458000,0
365460001,0
365462001,0
365464001,0
365466001,0
365468000,0
365470001,0
365472001,0
365474001,0
365476001,0
365478001,0
365480001,0
365482000,0
365484001,0
365486001,0
365488000,0
365490000,0
365492000,0
365494000,0
365496000,0
365498000,0
365500001,0
365502001,0
365504001,0
365506001,0
365508000,0
365510000,0
365512000,0
365514000,0
365516000,0
365518000,0
365520000,0
365522000,0
365524001,0
365526000,0
365528000,0
365530000,0
365532000,0
365534001,0
365536001,0
365538000,0
365540000,0
365542000,0
365544000,0
365546000,0
365548001,0
365550001,0
365552001,0
365554001,0
365556000,0
365558000,0
365560000,0
365562000,0
365564000,0
365566000,0
365568000,0
365570000,0
365572000,0
365574000,0
365576000,0
365578001,0
365580001,0
365582001,0
365584000,0
365586000,0
365588001,0
365590000,0
365592001,0
365594000,0
365596001,0
365598001,0
365600001,0
365602001,0
365604001,0
365606000,0
365608000,0
365610000,0
365612000,0
365614000,0
365616000,0
365618000,0
365620000,0
365622000,0
365624000,0
365626000,0
365628000,0
365630000,0
365632000,0
365634000,0
365636000,0
365638000,0
365640000,0
365642001,0
365644001,0
365646000,0
365648001,0
365650001,0
365652000,0
365654000,0
365656000,0
365658000,0
365660000,0
365662000,0
365664000,0
365666000,0
365668000,0
365670000,0
365672000,0
365674000,0
365676000,0
365678000,0
365680000,0
365682001,0
365684001,0
365686000,0
365688000,0
365690001,0
365692001,0
365694001,0
365696000,0
365698000,0
365700000,0
365702000,0
365704000,0
365706000,0
365708000,0
365710000,0
365712000,0
365714000,0
365716000,0
365718000,0
365720001,0
365722001,0
365724001,0
365726000,0
365728000,0
365730000,0
365732001,0
365734001,0
365736001,0
365738000,0
365740001,0
365742000,0
365744000,0
365746000,0
365748000,0
365750000,0
365752000,0
365754001,0
365756000,0
365758000,0
365760000,0
365762000,0
365764000,0
365766000,0
365768000,0
365770000,0
365772000,0
365774001,0
365776000,0
365778000,0
365780001,0
365782001,0
365784001,0
365786001,0
365788001,0
365790001,0
365792001,0
365794000,0
365796000,0
365798000,0
365800000,0
365802000,0
365804001,0
365806001,0
365808000,0
365810001,0
365812000,0
365814000,0
365816001,0
365818001,0
365820001,0
365822000,0
365824000,0
365826001,0
365828000,0
365830000,0
365832001,0
365834000,0
365836000,0
365838001,0
365840000,0
365842000,0
365844000,0
365846000,0
365848000,0
365850001,0
365852000,0
365854000,0
365856000,0
365858000,0
365860000,0
365862000,0
365864001,0
365866001,0
365868000,0
365870000,0
365872000,0
365874000,0
365876000,0
365878000,0
365880001,0
365882000,0
365884000,0
365886000,0
365888000,0
365890000,0
365892000,0
365894000,0
365896000,0
365898000,0
365900000,0
365902000,0
365904000,0
365906000,0
365908000,0
365910000,0
365912000,0
365914000,0
365916000,0
365918000,0
365920000,0
365922000,0
365924000,0
365926001,0
365928001,0
365930001,0
365932000,0
365934000,0
365936000,0
365938000,0
365940000,0
365942000,0
365944000,0
365946001,0
365948000,0
365950000,0
365952000,0
365954000,0
365956001,0
365958001,0
365960001,0
365962001,0
365964001,0
365966001,0
365968000,0
365970000,0
365972000,0
365974000,0
365976000,0
365978000,0
365980000,0
365982000,0
365984001,0
365986000,0
365988001,0
365990001,0
365992001,0
365994000,0
365996001,0
365998001,0
366000001,0
366002000,0
366004000,0
366006000,0
366008000,0
366010000,0
366012000,0
366014000,0
366016001,0
366018000,0
366020000,0
366022000,0
366024000,0
366026000,0
366028001,0
366030001,0
366032001,0
366034001,0
366036000,0
366038000,0
366040000,0
366042000,0
366044001,0
366046001,0
366048000,0
366050001,0
366052000,0
366054000,0
366056000,0
366058000,0
366060000,0
366062000,0
366064000,0
366066000,0
366068001,0
366070001,0
366072000,0
366074000,0
366076000,0
366078001,0
366080000,0
366082001,0
366084001,0
366086001,0
366088000,0
366090000,0
366092000,0
366094001,0
366096000,0
366098000,0
366100000,0
366102001,0
366104001,0
366106000,0
366108001,0
366110001,0
366112000,0
366114000,0
366116001,0
366118001,0
366120001,0
366122001,0
366124001,0
366126001,0
366128001,0
366130000,0
366132001,0
366134000,0
366136001,0
366138000,0
366140000,0
366142001,0
366144001,0
366146001,0
366148000,0
366150001,0
366152001,0
366154001,0
366156001,0
366158000,0
366160001,0
366162000,0
366164001,0
366166000,0
366168000,0
366170000,0
366172000,0
366174001,0
366176001,0
366178001,0
366180001,0
366182000,0
366184001,0
366186000,0
366188000,0
366190000,0
366192000,0
366194000,0
366196000,0
366198000,0
366200000,0
366202000,0
366204000,0
366206000,0
366208000,0
366210000,0
366212000,0
366214000,0
366216001,0
366218000,0
366220001,0
366222001,0
366224001,0
366226001,0
366228001,0
366230000,0
366232000,0
366234000,0
366236000,0
366238000,0
366240001,0
366242001,0
366244001,0
366246000,0
366248000,0
366250000,0
366252000,0
366254000,0
366256000,0
366258000,0
366260000,0
366262000,0
366264000,0
366266000,0
366268000,0
366270000,0
366272000,0
366274000,0
366276000,0
366278000,0
366280000,0
366282001,0
366284001,0
366286001,0
366288000,0
366290000,0
366292000,0
366294001,0
366296000,0
366298001,0
366300001,0
366302001,0
366304001,0
366306001,0
366308001,0
366310000,0
366312000,0
366314000,0
366316000,0
366318000,0
366320000,0
366322000,0
366324001,0
366326001,0
366328001,0
366330001,0
366332001,0
366334001,0
366336000,0
366338000,0
366340000,0
366342000,0
366344000,0
366346000,0
366348000,0
366350000,0
366352001,0
366354001,0
366356001,0
366358001,0
366360000,0
366362000,0
366364001,0
366366000,0
366368000,0
366370001,0
366372001,0
366374001,0
366376001,0
366378001,0
366380001,0
366382001,0
366384000,0
366386001,0
366388001,0
366390000,0
366392001,0
366394001,0
366396000,0
366398000,0
366400000,0
366402000,0
366404000,0
366406000,0
366408000,0
366410000,0
366412000,0
366414001,0
366416000,0
366418000,0
366420000,0
366422000,0
366424001,0
366426001,0
366428001,0
366430001,0
366432001,0
366434001,0
366436000,0
366438000,0
366440000,0
366442000,0
366444000,0
366446000,0
366448001,0
366450001,0
366452001,0
366454001,0
366456000,0
366458001,0
366460001,0
366462001,0
366464001,0
366466001,0
366468001,0
366470000,0
366472000,0
366474000,0
366476000,0
366478000,0
366480000,0
366482000,0
366484000,0
366486000,0
366488000,0
366490000,0
366492001,0
366494001,0
366496000,0
366498000,0
366500000,0
366502001,0
366504000,0
366506001,0
366508000,0
366510001,0
366512000,0
366514001,0
366516001,0
366518001,0
366520001,0
366522000,0
366524000,0
366526000,0
366528000,0
366530000,0
366532000,0
366534000,0
366536000,0
366538000,0
366540000,0
366542001,0
366544001,0
366546001,0
366548001,0
366550001,0
366552000,0
366554001,0
366556001,0
366558001,0
366560000,0
366562000,0
366564001,0
366566001,0
366568001,0
366570001,0
366572001,0
366574001,0
366576001,0
366578001,0
366580001,0
366582000,0
366584000,0
366586000,0
366588000,0
366590001,0
366592001,0
366594001,0
366596000,0
366598000,0
366600000,0
366602001,0
366604001,0
366606001,0
366608001,0
366610001,0
366612000,0
366614001,0
366616001,0
366618001,0
366620001,0
366622001,0
366624000,0
366626000,0
366628000,0
366630000,0
366632000,0
366634000,0
366636000,0
366638000,0
366640000,0
366642000,0
366644000,0
366646000,0
366648000,0
366650000,0
366652000,0
366654000,0
366656000,0
366658000,0
366660000,0
366662000,0
366664001,0
366666001,0
366668000,0
366670001,0
366672001,0
366674001,0
366676000,0
366678001,0
366680001,0
366682000,0
366684000,0
366686000,0
366688000,0
366690000,0
366692000,0
366694000,0
366696000,0
366698000,0
366700000,0
366702000,0
366704000,0
366706000,0
366708000,0
366710000,0
366712000,0
366714000,0
366716000,0
366718000,0
366720000,0
366722000,0
366724000,0
366726000,0
366728001,0
366730001,0
366732001,0
366734001,0
366736001,0
366738001,0
366740000,0
366742000,0
366744000,0
366746000,0
366748000,0
366750001,0
366752001,0
366754000,0
366756000,0
366758000,0
366760001,0
366762001,0
366764001,0
366766001,0
366768001,0
366770001,0
366772000,0
366774000,0
366776001,0
366778001,0
366780000,0
366782001,0
366784000,0
366786000,0
366788001,0
366790001,0
366792001,0
366794000,0
366796000,0
366798000,0
366800000,0
366802000,0
366804000,0
366806000,0
366808000,0
366810000,0
366812000,0
366814001,0
366816001,0
366818001,0
366820000,0
366822000,0
366824000,0
366826000,0
366828000,0
366830001,0
366832001,0
366834001,0
366836000,0
366838000,0
366840000,0
366842001,0
366844000,0
366846000,0
366848000,0
366850000,0
366852001,0
366854000,0
366856000,0
366858000,0
366860001,0
366862000,0
366864000,0
366866000,0
366868000,0
366870000,0
366872000,0
366874000,0
366876000,0
366878000,0
366880001,0
366882000,0
366884000,0
366886001,0
366888000,0
366890000,0
366892000,0
366894000,0
366896000,0
366898000,0
366900000,0
366902000,0
366904000,0
366906000,0
366908000,0
366910000,0
366912000,0
366914001,0
366916001,0
366918001,0
366920001,0
366922000,0
366924000,0
366926000,0
366928000,0
366930000,0
366932001,0
366934001,0
366936000,0
366938001,0
366940001,0
366942001,0
366944000,0
366946000,0
366948000,0
366950000,0
366952000,0
366954000,0
366956000,0
366958000,0
366960001,0
366962000,0
366964000,0
366966001,0
366968001,0
366970001,0
366972001,0
366974000,0
366976000,0
366978000,0
366980000,0
366982000,0
366984000,0
366986000,0
366988000,0
366990000,0
366992000,0
366994000,0
366996001,0
366998001,0
367000000,0
367002000,0
367004000,0
367006000,0
367008000,0
367010000,0
367012000,0
367014000,0
367016000,0
367018001,0
367020001,0
367022000,0
367024000,0
367026000,0
367028000,0
367030000,0
367032000,0
367034000,0
367036001,0
367038001,0
367040001,0
367042001,0
367044001,0
367046001,0
367048000,0
367050001,0
367052001,0
367054001,0
367056001,0
367058000,0
367060000,0
367062000,0
367064000,0
367066000,0
367068000,0
367070000,0
367072001,0
367074000,0
367076001,0
367078000,0
367080000,0
367082000,0
367084000,0
367086000,0
367088001,0
367090000,0
367092001,0
367094000,0
367096001,0
367098000,0
367100000,0
367102000,0
367104000,0
367106000,0
367108000,0
367110000,0
367112000,0
367114000,0
367116000,0
367118001,0
367120000,0
367122000,0
367124000,0
367126000,0
367128000,0
367130000,0
367132001,0
367134000,0
367136001,0
367138000,0
367140000,0
367142000,0
367144000,0
367146000,0
367148001,0
367150000,0
367152000,0
367154000,0
367156000,0
367158000,0
367160000,0
367162000,0
367164000,0
367166000,0
367168000,0
367170000,0
367172000,0
367174001,0
367176001,0
367178001,0
367180001,0
367182001,0
367184001,0
367186000,0
367188001,0
367190000,0
367192000,0
367194001,0
367196000,0
367198000,0
367200000,0
367202000,0
367204001,0
367206000,0
367208000,0
367210000,0
367212001,0
367214001,0
367216001,0
367218001,0
367220001,0
367222001,0
367224000,0
367226000,0
367228001,0
367230000,0
367232000,0
367234000,0
367236001,0
367238000,0
367240001,0
367242001,0
367244001,0
367246001,0
367248000,0
367250000,0
367252000,0
367254000,0
367256000,0
367258001,0
367260001,0
367262001,0
367264000,0
367266001,0
367268000,0
367270000,0
367272000,0
367274000,0
367276000,0
367278000,0
367280000,0
367282000,0
367284000,0
367286000,0
367288000,0
367290000,0
367292000,0
367294000,0
367296000,0
367298000,0
367300001,0
367302000,0
367304000,0
367306001,0
367308001,0
367310000,0
367312000,0
367314000,0
367316000,0
367318000,0
367320000,0
367322000,0
367324000,0
367326000,0
367328001,0
367330001,0
367332000,0
367334000,0
367336000,0
367338000,0
367340000,0
367342000,0
367344000,0
367346000,0
367348000,0
367350000,0
367352000,0
367354000,0
367356000,0
367358000,0
367360000,0
367362000,0
367364000,0
367366000,0
367368000,0
367370001,0
367372001,0
367374001,0
367376001,0
367378001,0
367380001,0
367382001,0
367384001,0
367386001,0
367388001,0
367390000,0
367392000,0
367394001,0
367396001,0
367398001,0
367400001,0
367402000,0
367404000,0
367406000,0
367408000,0
367410000,0
367412000,0
367414000,0
367416000,0
367418000,0
367420001,0
367422000,0
367424001,0
367426001,0
367428000,0
367430001,0
367432001,0
367434000,0
367436000,0
367438000,0
367440001,0
367442000,0
367444000,0
367446000,0
367448000,0
367450000,0
367452000,0
367454000,0
367456000,0
367458000,0
367460000,0
367462000,0
367464000,0
367466000,0
367468000,0
367470000,0
367472000,0
367474000,0
367476000,0
367478000,0
367480000,0
367482000,0
367484000,0
367486000,0
367488000,0
367490000,0
367492000,0
367494000,0
367496000,0
367498000,0
367500000,0
367502000,0
367504001,0
367506001,0
367508001,0
367510000,0
367512000,0
367514000,0
367516000,0
367518001,0
367520000,0
367522000,0
367524001,0
367526000,0
367528000,0
367530000,0
367532000,0
367534001,0
367536001,0
367538000,0
367540000,0
367542000,0
367544000,0
367546001,0
367548000,0
367550000,0
367552000,0
367554000,0
367556001,0
367558001,0
367560001,0
367562000,0
367564001,0
367566000,0
367568000,0
367570000,0
367572000,0
367574000,0
367576000,0
367578000,0
367580001,0
367582001,0
367584000,0
367586000,0
367588000,0
367590000,0
367592000,0
367594000,0
367596000,0
367598001,0
367600000,0
367602000,0
367604000,0
367606000,0
367608000,0
367610001,0
367612001,0
367614001,0
367616001,0
367618001,0
367620001,0
367622000,0
367624000,0
367626000,0
367628000,0
367630000,0
367632000,0
367634000,0
367636000,0
367638000,0
367640000,0
367642000,0
367644001,0
367646001,0
367648000,0
367650000,0
367652000,0
367654000,0
367656000,0
367658000,0
367660000,0
367662000,0
367664000,0
367666001,0
367668001,0
367670000,0
367672000,0
367674001,0
367676000,0
367678000,0
367680000,0
367682001,0
367684001,0
367686001,0
367688000,0
367690000,0
367692000,0
367694000,0
367696000,0
367698000,0
367700000,0
367702000,0
367704000,0
367706000,0
367708000,0
367710000,0
367712000,0
367714000,0
367716000,0
367718001,0
367720001,0
367722001,0
367724001,0
367726001,0
367728000,0
367730001,0
367732001,0
367734000,0
367736001,0
367738001,0
367740001,0
367742001,0
367744001,0
367746001,0
367748001,0
367750001,0
367752001,0
367754001,0
367756001,0
367758000,0
367760001,0
367762001,0
367764001,0
367766001,0
367768001,0
367770000,0
367772000,0
367774000,0
367776000,0
367778000,0
367780000,0
367782000,0
367784000,0
367786000,0
367788000,0
367790000,0
367792000,0
367794000,0
367796000,0
367798000,0
367800000,0
367802000,0
367804000,0
367806000,0
367808000,0
367810000,0
367812000,0
367814000,0
367816000,0
367818001,0
367820001,0
367822001,0
367824001,0
367826001,0
367828000,0
367830000,0
367832000,0
367834000,0
367836000,0
367838000,0
367840000,0
367842000,0
367844000,0
367846000,0
367848000,0
367850001,0
367852001,0
367854001,0
367856000,0
367858001,0
367860001,0
367862000,0
367864000,0
367866000,0
367868001,0
367870001,0
367872001,0
367874000,0
367876001,0
367878001,0
367880000,0
367882000,0
367884000,0
367886001,0
367888001,0
367890000,0
367892000,0
367894001,0
367896001,0
367898001,0
367900001,0
367902001,0
367904001,0
367906001,0
367908001,0
367910001,0
367912001,0
367914001,0
367916000,0
367918000,0
367920000,0
367922000,0
367924000,0
367926000,0
367928001,0
367930001,0
367932001,0
367934000,0
367936001,0
367938001,0
367940000,0
367942000,0
367944000,0
367946000,0
367948000,0
367950000,0
367952000,0
367954000,0
367956000,0
367958001,0
367960001,0
367962001,0
367964001,0
367966000,0
367968000,0
367970001,0
367972001,0
367974001,0
367976001,0
367978001,0
367980000,0
367982000,0
367984000,0
367986000,0
367988000,0
367990000,0
367992000,0
367994000,0
367996000,0
367998000,0
368000000,0
368002001,0
368004001,0
368006001,0
368008000,0
368010001,0
368012001,0
368014000,0
368016000,0
368018000,0
368020000,0
368022000,0
368024000,0
368026000,0
368028000,0
368030000,0
368032000,0
368034000,0
368036000,0
368038000,0
368040000,0
368042000,0
368044000,0
368046000,0
368048000,0
368050000,0
368052000,0
368054000,0
368056000,0
368058000,0
368060000,0
368062000,0
368064000,0
368066000,0
368068000,0
368070000,0
368072000,0
368074000,0
368076000,0
368078000,0
368080000,0
368082000,0
368084000,0
368086000,0
368088001,0
368090000,0
368092000,0
368094001,0
368096000,0
368098000,0
368100000,0
368102000,0
368104000,0
368106000,0
368108000,0
368110000,0
368112001,0
368114001,0
368116000,0
368118001,0
368120001,0
368122000,0
368124000,0
368126000,0
368128000,0
368130000,0
368132000,0
368134001,0
368136000,0
368138000,0
368140000,0
368142001,0
368144000,0
368146001,0
368148001,0
368150001,0
368152001,0
368154000,0
368156000,0
368158000,0
368160000,0
368162000,0
368164000,0
368166001,0
368168001,0
368170000,0
368172000,0
368174000,0
368176000,0
368178000,0
368180000,0
368182000,0
368184001,0
368186000,0
368188000,0
368190000,0
368192000,0
368194000,0
368196000,0
368198000,0
368200000,0
368202000,0
368204000,0
368206000,0
368208001,0
368210001,0
368212000,0
368214001,0
368216001,0
368218001,0
368220001,0
368222001,0
368224001,0
368226000,0
368228000,0
368230000,0
368232000,0
368234000,0
368236001,0
368238001,0
368240001,0
368242000,0
368244000,0
368246001,0
368248000,0
368250000,0
368252001,0
368254001,0
368256001,0
368258000,0
368260000,0
368262000,0
368264000,0
368266000,0
368268000,0
368270000,0
368272001,0
368274001,0
368276001,0
368278000,0
368280000,0
368282000,0
368284001,0
368286000,0
368288000,0
368290000,0
368292000,0
368294000,0
368296000,0
368298000,0
368300000,0
368302000,0
368304000,0
368306000,0
368308000,0
368310000,0
368312001,0
368314001,0
368316001,0
368318001,0
368320001,0
368322001,0
368324001,0
368326000,0
368328000,0
368330000,0
368332000,0
368334000,0
368336000,0
368338000,0
368340000,0
368342000,0
368344001,0
368346001,0
368348000,0
368350001,0
368352001,0
368354000,0
368356000,0
368358000,0
368360000,0
368362000,0
368364000,0
368366000,0
368368001,0
368370001,0
368372000,0
368374001,0
368376000,0
368378000,0
368380001,0
368382001,0
368384000,0
368386000,0
368388000,0
368390000,0
368392000,0
368394000,0
368396000,0
368398000,0
368400000,0
368402001,0
368404001,0
368406001,0
368408000,0
368410000,0
368412000,0
368414000,0
368416001,0
368418001,0
368420001,0
368422001,0
368424001,0
368426000,0
368428000,0
368430000,0
368432000,0
368434000,0
368436000,0
368438000,0
368440000,0
368442000,0
368444000,0
368446000,0
368448000,0
368450001,0
368452000,0
368454001,0
368456001,0
368458001,0
368460001,0
368462001,0
368464001,0
368466001,0
368468000,0
368470000,0
368472000,0
368474000,0
368476001,0
368478000,0
368480001,0
368482001,0
368484000,0
368486000,0
368488000,0
368490000,0
368492000,0
368494000,0
368496000,0
368498000,0
368500000,0
368502000,0
368504000,0
368506000,0
368508000,0
368510000,0
368512001,0
368514001,0
368516001,0
368518001,0
368520001,0
368522000,0
368524000,0
368526000,0
368528000,0
368530000,0
368532000,0
368534000,0
368536001,0
368538000,0
368540000,0
368542000,0
368544000,0
368546000,0
368548000,0
368550001,0
368552001,0
368554001,0
368556000,0
368558000,0
368560000,0
368562000,0
368564000,0
368566000,0
368568000,0
368570000,0
368572000,0
368574000,0
368576000,0
368578000,0
368580000,0
368582000,0
368584000,0
368586000,0
368588000,0
368590000,0
368592000,0
368594000,0
368596000,0
368598000,0
368600000,0
368602000,0
368604000,0
368606000,0
368608000,0
368610001,0
368612001,0
368614000,0
368616000,0
368618000,0
368620000,0
368622000,0
368624000,0
368626000,0
368628000,0
368630000,0
368632001,0
368634001,0
368636000,0
368638000,0
368640000,0
368642000,0
368644001,0
368646001,0
368648001,0
368650001,0
368652001,0
368654000,0
368656001,0
368658001,0
368660001,0
368662000,0
368664001,0
368666000,0
368668000,0
368670000,0
368672000,0
368674000,0
368676000,0
368678000,0
368680000,0
368682000,0
368684000,0
368686000,0
368688001,0
368690001,0
368692000,0
368694001,0
368696000,0
368698000,0
368700000,0
368702000,0
368704000,0
368706001,0
368708000,0
368710000,0
368712000,0
368714000,0
368716000,0
368718001,0
368720000,0
368722000,0
368724000,0
368726000,0
368728001,0
368730000,0
368732000,0
368734000,0
368736000,0
368738000,0
368740000,0
368742000,0
368744000,0
368746000,0
368748000,0
368750000,0
368752000,0
368754001,0
368756001,0
368758001,0
368760001,0
368762000,0
368764000,0
368766000,0
368768000,0
368770000,0
368772000,0
368774000,0
368776000,0
368778001,0
368780001,0
368782001,0
368784001,0
368786001,0
368788000,0
368790000,0
368792000,0
368794000,0
368796000,0
368798000,0
368800000,0
368802001,0
368804000,0
368806000,0
368808000,0
368810001,0
368812001,0
368814001,0
368816001,0
368818000,0
368820000,0
368822000,0
368824000,0
368826000,0
368828000,0
368830000,0
368832000,0
368834000,0
368836001,0
368838001,0
368840001,0
368842000,0
368844000,0
368846000,0
368848001,0
368850001,0
368852001,0
368854001,0
368856001,0
368858000,0
368860001,0
368862000,0
368864000,0
368866000,0
368868001,0
368870001,0
368872001,0
368874001,0
368876000,0
368878001,0
368880001,0
368882000,0
368884000,0
368886000,0
368888000,0
368890000,0
368892001,0
368894001,0
368896001,0
368898000,0
368900000,0
368902000,0
368904000,0
368906000,0
368908000,0
368910000,0
368912000,0
368914000,0
368916000,0
368918000,0
368920000,0
368922000,0
368924001,0
368926001,0
368928001,0
368930000,0
368932000,0
368934000,0
368936000,0
368938000,0
368940000,0
368942000,0
368944000,0
368946000,0
368948000,0
368950000,0
368952000,0
368954000,0
368956000,0
368958000,0
368960000,0
368962000,0
368964000,0
368966001,0
368968000,0
368970000,0
368972000,0
368974000,0
368976000,0
368978000,0
368980000,0
368982000,0
368984000,0
368986000,0
368988000,0
368990000,0
368992000,0
368994000,0
368996000,0
368998000,0
369000000,0
369002000,0
369004001,0
369006001,0
369008000,0
369010000,0
369012001,0
369014000,0
369016001,0
369018001,0
369020001,0
369022001,0
369024001,0
369026000,0
369028000,0
369030000,0
369032001,0
369034001,0
369036001,0
369038001,0
369040000,0
369042000,0
369044000,0
369046000,0
369048000,0
369050000,0
369052000,0
369054000,0
369056000,0
369058000,0
369060000,0
369062000,0
369064000,0
369066000,0
369068000,0
369070000,0
369072000,0
369074000,0
369076000,0
369078000,0
369080000,0
369082000,0
369084000,0
369086000,0
369088000,0
369090000,0
369092000,0
369094000,0
369096000,0
369098000,0
369100000,0
369102000,0
369104000,0
369106000,0
369108000,0
369110000,0
369112000,0
369114001,0
369116001,0
369118001,0
369120001,0
369122001,0
369124001,0
369126001,0
369128001,0
369130000,0
369132000,0
369134001,0
369136001,0
369138000,0
369140000,0
369142001,0
369144001,0
369146001,0
369148000,0
369150001,0
369152001,0
369154001,0
369156000,0
369158001,0
369160001,0
369162001,0
369164001,0
369166001,0
369168001,0
369170000,0
369172001,0
369174001,0
369176000,0
369178000,0
369180000,0
369182000,0
369184001,0
369186001,0
369188001,0
369190000,0
369192000,0
369194000,0
369196000,0
369198001,0
369200000,0
369202000,0
369204000,0
369206000,0
369208000,0
369210000,0
369212000,0
369214000,0
369216000,0
369218000,0
369220000,0
369222000,0
369224000,0
369226000,0
369228000,0
369230000,0
369232000,0
369234000,0
369236000,0
369238000,0
369240000,0
369242000,0
369244000,0
369246000,0
369248000,0
369250000,0
369252000,0
369254000,0
369256000,0
369258000,0
369260000,0
369262000,0
369264000,0
369266001,0
369268001,0
369270000,0
369272000,0
369274000,0
369276001,0
369278001,0
369280000,0
369282001,0
369284000,0
369286000,0
369288000,0
369290000,0
369292000,0
369294000,0
369296000,0
369298000,0
369300001,0
369302001,0
369304000,0
369306000,0
369308000,0
369310001,0
369312001,0
369314001,0
369316001,0
369318000,0
369320000,0
369322000,0
369324000,0
369326000,0
369328000,0
369330001,0
369332001,0
369334001,0
369336001,0
369338000,0
369340000,0
369342001,0
369344001,0
369346000,0
369348000,0
369350001,0
369352000,0
369354000,0
369356000,0
369358000,0
369360000,0
369362000,0
369364000,0
369366000,0
369368001,0
369370000,0
369372000,0
369374000,0
369376000,0
369378000,0
369380000,0
369382000,0
369384000,0
369386000,0
369388000,0
369390000,0
369392000,0
369394000,0
369396000,0
369398000,0
369400000,0
369402000,0
369404000,0
369406000,0
369408000,0
369410000,0
369412001,0
369414001,0
369416001,0
369418001,0
369420000,0
369422000,0
369424000,0
369426000,0
369428000,0
369430000,0
369432001,0
369434000,0
369436001,0
369438000,0
369440000,0
369442001,0
369444001,0
369446001,0
369448000,0
369450000,0
369452000,0
369454000,0
369456000,0
369458000,0
369460000,0
369462000,0
369464000,0
369466000,0
369468000,0
369470000,0
369472000,0
369474000,0
369476000,0
369478000,0
369480001,0
369482001,0
369484001,0
369486001,0
369488001,0
369490001,0
369492001,0
369494001,0
369496001,0
369498001,0
369500001,0
369502000,0
369504000,0
369506000,0
369508000,0
369510001,0
369512000,0
369514000,0
369516000,0
369518000,0
369520001,0
369522000,0
369524001,0
369526001,0
369528000,0
369530001,0
369532001,0
369534001,0
369536000,0
369538000,0
369540001,0
369542001,0
369544000,0
369546000,0
369548000,0
369550000,0
369552000,0
369554000,0
369556000,0
369558000,0
369560000,0
369562000,0
369564000,0
369566001,0
369568000,0
369570000,0
369572000,0
369574000,0
369576000,0
369578000,0
369580000,0
369582000,0
369584000,0
369586001,0
369588000,0
369590000,0
369592000,0
369594000,0
369596001,0
369598001,0
369600001,0
369602001,0
369604001,0
369606001,0
369608001,0
369610001,0
369612001,0
369614000,0
369616000,0
369618000,0
369620000,0
369622001,0
369624001,0
369626000,0
369628000,0
369630000,0
369632001,0
369634000,0
369636001,0
369638001,0
369640001,0
369642000,0
369644000,0
369646001,0
369648000,0
369650000,0
369652000,0
369654000,0
369656000,0
369658001,0
369660001,0
369662000,0
369664000,0
369666000,0
369668001,0
369670001,0
369672001,0
369674001,0
369676000,0
369678000,0
369680000,0
369682000,0
369684000,0
369686000,0
369688001,0
369690001,0
369692001,0
369694001,0
369696001,0
369698000,0
369700001,0
369702000,0
369704000,0
369706000,0
369708001,0
369710001,0
369712001,0
369714000,0
369716000,0
369718000,0
369720000,0
369722000,0
369724000,0
369726000,0
369728000,0
369730000,0
369732000,0
369734000,0
369736000,0
369738000,0
369740001,0
369742001,0
369744001,0
369746000,0
369748000,0
369750000,0
369752000,0
369754000,0
369756000,0
369758000,0
369760000,0
369762000,0
369764000,0
369766000,0
369768000,0
369770000,0
369772000,0
369774001,0
369776001,0
369778001,0
369780001,0
369782001,0
369784001,0
369786001,0
369788001,0
369790000,0
369792000,0
369794000,0
369796000,0
369798000,0
369800000,0
369802000,0
369804000,0
369806001,0
369808001,0
369810000,0
369812000,0
369814000,0
369816000,0
369818000,0
369820000,0
369822000,0
369824000,0
369826000,0
369828000,0
369830000,0
369832000,0
369834000,0
369836000,0
369838001,0
369840001,0
369842000,0
369844000,0
369846000,0
369848000,0
369850000,0
369852000,0
369854000,0
369856000,0
369858000,0
369860000,0
369862000,0
369864000,0
369866000,0
369868001,0
369870000,0
369872001,0
369874001,0
369876001,0
369878001,0
369880000,0
369882001,0
369884001,0
369886001,0
369888001,0
369890000,0
369892001,0
369894001,0
369896001,0
369898001,0
369900000,0
369902000,0
369904000,0
369906001,0
369908000,0
369910000,0
369912000,0
369914000,0
369916000,0
369918000,0
369920000,0
369922000,0
369924000,0
369926000,0
369928001,0
369930001,0
369932000,0
369934001,0
369936000,0
369938001,0
369940001,0
369942001,0
369944000,0
369946000,0
369948000,0
369950001,0
369952000,0
369954001,0
369956001,0
369958000,0
369960001,0
369962000,0
369964000,0
369966001,0
369968001,0
369970000,0
369972000,0
369974000,0
369976000,0
369978001,0
369980001,0
369982001,0
369984001,0
369986001,0
369988001,0
369990000,0
369992000,0
369994000,0
369996000,0
369998000,0
370000000,0
370002000,0
370004000,0
370006001,0
370008000,0
370010001,0
370012001,0
370014001,0
370016001,0
370018001,0
370020001,0
370022000,0
370024000,0
370026000,0
370028000,0
370030000,0
370032000,0
370034000,0
370036001,0
370038000,0
370040001,0
370042001,0
370044001,0
370046000,0
370048001,0
370050000,0
370052000,0
370054000,0
370056000,0
370058001,0
370060001,0
370062001,0
370064001,0
370066000,0
370068000,0
370070000,0
370072001,0
370074001,0
370076000,0
370078001,0
370080000,0
370082001,0
370084000,0
370086000,0
370088000,0
370090000,0
370092000,0
370094000,0
370096000,0
370098001,0
370100001,0
370102000,0
370104001,0
370106001,0
370108001,0
370110001,0
370112001,0
370114000,0
370116001,0
370118001,0
370120000,0
370122000,0
370124001,0
370126000,0
370128000,0
370130000,0
370132001,0
370134001,0
370136001,0
370138000,0
370140001,0
370142000,0
370144001,0
370146000,0
370148000,0
370150000,0
370152000,0
370154000,0
370156000,0
370158000,0
370160000,0
370162000,0
370164000,0
370166000,0
370168000,0
370170000,0
370172000,0
370174000,0
370176000,0
370178000,0
370180000,0
370182000,0
370184000,0
370186000,0
370188000,0
370190001,0
370192001,0
370194001,0
370196001,0
370198001,0
370200001,0
370202001,0
370204001,0
370206001,0
370208001,0
370210001,0
370212001,0
370214001,0
370216001,0
370218000,0
370220001,0
370222001,0
370224001,0
370226001,0
370228001,0
370230001,0
370232001,0
370234001,0
370236000,0
370238001,0
370240001,0
370242000,0
370244000,0
370246000,0
370248000,0
370250000,0
370252000,0
370254001,0
370256001,0
370258001,0
370260001,0
370262001,0
370264001,0
370266000,0
370268001,0
370270000,0
370272000,0
370274001,0
370276000,0
370278000,0
370280000,0
370282000,0
370284001,0
370286001,0
370288000,0
370290001,0
370292001,0
370294000,0
370296000,0
370298000,0
370300000,0
370302001,0
370304001,0
370306001,0
370308000,0
370310001,0
370312001,0
370314001,0
370316001,0
370318001,0
370320001,0
370322001,0
370324000,0
370326000,0
370328000,0
370330000,0
370332001,0
370334000,0
370336001,0
370338000,0
370340000,0
370342000,0
370344000,0
370346000,0
370348000,0
370350000,0
370352000,0
370354000,0
370356000,0
370358000,0
370360000,0
370362000,0
370364000,0
370366001,0
370368001,0
370370001,0
370372001,0
370374001,0
370376001,0
370378001,0
370380000,0
370382001,0
370384001,0
370386000,0
370388000,0
370390000,0
370392001,0
370394000,0
370396000,0
370398001,0
370400001,0
370402001,0
370404001,0
370406001,0
370408001,0
370410001,0
370412001,0
370414000,0
370416000,0
370418000,0
370420001,0
370422001,0
370424001,0
370426000,0
370428001,0
370430001,0
370432001,0
370434001,0
370436000,0
370438001,0
370440001,0
370442000,0
370444001,0
370446001,0
370448001,0
370450001,0
370452001,0
370454001,0
370456000,0
370458000,0
370460000,0
370462000,0
370464000,0
370466001,0
370468000,0
370470001,0
370472001,0
370474000,0
370476000,0
370478000,0
370480000,0
370482000,0
370484000,0
370486000,0
370488000,0
370490000,0
370492000,0
370494000,0
370496000,0
370498000,0
370500000,0
370502000,0
370504000,0
370506000,0
370508000,0
370510000,0
370512000,0
370514001,0
370516001,0
370518001,0
370520000,0
370522000,0
370524000,0
370526000,0
370528001,0
370530001,0
370532001,0
370534001,0
370536001,0
370538000,0
370540001,0
370542001,0
370544001,0
370546001,0
370548001,0
370550001,0
370552000,0
370554000,0
370556001,0
370558001,0
370560000,0
370562001,0
370564001,0
370566001,0
370568001,0
370570001,0
370572000,0
370574000,0
370576000,0
370578000,0
370580000,0
370582000,0
370584000,0
370586000,0
370588001,0
370590001,0
370592001,0
370594001,0
370596000,0
370598000,0
370600001,0
370602000,0
370604000,0
370606000,0
370608000,0
370610000,0
370612001,0
370614001,0
370616001,0
370618000,0
370620000,0
370622001,0
370624000,0
370626000,0
370628000,0
370630000,0
370632000,0
370634000,0
370636000,0
370638000,0
370640000,0
370642001,0
370644001,0
370646001,0
370648001,0
370650001,0
370652000,0
370654001,0
370656000,0
370658000,0
370660001,0
370662001,0
370664000,0
370666001,0
370668001,0
370670000,0
370672000,0
370674000,0
370676000,0
370678000,0
370680000,0
370682000,0
370684000,0
370686000,0
370688000,0
370690000,0
370692000,0
370694000,0
370696000,0
370698001,0
370700000,0
370702000,0
370704000,0
370706001,0
370708000,0
370710000,0
370712001,0
370714001,0
370716000,0
370718000,0
370720000,0
370722000,0
370724000,0
370726000,0
370728000,0
370730000,0
370732000,0
370734000,0
370736000,0
370738000,0
370740001,0
370742000,0
370744000,0
370746000,0
370748001,0
370750000,0
370752001,0
370754001,0
370756000,0
370758000,0
370760000,0
370762001,0
370764000,0
370766000,0
370768001,0
370770001,0
370772001,0
370774000,0
370776001,0
370778000,0
370780001,0
370782001,0
370784001,0
370786001,0
370788000,0
370790001,0
370792001,0
370794000,0
370796000,0
370798000,0
370800000,0
370802000,0
370804000,0
370806000,0
370808000,0
370810001,0
370812001,0
370814001,0
370816000,0
370818000,0
370820000,0
370822000,0
370824001,0
370826000,0
370828000,0
370830000,0
370832000,0
370834000,0
370836000,0
370838000,0
370840000,0
370842000,0
370844000,0
370846000,0
370848000,0
370850001,0
370852001,0
370854001,0
370856000,0
370858000,0
370860000,0
370862000,0
370864000,0
370866000,0
370868000,0
370870000,0
370872000,0
370874000,0
370876000,0
370878000,0
370880000,0
370882000,0
370884000,0
370886001,0
370888001,0
370890000,0
370892000,0
370894001,0
370896000,0
370898000,0
370900001,0
370902000,0
370904001,0
370906001,0
370908000,0
370910000,0
370912000,0
370914000,0
370916000,0
370918000,0
370920001,0
370922000,0
370924000,0
370926000,0
370928001,0
370930000,0
370932000,0
370934000,0
370936000,0
370938000,0
370940000,0
370942001,0
370944000,0
370946001,0
370948000,0
370950001,0
370952001,0
370954000,0
370956000,0
370958000,0
370960000,0
370962000,0
370964001,0
370966001,0
370968000,0
370970000,0
370972000,0
370974000,0
370976000,0
370978000,0
370980000,0
370982000,0
370984000,0
370986000,0
370988000,0
370990000,0
370992000,0
370994000,0
370996000,0
370998000,0
371000000,0
371002000,0
371004000,0
371006000,0
371008000,0
371010000,0
371012000,0
371014000,0
371016000,0
371018000,0
371020000,0
371022000,0
371024000,0
371026000,0
371028000,0
371030001,0
371032001,0
371034000,0
371036000,0
371038001,0
371040001,0
371042000,0
371044000,0
371046000,0
371048000,0
371050000,0
371052000,0
371054000,0
371056000,0
371058000,0
371060000,0
371062000,0
371064001,0
371066001,0
371068001,0
371070001,0
371072000,0
371074000,0
371076000,0
371078000,0
371080000,0
371082000,0
371084000,0
371086000,0
371088000,0
371090000,0
371092000,0
371094000,0
371096000,0
371098000,0
371100000,0
371102000,0
371104001,0
371106001,0
371108000,0
371110001,0
371112001,0
371114000,0
371116000,0
371118000,0
371120000,0
371122000,0
371124000,0
371126000,0
371128000,0
371130001,0
371132000,0
371134000,0
371136000,0
371138000,0
371140000,0
371142000,0
371144000,0
371146000,0
371148000,0
371150000,0
371152000,0
371154000,0
371156000,0
371158001,0
371160001,0
371162001,0
371164000,0
371166000,0
371168001,0
371170000,0
371172000,0
371174001,0
371176001,0
371178001,0
371180001,0
371182001,0
371184000,0
371186000,0
371188001,0
371190001,0
371192001,0
371194001,0
371196000,0
371198001,0
371200001,0
371202001,0
371204001,0
371206001,0
371208001,0
371210001,0
371212000,0
371214000,0
371216000,0
371218000,0
371220001,0
371222001,0
371224000,0
371226000,0
371228000,0
371230000,0
371232001,0
371234000,0
371236000,0
371238000,0
371240000,0
371242000,0
371244000,0
371246000,0
371248000,0
371250000,0
371252000,0
371254000,0
371256001,0
371258001,0
371260001,0
371262000,0
371264001,0
371266001,0
371268001,0
371270001,0
371272001,0
371274001,0
371276000,0
371278000,0
371280000,0
371282000,0
371284000,0
371286000,0
371288000,0
371290000,0
371292001,0
371294000,0
371296000,0
371298000,0
371300000,0
371302000,0
371304000,0
371306000,0
371308001,0
371310001,0
371312000,0
371314000,0
371316001,0
371318000,0
371320001,0
371322001,0
371324001,0
371326001,0
371328000,0
371330001,0
371332001,0
371334001,0
371336001,0
371338001,0
371340001,0
371342001,0
371344001,0
371346001,0
371348000,0
371350000,0
371352000,0
371354000,0
371356000,0
371358001,0
371360001,0
371362000,0
371364001,0
371366001,0
371368001,0
371370001,0
371372001,0
371374000,0
371376000,0
371378000,0
371380000,0
371382000,0
371384001,0
371386001,0
371388001,0
371390001,0
371392000,0
371394001,0
371396001,0
371398001,0
371400001,0
371402001,0
371404001,0
371406001,0
371408000,0
371410000,0
371412000,0
371414000,0
371416000,0
371418000,0
371420000,0
371422000,0
371424000,0
371426000,0
371428000,0
371430000,0
371432000,0
371434000,0
371436000,0
371438000,0
371440000,0
371442000,0
371444000,0
371446000,0
371448000,0
371450000,0
371452000,0
371454000,0
371456000,0
371458000,0
371460000,0
371462000,0
371464000,0
371466000,0
371468000,0
371470000,0
371472000,0
371474000,0
371476001,0
371478001,0
371480000,0
371482000,0
371484000,0
371486000,0
371488000,0
371490000,0
371492000,0
371494000,0
371496000,0
371498000,0
371500000,0
371502000,0
371504000,0
371506000,0
371508000,0
371510000,0
371512000,0
371514000,0
371516000,0
371518001,0
371520001,0
371522001,0
371524001,0
371526001,0
371528001,0
371530001,0
371532001,0
371534001,0
371536000,0
371538000,0
371540001,0
371542001,0
371544001,0
371546001,0
371548001,0
371550000,0
371552000,0
371554000,0
371556000,0
371558000,0
371560000,0
371562000,0
371564000,0
371566000,0
371568001,0
371570000,0
371572000,0
371574001,0
371576001,0
371578001,0
371580001,0
371582001,0
371584000,0
371586000,0
371588000,0
371590000,0
371592000,0
371594000,0
371596000,0
371598000,0
371600000,0
371602000,0
371604000,0
371606000,0
371608000,0
371610000,0
371612000,0
371614000,0
371616000,0
371618000,0
371620000,0
371622000,0
371624001,0
371626001,0
371628001,0
371630001,0
371632001,0
371634001,0
371636001,0
371638000,0
371640000,0
371642000,0
371644001,0
371646001,0
371648001,0
371650001,0
371652001,0
371654001,0
371656001,0
371658000,0
371660001,0
371662000,0
371664000,0
371666000,0
371668000,0
371670001,0
371672000,0
371674000,0
371676000,0
371678001,0
371680001,0
371682000,0
371684000,0
371686000,0
371688001,0
371690001,0
371692000,0
371694001,0
371696001,0
371698001,0
371700001,0
371702001,0
371704001,0
371706000,0
371708000,0
371710000,0
371712000,0
371714000,0
371716000,0
371718000,0
371720000,0
371722000,0
371724000,0
371726000,0
371728001,0
371730000,0
371732001,0
371734001,0
371736001,0
371738001,0
371740000,0
371742000,0
371744000,0
371746000,0
371748000,0
371750000,0
371752000,0
371754001,0
371756001,0
371758000,0
371760000,0
371762000,0
371764000,0
371766000,0
371768000,0
371770000,0
371772000,0
371774000,0
371776000,0
371778000,0
371780000,0
371782001,0
371784000,0
371786000,0
371788000,0
371790000,0
371792000,0
371794001,0
371796000,0
371798000,0
371800000,0
371802001,0
371804001,0
371806001,0
371808001,0
371810000,0
371812000,0
371814000,0
371816000,0
371818000,0
371820001,0
371822000,0
371824000,0
371826000,0
371828000,0
371830000,0
371832000,0
371834000,0
371836000,0
371838000,0
371840001,0
371842000,0
371844000,0
371846000,0
371848000,0
371850000,0
371852000,0
371854000,0
371856000,0
371858000,0
371860000,0
371862000,0
371864000,0
371866000,0
371868000,0
371870000,0
371872000,0
371874000,0
371876001,0
371878001,0
371880001,0
371882001,0
371884000,0
371886001,0
371888000,0
371890000,0
371892000,0
371894000,0
371896000,0
371898000,0
371900000,0
371902000,0
371904000,0
371906000,0
371908000,0
371910000,0
371912000,0
371914000,0
371916000,0
371918000,0
371920000,0
371922000,0
371924001,0
371926001,0
371928000,0
371930000,0
371932000,0
371934001,0
371936000,0
371938001,0
371940000,0
371942000,0
371944000,0
371946000,0
371948000,0
371950000,0
371952000,0
371954001,0
371956001,0
371958001,0
371960000,0
371962000,0
371964001,0
371966001,0
371968001,0
371970001,0
371972001,0
371974000,0
371976001,0
371978000,0
371980001,0
371982001,0
371984001,0
371986000,0
371988000,0
371990000,0
371992000,0
371994000,0
371996001,0
371998001,0
372000001,0
372002001,0
372004001,0
372006000,0
372008000,0
372010000,0
372012000,0
372014000,0
372016000,0
372018000,0
372020000,0
372022001,0
372024000,0
372026001,0
372028001,0
372030001,0
372032000,0
372034000,0
372036000,0
372038000,0
372040000,0
372042000,0
372044000,0
372046000,0
372048001,0
372050001,0
372052000,0
372054001,0
372056001,0
372058001,0
372060001,0
372062001,0
372064000,0
372066001,0
372068001,0
372070000,0
372072000,0
372074000,0
372076000,0
372078000,0
372080000,0
372082001,0
372084001,0
372086000,0
372088000,0
372090000,0
372092000,0
372094000,0
372096000,0
372098000,0
372100000,0
372102000,0
372104000,0
372106000,0
372108000,0
372110000,0
372112000,0
372114000,0
372116000,0
372118000,0
372120000,0
372122000,0
372124000,0
372126001,0
372128001,0
372130000,0
372132001,0
372134001,0
372136000,0
372138000,0
372140000,0
372142001,0
372144001,0
372146001,0
372148001,0
372150000,0
372152000,0
372154000,0
372156001,0
372158001,0
372160001,0
372162000,0
372164000,0
372166000,0
372168000,0
372170001,0
372172000,0
372174000,0
372176000,0
372178000,0
372180000,0
372182001,0
372184001,0
372186000,0
372188000,0
372190000,0
372192000,0
372194000,0
372196000,0
372198000,0
372200000,0
372202000,0
372204000,0
372206000,0
372208000,0
372210000,0
372212000,0
372214000,0
372216000,0
372218000,0
372220000,0
372222000,0
372224000,0
372226000,0
372228000,0
372230000,0
372232000,0
372234000,0
372236000,0
372238000,0
372240000,0
372242000,0
372244000,0
372246000,0
372248000,0
372250000,0
372252001,0
372254001,0
372256000,0
372258000,0
372260000,0
372262001,0
372264001,0
372266000,0
372268000,0
372270000,0
372272000,0
372274000,0
372276000,0
372278000,0
372280000,0
372282000,0
372284001,0
372286001,0
372288000,0
372290000,0
372292000,0
372294000,0
372296000,0
372298000,0
372300001,0
372302001,0
372304000,0
372306000,0
372308000,0
372310000,0
372312001,0
372314001,0
372316001,0
372318000,0
372320001,0
372322000,0
372324001,0
372326001,0
372328001,0
372330000,0
372332000,0
372334000,0
372336000,0
372338000,0
372340000,0
372342000,0
372344001,0
372346001,0
372348001,0
372350000,0
372352001,0
372354001,0
372356000,0
372358000,0
372360000,0
372362001,0
372364001,0
372366001,0
372368001,0
372370001,0
372372001,0
372374001,0
372376001,0
372378000,0
372380000,0
372382001,0
372384001,0
372386000,0
372388000,0
372390000,0
372392000,0
372394000,0
372396001,0
372398001,0
372400001,0
372402000,0
372404000,0
372406001,0
372408001,0
372410001,0
372412001,0
372414000,0
372416000,0
372418000,0
372420000,0
372422000,0
372424000,0
372426000,0
372428000,0
372430000,0
372432001,0
372434000,0
372436000,0
372438000,0
372440000,0
372442000,0
372444000,0
372446000,0
372448000,0
372450000,0
372452000,0
372454000,0
372456000,0
372458000,0
372460000,0
372462000,0
372464000,0
372466000,0
372468000,0
372470001,0
372472001,0
372474001,0
372476001,0
372478001,0
372480001,0
372482000,0
372484001,0
372486000,0
372488000,0
372490000,0
372492000,0
372494001,0
372496001,0
372498000,0
372500001,0
372502001,0
372504001,0
372506000,0
372508001,0
372510000,0
372512000,0
372514001,0
372516001,0
372518001,0
372520001,0
372522001,0
372524000,0
372526000,0
372528001,0
372530000,0
372532000,0
372534001,0
372536001,0
372538001,0
372540001,0
372542001,0
372544000,0
372546000,0
372548000,0
372550001,0
372552000,0
372554001,0
372556001,0
372558001,0
372560000,0
372562000,0
372564000,0
372566000,0
372568001,0
372570000,0
372572001,0
372574001,0
372576000,0
372578000,0
372580000,0
372582001,0
372584000,0
372586001,0
372588001,0
372590001,0
372592000,0
372594001,0
372596001,0
372598001,0
372600001,0
372602001,0
372604001,0
372606001,0
372608001,0
372610001,0
372612001,0
372614000,0
372616000,0
372618001,0
372620001,0
372622000,0
372624001,0
372626001,0
372628001,0
372630001,0
372632001,0
372634000,0
372636000,0
372638000,0
372640000,0
372642000,0
372644001,0
372646001,0
372648000,0
372650000,0
372652001,0
372654000,0
372656001,0
372658000,0
372660000,0
372662000,0
372664000,0
372666000,0
372668000,0
372670000,0
372672000,0
372674000,0
372676001,0
372678001,0
372680000,0
372682001,0
372684000,0
372686000,0
372688000,0
372690000,0
372692000,0
372694000,0
372696001,0
372698001,0
372700001,0
372702000,0
372704000,0
372706000,0
372708000,0
372710000,0
372712000,0
372714000,0
372716000,0
372718000,0
372720000,0
372722000,0
372724000,0
372726000,0
372728000,0
372730000,0
372732000,0
372734000,0
372736001,0
372738000,0
372740000,0
372742000,0
372744000,0
372746000,0
372748000,0
372750000,0
372752000,0
372754000,0
372756000,0
372758000,0
372760000,0
372762001,0
372764001,0
372766000,0
372768000,0
372770000,0
372772000,0
372774000,0
372776000,0
372778000,0
372780000,0
372782000,0
372784000,0
372786000,0
372788000,0
372790000,0
372792000,0
372794000,0
372796000,0
372798000,0
372800000,0
372802001,0
372804000,0
372806000,0
372808000,0
372810000,0
372812000,0
372814000,0
372816000,0
372818000,0
372820000,0
372822000,0
372824000,0
372826000,0
372828001,0
372830001,0
372832000,0
372834001,0
372836000,0
372838000,0
372840000,0
372842000,0
372844000,0
372846000,0
372848000,0
372850000,0
372852000,0
372854000,0
372856000,0
372858000,0
372860000,0
372862000,0
372864000,0
372866000,0
372868001,0
372870001,0
372872001,0
372874001,0
372876000,0
372878000,0
372880000,0
372882001,0
372884001,0
372886000,0
372888000,0
372890000,0
372892000,0
372894000,0
372896000,0
372898000,0
372900000,0
372902000,0
372904000,0
372906000,0
372908000,0
372910000,0
372912000,0
372914001,0
372916001,0
372918000,0
372920000,0
372922000,0
372924001,0
372926001,0
372928001,0
372930000,0
372932001,0
372934001,0
372936000,0
372938001,0
372940000,0
372942000,0
372944001,0
372946001,0
372948000,0
372950000,0
372952000,0
372954000,0
372956000,0
372958000,0
372960000,0
372962000,0
372964000,0
372966000,0
372968000,0
372970000,0
372972000,0
372974000,0
372976000,0
372978000,0
372980000,0
372982000,0
372984001,0
372986001,0
372988001,0
372990001,0
372992001,0
372994001,0
372996001,0
372998000,0
373000000,0
373002000,0
373004000,0
373006000,0
373008000,0
373010000,0
373012001,0
373014001,0
373016000,0
373018000,0
373020000,0
373022001,0
373024001,0
373026001,0
373028001,0
373030000,0
373032001,0
373034001,0
373036001,0
373038000,0
373040000,0
373042000,0
373044000,0
373046000,0
373048000,0
373050000,0
373052000,0
373054001,0
373056001,0
373058001,0
373060001,0
373062000,0
373064000,0
373066000,0
373068000,0
373070000,0
373072000,0
373074000,0
373076001,0
373078001,0
373080001,0
373082000,0
373084000,0
373086000,0
373088000,0
373090001,0
373092001,0
373094001,0
373096000,0
373098000,0
373100000,0
373102000,0
373104000,0
373106000,0
373108000,0
373110000,0
373112000,0
373114000,0
373116000,0
373118000,0
373120000,0
373122001,0
373124001,0
373126001,0
373128001,0
373130001,0
373132001,0
373134001,0
373136001,0
373138000,0
373140000,0
373142000,0
373144000,0
373146000,0
373148000,0
373150000,0
373152000,0
373154000,0
373156000,0
373158000,0
373160000,0
373162000,0
373164000,0
373166000,0
373168000,0
373170000,0
373172000,0
373174000,0
373176000,0
373178000,0
373180000,0
373182001,0
373184001,0
373186001,0
373188000,0
373190000,0
373192000,0
373194000,0
373196000,0
373198000,0
373200000,0
373202000,0
373204000,0
373206001,0
373208001,0
373210001,0
373212001,0
373214000,0
373216000,0
373218000,0
373220000,0
373222000,0
373224001,0
373226000,0
373228000,0
373230001,0
373232001,0
373234001,0
373236000,0
373238001,0
373240000,0
373242001,0
373244001,0
373246001,0
373248001,0
373250001,0
373252000,0
373254001,0
373256001,0
373258001,0
373260001,0
373262000,0
373264000,0
373266000,0
373268000,0
373270000,0
373272000,0
373274000,0
373276000,0
373278000,0
373280000,0
373282000,0
373284000,0
373286000,0
373288000,0
373290000,0
373292000,0
373294000,0
373296000,0
373298000,0
373300000,0
373302000,0
373304000,0
373306000,0
373308001,0
373310001,0
373312001,0
373314001,0
373316001,0
373318000,0
373320000,0
373322000,0
373324000,0
373326000,0
373328000,0
373330000,0
373332000,0
373334000,0
373336000,0
373338000,0
373340000,0
373342000,0
373344001,0
373346000,0
373348000,0
373350000,0
373352001,0
373354001,0
373356000,0
373358001,0
373360000,0
373362001,0
373364001,0
373366001,0
373368000,0
373370000,0
373372000,0
373374000,0
373376000,0
373378000,0
373380000,0
373382001,0
373384001,0
373386001,0
373388001,0
373390000,0
373392000,0
373394000,0
373396001,0
373398001,0
373400001,0
373402000,0
373404001,0
373406001,0
373408001,0
373410000,0
373412001,0
373414001,0
373416000,0
373418001,0
373420001,0
373422000,0
373424000,0
373426001,0
373428001,0
373430001,0
373432000,0
373434000,0
373436000,0
373438000,0
373440000,0
373442001,0
373444001,0
373446000,0
373448000,0
373450000,0
373452000,0
373454000,0
373456000,0
373458001,0
373460001,0
373462001,0
373464000,0
373466000,0
373468000,0
373470000,0
373472000,0
373474000,0
373476000,0
373478001,0
373480001,0
373482000,0
373484001,0
373486001,0
373488001,0
373490001,0
373492001,0
373494000,0
373496000,0
373498000,0
373500000,0
373502000,0
373504001,0
373506001,0
373508001,0
373510001,0
373512001,0
373514001,0
373516001,0
373518001,0
373520000,0
373522000,0
373524000,0
373526000,0
373528000,0
373530000,0
373532000,0
373534000,0
373536000,0
373538001,0
373540000,0
373542000,0
373544000,0
373546001,0
373548001,0
373550001,0
373552001,0
373554001,0
373556001,0
373558001,0
373560001,0
373562001,0
373564001,0
373566000,0
373568000,0
373570000,0
373572000,0
373574001,0
373576001,0
373578000,0
373580000,0
373582000,0
373584000,0
373586000,0
373588000,0
373590000,0
373592000,0
373594000,0
373596001,0
373598001,0
373600000,0
373602000,0
373604000,0
373606000,0
373608000,0
373610000,0
373612000,0
373614000,0
373616001,0
373618001,0
373620000,0
373622000,0
373624000,0
373626000,0
373628001,0
373630000,0
373632000,0
373634000,0
373636000,0
373638000,0
373640000,0
373642000,0
373644000,0
373646000,0
373648000,0
373650001,0
373652001,0
373654000,0
373656000,0
373658000,0
373660001,0
373662000,0
373664001,0
373666001,0
373668001,0
373670001,0
373672000,0
373674001,0
373676001,0
373678000,0
373680000,0
373682000,0
373684000,0
373686000,0
373688000,0
373690000,0
373692000,0
373694000,0
373696000,0
373698000,0
373700000,0
373702000,0
373704000,0
373706000,0
373708000,0
373710000,0
373712000,0
373714000,0
373716000,0
373718000,0
373720000,0
373722000,0
373724001,0
373726001,0
373728001,0
373730001,0
373732000,0
373734000,0
373736000,0
373738000,0
373740000,0
373742000,0
373744001,0
373746001,0
373748000,0
373750000,0
373752000,0
373754000,0
373756000,0
373758000,0
373760000,0
373762000,0
373764000,0
373766001,0
373768000,0
373770000,0
373772000,0
373774000,0
373776000,0
373778000,0
373780000,0
373782000,0
373784000,0
373786000,0
373788000,0
373790000,0
373792000,0
373794000,0
373796000,0
373798000,0
373800001,0
373802001,0
373804001,0
373806001,0
373808001,0
373810001,0
373812000,0
373814000,0
373816000,0
373818000,0
373820001,0
373822001,0
373824000,0
373826000,0
373828001,0
373830000,0
373832000,0
373834000,0
373836000,0
373838000,0
373840000,0
373842000,0
373844000,0
373846000,0
373848000,0
373850000,0
373852001,0
373854000,0
373856000,0
373858001,0
373860001,0
373862000,0
373864000,0
373866000,0
373868000,0
373870000,0
373872000,0
373874000,0
373876000,0
373878000,0
373880000,0
373882000,0
373884001,0
373886001,0
373888001,0
373890000,0
373892000,0
373894000,0
373896000,0
373898000,0
373900000,0
373902000,0
373904000,0
373906001,0
373908001,0
373910000,0
373912000,0
373914001,0
373916000,0
373918000,0
373920000,0
373922000,0
373924000,0
373926000,0
373928000,0
373930000,0
373932000,0
373934000,0
373936000,0
373938001,0
373940001,0
373942001,0
373944000,0
373946000,0
373948000,0
373950000,0
373952000,0
373954000,0
373956000,0
373958000,0
373960000,0
373962000,0
373964000,0
373966000,0
373968000,0
373970000,0
373972000,0
373974000,0
373976000,0
373978000,0
373980000,0
373982000,0
373984000,0
373986000,0
373988000,0
373990001,0
373992001,0
373994000,0
373996001,0
373998001,0
374000001,0
374002001,0
374004001,0
374006000,0
374008000,0
374010000,0
374012000,0
374014000,0
374016000,0
374018000,0
374020000,0
374022000,0
374024000,0
374026000,0
374028000,0
374030001,0
374032001,0
374034000,0
374036000,0
374038000,0
374040000,0
374042001,0
374044001,0
374046001,0
374048001,0
374050000,0
374052000,0
374054000,0
374056000,0
374058000,0
374060000,0
374062000,0
374064000,0
374066000,0
374068000,0
374070000,0
374072000,0
374074000,0
374076000,0
374078000,0
374080000,0
374082001,0
374084000,0
374086000,0
374088000,0
374090000,0
374092000,0
374094000,0
374096000,0
374098000,0
374100000,0
374102000,0
374104000,0
374106000,0
374108000,0
374110000,0
374112000,0
374114000,0
374116001,0
374118000,0
374120000,0
374122000,0
374124000,0
374126000,0
374128000,0
374130000,0
374132000,0
374134000,0
374136000,0
374138001,0
374140001,0
374142001,0
374144001,0
374146001,0
374148001,0
374150000,0
374152000,0
374154000,0
374156000,0
374158000,0
374160000,0
374162001,0
374164000,0
374166001,0
374168000,0
374170000,0
374172000,0
374174000,0
374176000,0
374178000,0
374180000,0
374182000,0
374184000,0
374186000,0
374188000,0
374190000,0
374192001,0
374194001,0
374196001,0
374198000,0
374200000,0
374202001,0
374204001,0
374206001,0
374208000,0
374210000,0
374212000,0
374214001,0
374216000,0
374218000,0
374220000,0
374222000,0
374224000,0
374226001,0
374228000,0
374230000,0
374232000,0
374234000,0
374236000,0
374238000,0
374240000,0
374242000,0
374244000,0
374246000,0
374248000,0
374250000,0
374252000,0
374254000,0
374256001,0
374258001,0
374260001,0
374262000,0
374264000,0
374266000,0
374268000,0
374270000,0
374272000,0
374274000,0
374276000,0
374278000,0
374280000,0
374282000,0
374284000,0
374286000,0
374288000,0
374290001,0
374292001,0
374294001,0
374296001,0
374298000,0
374300000,0
374302000,0
374304000,0
374306000,0
374308000,0
374310001,0
374312000,0
374314000,0
374316000,0
374318000,0
374320000,0
374322000,0
374324000,0
374326000,0
374328000,0
374330000,0
374332000,0
374334000,0
374336000,0
374338000,0
374340000,0
374342000,0
374344001,0
374346001,0
374348001,0
374350001,0
374352001,0
374354001,0
374356000,0
374358000,0
374360000,0
374362001,0
374364001,0
374366001,0
374368001,0
374370000,0
374372001,0
374374001,0
374376000,0
374378000,0
374380000,0
374382000,0
374384000,0
374386000,0
374388001,0
374390001,0
374392001,0
374394001,0
374396001,0
374398000,0
374400000,0
374402000,0
374404000,0
374406001,0
374408001,0
374410001,0
374412000,0
374414000,0
374416000,0
374418000,0
374420000,0
374422000,0
374424000,0
374426000,0
374428000,0
374430000,0
374432001,0
374434001,0
374436001,0
374438000,0
374440000,0
374442001,0
374444001,0
374446001,0
374448001,0
374450001,0
374452001,0
374454001,0
374456001,0
374458000,0
374460000,0
374462001,0
374464001,0
374466000,0
374468000,0
374470001,0
374472000,0
374474001,0
374476001,0
374478001,0
374480001,0
374482001,0
374484001,0
374486001,0
374488000,0
374490001,0
374492001,0
374494001,0
374496000,0
374498000,0
374500000,0
374502000,0
374504000,0
374506000,0
374508000,0
374510000,0
374512001,0
374514001,0
374516000,0
374518000,0
374520001,0
374522001,0
374524001,0
374526000,0
374528000,0
374530001,0
374532001,0
374534001,0
374536000,0
374538000,0
374540000,0
374542001,0
374544000,0
374546000,0
374548000,0
374550000,0
374552000,0
374554001,0
374556000,0
374558000,0
374560001,0
374562000,0
374564000,0
374566000,0
374568000,0
374570000,0
374572000,0
374574000,0
374576000,0
374578000,0
374580000,0
374582000,0
374584000,0
374586000,0
374588000,0
374590000,0
374592000,0
374594000,0
374596000,0
374598000,0
374600000,0
374602000,0
374604000,0
374606000,0
374608000,0
374610000,0
374612000,0
374614000,0
374616000,0
374618000,0
374620001,0
374622000,0
374624000,0
374626000,0
374628000,0
374630000,0
374632000,0
374634000,0
374636000,0
374638000,0
374640000,0
374642000,0
374644000,0
374646000,0
374648000,0
374650000,0
374652000,0
374654000,0
374656000,0
374658001,0
374660001,0
374662001,0
374664001,0
374666000,0
374668000,0
374670000,0
374672000,0
374674001,0
374676000,0
374678000,0
374680000,0
374682000,0
374684000,0
374686000,0
374688001,0
374690001,0
374692000,0
374694001,0
374696001,0
374698001,0
374700001,0
374702001,0
374704001,0
374706001,0
374708001,0
374710001,0
374712001,0
