t_us,adc
38104000,0
38106000,0
38108000,0
38110000,0
38112001,0
38114000,0
38116000,0
38118000,0
38120000,0
38122000,0
38124000,0
38126000,0
38128000,0
38130001,0
38132000,0
38134000,0
38136000,0
38138000,0
38140000,0
38142000,0
38144000,0
38146000,0
38148000,0
38150000,0
38152001,0
38154000,0
38156000,0
38158000,0
38160000,0
38162000,0
38164000,0
38166000,0
38168000,0
38170000,0
38172000,0
38174000,0
38176000,0
38178000,0
38180000,0
38182000,0
38184000,0
38186000,0
38188000,0
38190000,0
38192000,0
38194000,0
38196000,0
38198000,0
38200000,0
38202000,0
38204000,0
38206000,0
38208000,0
38210000,0
38212000,0
38214000,0
38216001,0
38218001,0
38220000,0
38222000,0
38224001,0
38226000,0
38228000,0
38230000,0
38232000,0
38234000,0
38236000,0
38238000,0
38240000,0
38242001,0
38244001,0
38246001,0
38248000,0
38250000,0
38252000,0
38254000,0
38256000,0
38258001,0
38260000,0
38262000,0
38264000,0
38266000,0
38268000,0
38270000,0
38272000,0
38274000,0
38276000,0
38278000,0
38280000,0
38282000,0
38284000,0
38286000,0
38288000,0
38290000,0
38292000,0
38294000,0
38296000,0
38298001,0
38300000,0
38302000,0
38304001,0
38306000,0
38308001,0
38310001,0
38312000,0
38314000,0
38316001,0
38318001,0
38320000,0
38322000,0
38324000,0
38326000,0
38328001,0
38330001,0
38332000,0
38334001,0
38336001,0
38338001,0
38340001,0
38342001,0
38344001,0
38346000,0
38348001,0
38350000,0
38352000,0
38354000,0
38356000,0
38358000,0
38360000,0
38362000,0
38364000,0
38366001,0
38368001,0
38370000,0
38372001,0
38374000,0
38376000,0
38378000,0
38380000,0
38382000,0
38384000,0
38386000,0
38388000,0
38390001,0
38392000,0
38394000,0
38396000,0
38398001,0
38400000,0
38402001,0
38404000,0
38406000,0
38408000,0
38410000,0
38412001,0
38414000,0
38416001,0
38418000,0
38420000,0
38422000,0
38424000,0
38426001,0
38428000,0
38430001,0
38432000,0
38434000,0
38436000,0
38438000,0
38440000,0
38442000,0
38444000,0
38446000,0
38448001,0
38450000,0
38452000,0
38454000,0
38456000,0
38458000,0
38460000,0
38462000,0
38464000,0
38466000,0
38468000,0
38470000,0
38472000,0
38474000,0
38476000,0
38478000,0
38480000,0
38482000,0
38484001,0
38486001,0
38488001,0
38490000,0
38492001,0
38494001,0
38496001,0
38498000,0
38500000,0
38502001,0
38504000,0
38506000,0
38508000,0
38510001,0
38512000,0
38514000,0
38516000,0
38518000,0
38520000,0
38522000,0
38524000,0
38526000,0
38528000,0
38530000,0
38532000,0
38534000,0
38536000,0
38538000,0
38540000,0
38542000,0
38544000,0
38546000,0
38548000,0
38550001,0
38552000,0
38554000,0
38556000,0
38558000,0
38560000,0
38562001,0
38564001,0
38566000,0
38568000,0
38570001,0
38572001,0
38574000,0
38576000,0
38578000,0
38580001,0
38582000,0
38584000,0
38586000,0
38588001,0
38590001,0
38592001,0
38594001,0
38596000,0
38598000,0
38600000,0
38602000,0
38604000,0
38606000,0
38608000,0
38610000,0
38612000,0
38614000,0
38616000,0
38618000,0
38620000,0
38622000,0
38624000,0
38626000,0
38628000,0
38630000,0
38632000,0
38634000,0
38636000,0
38638000,0
38640000,0
38642000,0
38644000,0
38646000,0
38648000,0
38650000,0
38652000,0
38654001,0
38656001,0
38658000,0
38660000,0
38662000,0
38664000,0
38666000,0
38668000,0
38670000,0
38672000,0
38674000,0
38676000,0
38678000,0
38680000,0
38682000,0
38684000,0
38686001,0
38688000,0
38690001,0
38692001,0
38694001,0
38696001,0
38698000,0
38700001,0
38702000,0
38704000,0
38706000,0
38708000,0
38710000,0
38712000,0
38714001,0
38716001,0
38718001,0
38720000,0
38722000,0
38724000,0
38726000,0
38728000,0
38730000,0
38732000,0
38734000,0
38736000,0
38738000,0
38740000,0
38742000,0
38744000,0
38746000,0
38748000,0
38750000,0
38752000,0
38754001,0
38756000,0
38758000,0
38760000,0
38762001,0
38764000,0
38766000,0
38768000,0
38770000,0
38772000,0
38774000,0
38776000,0
38778001,0
38780001,0
38782001,0
38784001,0
38786001,0
38788000,0
38790000,0
38792000,0
38794000,0
38796000,0
38798000,0
38800000,0
38802000,0
38804000,0
38806000,0
38808000,0
38810001,0
38812000,0
38814000,0
38816001,0
38818000,0
38820000,0
38822000,0
38824000,0
38826000,0
38828000,0
38830000,0
38832000,0
38834000,0
38836000,0
38838000,0
38840000,0
38842000,0
38844000,0
38846000,0
38848000,0
38850001,0
38852001,0
38854000,0
38856001,0
38858000,0
38860000,0
38862001,0
38864000,0
38866000,0
38868000,0
38870001,0
38872000,0
38874001,0
38876001,0
38878001,0
38880000,0
38882000,0
38884001,0
38886000,0
38888000,0
38890000,0
38892000,0
38894000,0
38896000,0
38898000,0
38900000,0
38902000,0
38904001,0
38906000,0
38908000,0
38910000,0
38912000,0
38914000,0
38916000,0
38918000,0
38920000,0
38922001,0
38924000,0
38926000,0
38928000,0
38930001,0
38932000,0
38934000,0
38936000,0
38938000,0
38940000,0
38942001,0
38944000,0
38946000,0
38948001,0
38950001,0
38952000,0
38954000,0
38956000,0
38958000,0
38960000,0
38962000,0
38964001,0
38966001,0
38968000,0
38970000,0
38972001,0
38974000,0
38976000,0
38978000,0
38980000,0
38982000,0
38984000,0
38986000,0
38988000,0
38990000,0
38992000,0
38994000,0
38996000,0
38998000,0
39000000,0
39002000,0
39004000,0
39006000,0
39008000,0
39010000,0
39012000,0
39014000,0
39016000,0
39018000,0
39020000,0
39022000,0
39024000,0
39026000,0
39028000,0
39030000,0
39032000,0
39034001,0
39036000,0
39038000,0
39040000,0
39042000,0
39044000,0
39046000,0
39048000,0
39050000,0
39052000,0
39054000,0
39056001,0
39058001,0
39060000,0
39062000,0
39064000,0
39066001,0
39068001,0
39070001,0
39072001,0
39074000,0
39076001,0
39078000,0
39080001,0
39082000,0
39084000,0
39086000,0
39088000,0
39090000,0
39092000,0
39094000,0
39096000,0
39098000,0
39100000,0
39102000,0
39104000,0
39106000,0
39108000,0
39110000,0
39112000,0
39114000,0
39116000,0
39118000,0
39120000,0
39122000,0
39124000,0
39126000,0
39128000,0
39130000,0
39132000,0
39134000,0
39136000,0
39138000,0
39140000,0
39142000,0
39144000,0
39146000,0
39148000,0
39150001,0
39152000,0
39154000,0
39156000,0
39158000,0
39160001,0
39162000,0
39164001,0
39166001,0
39168001,0
39170001,0
39172000,0
39174000,0
39176001,0
39178000,0
39180001,0
39182000,0
39184000,0
39186000,0
39188000,0
39190000,0
39192000,0
39194000,0
39196000,0
39198000,0
39200000,0
39202001,0
39204000,0
39206000,0
39208000,0
39210000,0
39212000,0
39214000,0
39216000,0
39218000,0
39220000,0
39222000,0
39224000,0
39226000,0
39228000,0
39230000,0
39232000,0
39234000,0
39236001,0
39238000,0
39240001,0
39242000,0
39244000,0
39246000,0
39248000,0
39250000,0
39252000,0
39254000,0
39256000,0
39258000,0
39260000,0
39262000,0
39264000,0
39266000,0
39268000,0
39270001,0
39272001,0
39274001,0
39276001,0
39278000,0
39280000,0
39282000,0
39284000,0
39286000,0
39288000,0
39290000,0
39292000,0
39294000,0
39296000,0
39298000,0
39300000,0
39302000,0
39304000,0
39306000,0
39308000,0
39310000,0
39312001,0
39314001,0
39316000,0
39318000,0
39320000,0
39322000,0
39324000,0
39326000,0
39328000,0
39330000,0
39332001,0
39334000,0
39336000,0
39338001,0
39340000,0
39342000,0
39344001,0
39346001,0
39348001,0
39350000,0
39352001,0
39354000,0
39356000,0
39358000,0
39360000,0
39362000,0
39364000,0
39366000,0
39368000,0
39370001,0
39372000,0
39374001,0
39376000,0
39378000,0
39380001,0
39382000,0
39384000,0
39386000,0
39388000,0
39390001,0
39392000,0
39394000,0
39396000,0
39398001,0
39400001,0
39402001,0
39404000,0
39406001,0
39408000,0
39410000,0
39412000,0
39414000,0
39416000,0
39418001,0
39420001,0
39422001,0
39424001,0
39426000,0
39428000,0
39430000,0
39432000,0
39434000,0
39436000,0
39438000,0
39440001,0
39442000,0
39444000,0
39446000,0
39448000,0
39450000,0
39452000,0
39454000,0
39456000,0
39458000,0
39460000,0
39462000,0
39464001,0
39466001,0
39468000,0
39470000,0
39472000,0
39474000,0
39476000,0
39478000,0
39480001,0
39482001,0
39484000,0
39486001,0
39488001,0
39490001,0
39492000,0
39494000,0
39496000,0
39498000,0
39500000,0
39502001,0
39504000,0
39506000,0
39508000,0
39510000,0
39512001,0
39514001,0
39516001,0
39518001,0
39520000,0
39522001,0
39524001,0
39526000,0
39528000,0
39530000,0
39532000,0
39534000,0
39536000,0
39538001,0
39540000,0
39542001,0
39544001,0
39546001,0
39548000,0
39550000,0
39552001,0
39554001,0
39556000,0
39558000,0
39560000,0
39562000,0
39564000,0
39566000,0
39568000,0
39570000,0
39572000,0
39574001,0
39576001,0
39578001,0
39580001,0
39582001,0
39584000,0
39586000,0
39588000,0
39590000,0
39592000,0
39594000,0
39596000,0
39598001,0
39600001,0
39602001,0
39604000,0
39606000,0
39608000,0
39610000,0
39612000,0
39614000,0
39616000,0
39618000,0
39620000,0
39622000,0
39624000,0
39626000,0
39628000,0
39630001,0
39632000,0
39634001,0
39636001,0
39638001,0
39640000,0
39642001,0
39644000,0
39646001,0
39648000,0
39650000,0
39652000,0
39654000,0
39656000,0
39658000,0
39660001,0
39662000,0
39664000,0
39666000,0
39668000,0
39670000,0
39672000,0
39674000,0
39676000,0
39678000,0
39680000,0
39682000,0
39684000,0
39686000,0
39688000,0
39690000,0
39692001,0
39694000,0
39696000,0
39698000,0
39700000,0
39702000,0
39704000,0
39706000,0
39708000,0
39710000,0
39712000,0
39714001,0
39716000,0
39718000,0
39720000,0
39722000,0
39724000,0
39726000,0
39728000,0
39730000,0
39732000,0
39734000,0
39736000,0
39738001,0
39740001,0
39742000,0
39744000,0
39746000,0
39748000,0
39750001,0
39752001,0
39754001,0
39756001,0
39758001,0
39760000,0
39762000,0
39764001,0
39766001,0
39768001,0
39770001,0
39772000,0
39774000,0
39776000,0
39778000,0
39780000,0
39782000,0
39784000,0
39786001,0
39788001,0
39790000,0
39792000,0
39794000,0
39796001,0
39798000,0
39800000,0
39802000,0
39804000,0
39806000,0
39808000,0
39810000,0
39812001,0
39814000,0
39816000,0
39818000,0
39820000,0
39822000,0
39824000,0
39826000,0
39828000,0
39830000,0
39832000,0
39834000,0
39836000,0
39838000,0
39840000,0
39842001,0
39844000,0
39846000,0
39848000,0
39850001,0
39852001,0
39854000,0
39856000,0
39858000,0
39860000,0
39862000,0
39864000,0
39866000,0
39868001,0
39870000,0
39872001,0
39874000,0
39876000,0
39878000,0
39880000,0
39882000,0
39884000,0
39886000,0
39888000,0
39890000,0
39892000,0
39894000,0
39896000,0
39898000,0
39900000,0
39902000,0
39904000,0
39906000,0
39908000,0
39910000,0
39912000,0
39914001,0
39916000,0
39918001,0
39920001,0
39922001,0
39924000,0
39926000,0
39928000,0
39930000,0
39932000,0
39934000,0
39936001,0
39938000,0
39940000,0
39942000,0
39944000,0
39946000,0
39948000,0
39950000,0
39952000,0
39954000,0
39956000,0
39958001,0
39960000,0
39962001,0
39964000,0
39966001,0
39968000,0
39970000,0
39972000,0
39974000,0
39976000,0
39978000,0
39980001,0
39982001,0
39984001,0
39986001,0
39988001,0
39990000,0
39992000,0
39994000,0
39996001,0
39998000,0
40000000,0
40002000,0
40004000,0
40006001,0
40008001,0
40010001,0
40012000,0
40014001,0
40016001,0
40018001,0
40020000,0
40022001,0
40024000,0
40026000,0
40028000,0
40030000,0
40032000,0
40034000,0
40036000,0
40038000,0
40040000,0
40042000,0
40044000,0
40046000,0
40048000,0
40050000,0
40052000,0
40054001,0
40056001,0
40058000,0
40060000,0
40062000,0
40064001,0
40066000,0
40068001,0
40070000,0
40072000,0
40074000,0
40076000,0
40078000,0
40080000,0
40082000,0
40084001,0
40086000,0
40088000,0
40090000,0
40092001,0
40094001,0
40096001,0
40098000,0
40100001,0
40102000,0
40104001,0
40106000,0
40108000,0
40110001,0
40112000,0
40114000,0
40116000,0
40118000,0
40120000,0
40122000,0
40124000,0
40126001,0
40128000,0
40130000,0
40132000,0
40134000,0
40136000,0
40138001,0
40140001,0
40142000,0
40144000,0
40146000,0
40148000,0
40150001,0
40152001,0
40154001,0
40156001,0
40158000,0
40160000,0
40162000,0
40164000,0
40166000,0
40168001,0
40170000,0
40172000,0
40174000,0
40176000,0
40178000,0
40180000,0
40182000,0
40184000,0
40186000,0
40188000,0
40190001,0
40192000,0
40194001,0
40196000,0
40198000,0
40200001,0
40202000,0
40204000,0
40206000,0
40208000,0
40210000,0
40212000,0
40214000,0
40216001,0
40218000,0
40220000,0
40222001,0
40224001,0
40226000,0
40228000,0
40230000,0
40232000,0
40234000,0
40236000,0
40238000,0
40240000,0
40242000,0
40244000,0
40246000,0
40248000,0
40250001,0
40252000,0
40254000,0
40256000,0
40258000,0
40260000,0
40262000,0
40264000,0
40266000,0
40268000,0
40270000,0
40272000,0
40274000,0
40276000,0
40278000,0
40280000,0
40282000,0
40284000,0
40286000,0
40288000,0
40290001,0
40292000,0
40294001,0
40296000,0
40298001,0
40300001,0
40302001,0
40304000,0
40306001,0
40308000,0
40310000,0
40312000,0
40314000,0
40316000,0
40318000,0
40320000,0
40322000,0
40324001,0
40326000,0
40328000,0
40330000,0
40332000,0
40334000,0
40336000,0
40338000,0
40340000,0
40342000,0
40344000,0
40346000,0
40348000,0
40350000,0
40352000,0
40354000,0
40356000,0
40358001,0
40360001,0
40362001,0
40364000,0
40366000,0
40368000,0
40370000,0
40372000,0
40374000,0
40376000,0
40378000,0
40380000,0
40382000,0
40384001,0
40386001,0
40388000,0
40390000,0
40392000,0
40394000,0
40396001,0
40398001,0
40400001,0
40402001,0
40404000,0
40406000,0
40408000,0
40410000,0
40412000,0
40414000,0
40416000,0
40418000,0
40420000,0
40422000,0
40424000,0
40426000,0
40428000,0
40430000,0
40432000,0
40434000,0
40436000,0
40438000,0
40440000,0
40442000,0
40444000,0
40446000,0
40448001,0
40450000,0
40452000,0
40454001,0
40456000,0
40458000,0
40460000,0
40462000,0
40464000,0
40466000,0
40468000,0
40470000,0
40472000,0
40474000,0
40476000,0
40478000,0
40480000,0
40482000,0
40484000,0
40486000,0
40488000,0
40490000,0
40492000,0
40494000,0
40496000,0
40498001,0
40500001,0
40502000,0
40504000,0
40506001,0
40508001,0
40510000,0
40512000,0
40514000,0
40516001,0
40518001,0
40520000,0
40522000,0
40524000,0
40526000,0
40528000,0
40530000,0
40532000,0
40534000,0
40536000,0
40538000,0
40540000,0
40542000,0
40544000,0
40546000,0
40548000,0
40550001,0
40552000,0
40554000,0
40556000,0
40558000,0
40560000,0
40562000,0
40564001,0
40566001,0
40568001,0
40570000,0
40572000,0
40574001,0
40576000,0
40578001,0
40580001,0
40582001,0
40584001,0
40586000,0
40588000,0
40590000,0
40592000,0
40594000,0
40596000,0
40598001,0
40600000,0
40602000,0
40604000,0
40606000,0
40608000,0
40610000,0
40612001,0
40614000,0
40616000,0
40618001,0
40620000,0
40622000,0
40624000,0
40626001,0
40628000,0
40630001,0
40632001,0
40634000,0
40636001,0
40638000,0
40640001,0
40642001,0
40644001,0
40646000,0
40648000,0
40650001,0
40652000,0
40654000,0
40656001,0
40658000,0
40660000,0
40662000,0
40664001,0
40666001,0
40668001,0
40670000,0
40672000,0
40674000,0
40676000,0
40678000,0
40680000,0
40682001,0
40684001,0
40686001,0
40688001,0
40690000,0
40692000,0
40694000,0
40696000,0
40698001,0
40700000,0
40702000,0
40704000,0
40706000,0
40708000,0
40710000,0
40712000,0
40714001,0
40716000,0
40718000,0
40720000,0
40722000,0
40724000,0
40726000,0
40728000,0
40730000,0
40732000,0
40734000,0
40736000,0
40738000,0
40740000,0
40742001,0
40744000,0
40746000,0
40748000,0
40750000,0
40752000,0
40754001,0
40756000,0
40758000,0
40760000,0
40762000,0
40764000,0
40766000,0
40768001,0
40770001,0
40772000,0
40774000,0
40776001,0
40778000,0
40780000,0
40782000,0
40784000,0
40786000,0
40788000,0
40790001,0
40792000,0
40794000,0
40796000,0
40798000,0
40800000,0
40802001,0
40804001,0
40806000,0
40808001,0
40810000,0
40812000,0
40814001,0
40816000,0
40818000,0
40820000,0
40822000,0
40824000,0
40826001,0
40828001,0
40830001,0
40832000,0
40834000,0
40836001,0
40838001,0
40840000,0
40842000,0
40844000,0
40846001,0
40848001,0
40850001,0
40852000,0
40854001,0
40856001,0
40858000,0
40860000,0
40862000,0
40864001,0
40866000,0
40868000,0
40870001,0
40872000,0
40874001,0
40876001,0
40878000,0
40880000,0
40882001,0
40884000,0
40886000,0
40888000,0
40890000,0
40892000,0
40894000,0
40896000,0
40898000,0
40900000,0
40902000,0
40904000,0
40906000,0
40908000,0
40910000,0
40912000,0
40914001,0
40916001,0
40918000,0
40920000,0
40922000,0
40924000,0
40926000,0
40928000,0
40930000,0
40932000,0
40934000,0
40936000,0
40938001,0
40940000,0
40942000,0
40944000,0
40946000,0
40948000,0
40950001,0
40952000,0
40954000,0
40956000,0
40958001,0
40960001,0
40962000,0
40964001,0
40966001,0
40968001,0
40970001,0
40972000,0
40974000,0
40976001,0
40978000,0
40980000,0
40982000,0
40984000,0
40986000,0
40988000,0
40990000,0
40992001,0
40994001,0
40996000,0
40998001,0
41000001,0
41002000,0
41004001,0
41006000,0
41008000,0
41010000,0
41012000,0
41014001,0
41016001,0
41018000,0
41020001,0
41022001,0
41024000,0
41026000,0
41028000,0
41030000,0
41032000,0
41034000,0
41036000,0
41038000,0
41040001,0
41042000,0
41044001,0
41046001,0
41048001,0
41050000,0
41052000,0
41054000,0
41056001,0
41058000,0
41060000,0
41062000,0
41064001,0
41066000,0
41068001,0
41070000,0
41072001,0
41074001,0
41076000,0
41078000,0
41080000,0
41082000,0
41084000,0
41086000,0
41088000,0
41090000,0
41092000,0
41094000,0
41096000,0
41098001,0
41100000,0
41102001,0
41104001,0
41106000,0
41108000,0
41110000,0
41112001,0
41114001,0
41116000,0
41118000,0
41120001,0
41122000,0
41124000,0
41126000,0
41128000,0
41130000,0
41132000,0
41134001,0
41136000,0
41138000,0
41140001,0
41142000,0
41144001,0
41146001,0
41148000,0
41150001,0
41152001,0
41154000,0
41156001,0
41158000,0
41160001,0
41162000,0
41164000,0
41166000,0
41168001,0
41170000,0
41172000,0
41174001,0
41176000,0
41178000,0
41180000,0
41182000,0
41184001,0
41186001,0
41188001,0
41190001,0
41192001,0
41194001,0
41196000,0
41198000,0
41200000,0
41202000,0
41204000,0
41206000,0
41208000,0
41210000,0
41212001,0
41214000,0
41216000,0
41218000,0
41220000,0
41222000,0
41224000,0
41226000,0
41228000,0
41230000,0
41232000,0
41234001,0
41236001,0
41238000,0
41240000,0
41242000,0
41244000,0
41246000,0
41248000,0
41250000,0
41252000,0
41254000,0
41256000,0
41258001,0
41260001,0
41262000,0
41264000,0
41266000,0
41268000,0
41270000,0
41272000,0
41274000,0
41276001,0
41278001,0
41280001,0
41282001,0
41284000,0
41286000,0
41288000,0
41290000,0
41292000,0
41294000,0
41296000,0
41298000,0
41300000,0
41302000,0
41304001,0
41306000,0
41308000,0
41310000,0
41312001,0
41314000,0
41316000,0
41318000,0
41320000,0
41322000,0
41324000,0
41326001,0
41328000,0
41330000,0
41332001,0
41334000,0
41336001,0
41338000,0
41340001,0
41342000,0
41344000,0
41346000,0
41348000,0
41350001,0
41352000,0
41354001,0
41356000,0
41358001,0
41360001,0
41362000,0
41364000,0
41366001,0
41368001,0
41370001,0
41372000,0
41374001,0
41376000,0
41378000,0
41380000,0
41382000,0
41384000,0
41386000,0
41388000,0
41390000,0
41392001,0
41394000,0
41396001,0
41398000,0
41400001,0
41402000,0
41404001,0
41406001,0
41408000,0
41410000,0
41412000,0
41414000,0
41416000,0
41418000,0
41420000,0
41422000,0
41424000,0
41426000,0
41428000,0
41430000,0
41432001,0
41434001,0
41436001,0
41438001,0
41440001,0
41442001,0
41444001,0
41446000,0
41448001,0
41450001,0
41452001,0
41454000,0
41456000,0
41458000,0
41460000,0
41462000,0
41464000,0
41466001,0
41468000,0
41470001,0
41472000,0
41474001,0
41476001,0
41478000,0
41480000,0
41482000,0
41484000,0
41486000,0
41488000,0
41490000,0
41492000,0
41494000,0
41496001,0
41498000,0
41500001,0
41502001,0
41504000,0
41506000,0
41508000,0
41510000,0
41512000,0
41514001,0
41516001,0
41518001,0
41520000,0
41522001,0
41524001,0
41526000,0
41528000,0
41530001,0
41532000,0
41534001,0
41536001,0
41538000,0
41540000,0
41542001,0
41544001,0
41546000,0
41548001,0
41550001,0
41552001,0
41554001,0
41556001,0
41558001,0
41560000,0
41562001,0
41564000,0
41566001,0
41568001,0
41570001,0
41572000,0
41574000,0
41576000,0
41578000,0
41580000,0
41582000,0
41584000,0
41586000,0
41588000,0
41590000,0
41592001,0
41594000,0
41596001,0
41598000,0
41600001,0
41602001,0
41604000,0
41606001,0
41608000,0
41610000,0
41612000,0
41614000,0
41616000,0
41618000,0
41620000,0
41622000,0
41624000,0
41626000,0
41628000,0
41630000,0
41632000,0
41634000,0
41636000,0
41638000,0
41640000,0
41642000,0
41644000,0
41646000,0
41648001,0
41650001,0
41652000,0
41654001,0
41656000,0
41658000,0
41660001,0
41662001,0
41664001,0
41666000,0
41668000,0
41670000,0
41672000,0
41674000,0
41676000,0
41678000,0
41680001,0
41682000,0
41684001,0
41686001,0
41688001,0
41690000,0
41692001,0
41694001,0
41696000,0
41698001,0
41700000,0
41702001,0
41704000,0
41706001,0
41708000,0
41710001,0
41712001,0
41714000,0
41716001,0
41718000,0
41720000,0
41722000,0
41724000,0
41726001,0
41728000,0
41730000,0
41732000,0
41734000,0
41736000,0
41738000,0
41740001,0
41742001,0
41744001,0
41746001,0
41748001,0
41750001,0
41752000,0
41754000,0
41756000,0
41758000,0
41760000,0
41762000,0
41764000,0
41766000,0
41768001,0
41770000,0
41772001,0
41774000,0
41776000,0
41778001,0
41780001,0
41782000,0
41784000,0
41786000,0
41788001,0
41790000,0
41792001,0
41794000,0
41796000,0
41798000,0
41800000,0
41802001,0
41804000,0
41806000,0
41808001,0
41810001,0
41812000,0
41814001,0
41816000,0
41818001,0
41820001,0
41822000,0
41824000,0
41826000,0
41828000,0
41830000,0
41832000,0
41834000,0
41836000,0
41838001,0
41840001,0
41842000,0
41844000,0
41846000,0
41848001,0
41850000,0
41852001,0
41854001,0
41856001,0
41858001,0
41860000,0
41862000,0
41864001,0
41866000,0
41868000,0
41870001,0
41872001,0
41874000,0
41876001,0
41878000,0
41880000,0
41882000,0
41884001,0
41886000,0
41888001,0
41890001,0
41892000,0
41894001,0
41896000,0
41898001,0
41900000,0
41902001,0
41904000,0
41906000,0
41908000,0
41910000,0
41912000,0
41914001,0
41916000,0
41918001,0
41920001,0
41922000,0
41924001,0
41926001,0
41928001,0
41930000,0
41932001,0
41934001,0
41936001,0
41938000,0
41940001,0
41942000,0
41944001,0
41946000,0
41948000,0
41950000,0
41952000,0
41954000,0
41956000,0
41958000,0
41960000,0
41962001,0
41964001,0
41966000,0
41968001,0
41970001,0
41972001,0
41974001,0
41976000,0
41978001,0
41980000,0
41982001,0
41984000,0
41986000,0
41988001,0
41990001,0
41992000,0
41994001,0
41996000,0
41998001,0
42000000,0
42002000,0
42004000,0
42006000,0
42008000,0
42010000,0
42012000,0
42014001,0
42016001,0
42018001,0
42020001,0
42022000,0
42024001,0
42026000,0
42028001,0
42030001,0
42032000,0
42034000,0
42036000,0
42038001,0
42040001,0
42042001,0
42044001,0
42046000,0
42048001,0
42050000,0
42052001,0
42054000,0
42056000,0
42058001,0
42060000,0
42062001,0
42064000,0
42066001,0
42068000,0
42070001,0
42072001,0
42074001,0
42076000,0
42078000,0
42080000,0
42082001,0
42084000,0
42086001,0
42088001,0
42090001,0
42092001,0
42094001,0
42096000,0
42098001,0
42100001,0
42102001,0
42104000,0
42106000,0
42108001,0
42110000,0
42112000,0
42114000,0
42116000,0
42118000,0
42120000,0
42122000,0
42124000,0
42126000,0
42128001,0
42130001,0
42132001,0
42134001,0
42136000,0
42138000,0
42140000,0
42142001,0
42144001,0
42146000,0
42148000,0
42150000,0
42152000,0
42154000,0
42156000,0
42158000,0
42160000,0
42162000,0
42164000,0
42166000,0
42168000,0
42170001,0
42172000,0
42174000,0
42176001,0
42178000,0
42180001,0
42182000,0
42184000,0
42186000,0
42188000,0
42190000,0
42192001,0
42194001,0
42196001,0
42198000,0
42200001,0
42202001,0
42204001,0
42206001,0
42208000,0
42210000,0
42212000,0
42214000,0
42216000,0
42218000,0
42220000,0
42222000,0
42224001,0
42226001,0
42228000,0
42230000,0
42232001,0
42234000,0
42236001,0
42238000,0
42240000,0
42242000,0
42244001,0
42246001,0
42248000,0
42250001,0
42252001,0
42254000,0
42256001,0
42258001,0
42260001,0
42262001,0
42264000,0
42266000,0
42268000,0
42270000,0
42272000,0
42274000,0
42276001,0
42278000,0
42280000,0
42282001,0
42284000,0
42286001,0
42288001,0
42290000,0
42292001,0
42294000,0
42296000,0
42298000,0
42300000,0
42302000,0
42304000,0
42306000,0
42308000,0
42310000,0
42312000,0
42314001,0
42316001,0
42318000,0
42320001,0
42322000,0
42324001,0
42326000,0
42328000,0
42330001,0
42332001,0
42334000,0
42336000,0
42338000,0
42340001,0
42342000,0
42344000,0
42346000,0
42348001,0
42350001,0
42352001,0
42354000,0
42356001,0
42358000,0
42360001,0
42362000,0
42364000,0
42366001,0
42368000,0
42370000,0
42372000,0
42374000,0
42376000,0
42378000,0
42380000,0
42382000,0
42384000,0
42386001,0
42388000,0
42390000,0
42392001,0
42394000,0
42396001,0
42398001,0
42400001,0
42402001,0
42404000,0
42406000,0
42408001,0
42410000,0
42412000,0
42414000,0
42416000,0
42418000,0
42420000,0
42422000,0
42424000,0
42426000,0
42428000,0
42430000,0
42432000,0
42434001,0
42436001,0
42438001,0
42440000,0
42442000,0
42444000,0
42446000,0
42448000,0
42450000,0
42452000,0
42454000,0
42456000,0
42458000,0
42460000,0
42462000,0
42464001,0
42466001,0
42468000,0
42470001,0
42472000,0
42474000,0
42476001,0
42478000,0
42480000,0
42482001,0
42484000,0
42486000,0
42488000,0
42490000,0
42492000,0
42494001,0
42496001,0
42498001,0
42500001,0
42502000,0
42504000,0
42506000,0
42508000,0
42510000,0
42512001,0
42514000,0
42516000,0
42518001,0
42520000,0
42522001,0
42524001,0
42526000,0
42528001,0
42530000,0
42532000,0
42534000,0
42536000,0
42538000,0
42540000,0
42542000,0
42544000,0
42546001,0
42548000,0
42550000,0
42552000,0
42554000,0
42556001,0
42558000,0
42560001,0
42562001,0
42564000,0
42566000,0
42568000,0
42570001,0
42572000,0
42574000,0
42576000,0
42578000,0
42580000,0
42582000,0
42584001,0
42586001,0
42588000,0
42590001,0
42592000,0
42594000,0
42596000,0
42598000,0
42600000,0
42602001,0
42604000,0
42606000,0
42608001,0
42610000,0
42612000,0
42614001,0
42616000,0
42618000,0
42620000,0
42622000,0
42624000,0
42626000,0
42628000,0
42630000,0
42632000,0
42634000,0
42636000,0
42638000,0
42640001,0
42642001,0
42644000,0
42646000,0
42648001,0
42650000,0
42652000,0
42654001,0
42656000,0
42658000,0
42660000,0
42662000,0
42664001,0
42666001,0
42668000,0
42670000,0
42672000,0
42674000,0
42676001,0
42678000,0
42680001,0
42682001,0
42684001,0
42686000,0
42688001,0
42690000,0
42692000,0
42694001,0
42696001,0
42698001,0
42700001,0
42702000,0
42704000,0
42706001,0
42708001,0
42710001,0
42712000,0
42714001,0
42716000,0
42718000,0
42720001,0
42722001,0
42724001,0
42726001,0
42728000,0
42730000,0
42732001,0
42734000,0
42736000,0
42738000,0
42740000,0
42742000,0
42744000,0
42746001,0
42748001,0
42750001,0
42752001,0
42754001,0
42756000,0
42758001,0
42760000,0
42762000,0
42764001,0
42766000,0
42768000,0
42770000,0
42772000,0
42774000,0
42776000,0
42778000,0
42780000,0
42782000,0
42784000,0
42786000,0
42788000,0
42790000,0
42792000,0
42794000,0
42796000,0
42798000,0
42800001,0
42802000,0
42804000,0
42806000,0
42808000,0
42810000,0
42812000,0
42814001,0
42816000,0
42818001,0
42820000,0
42822001,0
42824001,0
42826000,0
42828000,0
42830001,0
42832001,0
42834001,0
42836000,0
42838001,0
42840001,0
42842001,0
42844001,0
42846000,0
42848001,0
42850001,0
42852000,0
42854000,0
42856001,0
42858001,0
42860000,0
42862001,0
42864001,0
42866001,0
42868001,0
42870000,0
42872001,0
42874000,0
42876001,0
42878001,0
42880000,0
42882000,0
42884000,0
42886000,0
42888000,0
42890000,0
42892000,0
42894001,0
42896001,0
42898000,0
42900001,0
42902001,0
42904001,0
42906000,0
42908000,0
42910000,0
42912000,0
42914000,0
42916001,0
42918001,0
42920001,0
42922000,0
42924001,0
42926000,0
42928000,0
42930000,0
42932000,0
42934000,0
42936000,0
42938000,0
42940000,0
42942000,0
42944000,0
42946000,0
42948000,0
42950000,0
42952000,0
42954001,0
42956001,0
42958000,0
42960000,0
42962000,0
42964001,0
42966000,0
42968001,0
42970000,0
42972000,0
42974000,0
42976001,0
42978001,0
42980000,0
42982001,0
42984000,0
42986000,0
42988000,0
42990000,0
42992000,0
42994000,0
42996000,0
42998000,0
43000001,0
43002001,0
43004000,0
43006000,0
43008000,0
43010000,0
43012000,0
43014000,0
43016000,0
43018000,0
43020000,0
43022001,0
43024000,0
43026001,0
43028000,0
43030001,0
43032001,0
43034001,0
43036000,0
43038001,0
43040000,0
43042000,0
43044000,0
43046000,0
43048001,0
43050000,0
43052000,0
43054000,0
43056000,0
43058001,0
43060001,0
43062000,0
43064000,0
43066001,0
43068001,0
43070000,0
43072001,0
43074000,0
43076001,0
43078001,0
43080000,0
43082000,0
43084001,0
43086001,0
43088000,0
43090001,0
43092000,0
43094001,0
43096000,0
43098001,0
43100001,0
43102001,0
43104001,0
43106000,0
43108001,0
43110001,0
43112000,0
43114001,0
43116001,0
43118000,0
43120001,0
43122000,0
43124001,0
43126000,0
43128001,0
43130001,0
43132001,0
43134000,0
43136001,0
43138001,0
43140001,0
43142001,0
43144000,0
43146001,0
43148001,0
43150000,0
43152001,0
43154001,0
43156001,0
43158001,0
43160000,0
43162000,0
43164000,0
43166000,0
43168000,0
43170001,0
43172000,0
43174000,0
43176000,0
43178000,0
43180000,0
43182000,0
43184000,0
43186000,0
43188000,0
43190000,0
43192001,0
43194000,0
43196001,0
43198001,0
43200001,0
43202000,0
43204000,0
43206001,0
43208000,0
43210000,0
43212000,0
43214001,0
43216001,0
43218001,0
43220001,0
43222001,0
43224000,0
43226000,0
43228000,0
43230001,0
43232000,0
43234001,0
43236001,0
43238000,0
43240001,0
43242000,0
43244001,0
43246001,0
43248000,0
43250001,0
43252000,0
43254001,0
43256000,0
43258000,0
43260000,0
43262000,0
43264000,0
43266000,0
43268000,0
43270000,0
43272000,0
43274001,0
43276000,0
43278000,0
43280001,0
43282000,0
43284001,0
43286000,0
43288000,0
43290000,0
43292000,0
43294000,0
43296000,0
43298001,0
43300000,0
43302000,0
43304000,0
43306001,0
43308001,0
43310000,0
43312001,0
43314000,0
43316001,0
43318001,0
43320000,0
43322001,0
43324000,0
43326000,0
43328000,0
43330000,0
43332000,0
43334000,0
43336000,0
43338000,0
43340000,0
43342000,0
43344000,0
43346000,0
43348001,0
43350001,0
43352000,0
43354001,0
43356000,0
43358000,0
43360000,0
43362000,0
43364000,0
43366000,0
43368001,0
43370000,0
43372001,0
43374000,0
43376000,0
43378001,0
43380000,0
43382000,0
43384000,0
43386001,0
43388000,0
43390000,0
43392000,0
43394000,0
43396000,0
43398001,0
43400001,0
43402001,0
43404001,0
43406001,0
43408001,0
43410001,0
43412001,0
43414000,0
43416001,0
43418001,0
43420000,0
43422001,0
43424001,0
43426001,0
43428000,0
43430001,0
43432001,0
43434000,0
43436000,0
43438000,0
43440001,0
43442000,0
43444000,0
43446000,0
43448000,0
43450001,0
43452000,0
43454000,0
43456000,0
43458000,0
43460000,0
43462000,0
43464000,0
43466000,0
43468001,0
43470000,0
43472001,0
43474000,0
43476000,0
43478001,0
43480000,0
43482000,0
43484001,0
43486001,0
43488001,0
43490000,0
43492000,0
43494001,0
43496000,0
43498000,0
43500000,0
43502000,0
43504000,0
43506001,0
43508001,0
43510001,0
43512001,0
43514000,0
43516001,0
43518001,0
43520000,0
43522001,0
43524000,0
43526001,0
43528000,0
43530000,0
43532000,0
43534000,0
43536000,0
43538000,0
43540001,0
43542000,0
43544000,0
43546001,0
43548000,0
43550000,0
43552000,0
43554000,0
43556000,0
43558000,0
43560001,0
43562000,0
43564001,0
43566000,0
43568001,0
43570000,0
43572000,0
43574001,0
43576001,0
43578001,0
43580000,0
43582001,0
43584001,0
43586000,0
43588000,0
43590001,0
43592000,0
43594001,0
43596000,0
43598001,0
43600000,0
43602000,0
43604001,0
43606000,0
43608000,0
43610001,0
43612001,0
43614001,0
43616001,0
43618001,0
43620000,0
43622001,0
43624000,0
43626000,0
43628000,0
43630000,0
43632001,0
43634001,0
43636001,0
43638000,0
43640001,0
43642000,0
43644000,0
43646001,0
43648000,0
43650001,0
43652000,0
43654001,0
43656001,0
43658001,0
43660000,0
43662001,0
43664000,0
43666000,0
43668000,0
43670000,0
43672000,0
43674001,0
43676000,0
43678001,0
43680001,0
43682000,0
43684001,0
43686000,0
43688001,0
43690000,0
43692000,0
43694000,0
43696000,0
43698000,0
43700001,0
43702000,0
43704000,0
43706000,0
43708000,0
43710000,0
43712000,0
43714001,0
43716000,0
43718001,0
43720001,0
43722000,0
43724000,0
43726000,0
43728000,0
43730000,0
43732001,0
43734000,0
43736000,0
43738000,0
43740000,0
43742000,0
43744000,0
43746000,0
43748000,0
43750000,0
43752000,0
43754000,0
43756001,0
43758000,0
43760001,0
43762001,0
43764001,0
43766001,0
43768001,0
43770000,0
43772001,0
43774001,0
43776000,0
43778001,0
43780001,0
43782000,0
43784001,0
43786000,0
43788001,0
43790000,0
43792001,0
43794001,0
43796000,0
43798001,0
43800001,0
43802000,0
43804000,0
43806000,0
43808001,0
43810001,0
43812000,0
43814000,0
43816000,0
43818001,0
43820000,0
43822000,0
43824001,0
43826001,0
43828001,0
43830001,0
43832001,0
43834000,0
43836001,0
43838000,0
43840000,0
43842000,0
43844000,0
43846000,0
43848001,0
43850000,0
43852001,0
43854001,0
43856000,0
43858000,0
43860000,0
43862000,0
43864000,0
43866001,0
43868000,0
43870001,0
43872000,0
43874000,0
43876000,0
43878000,0
43880001,0
43882000,0
43884001,0
43886000,0
43888001,0
43890000,0
43892001,0
43894001,0
43896000,0
43898001,0
43900001,0
43902001,0
43904000,0
43906001,0
43908000,0
43910001,0
43912001,0
43914001,0
43916001,0
43918000,0
43920001,0
43922000,0
43924001,0
43926000,0
43928000,0
43930001,0
43932000,0
43934000,0
43936001,0
43938001,0
43940001,0
43942000,0
43944000,0
43946000,0
43948000,0
43950000,0
43952000,0
43954000,0
43956001,0
43958000,0
43960001,0
43962001,0
43964000,0
43966000,0
43968000,0
43970000,0
43972000,0
43974000,0
43976001,0
43978001,0
43980001,0
43982000,0
43984000,0
43986001,0
43988001,0
43990001,0
43992000,0
43994000,0
43996000,0
43998000,0
44000000,0
44002000,0
44004000,0
44006001,0
44008000,0
44010001,0
44012000,0
44014001,0
44016001,0
44018001,0
44020001,0
44022000,0
44024001,0
44026001,0
44028001,0
44030001,0
44032000,0
44034000,0
44036000,0
44038000,0
44040000,0
44042000,0
44044000,0
44046000,0
44048000,0
44050000,0
44052001,0
44054000,0
44056000,0
44058000,0
44060001,0
44062000,0
44064000,0
44066001,0
44068001,0
44070000,0
44072000,0
44074000,0
44076000,0
44078001,0
44080000,0
44082001,0
44084000,0
44086001,0
44088001,0
44090000,0
44092000,0
44094001,0
44096000,0
44098001,0
44100000,0
44102001,0
44104000,0
44106000,0
44108000,0
44110001,0
44112001,0
44114000,0
44116001,0
44118001,0
44120001,0
44122001,0
44124001,0
44126001,0
44128001,0
44130000,0
44132000,0
44134000,0
44136000,0
44138000,0
44140000,0
44142001,0
44144000,0
44146000,0
44148000,0
44150001,0
44152001,0
44154000,0
44156001,0
44158000,0
44160001,0
44162000,0
44164000,0
44166000,0
44168000,0
44170000,0
44172000,0
44174000,0
44176000,0
44178000,0
44180001,0
44182000,0
44184000,0
44186001,0
44188001,0
44190001,0
44192000,0
44194000,0
44196000,0
44198000,0
44200000,0
44202000,0
44204000,0
44206000,0
44208000,0
44210000,0
44212000,0
44214000,0
44216001,0
44218001,0
44220001,0
44222001,0
44224000,0
44226000,0
44228000,0
44230001,0
44232001,0
44234000,0
44236000,0
44238000,0
44240001,0
44242000,0
44244001,0
44246001,0
44248001,0
44250001,0
44252000,0
44254001,0
44256001,0
44258001,0
44260000,0
44262000,0
44264000,0
44266001,0
44268001,0
44270001,0
44272000,0
44274001,0
44276001,0
44278000,0
44280000,0
44282000,0
44284000,0
44286000,0
44288000,0
44290000,0
44292001,0
44294001,0
44296000,0
44298000,0
44300000,0
44302001,0
44304001,0
44306000,0
44308000,0
44310000,0
44312001,0
44314000,0
44316001,0
44318001,0
44320001,0
44322000,0
44324000,0
44326001,0
44328000,0
44330000,0
44332000,0
44334000,0
44336000,0
44338000,0
44340000,0
44342000,0
44344000,0
44346000,0
44348000,0
44350001,0
44352000,0
44354000,0
44356001,0
44358000,0
44360001,0
44362000,0
44364001,0
44366000,0
44368001,0
44370000,0
44372001,0
44374001,0
44376000,0
44378000,0
44380000,0
44382001,0
44384001,0
44386000,0
44388000,0
44390000,0
44392000,0
44394000,0
44396000,0
44398000,0
44400000,0
44402000,0
44404000,0
44406000,0
44408001,0
44410000,0
44412000,0
44414001,0
44416000,0
44418000,0
44420000,0
44422000,0
44424000,0
44426000,0
44428000,0
44430000,0
44432000,0
44434000,0
44436000,0
44438001,0
44440001,0
44442001,0
44444000,0
44446000,0
44448000,0
44450001,0
44452001,0
44454000,0
44456001,0
44458000,0
44460001,0
44462001,0
44464000,0
44466000,0
44468001,0
44470000,0
44472001,0
44474001,0
44476001,0
44478000,0
44480001,0
44482001,0
44484001,0
44486000,0
44488000,0
44490000,0
44492000,0
44494000,0
44496000,0
44498000,0
44500000,0
44502000,0
44504000,0
44506000,0
44508001,0
44510001,0
44512000,0
44514001,0
44516000,0
44518001,0
44520001,0
44522000,0
44524001,0
44526000,0
44528001,0
44530001,0
44532001,0
44534001,0
44536000,0
44538001,0
44540000,0
44542000,0
44544001,0
44546000,0
44548001,0
44550001,0
44552001,0
44554000,0
44556000,0
44558000,0
44560000,0
44562001,0
44564000,0
44566001,0
44568001,0
44570001,0
44572000,0
44574000,0
44576000,0
44578001,0
44580001,0
44582000,0
44584000,0
44586000,0
44588000,0
44590000,0
44592000,0
44594001,0
44596001,0
44598000,0
44600001,0
44602000,0
44604001,0
44606000,0
44608001,0
44610000,0
44612001,0
44614001,0
44616001,0
44618000,0
44620001,0
44622001,0
44624000,0
44626001,0
44628000,0
44630000,0
44632000,0
44634000,0
44636000,0
44638000,0
44640000,0
44642001,0
44644001,0
44646001,0
44648000,0
44650001,0
44652001,0
44654001,0
44656001,0
44658000,0
44660000,0
44662000,0
44664001,0
44666001,0
44668000,0
44670001,0
44672001,0
44674000,0
44676001,0
44678000,0
44680001,0
44682000,0
44684000,0
44686000,0
44688001,0
44690001,0
44692000,0
44694000,0
44696000,0
44698000,0
44700000,0
44702000,0
44704000,0
44706001,0
44708001,0
44710000,0
44712000,0
44714001,0
44716001,0
44718001,0
44720000,0
44722000,0
44724001,0
44726001,0
44728000,0
44730001,0
44732000,0
44734001,0
44736000,0
44738000,0
44740000,0
44742000,0
44744000,0
44746000,0
44748000,0
44750000,0
44752000,0
44754000,0
44756000,0
44758001,0
44760001,0
44762001,0
44764000,0
44766001,0
44768000,0
44770001,0
44772001,0
44774000,0
44776001,0
44778001,0
44780001,0
44782001,0
44784001,0
44786001,0
44788001,0
44790000,0
44792000,0
44794001,0
44796000,0
44798000,0
44800000,0
44802000,0
44804000,0
44806001,0
44808001,0
44810000,0
44812000,0
44814000,0
44816000,0
44818001,0
44820001,0
44822000,0
44824001,0
44826000,0
44828001,0
44830001,0
44832001,0
44834000,0
44836001,0
44838000,0
44840001,0
44842001,0
44844001,0
44846000,0
44848001,0
44850000,0
44852001,0
44854001,0
44856000,0
44858001,0
44860000,0
44862000,0
44864001,0
44866001,0
44868000,0
44870001,0
44872001,0
44874001,0
44876000,0
44878000,0
44880000,0
44882000,0
44884000,0
44886000,0
44888000,0
44890000,0
44892000,0
44894000,0
44896001,0
44898001,0
44900000,0
44902001,0
44904001,0
44906001,0
44908000,0
44910000,0
44912000,0
44914001,0
44916001,0
44918000,0
44920001,0
44922000,0
44924001,0
44926001,0
44928001,0
44930000,0
44932000,0
44934000,0
44936000,0
44938000,0
44940000,0
44942000,0
44944001,0
44946000,0
44948001,0
44950001,0
44952000,0
44954000,0
44956000,0
44958000,0
44960000,0
44962000,0
44964000,0
44966000,0
44968001,0
44970001,0
44972001,0
44974000,0
44976001,0
44978000,0
44980000,0
44982001,0
44984000,0
44986001,0
44988001,0
44990001,0
44992000,0
44994001,0
44996001,0
44998001,0
45000000,0
45002000,0
45004001,0
45006001,0
45008000,0
45010001,0
45012001,0
45014000,0
45016000,0
45018001,0
45020000,0
45022000,0
45024000,0
45026000,0
45028000,0
45030000,0
45032000,0
45034000,0
45036000,0
45038000,0
45040000,0
45042001,0
45044001,0
45046001,0
45048001,0
45050000,0
45052001,0
45054000,0
45056000,0
45058000,0
45060001,0
45062000,0
45064000,0
45066000,0
45068000,0
45070001,0
45072000,0
45074000,0
45076001,0
45078000,0
45080001,0
45082000,0
45084001,0
45086001,0
45088000,0
45090000,0
45092000,0
45094000,0
45096000,0
45098000,0
45100000,0
45102001,0
45104000,0
45106001,0
45108000,0
45110000,0
45112000,0
45114000,0
45116000,0
45118000,0
45120000,0
45122000,0
45124000,0
45126000,0
45128001,0
45130000,0
45132001,0
45134000,0
45136001,0
45138000,0
45140000,0
45142001,0
45144000,0
45146000,0
45148000,0
45150000,0
45152000,0
45154001,0
45156001,0
45158000,0
45160001,0
45162000,0
45164000,0
45166001,0
45168000,0
45170001,0
45172000,0
45174001,0
45176000,0
45178001,0
45180001,0
45182000,0
45184001,0
45186001,0
45188000,0
45190001,0
45192001,0
45194001,0
45196000,0
45198001,0
45200000,0
45202000,0
45204000,0
45206000,0
45208001,0
45210000,0
45212001,0
45214000,0
45216001,0
45218001,0
45220000,0
45222001,0
45224001,0
45226001,0
45228000,0
45230001,0
45232000,0
45234001,0
45236001,0
45238001,0
45240001,0
45242000,0
45244001,0
45246001,0
45248001,0
45250001,0
45252000,0
45254001,0
45256000,0
45258001,0
45260000,0
45262001,0
45264000,0
45266000,0
45268001,0
45270000,0
45272000,0
45274000,0
45276000,0
45278000,0
45280001,0
45282000,0
45284001,0
45286000,0
45288001,0
45290000,0
45292001,0
45294000,0
45296000,0
45298000,0
45300000,0
45302000,0
45304000,0
45306000,0
45308000,0
45310000,0
45312000,0
45314000,0
45316000,0
45318001,0
45320000,0
45322001,0
45324001,0
45326001,0
45328000,0
45330001,0
45332001,0
45334000,0
45336000,0
45338000,0
45340000,0
45342000,0
45344000,0
45346000,0
45348000,0
45350001,0
45352000,0
45354001,0
45356001,0
45358001,0
45360000,0
45362001,0
45364000,0
45366001,0
45368000,0
45370000,0
45372001,0
45374000,0
45376000,0
45378000,0
45380000,0
45382001,0
45384001,0
45386001,0
45388000,0
45390001,0
45392001,0
45394000,0
45396000,0
45398000,0
45400000,0
45402001,0
45404000,0
45406000,0
45408000,0
45410000,0
45412001,0
45414000,0
45416001,0
45418001,0
45420001,0
45422000,0
45424000,0
45426000,0
45428000,0
45430001,0
45432001,0
45434000,0
45436001,0
45438001,0
45440000,0
45442001,0
45444000,0
45446001,0
45448001,0
45450000,0
45452001,0
45454000,0
45456001,0
45458001,0
45460000,0
45462000,0
45464001,0
45466001,0
45468000,0
45470000,0
45472000,0
45474000,0
45476000,0
45478001,0
45480000,0
45482001,0
45484000,0
45486000,0
45488001,0
45490001,0
45492000,0
45494001,0
45496001,0
45498000,0
45500001,0
45502000,0
45504000,0
45506000,0
45508000,0
45510001,0
45512001,0
45514000,0
45516000,0
45518001,0
45520001,0
45522000,0
45524001,0
45526001,0
45528000,0
45530001,0
45532001,0
45534001,0
45536000,0
45538000,0
45540000,0
45542000,0
45544000,0
45546000,0
45548001,0
45550001,0
45552001,0
45554001,0
45556001,0
45558000,0
45560000,0
45562000,0
45564001,0
45566000,0
45568001,0
45570001,0
45572000,0
45574000,0
45576001,0
45578000,0
45580001,0
45582000,0
45584001,0
45586001,0
45588000,0
45590000,0
45592000,0
45594000,0
45596000,0
45598000,0
45600000,0
45602000,0
45604001,0
45606001,0
45608000,0
45610000,0
45612001,0
45614000,0
45616000,0
45618000,0
45620000,0
45622000,0
45624001,0
45626000,0
45628001,0
45630000,0
45632001,0
45634001,0
45636000,0
45638000,0
45640000,0
45642000,0
45644000,0
45646001,0
45648001,0
45650001,0
45652000,0
45654000,0
45656001,0
45658000,0
45660001,0
45662001,0
45664001,0
45666000,0
45668000,0
45670000,0
45672001,0
45674000,0
45676000,0
45678001,0
45680000,0
45682001,0
45684001,0
45686000,0
45688000,0
45690001,0
45692001,0
45694000,0
45696000,0
45698000,0
45700001,0
45702000,0
45704001,0
45706001,0
45708000,0
45710001,0
45712000,0
45714001,0
45716001,0
45718001,0
45720001,0
45722001,0
45724001,0
45726000,0
45728001,0
45730001,0
45732000,0
45734001,0
45736000,0
45738000,0
45740000,0
45742000,0
45744000,0
45746000,0
45748000,0
45750000,0
45752001,0
45754000,0
45756000,0
45758000,0
45760000,0
45762000,0
45764000,0
45766000,0
45768001,0
45770001,0
45772001,0
45774001,0
45776001,0
45778001,0
45780000,0
45782001,0
45784000,0
45786000,0
45788001,0
45790000,0
45792000,0
45794001,0
45796000,0
45798000,0
45800001,0
45802001,0
45804000,0
45806001,0
45808000,0
45810000,0
45812000,0
45814001,0
45816000,0
45818000,0
45820001,0
45822001,0
45824000,0
45826000,0
45828001,0
45830000,0
45832001,0
45834000,0
45836001,0
45838000,0
45840000,0
45842000,0
45844000,0
45846001,0
45848000,0
45850001,0
45852001,0
45854001,0
45856000,0
45858000,0
45860000,0
45862000,0
45864000,0
45866000,0
45868000,0
45870000,0
45872000,0
45874000,0
45876000,0
45878000,0
45880000,0
45882001,0
45884001,0
45886001,0
45888001,0
45890000,0
45892001,0
45894001,0
45896001,0
45898001,0
45900001,0
45902000,0
45904000,0
45906000,0
45908000,0
45910000,0
45912000,0
45914000,0
45916000,0
45918001,0
45920000,0
45922001,0
45924000,0
45926000,0
45928000,0
45930001,0
45932001,0
45934001,0
45936001,0
45938001,0
45940000,0
45942000,0
45944000,0
45946001,0
45948000,0
45950000,0
45952001,0
45954000,0
45956001,0
45958001,0
45960000,0
45962000,0
45964001,0
45966001,0
45968000,0
45970001,0
45972000,0
45974001,0
45976000,0
45978000,0
45980000,0
45982001,0
45984000,0
45986001,0
45988000,0
45990000,0
45992000,0
45994000,0
45996000,0
45998001,0
46000000,0
46002000,0
46004001,0
46006000,0
46008000,0
46010001,0
46012000,0
46014001,0
46016000,0
46018001,0
46020000,0
46022001,0
46024001,0
46026000,0
46028001,0
46030000,0
46032001,0
46034000,0
46036000,0
46038000,0
46040000,0
46042000,0
46044000,0
46046001,0
46048000,0
46050001,0
46052000,0
46054001,0
46056000,0
46058001,0
46060001,0
46062000,0
46064000,0
46066000,0
46068000,0
46070000,0
46072000,0
46074000,0
46076000,0
46078001,0
46080001,0
46082001,0
46084000,0
46086000,0
46088000,0
46090001,0
46092001,0
46094000,0
46096000,0
46098001,0
46100001,0
46102000,0
46104001,0
46106001,0
46108001,0
46110001,0
46112000,0
46114001,0
46116000,0
46118001,0
46120001,0
46122000,0
46124001,0
46126001,0
46128000,0
46130001,0
46132001,0
46134000,0
46136000,0
46138001,0
46140001,0
46142000,0
46144001,0
46146001,0
46148001,0
46150000,0
46152000,0
46154000,0
46156000,0
46158001,0
46160000,0
46162000,0
46164001,0
46166000,0
46168001,0
46170000,0
46172000,0
46174001,0
46176001,0
46178000,0
46180001,0
46182001,0
46184000,0
46186000,0
46188000,0
46190000,0
46192000,0
46194000,0
46196000,0
46198000,0
46200000,0
46202001,0
46204000,0
46206001,0
46208000,0
46210000,0
46212001,0
46214001,0
46216000,0
46218001,0
46220001,0
46222000,0
46224000,0
46226000,0
46228000,0
46230000,0
46232000,0
46234001,0
46236001,0
46238001,0
46240000,0
46242001,0
46244001,0
46246000,0
46248001,0
46250001,0
46252000,0
46254001,0
46256001,0
46258001,0
46260001,0
46262000,0
46264001,0
46266000,0
46268000,0
46270000,0
46272000,0
46274001,0
46276000,0
46278000,0
46280000,0
46282001,0
46284000,0
46286000,0
46288001,0
46290001,0
46292001,0
46294001,0
46296000,0
46298000,0
46300000,0
46302000,0
46304000,0
46306000,0
46308000,0
46310000,0
46312000,0
46314001,0
46316001,0
46318001,0
46320000,0
46322000,0
46324001,0
46326000,0
46328000,0
46330001,0
46332000,0
46334000,0
46336001,0
46338000,0
46340000,0
46342000,0
46344000,0
46346001,0
46348000,0
46350001,0
46352001,0
46354001,0
46356001,0
46358000,0
46360000,0
46362000,0
46364000,0
46366000,0
46368001,0
46370000,0
46372000,0
46374001,0
46376001,0
46378000,0
46380000,0
46382000,0
46384000,0
46386000,0
46388000,0
46390000,0
46392000,0
46394000,0
46396000,0
46398001,0
46400000,0
46402001,0
46404000,0
46406001,0
46408000,0
46410000,0
46412001,0
46414000,0
46416001,0
46418000,0
46420000,0
46422000,0
46424001,0
46426001,0
46428001,0
46430000,0
46432001,0
46434001,0
46436000,0
46438000,0
46440001,0
46442001,0
46444000,0
46446000,0
46448000,0
46450001,0
46452001,0
46454001,0
46456000,0
46458001,0
46460001,0
46462001,0
46464000,0
46466000,0
46468000,0
46470001,0
46472001,0
46474000,0
46476001,0
46478000,0
46480000,0
46482000,0
46484000,0
46486000,0
46488000,0
46490000,0
46492000,0
46494001,0
46496000,0
46498001,0
46500000,0
46502001,0
46504000,0
46506001,0
46508001,0
46510001,0
46512001,0
46514000,0
46516001,0
46518000,0
46520001,0
46522000,0
46524001,0
46526000,0
46528001,0
46530000,0
46532001,0
46534000,0
46536001,0
46538001,0
46540000,0
46542001,0
46544000,0
46546001,0
46548001,0
46550000,0
46552000,0
46554001,0
46556001,0
46558000,0
46560001,0
46562001,0
46564000,0
46566000,0
46568000,0
46570001,0
46572000,0
46574001,0
46576001,0
46578000,0
46580000,0
46582001,0
46584000,0
46586000,0
46588001,0
46590000,0
46592001,0
46594000,0
46596001,0
46598001,0
46600001,0
46602000,0
46604001,0
46606001,0
46608001,0
46610001,0
46612000,0
46614000,0
46616000,0
46618000,0
46620000,0
46622000,0
46624000,0
46626000,0
46628000,0
46630000,0
46632000,0
46634000,0
46636000,0
46638000,0
46640000,0
46642001,0
46644000,0
46646001,0
46648000,0
46650001,0
46652000,0
46654001,0
46656000,0
46658000,0
46660000,0
46662001,0
46664000,0
46666000,0
46668001,0
46670000,0
46672000,0
46674000,0
46676001,0
46678001,0
46680001,0
46682001,0
46684000,0
46686001,0
46688000,0
46690001,0
46692000,0
46694001,0
46696001,0
46698000,0
46700000,0
46702000,0
46704000,0
46706000,0
46708000,0
46710000,0
46712000,0
46714000,0
46716000,0
46718000,0
46720000,0
46722000,0
46724001,0
46726001,0
46728001,0
46730001,0
46732000,0
46734000,0
46736001,0
46738001,0
46740001,0
46742000,0
46744001,0
46746000,0
46748000,0
46750001,0
46752000,0
46754001,0
46756000,0
46758000,0
46760001,0
46762001,0
46764001,0
46766001,0
46768000,0
46770000,0
46772001,0
46774000,0
46776001,0
46778000,0
46780001,0
46782001,0
46784000,0
46786001,0
46788000,0
46790001,0
46792000,0
46794001,0
46796001,0
46798001,0
46800001,0
46802000,0
46804000,0
46806000,0
46808000,0
46810000,0
46812000,0
46814001,0
46816000,0
46818001,0
46820001,0
46822001,0
46824001,0
46826001,0
46828001,0
46830001,0
46832001,0
46834001,0
46836001,0
46838000,0
46840000,0
46842000,0
46844000,0
46846000,0
46848000,0
46850000,0
46852000,0
46854000,0
46856000,0
46858001,0
46860001,0
46862000,0
46864001,0
46866000,0
46868000,0
46870000,0
46872001,0
46874001,0
46876000,0
46878001,0
46880001,0
46882000,0
46884001,0
46886000,0
46888000,0
46890000,0
46892001,0
46894001,0
46896000,0
46898000,0
46900000,0
46902000,719
46904001,909
46906000,972
46908001,931
46910000,912
46912001,976
46914000,1282
46916000,1424
46918000,1856
46920000,1946
46922000,1995
46924000,2020
46926000,2096
46928000,2115
46930000,2109
46932000,2108
46934000,2114
46936000,2130
46938000,2099
46940000,2106
46942000,2100
46944000,2114
46946000,2109
46948000,2082
46950001,2091
46952000,2087
46954000,2212
46956000,2286
46958000,2310
46960001,2321
46962001,2325
46964001,2342
46966000,2333
46968000,2345
46970000,2362
46972000,2401
46974001,2411
46976000,2405
46978000,2448
46980000,2465
46982000,2478
46984000,2475
46986000,2480
46988000,2480
46990000,2495
46992000,2502
46994000,2511
46996001,2511
46998001,2506
47000000,2512
47002000,2511
47004000,2517
47006000,2514
47008000,2512
47010000,2523
47012000,2522
47014000,2515
47016000,2533
47018000,2525
47020000,2534
47022001,2537
47024001,2518
47026001,2539
47028000,2544
47030000,2544
47032000,2539
47034000,2534
47036000,2544
47038001,2544
47040001,2550
47042001,2553
47044000,2553
47046000,2556
47048000,2559
47050000,2559
47052000,2558
47054000,2555
47056000,2559
47058000,2585
47060000,2583
47062000,2587
47064000,2559
47066000,2590
47068000,2591
47070001,2586
47072001,2601
47074000,2598
47076000,2604
47078000,2608
47080000,2602
47082000,2609
47084000,2609
47086000,2611
47088000,2612
47090000,2620
47092000,2621
47094000,2623
47096000,2623
47098000,2624
47100001,2625
47102001,2625
47104001,2640
47106000,2634
47108000,2630
47110001,2639
47112001,2640
47114000,2671
47116000,2725
47118001,2741
47120001,2745
47122001,2745
47124001,2750
47126000,2759
47128000,2751
47130001,2757
47132000,2759
47134000,2757
47136000,2774
47138000,2797
47140000,2797
47142000,2816
47144000,2851
47146000,2847
47148000,2855
47150000,2874
47152000,2862
47154000,2896
47156000,2914
47158000,2909
47160001,2917
47162000,2928
47164001,2929
47166000,2934
47168000,2933
47170001,2938
47172001,2951
47174000,2938
47176000,2959
47178000,3088
47180000,3117
47182000,3120
47184000,3127
47186000,3123
47188000,3134
47190000,3142
47192000,3156
47194001,3143
47196000,3151
47198001,3152
47200000,3157
47202000,3152
47204000,3163
47206000,3167
47208001,3171
47210001,3170
47212000,3170
47214000,3179
47216000,3179
47218000,3173
47220000,3177
47222000,3179
47224000,3177
47226000,3179
47228000,3177
47230000,3198
47232000,3178
47234000,3175
47236000,3183
47238000,3184
47240000,3185
47242000,3193
47244000,3185
47246000,3178
47248000,3184
47250001,3189
47252000,3186
47254000,3190
47256000,3188
47258000,3189
47260000,3184
47262000,3190
47264000,3185
47266000,3184
47268000,3185
47270000,3183
47272000,3184
47274000,3184
47276000,3197
47278000,3186
47280001,3186
47282001,3184
47284001,3170
47286000,3189
47288000,3187
47290000,3181
47292000,3182
47294001,3184
47296000,3182
47298001,3187
47300000,3184
47302000,3187
47304000,3186
47306000,3184
47308001,3185
47310001,3185
47312001,3184
47314001,3189
47316000,3184
47318001,3185
47320000,3185
47322000,3184
47324000,3188
47326001,3187
47328000,3185
47330001,3186
47332000,3191
47334000,3189
47336000,3191
47338000,3189
47340000,3194
47342000,3265
47344000,3184
47346000,3186
47348000,3185
47350001,3186
47352001,3191
47354001,3191
47356000,3183
47358000,3184
47360000,3194
47362000,3189
47364000,3197
47366000,3191
47368000,3199
47370000,3197
47372001,3201
47374000,3199
47376001,3193
47378001,3195
47380001,3199
47382000,3197
47384000,3196
47386000,3197
47388000,3209
47390000,3195
47392000,3195
47394000,3199
47396000,3199
47398001,3200
47400000,3196
47402000,3199
47404000,3189
47406000,3198
47408000,3197
47410000,3200
47412000,3194
47414000,3200
47416000,3199
47418000,3198
47420000,3195
47422000,3200
47424000,3201
47426001,3198
47428000,3200
47430000,3201
47432000,3198
47434000,3201
47436000,3195
47438000,3200
47440000,3211
47442001,3199
47444001,3197
47446001,3197
47448001,3199
47450000,3199
47452000,3194
47454000,3197
47456000,3194
47458000,3200
47460000,3197
47462000,3195
47464000,3197
47466000,3199
47468000,3198
47470000,3197
47472000,3203
47474000,3197
47476000,3199
47478000,3201
47480000,3197
47482000,3202
47484000,3201
47486000,3203
47488001,3200
47490000,3200
47492001,3198
47494001,3203
47496000,3200
47498001,3202
47500001,3213
47502000,3203
47504000,3204
47506000,3205
47508000,3198
47510000,3201
47512000,3205
47514001,3202
47516001,3201
47518001,3210
47520001,3210
47522001,3209
47524001,3210
47526001,3207
47528001,3211
47530001,3205
47532001,3207
47534000,3210
47536001,3203
47538000,3206
47540000,3203
47542000,3210
47544000,3207
47546000,3211
47548000,3206
47550000,3209
47552000,3215
47554000,3206
47556001,3203
47558000,3211
47560000,3209
47562000,3216
47564000,3209
47566000,3211
47568000,3211
47570001,3209
47572001,3211
47574000,3206
47576000,3206
47578001,3207
47580000,3211
47582000,3211
47584001,3211
47586001,3211
47588000,3209
47590000,3210
47592001,3206
47594000,3211
47596000,3210
47598000,3207
47600000,3207
47602001,3214
47604000,3210
47606000,3231
47608000,3213
47610001,3209
47612001,3209
47614000,3206
47616000,3210
47618000,3214
47620000,3218
47622000,3216
47624001,3211
47626001,3210
47628001,3213
47630001,3214
47632001,3206
47634001,3211
47636000,3213
47638000,3212
47640001,3213
47642000,3214
47644000,3210
47646001,3213
47648000,3210
47650001,3211
47652000,3216
47654000,3210
47656000,3214
47658000,3212
47660000,3212
47662000,3203
47664000,3207
47666000,3214
47668000,3214
47670000,3213
47672000,3204
47674001,3205
47676000,3211
47678000,3217
47680000,3212
47682001,3213
47684000,3213
47686001,3211
47688001,3209
47690001,3210
47692000,3209
47694001,3215
47696000,3216
47698001,3200
47700000,3205
47702001,3194
47704001,3194
47706000,3198
47708000,3195
47710000,3194
47712000,3191
47714000,3179
47716001,3190
47718000,3200
47720000,3200
47722001,3200
47724000,3204
47726000,3196
47728000,3201
47730000,3195
47732000,3201
47734000,3206
47736001,3198
47738001,3205
47740000,3203
47742001,3198
47744000,3206
47746000,3192
47748001,3202
47750001,3210
47752001,3201
47754000,3211
47756000,3214
47758001,3215
47760001,3215
47762000,3210
47764000,3210
47766001,3216
47768001,3238
47770000,3214
47772000,3214
47774000,3211
47776000,3213
47778000,3217
47780000,3218
47782000,3219
47784000,3227
47786000,3222
47788000,3230
47790000,3221
47792000,3215
47794001,3233
47796001,3231
47798000,3229
47800001,3229
47802001,3230
47804000,3223
47806000,3229
47808000,3227
47810000,3218
47812000,3217
47814001,3225
47816000,3280
47818000,3215
47820001,3216
47822000,3218
47824000,3217
47826001,3216
47828001,3218
47830000,3221
47832000,3213
47834000,3217
47836000,3227
47838000,3216
47840000,3220
47842000,3218
47844000,3220
47846000,3219
47848000,3217
47850000,3219
47852000,3217
47854000,3219
47856001,3216
47858001,3217
47860000,3218
47862001,3216
47864001,3223
47866001,3219
47868001,3219
47870000,3220
47872001,3227
47874000,3217
47876001,3223
47878000,3216
47880000,3223
47882000,3221
47884000,3223
47886001,3234
47888000,3227
47890000,3229
47892000,3235
47894000,3232
47896000,3221
47898000,3231
47900000,3227
47902000,3223
47904000,3241
47906001,3229
47908001,3227
47910000,3218
47912000,3228
47914001,3228
47916000,3243
47918001,3229
47920001,3227
47922000,3238
47924000,3230
47926000,3229
47928000,3243
47930000,3232
47932001,3227
47934000,3227
47936000,3226
47938000,3231
47940000,3224
47942000,3222
47944001,3230
47946000,3232
47948000,3228
47950000,3231
47952000,3230
47954000,3231
47956000,3229
47958000,3222
47960000,3230
47962000,3227
47964000,3229
47966000,3231
47968000,3225
47970000,3232
47972001,3229
47974001,3227
47976001,3226
47978000,3229
47980000,3229
47982000,3231
47984001,3233
47986000,3228
47988000,3234
47990000,3230
47992000,3230
47994000,3232
47996000,3230
47998000,3232
48000000,3239
48002000,3232
48004000,3222
48006000,3237
48008000,3247
48010000,3232
48012000,3218
48014000,3234
48016000,3231
48018000,3232
48020000,3207
48022001,3229
48024001,3233
48026001,3232
48028000,3248
48030000,3230
48032000,3229
48034000,3228
48036000,3230
48038000,3230
48040000,3236
48042000,3231
48044000,3237
48046000,3234
48048000,3228
48050000,3230
48052000,3231
48054000,3230
48056001,3235
48058000,3234
48060000,3230
48062000,3243
48064000,3230
48066000,3232
48068000,3233
48070001,3234
48072000,3235
48074000,3262
48076000,3231
48078000,3237
48080001,3246
48082000,3245
48084000,3234
48086001,3236
48088001,3242
48090000,3232
48092001,3239
48094000,3234
48096000,3235
48098001,3235
48100001,3241
48102000,3238
48104000,3239
48106000,3248
48108000,3245
48110000,3245
48112000,3248
48114001,3247
48116000,3244
48118000,3245
48120000,3243
48122000,3247
48124001,3229
48126001,3245
48128001,3243
48130000,3248
48132000,3247
48134000,3248
48136000,3248
48138001,3251
48140000,3250
48142000,3249
48144001,3252
48146001,3249
48148001,3206
48150001,3256
48152000,3255
48154000,3253
48156000,3248
48158000,3253
48160001,3253
48162000,3251
48164000,3251
48166000,3249
48168000,3254
48170000,3250
48172000,3248
48174000,3253
48176000,3250
48178000,3221
48180000,3253
48182000,3253
48184000,3253
48186000,3246
48188000,3254
48190000,3253
48192000,3251
48194000,3254
48196000,3248
48198000,3251
48200001,3255
48202000,3259
48204000,3251
48206000,3254
48208001,3254
48210000,3264
48212000,3263
48214000,3263
48216000,3273
48218000,3267
48220000,3263
48222000,3269
48224000,3265
48226000,3270
48228000,3267
48230000,3271
48232000,3271
48234000,3268
48236000,3269
48238000,3273
48240000,3271
48242000,3271
48244000,3276
48246001,3271
48248001,3269
48250001,3277
48252001,3275
48254001,3274
48256001,3274
48258000,3274
48260000,3280
48262000,3272
48264001,3278
48266001,3260
48268001,3277
48270000,3275
48272001,3265
48274001,3280
48276001,3274
48278001,3274
48280001,3275
48282001,3280
48284001,3275
48286000,3280
48288001,3279
48290000,3279
48292000,3280
48294001,3278
48296000,3281
48298001,3277
48300001,3277
48302001,3281
48304000,3280
48306000,3280
48308000,3280
48310000,3279
48312000,3284
48314000,3275
48316000,3278
48318000,3280
48320000,3285
48322000,3298
48324000,3279
48326000,3280
48328000,3275
48330001,3258
48332001,3279
48334000,3280
48336000,3286
48338000,3280
48340000,3280
48342001,3280
48344000,3275
48346001,3280
48348001,3280
48350001,3280
48352001,3279
48354000,3280
48356000,3285
48358001,3278
48360001,3294
48362001,3325
48364000,3283
48366001,3283
48368001,3279
48370000,3286
48372001,3281
48374001,3285
48376000,3283
48378000,3287
48380000,3287
48382000,3287
48384000,3283
48386001,3282
48388001,3281
48390001,3282
48392000,3248
48394001,3238
48396001,3239
48398001,3235
48400000,3233
48402000,3239
48404000,3234
48406000,3234
48408000,3237
48410001,3234
48412000,3235
48414000,3231
48416000,3232
48418001,3233
48420001,3233
48422001,3237
48424001,3234
48426001,3239
48428001,3232
48430000,3257
48432000,3237
48434000,3239
48436000,3242
48438001,3238
48440000,3233
48442000,3239
48444000,0
48446001,0
48448001,0
48450001,0
48452001,0
48454001,0
48456000,0
48458001,0
48460000,0
48462001,0
48464001,0
48466000,0
48468001,0
48470001,0
48472001,0
48474001,0
48476000,0
48478001,0
48480000,0
48482001,0
48484000,0
48486001,0
48488001,0
48490000,0
48492000,0
48494000,0
48496000,0
48498000,0
48500001,0
48502001,0
48504001,0
48506000,0
48508000,0
48510000,0
48512000,0
48514001,0
48516000,2766
48518001,3255
48520001,3271
48522001,3267
48524000,3279
48526000,3279
48528000,3275
48530001,3278
48532001,3278
48534001,3280
48536000,3279
48538001,3273
48540001,3271
48542000,3270
48544001,3275
48546000,3276
48548000,3274
48550000,3276
48552001,3271
48554000,3231
48556000,3271
48558000,3274
48560000,3279
48562000,3275
48564000,3278
48566000,3275
48568000,3275
48570000,3280
48572000,3274
48574000,3275
48576000,3277
48578000,3271
48580001,3277
48582000,3275
48584000,3279
48586001,3280
48588001,3297
48590000,3278
48592000,3277
48594000,3263
48596001,3263
48598000,3264
48600001,3249
48602000,3258
48604001,3255
48606000,3248
48608001,3255
48610000,3245
48612000,3239
48614001,3233
48616001,3239
48618001,3239
48620001,3239
48622000,3245
48624000,3237
48626001,3244
48628000,3246
48630000,3251
48632000,3258
48634000,3264
48636000,3280
48638000,3265
48640000,3274
48642000,3269
48644000,3275
48646000,3217
48648000,3278
48650000,3271
48652000,3273
48654000,3270
48656000,3275
48658000,3266
48660000,3279
48662000,3276
48664001,3311
48666000,3277
48668000,3273
48670000,3280
48672000,3269
48674000,3278
48676000,3280
48678000,3275
48680000,3275
48682000,3280
48684001,3275
48686001,3296
48688000,3280
48690000,3274
48692001,3266
48694000,3263
48696001,3269
48698000,3263
48700001,3267
48702001,3267
48704000,3269
48706000,3266
48708000,3266
48710001,3268
48712000,3269
48714001,3265
48716000,3259
48718000,3267
48720000,3269
48722000,3267
48724000,3261
48726000,3265
48728000,3264
48730000,3264
48732001,3267
48734000,3262
48736000,3264
48738000,3267
48740000,3262
48742000,3263
48744000,3263
48746000,3255
48748000,3261
48750000,3258
48752000,3281
48754000,3254
48756000,3259
48758000,3260
48760000,3261
48762000,3260
48764000,3254
48766000,3258
48768000,3264
48770000,3265
48772000,3266
48774000,3263
48776000,3264
48778000,3263
48780000,3251
48782000,3277
48784000,3261
48786001,3265
48788001,3250
48790001,3266
48792000,3258
48794001,3261
48796000,3259
48798000,3266
48800000,3251
48802000,3252
48804001,3260
48806001,3263
48808000,3262
48810000,3264
48812000,3265
48814000,3261
48816000,3264
48818001,3280
48820000,3267
48822000,3274
48824000,3267
48826000,3266
48828000,3271
48830000,3274
48832001,3271
48834000,3269
48836001,3269
48838001,3277
48840000,3274
48842000,3272
48844000,3279
48846001,3275
48848000,3267
48850000,3275
48852000,3273
48854000,3277
48856000,3275
48858000,3277
48860000,3279
48862000,3275
48864000,3280
48866001,3274
48868000,3274
48870000,3275
48872000,3275
48874000,3275
48876000,3274
48878001,3268
48880000,3267
48882000,3280
48884000,3275
48886000,3280
48888000,3280
48890000,3274
48892001,3275
48894000,3275
48896001,3276
48898001,3276
48900000,3270
48902000,3278
48904000,3274
48906000,3280
48908000,3269
48910000,3268
48912000,3257
48914000,3286
48916001,3274
48918000,3275
48920000,3280
48922000,3275
48924000,3275
48926000,3276
48928001,3273
48930001,3275
48932000,3248
48934000,3278
48936000,3280
48938000,3263
48940000,3267
48942000,3279
48944000,3279
48946000,3337
48948000,3271
48950000,3216
48952000,3271
48954000,3275
48956000,3280
48958000,3280
48960000,3287
48962000,3274
48964000,3277
48966000,3279
48968001,3275
48970001,3250
48972000,3278
48974001,3276
48976001,3279
48978000,3270
48980000,3278
48982001,3265
48984000,3280
48986000,3271
48988000,3278
48990000,3274
48992000,3289
48994000,3277
48996000,3280
48998000,3274
49000001,3277
49002001,3274
49004000,3279
49006000,3280
49008000,3280
49010000,3277
49012000,3275
49014000,3276
49016000,3276
49018000,3278
49020000,3274
49022000,3276
49024000,3273
49026001,3273
49028000,3274
49030000,3273
49032000,3276
49034000,3273
49036001,3277
49038000,3276
49040001,3280
49042000,3255
49044000,3279
49046000,3277
49048000,3275
49050000,3279
49052000,3280
49054000,3273
49056000,3277
49058000,3280
49060000,3276
49062001,3277
49064000,3221
49066000,3278
49068000,3280
49070000,3280
49072000,3276
49074000,3276
49076001,3277
49078001,3277
49080001,3275
49082001,3279
49084000,3279
49086000,3273
49088000,3275
49090000,3263
49092000,3279
49094001,3214
49096001,3280
49098000,3275
49100000,3279
49102000,3279
49104000,3276
49106000,3280
49108000,3280
49110000,3274
49112001,3280
49114001,3280
49116001,3280
49118001,3276
49120000,3275
49122001,3279
49124000,3279
49126000,3272
49128000,3280
49130000,3279
49132000,3280
49134000,3277
49136001,3279
49138001,3280
49140000,3280
49142000,3275
49144001,3278
49146000,3282
49148000,3280
49150000,3274
49152000,3279
49154000,3271
49156000,3280
49158000,3269
49160000,3276
49162000,3278
49164000,3278
49166000,3280
49168000,3281
49170001,3278
49172001,3277
49174001,3277
49176000,3277
49178001,3275
49180000,3275
49182000,3276
49184001,3279
49186000,3275
49188000,3285
49190000,3278
49192000,3280
49194000,3280
49196001,3277
49198001,3290
49200000,3279
49202001,3279
49204000,3275
49206000,3280
49208000,3277
49210000,3279
49212000,3278
49214000,3277
49216000,3274
49218000,3280
49220000,3277
49222000,3280
49224000,3279
49226000,3285
49228000,3280
49230000,3281
49232000,3280
49234000,3280
49236000,3279
49238000,3280
49240000,3279
49242001,3279
49244001,3281
49246000,3283
49248001,3281
49250000,3278
49252001,3280
49254000,3279
49256000,3280
49258001,3280
49260000,3280
49262001,3281
49264000,3281
49266001,3280
49268000,3280
49270000,3279
49272000,3280
49274001,3279
49276000,3281
49278000,3280
49280000,3280
49282000,3278
49284000,3280
49286000,3280
49288000,3281
49290000,3287
49292001,3274
49294000,3280
49296000,3283
49298000,3280
49300000,3283
49302000,3264
49304000,3282
49306000,3283
49308000,3280
49310000,3280
49312000,3282
49314000,3280
49316000,3286
49318000,3280
49320001,3280
49322001,3281
49324001,3281
49326001,3280
49328000,3303
49330000,3283
49332000,3284
49334000,3282
49336000,3289
49338000,3283
49340000,3281
49342000,3283
49344001,3285
49346000,3285
49348000,3285
49350001,3286
49352000,3285
49354000,3283
49356000,3285
49358000,3287
49360000,3298
49362000,3285
49364000,3285
49366001,3286
49368000,3281
49370000,3285
49372000,3280
49374000,3283
49376001,3289
49378000,3289
49380000,3287
49382000,3299
49384000,3290
49386000,3283
49388000,3286
49390000,3285
49392000,3283
49394000,3283
49396000,3280
49398000,3283
49400000,3284
49402000,3284
49404000,3284
49406000,3289
49408000,3280
49410000,3307
49412000,3292
49414000,3286
49416000,3290
49418000,3287
49420000,3289
49422000,3287
49424000,3285
49426000,3287
49428000,3294
49430000,3289
49432000,3282
49434000,3287
49436000,3290
49438000,3285
49440000,3291
49442000,3290
49444000,3293
49446000,3285
49448001,3290
49450000,3286
49452000,3286
49454001,3289
49456000,3286
49458000,3287
49460000,3291
49462000,3290
49464000,3294
49466001,3280
49468001,3261
49470001,3290
49472000,3287
49474000,3286
49476001,3291
49478000,3289
49480000,3289
49482001,3283
49484000,3285
49486000,3285
49488000,3291
49490000,3286
49492000,3286
49494000,3289
49496001,3289
49498001,3295
49500001,3285
49502001,3284
49504000,3291
49506000,3296
49508000,3287
49510000,3295
49512000,3291
49514000,3287
49516000,3286
49518000,3292
49520000,3283
49522000,3291
49524000,3289
49526000,3291
49528001,3289
49530001,3282
49532000,3287
49534000,3293
49536001,3293
49538000,3285
49540000,3293
49542000,3286
49544001,3287
49546001,3287
49548000,3290
49550000,3282
49552000,3287
49554000,3291
49556000,3283
49558000,3292
49560000,3286
49562000,3284
49564000,3287
49566000,3221
49568000,3281
49570000,3285
49572000,3291
49574000,3291
49576000,3289
49578000,3294
49580001,3293
49582000,3290
49584000,3287
49586001,3291
49588000,3293
49590000,3287
49592000,3293
49594000,3286
49596000,3287
49598000,3290
49600000,3284
49602000,3294
49604001,3286
49606001,3284
49608000,3289
49610001,3290
49612000,3293
49614001,3287
49616000,3289
49618000,3290
49620000,3292
49622001,3287
49624000,3290
49626000,3290
49628000,3287
49630000,3287
49632000,3287
49634000,3287
49636001,3294
49638001,3285
49640000,3291
49642000,3286
49644000,3275
49646000,3291
49648000,3291
49650001,3296
49652001,3270
49654001,3291
49656000,3291
49658000,3290
49660000,3287
49662000,3290
49664000,3290
49666000,3292
49668000,3292
49670000,3291
49672001,3346
49674000,3291
49676001,3290
49678000,3292
49680000,3292
49682000,3292
49684000,3293
49686000,3292
49688000,3287
49690001,3290
49692000,3291
49694000,3289
49696000,3297
49698001,3289
49700001,3296
49702000,3290
49704000,3291
49706000,3286
49708000,3287
49710000,3293
49712000,3294
49714000,3290
49716000,3287
49718000,3292
49720000,3291
49722000,3294
49724000,3291
49726000,3287
49728000,3289
49730000,3295
49732000,3293
49734000,3292
49736000,3289
49738000,3286
49740001,3293
49742001,3293
49744000,3290
49746001,3291
49748001,3282
49750000,3291
49752000,3294
49754001,3293
49756000,3286
49758001,3291
49760001,3295
49762001,3294
49764000,3297
49766001,3289
49768001,3291
49770000,3291
49772001,3293
49774000,3290
49776001,3291
49778000,3295
49780000,3293
49782001,3295
49784000,3291
49786000,3293
49788000,3291
49790001,3294
49792001,3283
49794000,3302
49796001,3291
49798001,3290
49800000,3294
49802001,3297
49804001,3297
49806001,3297
49808000,3295
49810000,3291
49812000,3293
49814000,3296
49816000,3291
49818000,3291
49820000,3291
49822000,3296
49824000,3294
49826000,3290
49828001,3293
49830000,3292
49832001,3293
49834000,3293
49836001,3298
49838000,3295
49840000,3295
49842000,3295
49844000,3305
49846001,3291
49848000,3290
49850000,3290
49852001,3293
49854001,3299
49856001,3293
49858000,3287
49860000,3290
49862000,3290
49864001,3291
49866000,3290
49868000,3296
49870000,3293
49872001,3293
49874001,3291
49876000,3293
49878001,3295
49880000,3292
49882001,3299
49884001,3296
49886000,3296
49888000,3293
49890000,3294
49892000,3296
49894000,3312
49896000,3290
49898000,3293
49900000,3296
49902000,3293
49904000,3291
49906000,3291
49908001,3291
49910000,3295
49912000,3289
49914001,3296
49916001,3295
49918000,3293
49920000,3298
49922000,3291
49924000,3291
49926000,3291
49928000,3291
49930000,3295
49932000,3301
49934000,3295
49936000,3291
49938000,3291
49940000,3296
49942000,3294
49944000,3296
49946000,3291
49948001,3291
49950000,3287
49952001,3293
49954001,3296
49956000,3294
49958000,3294
49960000,3283
49962000,3287
49964000,3293
49966000,3291
49968000,3281
49970000,3295
49972001,3293
49974001,3291
49976001,3290
49978000,3291
49980000,3290
49982001,3295
49984000,3286
49986000,3291
49988001,3289
49990000,3291
49992000,3293
49994000,3293
49996000,3292
49998000,3294
50000000,3296
50002000,3286
50004000,3294
50006001,3292
50008001,3291
50010000,3293
50012000,3290
50014000,3297
50016000,3294
50018000,3293
50020000,3291
50022000,3291
50024000,3294
50026000,3298
50028000,3287
50030000,3292
50032000,3294
50034000,3289
50036001,3292
50038000,3280
50040001,3292
50042000,3291
50044000,3289
50046001,3290
50048000,3291
50050000,3290
50052000,3290
50054001,3295
50056000,3290
50058001,3296
50060000,3295
50062000,3290
50064001,3294
50066001,3290
50068001,3289
50070000,3290
50072000,3290
50074000,3287
50076000,3291
50078001,3289
50080001,3293
50082000,3291
50084000,3290
50086001,3290
50088000,3287
50090001,3286
50092000,3286
50094000,3285
50096000,3292
50098001,3295
50100001,3291
50102001,3287
50104001,3291
50106001,3292
50108000,3296
50110000,3287
50112000,3291
50114001,3292
50116000,3288
50118000,3291
50120000,3291
50122000,3287
50124000,3289
50126000,3297
50128000,3290
50130001,3293
50132000,3291
50134000,3283
50136001,3291
50138000,3287
50140000,3293
50142000,3287
50144000,3292
50146000,3294
50148000,3294
50150000,3290
50152000,3290
50154001,3297
50156000,3290
50158001,3293
50160001,3291
50162000,3290
50164001,3297
50166000,3293
50168000,3286
50170000,3344
50172000,3294
50174000,3291
50176000,3287
50178000,3293
50180000,3293
50182000,3287
50184000,3291
50186000,3280
50188000,3287
50190000,3292
50192000,3293
50194000,3291
50196000,3292
50198000,3291
50200000,3291
50202000,3317
50204000,3291
50206000,3289
50208000,3286
50210000,3290
50212000,3290
50214000,3293
50216000,3290
50218000,3292
50220000,3285
50222000,3290
50224000,3296
50226001,3293
50228000,3291
50230000,3291
50232000,3295
50234000,3295
50236000,3296
50238000,3294
50240000,3296
50242000,3294
50244000,3294
50246001,3293
50248001,3298
50250001,3301
50252001,3295
50254001,3307
50256000,3299
50258001,3289
50260000,3232
50262000,3298
50264000,3298
50266000,3301
50268000,3298
50270000,3301
50272000,3301
50274000,3298
50276000,3376
50278000,3298
50280000,3299
50282000,3303
50284000,3299
50286001,3299
50288000,3302
50290000,3289
50292000,3305
50294000,3302
50296000,3302
50298001,3301
50300000,3299
50302000,3301
50304000,3299
50306000,3299
50308000,3305
50310000,3297
50312001,3303
50314000,3303
50316000,3280
50318000,3303
50320000,3301
50322000,3299
50324000,3306
50326000,3305
50328000,3302
50330000,3303
50332000,3301
50334000,3298
50336000,3303
50338000,3299
50340000,3305
50342000,3305
50344001,3305
50346000,3296
50348000,3298
50350000,3303
50352000,3299
50354000,3285
50356000,3305
50358000,3302
50360000,3307
50362001,3307
50364001,3302
50366000,3302
50368000,3303
50370001,3305
50372001,3341
50374001,3305
50376000,3303
50378000,3308
50380000,3309
50382000,3302
50384000,3303
50386000,3309
50388001,3306
50390000,3302
50392000,3298
50394000,3307
50396000,3308
50398000,3303
50400000,3303
50402001,3311
50404001,3312
50406001,3306
50408000,3282
50410000,3307
50412000,3305
50414000,3309
50416001,3311
50418001,3307
50420000,3299
50422000,3310
50424001,3310
50426000,3310
50428000,3310
50430000,3309
50432000,3312
50434000,3306
50436000,3307
50438001,3309
50440000,3309
50442001,3310
50444001,3308
50446000,3312
50448000,3311
50450000,3299
50452001,3308
50454000,3308
50456000,3311
50458001,3309
50460000,3305
50462001,3307
50464000,3309
50466001,3307
50468000,3319
50470000,3312
50472000,3310
50474000,3309
50476000,3307
50478000,3305
50480000,3308
50482001,3295
50484000,3307
50486000,3389
50488000,3310
50490000,3303
50492000,3307
50494001,3312
50496000,3306
50498000,3311
50500000,3310
50502000,3307
50504000,3312
50506001,3311
50508000,3312
50510000,3311
50512000,3309
50514000,3312
50516001,3311
50518000,3310
50520000,3315
50522000,3310
50524000,3311
50526000,3344
50528000,3311
50530000,3312
50532000,3313
50534000,3310
50536000,3311
50538000,3312
50540000,3312
50542000,3313
50544000,3314
50546000,3315
50548000,3312
50550000,3315
50552000,3314
50554000,3317
50556000,3313
50558000,3314
50560000,3313
50562000,3313
50564000,3317
50566000,3358
50568000,3313
50570000,3312
50572000,3319
50574000,3314
50576000,3313
50578000,3315
50580001,3317
50582000,3313
50584000,3314
50586000,3315
50588000,3313
50590001,3315
50592001,3323
50594001,3312
50596000,3323
50598000,3323
50600000,3315
50602001,3321
50604000,3315
50606000,3323
50608000,3315
50610000,3321
50612001,3318
50614001,3314
50616001,3315
50618001,3317
50620000,3317
50622000,3320
50624000,3317
50626000,3318
50628001,3321
50630000,3315
50632000,3317
50634000,3318
50636001,3319
50638001,3323
50640000,3322
50642000,3322
50644000,3319
50646000,3319
50648000,3319
50650000,3318
50652000,3321
50654001,3318
50656001,3322
50658000,3319
50660001,3319
50662000,3319
50664000,3323
50666000,3318
50668000,3326
50670000,3320
50672000,3319
50674000,3318
50676000,3323
50678001,3319
50680001,3322
50682001,3320
50684000,3319
50686001,3323
50688000,3324
50690000,3329
50692001,3326
50694001,3321
50696001,3323
50698001,3322
50700001,3323
50702000,3323
50704000,3323
50706001,3301
50708000,3323
50710001,3321
50712001,3321
50714001,3321
50716000,3321
50718000,3322
50720001,3321
50722000,3325
50724000,3317
50726000,3323
50728000,3326
50730000,3326
50732000,3319
50734000,3329
50736001,3325
50738001,3328
50740001,3322
50742001,3328
50744000,3325
50746001,3322
50748000,3322
50750000,3319
50752000,3327
50754000,3323
50756001,3318
50758001,3330
50760000,3323
50762000,3324
50764000,3323
50766000,3324
50768000,3331
50770000,3322
50772000,3325
50774001,3322
50776000,3321
50778001,3325
50780001,3327
50782000,3321
50784000,3321
50786000,3323
50788000,3319
50790001,3326
50792001,3331
50794000,3325
50796000,3326
50798000,3322
50800000,3319
50802001,3327
50804000,3322
50806001,3326
50808001,3325
50810000,3328
50812000,3322
50814000,3323
50816000,3323
50818001,3327
50820000,3327
50822001,3323
50824000,3323
50826001,3327
50828001,3326
50830000,3324
50832000,3330
50834001,3327
50836001,3325
50838000,3328
50840001,3325
50842000,3325
50844000,3328
50846000,3325
50848000,3325
50850001,3327
50852000,3326
50854000,3328
50856001,3329
50858001,3325
50860000,3326
50862000,3331
50864000,3329
50866001,3327
50868001,3327
50870000,3327
50872000,3325
50874001,3327
50876000,3329
50878001,3327
50880001,3329
50882001,3328
50884001,3318
50886001,3327
50888000,3328
50890000,3326
50892000,3329
50894001,3328
50896000,3329
50898001,3329
50900000,3327
50902000,3328
50904001,3329
50906001,3322
50908001,3328
50910000,3328
50912001,3328
50914000,3326
50916001,3328
50918000,3325
50920000,3326
50922000,3328
50924001,3328
50926001,3322
50928000,3328
50930000,3325
50932001,3328
50934000,3327
50936001,3330
50938000,3329
50940000,3387
50942001,3327
50944000,3325
50946001,3327
50948001,3326
50950001,3328
50952001,3326
50954000,3344
50956001,3328
50958000,3329
50960001,3329
50962000,3329
50964000,3328
50966000,3330
50968000,3327
50970000,3326
50972000,3326
50974000,3331
50976001,3331
50978001,3328
50980000,3331
50982001,3325
50984000,3328
50986000,3328
50988000,3326
50990000,3327
50992000,3327
50994000,3330
50996001,3312
50998001,3328
51000001,3326
51002000,3327
51004001,3327
51006001,3325
51008000,3330
51010000,3329
51012000,3326
51014000,3328
51016000,3329
51018000,3329
51020000,3328
51022000,3333
51024000,3328
51026000,3326
51028000,3325
51030001,3327
51032000,3328
51034000,3329
51036000,3328
51038000,3330
51040000,3328
51042001,3327
51044000,3328
51046001,3326
51048001,3330
51050000,3328
51052000,3328
51054001,3328
51056001,3327
51058001,3328
51060001,3330
51062000,3331
51064000,3356
51066000,3329
51068000,3328
51070000,3328
51072001,3327
51074000,3327
51076000,3328
51078000,3330
51080000,3328
51082000,3330
51084000,3329
51086000,3311
51088000,3328
51090001,3328
51092000,3327
51094000,3328
51096000,3323
51098001,3330
51100000,3327
51102000,3329
51104000,3327
51106000,3328
51108000,3328
51110000,3329
51112001,3329
51114000,3331
51116000,3329
51118000,3328
51120000,3329
51122000,3329
51124000,3328
51126000,3329
51128000,3333
51130000,3329
51132000,3329
51134000,3323
51136000,3325
51138000,3328
51140000,3328
51142000,3328
51144000,3331
51146000,3330
51148000,3326
51150000,3330
51152000,3326
51154000,3328
51156000,3325
51158000,3329
51160000,3329
51162000,3329
51164000,3329
51166000,3329
51168000,3330
51170001,3329
51172001,3366
51174000,3331
51176001,3345
51178001,3329
51180000,3337
51182001,3330
51184000,3330
51186000,3331
51188000,3329
51190000,3330
51192000,3329
51194001,3328
51196000,3329
51198001,3329
51200000,3328
51202000,3327
51204000,3329
51206000,3329
51208000,3328
51210001,3330
51212000,3329
51214000,3326
51216000,3333
51218000,3329
51220000,3330
51222000,3331
51224000,3329
51226000,3330
51228000,3331
51230001,3331
51232000,3327
51234001,3333
51236001,3328
51238001,3330
51240001,3327
51242000,3329
51244000,3328
51246000,3333
51248001,3332
51250000,3330
51252000,3331
51254000,3334
51256000,3332
51258000,3334
51260001,3335
51262001,3334
51264001,3329
51266001,3330
51268001,3337
51270000,3332
51272000,3330
51274000,3334
51276000,3332
51278000,3303
51280000,3335
51282001,3332
51284001,3365
51286001,3338
51288000,3334
51290000,3297
51292000,3335
51294000,3333
51296001,3338
51298001,3333
51300000,3332
51302001,3335
51304001,3342
51306000,3333
51308000,3332
51310000,3333
51312000,3334
51314000,3331
51316000,3329
51318000,3331
51320000,3329
51322000,3332
51324000,3334
51326000,3335
51328000,3332
51330000,3333
51332000,3335
51334000,3334
51336000,3338
51338000,3335
51340000,3335
51342000,3335
51344000,3353
51346000,3331
51348000,3335
51350000,3332
51352000,3335
51354000,3333
51356000,3335
51358001,3337
51360001,3330
51362001,3335
51364000,3335
51366000,3335
51368000,3335
51370000,3338
51372000,3334
51374000,3339
51376001,3338
51378001,3335
51380001,3333
51382001,3336
51384001,3340
51386000,3338
51388000,3339
51390000,3337
51392000,3343
51394000,3343
51396000,3339
51398000,3342
51400000,3337
51402000,3340
51404000,3333
51406000,3339
51408000,3342
51410000,3339
51412000,3344
51414000,3339
51416001,3343
51418000,3339
51420000,3337
51422000,3341
51424000,3339
51426001,3342
51428000,3341
51430000,3341
51432000,3339
51434000,3342
51436001,3342
51438001,3341
51440001,3344
51442000,3342
51444000,3342
51446000,3343
51448000,3341
51450000,3362
51452001,3343
51454001,3344
51456001,3342
51458000,3344
51460000,3342
51462001,3341
51464000,3343
51466000,3344
51468000,3343
51470000,3343
51472001,3343
51474001,3343
51476001,3349
51478001,3342
51480001,3329
51482000,3344
51484001,3343
51486001,3342
51488000,3342
51490000,3341
51492000,3339
51494000,3345
51496000,3342
51498000,3344
51500000,3341
51502000,3342
51504000,3341
51506000,3344
51508000,3339
51510000,3293
51512001,3279
51514000,3341
51516000,3344
51518001,3344
51520001,3344
51522000,3341
51524001,3342
51526000,3345
51528001,3323
51530001,3344
51532000,3343
51534000,3344
51536000,3344
51538000,3344
51540000,3344
51542001,3348
51544000,3344
51546000,3344
51548000,3342
51550000,3343
51552001,3344
51554000,3344
51556000,3346
51558001,3344
51560000,3343
51562001,3344
51564001,3345
51566001,3344
51568001,3342
51570000,3344
51572000,3345
51574000,3344
51576001,3343
51578000,3344
51580001,3344
51582000,3344
51584000,3346
51586000,3344
51588000,3346
51590001,3345
51592000,3344
51594000,3344
51596000,3344
51598000,3344
51600000,3312
51602000,3344
51604000,3344
51606001,3344
51608001,3344
51610000,3344
51612000,3345
51614000,3344
51616000,3342
51618000,3347
51620000,3318
51622001,3344
51624001,3345
51626000,3344
51628000,3344
51630001,3344
51632001,3349
51634000,3346
51636000,3344
51638000,3345
51640000,3344
51642001,3350
51644001,3346
51646000,3344
51648000,3344
51650000,3344
51652001,3345
51654000,3345
51656000,3348
51658000,3345
51660000,3335
51662001,3343
51664000,3344
51666000,3347
51668000,3344
51670000,3346
51672000,3346
51674000,3346
51676000,3346
51678000,3291
51680001,3347
51682001,3348
51684000,3340
51686001,3348
51688000,3346
51690000,3349
51692000,3346
51694000,3351
51696000,3347
51698000,3351
51700000,3347
51702000,3348
51704000,3349
51706000,3346
51708000,3355
51710000,3346
51712000,3350
51714000,3349
51716000,3350
51718000,3350
51720001,3348
51722000,3345
51724000,3348
51726000,3349
51728000,3351
51730000,3351
51732000,3349
51734000,3349
51736000,3351
51738000,3352
51740000,3349
51742000,3349
51744000,3350
51746000,3349
51748000,3350
51750000,3349
51752000,3357
51754000,3350
51756000,3351
51758000,3355
51760001,3348
51762000,3355
51764000,3351
51766001,3346
51768001,3354
51770000,3348
51772001,3351
51774000,3355
51776001,3353
51778000,3349
51780000,3349
51782001,3349
51784000,3328
51786000,3353
51788001,3350
51790000,3350
51792001,3350
51794000,3334
51796001,3354
51798001,3350
51800000,3335
51802000,3351
51804000,3350
51806000,3351
51808000,3351
51810000,3350
51812000,3349
51814001,3351
51816000,3357
51818000,3350
51820000,3351
51822001,3351
51824001,3351
51826000,3347
51828000,3352
51830000,3350
51832000,3354
51834000,3351
51836001,3358
51838000,3350
51840001,3351
51842001,3354
51844000,3353
51846000,3355
51848000,3351
51850000,3352
51852000,3345
51854000,3351
51856000,3355
51858000,3351
51860001,3346
51862001,3349
51864001,3349
51866000,3351
51868000,3357
51870001,3355
51872000,3349
51874000,3350
51876000,3350
51878001,3356
51880000,3353
51882000,3354
51884000,3350
51886000,3355
51888000,3354
51890000,3354
51892001,3353
51894001,3354
51896000,3355
51898000,3354
51900000,3357
51902001,3353
51904000,3357
51906000,3353
51908000,3357
51910001,3361
51912000,3356
51914000,3353
51916000,3353
51918001,3353
51920001,3357
51922001,3350
51924000,3350
51926000,3353
51928001,3349
51930000,3357
51932000,3363
51934001,3355
51936000,3350
51938000,3354
51940000,3355
51942000,3356
51944001,3355
51946000,3354
51948000,3357
51950000,3344
51952000,3355
51954000,3357
51956000,3358
51958000,3355
51960000,3356
51962000,3357
51964000,3357
51966000,3359
51968000,3357
51970001,3358
51972000,3358
51974000,3351
51976001,3355
51978000,3359
51980000,3354
51982001,3351
51984001,3355
51986001,3351
51988000,3357
51990000,3357
51992000,3354
51994000,3354
51996000,3358
51998000,3359
52000000,3345
52002001,3353
52004000,3355
52006000,3357
52008001,3356
52010001,3359
52012001,3358
52014000,3355
52016000,3357
52018001,3357
52020000,3353
52022000,3356
52024001,3351
52026001,3350
52028000,3361
52030001,3353
52032001,3359
52034000,3357
52036000,3355
52038000,3349
52040000,3356
52042000,3355
52044000,3355
52046000,3356
52048000,3363
52050001,3359
52052001,3358
52054000,3355
52056000,3357
52058000,3354
52060000,3361
52062000,3356
52064000,3357
52066000,3359
52068000,3355
52070000,3359
52072000,3357
52074001,3355
52076000,3358
52078000,3361
52080000,3357
52082001,3360
52084000,3355
52086000,3357
52088000,3358
52090000,3357
52092000,3359
52094000,3358
52096000,3358
52098000,3359
52100000,3361
52102000,3360
52104000,3358
52106000,3359
52108000,3361
52110000,3361
52112000,3361
52114000,3360
52116000,3360
52118000,3375
52120000,3357
52122000,3360
52124001,3359
52126000,3361
52128000,3361
52130000,3360
52132000,3361
52134000,3357
52136001,3353
52138000,3361
52140000,3358
52142000,3357
52144000,3358
52146001,3360
52148000,3361
52150000,3359
52152000,3361
52154001,3362
52156000,3360
52158000,3359
52160000,3361
52162001,3361
52164000,3360
52166000,3360
52168000,3358
52170000,3359
52172001,3359
52174000,3360
52176000,3362
52178000,3343
52180001,3362
52182000,3354
52184000,3359
52186000,3357
52188000,3331
52190000,3358
52192000,3360
52194000,3362
52196001,3367
52198000,3361
52200000,3360
52202000,3361
52204000,3357
52206001,3346
52208000,3362
52210000,3341
52212000,3361
52214000,3363
52216000,3367
52218001,3358
52220000,3359
52222000,3357
52224001,3358
52226000,3359
52228000,3359
52230000,3360
52232000,3362
52234000,3365
52236000,3359
52238000,3360
52240000,3364
52242000,3360
52244001,3367
52246000,3358
52248001,3359
52250000,3365
52252000,3362
52254000,3363
52256000,3359
52258000,3359
52260000,3362
52262000,3361
52264000,3360
52266000,3361
52268000,3361
52270001,3360
52272001,3361
52274001,3360
52276000,3358
52278000,3357
52280000,3359
52282000,3362
52284000,3361
52286000,3358
52288000,3360
52290000,3360
52292000,3361
52294001,3360
52296000,3359
52298000,3361
52300000,3358
52302000,3360
52304000,3358
52306000,3360
52308000,3358
52310000,3363
52312000,3361
52314000,3360
52316001,3362
52318000,3358
52320000,3363
52322000,3359
52324000,3358
52326001,3359
52328001,3361
52330000,3361
52332000,3361
52334001,3358
52336000,3361
52338000,3359
52340000,3360
52342001,3359
52344001,3353
52346000,3360
52348000,3363
52350000,3360
52352000,3360
52354000,3361
52356000,3360
52358000,3362
52360000,3359
52362000,3361
52364000,3361
52366000,3361
52368000,3360
52370000,3367
52372001,3358
52374001,3360
52376001,3360
52378000,3360
52380001,3361
52382000,3357
52384000,3367
52386000,3361
52388000,3361
52390000,3360
52392001,3360
52394000,3363
52396000,3362
52398001,3360
52400000,3359
52402000,3360
52404000,3360
52406000,3360
52408000,3373
52410000,3360
52412000,3361
52414001,3359
52416001,3357
52418001,3345
52420000,3360
52422000,3360
52424000,3361
52426000,3363
52428000,3360
52430000,3357
52432000,3360
52434000,3362
52436000,3359
52438000,3361
52440000,3360
52442000,3359
52444000,3360
52446000,3357
52448000,3363
52450000,3360
52452001,3358
52454001,3365
52456000,3361
52458000,3361
52460000,3359
52462000,3359
52464001,3361
52466001,3361
52468000,3364
52470000,3351
52472001,3358
52474000,3363
52476000,3363
52478000,3361
52480000,3363
52482000,3360
52484000,3362
52486000,3364
52488000,3358
52490000,3385
52492001,3361
52494000,3363
52496001,3363
52498001,3361
52500000,3362
52502000,3362
52504000,3362
52506000,3361
52508000,3363
52510000,3363
52512000,3364
52514000,3435
52516000,3359
52518000,3360
52520000,3359
52522000,3363
52524001,3361
52526000,3360
52528000,3360
52530000,3367
52532000,3360
52534001,3364
52536001,3363
52538001,3367
52540000,3366
52542000,3363
52544000,3365
52546001,3363
52548000,3365
52550000,3361
52552001,3364
52554000,3363
52556000,3363
52558000,3365
52560000,3363
52562000,3364
52564001,3366
52566000,3362
52568001,3361
52570001,3364
52572001,3362
52574001,3376
52576000,3365
52578001,3362
52580000,3365
52582000,3374
52584000,3364
52586000,3362
52588001,3363
52590001,3366
52592000,3363
52594000,3363
52596001,3362
52598001,3365
52600000,3344
52602000,3363
52604000,3362
52606001,3370
52608001,3362
52610000,3364
52612000,3365
52614001,3363
52616000,3367
52618000,3363
52620000,3364
52622000,3366
52624000,3360
52626000,3361
52628000,3361
52630000,3366
52632000,3362
52634000,3365
52636000,3365
52638000,3359
52640000,3365
52642000,3367
52644000,3362
52646000,3366
52648000,3365
52650000,3375
52652000,3335
52654000,3365
52656000,3363
52658000,3372
52660000,3360
52662001,3365
52664000,3366
52666000,3363
52668000,3365
52670000,3364
52672000,3362
52674000,3363
52676000,3361
52678001,3362
52680000,3360
52682000,3362
52684001,3361
52686001,3362
52688000,3365
52690000,3360
52692001,3361
52694001,3367
52696000,3362
52698000,3344
52700001,3363
52702000,3365
52704000,3344
52706001,3367
52708000,3365
52710000,3365
52712000,3363
52714000,3365
52716000,3363
52718000,3363
52720000,3362
52722001,3366
52724000,3366
52726000,3362
52728000,3363
52730000,3364
52732001,3344
52734001,3361
52736001,3363
52738001,3365
52740001,3365
52742000,3373
52744000,3362
52746000,3363
52748000,3363
52750000,3363
52752000,3363
52754000,3362
52756000,3361
52758000,3362
52760001,3361
52762001,3365
52764000,3363
52766000,3365
52768000,3364
52770000,3362
52772001,3362
52774000,3363
52776001,3361
52778000,3361
52780001,3364
52782000,3363
52784000,3365
52786000,3361
52788000,3365
52790001,3367
52792000,3363
52794000,3367
52796000,3363
52798000,3362
52800001,3367
52802000,3357
52804001,3362
52806001,3365
52808000,3372
52810000,3361
52812000,3362
52814000,3365
52816000,3363
52818000,3365
52820000,3361
52822000,3367
52824000,3365
52826000,3371
52828000,3364
52830001,3363
52832001,3367
52834000,3369
52836000,3365
52838000,3366
52840000,3365
52842000,3363
52844001,3366
52846000,3371
52848000,3367
52850000,3365
52852000,3365
52854000,3366
52856000,3364
52858000,3365
52860000,3363
52862000,3370
52864000,3363
52866000,3369
52868001,3365
52870000,3369
52872000,3369
52874000,3369
52876000,3364
52878000,3363
52880001,3366
52882000,3367
52884000,3367
52886000,3363
52888000,3369
52890000,3371
52892000,3367
52894000,3367
52896000,3363
52898000,3361
52900001,3363
52902001,3371
52904001,3366
52906001,3367
52908000,3351
52910000,3369
52912000,3368
52914000,3363
52916000,3313
52918001,3366
52920001,3367
52922001,3328
52924000,3369
52926000,3368
52928000,3370
52930000,3364
52932000,3367
52934000,3367
52936000,3367
52938000,3363
52940000,3371
52942000,3359
52944000,3367
52946000,3367
52948001,3369
52950001,3371
52952000,3364
52954000,3370
52956001,3367
52958001,3312
52960001,3363
52962001,3367
52964001,3368
52966001,3367
52968000,3371
52970001,3369
52972001,3367
52974000,3367
52976001,3367
52978001,3369
52980000,3369
52982000,3363
52984000,3371
52986000,3369
52988000,3366
52990000,3371
52992000,3369
52994000,3366
52996000,3367
52998000,3369
53000000,3367
53002000,3367
53004000,3315
53006000,3368
53008000,3362
53010000,3368
53012000,3370
53014000,3363
53016000,3372
53018000,3366
53020000,3365
53022000,3371
53024001,3367
53026001,3367
53028000,3370
53030000,3357
53032000,3402
53034000,3369
53036000,3371
53038000,3367
53040000,3369
53042000,3366
53044001,3370
53046001,3366
53048000,3370
53050000,3367
53052001,3371
53054001,3366
53056001,3369
53058001,3369
53060000,3371
53062000,3371
53064000,3369
53066000,3373
53068000,3370
53070001,3366
53072000,3364
53074001,3367
53076000,3371
53078000,3371
53080001,3370
53082000,3372
53084001,3372
53086000,3385
53088000,3370
53090001,3373
53092000,3366
53094001,3371
53096001,3374
53098000,3370
53100000,3372
53102000,3386
53104000,3378
53106000,3373
53108000,3369
53110001,3373
53112000,3373
53114000,3371
53116000,3370
53118000,3369
53120000,3371
53122000,3371
53124001,3369
53126001,3369
53128000,3410
53130001,3367
53132001,3415
53134000,3371
53136001,3370
53138000,3372
53140000,3365
53142000,3369
53144000,3369
53146000,3369
53148000,3369
53150000,3372
53152001,3367
53154001,3367
53156000,3361
53158001,3376
53160001,3373
53162000,3370
53164000,3370
53166001,3370
53168000,3371
53170001,3370
53172000,3370
53174000,3373
53176000,3367
53178000,3369
53180000,3369
53182000,3369
53184001,3366
53186000,3376
53188000,3351
53190000,3370
53192000,3366
53194000,3374
53196000,3369
53198001,3370
53200000,3358
53202000,3369
53204000,3367
53206000,3370
53208000,3367
53210000,3367
53212000,3370
53214000,3371
53216000,3370
53218000,3369
53220000,3367
53222000,3372
53224000,3371
53226000,3385
53228001,3367
53230001,3367
53232001,3367
53234000,3364
53236001,3367
53238000,3370
53240001,3361
53242000,3370
53244000,3374
53246000,3370
53248000,3367
53250000,3367
53252000,3367
53254000,3367
53256001,3370
53258000,3371
53260000,3371
53262000,3367
53264001,3372
53266000,3371
53268000,3369
53270000,3364
53272000,3371
53274000,3366
53276000,3368
53278000,3375
53280000,3371
53282001,3367
53284000,3367
53286000,3367
53288001,3371
53290001,3370
53292001,3366
53294000,3370
53296000,3369
53298001,3367
53300001,3371
53302000,3366
53304001,3365
53306000,3373
53308000,3370
53310000,3367
53312001,3371
53314001,3370
53316000,3366
53318000,3370
53320000,3365
53322000,3369
53324000,3371
53326001,3373
53328000,3369
53330000,3375
53332001,3369
53334001,3365
53336000,3363
53338001,3365
53340001,3370
53342001,3372
53344000,3368
53346000,3368
53348001,3367
53350001,3370
53352000,3373
53354000,3372
53356000,3370
53358000,3369
53360001,3370
53362000,3370
53364001,3364
53366000,3367
53368000,3369
53370000,3373
53372001,3395
53374001,3373
53376000,3373
53378000,3367
53380000,3366
53382000,3370
53384000,3365
53386001,3371
53388000,3369
53390000,3369
53392001,3369
53394001,3371
53396000,3370
53398000,3370
53400001,3373
53402000,3370
53404000,3360
53406001,3369
53408000,3371
53410001,3371
53412000,3349
53414001,3367
53416000,3368
53418000,3369
53420001,3403
53422000,3373
53424000,3374
53426000,3367
53428000,3367
53430000,3372
53432000,3368
53434001,3367
53436000,3366
53438000,3370
53440001,3366
53442000,3371
53444000,3373
53446000,3371
53448001,3367
53450001,3371
53452000,3370
53454000,3372
53456000,3369
53458000,3374
53460000,3370
53462000,3367
53464000,3370
53466000,3367
53468000,3370
53470001,3371
53472001,3370
53474000,3369
53476001,3374
53478001,3375
53480001,3365
53482001,3371
53484001,3373
53486000,3367
53488000,3371
53490000,3367
53492000,3371
53494000,3370
53496000,3370
53498000,3370
53500000,3371
53502000,3371
53504000,3367
53506000,3373
53508000,3369
53510000,3368
53512000,3369
53514000,3358
53516000,3371
53518000,3367
53520000,3367
53522000,3371
53524000,3367
53526000,3367
53528001,3370
53530000,3371
53532000,3371
53534000,3370
53536000,3371
53538000,3367
53540001,3371
53542000,3371
53544001,3459
53546001,3370
53548001,3408
53550000,3369
53552001,3371
53554000,3373
53556000,3373
53558000,3368
53560000,3373
53562001,3369
53564001,3371
53566001,3375
53568001,3373
53570001,3371
53572000,3374
53574000,3369
53576001,3371
53578000,3374
53580000,3373
53582000,3366
53584000,3369
53586000,3371
53588000,3374
53590000,3376
53592000,3371
53594000,3374
53596001,3368
53598001,3371
53600000,3337
53602001,3365
53604000,3371
53606000,3370
53608001,3371
53610000,3374
53612000,3369
53614001,3374
53616000,3371
53618001,3374
53620000,3373
53622000,3371
53624000,3367
53626001,3375
53628001,3374
53630001,3373
53632000,3373
53634001,3370
53636001,3376
53638000,3367
53640000,3373
53642001,3373
53644001,3371
53646001,3370
53648000,3373
53650000,3366
53652000,3370
53654001,3370
53656001,3370
53658001,3375
53660000,3371
53662000,3371
53664000,3374
53666000,3370
53668000,3371
53670001,3371
53672000,3371
53674001,3369
53676001,3372
53678000,3370
53680000,3370
53682000,3373
53684000,3371
53686001,3371
53688000,3375
53690001,3374
53692001,3368
53694000,3369
53696000,3371
53698000,3371
53700001,3361
53702000,3367
53704000,3375
53706000,3370
53708000,3374
53710000,3375
53712000,3355
53714000,3370
53716001,3374
53718000,3373
53720000,3373
53722000,3370
53724000,3372
53726001,3371
53728000,3372
53730001,3371
53732000,3371
53734001,3373
53736000,3372
53738000,3375
53740000,3374
53742000,3374
53744001,3372
53746000,3375
53748000,3371
53750001,3374
53752001,3370
53754000,3373
53756000,3370
53758000,3373
53760000,3377
53762000,3371
53764001,3373
53766001,3373
53768000,3373
53770001,3376
53772001,3372
53774000,3375
53776000,3374
53778000,3371
53780000,3376
53782000,3373
53784000,3376
53786000,3375
53788000,3381
53790000,3376
53792000,3373
53794000,3376
53796000,3376
53798000,3376
53800000,3374
53802001,3376
53804001,3376
53806001,3376
53808000,3372
53810000,3376
53812000,3376
53814000,3376
53816000,3376
53818000,3379
53820000,3376
53822000,3376
53824001,3378
53826000,3376
53828000,3376
53830001,3377
53832001,3379
53834001,3376
53836001,3377
53838000,3376
53840001,3393
53842001,3361
53844000,3378
53846001,3376
53848000,3375
53850000,3378
53852000,3375
53854000,3376
53856001,3376
53858000,3376
53860000,3377
53862000,3350
53864000,3374
53866000,3383
53868000,3379
53870000,3376
53872000,3378
53874000,3387
53876000,3376
53878000,3378
53880000,3378
53882000,3382
53884000,3377
53886000,3377
53888000,3379
53890000,3376
53892000,3378
53894000,3364
53896000,3376
53898001,3373
53900000,3376
53902000,3380
53904001,3376
53906000,3377
53908000,3378
53910001,3378
53912000,3377
53914000,3361
53916000,3376
53918000,3377
53920000,3375
53922000,3376
53924000,3376
53926001,3376
53928000,3373
53930000,3361
53932000,3376
53934000,3381
53936001,3378
53938000,3376
53940001,3377
53942000,3379
53944000,3376
53946000,3377
53948000,3378
53950001,3378
53952000,3376
53954000,3375
53956000,3376
53958000,3376
53960000,3378
53962000,3375
53964000,3378
53966000,3377
53968000,3378
53970000,3380
53972000,3376
53974000,3375
53976000,3378
53978000,3378
53980000,3376
53982000,3377
53984000,3385
53986000,3378
53988000,3378
53990000,3376
53992000,3372
53994000,3376
53996000,3376
53998000,3377
54000001,3378
54002001,3382
54004000,3376
54006000,3376
54008000,3376
54010000,3376
54012000,3378
54014000,3377
54016001,3378
54018001,3377
54020000,3376
54022000,3378
54024001,3378
54026000,3377
54028001,3344
54030001,3376
54032000,3376
54034000,3378
54036001,3378
54038000,3379
54040000,3376
54042001,3329
54044000,3376
54046000,3377
54048000,3381
54050000,3378
54052000,3376
54054000,3377
54056000,3376
54058001,3376
54060000,3381
54062001,3376
54064000,3379
54066000,3379
54068000,3379
54070000,3376
54072000,3378
54074000,3376
54076000,3379
54078000,3379
54080000,3377
54082000,3377
54084000,3377
54086000,3376
54088001,3377
54090001,3377
54092000,3379
54094000,3376
54096000,3380
54098000,3376
54100000,3377
54102000,3377
54104000,3378
54106000,3378
54108000,3377
54110000,3377
54112000,3381
54114000,3378
54116001,3382
54118000,3355
54120000,3378
54122000,3383
54124000,3376
54126000,3376
54128000,3378
54130000,3379
54132000,3377
54134000,3373
54136000,3379
54138000,3379
54140001,3379
54142000,3379
54144001,3378
54146000,3379
54148001,3376
54150000,3376
54152001,3377
54154000,3378
54156000,3376
54158001,3376
54160000,3380
54162001,3376
54164001,3377
54166001,3377
54168000,3377
54170001,3379
54172000,3376
54174001,3379
54176001,3377
54178000,3376
54180001,3376
54182001,3379
54184000,3381
54186000,3378
54188000,3376
54190000,3377
54192001,3386
54194000,3377
54196000,3377
54198000,3377
54200000,3377
54202000,3378
54204000,3376
54206001,3376
54208000,3378
54210000,3378
54212000,3376
54214000,3377
54216000,3378
54218000,3378
54220001,3379
54222001,3382
54224000,3377
54226000,3377
54228000,3377
54230000,3379
54232000,3377
54234000,3376
54236000,3378
54238000,3376
54240000,3377
54242001,3376
54244001,3378
54246000,3376
54248001,3376
54250001,3380
54252000,3376
54254001,3379
54256001,3376
54258001,3380
54260000,3381
54262000,3378
54264000,3378
54266000,3378
54268000,3377
54270001,3377
54272001,3379
54274000,3374
54276000,3376
54278001,3377
54280001,3379
54282000,3378
54284000,3377
54286000,3379
54288000,3377
54290000,3377
54292000,3376
54294001,3378
54296000,3377
54298000,3379
54300000,3377
54302000,3371
54304001,3380
54306000,3376
54308001,3376
54310000,3376
54312001,3377
54314001,3377
54316001,3376
54318000,3379
54320000,3376
54322001,3378
54324000,3382
54326001,3376
54328000,3377
54330000,3385
54332000,3377
54334000,3377
54336000,3378
54338000,3376
54340000,3376
54342001,3377
54344001,3378
54346000,3376
54348001,3379
54350000,3376
54352001,3376
54354001,3395
54356001,3378
54358000,3374
54360001,3377
54362001,3376
54364000,3381
54366001,3371
54368000,3377
54370001,3365
54372001,3376
54374001,3376
54376000,3379
54378001,3378
54380000,3377
54382001,3379
54384001,3378
54386000,3377
54388000,3322
54390001,3380
54392000,3387
54394001,3377
54396000,3377
54398000,3376
54400000,3359
54402000,3380
54404000,3378
54406000,3376
54408001,3383
54410000,3379
54412001,3376
54414001,3377
54416001,3378
54418001,3377
54420001,3380
54422000,3377
54424000,3382
54426000,3383
54428000,3379
54430000,3378
54432000,3378
54434000,3379
54436000,3377
54438000,3376
54440000,3365
54442000,3383
54444000,3379
54446000,3377
54448000,3378
54450000,3378
54452000,3376
54454000,3377
54456001,3376
54458000,3378
54460000,3376
54462000,3376
54464000,3385
54466000,3378
54468000,3379
54470001,3376
54472001,3376
54474000,3376
54476000,3377
54478001,3377
54480000,3378
54482000,3376
54484000,3377
54486000,3379
54488000,3377
54490000,3376
54492000,3376
54494001,3379
54496001,3379
54498000,3379
54500000,3376
54502000,3379
54504000,3378
54506000,3376
54508000,3379
54510000,3377
54512000,3379
54514000,3380
54516000,3379
54518000,3376
54520001,3376
54522001,3379
54524001,3382
54526001,3378
54528001,3376
54530001,3377
54532001,3376
54534001,3378
54536000,3378
54538000,3325
54540000,3377
54542000,3377
54544000,3379
54546001,3376
54548001,3376
54550001,3346
54552000,3379
54554000,3379
54556000,3341
54558001,3378
54560000,3376
54562001,3378
54564001,3377
54566000,3377
54568001,3378
54570000,3377
54572000,3377
54574001,3379
54576000,3378
54578000,3382
54580000,3376
54582000,3381
54584001,3377
54586001,3381
54588001,3377
54590001,3382
54592000,3381
54594000,3376
54596000,3377
54598001,3378
54600001,3379
54602001,3376
54604001,3376
54606001,3379
54608001,3378
54610000,3379
54612001,3375
54614001,3379
54616000,3378
54618000,3378
54620000,3397
54622000,3378
54624000,3370
54626000,3371
54628000,3378
54630000,3383
54632000,3379
54634000,3379
54636000,3377
54638000,3378
54640000,3360
54642000,3378
54644000,3378
54646001,3382
54648000,3378
54650001,3379
54652000,3377
54654001,3383
54656001,3382
54658000,3379
54660000,3377
54662000,3379
54664000,3378
54666000,3379
54668000,3377
54670000,3379
54672000,3380
54674000,3382
54676000,3377
54678000,3379
54680000,3378
54682000,3358
54684001,3381
54686000,3378
54688000,3382
54690001,3377
54692001,3383
54694000,3377
54696000,3387
54698000,3387
54700000,3378
54702000,3379
54704000,3381
54706000,3381
54708000,3379
54710000,3377
54712000,3378
54714000,3379
54716001,3376
54718001,3390
54720000,3383
54722001,3379
54724001,3378
54726000,3377
54728000,3380
54730000,3379
54732000,3383
54734000,3381
54736000,3382
54738000,3379
54740001,3379
54742001,3380
54744001,3361
54746000,3380
54748000,3376
54750000,3377
54752000,3378
54754000,3381
54756000,3379
54758000,3376
54760001,3378
54762000,3382
54764001,3382
54766001,3381
54768001,3377
54770000,3377
54772000,3380
54774001,3380
54776000,3379
54778001,3378
54780001,3378
54782001,3376
54784000,3379
54786000,3382
54788000,3379
54790000,3383
54792001,3382
54794000,3381
54796001,3381
54798001,3379
54800001,3379
54802001,3379
54804000,3381
54806000,3382
54808000,3381
54810000,3379
54812001,3378
54814001,3383
54816000,3379
54818000,3381
54820001,3379
54822001,3380
54824001,3378
54826001,3378
54828001,3382
54830000,3385
54832001,3383
54834001,3384
54836000,3382
54838001,3378
54840001,3376
54842001,3385
54844001,3381
54846001,3382
54848000,3383
54850000,3379
54852000,3379
54854001,3381
54856000,3381
54858001,3383
54860000,3383
54862000,3383
54864001,3378
54866000,3387
54868001,3382
54870000,3377
54872000,3376
54874000,3381
54876000,3379
54878001,3383
54880000,3381
54882000,3385
54884000,3385
54886000,3378
54888001,3381
54890001,3380
54892001,3382
54894001,3379
54896001,3386
54898000,3383
54900001,3381
54902000,3379
54904000,3377
54906001,3386
54908001,3380
54910000,3383
54912001,3383
54914000,3379
54916000,3380
54918001,3381
54920000,3378
54922000,3382
54924000,3377
54926000,3382
54928000,3380
54930000,3383
54932001,3379
54934000,3379
54936000,3383
54938000,3382
54940001,3376
54942000,3383
54944001,3381
54946001,3381
54948001,3377
54950001,3383
54952000,3378
54954001,3382
54956001,3381
54958000,3379
54960001,3381
54962000,3440
54964000,3381
54966000,3380
54968000,3382
54970000,3379
54972000,3378
54974000,3386
54976000,3386
54978000,3380
54980000,3379
54982000,3381
54984000,3401
54986001,3383
54988000,3388
54990000,3383
54992000,3383
54994000,3382
54996001,3383
54998001,3383
55000000,3386
55002000,3383
55004000,3381
55006001,3379
55008001,3378
55010000,3374
55012001,3383
55014001,3379
55016000,3388
55018001,3389
55020000,3383
55022001,3383
55024000,3381
55026001,3391
55028000,3395
55030000,3383
55032000,3384
55034000,3383
55036000,3382
55038000,3383
55040000,3383
55042000,3382
55044001,3381
55046000,3381
55048000,3385
55050000,3383
55052000,3378
55054000,3385
55056000,3387
55058000,3387
55060000,3391
55062000,3382
55064000,3385
55066000,3385
55068000,3378
55070000,3381
55072000,3397
55074000,3386
55076000,3379
55078000,3383
55080000,3380
55082000,3383
55084000,3385
55086000,3380
55088000,3381
55090000,3388
55092001,3382
55094001,3380
55096001,3382
55098001,3383
55100000,3386
55102000,3387
55104001,3389
55106000,3382
55108001,3382
55110000,3383
55112001,3387
55114000,3383
55116000,3383
55118001,3385
55120001,3387
55122000,3386
55124001,3382
55126001,3381
55128000,3377
55130000,3385
55132001,3386
55134000,3387
55136001,3386
55138000,3385
55140001,3382
55142001,3387
55144001,3383
55146001,3389
55148001,3385
55150000,3383
55152001,3382
55154000,3387
55156000,3385
55158000,3387
55160001,3387
55162000,3386
55164001,3388
55166001,3387
55168000,3383
55170000,3387
55172000,3387
55174000,3383
55176000,3387
55178000,3388
55180000,3387
55182000,3390
55184000,3386
55186000,3385
55188000,3392
55190000,3387
55192000,3383
55194000,3383
55196000,3384
55198000,3388
55200000,3385
55202000,3386
55204001,3386
55206001,3385
55208000,3383
55210000,3385
55212000,3379
55214001,3386
55216000,3380
55218001,3383
55220001,3387
55222000,3384
55224000,3386
55226000,3385
55228000,3387
55230000,3383
55232000,3383
55234000,3390
55236000,3370
55238000,3390
55240000,3386
55242000,3383
55244001,3387
55246001,3385
55248000,3385
55250000,3381
55252000,3385
55254000,3387
55256000,3382
55258000,3389
55260000,3389
55262000,3388
55264000,3389
55266000,3381
55268000,3380
55270000,3384
55272000,3382
55274001,3387
55276000,3386
55278001,3383
55280000,3387
55282000,3382
55284001,3382
55286001,3383
55288001,3389
55290000,3381
55292000,3389
55294000,3383
55296001,3384
55298000,3383
55300000,3383
55302000,3383
55304000,3388
55306001,3389
55308001,3383
55310001,3385
55312001,3379
55314001,3383
55316000,3387
55318000,3379
55320000,3383
55322000,3376
55324000,3382
55326000,3381
55328000,3388
55330001,3383
55332000,3383
55334000,3383
55336000,3450
55338001,3386
55340000,3386
55342000,3385
55344001,3386
55346001,3385
55348001,3385
55350001,3386
55352001,3388
55354001,3383
55356001,3385
55358000,3387
55360001,3383
55362000,3386
55364000,3386
55366000,3383
55368000,3383
55370000,3377
55372000,3381
55374000,3385
55376000,3385
55378000,3387
55380000,3382
55382000,3387
55384001,3386
55386000,3385
55388000,3383
55390001,3383
55392001,3382
55394000,3385
55396001,3383
55398000,3381
55400001,3398
55402000,3382
55404000,3383
55406000,3379
55408000,3386
55410000,3381
55412000,3387
55414000,3385
55416000,3390
55418000,3385
55420000,3389
55422000,3387
55424000,3382
55426000,3385
55428000,3386
55430000,3381
55432001,3385
55434000,3386
55436000,3385
55438000,3386
55440000,3378
55442000,3386
55444000,3386
55446001,3383
55448000,3383
55450001,3398
55452001,3382
55454001,3382
55456001,3381
55458001,3386
55460001,3382
55462000,3383
55464001,3385
55466001,3378
55468000,3381
55470000,3386
55472000,3357
55474000,3387
55476000,3383
55478000,3387
55480001,3382
55482000,3379
55484001,3386
55486000,3387
55488000,3387
55490001,3381
55492001,3385
55494001,3385
55496001,3383
55498000,3387
55500001,3388
55502000,3385
55504001,3386
55506000,3382
55508000,3383
55510000,3382
55512000,3383
55514000,3383
55516000,3387
55518000,3386
55520000,3382
55522000,3383
55524000,3386
55526000,3384
55528000,3383
55530001,3381
55532000,3380
55534000,3381
55536000,3376
55538001,3383
55540000,3384
55542000,3381
55544001,3382
55546000,3408
55548000,3381
55550000,3388
55552000,3382
55554000,3383
55556000,3383
55558001,3385
55560001,3379
55562001,3380
55564001,3383
55566001,3383
55568000,3386
55570000,3383
55572001,3383
55574000,3381
55576001,3383
55578000,3383
55580001,3390
55582000,3385
55584001,3384
55586001,3381
55588001,3383
55590000,3382
55592000,3381
55594000,3383
55596000,3383
55598000,3383
55600000,3376
55602000,3383
55604000,3381
55606000,3382
55608000,3381
55610000,3383
55612001,3379
55614001,3382
55616001,3377
55618001,3382
55620000,3381
55622001,3380
55624000,3382
55626000,3379
55628001,3383
55630001,3378
55632001,3385
55634000,3382
55636000,3385
55638001,3382
55640000,3382
55642000,3379
55644000,3380
55646000,3379
55648001,3379
55650001,3375
55652001,3381
55654001,3383
55656001,3393
55658000,3383
55660001,3408
55662000,3382
55664001,3381
55666001,3386
55668000,3377
55670000,3379
55672000,3382
55674000,3379
55676000,3387
55678000,3383
55680000,3383
55682000,3385
55684000,3384
55686000,3381
55688000,3440
55690000,3380
55692000,3382
55694001,3383
55696001,3388
55698001,3382
55700001,3381
55702001,3383
55704001,3383
55706000,3383
55708000,3379
55710001,3382
55712000,3383
55714000,3383
55716000,3379
55718000,3379
55720000,3383
55722000,3380
55724000,3387
55726000,3382
55728000,3380
55730000,3382
55732000,3379
55734000,3397
55736000,3385
55738000,3381
55740000,3387
55742000,3385
55744000,3383
55746000,3379
55748000,3434
55750000,3382
55752000,3382
55754001,3382
55756000,3383
55758000,3381
55760000,3377
55762000,3383
55764000,3381
55766000,3378
55768000,3376
55770000,3383
55772000,3382
55774000,3349
55776001,3382
55778000,3383
55780001,3379
55782001,3386
55784000,3385
55786000,3440
55788000,3386
55790000,3381
55792000,3386
55794000,3385
55796001,3376
55798000,3381
55800001,3383
55802001,3387
55804001,3382
55806000,3381
55808000,3385
55810000,3383
55812000,3381
55814001,3383
55816001,3385
55818000,3382
55820000,3382
55822000,3385
55824000,3382
55826000,3385
55828000,3383
55830000,3386
55832000,3381
55834000,3382
55836001,3376
55838000,3383
55840000,3381
55842000,3381
55844000,3385
55846000,3385
55848001,3387
55850000,3382
55852001,3385
55854000,3386
55856000,3394
55858000,3383
55860001,3383
55862001,3382
55864000,3382
55866001,3386
55868000,3381
55870001,3386
55872000,3386
55874001,3383
55876000,3387
55878000,3382
55880000,3383
55882001,3386
55884000,3382
55886000,3379
55888001,3385
55890000,3383
55892000,3381
55894001,3383
55896000,3387
55898001,3382
55900000,3378
55902001,3383
55904000,3387
55906001,3387
55908000,3383
55910000,3382
55912000,3380
55914000,3389
55916000,3386
55918000,3383
55920000,3387
55922000,3391
55924001,3386
55926001,3381
55928000,3386
55930001,3382
55932001,3383
55934001,3385
55936000,3386
55938001,3387
55940000,3385
55942000,3382
55944000,3383
55946001,3323
55948001,3379
55950001,3382
55952000,3385
55954000,3385
55956000,3383
55958000,3385
55960000,3379
55962000,3381
55964000,3382
55966001,3386
55968000,3387
55970000,3386
55972000,3381
55974000,3383
55976001,3382
55978000,3385
55980000,3381
55982000,3385
55984000,3383
55986000,3387
55988000,3383
55990000,3388
55992000,3386
55994001,3383
55996000,3383
55998000,3382
56000000,3386
56002000,3389
56004000,3387
56006001,3385
56008001,3385
56010000,3339
56012001,3387
56014001,3382
56016000,3385
56018000,3380
56020000,3386
56022000,3386
56024000,3387
56026000,3381
56028000,3380
56030001,3386
56032000,3387
56034000,3388
56036000,3386
56038000,3386
56040000,3387
56042000,3381
56044000,3385
56046000,3389
56048000,3388
56050000,3387
56052000,3376
56054000,3387
56056000,3382
56058000,3383
56060000,3387
56062000,3389
56064000,3381
56066000,3387
56068000,3381
56070000,3389
56072000,3387
56074000,3390
56076000,3388
56078001,3374
56080000,3363
56082001,3383
56084000,3382
56086001,3387
56088001,3388
56090000,3387
56092000,3381
56094000,3384
56096000,3383
56098000,3385
56100001,3392
56102001,3383
56104001,3381
56106000,3386
56108000,3386
56110000,3381
56112000,3373
56114000,3382
56116001,3391
56118000,3386
56120000,3385
56122000,3389
56124000,3381
56126000,3383
56128000,3376
56130000,3383
56132000,3385
56134000,3381
56136000,3383
56138000,3383
56140000,3383
56142001,3386
56144001,3383
56146001,3382
56148001,3381
56150000,3391
56152001,3381
56154001,3384
56156000,3384
56158000,3385
56160001,3387
56162001,3387
56164000,3382
56166001,3387
56168000,3386
56170001,3385
56172001,3382
56174001,3379
56176001,3386
56178000,3389
56180000,3381
56182000,3386
56184000,3387
56186001,3385
56188000,3391
56190000,3383
56192000,3382
56194001,3385
56196000,3386
56198000,3385
56200000,3379
56202001,3385
56204000,3382
56206000,3385
56208000,3386
56210000,3382
56212000,3385
56214000,3383
56216001,3385
56218000,3392
56220000,3385
56222001,3383
56224000,3383
56226000,3381
56228000,3386
56230000,3387
56232000,3385
56234000,3387
56236000,3385
56238000,3387
56240001,3384
56242001,3389
56244000,3387
56246001,3385
56248001,3383
56250000,3387
56252000,3385
56254000,3381
56256000,3387
56258000,3385
56260000,3361
56262001,3386
56264001,3383
56266001,3365
56268000,3382
56270001,3389
56272000,3384
56274001,3382
56276000,3382
56278000,3402
56280000,3383
56282001,3321
56284000,3386
56286000,3379
56288000,3385
56290001,3382
56292001,3384
56294000,3385
56296001,3389
56298001,3383
56300000,3382
56302001,3386
56304000,3377
56306000,3389
56308000,3386
56310001,3387
56312000,3390
56314000,3382
56316000,3385
56318000,3386
56320000,3387
56322000,3387
56324000,3387
56326000,3387
56328000,3389
56330000,3388
56332000,3385
56334000,3381
56336000,3385
56338000,3382
56340000,3386
56342001,3383
56344001,3381
56346001,3387
56348001,3390
56350001,3434
56352001,3383
56354001,3382
56356000,3386
56358000,3367
56360000,3385
56362000,3387
56364001,3388
56366001,3390
56368001,3378
56370000,3381
56372000,3387
56374000,3387
56376000,3360
56378000,3390
56380000,3386
56382001,3386
56384001,3386
56386000,3385
56388001,3386
56390001,3383
56392000,3385
56394001,3383
56396001,3388
56398001,3387
56400000,3385
56402000,3386
56404000,3388
56406000,3383
56408000,3385
56410001,3383
56412000,3383
56414001,3389
56416000,3385
56418000,3381
56420000,3385
56422000,3381
56424000,3385
56426000,3382
56428001,3343
56430000,3387
56432000,3381
56434000,3385
56436000,3383
56438000,3387
56440000,3386
56442000,3386
56444001,3385
56446001,3383
56448001,3379
56450001,3386
56452000,3385
56454000,3358
56456000,3382
56458001,3382
56460000,3383
56462000,3387
56464000,3386
56466000,3387
56468000,3387
56470000,3385
56472000,3383
56474000,3378
56476000,3387
56478001,3383
56480000,3383
56482000,3381
56484001,3387
56486000,3385
56488000,3387
56490001,3381
56492000,3390
56494001,3385
56496001,3382
56498000,3387
56500000,3382
56502000,3383
56504000,3379
56506000,3385
56508000,3389
56510000,3390
56512000,3389
56514000,3388
56516000,3386
56518000,3380
56520000,3389
56522000,3382
56524000,3385
56526001,3381
56528001,3387
56530001,3385
56532000,3382
56534000,3383
56536000,3385
56538001,3383
56540001,3387
56542001,3382
56544001,3388
56546000,3383
56548000,3387
56550001,3383
56552001,3387
56554001,3389
56556001,3385
56558000,3383
56560000,3408
56562000,3385
56564000,3383
56566000,3389
56568000,3385
56570000,3386
56572000,3382
56574000,3389
56576000,3382
56578000,3378
56580000,3379
56582000,3381
56584000,3381
56586000,3385
56588000,3382
56590000,3385
56592001,3382
56594000,3376
56596000,3383
56598000,3385
56600000,3390
56602001,3381
56604001,3393
56606001,3440
56608000,3387
56610000,3383
56612001,3437
56614000,3383
56616001,3379
56618000,3379
56620000,3381
56622000,3381
56624000,3381
56626000,3387
56628000,3383
56630000,3381
56632000,3378
56634001,3379
56636001,3386
56638000,3385
56640000,3390
56642001,3388
56644000,3382
56646000,3383
56648000,3383
56650000,3386
56652000,3385
56654000,3387
56656000,3386
56658000,3389
56660000,3437
56662000,3383
56664000,3375
56666001,3366
56668000,3383
56670000,3379
56672000,3379
56674000,3382
56676000,3376
56678000,3382
56680001,3381
56682000,3379
56684000,3390
56686000,3384
56688000,3387
56690000,3383
56692000,3382
56694000,3387
56696000,3386
56698000,3349
56700001,3385
56702001,3383
56704000,3376
56706001,3383
56708000,3387
56710000,3386
56712000,3380
56714001,3382
56716001,3382
56718000,3460
56720000,3380
56722000,3375
56724000,3385
56726000,3381
56728000,3383
56730000,3383
56732000,3381
56734001,3382
56736000,3287
56738001,3376
56740001,3379
56742001,3378
56744000,3380
56746001,3379
56748000,3387
56750000,3375
56752000,3392
56754000,3381
56756000,3378
56758000,3376
56760000,3380
56762000,3374
56764000,3381
56766000,3472
56768000,3381
56770000,3378
56772000,3376
56774000,3385
56776000,3376
56778000,3408
56780000,3380
56782000,3382
56784000,3379
56786000,3385
56788000,3378
56792000,3385
56794000,3389
56796000,3378
56798000,3385
56800000,3377
56802000,3382
56804000,3378
56806000,3382
56808000,3387
56810001,3379
56812001,3379
56814001,3363
56816001,3367
56818001,3383
56820000,3386
56822000,3358
56824000,3365
56826001,3376
56828001,3379
56830000,3377
56832001,3381
56834000,3382
56836001,3382
56838000,3385
56840000,3379
56842000,3387
56844000,3376
56846000,3381
56848000,3380
56850000,3381
56852000,3367
56854000,3426
56856000,3381
56858000,3373
56860000,3379
56862000,3405
56864000,3383
56866000,3377
56868001,3383
56870000,3378
56872001,3378
56874000,3378
56876000,3408
56878000,3379
56880001,3399
56882000,3384
56884001,3407
56886001,3371
56888000,3369
56890001,3422
56892001,3382
56894000,3347
56896000,3344
56898000,3380
56900001,3403
56902000,3379
56904000,3376
56906000,3390
56908000,3379
56910000,3377
56912000,3379
56914000,3381
56916001,3378
56918000,3377
56920001,3376
56922000,3380
56924000,3380
56926001,3377
56928000,3378
56930000,3378
56932000,3374
56934000,3379
56936000,3376
56938000,3382
56940001,3377
56942000,3379
56944001,3389
56946000,3413
56948001,3365
56950001,3378
56952000,3379
56954000,3358
56956000,3376
56958000,3390
56960000,3371
56962000,3377
56964000,3376
56966000,3415
56968000,3453
56970000,3381
56972000,3376
56974000,3389
56976000,3388
56978000,3376
56980000,3369
56982000,3376
56984000,3376
56986000,3381
56988000,3399
56990000,3376
56992001,3378
56994001,3376
56996000,3377
56998000,3376
57000000,3375
57002000,3376
57004000,3376
57006000,3375
57008000,3378
57010000,3379
57012000,3379
57014000,3384
57016000,3376
57018000,3376
57020000,3380
57022000,3377
57024000,3377
57026000,3381
57028000,3377
57030000,3377
57032000,3370
57034000,3407
57036000,3378
57038001,3375
57040001,3376
57042001,3373
57044000,3376
57046000,3376
57048000,3373
57050000,3376
57052000,3376
57054000,3376
57056000,3386
57058000,3376
57060000,3318
57062000,3382
57064000,3359
57066000,3371
57068000,3377
57070001,3376
57072000,3376
57074000,3376
57076001,3376
57078000,3376
57080000,3354
57082000,3379
57084000,3376
57086000,3378
57088000,3250
57090000,3377
57092000,3376
57094001,3392
57096001,3376
57098000,3376
57100001,3377
57102001,3376
57104001,3389
57106000,3376
57108001,3376
57110000,3371
57112001,3378
57114000,3376
57116000,3376
57118001,3378
57120000,3369
57122001,3376
57124000,3377
57126000,3373
57128001,3376
57130001,3378
57132000,3376
57134000,3376
57136000,3374
57138001,3382
57140001,3376
57142000,3377
57144000,3376
57146000,3375
57148001,3376
57150001,3381
57152000,3377
57154000,3383
57156000,3377
57158000,3376
57160000,3376
57162000,3376
57164001,3376
57166001,3376
57168000,3333
57170001,3376
57172000,3373
57174000,3377
57176000,3374
57178000,3390
57180001,3376
57182000,3371
57184001,3376
57186001,3377
57188000,3376
57190001,3373
57192001,3379
57194001,3382
57196000,3421
57198000,3378
57200000,3376
57202000,3405
57204000,3377
57206000,3376
57208000,3372
57210000,3381
57212000,3376
57214000,3376
57216001,3404
57218000,3376
57220001,3378
57222001,3376
57224001,3377
57226000,3377
57228000,3378
57230000,3383
57232000,3383
57234000,3377
57236000,3378
57238000,3379
57240000,3373
57242000,3383
57244000,3380
57246000,3374
57248000,3382
57250000,3376
57252000,3376
57254000,3389
57256001,3376
57258001,3379
57260001,3383
57262000,3376
57264000,3409
57266000,3374
57268001,3376
57270000,3377
57272000,3373
57274000,3378
57276000,3376
57278000,3376
57280000,3309
57282000,3376
57284001,3366
57286000,3379
57288001,3357
57290001,3376
57292001,3408
57294000,3382
57296000,3359
57298001,3379
57300001,3377
57302001,3377
57304000,3345
57306000,3377
57308000,3377
57310000,3377
57312000,3376
57314001,3377
57316000,3379
57318000,3376
57320001,3325
57322001,3377
57324000,3376
57326001,3386
57328000,3374
57330000,3375
57332000,3381
57334000,3380
57336000,3376
57338000,3376
57340000,3376
57342001,3374
57344000,3379
57346001,3376
57348000,3374
57350000,3377
57352000,3382
57354000,3377
57356001,3376
57358000,3389
57360001,3379
57362000,3376
57364001,3376
57366000,3379
57368000,3376
57370000,3378
57372000,3376
57374001,3375
57376000,3380
57378001,3376
57380001,3376
57382000,3376
57384000,3376
57386001,3376
57388001,3378
57390001,3376
57392001,3379
57394001,3376
57396000,3376
57398001,3378
57400001,3377
57402001,3376
57404001,3344
57406000,3377
57408000,3376
57410000,3401
57412001,3343
57414000,3376
57416000,3379
57418001,3376
57420000,3377
57422000,3379
57424001,3378
57426000,3378
57428001,3376
57430000,3376
57432000,3376
57434000,3376
57436000,3376
57438000,3376
57440000,3388
57442000,3379
57444000,3379
57446000,3377
57448000,3376
57450000,3377
57452000,3377
57454000,3376
57456001,3378
57458000,3376
57460000,3376
57462000,3377
57464000,3376
57466000,3376
57468000,3376
57470000,3376
57472000,3376
57474000,3376
57476000,3376
57478001,3373
57480001,3376
57482001,3376
57484000,3376
57486000,3376
57488000,3376
57490000,3375
57492001,3376
57494000,3374
57496000,3312
57498000,3377
57500000,3374
57502000,3377
57504000,3379
57506000,3377
57508000,3378
57510000,3378
57512001,3376
57514000,3375
57516000,3379
57518000,3376
57520000,3376
57522000,3376
57524000,3376
57526000,3373
57528000,3376
57530000,3376
57532000,3378
57534000,3379
57536000,3375
57538000,3376
57540001,3377
57542000,3378
57544000,3379
57546000,3376
57548000,3374
57550000,3379
57552000,3378
57554000,3376
57556000,3377
57558001,3374
57560000,3375
57562000,3373
57564001,3375
57566001,3376
57568001,3376
57570001,3376
57572001,3376
57574001,3370
57576001,3373
57578001,3375
57580000,3371
57582001,3375
57584000,3374
57586000,3376
57588000,3376
57590000,3376
57592001,3378
57594001,3377
57596000,3376
57598000,3380
57600000,3376
57602000,3375
57604000,3376
57606000,3375
57608000,3368
57610000,3371
57612000,3369
57614001,3369
57616000,3374
57618000,3372
57620001,3374
57622000,3376
57624000,3376
57626000,3376
57628000,3375
57630000,3376
57632001,3376
57634000,3376
57636000,3374
57638000,3390
57640000,3376
57642001,3385
57644000,3376
57646000,3376
57648001,3371
57650000,3376
57652000,3373
57654000,3372
57656000,3367
57658000,3370
57660001,3366
57662000,3373
57664001,3372
57666000,3372
57668001,3370
57670001,3374
57672000,3376
57674000,3375
57676000,3374
57678001,3375
57680001,3376
57682001,3376
57684001,3377
57686000,3376
57688001,3376
57690000,3376
57692001,3380
57694001,3376
57696001,3375
57698001,3371
57700000,3376
57702001,3373
57704000,3367
57706001,3372
57708000,3375
57710000,3373
57712000,3376
57714000,3376
57716000,3374
57718000,3375
57720000,3373
57722000,3376
57724000,3376
57726000,3377
57728000,3375
57730000,3375
57732000,3376
57734000,3376
57736000,3375
57738000,3373
57740000,3374
57742000,3371
57744000,3375
57746000,3370
57748000,3375
57750000,3370
57752000,3372
57754001,3373
57756001,3367
57758001,3372
57760001,3373
57762001,3374
57764001,3373
57766000,3367
57768000,3379
57770001,3373
57772001,3373
57774000,3376
57776000,3374
57778000,3373
57780000,3376
57782000,3372
57784000,3374
57786000,3372
57788000,3369
57790000,3374
57792000,3375
57794000,3367
57796000,3371
57798000,3373
57800000,3363
57802000,3369
57804000,3376
57806000,3374
57808001,3371
57810001,3376
57812000,3375
57814000,3374
57816000,3376
57818000,3378
57820000,3374
57822001,3373
57824001,3375
57826000,3373
57828000,3375
57830000,3370
57832000,3373
57834000,3375
57836000,3372
57838000,3369
57840001,3373
57842001,3373
57844001,3369
57846001,3371
57848000,3375
57850000,3376
57852000,3371
57854000,3371
57856000,3376
57858001,3370
57860000,3376
57862000,3370
57864000,3376
57866001,3371
57868000,3375
57870001,3376
57872001,3371
57874001,3371
57876000,3372
57878000,3367
57880000,3371
57882001,3372
57884001,3369
57886000,3371
57888000,3374
57890000,3367
57892001,3371
57894000,3374
57896000,3373
57898000,3364
57900000,3371
57902000,3370
57904000,3376
57906000,3373
57908000,3373
57910000,3375
57912000,3376
57914000,3372
57916000,3375
57918000,3371
57920000,3366
57922000,3373
57924000,3371
57926000,3373
57928000,3376
57930000,3369
57932000,3369
57934000,3372
57936000,3370
57938000,3371
57940000,3373
57942000,3373
57944001,3374
57946000,3370
57948000,3370
57950000,3369
57952000,3370
57954000,3370
57956000,3373
57958000,3375
57960000,3371
57962000,3375
57964001,3373
57966000,3370
57968001,3379
57970000,3373
57972000,3375
57974000,3373
57976000,3373
57978000,3375
57980001,3358
57982000,3367
57984001,3376
57986001,3370
57988000,3368
57990000,3369
57992001,3392
57994000,3367
57996001,3365
57998000,3372
58000000,3370
58002000,3370
58004000,3371
58006000,3371
58008000,3371
58010000,3369
58012000,3371
58014000,3328
58016000,3371
58018000,3373
58020000,3373
58022000,3371
58024000,3365
58026000,3371
58028000,3370
58030001,3373
58032001,3371
58034001,3370
58036000,3371
58038000,3357
58040000,3369
58042000,3365
58044000,3367
58046000,3367
58048000,3371
58050000,3365
58052000,3375
58054000,3367
58056000,3367
58058000,3367
58060000,3360
58062001,3370
58064001,3371
58066001,3370
58068001,3369
58070000,3372
58072000,3366
58074000,3370
58076000,3371
58078000,3372
58080000,3371
58082001,3371
58084000,3371
58086000,3369
58088000,3373
58090000,3373
58092000,3406
58094000,3370
58096001,3371
58098001,3375
58100000,3373
58102001,3371
58104000,3398
58106001,3371
58108000,3372
58110000,3367
58112000,3372
58114000,3374
58116001,3370
58118000,3366
58120001,3371
58122000,3369
58124001,3373
58126000,3372
58128000,3367
58130000,3369
58132000,3370
58134000,3371
58136000,3371
58138000,3369
58140000,3367
58142001,3373
58144000,3370
58146000,3370
58148000,3370
58150000,3362
58152000,3364
58154000,3366
58156000,3370
58158000,3367
58160001,3367
58162001,3371
58164000,3371
58166001,3370
58168001,3370
58170000,3372
58172001,3367
58174000,3373
58176000,3373
58178001,3376
58180000,3370
58182000,3370
58184000,3365
58186001,3374
58188001,3373
58190000,3372
58192000,3367
58194001,3372
58196001,3367
58198000,3371
58200000,3374
58202000,3377
58204000,3371
58206000,3372
58208000,3370
58210000,3373
58212001,3371
58214000,3372
58216001,3367
58218001,3377
58220001,3375
58222000,3372
58224001,3369
58226001,3370
58228001,3365
58230001,3373
58232001,3373
58234000,3371
58236000,3370
58238001,3362
58240000,3370
58242001,3367
58244000,3367
58246001,3371
58248000,3370
58250000,3375
58252001,3371
58254000,3371
58256001,3369
58258000,3365
58260000,3371
58262000,3371
58264000,3371
58266000,3369
58268000,3370
58270000,3375
58272000,3369
58274000,3367
58276000,3370
58278000,3371
58280000,3367
58282000,3367
58284000,3372
58286000,3375
58288000,3370
58290000,3367
58292000,3360
58294001,3344
58296001,3364
58298001,3366
58300001,3372
58302000,3367
58304001,3369
58306000,3370
58308001,3367
58310000,3365
58312000,3365
58314000,3373
58316000,3371
58318000,3367
58320000,3371
58322000,3373
58324000,3367
58326000,3371
58328000,3371
58330000,3360
58332001,3370
58334001,3373
58336000,3362
58338000,3367
58340000,3371
58342000,3370
58344000,3371
58346000,3374
58348001,3373
58350000,3369
58352001,3372
58354000,3370
58356000,3373
58358001,3371
58360000,3367
58362000,3375
58364000,3370
58366000,3370
58368001,3367
58370000,3367
58372001,3379
58374000,3374
58376000,3375
58378000,3367
58380000,3373
58382001,3369
58384001,3369
58386000,3377
58388001,3371
58390001,3370
58392000,3367
58394001,3369
58396000,3344
58398000,3371
58400000,3370
58402000,3370
58404000,3367
58406001,3367
58408001,3367
58410000,3374
58412000,3370
58414000,3370
58416001,3370
58418000,3369
58420000,3368
58422000,3365
58424000,3370
58426001,3364
58428001,3367
58430001,3366
58432000,3367
58434001,3365
58436000,3371
58438000,3367
58440000,3367
58442000,3368
58444000,3375
58446000,3383
58448000,3373
58450000,3370
58452000,3367
58454000,3372
58456001,3370
58458001,3371
58460000,3370
58462000,3370
58464000,3371
58466000,3372
58468000,3366
58470001,3373
58472000,3372
58474000,3370
58476000,3369
58478001,3371
58480001,3370
58482000,3371
58484001,3370
58486001,3373
58488001,3373
58490001,3371
58492001,3370
58494001,3369
58496001,3371
58498001,3374
58500001,3376
58502001,3367
58504001,3371
58506000,3373
58508000,3369
58510000,3369
58512000,3375
58514001,3369
58516000,3367
58518001,3371
58520001,3370
58522000,3371
58524001,3373
58526000,3373
58528000,3378
58530000,3376
58532000,3370
58534001,3371
58536001,3370
58538001,3370
58540001,3370
58542000,3374
58544000,3374
58546000,3360
58548001,3374
58550000,3373
58552000,3373
58554001,3369
58556000,3370
58558000,3376
58560000,3372
58562001,3369
58564000,3361
58566000,3375
58568000,3373
58570000,3371
58572000,3371
58574001,3369
58576000,3371
58578000,3377
58580000,3463
58582001,3362
58584000,3371
58586001,3367
58588001,3374
58590001,3375
58592001,3371
58594001,3371
58596001,3367
58598001,3371
58600000,3367
58602001,3371
58604000,3370
58606000,3357
58608001,3344
58610000,3366
58612000,3373
58614001,3387
58616000,3251
58618000,3373
58620000,3314
58622000,3365
58624000,3325
58626000,3371
58628000,3370
58630000,3375
58632000,3374
58634000,3374
58636000,3371
58638000,3371
58640000,3374
58642000,3374
58644000,3371
58646000,3369
58648000,3373
58650000,3373
58652000,3371
58654000,3376
58656000,3372
58658001,3370
58660001,3370
58662000,3375
58664000,3370
58666000,3372
58668001,3374
58670000,3371
58672000,3374
58674000,3371
58676000,3367
58678000,3379
58680000,3372
58682000,3371
58684000,3371
58686000,3380
58688000,3369
58690000,3370
58692000,3370
58694000,3370
58696000,3372
58698000,3363
58700000,3324
58702000,3370
58704000,3372
58706000,3371
58708000,3370
58710000,3369
58712001,3377
58714000,3369
58716000,3369
58718000,3376
58720000,3367
58722000,3370
58724001,3349
58726000,3371
58728000,3361
58730000,3370
58732000,3372
58734000,3373
58736000,3398
58738000,3359
58740001,3374
58742001,3369
58744000,3374
58746001,3404
58748000,3374
58750000,3374
58752000,3370
58754000,3371
58756000,3371
58758000,3411
58760000,3377
58762000,3373
58764000,3376
58766000,3367
58768000,3367
58770000,3374
58772000,3365
58774000,3375
58776000,3372
58778000,3370
58780000,3362
58782001,3371
58784000,3366
58786000,3369
58788000,3330
58790000,3374
58792001,3372
58794001,3376
58796001,3373
58798000,3369
58800001,3371
58802000,3371
58804001,3382
58806000,3374
58808000,3367
58810000,3369
58812000,3374
58814000,3373
58816000,3371
58818000,3373
58820000,3373
58822000,3370
58824000,3373
58826000,3373
58828000,3370
58830000,3376
58832000,3373
58834000,3371
58836000,3372
58838000,3369
58840000,3375
58842000,3367
58844001,3368
58846000,3370
58848001,3369
58850000,3372
58852001,3370
58854001,3371
58856000,3371
58858001,3375
58860000,3376
58862000,3376
58864000,3374
58866000,3364
58868000,3373
58870000,3373
58872001,3373
58874000,3374
58876001,3375
58878001,3371
58880000,3369
58882000,3373
58884001,3373
58886001,3375
58888000,3369
58890001,3371
58892000,3373
58894001,3370
58896001,3374
58898000,3363
58900000,3373
58902001,3371
58904001,3371
58906000,3371
58908001,3374
58910001,3373
58912000,3372
58914001,3373
58916000,3372
58918001,3368
58920000,3371
58922000,3341
58924001,3376
58926001,3365
58928000,3373
58930000,3371
58932000,3373
58934001,3372
58936000,3370
58938000,3375
58940000,3374
58942000,3372
58944000,3366
58946001,3373
58948001,3375
58950000,3373
58952000,3376
58954000,3374
58956000,3372
58958001,3370
58960001,3371
58962000,3369
58964000,3371
58966000,3375
58968000,3371
58970001,3375
58972000,3371
58974000,3365
58976000,3373
58978000,3376
58980000,3371
58982000,3370
58984000,3375
58986000,3370
58988000,3369
58990001,3375
58992001,3371
58994000,3369
58996000,3371
58998000,3370
59000000,3370
59002000,3322
59004001,3370
59006001,3374
59008000,3373
59010000,3375
59012000,3377
59014000,3372
59016000,3375
59018000,3371
59020000,3371
59022000,3367
59024000,3371
59026000,3375
59028000,3369
59030000,3340
59032000,3374
59034001,3374
59036001,3374
59038000,3386
59040001,3375
59042000,3373
59044000,3372
59046001,3371
59048000,3361
59050001,3369
59052001,3389
59054001,3370
59056001,3373
59058001,3369
59060001,3376
59062001,3376
59064000,3376
59066000,3369
59068000,3374
59070000,3363
59072000,3373
59074000,3372
59076000,3376
59078000,3374
59080000,3369
59082000,3370
59084000,3376
59086000,3376
59088000,3371
59090000,3365
59092000,3377
59094000,3371
59096000,3375
59098000,3371
59100000,3359
59102000,3369
59104000,3373
59106000,3375
59108000,3371
59110000,3375
59112000,3373
59114001,3376
59116000,3372
59118000,3374
59120001,3296
59122000,3495
59124000,3372
59126000,3339
59128000,3367
59130000,3371
59132000,3374
59134000,3313
59136000,3374
59138000,3375
59140000,3373
59142000,3362
59144000,3375
59146000,3370
59148000,3373
59150000,3373
59152000,3373
59154000,3373
59156000,3374
59158000,3364
59160001,3371
59162001,3376
59164001,3372
59166000,3373
59168000,3383
59170001,3373
59172000,3331
59174000,3370
59176001,3373
59178001,3353
59180000,3343
59182001,3378
59184000,3377
59186000,3375
59188000,3372
59190000,3356
59192000,3373
59194000,3382
59196000,3366
59198000,3374
59200000,3371
59202000,3360
59204001,3371
59206000,3374
59208000,3343
59210000,3373
59212000,3374
59214000,3367
59216001,3371
59218000,3364
59220001,3302
59222000,3373
59224000,3373
59226000,3369
59228000,3371
59230000,3377
59232001,3317
59234001,3369
59236001,3376
59238000,3358
59240000,3362
59242000,3372
59244000,3375
59246000,3294
59248000,3372
59250000,3373
59252000,3397
59254000,3375
59256000,3375
59258000,3397
59260000,3371
59262001,3367
59264001,3373
59266000,3373
59268001,3372
59270000,3373
59272000,3374
59274001,3386
59276000,3376
59278000,3360
59280000,3371
59282000,3373
59284000,3375
59286000,3385
59288000,3374
59290000,3367
59292000,3371
59294000,3371
59296000,3373
59298000,3383
59300000,3374
59302000,3376
59304000,3373
59306001,3370
59308001,3383
59310000,3373
59312001,3367
59314001,3375
59316000,3373
59318000,3375
59320001,3417
59322000,3370
59324000,3402
59326000,3344
59328000,3373
59330001,3376
59332000,3372
59334000,3375
59336000,3374
59338000,3373
59340000,3376
59342000,3374
59344000,3376
59346000,3373
59348001,3371
59350001,3366
59352001,3372
59354000,3373
59356000,3376
59358000,3373
59360000,3374
59362000,3375
59364000,3374
59366000,3375
59368000,3373
59370001,3366
59372000,3376
59374000,3371
59376000,3373
59378000,3375
59380000,3370
59382000,3370
59384000,3375
59386000,3369
59388000,3374
59390000,3375
59392000,3365
59394000,3374
59396000,3376
59398001,3375
59400001,3374
59402000,3373
59404000,3375
59406000,3373
59408000,3370
59410000,3373
59412000,3367
59414000,3364
59416000,3372
59418001,3371
59420000,3373
59422000,3366
59424000,3375
59426000,3367
59428000,3374
59430000,3376
59432000,3371
59434000,3367
59436001,3367
59438000,3374
59440000,3373
59442001,3375
59444001,3369
59446000,3369
59448000,3381
59450000,3376
59452001,3372
59454001,3372
59456001,3371
59458001,3373
59460000,3371
59462000,3369
59464001,3371
59466000,3370
59468000,3371
59470001,3376
59472001,3369
59474000,3375
59476001,3373
59478000,3374
59480001,3369
59482000,3365
59484001,3375
59486000,3363
59488001,3374
59490000,3370
59492001,3376
59494001,3373
59496000,3372
59498000,3376
59500000,3376
59502000,3376
59504001,3369
59506000,3372
59508000,3373
59510000,3374
59512001,3375
59514000,3371
59516001,3377
59518000,3371
59520001,3367
59522000,3377
59524001,3371
59526000,3373
59528001,3373
59530001,3374
59532001,3373
59534000,3408
59536001,3374
59538001,3376
59540001,3373
59542000,3371
59544000,3374
59546000,3375
59548001,3376
59550000,3375
59552000,3376
59554000,3374
59556000,3376
59558000,3370
59560000,3374
59562000,3373
59564000,3376
59566000,3371
59568000,3375
59570000,3374
59572000,3375
59574000,3373
59576000,3373
59578001,3374
59580000,3373
59582000,3371
59584000,3373
59586000,3374
59588000,3371
59590000,3375
59592000,3373
59594000,3375
59596000,3376
59598000,3375
59600000,3374
59602000,3381
59604000,3373
59606000,3376
59608000,3370
59610000,3366
59612000,3374
59614001,3371
59616001,3376
59618000,3371
59620000,3376
59622001,3370
59624000,3369
59626000,3374
59628000,3371
59630001,3375
59632000,3371
59634000,3374
59636000,3370
59638001,3374
59640000,3371
59642001,3375
59644000,3373
59646000,3376
59648000,3369
59650000,3376
59652001,3376
59654001,3372
59656001,3376
59658000,3373
59660000,3372
59662000,3369
59664001,3374
59666001,3376
59668001,3375
59670000,3372
59672000,3374
59674000,3373
59676001,3364
59678000,3375
59680001,3370
59682001,3375
59684001,3375
59686000,3367
59688000,3374
59690001,3375
59692000,3374
59694001,3370
59696001,3374
59698001,3357
59700000,3378
59702000,3386
59704000,3375
59706000,3368
59708000,3375
59710000,3376
59712000,3375
59714001,3376
59716000,3375
59718000,3353
59720000,3376
59722000,3375
59724000,3373
59726000,3373
59728000,3303
59730000,3419
59732000,3374
59734000,3376
59736000,3375
59738000,3374
59740000,3374
59742000,3370
59744000,3371
59746000,3367
59748001,3375
59750000,3376
59752000,3373
59754001,3374
59756001,3371
59758000,3376
59760000,3376
59762000,3372
59764000,3369
59766000,3373
59768000,3369
59770000,3371
59772000,3372
59774001,3375
59776000,3376
59778000,3373
59780000,3403
59782000,3372
59784000,3375
59786000,3391
59788000,3359
59790001,3376
59792001,3367
59794001,3375
59796000,3371
59798001,3373
59800000,3370
59802001,3366
59804000,3377
59806000,3375
59808000,3374
59810001,3374
59812001,3376
59814001,3373
59816001,3370
59818000,3353
59820000,3375
59822001,3375
59824001,3364
59826001,3375
59828001,3374
59830000,3374
59832000,3407
59834000,3373
59836000,3375
59838000,3375
59840000,3373
59842000,3373
59844000,3374
59846001,3353
59848000,3374
59850000,3375
59852001,3373
59854001,3374
59856000,3375
59858000,3370
59860000,3376
59862000,3373
59864000,3376
59866000,3376
59868000,3376
59870001,3373
59872000,3376
59874000,3376
59876000,3373
59878001,3343
59880000,3375
59882000,3374
59884000,3370
59886000,3373
59888000,3371
59890000,3367
59892000,3374
59894001,3375
59896000,3374
59898000,3373
59900000,3367
59902000,3375
59904001,3371
59906000,3344
59908001,3375
59910000,3373
59912000,3376
59914000,3376
59916000,3375
59918000,3376
59920000,3376
59922000,3375
59924000,3376
59926000,3375
59928000,3376
59930000,3375
59932000,3375
59934001,3376
59936000,3371
59938000,3375
59940000,3373
59942000,3374
59944000,3371
59946000,3375
59948000,3374
59950000,3372
59952001,3375
59954000,3375
59956001,3376
59958001,3373
59960001,3375
59962000,3375
59964000,3376
59966000,3374
59968001,3376
59970000,3373
59972000,3371
59974000,3376
59976001,3376
59978001,3374
59980001,3375
59982001,3372
59984000,3376
59986000,3371
59988000,3372
59990000,3376
59992000,3375
59994000,3376
59996001,3376
59998000,3375
60000000,3373
60002000,3373
60004000,3405
60006001,3373
60008001,3376
60010001,3375
60012000,3375
60014000,3376
60016000,3375
60018000,3370
60020001,3375
60022000,3376
60024001,3374
60026000,3371
60028000,3376
60030000,3381
60032000,3376
60034001,3376
60036000,3375
60038000,3376
60040001,3376
60042000,3374
60044000,3331
60046000,3376
60048000,3376
60050000,3376
60052000,3371
60054000,3374
60056000,3376
60058000,3371
60060000,3376
60062000,3375
60064001,3376
60066000,3373
60068001,3375
60070001,3375
60072000,3374
60074000,3377
60076000,3372
60078000,3376
60080000,3374
60082001,3374
60084000,3375
60086001,3376
60088000,3373
60090001,3376
60092000,3374
60094000,3374
60096000,3376
60098000,3375
60100001,3375
60102001,3371
60104000,3371
60106001,3376
60108001,3376
60110001,3376
60112001,3373
60114000,3374
60116000,3373
60118000,3375
60120000,3373
60122000,3376
60124000,3376
60126000,3376
60128000,3375
60130000,3375
60132001,3376
60134000,3374
60136000,3373
60138001,3377
60140000,3375
60142001,3376
60144001,3375
60146001,3371
60148000,3373
60150000,3376
60152001,3376
60154000,3373
60156000,3376
60158000,3374
60160000,3376
60162001,3374
60164000,3369
60166000,3373
60168000,3375
60170000,3371
60172000,3375
60174000,3375
60176000,3375
60178000,3375
60180000,3374
60182001,3371
60184001,3376
60186001,3377
60188000,3376
60190001,3373
60192001,3376
60194001,3376
60196000,3373
60198001,3376
60200000,3375
60202000,3374
60204000,3370
60206000,3375
60208000,3376
60210000,3376
60212001,3374
60214001,3379
60216000,3376
60218000,3375
60220000,3375
60222001,3373
60224001,3370
60226000,3375
60228001,3373
60230001,3369
60232001,3375
60234001,3375
60236000,3376
60238000,3375
60240001,3375
60242000,3376
60244000,3375
60246000,3375
60248000,3376
60250000,3374
60252000,3374
60254001,3374
60256000,3377
60258001,3376
60260001,3375
60262001,3376
60264001,3372
60266000,3376
60268001,3371
60270001,3375
60272001,3374
60274000,3375
60276000,3371
60278000,3376
60280001,3376
60282000,3376
60284000,3370
60286000,3376
60288000,3371
60290000,3375
60292000,3376
60294000,3376
60296001,3375
60298000,3394
60300001,3376
60302000,3376
60304000,3372
60306000,3375
60308000,3378
60310000,3376
60312000,3376
60314000,3365
60316000,3457
60318000,3375
60320000,3376
60322000,3373
60324000,3376
60326000,3376
60328001,3390
60330001,3371
60332001,3372
60334001,3372
60336000,3376
60338001,3371
60340001,3374
60342001,3375
60344000,3376
60346000,3376
60348000,3376
60350001,3376
60352000,3370
60354000,3375
60356000,3376
60358000,3387
60360000,3373
60362000,3373
60364000,3375
60366001,3376
60368001,3374
60370001,3376
60372001,3376
60374001,3376
60376000,3373
60378001,3376
60380001,3375
60382001,3373
60384000,3376
60386001,3375
60388000,3376
60390000,3376
60392000,3375
60394000,3375
60396000,3375
60398000,3377
60400000,3376
60402000,3371
60404000,3375
60406000,3373
60408000,3372
60410000,3374
60412000,3376
60414000,3390
60416000,3372
60418000,3383
60420001,3375
60422001,3375
60424000,3376
60426000,3373
60428000,3371
60430001,3373
60432000,3363
60434000,3370
60436000,3359
60438000,3376
60440000,3377
60442000,3392
60444000,3374
60446000,3376
60448000,3373
60450001,3376
60452000,3375
60454000,3385
60456000,3382
60458000,3375
60460000,3375
60462000,3375
60464000,3376
60466000,3376
60468000,3376
60470000,3377
60472000,3376
60474001,3374
60476001,3377
60478001,3375
60480000,3376
60482000,3376
60484000,3374
60486000,3376
60488001,3374
60490001,3376
60492001,3376
60494001,3375
60496001,3373
60498000,3376
60500001,3378
60502001,3378
60504000,3376
60506000,3376
60508001,3376
60510001,3374
60512000,3375
60514000,3376
60516000,3378
60518000,3376
60520000,3375
60522000,3366
60524001,3374
60526000,3376
60528000,3375
60530000,3376
60532000,3376
60534000,3374
60536000,3374
60538000,3374
60540000,3376
60542001,3376
60544001,3376
60546000,3377
60548001,3374
60550001,3376
60552000,3379
60554000,3376
60556000,3379
60558000,3375
60560000,3373
60562000,3374
60564001,3375
60566000,3376
60568000,3376
60570000,3376
60572000,3376
60574001,3376
60576000,3376
60578000,3374
60580000,3375
60582000,3376
60584000,3374
60586000,3376
60588000,3376
60590000,3370
60592000,3373
60594000,3374
60596000,3374
60598000,3375
60600000,3376
60602000,3376
60604001,3373
60606001,3376
60608000,3376
60610000,3376
60612000,3378
60614001,3376
60616001,3377
60618000,3373
60620000,3376
60622000,3374
60624000,3392
60626000,3373
60628000,3375
60630000,3371
60632001,3373
60634001,3375
60636000,3376
60638000,3376
60640000,3371
60642000,3376
60644000,3339
60646000,3376
60648000,3376
60650000,3376
60652000,3376
60654000,3376
60656000,3385
60658001,3376
60660000,3377
60662001,3376
60664001,3375
60666000,3375
60668001,3376
60670000,3376
60672000,3375
60674000,3376
60676000,3376
60678000,3376
60680000,3376
60682000,3374
60684000,3376
60686000,3376
60688000,3419
60690000,3375
60692000,3376
60694000,3371
60696000,3376
60698000,3364
60700000,3376
60702001,3377
60704000,3376
60706000,3376
60708001,3376
60710001,3374
60712001,3366
60714000,3378
60716000,3376
60718001,3376
60720000,3358
60722001,3377
60724001,3376
60726001,3377
60728001,3376
60730001,3379
60732000,3376
60734000,3374
60736001,3375
60738000,3376
60740001,3347
60742000,3376
60744001,3346
60746001,3376
60748001,3373
60750001,3377
60752000,3376
60754000,3375
60756000,3391
60758001,3375
60760001,3374
60762001,3375
60764000,3376
60766001,3376
60768001,3377
60770001,3374
60772000,3376
60774001,3377
60776000,3377
60778000,3376
60780000,3376
60782001,3362
60784001,3363
60786001,3372
60788000,3417
60790000,3374
60792000,3377
60794000,3377
60796000,3373
60798000,3376
60800001,3376
60802000,3374
60804001,3376
60806000,3375
60808000,3377
60810001,3361
60812001,3377
60814001,3375
60816001,3373
60818000,3374
60820000,3374
60822000,3375
60824001,3375
60826000,3374
60828000,3375
60830000,3375
60832001,3374
60834001,3373
60836000,3376
60838000,3375
60840000,3376
60842000,3375
60844000,3369
60846001,3376
60848001,3376
60850001,3374
60852000,3377
60854000,3337
60856001,3377
60858001,3375
60860000,3376
60862000,3376
60864001,3369
60866001,3376
60868000,3378
60870000,3374
60872000,3371
60874000,3371
60876000,3375
60878001,3376
60880000,3366
60882000,3364
60884000,3376
60886000,3376
60888001,3375
60890000,3375
60892001,3377
60894001,3375
60896001,3377
60898001,3377
60900000,3376
60902000,3376
60904000,3377
60906000,3376
60908000,3376
60910000,3375
60912000,3376
60914000,3376
60916000,3375
60918000,3375
60920000,3375
60922000,3376
60924000,3374
60926000,3375
60928000,3376
60930000,3375
60932000,3375
60934000,3376
60936001,3376
60938000,3376
60940000,3374
60942000,3374
60944000,3371
60946000,3376
60948000,3376
60950001,3376
60952001,3376
60954001,3377
60956000,3376
60958001,3369
60960001,3375
60962000,3374
60964000,3376
60966000,3375
60968000,3376
60970000,3373
60972000,3374
60974001,3376
60976000,3376
60978001,3376
60980000,3376
60982000,3373
60984000,3375
60986000,3373
60988001,3376
60990001,3376
60992001,3375
60994000,3374
60996000,3376
60998000,3374
61000000,3375
61002001,3375
61004001,3376
61006000,3376
61008001,3369
61010000,3376
61012001,3372
61014000,3379
61016001,3375
61018001,3374
61020000,3376
61022000,3375
61024000,3375
61026000,3376
61028000,3374
61030000,3373
61032001,3374
61034000,3376
61036000,3376
61038001,3376
61040001,3376
61042001,3375
61044001,3376
61046000,3373
61048001,3375
61050000,3371
61052001,3375
61054000,3371
61056001,3376
61058001,3373
61060000,3373
61062000,3376
61064000,3377
61066001,3376
61068000,3377
61070000,3373
61072001,3377
61074001,3376
61076000,3376
61078001,3375
61080000,3376
61082000,3403
61084000,3371
61086000,3373
61088000,3376
61090000,3376
61092000,3378
61094001,3376
61096000,3374
61098001,3374
61100001,3376
61102001,3376
61104000,3376
61106000,3376
61108000,3344
61110001,3377
61112000,3375
61114000,3374
61116001,3376
61118000,3423
61120001,3373
61122000,3375
61124001,3376
61126001,3373
61128000,3375
61130000,3366
61132000,3376
61134000,3374
61136000,3376
61138000,3376
61140000,3367
61142000,3386
61144000,3366
61146001,3376
61148000,3434
61150000,3373
61152000,3376
61154000,3374
61156001,3373
61158000,3373
61160001,3376
61162000,3376
61164000,3375
61166000,3366
61168000,3376
61170000,3376
61172000,3376
61174001,3376
61176001,3373
61178001,3377
61180001,3376
61182000,3389
61184000,3375
61186001,3375
61188001,3376
61190000,3376
61192000,3376
61194000,3376
61196000,3377
61198000,3375
61200000,3377
61202001,3374
61204000,3376
61206001,3374
61208000,3377
61210000,3374
61212000,3373
61214000,3373
61216000,3371
61218000,3376
61220000,3376
61222000,3376
61224000,3371
61226001,3373
61228000,3376
61230001,3372
61232000,3376
61234000,3375
61236000,3373
61238000,3373
61240000,3375
61242001,3375
61244000,3376
61246000,3375
61248000,3376
61250000,3375
61252000,3361
61254000,3376
61256000,3376
61258000,3399
61260000,3376
61262000,3377
61264000,3378
61266000,3372
61268000,3376
61270000,3350
61272000,3371
61274000,3376
61276000,3376
61278000,3375
61280000,3373
61282001,3375
61284000,3374
61286000,3346
61288000,3376
61290001,3375
61292000,3377
61294000,3323
61296000,3374
61298000,3377
61300000,3375
61302000,3375
61304000,3375
61306000,3374
61308000,3381
61310000,3375
61312001,3376
61314000,3376
61316001,3374
61318001,3376
61320000,3376
61322000,3376
61324000,3380
61326000,3405
61328000,3376
61330000,3376
61332000,3378
61334000,3376
61336001,3376
61338001,3377
61340001,3378
61342000,3389
61344000,3374
61346000,3373
61348000,3381
61350000,3377
61352001,3376
61354001,3376
61356001,3360
61358000,3377
61360001,3374
61362000,3375
61364000,3355
61366000,3375
61368000,3377
61370000,3375
61372000,3369
61374000,3376
61376000,3374
61378001,3376
61380000,3375
61382000,3378
61384000,3374
61386000,3377
61388000,3376
61390001,3374
61392000,3377
61394000,3376
61396001,3367
61398000,3376
61400000,3376
61402001,3378
61404001,3376
61406001,3376
61408000,3376
61410000,3373
61412000,3371
61414000,3376
61416000,3374
61418000,3376
61420001,3375
61422000,3375
61424000,3375
61426000,3376
61428000,3376
61430000,3376
61432000,3373
61434000,3376
61436000,3371
61438000,3376
61440000,3377
61442000,3376
61444000,3399
61446000,3376
61448001,3379
61450000,3376
61452000,3376
61454000,3376
61456000,3376
61458000,3376
61460000,3376
61462000,3376
61464000,3375
61466000,3373
61468000,3375
61470000,3378
61472000,3375
61474000,3369
61476000,3375
61478000,3375
61480000,3377
61482001,3376
61484000,3377
61486000,3366
61488000,3374
61490000,3380
61492001,3375
61494000,3376
61496001,3376
61498001,3376
61500001,3376
61502000,3376
61504000,3376
61506000,3375
61508000,3373
61510001,3376
61512000,3375
61514000,3372
61516000,3376
61518000,3376
61520000,3375
61522001,3375
61524001,3376
61526000,3376
61528001,3376
61530001,3376
61532000,3370
61534001,3375
61536001,3376
61538000,3377
61540000,3380
61542000,3376
61544000,3375
61546000,3374
61548000,3376
61550000,3376
61552000,3375
61554000,3375
61556000,3378
61558000,3373
61560000,3375
61562000,3377
61564000,3376
61566000,3375
61568000,3376
61570000,3378
61572001,3376
61574000,3376
61576000,3376
61578001,3376
61580001,3376
61582001,3378
61584000,3367
61586000,3371
61588000,3376
61590000,3371
61592000,3376
61594000,3376
61596000,3376
61598000,3371
61600001,3376
61602000,3373
61604000,3376
61606000,3377
61608000,3375
61610000,3376
61612000,3373
61614000,3375
61616000,3373
61618001,3376
61620000,3375
61622001,3374
61624001,3376
61626001,3376
61628000,3371
61630000,3375
61632000,3376
61634000,3375
61636000,3345
61638001,3376
61640000,3378
61642000,3365
61644001,3375
61646000,3376
61648000,3314
61650000,3322
61652000,3390
61654001,3377
61656001,3374
61658000,3417
61660000,3281
61662000,3375
61664001,3377
61666001,3375
61668000,3376
61670000,3375
61672001,3469
61674001,3376
61676001,3375
61678001,3376
61680001,3376
61682000,3376
61684000,3376
61686000,3376
61688001,3343
61690001,3376
61692001,3375
61694000,3408
61696000,3374
61698001,3376
61700001,3376
61702001,3375
61704000,3377
61706000,3327
61708000,3376
61710001,3375
61712000,3366
61714000,3391
61716001,3375
61718001,3376
61720001,3376
61722001,3387
61724001,3377
61726000,3378
61728000,3376
61730001,3367
61732001,3376
61734000,3376
61736000,3376
61738000,3391
61740000,3376
61742000,3376
61744000,3377
61746001,3376
61748000,3380
61750000,3375
61752000,3376
61754001,3376
61756000,3376
61758000,3377
61760000,3374
61762000,3376
61764001,3377
61766000,3376
61768000,3377
61770001,3376
61772000,3376
61774000,3376
61776000,3376
61778001,3377
61780001,3376
61782000,3378
61784000,3377
61786000,3373
61788001,3373
61790000,3414
61792001,3425
61794001,3375
61796000,3376
61798000,3322
61800000,3375
61802000,3417
61804000,3374
61806000,3374
61808000,3379
61810000,3375
61812001,3378
61814000,3377
61816000,3376
61818000,3376
61820000,3378
61822001,3375
61824000,3375
61826000,3376
61828000,3376
61830000,3367
61832000,3377
61834000,3376
61836000,3376
61838000,3376
61840001,3376
61842001,3376
61844001,3374
61846000,3376
61848000,3378
61850000,3377
61852000,3376
61854000,3392
61856000,3377
61858000,3376
61860000,3377
61862000,3377
61864000,3376
61866000,3376
61868000,3377
61870000,3376
61872000,3414
61874000,3335
61876000,3377
61878000,3373
61880001,3379
61882001,3377
61884001,3376
61886000,3376
61888001,3378
61890000,3375
61892001,3376
61894001,3378
61896001,3377
61898001,3376
61900000,3374
61902001,3375
61904000,3381
61906000,3376
61908000,3375
61910000,3377
61912001,3376
61914000,3386
61916000,3376
61918000,3376
61920000,3377
61922000,3376
61924000,3376
61926001,3395
61928000,3379
61930001,3385
61932000,3373
61934000,3377
61936000,3358
61938000,3376
61940000,3379
61942000,3383
61944000,3373
61946000,3375
61948000,3376
61950001,3376
61952001,3376
61954000,3376
61956000,3369
61958001,3376
61960001,3381
61962000,3377
61964001,3377
61966000,3376
61968001,3376
61970001,3376
61972001,3376
61974001,3375
61976001,3376
61978001,3376
61980001,3376
61982001,3376
61984000,3371
61986001,3376
61988000,3376
61990001,3381
61992001,3376
61994001,3378
61996000,3376
61998000,3376
62000000,3386
62002000,3379
62004001,3376
62006001,3376
62008000,3376
62010000,3373
62012000,3377
62014000,3377
62016001,3376
62018001,3382
62020000,3376
62022000,3376
62024001,3376
62026000,3377
62028001,3380
62030001,3376
62032000,3377
62034000,3376
62036000,3376
62038000,3376
62040000,3379
62042000,3376
62044000,3376
62046000,3376
62048000,3378
62050000,3376
62052000,3376
62054000,3376
62056000,3376
62058000,3374
62060000,3375
62062000,3377
62064000,3373
62066000,3378
62068000,3378
62070001,3377
62072000,3376
62074001,3378
62076000,3376
62078000,3376
62080000,3376
62082000,3377
62084000,3381
62086000,3380
62088000,3381
62090001,3376
62092000,3376
62094001,3374
62096000,3377
62098000,3375
62100001,3376
62102000,3377
62104000,3376
62106001,3376
62108001,3377
62110000,3379
62112001,3378
62114000,3343
62116001,3381
62118001,3383
62120001,3376
62122001,3376
62124001,3378
62126000,3378
62128000,3379
62130001,3376
62132000,3376
62134000,3380
62136000,3376
62138001,3378
62140001,3381
62142001,3379
62144000,3378
62146000,3376
62148000,3378
62150000,3376
62152000,3375
62154000,3376
62156000,3378
62158000,3378
62160000,3379
62162000,3379
62164000,3375
62166000,3376
62168000,3376
62170000,3376
62172000,3382
62174000,3377
62176001,3380
62178001,3377
62180001,3379
62182000,3380
62184001,3378
62186000,3378
62188001,3379
62190000,3382
62192000,3383
62194000,3383
62196000,3377
62198000,3376
62200000,3379
62202000,3382
62204000,3376
62206000,3379
62208000,3376
62210000,3377
62212000,3377
62214000,3378
62216001,3377
62218000,3379
62220000,3376
62222000,3378
62224000,3376
62226000,3385
62228000,3379
62230000,3376
62232000,3376
62234000,3379
62236000,3379
62238000,3382
62240000,3379
62242000,3376
62244000,3377
62246000,3379
62248001,3374
62250000,3376
62252000,3380
62254000,3379
62256000,3379
62258000,3376
62260000,3378
62262000,3379
62264000,3376
62266000,3376
62268001,3376
62270001,3378
62272001,3377
62274001,3371
62276000,3379
62278000,3378
62280001,3391
62282001,3378
62284000,3377
62286000,3380
62288000,3377
62290000,3380
62292001,3378
62294001,3379
62296000,3375
62298000,3376
62300001,3378
62302001,3376
62304001,3377
62306000,3379
62308000,3381
62310000,3380
62312001,3376
62314001,3375
62316000,3376
62318001,3381
62320001,3378
62322001,3377
62324001,3377
62326000,3376
62328000,3375
62330000,3377
62332000,3377
62334000,3379
62336000,3376
62338000,3377
62340000,3376
62342000,3376
62344000,3377
62346000,3379
62348000,3378
62350000,3378
62352000,3377
62354000,3376
62356000,3373
62358000,3376
62360000,3376
62362001,3376
62364000,3377
62366000,3379
62368000,3379
62370001,3388
62372000,3377
62374001,3377
62376001,3380
62378000,3360
62380000,3379
62382000,3376
62384000,3381
62386000,3376
62388000,3361
62390000,3376
62392000,3380
62394000,3381
62396000,3379
62398000,3376
62400000,3378
62402000,3380
62404000,3376
62406000,3376
62408000,3377
62410000,3375
62412001,3376
62414001,3376
62416000,3376
62418000,3377
62420000,3378
62422000,3391
62424000,3376
62426000,3376
62428000,3377
62430000,3376
62432000,3378
62434000,3376
62436000,3377
62438000,3376
62440000,3375
62442000,3376
62444000,3376
62446000,3376
62448001,3377
62450000,3376
62452000,3376
62454000,3377
62456000,3376
62458000,3376
62460000,3376
62462000,3376
62464001,3377
62466000,3378
62468001,3376
62470001,3376
62472000,3371
62474000,3376
62476000,3376
62478000,3377
62480000,3376
62482000,3366
62484000,3377
62486000,3376
62488000,3378
62490000,3376
62492000,3376
62494000,3377
62496000,3382
62498000,3377
62500000,3376
62502000,3376
62504000,3376
62506000,3381
62508000,3380
62510000,3380
62512000,3376
62514000,3376
62516000,3376
62518001,3381
62520001,3376
62522000,3376
62524000,3377
62526000,3377
62528000,3378
62530000,3377
62532001,3382
62534000,3378
62536001,3375
62538001,3376
62540000,3387
62542000,3376
62544001,3376
62546000,3418
62548001,3383
62550001,3376
62552001,3376
62554001,3377
62556001,3376
62558000,3376
62560001,3377
62562000,3376
62564000,3378
62566000,3379
62568000,3376
62570000,3379
62572001,3381
62574000,3381
62576000,3378
62578000,3381
62580001,3380
62582001,3375
62584001,3377
62586000,3376
62588000,3381
62590000,3377
62592000,3378
62594000,3379
62596000,3379
62598001,3376
62600000,3379
62602000,3380
62604000,3377
62606000,3379
62608000,3378
62610000,3376
62612000,3379
62614000,3380
62616000,3377
62618000,3381
62620000,3379
62622000,3377
62624001,3378
62626000,3376
62628000,3380
62630000,3378
62632001,3381
62634000,3377
62636000,3377
62638001,3375
62640000,3377
62642001,3377
62644001,3376
62646001,3376
62648000,3367
62650000,3376
62652001,3378
62654000,3378
62656000,3379
62658000,3376
62660000,3379
62662000,3376
62664000,3380
62666000,3377
62668000,3376
62670000,3376
62672000,3367
62674000,3379
62676000,3377
62678000,3385
62680000,3378
62682001,3380
62684001,3380
62686000,3379
62688001,3382
62690001,3381
62692000,3381
62694000,3377
62696000,3375
62698001,3380
62700001,3376
62702000,3378
62704001,3376
62706001,3377
62708001,3377
62710001,3377
62712000,3380
62714000,3376
62716000,3380
62718000,3377
62720001,3371
62722001,3377
62724001,3394
62726001,3376
62728000,3376
62730000,3376
62732000,3376
62734000,3382
62736000,3390
62738000,3377
62740000,3379
62742000,3381
62744000,3376
62746001,3388
62748001,3381
62750000,3378
62752000,3376
62754000,3377
62756000,3383
62758000,3376
62760000,3376
62762000,3375
62764000,3377
62766000,3376
62768000,3377
62770000,3383
62772000,3376
62774000,3378
62776000,3379
62778000,3377
62780000,3376
62782000,3376
62784000,3377
62786000,3379
62788000,3406
62790000,3386
62792000,3376
62794000,3380
62796000,3378
62798000,3376
62800000,3375
62802000,3360
62804001,3370
62806001,3360
62808000,3381
62810000,3376
62812000,3382
62814000,3378
62816001,3385
62818000,3378
62820001,3379
62822000,3392
62824000,3386
62826001,3376
62828000,3378
62830000,3379
62832000,3381
62834001,3377
62836000,3377
62838001,3378
62840000,3381
62842001,3378
62844000,3376
62846000,3376
62848000,3376
62850000,3378
62852000,3378
62854000,3378
62856001,3379
62858001,3377
62860000,3378
62862000,3377
62864001,3377
62866000,3378
62868001,3377
62870000,3376
62872000,3399
62874000,3378
62876000,3377
62878001,3377
62880001,3376
62882001,3350
62884000,3382
62886000,3377
62888000,3376
62890000,3380
62892001,3380
62894001,3376
62896001,3377
62898000,3379
62900000,3379
62902001,3377
62904000,3374
62906000,3376
62908000,3376
62910001,3379
62912000,3377
62914000,3372
62916001,3381
62918001,3376
62920001,3376
62922000,3384
62924000,3379
62926000,3379
62928001,3377
62930000,3381
62932000,3377
62934000,3366
62936000,3383
62938000,3382
62940000,3379
62942000,3383
62944000,3347
62946000,3381
62948000,3378
62950000,3377
62952000,3379
62954001,3372
62956001,3380
62958001,3375
62960000,3379
62962000,3379
62964000,3388
62966000,3380
62968001,3376
62970000,3379
62972000,3385
62974000,3379
62976000,3378
62978000,3376
62980000,3376
62982001,3376
62984000,3378
62986001,3377
62988000,3378
62990000,3376
62992000,3378
62994001,3379
62996001,3379
62998000,3376
63000000,3378
63002000,3382
63004000,3376
63006000,3378
63008001,3376
63010000,3376
63012000,3378
63014000,3383
63016000,3377
63018000,3381
63020000,3379
63022000,3376
63024000,3425
63026000,3379
63028000,3379
63030000,3380
63032001,3381
63034001,3376
63036000,3375
63038000,3378
63040001,3377
63042001,3379
63044001,3378
63046001,3361
63048000,3377
63050000,3379
63052000,3376
63054000,3380
63056000,3383
63058000,3378
63060000,3376
63062000,3379
63064000,3376
63066000,3381
63068001,3376
63070000,3376
63072000,3376
63074000,3376
63076000,3377
63078000,3377
63080000,3379
63082001,3373
63084001,3376
63086000,3376
63088000,3376
63090001,3373
63092000,3375
63094000,3381
63096000,3377
63098000,3382
63100000,3382
63102000,3377
63104000,3380
63106001,3408
63108001,3376
63110001,3376
63112000,3376
63114000,3390
63116000,3379
63118000,3403
63120000,3376
63122000,3349
63124000,3378
63126000,3377
63128000,3377
63130000,3378
63132000,3376
63134000,3376
63136000,3382
63138000,3378
63140000,3376
63142001,3376
63144001,3376
63146000,3377
63148000,3376
63150000,3377
63152000,3379
63154000,3380
63156000,3381
63158000,3377
63160000,3378
63162000,3378
63164000,3374
63166000,3377
63168000,3382
63170000,3376
63172000,3376
63174001,3376
63176001,3376
63178001,3382
63180000,3376
63182001,3377
63184001,3389
63186000,3379
63188001,3376
63190000,3379
63192001,3377
63194000,3378
63196000,3379
63198000,3376
63200000,3376
63202000,3380
63204000,3377
63206000,3377
63208000,3382
63210001,3377
63212000,3379
63214000,3383
63216000,3377
63218000,3376
63220000,3376
63222000,3376
63224000,3381
63226000,3378
63228000,3377
63230001,3376
63232001,3376
63234000,3377
63236001,3381
63238001,3381
63240001,3383
63242001,3376
63244000,3377
63246000,3377
63248000,3376
63250000,3379
63252001,3376
63254000,3376
63256000,3377
63258000,3376
63260001,3386
63262001,3376
63264000,3381
63266000,3377
63268000,3376
63270000,3376
63272000,3377
63274000,3376
63276000,3387
63278000,3301
63280000,3379
63282001,3376
63284000,3415
63286000,3344
63288000,3379
63290000,3378
63292001,3382
63294000,3392
63296001,3376
63298000,3379
63300000,3380
63302000,3382
63304000,3379
63306000,3376
63308000,3379
63310000,3379
63312000,3381
63314000,3386
63316001,3379
63318000,3381
63320000,3379
63322001,3379
63324000,3380
63326000,3378
63328000,3376
63330001,3379
63332000,3374
63334001,3378
63336000,3379
63338000,3381
63340000,3322
63342001,3381
63344001,3378
63346001,3382
63348001,3378
63350001,3379
63352000,3376
63354000,3376
63356000,3376
63358000,3383
63360000,3391
63362001,3377
63364000,3377
63366000,3381
63368000,3378
63370000,3358
63372001,3376
63374001,3378
63376000,3367
63378000,3379
63380000,3381
63382001,3377
63384001,3381
63386000,3378
63388000,3376
63390001,3376
63392000,3379
63394001,3377
63396001,3376
63398001,3378
63400000,3382
63402000,3383
63404000,3379
63406000,3376
63408001,3371
63410000,3381
63412000,3376
63414001,3377
63416000,3392
63418000,3378
63420000,3379
63422000,3382
63424000,3376
63426000,3380
63428000,3376
63430000,3376
63432000,3379
63434001,3379
63436000,3378
63438001,3382
63440001,3379
63442001,3376
63444001,3376
63446000,3376
63448000,3378
63450000,3377
63452000,3381
63454000,3376
63456000,3378
63458000,3379
63460000,3381
63462000,3381
63464000,3378
63466001,3378
63468000,3376
63470000,3377
63472000,3371
63474000,3379
63476000,3379
63478000,3380
63480000,3376
63482000,3379
63484001,3377
63486001,3358
63488001,3379
63490001,3376
63492001,3377
63494000,3378
63496001,3379
63498000,3385
63500000,3375
63502000,3362
63504000,3415
63506000,3376
63508000,3379
63510001,3329
63512001,3376
63514000,3377
63516000,3376
63518000,3378
63520001,3379
63522000,3384
63524001,3376
63526001,3379
63528000,3377
63530000,3377
63532000,3376
63534000,3379
63536000,3380
63538001,3379
63540001,3376
63542001,3377
63544001,3377
63546001,3376
63548000,3377
63550000,3369
63552001,3378
63554000,3381
63556000,3376
63558000,3377
63560000,3376
63562000,3377
63564000,3379
63566000,3379
63568000,3378
63570000,3377
63572000,3373
63574000,3377
63576000,3394
63578000,3381
63580000,3381
63582000,3376
63584000,3376
63586001,3394
63588001,3381
63590001,3377
63592001,3361
63594000,3378
63596000,3379
63598001,3377
63600000,3378
63602000,3379
63604000,3371
63606000,3379
63608000,3378
63610000,3379
63612000,3418
63614000,3381
63616000,3378
63618000,3379
63620001,3381
63622001,3381
63624001,3378
63626001,3378
63628001,3376
63630001,3447
63632000,3378
63634000,3376
63636000,3377
63638001,3377
63640000,3373
63642000,3374
63644001,3376
63646001,3377
63648000,3376
63650000,3376
63652000,3376
63654000,3374
63656000,3377
63658000,3365
63660000,3376
63662001,3376
63664000,3376
63666000,3379
63668000,3374
63670000,3376
63672000,3376
63674000,3377
63676000,3379
63678000,3377
63680000,3383
63682000,3376
63684000,3376
63686000,3376
63688000,3376
63690000,3379
63692000,3376
63694000,3359
63696000,3403
63698001,3379
63700000,3347
63702000,3325
63704000,3380
63706000,3377
63708000,3379
63710000,3377
63712000,3373
63714000,3378
63716001,3377
63718001,3386
63720001,3377
63722001,3376
63724000,3390
63726000,3376
63728000,3380
63730000,3376
63732000,3379
63734001,3378
63736001,3376
63738001,3376
63740001,3379
63742000,3377
63744001,3376
63746001,3360
63748001,3377
63750001,3376
63752000,3415
63754001,3379
63756000,3381
63758000,3376
63760000,3376
63762000,3377
63764000,3377
63766000,3376
63768000,3379
63770000,3376
63772000,3376
63774000,3378
63776000,3380
63778000,3403
63780000,3378
63782001,3376
63784001,3376
63786000,3379
63788000,3379
63790000,3381
63792000,3377
63794000,3376
63796001,3376
63798001,3370
63800000,3375
63802000,3379
63804000,3377
63806000,3398
63808000,3380
63810000,3376
63812001,3376
63814001,3341
63816000,3379
63818000,3376
63820000,3383
63822000,3380
63824000,3376
63826000,3378
63828000,3376
63830000,3378
63832000,3376
63834000,3379
63836000,3381
63838000,3373
63840000,3378
63842000,3377
63844001,3377
63846000,3414
63848000,3377
63850000,3378
63852000,3376
63854001,3376
63856001,3378
63858000,3379
63860000,3376
63862000,3380
63864000,3375
63866000,3401
63868000,3387
63870000,3379
63872000,3376
63874000,3383
63876000,3377
63878000,3383
63880000,3377
63882000,3377
63884000,3376
63886000,3379
63888000,3381
63890000,3385
63892000,3379
63894000,3376
63896001,3376
63898000,3379
63900001,3351
63902000,3377
63904000,3376
63906000,3380
63908000,3379
63910000,3375
63912001,3377
63914001,3379
63916001,3376
63918001,3376
63920001,3385
63922000,3375
63924001,3376
63926001,3378
63928001,3383
63930000,3381
63932000,3392
63934000,3379
63936000,3383
63938000,3379
63940000,3378
63942000,3376
63944001,3375
63946000,3376
63948000,3377
63950001,3361
63952000,3377
63954000,3379
63956000,3376
63958001,3376
63960001,3381
63962000,3376
63964001,3376
63966000,3377
63968000,3378
63970000,3382
63972000,3377
63974000,3378
63976000,3381
63978000,3376
63980001,3381
63982000,3376
63984000,3383
63986000,3378
63988000,3375
63990000,3381
63992000,3375
63994000,3378
63996000,3376
63998001,3383
64000001,3382
64002000,3376
64004001,3376
64006000,3378
64008001,3382
64010000,3377
64012001,3379
64014001,3378
64016000,3378
64018001,3377
64020000,3377
64022001,3376
64024000,3378
64026000,3379
64028000,3375
64030001,3377
64032000,3376
64034001,3380
64036000,3376
64038000,3381
64040000,3378
64042001,3378
64044000,3375
64046000,3380
64048000,3379
64050000,3383
64052000,3377
64054000,3369
64056000,3378
64058000,3376
64060000,3380
64062000,3380
64064000,3377
64066000,3376
64068001,3382
64070000,3378
64072001,3376
64074000,3379
64076000,3376
64078000,3378
64080001,3378
64082000,3381
64084001,3376
64086000,3377
64088001,3445
64090000,3376
64092001,3379
64094000,3381
64096000,3377
64098000,3379
64100000,3377
64102000,3378
64104001,3376
64106000,3378
64108001,3376
64110001,3381
64112001,3378
64114000,3381
64116000,3378
64118001,3407
64120001,3375
64122000,3380
64124001,3376
64126000,3382
64128001,3376
64130001,3380
64132000,3379
64134001,3377
64136001,3376
64138000,3378
64140001,3376
64142000,3376
64144001,3381
64146000,3379
64148000,3382
64150000,3380
64152000,3381
64154000,3383
64156000,3385
64158000,3380
64160000,3381
64162001,3381
64164001,3379
64166000,3381
64168000,3383
64170000,3381
64172000,3379
64174000,3383
64176000,3385
64178000,3377
64180000,3376
64182000,3381
64184000,3378
64186000,3379
64188001,3379
64190000,3376
64192000,3378
64194001,3378
64196001,3381
64198000,3392
64200001,3373
64202001,3378
64204000,3380
64206000,3376
64208000,3376
64210000,3380
64212000,3379
64214000,3378
64216000,3399
64218000,3379
64220000,3377
64222000,3381
64224000,3383
64226000,3379
64228000,3381
64230000,3390
64232001,3379
64234001,3376
64236001,3379
64238000,3382
64240001,3379
64242001,3378
64244000,3379
64246001,3377
64248001,3376
64250001,3398
64252000,3382
64254000,3383
64256001,3382
64258000,3378
64260000,3381
64262000,3379
64264000,3377
64266001,3377
64268001,3378
64270001,3386
64272001,3379
64274000,3381
64276001,3378
64278001,3383
64280000,3376
64282000,3378
64284000,3381
64286001,3377
64288000,3378
64290001,3377
64292001,3376
64294001,3381
64296000,3381
64298000,3381
64300000,3379
64302000,3425
64304000,3374
64306000,3382
64308000,3387
64310000,3378
64312000,3378
64314001,3379
64316001,3378
64318001,3378
64320000,3381
64322000,3377
64324000,3376
64326001,3379
64328000,3377
64330000,3374
64332001,3382
64334000,3381
64336000,3375
64338000,3381
64340000,3385
64342001,3389
64344001,3376
64346000,3379
64348000,3376
64350000,3376
64352001,3376
64354000,3379
64356000,3378
64358000,3378
64360000,3378
64362000,3376
64364000,3344
64366000,3381
64368000,3379
64370000,3378
64372000,3379
64374000,3376
64376001,3377
64378001,3379
64380001,3376
64382001,3379
64384001,3379
64386000,3378
64388000,3379
64390000,3379
64392000,3378
64394001,3376
64396000,3381
64398000,3381
64400000,3340
64402000,3376
64404001,3376
64406000,3341
64408000,3391
64410000,3378
64412000,3381
64414000,3378
64416000,3378
64418000,3387
64420000,3408
64422001,3377
64424000,3383
64426001,3379
64428000,3379
64430000,3379
64432000,3377
64434000,3380
64436000,3376
64438000,3379
64440000,3381
64442000,3376
64444001,3373
64446000,3381
64448001,3379
64450001,3382
64452001,3382
64454000,3378
64456001,3383
64458000,3377
64460001,3376
64462000,3379
64464000,3379
64466001,3377
64468001,3382
64470000,3376
64472000,3377
64474000,3381
64476000,3376
64478000,3379
64480000,3377
64482000,3381
64484001,3377
64486000,3377
64488001,3379
64490000,3377
64492000,3378
64494000,3375
64496000,3376
64498000,3378
64500000,3378
64502000,3382
64504000,3379
64506000,3379
64508000,3380
64510000,3378
64512000,3379
64514001,3380
64516000,3379
64518001,3378
64520000,3383
64522001,3374
64524000,3379
64526000,3350
64528000,3376
64530001,3377
64532000,3377
64534000,3376
64536000,3381
64538000,3379
64540001,3376
64542000,3382
64544001,3381
64546001,3379
64548001,3385
64550000,3383
64552001,3377
64554000,3379
64556000,3379
64558000,3376
64560000,3376
64562000,3377
64564000,3378
64566000,3378
64568001,3385
64570000,3379
64572000,3387
64574000,3378
64576000,3376
64578000,3380
64580000,3378
64582000,3379
64584000,3379
64586000,3376
64588000,3383
64590000,3378
64592000,3379
64594000,3377
64596001,3379
64598000,3381
64600000,3381
64602000,3382
64604000,3379
64606000,3379
64608000,3376
64610000,3376
64612000,3386
64614000,3378
64616000,3379
64618000,3376
64620001,3381
64622000,3380
64624000,3378
64626001,3377
64628001,3378
64630001,3379
64632000,3376
64634001,3378
64636000,3376
64638001,3378
64640000,3376
64642001,3383
64644000,3377
64646001,3382
64648001,3381
64650000,3379
64652000,3385
64654000,3382
64656000,3381
64658000,3377
64660000,3383
64662000,3377
64664000,3389
64666000,3379
64668000,3387
64670000,3379
64672000,3377
64674000,3377
64676000,3376
64678000,3378
64680001,3377
64682001,3382
64684001,3382
64686000,3378
64688000,3381
64690000,3378
64692000,3391
64694000,3381
64696001,3379
64698001,3377
64700001,3376
64702000,3381
64704001,3378
64706001,3382
64708001,3378
64710001,3379
64712000,3381
64714000,3383
64716000,3380
64718001,3387
64720000,3378
64722000,3381
64724000,3378
64726000,3381
64728001,3379
64730000,3381
64732001,3376
64734001,3385
64736001,3376
64738001,3379
64740000,3383
64742000,3383
64744000,3383
64746000,3380
64748000,3379
64750001,3379
64752000,3377
64754001,3376
64756000,3378
64758000,3383
64760000,3378
64762000,3380
64764000,3376
64766000,3378
64768000,3377
64770000,3386
64772001,3377
64774001,3383
64776000,3379
64778001,3385
64780000,3376
64782000,3386
64784000,3378
64786000,3382
64788000,3379
64790000,3378
64792000,3387
64794000,3382
64796000,3379
64798000,3383
64800000,3381
64802000,3381
64804000,3382
64806000,3378
64808001,3378
64810000,3379
64812001,3379
64814001,3380
64816000,3377
64818001,3376
64820000,3378
64822001,3383
64824000,3378
64826000,3378
64828000,3383
64830000,3379
64832000,3385
64834001,3374
64836000,3397
64838000,3377
64840000,3408
64842001,3381
64844000,3382
64846000,3383
64848000,3376
64850000,3383
64852000,3381
64854000,3377
64856000,3379
64858000,3379
64860000,3379
64862000,3383
64864000,3381
64866000,3349
64868000,3379
64870000,3378
64872001,3382
64874001,3379
64876000,3377
64878000,3383
64880000,3381
64882000,3381
64884000,3381
64886000,3392
64888001,3379
64890000,3379
64892000,3379
64894001,3382
64896001,3376
64898000,3381
64900000,3382
64902000,3378
64904000,3381
64906001,3381
64908000,3381
64910000,3376
64912001,3379
64914001,3381
64916000,3384
64918000,3381
64920001,3376
64922000,3377
64924001,3376
64926001,3380
64928001,3382
64930001,3378
64932001,3378
64934000,3383
64936000,3381
64938001,3379
64940001,3382
64942001,3377
64944001,3381
64946000,3385
64948001,3381
64950000,3380
64952000,3383
64954000,3382
64956000,3377
64958000,3381
64960000,3378
64962000,3380
64964000,3381
64966000,3370
64968000,3380
64970000,3381
64972001,3382
64974001,3379
64976001,3385
64978000,3384
64980001,3382
64982001,3377
64984001,3381
64986000,3377
64988001,3379
64990001,3377
64992000,3312
64994001,3377
64996000,3381
64998000,3378
65000000,3382
65002000,3376
65004001,3386
65006000,3381
65008001,3376
65010001,3377
65012000,3379
65014001,3381
65016000,3381
65018000,3382
65020000,3379
65022000,3377
65024000,3381
65026000,3379
65028000,3379
65030000,3382
65032001,3384
65034001,3379
65036001,3382
65038000,3378
65040001,3378
65042000,3380
65044001,3378
65046001,3379
65048000,3383
65050001,3382
65052000,3381
65054000,3383
65056001,3382
65058000,3379
65060000,3379
65062000,3382
65064000,3381
65066000,3380
65068000,3377
65070000,3389
65072000,3379
65074000,3381
65076000,3379
65078000,3381
65080000,3378
65082000,3380
65084000,3378
65086000,3386
65088000,3381
65090000,3381
65092000,3379
65094000,3376
65096001,3419
65098000,3376
65100000,3381
65102001,3382
65104000,3379
65106001,3376
65108000,3377
65110001,3380
65112000,3381
65114001,3376
65116000,3378
65118000,3381
65120000,3377
65122000,3376
65124000,3379
65126000,3382
65128000,3376
65130001,3378
65132000,3358
65134000,3383
65136000,3400
65138001,3378
65140000,3378
65142000,3386
65144000,3376
65146000,3382
65148000,3379
65150000,3378
65152000,3378
65154000,3378
65156000,3359
65158000,3377
65160000,3376
65162000,3377
65164000,3379
65166000,3386
65168000,3381
65170000,3379
65172000,3378
65174000,3376
65176000,3378
65178000,3379
65180000,3383
65182000,3382
65184000,3376
65186000,3380
65188000,3383
65190001,3379
65192001,3378
65194000,3379
65196001,3383
65198000,3378
65200000,3383
65202000,3407
65204001,3385
65206000,3378
65208000,3343
65210000,3389
65212000,3381
65214000,3377
65216000,3378
65218000,3378
65220000,3379
65222000,3379
65224001,3379
65226000,3379
65228001,3378
65230001,3379
65232000,3379
65234001,3379
65236000,3381
65238001,3377
65240001,3370
65242000,3381
65244000,3381
65246000,3381
65248000,3380
65250000,3382
65252000,3379
65254000,3378
65256000,3325
65258001,3382
65260000,3377
65262001,3376
65264001,3377
65266000,3380
65268001,3409
65270001,3381
65272001,3379
65274001,3379
65276001,3377
65278000,3381
65280000,3381
65282001,3379
65284000,3378
65286001,3379
65288000,3378
65290001,3380
65292000,3377
65294000,3380
65296000,3379
65298000,3381
65300000,3381
65302000,3378
65304000,3379
65306000,3381
65308000,3376
65310000,3381
65312001,3378
65314000,3378
65316001,3379
65318000,3379
65320001,3376
65322000,3381
65324000,3378
65326000,3379
65328000,3373
65330000,3382
65332000,3351
65334000,3381
65336000,3380
65338000,3402
65340000,3378
65342000,3382
65344000,3380
65346000,3383
65348000,3387
65350000,3387
65352000,3379
65354000,3376
65356000,3381
65358000,3378
65360000,3381
65362000,3381
65364000,3382
65366000,3379
65368000,3382
65370001,3382
65372000,3381
65374000,3381
65376001,3393
65378000,3379
65380001,3380
65382001,3382
65384000,3379
65386000,3376
65388001,3380
65390000,3383
65392001,3382
65394000,3377
65396000,3381
65398000,3382
65400000,3376
65402000,3376
65404000,3379
65406000,3380
65408001,3379
65410000,3379
65412001,3379
65414001,3395
65416000,3379
65418001,3377
65420000,3383
65422001,3379
65424000,3381
65426000,3377
65428000,3382
65430000,3381
65432001,3381
65434001,3376
65436000,3379
65438001,3381
65440001,3381
65442000,3385
65444001,3378
65446001,3378
65448001,3381
65450001,3376
65452000,3381
65454000,3391
65456000,3379
65458000,3381
65460000,3387
65462000,3384
65464000,3379
65466001,3381
65468000,3383
65470001,3382
65472001,3379
65474001,3382
65476001,3381
65478000,3382
65480000,3379
65482000,3382
65484000,3376
65486000,3383
65488000,3382
65490001,3378
65492000,3378
65494000,3380
65496000,3381
65498001,3377
65500000,3380
65502001,3379
65504000,3376
65506001,3382
65508001,3383
65510000,3373
65512001,3381
65514000,3377
65516001,3379
65518000,3377
65520000,3427
65522001,3379
65524001,3382
65526000,3380
65528000,3382
65530001,3379
65532000,3388
65534000,3381
65536000,3379
65538000,3382
65540000,3381
65542001,3383
65544000,3377
65546001,3381
65548000,3378
65550001,3382
65552000,3385
65554001,3378
65556000,3377
65558000,3380
65560000,3378
65562000,3378
65564000,3387
65566000,3382
65568000,3362
65570000,3377
65572000,3383
65574000,3381
65576001,3381
65578001,3385
65580000,3379
65582000,3376
65584000,3378
65586000,3381
65588000,3380
65590000,3382
65592000,3381
65594000,3379
65596000,3377
65598000,3381
65600000,3379
65602001,3377
65604000,3377
65606000,3405
65608000,3381
65610000,3381
65612000,3383
65614000,3376
65616001,3378
65618001,3377
65620001,3376
65622000,3378
65624001,3379
65626000,3379
65628000,3378
65630001,3379
65632000,3377
65634000,3382
65636000,3379
65638000,3379
65640000,3381
65642001,3382
65644000,3378
65646001,3377
65648001,3385
65650000,3350
65652000,3378
65654000,3376
65656000,3381
65658001,3381
65660000,3383
65662001,3377
65664001,3374
65666001,3378
65668000,3377
65670000,3382
65672000,3376
65674000,3378
65676001,3377
65678000,3468
65680000,3371
65682000,3381
65684001,3382
65686000,3391
65688000,3379
65690000,3381
65692000,3378
65694001,3371
65696000,3379
65698000,3366
65700000,3379
65702000,3379
65704000,3379
65706000,3386
65708000,3382
65710001,3381
65712000,3380
65714000,3378
65716000,3377
65718000,3374
65720000,3381
65722000,3378
65724000,3377
65726001,3382
65728000,3386
65730001,3379
65732000,3379
65734001,3382
65736001,3374
65738001,3379
65740001,3381
65742000,3381
65744000,3344
65746001,3360
65748000,3379
65750000,3378
65752000,3379
65754000,3379
65756000,3378
65758000,3376
65760000,3378
65762000,3380
65764000,3377
65766001,3382
65768000,3307
65770000,3377
65772000,3383
65774000,3380
65776000,3380
65778000,3381
65780001,3379
65782000,3383
65784001,3378
65786000,3382
65788000,3389
65790000,3379
65792000,3376
65794000,3382
65796000,3378
65798001,3383
65800000,3383
65802000,3379
65804000,3382
65806000,3380
65808001,3378
65810001,3396
65812000,3379
65814000,3378
65816000,3376
65818000,3376
65820000,3385
65822000,3381
65824000,3382
65826001,3379
65828000,3383
65830001,3378
65832001,3379
65834001,3379
65836000,3385
65838000,3379
65840000,3383
65842000,3376
65844000,3351
65846000,3380
65848001,3442
65850001,3380
65852000,3379
65854000,3377
65856000,3378
65858000,3378
65860000,3387
65862000,3377
65864000,3383
65866000,3381
65868000,3386
65870000,3385
65872000,3381
65874000,3382
65876000,3378
65878000,3378
65880000,3379
65882000,3378
65884001,3379
65886000,3381
65888000,3381
65890000,3380
65892000,3379
65894000,3382
65896000,3378
65898001,3377
65900000,3387
65902001,3379
65904000,3381
65906000,3380
65908000,3377
65910001,3385
65912001,3375
65914001,3385
65916000,3378
65918001,3381
65920000,3381
65922000,3382
65924001,3379
65926000,3377
65928000,3377
65930000,3378
65932000,3376
65934001,3378
65936001,3381
65938000,3379
65940000,3347
65942000,3381
65944000,3376
65946000,3381
65948000,3383
65950000,3379
65952000,3380
65954000,3378
65956000,3382
65958000,3385
65960000,3377
65962000,3376
65964001,3385
65966000,3378
65968000,3379
65970000,3379
65972001,3379
65974001,3379
65976001,3386
65978000,3381
65980001,3380
65982001,3382
65984001,3379
65986000,3374
65988001,3381
65990000,3378
65992000,3379
65994000,3378
65996000,3379
65998001,3381
66000001,3381
66002001,3379
66004001,3365
66006000,3383
66008000,3378
66010000,3381
66012000,3378
66014000,3381
66016000,3377
66018000,3377
66020000,3381
66022000,3387
66024000,3379
66026000,3379
66028000,3385
66030000,3378
66032000,3379
66034000,3381
66036001,3379
66038001,3378
66040000,3380
66042000,3382
66044000,3381
66046000,3376
66048000,3381
66050001,3399
66052000,3378
66054000,3381
66056000,3380
66058000,3301
66060000,3375
66062000,3379
66064000,3379
66066000,3374
66068000,3369
66070000,3380
66072000,3377
66074001,3379
66076000,3376
66078001,3383
66080000,3376
66082000,3344
66084000,3381
66086000,3379
66088000,3385
66090000,3382
66092000,3379
66094000,3382
66096001,3378
66098000,3379
66100001,3382
66102000,3382
66104000,3381
66106000,3391
66108001,3381
66110000,3383
66112000,3379
66114000,3379
66116000,3381
66118000,3381
66120001,3379
66122000,3381
66124000,3377
66126000,3377
66128000,3377
66130001,3381
66132000,3383
66134001,3381
66136000,3381
66138001,3381
66140001,3376
66142000,3381
66144001,3379
66146001,3376
66148001,3382
66150000,3382
66152000,3378
66154000,3378
66156000,3379
66158000,3379
66160000,3378
66162000,3376
66164000,3380
66166000,3386
66168000,3379
66170000,3375
66172001,3390
66174000,3378
66176001,3380
66178001,3382
66180000,3374
66182001,3379
66184001,3379
66186000,3379
66188000,3380
66190000,3379
66192000,3380
66194000,3383
66196000,3381
66198000,3379
66200000,3375
66202000,3379
66204000,3376
66206001,3386
66208000,3378
66210000,3379
66212000,3381
66214000,3377
66216000,3383
66218000,3386
66220000,3380
66222001,3381
66224001,3377
66226000,3382
66228000,3381
66230001,3379
66232000,3376
66234000,3425
66236000,3377
66238000,3383
66240001,3382
66242000,3378
66244001,3376
66246001,3406
66248001,3382
66250001,3381
66252001,3383
66254001,3377
66256000,3384
66258000,3377
66260001,3376
66262000,3381
66264000,3377
66266000,3381
66268001,3379
66270001,3379
66272000,3376
66274001,3376
66276000,3378
66278000,3378
66280001,3378
66282000,3377
66284001,3376
66286000,3378
66288001,3379
66290000,3377
66292000,3376
66294000,3377
66296000,3376
66298000,3377
66300001,3441
66302000,3376
66304001,3375
66306000,3379
66308001,3376
66310000,3376
66312001,3381
66314001,3376
66316000,3379
66318001,3377
66320001,3378
66322000,3379
66324001,3377
66326001,3376
66328000,3376
66330001,3381
66332001,3376
66334000,3376
66336000,3378
66338000,3379
66340000,3378
66342000,3379
66344000,3377
66346000,3377
66348000,3376
66350001,3377
66352000,3375
66354000,3376
66356001,3376
66358001,3373
66360001,3377
66362000,3376
66364000,3379
66366001,3376
66368001,3384
66370001,3377
66372001,3376
66374000,3376
66376000,3383
66378001,3383
66380000,3377
66382001,3382
66384001,3377
66386001,3377
66388001,3376
66390001,3376
66392001,3376
66394001,3381
66396000,3359
66398001,3376
66400001,3383
66402001,3376
66404000,3376
66406001,3382
66408000,3384
66410001,3376
66412000,3377
66414000,3378
66416000,3376
66418001,3379
66420000,3375
66422000,3378
66424000,3378
66426000,3378
66428001,3376
66430000,3374
66432000,3382
66434000,3376
66436000,3376
66438001,3377
66440000,3376
66442000,3473
66444000,3375
66446000,3403
66448000,3376
66450000,3376
66452000,3376
66454000,3376
66456000,3374
66458000,3376
66460000,3376
66462000,3377
66464000,3377
66466000,3371
66468000,3378
66470001,3378
66472000,3376
66474000,3376
66476001,3383
66478000,3379
66480001,3378
66482001,3376
66484000,3379
66486001,3377
66488001,3377
66490000,3375
66492000,3377
66494001,3376
66496001,3378
66498001,3376
66500000,3385
66502000,3381
66504000,3366
66506000,3380
66508000,3376
66510000,3377
66512000,3383
66514000,3377
66516000,3376
66518000,3378
66520000,3377
66522000,3377
66524001,3376
66526000,3376
66528000,3377
66530001,3376
66532000,3378
66534001,3376
66536000,3378
66538000,3376
66540000,3377
66542000,3376
66544001,3376
66546000,3377
66548000,3376
66550000,3376
66552000,3375
66554000,3379
66556000,3376
66558000,3376
66560000,3376
66562000,3379
66564001,3376
66566001,3377
66568001,3377
66570001,3376
66572001,3378
66574001,3375
66576001,3376
66578001,3377
66580000,3376
66582000,3376
66584000,3377
66586000,3376
66588000,3378
66590000,3376
66592001,3377
66594001,3381
66596001,3374
66598000,3376
66600000,3379
66602001,3379
66604000,3376
66606001,3379
66608000,3370
66610000,3378
66612001,3378
66614001,3407
66616000,3383
66618000,3376
66620000,3379
66622000,3376
66624000,3377
66626001,3376
66628000,3376
66630000,3370
66632000,3376
66634000,3376
66636000,3376
66638001,3376
66640000,3350
66642000,3376
66644000,3376
66646000,3376
66648001,3377
66650000,3376
66652000,3378
66654000,3376
66656001,3391
66658001,3344
66660000,3376
66662000,3373
66664001,3335
66666000,3373
66668000,3378
66670001,3376
66672000,3379
66674000,3377
66676001,3377
66678001,3375
66680000,3375
66682001,3379
66684000,3379
66686000,3379
66688000,3376
66690000,3376
66692000,3380
66694000,3381
66696001,3379
66698000,3377
66700000,3375
66702000,3376
66704000,3376
66706000,3376
66708000,3377
66710000,3380
66712001,3377
66714000,3376
66716000,3374
66718000,3376
66720000,3376
66722000,3375
66724000,3387
66726000,3375
66728000,3378
66730000,3389
66732000,3376
66734000,3377
66736000,3379
66738001,3444
66740000,3379
66742001,3376
66744001,3381
66746000,3378
66748001,3379
66750001,3376
66752000,3376
66754001,3376
66756001,3377
66758001,3355
66760001,3377
66762001,3367
66764001,3392
66766001,3335
66768001,3378
66770001,3378
66772001,3376
66774000,3370
66776000,3376
66778000,3376
66780000,3378
66782000,3376
66784000,3378
66786000,3370
66788000,3378
66790000,3376
66792000,3377
66794000,3379
66796001,3376
66798001,3382
66800000,3376
66802000,3376
66804000,3371
66806000,3376
66808000,3377
66810000,3378
66812000,3376
66814000,3376
66816000,3375
66818000,3381
66820000,3378
66822000,3379
66824000,3355
66826000,3376
66828000,3376
66830000,3376
66832000,3386
66834000,3377
66836001,3377
66838000,3376
66840001,3379
66842000,3442
66844001,3378
66846001,3376
66848000,3347
66850001,3376
66852001,3401
66854000,3383
66856000,3354
66858000,3378
66860000,3376
66862000,3455
66864000,3378
66866000,3377
66868000,3377
66870000,3390
66872000,3376
66874001,3376
66876001,3376
66878000,3375
66880001,3385
66882000,3376
66884001,3378
66886000,3376
66888000,3376
66890000,3376
66892000,3381
66894001,3376
66896001,3378
66898001,3387
66900001,3376
66902001,3365
66904001,3376
66906000,3376
66908000,3376
66910001,3376
66912001,3378
66914000,3377
66916001,3376
66918000,3376
66920000,3376
66922000,3376
66924000,3381
66926001,3375
66928001,3377
66930001,3377
66932001,3381
66934001,3378
66936001,3376
66938000,3377
66940001,3376
66942000,3376
66944001,3313
66946000,3379
66948000,3376
66950001,3378
66952000,3376
66954001,3377
66956001,3379
66958001,3374
66960000,3378
66962001,3380
66964001,3315
66966001,3376
66968000,3376
66970001,3425
66972001,3376
66974001,3377
66976000,3378
66978001,3377
66980001,3378
66982001,3379
66984000,3376
66986001,3376
66988000,3366
66990000,3376
66992000,3377
66994000,3376
66996000,3378
66998000,3376
67000000,3377
67002000,3376
67004000,3375
67006000,3378
67008000,3375
67010000,3376
67012001,3376
67014001,3378
67016001,3377
67018000,3377
67020000,3376
67022000,3378
67024000,3376
67026000,3376
67028000,3376
67030000,3376
67032000,3376
67034001,3373
67036000,3377
67038000,3376
67040000,3376
67042000,3369
67044001,3418
67046001,3376
67048000,3385
67050001,3379
67052000,3376
67054001,3379
67056001,3376
67058001,3380
67060000,3382
67062001,3377
67064000,3376
67066001,3376
67068000,3379
67070000,3377
67072000,3382
67074000,3376
67076000,3376
67078000,3376
67080000,3377
67082000,3376
67084000,3376
67086000,3377
67088000,3378
67090000,3363
67092000,3424
67094000,3375
67096001,3374
67098000,3376
67100000,3376
67102000,3376
67104001,3376
67106001,3375
67108000,3376
67110000,3377
67112000,3378
67114000,3377
67116000,3375
67118000,3378
67120001,3379
67122000,3376
67124001,3376
67126001,3379
67128001,3376
67130000,3376
67132000,3377
67134000,3376
67136000,3377
67138000,3376
67140000,3449
67142000,3379
67144000,3376
67146000,3378
67148000,3376
67150000,3376
67152001,3377
67154001,3361
67156000,3379
67158001,3376
67160000,3378
67162000,3378
67164000,3370
67166001,3390
67168000,3373
67170000,3380
67172001,3379
67174000,3381
67176000,3377
67178000,3379
67180000,3376
67182000,3379
67184000,3377
67186000,3376
67188001,3378
67190001,3369
67192000,3374
67194000,3380
67196000,3381
67198000,3379
67200000,3376
67202000,3376
67204001,3376
67206000,3379
67208000,3379
67210001,3377
67212001,3378
67214001,3360
67216001,3382
67218001,3381
67220001,3404
67222001,3376
67224000,3377
67226001,3376
67228001,3377
67230000,3378
67232000,3378
67234000,3376
67236000,3379
67238000,3377
67240000,3376
67242000,3374
67244000,3376
67246000,3340
67248000,3377
67250000,3376
67252000,3393
67254000,3377
67256000,3377
67258000,3365
67260000,3376
67262000,3407
67264000,3378
67266000,3377
67268000,3379
67270001,3376
67272001,3382
67274001,3378
67276001,3376
67278001,3376
67280001,3378
67282000,3376
67284001,3378
67286001,3380
67288000,3378
67290001,3378
67292001,3377
67294001,3376
67296001,3377
67298001,3376
67300001,3376
67302000,3376
67304001,3376
67306000,3376
67308001,3379
67310000,3376
67312001,3378
67314000,3376
67316000,3381
67318000,3376
67320000,3380
67322000,3375
67324000,3375
67326000,3375
67328000,3379
67330000,3376
67332000,3377
67334000,3383
67336000,3377
67338001,3376
67340000,3375
67342000,3376
67344000,3367
67346000,3377
67348001,3376
67350000,3380
67352000,3379
67354001,3380
67356000,3376
67358001,3376
67360000,3353
67362001,3446
67364000,3376
67366001,3381
67368001,3379
67370001,3377
67372000,3376
67374000,3376
67376000,3378
67378000,3376
67380000,3362
67382001,3376
67384000,3377
67386001,3376
67388000,3376
67390001,3376
67392000,3376
67394001,3376
67396000,3379
67398001,3377
67400001,3379
67402001,3376
67404001,3376
67406000,3377
67408000,3379
67410000,3376
67412000,3376
67414000,3376
67416000,3376
67418000,3376
67420000,3373
67422000,3376
67424000,3379
67426000,3376
67428000,3376
67430001,3376
67432000,3380
67434001,3376
67436001,3377
67438001,3376
67440000,3379
67442001,3377
67444001,3376
67446001,3376
67448000,3379
67450000,3379
67452000,3381
67454000,3455
67456000,3376
67458000,3376
67460001,3376
67462000,3376
67464000,3376
67466000,3377
67468000,3376
67470001,3378
67472000,3379
67474000,3376
67476000,3376
67478000,3375
67480000,3379
67482000,3376
67484000,3377
67486000,3377
67488000,3379
67490000,3377
67492000,3379
67494001,3379
67496000,3376
67498001,3372
67500001,3385
67502001,3377
67504000,3377
67506000,3376
67508001,3376
67510000,3378
67512001,3378
67514000,3376
67516001,3376
67518001,3376
67520000,3376
67522000,3377
67524000,3380
67526001,3376
67528000,3381
67530001,3378
67532000,3375
67534001,3378
67536000,3379
67538001,3379
67540000,3376
67542000,3376
67544000,3376
67546001,3376
67548000,3378
67550000,3379
67552000,3376
67554000,3376
67556000,3379
67558000,3385
67560000,3377
67562000,3377
67564000,3377
67566000,3377
67568000,3379
67570000,3378
67572000,3377
67574000,3376
67576001,3377
67578000,3376
67580000,3376
67582000,3378
67584001,3378
67586001,3376
67588000,3381
67590001,3379
67592001,3382
67594001,3377
67596001,3378
67598000,3377
67600001,3376
67602000,3377
67604001,3379
67606000,3378
67608000,3376
67610000,3380
67612001,3377
67614000,3376
67616000,3377
67618000,3376
67620000,3377
67622000,3379
67624000,3377
67626000,3377
67628000,3377
67630000,3376
67632000,3376
67634000,3382
67636000,3377
67638001,3376
67640000,3376
67642000,3382
67644000,3376
67646000,3378
67648000,3386
67650001,3378
67652001,3376
67654000,3375
67656001,3374
67658000,3376
67660000,3378
67662000,3373
67664001,3376
67666001,3376
67668000,3376
67670000,3378
67672000,3376
67674000,3376
67676000,3376
67678000,3376
67680000,3376
67682000,3378
67684000,3376
67686000,3378
67688001,3376
67690001,3376
67692001,3379
67694000,3376
67696000,3376
67698000,3377
67700000,3378
67702000,3399
67704000,3377
67706000,3377
67708000,3366
67710000,3378
67712000,3378
67714000,3377
67716000,3376
67718000,3376
67720000,3378
67722000,3376
67724000,3376
67726000,3376
67728000,3397
67730000,3376
67732000,3378
67734000,3379
67736000,3376
67738000,3376
67740001,3376
67742001,3376
67744001,3376
67746000,3381
67748000,3377
67750000,3376
67752000,3378
67754000,3379
67756000,3376
67758001,3377
67760001,3377
67762000,3377
67764000,3376
67766000,3323
67768000,3376
67770001,3376
67772000,3376
67774001,3291
67776000,3377
67778000,3377
67780000,3354
67782000,3376
67784000,3377
67786000,3376
67788000,3376
67790001,3376
67792000,3377
67794000,3376
67796001,3376
67798001,3376
67800000,3378
67802000,3413
67804001,3376
67806000,3376
67808001,3367
67810001,3377
67812000,3378
67814001,3376
67816000,3376
67818001,3376
67820001,3377
67822000,3374
67824000,3378
67826000,3376
67828000,3375
67830001,3378
67832000,3376
67834000,3376
67836000,3376
67838000,3376
67840000,3375
67842000,3374
67844000,3376
67846000,3377
67848000,3376
67850000,3387
67852000,3377
67854000,3382
67856000,3379
67858000,3376
67860000,3381
67862001,3376
67864000,3377
67866001,3377
67868000,3376
67870000,3382
67872000,3376
67874000,3377
67876000,3401
67878000,3377
67880000,3376
67882000,3376
67884000,3380
67886000,3394
67888000,3405
67890000,3379
67892001,3379
67894001,3351
67896000,3375
67898001,3378
67900000,3377
67902000,3376
67904001,3377
67906000,3376
67908000,3376
67910000,3377
67912000,3379
67914000,3377
67916001,3379
67918001,3375
67920000,3376
67922000,3376
67924001,3379
67926001,3376
67928001,3377
67930001,3381
67932001,3377
67934000,3376
67936000,3376
67938000,3378
67940001,3376
67942000,3375
67944001,3378
67946001,3379
67948001,3378
67950001,3376
67952000,3376
67954000,3376
67956001,3385
67958001,3378
67960001,3379
67962000,3377
67964000,3377
67966000,3379
67968000,3374
67970000,3376
67972000,3376
67974000,3376
67976000,3376
67978000,3376
67980000,3375
67982000,3377
67984000,3379
67986000,3376
67988000,3371
67990001,3376
67992001,3379
67994001,3376
67996001,3376
67998000,3373
68000001,3380
68002000,3381
68004000,3376
68006001,3370
68008001,3376
68010001,3377
68012001,3379
68014001,3377
68016000,3386
68018000,3376
68020000,3374
68022000,3379
68024000,3376
68026000,3356
68028001,3376
68030000,3387
68032000,3377
68034000,3378
68036000,3382
68038000,3376
68040000,3376
68042000,3375
68044000,3378
68046000,3376
68048000,3376
68050000,3376
68052000,3376
68054000,3385
68056000,3377
68058000,3376
68060000,3379
68062000,3377
68064000,3376
68066000,3377
68068000,3375
68070000,3377
68072000,3380
68074000,3376
68076001,3381
68078000,3376
68080001,3376
68082000,3360
68084001,3376
68086000,3378
68088000,3378
68090000,3375
68092000,3376
68094000,3377
68096000,3381
68098000,3376
68100001,3382
68102000,3376
68104000,3377
68106001,3377
68108001,3378
68110001,3376
68112001,3379
68114000,3376
68116000,3376
68118000,3378
68120000,3377
68122000,3378
68124001,3376
68126000,3381
68128000,3376
68130001,3378
68132001,3380
68134000,3377
68136001,3378
68138000,3379
68140000,3376
68142000,3376
68144000,3379
68146000,3371
68148000,3376
68150001,3381
68152000,3376
68154000,3381
68156001,3378
68158000,3379
68160000,3375
68162000,3376
68164001,3377
68166000,3377
68168000,3383
68170000,3382
68172000,3379
68174000,3386
68176000,3377
68178001,3376
68180000,3381
68182000,3377
68184000,3376
68186001,3376
68188000,3386
68190001,3379
68192000,3378
68194001,3341
68196001,3380
68198001,3379
68200001,3382
68202001,3381
68204001,3375
68206000,3376
68208001,3376
68210000,3376
68212000,3377
68214000,3376
68216001,3378
68218000,3377
68220000,3376
68222001,3381
68224000,3378
68226001,3379
68228000,3379
68230001,3376
68232000,3376
68234000,3379
68236001,3385
68238000,3377
68240000,3380
68242001,3380
68244000,3377
68246000,3383
68248000,3377
68250000,3374
68252000,3377
68254001,3378
68256000,3378
68258000,3371
68260000,3376
68262000,3376
68264000,3377
68266000,3376
68268000,3376
68270001,3378
68272001,3367
68274001,3370
68276001,3376
68278000,3376
68280000,3377
68282001,3378
68284000,3381
68286000,3376
68288000,3381
68290000,3376
68292000,3376
68294000,3382
68296000,3377
68298001,3370
68300000,3376
68302000,3376
68304000,3376
68306000,3376
68308001,3382
68310000,3377
68312001,3377
68314000,3376
68316000,3376
68318000,3378
68320001,3379
68322000,3378
68324000,3377
68326001,3382
68328000,3376
68330001,3376
68332001,3381
68334000,3383
68336001,3376
68338000,3377
68340001,3378
68342000,3377
68344001,3382
68346000,3378
68348001,3383
68350001,3380
68352001,3379
68354000,3377
68356000,3414
68358001,3377
68360000,3376
68362000,3376
68364000,3379
68366000,3376
68368000,3381
68370001,3376
68372001,3377
68374001,3379
68376000,3377
68378001,3376
68380000,3366
68382001,3378
68384001,3379
68386001,3358
68388000,3382
68390000,3376
68392000,3378
68394000,3354
68396001,3377
68398000,3392
68400000,3376
68402000,3379
68404000,3379
68406001,3376
68408000,3379
68410000,3377
68412001,3376
68414001,3376
68416000,3375
68418001,3380
68420001,3379
68422000,3380
68424000,3378
68426000,3386
68428000,3454
68430000,3351
68432000,3378
68434000,3390
68436000,3375
68438000,3377
68440001,3381
68442000,3376
68444000,3386
68446001,3379
68448001,3378
68450001,3376
68452000,3374
68454001,3377
68456001,3379
68458000,3376
68460001,3376
68462000,3349
68464001,3354
68466000,3376
68468000,3378
68470000,3376
68472000,3378
68474000,3377
68476000,3377
68478001,3376
68480000,3376
68482000,3376
68484000,3380
68486000,3376
68488000,3380
68490000,3378
68492000,3378
68494000,3348
68496000,3376
68498000,3377
68500000,3378
68502000,3381
68504000,3376
68506000,3387
68508000,3377
68510000,3376
68512000,3376
68514000,3378
68516001,3376
68518001,3376
68520001,3378
68522000,3380
68524000,3338
68526000,3376
68528000,3377
68530000,3383
68532001,3379
68534001,3376
68536001,3375
68538001,3381
68540000,3377
68542001,3377
68544001,3383
68546001,3376
68548000,3376
68550001,3376
68552000,3377
68554000,3382
68556000,3377
68558000,3379
68560000,3376
68562000,3376
68564000,3378
68566000,3378
68568000,3376
68570000,3377
68572000,3382
68574000,3376
68576000,3376
68578000,3373
68580000,3374
68582000,3378
68584000,3377
68586000,3376
68588000,3377
68590000,3378
68592000,3376
68594000,3375
68596000,3377
68598000,3378
68600001,3378
68602000,3376
68604000,3377
68606000,3377
68608000,3377
68610000,3381
68612000,3376
68614001,3370
68616001,3376
68618000,3381
68620000,3379
68622000,3378
68624000,3379
68626000,3375
68628001,3379
68630001,3381
68632000,3376
68634000,3370
68636000,3377
68638000,3376
68640000,3377
68642000,3357
68644001,3373
68646000,3379
68648001,3375
68650000,3379
68652001,3380
68654001,3376
68656000,3379
68658001,3378
68660000,3376
68662001,3378
68664000,3378
68666000,3377
68668000,3377
68670000,3378
68672001,3377
68674001,3373
68676000,3375
68678000,3377
68680000,3377
68682000,3373
68684000,3378
68686000,3379
68688000,3379
68690000,3382
68692000,3377
68694000,3376
68696000,3376
68698001,3376
68700000,3376
68702001,3379
68704001,3377
68706001,3378
68708000,3376
68710000,3376
68712000,3376
68714000,3377
68716000,3376
68718000,3378
68720001,3379
68722001,3377
68724000,3376
68726001,3376
68728001,3376
68730001,3378
68732001,3377
68734000,3376
68736001,3378
68738000,3378
68740000,3376
68742000,3375
68744000,3378
68746000,3377
68748001,3377
68750001,3377
68752001,3377
68754000,3379
68756001,3378
68758000,3376
68760000,3377
68762000,3385
68764000,3379
68766000,3377
68768000,3379
68770000,3386
68772000,3377
68774000,3377
68776001,3379
68778001,3378
68780000,3396
68782000,3385
68784001,3378
68786001,3377
68788000,3382
68790001,3379
68792000,3395
68794001,3379
68796000,3384
68798000,3378
68800000,3379
68802000,3379
68804001,3379
68806000,3408
68808001,3380
68810000,3376
68812000,3378
68814000,3377
68816000,3377
68818000,3379
68820001,3376
68822001,3379
68824001,3376
68826001,3377
68828000,3378
68830001,3376
68832001,3392
68834001,3378
68836000,3382
68838001,3377
68840000,3376
68842001,3376
68844000,3378
68846001,3377
68848000,3376
68850001,3380
68852000,3378
68854001,3379
68856000,3377
68858001,3379
68860000,3377
68862000,3378
68864001,3379
68866001,3379
68868001,3379
68870000,3376
68872001,3376
68874000,3377
68876001,3387
68878000,3379
68880000,3380
68882001,3378
68884001,3376
68886000,3377
68888001,3369
68890000,3374
68892001,3378
68894000,3376
68896000,3378
68898000,3379
68900000,3379
68902000,3376
68904000,3351
68906000,3383
68908000,3376
68910000,3380
68912000,3379
68914001,3270
68916000,3378
68918000,3379
68920000,3376
68922000,3379
68924000,3377
68926000,3377
68928000,3378
68930000,3376
68932000,3376
68934001,3376
68936000,3380
68938000,3377
68940000,3381
68942000,3377
68944000,3378
68946000,3377
68948000,3381
68950000,3379
68952000,3379
68954001,3380
68956000,3377
68958001,3379
68960000,3376
68962001,3381
68964000,3398
68966000,3378
68968001,3383
68970001,3379
68972001,3377
68974000,3381
68976000,3379
68978000,3380
68980000,3380
68982000,3381
68984000,3380
68986000,3389
68988000,3379
68990000,3377
68992000,3379
68994000,3378
68996000,3376
68998000,3377
69000000,3383
69002000,3376
69004000,3307
69006000,3377
69008001,3345
69010001,3377
69012000,3382
69014001,3378
69016000,3379
69018001,3377
69020001,3362
69022000,3376
69024001,3375
69026000,3389
69028000,3382
69030000,3381
69032000,3360
69034000,3355
69036000,3382
69038000,3312
69040000,3377
69042001,3378
69044000,3378
69046000,3380
69048000,3383
69050000,3373
69052000,3379
69054001,3370
69056001,3378
69058001,3378
69060001,3391
69062000,3378
69064001,3381
69066001,3377
69068001,3376
69070000,3382
69072000,3382
69074000,3380
69076000,3378
69078000,3379
69080001,3383
69082001,3377
69084000,3380
69086001,3379
69088000,3381
69090000,3381
69092001,3379
69094000,3381
69096000,3381
69098000,3385
69100000,3376
69102001,3378
69104001,3387
69106000,3378
69108000,3309
69110000,3381
69112001,3379
69114000,3381
69116000,3379
69118000,3381
69120000,3381
69122000,3385
69124000,3377
69126000,3376
69128000,3373
69130001,3385
69132000,3382
69134000,3381
69136000,3377
69138001,3391
69140001,3381
69142001,3378
69144001,3385
69146001,3342
69148000,3376
69150001,3383
69152001,3379
69154000,3378
69156000,3381
69158000,3382
69160001,3386
69162000,3382
69164000,3381
69166000,3371
69168001,3376
69170000,3381
69172001,3378
69174000,3379
69176001,3375
69178001,3382
69180001,3382
69182000,3379
69184001,3381
69186001,3367
69188000,3381
69190001,3379
69192000,3379
69194001,3385
69196000,3412
69198001,3381
69200000,3382
69202000,3377
69204000,3377
69206000,3379
69208001,3377
69210000,3378
69212001,3377
69214001,3381
69216001,3381
69218001,3378
69220000,3381
69222001,3350
69224001,3382
69226001,3382
69228000,3381
69230000,3385
69232001,3382
69234001,3384
69236001,3383
69238001,3363
69240000,3381
69242000,3373
69244001,3382
69246000,3382
69248001,3378
69250001,3377
69252000,3378
69254000,3389
69256000,3381
69258000,3382
69260001,3382
69262001,3379
69264001,3373
69266000,3382
69268001,3378
69270000,3382
69272001,3381
69274000,3382
69276001,3383
69278000,3379
69280001,3376
69282001,3376
69284001,3381
69286001,3378
69288000,3383
69290000,3379
69292001,3376
69294000,3387
69296000,3377
69298000,3380
69300000,3381
69302001,3381
69304000,3381
69306000,3385
69308000,3378
69310000,3383
69312000,3427
69314000,3382
69316000,3378
69318000,3376
69320001,3383
69322000,3378
69324001,3381
69326001,3380
69328001,3383
69330001,3385
69332000,3381
69334000,3379
69336000,3381
69338000,3381
69340000,3379
69342000,3382
69344000,3380
69346000,3381
69348000,3382
69350000,3381
69352001,3381
69354000,3381
69356000,3383
69358001,3379
69360000,3378
69362000,3383
69364000,3369
69366000,3421
69368000,3377
69370000,3381
69372000,3378
69374000,3383
69376001,3385
69378000,3387
69380000,3380
69382000,3381
69384000,3383
69386000,3378
69388000,3389
69390000,3382
69392000,3383
69394000,3385
69396000,3381
69398000,3385
69400000,3383
69402000,3382
69404000,3382
69406000,3382
69408000,3379
69410000,3378
69412000,3385
69414000,3385
69416000,3382
69418000,3379
69420000,3382
69422000,3381
69424000,3379
69426000,3383
69428000,3383
69430000,3380
69432000,3418
69434000,3381
69436000,3382
69438001,3381
69440001,3382
69442000,3381
69444000,3382
69446001,3387
69448000,3381
69450000,3383
69452000,3370
69454000,3378
69456000,3382
69458001,3385
69460001,3383
69462001,3380
69464000,3383
69466001,3365
69468001,3378
69470001,3378
69472000,3381
69474000,3389
69476000,3382
69478000,3380
69480000,3382
69482000,3383
69484000,3375
69486000,3377
69488000,3381
69490000,3379
69492001,3376
69494000,3383
69496001,3376
69498001,3381
69500000,3381
69502001,3379
69504001,3380
69506001,3383
69508000,3376
69510000,3363
69512000,3381
69514000,3389
69516000,3379
69518000,3376
69520000,3378
69522000,3382
69524000,3380
69526000,3381
69528000,3381
69530000,3376
69532000,3381
69534000,3378
69536000,3382
69538001,3381
69540001,3381
69542000,3378
69544001,3383
69546001,3379
69548000,3385
69550000,3386
69552000,3378
69554000,3383
69556000,3381
69558001,3379
69560001,3382
69562001,3382
69564000,3380
69566000,3385
69568000,3385
69570000,3383
69572001,3381
69574001,3379
69576000,3381
69578000,3387
69580000,3376
69582000,3383
69584000,3379
69586000,3385
69588000,3378
69590000,3387
69592000,3378
69594000,3322
69596000,3386
69598001,3391
69600001,3385
69602001,3381
69604000,3495
69606000,3386
69608000,3415
69610000,3349
69612000,3407
69614000,3381
69616001,3353
69618000,3375
69620000,3360
69622000,3379
69624001,3383
69626001,3382
69628000,3379
69630001,3382
69632001,3382
69634000,3379
69636001,3381
69638001,3379
69640001,3380
69642001,3383
69644000,3363
69646000,3387
69648001,3381
69650001,3383
69652001,3382
69654000,3383
69656000,3383
69658000,3415
69660001,3385
69662000,3381
69664001,3395
69666001,3380
69668000,3377
69670001,3383
69672000,3381
69674001,3386
69676000,3365
69678001,3378
69680000,3387
69682001,3383
69684001,3383
69686001,3375
69688001,3376
69690001,3379
69692001,3376
69694000,3381
69696001,3385
69698000,3383
69700000,3383
69702000,3376
69704000,3383
69706000,3382
69708000,3387
69710000,3382
69712001,3379
69714000,3383
69716000,3350
69718000,3402
69720000,3379
69722001,3371
69724001,3383
69726000,3376
69728000,3383
69730000,3337
69732000,3385
69734000,3381
69736000,3384
69738001,3397
69740000,3427
69742000,3379
69744000,3379
69746001,3378
69748001,3382
69750001,3383
69752001,3383
69754000,3383
69756001,3323
69758001,3379
69760000,3381
69762001,3380
69764001,3376
69766001,3383
69768001,3379
69770000,3383
69772000,3377
69774001,3376
69776000,3384
69778000,3378
69780000,3386
69782000,3381
69784000,3384
69786001,3385
69788000,3379
69790000,3381
69792000,3381
69794000,3358
69796000,3379
69798000,3398
69800000,3383
69802000,3377
69804000,3376
69806000,3376
69808000,3378
69810000,3381
69812000,3382
69814000,3353
69816000,3383
69818001,3381
69820000,3383
69822001,3378
69824001,3383
69826000,3381
69828001,3381
69830001,3383
69832000,3381
69834000,3387
69836000,3381
69838000,3379
69840000,3381
69842000,3382
69844000,3382
69846000,3383
69848000,3387
69850000,3375
69852000,3382
69854000,3379
69856000,3379
69858000,3387
69860000,3378
69862000,3380
69864000,3382
69866000,3388
69868000,3382
69870000,3380
69872000,3382
69874000,3382
69876000,3382
69878001,3387
69880000,3378
69882000,3379
69884000,3383
69886001,3381
69888001,3382
69890000,3381
69892001,3381
69894001,3380
69896000,3377
69898000,3384
69900000,3383
69902000,3381
69904000,3381
69906000,3381
69908001,3383
69910000,3389
69912001,3387
69914000,3379
69916001,3381
69918000,3386
69920001,3377
69922000,3377
69924000,3379
69926000,3381
69928000,3382
69930001,3442
69932000,3379
69934001,3379
69936001,3379
69938001,3386
69940000,3382
69942000,3381
69944000,3383
69946001,3378
69948001,3381
69950000,3382
69952001,3379
69954001,3378
69956001,3375
69958001,3386
69960000,3380
69962001,3381
69964001,3377
69966001,3381
69968001,3377
69970000,3379
69972001,3376
69974000,3379
69976001,3383
69978000,3393
69980001,3381
69982000,3383
69984001,3378
69986001,3383
69988000,3383
69990000,3383
69992001,3381
69994001,3382
69996000,3381
69998000,3381
70000000,3376
70002001,3383
70004000,3383
70006001,3381
70008000,3381
70010000,3383
70012000,3383
70014000,3382
70016000,3387
70018000,3381
70020000,3381
70022000,3398
70024001,3381
70026001,3387
70028001,3381
70030000,3391
70032001,3377
70034001,3383
70036000,3379
70038000,3385
70040000,3383
70042000,3383
70044000,3386
70046000,3384
70048000,3376
70050000,3382
70052001,3381
70054001,3383
70056000,3379
70058000,3379
70060001,3382
70062000,3401
70064001,3380
70066001,3381
70068001,3382
70070001,3390
70072000,3385
70074000,3383
70076000,3381
70078000,3386
70080000,3383
70082000,3386
70084000,3381
70086000,3381
70088000,3386
70090000,3383
70092001,3386
70094001,3382
70096000,3383
70098000,3387
70100000,3381
70102001,3378
70104001,3383
70106001,3383
70108000,3379
70110001,3382
70112000,3379
70114001,3386
70116000,3379
70118001,3381
70120000,3381
70122001,3385
70124000,3382
70126000,3381
70128000,3383
70130000,3382
70132000,3377
70134000,3385
70136001,3379
70138000,3383
70140001,3383
70142001,3381
70144000,3383
70146000,3382
70148001,3378
70150000,3380
70152001,3383
70154000,3381
70156000,3382
70158001,3383
70160000,3383
70162000,3380
70164000,3381
70166000,3385
70168000,3385
70170001,3385
70172000,3381
70174001,3381
70176000,3381
70178001,3387
70180001,3382
70182000,3383
70184001,3382
70186001,3382
70188001,3383
70190001,3387
70192001,3382
70194000,3388
70196001,3381
70198000,3379
70200000,3379
70202001,3383
70204000,3381
70206001,3382
70208001,3381
70210000,3385
70212000,3381
70214000,3379
70216000,3381
70218000,3383
70220000,3383
70222001,3383
70224001,3381
70226001,3384
70228000,3381
70230000,3381
70232000,3383
70234000,3385
70236000,3383
70238000,3382
70240000,3387
70242000,3386
70244000,3382
70246000,3385
70248000,3387
70250001,3382
70252001,3383
70254001,3383
70256001,3383
70258000,3381
70260001,3385
70262001,3382
70264001,3381
70266000,3381
70268000,3380
70270000,3383
70272001,3385
70274001,3383
70276000,3383
70278000,3375
70280000,3383
70282000,3382
70284000,3383
70286000,3380
70288000,3381
70290000,3389
70292000,3379
70294001,3382
70296000,3374
70298000,3391
70300000,3378
70302000,3383
70304000,3386
70306001,3381
70308001,3386
70310001,3383
70312000,3383
70314001,3383
70316001,3380
70318000,3383
70320000,3383
70322000,3380
70324000,3380
70326000,3382
70328000,3377
70330001,3383
70332001,3424
70334000,3379
70336001,3393
70338000,3383
70340000,3380
70342000,3383
70344000,3381
70346001,3375
70348000,3378
70350000,3379
70352000,3378
70354000,3383
70356000,3379
70358001,3385
70360000,3385
70362000,3387
70364000,3385
70366001,3385
70368001,3377
70370001,3385
70372000,3380
70374001,3386
70376000,3381
70378001,3394
70380001,3380
70382000,3379
70384000,3385
70386000,3389
70388000,3383
70390000,3381
70392000,3382
70394000,3386
70396001,3385
70398001,3379
70400001,3377
70402000,3374
70404000,3382
70406000,3376
70408001,3387
70410001,3383
70412000,3385
70414001,3383
70416000,3380
70418001,3383
70420001,3385
70422000,3378
70424000,3382
70426000,3369
70428000,3386
70430001,3383
70432000,3383
70434001,3383
70436000,3385
70438000,3386
70440000,3382
70442000,3386
70444000,3384
70446001,3330
70448000,3379
70450001,3383
70452000,3381
70454000,3381
70456000,3387
70458000,3386
70460000,3382
70462000,3383
70464000,3381
70466000,3382
70468000,3382
70470000,3382
70472001,3383
70474001,3381
70476000,3378
70478000,3383
70480000,3381
70482000,3381
70484000,3387
70486000,3383
70488000,3382
70490000,3380
70492000,3383
70494000,3383
70496000,3381
70498000,3376
70500000,3382
70502000,3383
70504001,3382
70506000,3382
70508000,3383
70510000,3381
70512000,3383
70514000,3379
70516000,3381
70518000,3380
70520000,3381
70522000,3386
70524000,3383
70526000,3383
70528000,3385
70530000,3381
70532000,3381
70534000,3381
70536000,3384
70538000,3384
70540000,3383
70542000,3380
70544000,3381
70546000,3383
70548000,3383
70550000,3383
70552000,3383
70554000,3386
70556001,3388
70558000,3379
70560000,3383
70562000,3380
70564000,3386
70566000,3383
70568000,3383
70570001,3378
70572001,3383
70574001,3383
70576001,3382
70578000,3381
70580001,3383
70582001,3379
70584000,3382
70586000,3385
70588000,3381
70590000,3382
70592000,3382
70594000,3387
70596000,3381
70598000,3382
70600000,3394
70602001,3379
70604000,3383
70606000,3380
70608000,3382
70610000,3379
70612000,3386
70614000,3382
70616000,3387
70618000,3384
70620000,3396
70622000,3379
70624000,3382
70626000,3380
70628000,3380
70630000,3386
70632000,3379
70634000,3382
70636000,3383
70638000,3381
70640000,3385
70642000,3379
70644001,3385
70646000,3389
70648001,3383
70650001,3386
70652000,3381
70654000,3385
70656000,3387
70658000,3390
70660000,3384
70662001,3387
70664000,3378
70666001,3381
70668001,3379
70670000,3381
70672001,3383
70674000,3385
70676000,3380
70678000,3376
70680000,3378
70682000,3385
70684000,3385
70686000,3385
70688000,3382
70690001,3383
70692000,3385
70694000,3386
70696000,3385
70698000,3383
70700000,3385
70702000,3383
70704001,3382
70706001,3381
70708001,3382
70710000,3381
70712000,3385
70714001,3378
70716000,3381
70718001,3385
70720000,3383
70722001,3383
70724000,3381
70726000,3381
70728000,3381
70730000,3382
70732000,3385
70734001,3383
70736000,3379
70738000,3379
70740000,3383
70742000,3379
70744001,3382
70746001,3386
70748001,3381
70750001,3382
70752000,3383
70754000,3382
70756000,3383
70758000,3381
70760000,3382
70762000,3386
70764000,3386
70766001,3381
70768000,3367
70770000,3386
70772000,3378
70774000,3385
70776000,3383
70778000,3382
70780000,3377
70782000,3389
70784001,3382
70786000,3378
70788001,3381
70790001,3387
70792000,3388
70794000,3381
70796000,3383
70798000,3382
70800000,3387
70802000,3382
70804000,3383
70806000,3383
70808000,3381
70810000,3381
70812000,3380
70814001,3383
70816000,3387
70818000,3382
70820000,3389
70822000,3385
70824000,3386
70826000,3388
70828000,3382
70830000,3382
70832000,3391
70834000,3383
70836000,3381
70838001,3381
70840001,3383
70842000,3383
70844001,3382
70846000,3383
70848001,3379
70850000,3387
70852000,3382
70854000,3386
70856000,3381
70858000,3383
70860000,3382
70862000,3385
70864000,3379
70866000,3383
70868000,3386
70870000,3381
70872000,3381
70874000,3383
70876000,3378
70878000,3383
70880000,3380
70882000,3381
70884000,3379
70886000,3382
70888000,3380
70890000,3386
70892001,3383
70894000,3383
70896000,3382
70898000,3383
70900000,3382
70902000,3385
70904000,3386
70906000,3379
70908000,3388
70910000,3385
70912000,3383
70914000,3386
70916000,3382
70918000,3377
70920000,3383
70922000,3386
70924000,3383
70926000,3386
70928000,3382
70930001,3383
70932001,3387
70934000,3387
70936001,3381
70938000,3385
70940000,3386
70942000,3383
70944001,3382
70946000,3382
70948000,3386
70950001,3378
70952001,3385
70954001,3383
70956001,3388
70958001,3386
70960001,3387
70962000,3381
70964001,3386
70966001,3381
70968000,3381
70970000,3387
70972000,3383
70974000,3390
70976000,3386
70978000,3380
70980000,3383
70982000,3385
70984000,3383
70986000,3385
70988001,3385
70990000,3382
70992000,3394
70994000,3381
70996000,3383
70998000,3382
71000000,3383
71002000,3385
71004000,3387
71006000,3381
71008000,3385
71010000,3387
71012000,3385
71014000,3382
71016000,3385
71018000,3386
71020000,3385
71022000,3386
71024000,3397
71026000,3380
71028000,3382
71030000,3386
71032000,3382
71034000,3383
71036000,3386
71038000,3379
71040001,3383
71042000,3387
71044000,3386
71046000,3382
71048000,3386
71050000,3385
71052000,3385
71054000,3390
71056000,3381
71058000,3386
71060000,3383
71062000,3386
71064000,3389
71066000,3385
71068000,3385
71070000,3383
71072000,3382
71074001,3387
71076000,3383
71078000,3383
71080000,3388
71082000,3387
71084000,3381
71086000,3387
71088000,3381
71090000,3382
71092000,3383
71094001,3383
71096000,3381
71098000,3386
71100000,3388
71102000,3381
71104000,3383
71106001,3384
71108001,3387
71110000,3385
71112000,3388
71114000,3383
71116001,3388
71118001,3383
71120000,3386
71122001,3382
71124000,3382
71126000,3386
71128000,3386
71130000,3381
71132001,3389
71134000,3386
71136001,3382
71138001,3387
71140001,3383
71142000,3386
71144000,3381
71146000,3387
71148000,3385
71150000,3386
71152000,3387
71154001,3386
71156001,3387
71158000,3383
71160001,3387
71162000,3382
71164000,3383
71166000,3387
71168000,3387
71170000,3382
71172000,3385
71174000,3389
71176000,3386
71178000,3382
71180000,3382
71182000,3380
71184000,3386
71186001,3386
71188000,3383
71190001,3389
71192001,3389
71194000,3385
71196000,3387
71198000,3376
71200000,3390
71202001,3385
71204001,3383
71206001,3383
71208000,3383
71210000,3386
71212000,3383
71214000,3376
71216000,3383
71218001,3390
71220000,3383
71222000,3387
71224001,3383
71226000,3391
71228000,3387
71230000,3383
71232000,3381
71234000,3389
71236000,3383
71238000,3373
71240000,3385
71242000,3381
71244000,3384
71246000,3335
71248000,3385
71250000,3383
71252000,3389
71254000,3359
71256000,3386
71258001,3389
71260000,3386
71262001,3383
71264001,3386
71266000,3387
71268001,3383
71270000,3385
71272001,3387
71274000,3387
71276001,3388
71278000,3386
71280001,3386
71282001,3389
71284000,3385
71286000,3383
71288001,3383
71290001,3387
71292000,3386
71294000,3385
71296000,3387
71298000,3389
71300000,3386
71302000,3383
71304000,3385
71306000,3383
71308001,3385
71310000,3315
71312000,3386
71314001,3381
71316000,3386
71318000,3387
71320000,3385
71322000,3388
71324000,3387
71326000,3386
71328000,3387
71330000,3386
71332000,3383
71334000,3387
71336001,3391
71338000,3391
71340001,3386
71342000,3385
71344000,3389
71346000,3382
71348001,3386
71350001,3376
71352001,3390
71354000,3389
71356001,3383
71358000,3388
71360001,3383
71362000,3383
71364000,3383
71366001,3387
71368000,3382
71370001,3385
71372000,3386
71374000,3387
71376001,3383
71378000,3382
71380000,3387
71382000,3390
71384000,3387
71386000,3389
71388001,3319
71390000,3385
71392001,3386
71394001,3390
71396001,3389
71398000,3387
71400000,3395
71402001,3383
71404000,3385
71406001,3387
71408001,3384
71410000,3382
71412000,3389
71414001,3387
71416000,3381
71418000,3383
71420000,3385
71422000,3386
71424001,3382
71426001,3389
71428000,3385
71430000,3387
71432001,3387
71434000,3386
71436000,3389
71438001,3386
71440000,3387
71442000,3387
71444001,3381
71446001,3383
71448000,3386
71450001,3388
71452001,3386
71454000,3387
71456000,3387
71458000,3390
71460001,3385
71462000,3383
71464001,3395
71466000,3389
71468001,3387
71470000,3385
71472000,3383
71474000,3383
71476001,3381
71478000,3385
71480001,3389
71482000,3388
71484000,3386
71486000,3389
71488001,3387
71490000,3386
71492001,3378
71494000,3377
71496000,3389
71498000,3383
71500000,3386
71502000,3386
71504000,3387
71506000,3387
71508000,3382
71510000,3387
71512000,3383
71514000,3387
71516000,3381
71518000,3383
71520001,3381
71522000,3386
71524001,3377
71526000,3387
71528000,3392
71530000,3385
71532000,3392
71534000,3440
71536000,3459
71538000,3386
71540000,3329
71542000,3386
71544000,3426
71546000,3387
71548000,3385
71550000,3385
71552000,3389
71554000,3389
71556000,3389
71558001,3386
71560000,3387
71562000,3387
71564000,3387
71566000,3384
71568000,3389
71570000,3382
71572001,3390
71574000,3383
71576000,3385
71578001,3388
71580001,3391
71582000,3387
71584000,3388
71586000,3386
71588001,3388
71590000,3376
71592000,3383
71594000,3376
71596000,3390
71598000,3379
71600000,3387
71602000,3385
71604000,3385
71606000,3383
71608000,3387
71610001,3387
71612000,3387
71614001,3387
71616001,3390
71618001,3386
71620000,3392
71622000,3395
71624000,3386
71626000,3385
71628000,3376
71630000,3385
71632000,3380
71634000,3379
71636000,3387
71638000,3385
71640000,3389
71642000,3399
71644000,3390
71646000,3383
71648000,3386
71650000,3389
71652000,3387
71654000,3469
71656000,3349
71658000,3387
71660000,3383
71662000,3386
71664000,3386
71666000,3387
71668001,3387
71670000,3387
71672000,3388
71674001,3383
71676000,3383
71678001,3383
71680001,3383
71682000,3389
71684000,3320
71686000,3382
71688001,3398
71690001,3387
71692000,3383
71694001,3382
71696000,3386
71698000,3366
71700000,3387
71702000,3402
71704001,3387
71706000,3382
71708000,3387
71710001,3390
71712001,3389
71714001,3389
71716000,3386
71718000,3398
71720000,3376
71722001,3388
71724000,3385
71726000,3387
71728000,3451
71730000,3383
71732000,3387
71734000,3386
71736000,3383
71738000,3389
71740000,3410
71742000,3450
71744000,3383
71746000,3383
71748000,3376
71750000,3385
71752000,3389
71754000,3382
71756000,3385
71758000,3403
71760000,3387
71762001,3408
71764001,3381
71766001,3387
71768001,3427
71770000,3386
71772000,3387
71774000,3385
71776000,3389
71778000,3387
71780000,3383
71782000,3388
71784000,3386
71786000,3390
71788000,3391
71790000,3382
71792000,3387
71794000,3382
71796000,3383
71798000,3386
71800000,3389
71802000,3383
71804000,3386
71806000,3389
71808000,3386
71810000,3381
71812000,3387
71814000,3393
71816000,3385
71818001,3390
71820000,3382
71822000,3388
71824000,3385
71826000,3387
71828000,3384
71830000,3386
71832000,3383
71834000,3383
71836000,3385
71838000,3383
71840000,3385
71842000,3382
71844000,3387
71846001,3382
71848001,3383
71850001,3376
71852000,3386
71854000,3385
71856000,3386
71858000,3383
71860000,3389
71862000,3379
71864000,3385
71866000,3383
71868000,3386
71870000,3389
71872000,3387
71874000,3386
71876000,3388
71878000,3390
71880000,3390
71882001,3382
71884000,3385
71886001,3386
71888001,3392
71890000,3382
71892000,3385
71894000,3386
71896000,3387
71898000,3390
71900000,3385
71902001,3386
71904001,3383
71906001,3393
71908001,3387
71910000,3388
71912001,3389
71914000,3385
71916001,3388
71918001,3386
71920000,3391
71922001,3384
71924001,3389
71926001,3392
71928000,3385
71930000,3386
71932000,3389
71934000,3388
71936000,3386
71938001,3393
71940001,3390
71942001,3444
71944000,3383
71946000,3386
71948000,3379
71950000,3385
71952000,3386
71954000,3387
71956000,3383
71958000,3385
71960000,3389
71962000,3383
71964001,3388
71966000,3386
71968000,3393
71970000,3386
71972000,3387
71974000,3385
71976000,3381
71978000,3387
71980000,3383
71982000,3387
71984000,3390
71986000,3384
71988000,3391
71990000,3387
71992000,3385
71994000,3389
71996000,3388
71998000,3386
72000000,3382
72002000,3387
72004000,3388
72006000,3379
72008000,3383
72010000,3387
72012000,3389
72014000,3383
72016000,3382
72018000,3382
72020000,3386
72022000,3386
72024000,3383
72026000,3381
72028001,3389
72030000,3390
72032000,3384
72034000,3390
72036000,3385
72038000,3382
72040000,3382
72042000,3386
72044000,3389
72046000,3386
72048000,3395
72050000,3383
72052000,3388
72054000,3387
72056000,3389
72058000,3390
72060000,3387
72062000,3381
72064000,3389
72066000,3382
72068000,3390
72070001,3389
72072000,3391
72074000,3387
72076000,3382
72078000,3381
72080000,3386
72082000,3388
72084001,3381
72086001,3388
72088000,3387
72090000,3381
72092000,3389
72094000,3381
72096000,3385
72098000,3381
72100001,3387
72102001,3385
72104001,3391
72106001,3380
72108000,3375
72110001,3386
72112001,3384
72114001,3386
72116000,3387
72118000,3383
72120000,3389
72122000,3388
72124000,3390
72126000,3364
72128000,3383
72130000,3383
72132001,3387
72134001,3386
72136000,3397
72138000,3383
72140000,3402
72142001,3385
72144001,3376
72146000,3385
72148001,3385
72150001,3390
72152001,3408
72154000,3424
72156000,3357
72158000,3363
72160000,3293
72162000,3390
72164001,3412
72166000,3386
72168000,3403
72170000,3379
72172001,3408
72174000,3434
72176000,3405
72178001,3420
72180001,3369
72182000,3403
72184000,3347
72186000,3405
72188000,3323
72190000,3392
72192000,3382
72194001,3389
72196000,3382
72198000,3379
72200001,3383
72202001,3403
72204000,3408
72206001,3385
72208001,3412
72210000,3387
72212000,3383
72214000,3385
72216000,3387
72218000,3408
72220000,3335
72222000,3383
72224000,3392
72226000,3376
72228000,3387
72230000,3378
72232000,3405
72234000,3380
72236000,3387
72238000,3378
72240001,3383
72242000,3401
72244000,3374
72246000,3389
72248001,3389
72250001,3387
72252000,3390
72254001,3392
72256000,3383
72258001,3391
72260001,3388
72262000,3390
72264001,3386
72266001,3389
72268001,3375
72270000,3340
72272000,3386
72274000,3387
72276001,3379
72278000,3392
72280001,3389
72282000,3389
72284001,3391
72286000,3383
72288001,3383
72290001,3389
72292000,3387
72294000,3390
72296001,3385
72298000,3383
72300001,3388
72302001,3366
72304000,3391
72306001,3451
72308001,3374
72310000,3373
72312001,3382
72314000,3395
72316000,3385
72318001,3389
72320001,3389
72322001,3386
72324000,3387
72326000,3390
72328000,3387
72330000,3386
72332000,3385
72334000,3386
72336000,3360
72338001,3386
72340000,3389
72342001,3390
72344000,3386
72346001,3386
72348000,3392
72350000,3383
72352000,3387
72354000,3365
72356000,3376
72358000,3386
72360000,3386
72362000,3382
72364000,3387
72366001,3383
72368001,3381
72370001,3380
72372000,3387
72374001,3436
72376000,3391
72378000,3388
72380000,3377
72382000,3383
72384000,3385
72386000,3383
72388001,3395
72390000,3388
72392001,3383
72394001,3387
72396000,3384
72398001,3383
72400000,3385
72402000,3387
72404000,3387
72406000,3390
72408000,3386
72410000,3392
72412000,3392
72414001,3383
72416000,3389
72418000,3387
72420000,3387
72422000,3385
72424000,3387
72426001,3385
72428000,3392
72430000,3387
72432000,3390
72434000,3387
72436000,3381
72438000,3387
72440000,3385
72442000,3389
72444000,3391
72446000,3387
72448000,3392
72450001,3390
72452001,3390
72454000,3391
72456000,3394
72458000,3390
72460000,3391
72462001,3388
72464001,3388
72466001,3391
72468001,3387
72470001,3386
72472001,3387
72474000,3390
72476000,3389
72478001,3391
72480001,3383
72482000,3390
72484000,3389
72486001,3391
72488000,3385
72490001,3389
72492001,3377
72494000,3386
72496001,3385
72498000,3390
72500000,3398
72502000,3388
72504000,3383
72506000,3387
72508000,3387
72510000,3381
72512000,3387
72514000,3391
72516001,3390
72518001,3389
72520000,3386
72522001,3391
72524001,3384
72526001,3399
72528000,3388
72530001,3390
72532000,3389
72534001,3387
72536000,3387
72538000,3387
72540000,3391
72542000,3390
72544000,3383
72546000,3389
72548000,3383
72550000,3387
72552001,3387
72554000,3382
72556001,3387
72558000,3389
72560001,3389
72562001,3383
72564000,3386
72566000,3385
72568000,3391
72570000,3388
72572000,3390
72574000,3378
72576000,3387
72578001,3389
72580001,3378
72582000,3389
72584000,3389
72586000,3387
72588000,3388
72590000,3383
72592000,3387
72594000,3387
72596000,3388
72598001,3389
72600000,3393
72602000,3389
72604000,3389
72606000,3389
72608000,3387
72610000,3386
72612000,3382
72614000,3385
72616000,3391
72618000,3389
72620000,3387
72622000,3387
72624000,3390
72626000,3387
72628000,3390
72630000,3391
72632000,3391
72634000,3389
72636001,3389
72638001,3394
72640000,3378
72642001,3386
72644000,3391
72646001,3393
72648000,3386
72650000,3392
72652000,3390
72654000,3387
72656000,3391
72658000,3383
72660000,3389
72662000,3388
72664000,3386
72666001,3385
72668001,3389
72670000,3389
72672001,3472
72674001,3386
72676000,3387
72678001,3387
72680000,3390
72682000,3388
72684000,3389
72686000,3387
72688000,3390
72690000,3390
72692000,3390
72694000,3390
72696000,3387
72698000,3391
72700000,3392
72702000,3388
72704000,3383
72706000,3387
72708000,3382
72710000,3389
72712000,3387
72714000,3389
72716000,3382
72718000,3385
72720000,3391
72722000,3383
72724000,3389
72726001,3383
72728000,3387
72730000,3388
72732000,3389
72734000,3391
72736000,3389
72738000,3383
72740000,3386
72742000,3386
72744000,3388
72746000,3389
72748001,3389
72750001,3391
72752001,3388
72754000,3386
72756000,3387
72758001,3390
72760000,3387
72762000,3388
72764001,3391
72766001,3391
72768001,3393
72770000,3392
72772001,3386
72774000,3383
72776000,3387
72778000,3387
72780001,3387
72782001,3387
72784001,3387
72786000,3390
72788000,3386
72790000,3387
72792000,3392
72794000,3386
72796000,3391
72798000,3389
72800000,3390
72802000,3392
72804000,3387
72806001,3387
72808000,3387
72810001,3391
72812001,3392
72814001,3389
72816001,3391
72818000,3390
72820000,3390
72822001,3389
72824001,3390
72826001,3387
72828001,3391
72830001,3390
72832001,3391
72834000,3389
72836001,3386
72838000,3390
72840000,3385
72842000,3390
72844000,3388
72846000,3389
72848000,3390
72850000,3389
72852000,3392
72854000,3389
72856000,3388
72858000,3392
72860000,3419
72862000,3392
72864000,3389
72866000,3385
72868000,3386
72870001,3387
72872000,3388
72874001,3387
72876000,3388
72878001,3391
72880000,3392
72882000,3390
72884001,3389
72886001,3391
72888001,3388
72890000,3391
72892000,3390
72894000,3387
72896000,3385
72898000,3391
72900000,3389
72902000,3388
72904000,3385
72906000,3388
72908000,3386
72910000,3386
72912000,3386
72914001,3389
72916001,3387
72918000,3391
72920000,3383
72922001,3389
72924000,3389
72926000,3389
72928000,3385
72930000,3392
72932000,3389
72934000,3390
72936001,3387
72938001,3389
72940001,3392
72942001,3383
72944001,3387
72946001,3389
72948001,3391
72950000,3393
72952000,3389
72954001,3391
72956001,3390
72958001,3390
72960001,3386
72962001,3387
72964001,3387
72966001,3393
72968001,3387
72970000,3382
72972000,3389
72974000,3385
72976000,3392
72978000,3389
72980001,3390
72982001,3389
72984000,3394
72986001,3391
72988001,3390
72990001,3390
72992001,3390
72994001,3391
72996001,3390
72998001,3391
73000001,3390
73002000,3391
73004001,3391
73006000,3390
73008001,3387
73010001,3385
73012000,3391
73014000,3390
73016000,3390
73018000,3390
73020000,3390
73022000,3389
73024000,3390
73026000,3392
73028000,3390
73030000,3387
73032000,3386
73034000,3386
73036000,3383
73038000,3390
73040001,3385
73042001,3392
73044000,3389
73046000,3389
73048000,3393
73050001,3385
73052000,3389
73054000,3389
73056000,3387
73058000,3387
73060000,3390
73062000,3389
73064000,3366
73066000,3389
73068001,3391
73070000,3391
73072000,3392
73074001,3387
73076000,3390
73078000,3388
73080000,3388
73082001,3386
73084000,3390
73086000,3392
73088000,3387
73090000,3385
73092000,3387
73094000,3390
73096000,3387
73098000,3387
73100000,3391
73102000,3392
73104001,3390
73106001,3385
73108001,3387
73110001,3391
73112001,3392
73114001,3391
73116000,3388
73118000,3387
73120000,3392
73122000,3391
73124000,3385
73126000,3390
73128000,3387
73130000,3392
73132000,3389
73134000,3387
73136000,3391
73138000,3392
73140000,3388
73142000,3392
73144000,3387
73146000,3389
73148001,3393
73150000,3390
73152001,3392
73154000,3391
73156000,3388
73158000,3389
73160001,3391
73162001,3392
73164000,3385
73166000,3392
73168000,3389
73170000,3389
73172000,3391
73174000,3391
73176000,3389
73178000,3387
73180001,3392
73182001,3390
73184001,3392
73186001,3392
73188001,3389
73190000,3389
73192000,3387
73194000,3387
73196000,3389
73198000,3393
73200000,3387
73202001,3390
73204000,3390
73206000,3393
73208001,3390
73210000,3388
73212000,3387
73214000,3390
73216000,3389
73218000,3391
73220000,3390
73222000,3387
73224000,3391
73226000,3387
73228000,3390
73230000,3387
73232000,3390
73234000,3391
73236001,3385
73238001,3389
73240000,3391
73242001,3391
73244000,3385
73246000,3388
73248001,3390
73250001,3387
73252001,3389
73254000,3391
73256000,3383
73258000,3390
73260000,3386
73262000,3387
73264000,3391
73266000,3386
73268000,3385
73270000,3389
73272001,3389
73274001,3388
73276001,3386
73278001,3390
73280001,3389
73282000,3386
73284001,3388
73286001,3387
73288001,3387
73290000,3392
73292000,3388
73294001,3391
73296001,3392
73298001,3390
73300000,3375
73302000,3390
73304000,3390
73306000,3391
73308000,3386
73310001,3392
73312000,3387
73314000,3388
73316000,3392
73318001,3390
73320001,3391
73322000,3389
73324001,3390
73326000,3390
73328000,3388
73330000,3386
73332001,3391
73334001,3387
73336000,3387
73338001,3390
73340001,3393
73342001,3395
73344000,3386
73346000,3392
73348000,3387
73350000,3391
73352000,3383
73354000,3390
73356000,3385
73358001,3390
73360000,3391
73362000,3387
73364000,3389
73366001,3392
73368000,3390
73370000,3389
73372000,3389
73374000,3390
73376000,3381
73378001,3386
73380000,3391
73382001,3391
73384000,3389
73386000,3391
73388001,3387
73390001,3389
73392001,3388
73394000,3386
73396001,3389
73398000,3389
73400001,3394
73402001,3388
73404000,3388
73406000,3385
73408001,3390
73410000,3389
73412000,3385
73414000,3391
73416000,3387
73418000,3393
73420000,3391
73422000,3386
73424001,3384
73426000,3389
73428001,3386
73430001,3390
73432000,3388
73434000,3388
73436000,3389
73438000,3386
73440000,3390
73442000,3382
73444000,3388
73446000,3387
73448000,3389
73450000,3387
73452000,3389
73454000,3390
73456000,3395
73458000,3387
73460001,3387
73462000,3390
73464000,3389
73466000,3389
73468000,3379
73470000,3390
73472000,3391
73474001,3387
73476000,3383
73478000,3389
73480000,3387
73482000,3390
73484001,3392
73486000,3387
73488001,3413
73490000,3376
73492001,3389
73494001,3391
73496000,3391
73498000,3389
73500000,3391
73502000,3397
73504000,3382
73506000,3392
73508001,3391
73510000,3389
73512001,3385
73514000,3389
73516001,3389
73518000,3392
73520000,3387
73522000,3390
73524000,3391
73526000,3397
73528000,3395
73530000,3389
73532001,3388
73534001,3390
73536000,3391
73538000,3390
73540001,3387
73542000,3392
73544000,3390
73546000,3389
73548000,3387
73550000,3390
73552000,3389
73554001,3387
73556001,3385
73558001,3359
73560000,3389
73562001,3390
73564001,3383
73566000,3387
73568001,3386
73570001,3389
73572001,3383
73574000,3386
73576001,3393
73578000,3388
73580001,3390
73582000,3390
73584001,3390
73586000,3391
73588000,3389
73590001,3394
73592001,3382
73594000,3387
73596000,3387
73598000,3391
73600001,3390
73602000,3391
73604001,3391
73606000,3386
73608000,3390
73610000,3397
73612000,3389
73614000,3391
73616000,3390
73618000,3388
73620001,3391
73622001,3386
73624001,3389
73626000,3393
73628000,3403
73630000,3408
73632001,3389
73634000,3392
73636000,3389
73638000,3392
73640000,3390
73642000,3390
73644000,3390
73646000,3390
73648000,3390
73650000,3387
73652000,3389
73654000,3377
73656001,3387
73658001,3386
73660001,3389
73662000,3386
73664001,3387
73666000,3391
73668001,3390
73670000,3389
73672000,3387
73674000,3391
73676000,3393
73678001,3387
73680000,3389
73682001,3390
73684000,3389
73686000,3388
73688000,3392
73690000,3391
73692000,3387
73694000,3389
73696000,3391
73698000,3388
73700000,3389
73702000,3383
73704000,3393
73706000,3391
73708000,3389
73710001,3389
73712001,3385
73714000,3388
73716000,3385
73718000,3386
73720000,3391
73722000,3389
73724000,3387
73726000,3394
73728000,3387
73730000,3387
73732000,3401
73734000,3391
73736000,3390
73738000,3393
73740000,3389
73742000,3386
73744000,3389
73746000,3389
73748001,3393
73750001,3391
73752001,3391
73754000,3389
73756001,3386
73758000,3389
73760001,3396
73762000,3389
73764001,3390
73766000,3390
73768000,3388
73770000,3390
73772000,3385
73774000,3387
73776000,3389
73778000,3392
73780000,3393
73782001,3389
73784000,3391
73786001,3393
73788000,3391
73790001,3391
73792001,3389
73794001,3381
73796000,3387
73798000,3388
73800000,3376
73802000,3391
73804000,3389
73806000,3391
73808001,3390
73810000,3391
73812000,3391
73814000,3391
73816001,3389
73818000,3391
73820001,3388
73822001,3390
73824001,3393
73826001,3389
73828001,3389
73830001,3393
73832001,3392
73834000,3389
73836001,3394
73838001,3393
73840000,3391
73842001,3389
73844000,3389
73846000,3389
73848000,3385
73850000,3388
73852000,3386
73854000,3391
73856000,3387
73858000,3391
73860000,3387
73862000,3387
73864001,3390
73866001,3386
73868000,3389
73870000,3390
73872001,3390
73874001,3390
73876000,3391
73878001,3390
73880000,3391
73882000,3393
73884000,3392
73886000,3388
73888000,3390
73890000,3391
73892000,3389
73894000,3392
73896000,3389
73898000,3391
73900000,3390
73902001,3387
73904001,3389
73906001,3389
73908000,3391
73910000,3387
73912000,3389
73914000,3391
73916000,3390
73918000,3388
73920000,3387
73922000,3387
73924001,3392
73926000,3388
73928000,3393
73930000,3390
73932001,3392
73934000,3387
73936001,3390
73938001,3392
73940000,3389
73942000,3390
73944000,3391
73946001,3397
73948000,3388
73950000,3386
73952000,3386
73954000,3391
73956000,3390
73958000,3393
73960000,3389
73962000,3405
73964000,3394
73966000,3391
73968000,3393
73970001,3393
73972001,3393
73974000,3393
73976000,3393
73978000,3391
73980000,3385
73982000,3393
73984001,3391
73986000,3391
73988001,3391
73990001,3392
73992000,3392
73994000,3388
73996000,3391
73998000,3383
74000000,3390
74002000,3390
74004000,3394
74006000,3391
74008000,3390
74010000,3372
74012000,3391
74014001,3391
74016001,3389
74018000,3389
74020001,3394
74022000,3391
74024001,3391
74026001,3393
74028001,3393
74030000,3389
74032001,3391
74034000,3387
74036001,3393
74038001,3394
74040001,3469
74042001,3392
74044001,3393
74046000,3391
74048000,3395
74050000,3389
74052000,3393
74054000,3392
74056000,3389
74058000,3389
74060000,3395
74062000,3393
74064001,3392
74066001,3374
74068000,3389
74070000,3394
74072000,3391
74074000,3389
74076001,3387
74078000,3379
74080001,3391
74082000,3386
74084001,3391
74086000,3388
74088001,3406
74090001,3384
74092000,3408
74094001,3390
74096000,3389
74098000,3392
74100000,3391
74102001,3390
74104000,3387
74106001,3437
74108000,3392
74110001,3392
74112000,3392
74114001,3393
74116000,3395
74118000,3408
74120000,3391
74122000,3391
74124000,3392
74126000,3395
74128000,3389
74130001,3391
74132001,3382
74134001,3413
74136000,3373
74138000,3392
74140000,3388
74142000,3388
74144001,3393
74146000,3392
74148001,3392
74150001,3393
74152001,3391
74154000,3392
74156000,3392
74158001,3389
74160001,3392
74162000,3392
74164000,3392
74166000,3394
74168000,3408
74170000,3391
74172001,3390
74174001,3378
74176000,3391
74178000,3383
74180000,3387
74182001,3392
74184000,3392
74186001,3391
74188000,3391
74190000,3392
74192000,3394
74194000,3387
74196000,3425
74198000,3390
74200000,3405
74202000,3395
74204000,3389
74206001,3392
74208000,3391
74210000,3390
74212000,3390
74214000,3430
74216000,3392
74218000,3447
74220000,3334
74222001,3391
74224001,3391
74226000,3393
74228000,3395
74230000,3353
74232000,3392
74234000,3395
74236000,3392
74238000,3392
74240001,3392
74242000,3396
74244001,3394
74246001,3395
74248001,3390
74250000,3391
74252000,3390
74254000,3389
74256000,3395
74258000,3392
74260000,3391
74262000,3395
74264001,3387
74266001,3388
74268001,3408
74270000,3392
74272000,3394
74274000,3394
74276001,3390
74278000,3408
74280001,3393
74282000,3392
74284001,3391
74286000,3396
74288000,3394
74290000,3397
74292000,3360
74294000,3392
74296001,3379
74298000,3390
74300001,3396
74302000,3392
74304001,3390
74306001,3390
74308000,3390
74310001,3390
74312001,3392
74314000,3392
74316001,3391
74318000,3393
74320000,3390
74322000,3392
74324000,3391
74326001,3387
74328000,3393
74330000,3391
74332000,3392
74334000,3393
74336000,3398
74338000,3390
74340000,3391
74342000,3390
74344000,3387
74346000,3387
74348000,3388
74350000,3393
74352001,3393
74354001,3391
74356000,3394
74358001,3392
74360001,3386
74362001,3391
74364001,3393
74366001,3393
74368000,3390
74370001,3390
74372000,3391
74374001,3389
74376001,3392
74378001,3390
74380001,3388
74382000,3391
74384001,3390
74386000,3389
74388001,3394
74390000,3391
74392001,3387
74394000,3399
74396001,3390
74398001,3389
74400000,3391
74402001,3394
74404000,3393
74406000,3391
74408001,3393
74410001,3399
74412001,3390
74414000,3393
74416000,3392
74418000,3394
74420000,3395
74422001,3392
74424000,3392
74426000,3391
74428001,3386
74430001,3387
74432001,3393
74434001,3392
74436000,3391
74438001,3389
74440001,3390
74442000,3393
74444000,3390
74446000,3392
74448000,3392
74450001,3392
74452001,3389
74454000,3389
74456000,3394
74458000,3393
74460000,3391
74462000,3392
74464001,3390
74466001,3392
74468001,3392
74470000,3393
74472000,3394
74474000,3398
74476000,3386
74478000,3391
74480000,3390
74482000,3438
74484000,3390
74486001,3390
74488000,3391
74490001,3394
74492000,3367
74494000,3389
74496000,3389
74498000,3389
74500001,3389
74502000,3388
74504000,3390
74506001,3392
74508001,3389
74510000,3388
74512000,3390
74514001,3388
74516001,3383
74518001,3390
74520001,3392
74522000,3382
74524000,3388
74526000,3386
74528001,3389
74530000,3392
74532001,3390
74534001,3387
74536001,3378
74538000,3389
74540000,3391
74542000,3389
74544000,3391
74546000,3391
74548001,3390
74550001,3388
74552001,3388
74554000,3387
74556001,3387
74558001,3393
74560000,3390
74562001,3393
74564000,3390
74566000,3391
74568001,3387
74570000,3382
74572000,3389
74574000,3393
74576001,3391
74578001,3392
74580000,3389
74582001,3387
74584000,3391
74586001,3379
74588001,3387
74590000,3391
74592001,3386
74594000,3392
74596001,3392
74598001,3386
74600001,3387
74602001,3392
74604000,3389
74606000,3386
74608000,3389
74610001,3397
74612000,3393
74614000,3389
74616000,3386
74618000,3392
74620001,3390
74622000,3388
74624000,3392
74626000,3379
74628000,3390
74630001,3391
74632001,3395
74634000,3398
74636001,3389
74638000,3388
74640000,3394
74642001,3389
74644000,3391
74646001,3391
74648000,3385
74650000,3392
74652001,3393
74654000,3377
74656000,3392
74658001,3392
74660000,3395
74662000,3392
74664000,3393
74666000,3377
74668001,3389
74670001,3392
74672001,3389
74674000,3382
74676001,3390
74678001,3390
74680000,3351
74682000,3392
74684000,3393
74686001,3391
74688001,3398
74690000,3415
74692001,3393
74694000,3393
74696001,3390
74698000,3389
74700000,3390
74702000,3392
74704001,3413
74706000,3391
74708001,3402
74710000,3418
74712000,3391
74714001,3376
74716001,3390
74718000,3365
74720000,3392
74722000,3430
74724000,3390
74726000,3391
74728000,3439
74730000,3377
74732000,3390
74734001,3394
74736001,3391
74738000,3405
74740001,3379
74742001,3377
74744000,3392
74746001,3393
74748001,3387
74750001,3391
74752000,3405
74754001,3391
74756001,3393
74758001,3388
74760000,3393
74762001,3395
74764001,3394
74766000,3395
74768001,3392
74770000,3383
74772001,3386
74774000,3393
74776000,3395
74778000,3408
74780000,3389
74782000,3393
74784000,3392
74786000,3394
74788000,3393
74790000,3405
74792000,3341
74794000,3305
74796000,3441
74798000,3394
74800000,3342
74802001,3382
74804000,3398
74806000,3392
74808001,3385
74810001,3392
74812001,3365
74814000,3459
74816001,3386
74818001,3383
74820001,3393
74822000,3342
74824000,3394
74826000,3368
74828000,3361
74830000,3391
74832000,3378
74834000,3313
74836000,3394
74838000,3344
74840000,3390
74842000,3393
74844000,3385
74846001,3394
74848001,3395
74850001,3433
74852001,3334
74854001,3392
74856000,3371
74858000,3390
74860000,3394
74862001,3320
74864001,3393
74866000,3374
74868001,3377
74870000,3388
74872000,3391
74874000,3392
74876000,3390
74878000,3390
74880000,3392
74882001,3385
74884000,3359
74886000,3388
74888001,3390
74890000,3391
74892000,3395
74894000,3376
74896000,3386
74898001,3392
74900000,3393
74902001,3396
74904000,3408
74906000,3402
74908000,3383
74910001,3370
74912001,3394
74914000,3391
74916000,3394
74918000,3392
74920000,3392
74922000,3387
74924000,3393
74926001,3389
74928000,3393
74930000,3394
74932000,3393
74934000,3391
74936000,3391
74938000,3391
74940001,3394
74942000,3391
74944000,3391
74946001,3390
74948001,3391
74950000,3395
74952000,3392
74954000,3389
74956000,3395
74958000,3398
74960000,3393
74962001,3393
74964000,3385
74966001,3392
74968001,3391
74970001,3392
74972001,3391
74974000,3391
74976000,3393
74978000,3391
74980000,3393
74982000,3391
74984000,3391
74986000,3394
74988001,3392
74990000,3391
74992000,3388
74994000,3393
74996001,3391
74998000,3391
75000000,3394
75002000,3391
75004000,3390
75006000,3393
75008001,3390
75010000,3392
75012000,3389
75014001,3391
75016001,3391
75018000,3390
75020001,3394
75022001,3385
75024000,3393
75026001,3393
75028001,3392
75030000,3393
75032001,3390
75034001,3392
75036001,3392
75038000,3397
75040001,3391
75042000,3392
75044000,3394
75046000,3391
75048000,3389
75050001,3390
75052001,3397
75054000,3391
75056000,3396
75058001,3393
75060000,3392
75062000,3395
75064001,3387
75066000,3393
75068000,3393
75070000,3394
75072000,3392
75074000,3392
75076000,3423
75078000,3394
75080000,3392
75082000,3393
75084000,3394
75086000,3393
75088000,3392
75090001,3389
75092001,3389
75094000,3391
75096001,3392
75098001,3395
75100001,3394
75102001,3389
75104000,3389
75106001,3397
75108000,3391
75110000,3391
75112000,3392
75114000,3396
75116000,3392
75118000,3391
75120000,3407
75122000,3395
75124000,3391
75126000,3392
75128001,3391
75130000,3394
75132000,3393
75134000,3391
75136000,3391
75138001,3395
75140000,3393
75142000,3390
75144001,3393
75146000,3395
75148001,3387
75150000,3391
75152001,3394
75154001,3393
75156000,3392
75158000,3389
75160000,3386
75162000,3392
75164000,3391
75166000,3391
75168000,3398
75170001,3394
75172000,3389
75174001,3393
75176000,3376
75178000,3392
75180000,3392
75182000,3394
75184000,3394
75186001,3387
75188000,3392
75190001,3392
75192000,3391
75194001,3392
75196000,3391
75198000,3392
75200000,3394
75202000,3393
75204000,3390
75206000,3391
75208000,3389
75210000,3387
75212000,3391
75214000,3390
75216001,3394
75218000,3387
75220000,3395
75222000,3393
75224000,3392
75226000,3389
75228000,3392
75230000,3392
75232000,3392
75234000,3392
75236001,3393
75238000,3395
75240000,3392
75242000,3391
75244000,3395
75246000,3391
75248000,3392
75250000,3391
75252000,3390
75254000,3393
75256000,3394
75258000,3392
75260001,3393
75262000,3393
75264001,3390
75266001,3387
75268001,3390
75270000,3394
75272000,3393
75274000,3390
75276000,3385
75278000,3391
75280001,3392
75282000,3391
75284001,3392
75286001,3394
75288000,3391
75290000,3391
75292000,3397
75294000,3392
75296000,3391
75298001,3392
75300000,3390
75302001,3390
75304001,3391
75306001,3391
75308000,3392
75310000,3394
75312000,3392
75314000,3390
75316000,3391
75318001,3395
75320001,3392
75322000,3389
75324001,3392
75326000,3390
75328000,3392
75330001,3390
75332001,3390
75334000,3392
75336000,3392
75338000,3381
75340000,3392
75342000,3389
75344000,3392
75346000,3392
75348001,3391
75350000,3391
75352000,3391
75354000,3389
75356000,3393
75358000,3390
75360000,3390
75362000,3392
75364001,3392
75366000,3393
75368000,3390
75370001,3392
75372000,3388
75374001,3396
75376001,3389
75378001,3391
75380001,3392
75382001,3392
75384000,3394
75386001,3395
75388001,3392
75390000,3390
75392000,3390
75394000,3393
75396000,3378
75398000,3391
75400001,3391
75402001,3391
75404000,3392
75406001,3390
75408001,3395
75410001,3391
75412000,3391
75414001,3393
75416001,3391
75418000,3376
75420001,3392
75422001,3391
75424001,3391
75426001,3392
75428000,3392
75430001,3391
75432000,3391
75434001,3443
75436000,3392
75438000,3389
75440000,3392
75442001,3392
75444000,3393
75446001,3393
75448000,3392
75450001,3389
75452000,3391
75454001,3392
75456001,3392
75458001,3390
75460000,3392
75462000,3390
75464000,3394
75466000,3391
75468000,3393
75470000,3392
75472000,3387
75474000,3387
75476000,3389
75478000,3394
75480000,3391
75482000,3397
75484000,3400
75486001,3388
75488000,3393
75490001,3398
75492000,3405
75494001,3392
75496001,3392
75498000,3393
75500000,3390
75502000,3391
75504001,3392
75506000,3387
75508000,3391
75510000,3391
75512000,3392
75514000,3394
75516000,3391
75518000,3389
75520000,3394
75522001,3391
75524000,3395
75526001,3392
75528000,3387
75530000,3392
75532001,3394
75534000,3391
75536001,3392
75538000,3393
75540001,3391
75542000,3392
75544001,3391
75546000,3392
75548001,3393
75550000,3390
75552000,3391
75554001,3387
75556000,3394
75558001,3393
75560000,3395
75562001,3389
75564001,3393
75566001,3391
75568000,3392
75570001,3391
75572000,3394
75574000,3392
75576000,3393
75578001,3398
75580001,3389
75582001,3408
75584000,3390
75586001,3392
75588001,3395
75590001,3392
75592001,3391
75594000,3393
75596001,3392
75598000,3392
75600001,3391
75602001,3392
75604001,3392
75606000,3394
75608001,3389
75610001,3389
75612000,3392
75614001,3386
75616000,3393
75618001,3394
75620001,3391
75622001,3372
75624001,3392
75626001,3392
75628000,3392
75630001,3392
75632000,3392
75634000,3391
75636000,3392
75638001,3392
75640001,3392
75642001,3394
75644001,3390
75646001,3389
75648000,3391
75650001,3392
75652000,3395
75654001,3387
75656000,3396
75658001,3392
75660000,3393
75662000,3392
75664001,3391
75666000,3387
75668000,3393
75670001,3395
75672000,3391
75674001,3391
75676000,3394
75678000,3392
75680000,3392
75682000,3392
75684000,3389
75686000,3398
75688001,3393
75690000,3392
75692001,3394
75694001,3395
75696000,3389
75698001,3393
75700000,3403
75702001,3395
75704001,3393
75706001,3395
75708001,3392
75710001,3390
75712000,3391
75714001,3392
75716001,3392
75718001,3393
75720000,3393
75722001,3391
75724000,3394
75726001,3388
75728000,3393
75730001,3391
75732000,3389
75734001,3392
75736000,3391
75738001,3391
75740001,3393
75742000,3391
75744000,3392
75746000,3390
75748000,3381
75750001,3388
75752000,3392
75754001,3392
75756000,3392
75758000,3394
75760000,3392
75762000,3392
75764000,3393
75766000,3390
75768000,3395
75770000,3392
75772000,3390
75774000,3391
75776001,3395
75778001,3392
75780001,3392
75782001,3390
75784000,3393
75786000,3394
75788000,3393
75790001,3391
75792001,3390
75794001,3390
75796001,3382
75798000,3391
75800001,3392
75802001,3393
75804001,3391
75806001,3395
75808000,3391
75810001,3393
75812001,3393
75814000,3389
75816001,3389
75818001,3393
75820000,3391
75822001,3392
75824001,3391
75826000,3391
75828001,3389
75830000,3392
75832000,3393
75834000,3392
75836000,3392
75838000,3392
75840000,3391
75842000,3391
75844000,3391
75846000,3387
75848000,3393
75850000,3392
75852000,3395
75854000,3392
75856000,3391
75858000,3393
75860001,3392
75862000,3391
75864000,3391
75866000,3393
75868000,3393
75870000,3392
75872000,3389
75874000,3401
75876001,3392
75878000,3396
75880001,3388
75882000,3390
75884000,3393
75886001,3391
75888001,3397
75890000,3391
75892000,3390
75894001,3392
75896000,3395
75898000,3392
75900000,3391
75902000,3394
75904000,3391
75906001,3393
75908000,3392
75910000,3392
75912001,3392
75914000,3391
75916001,3389
75918000,3398
75920000,3391
75922000,3391
75924000,3391
75926001,3392
75928000,3391
75930000,3390
75932000,3392
75934001,3394
75936001,3393
75938001,3392
75940001,3391
75942000,3390
75944001,3397
75946000,3389
75948001,3393
75950000,3394
75952001,3393
75954000,3392
75956001,3393
75958001,3386
75960001,3392
75962000,3393
75964001,3392
75966000,3391
75968001,3389
75970000,3391
75972001,3390
75974000,3388
75976000,3392
75978001,3392
75980001,3394
75982000,3394
75984001,3393
75986001,3393
75988000,3393
75990001,3391
75992001,3395
75994000,3392
75996000,3394
75998000,3392
76000001,3395
76002001,3392
76004001,3397
76006001,3393
76008001,3392
76010000,3393
76012000,3392
76014000,3393
76016001,3391
76018000,3393
76020001,3391
76022000,3394
76024000,3389
76026000,3390
76028000,3392
76030000,3392
76032000,3391
76034001,3394
76036001,3392
76038000,3393
76040001,3390
76042001,3389
76044000,3395
76046000,3392
76048000,3391
76050000,3389
76052000,3393
76054000,3392
76056000,3393
76058000,3392
76060001,3389
76062000,3391
76064000,3393
76066000,3389
76068000,3391
76070001,3395
76072000,3390
76074000,3392
76076000,3391
76078001,3392
76080000,3395
76082000,3392
76084000,3394
76086000,3392
76088001,3392
76090000,3392
76092001,3389
76094000,3376
76096000,3390
76098001,3395
76100000,3394
76102001,3394
76104001,3392
76106000,3392
76108001,3392
76110001,3394
76112001,3394
76114001,3392
76116001,3387
76118000,3390
76120001,3391
76122001,3390
76124001,3393
76126001,3392
76128000,3395
76130001,3392
76132000,3392
76134001,3393
76136000,3392
76138000,3393
76140000,3392
76142000,3390
76144001,3392
76146001,3389
76148000,3391
76150001,3390
76152000,3383
76154001,3392
76156000,3391
76158000,3389
76160000,3385
76162001,3392
76164000,3392
76166001,3393
76168000,3392
76170000,3391
76172001,3391
76174001,3393
76176000,3391
76178001,3389
76180000,3392
76182001,3391
76184001,3393
76186001,3390
76188000,3390
76190001,3397
76192000,3391
76194000,3393
76196000,3391
76198000,3394
76200000,3392
76202000,3396
76204000,3393
76206001,3390
76208000,3392
76210001,3390
76212000,3393
76214001,3391
76216001,3392
76218000,3395
76220000,3391
76222000,3391
76224000,3392
76226001,3392
76228001,3389
76230000,3387
76232001,3391
76234001,3392
76236000,3392
76238001,3392
76240000,3394
76242001,3390
76244001,3392
76246001,3389
76248000,3391
76250000,3387
76252000,3394
76254000,3391
76256000,3393
76258001,3392
76260000,3394
76262000,3393
76264000,3394
76266000,3392
76268000,3394
76270001,3389
76272000,3392
76274001,3393
76276000,3393
76278000,3389
76280000,3395
76282000,3392
76284000,3391
76286000,3391
76288000,3391
76290000,3393
76292000,3391
76294000,3391
76296000,3389
76298000,3388
76300001,3389
76302000,3387
76304001,3385
76306001,3391
76308001,3393
76310001,3387
76312001,3390
76314000,3387
76316000,3392
76318000,3385
76320000,3383
76322000,3389
76324001,3391
76326000,3393
76328001,3393
76330001,3391
76332001,3391
76334001,3392
76336001,3391
76338001,3392
76340000,3391
76342001,3392
76344001,3390
76346001,3391
76348001,3393
76350001,3392
76352000,3391
76354000,3382
76356001,3392
76358000,3391
76360000,3393
76362001,3391
76364001,3393
76366001,3392
76368001,3394
76370001,3395
76372001,3390
76374001,3390
76376001,3393
76378001,3394
76380000,3391
76382001,3392
76384000,3392
76386000,3391
76388001,3390
76390001,3392
76392001,3391
76394001,3391
76396001,3392
76398000,3394
76400001,3392
76402000,3392
76404001,3392
76406001,3392
76408000,3380
76410000,3392
76412001,3394
76414000,3386
76416001,3391
76418001,3388
76420001,3393
76422000,3388
76424001,3391
76426000,3391
76428001,3390
76430000,3390
76432001,3391
76434000,3391
76436001,3393
76438001,3388
76440000,3390
76442000,3391
76444001,3391
76446001,3389
76448001,3387
76450000,3389
76452001,3389
76454000,3389
76456001,3382
76458001,3392
76460001,3391
76462000,3392
76464001,3391
76466001,3389
76468001,3391
76470000,3391
76472001,3393
76474001,3392
76476000,3392
76478001,3387
76480000,3391
76482001,3393
76484001,3394
76486001,3387
76488001,3389
76490000,3389
76492001,3390
76494001,3393
76496000,3389
76498001,3391
76500001,3388
76502001,3393
76504001,3390
76506000,3403
76508001,3392
76510000,3383
76512000,3389
76514000,3389
76516000,3393
76518000,3389
76520000,3389
76522000,3391
76524000,3389
76526001,3390
76528000,3395
76530001,3387
76532000,3393
76534000,3391
76536001,3389
76538001,3392
76540001,3391
76542001,3387
76544001,3393
76546000,3391
76548001,3392
76550001,3392
76552000,3389
76554000,3393
76556000,3392
76558000,3391
76560001,3393
76562001,3395
76564000,3393
76566000,3392
76568001,3390
76570001,3394
76572000,3394
76574000,3390
76576001,3392
76578000,3387
76580001,3390
76582000,3380
76584001,3390
76586001,3392
76588001,3392
76590001,3393
76592001,3390
76594000,3392
76596001,3391
76598001,3393
76600001,3386
76602001,3390
76604001,3393
76606001,3381
76608001,3391
76610000,3389
76612000,3382
76614000,3391
76616000,3367
76618000,3392
76620001,3393
76622001,3391
76624000,3419
76626000,3393
76628000,3392
76630001,3392
76632000,3418
76634001,3389
76636001,3392
76638000,3428
76640000,3440
76642000,3391
76644000,3389
76646000,3452
76648001,3447
76650001,3387
76652001,3391
76654001,3390
76656000,3391
76658000,3391
76660000,3391
76662000,3393
76664000,3375
76666001,3390
76668000,3391
76670000,3392
76672001,3390
76674000,3390
76676000,3391
76678000,3392
76680000,3392
76682001,3393
76684001,3389
76686000,3392
76688000,3379
76690001,3391
76692001,3391
76694001,3389
76696001,3393
76698000,3392
76700000,3393
76702000,3394
76704000,3391
76706001,3391
76708000,3407
76710000,3374
76712000,3390
76714000,3392
76716000,3391
76718000,3393
76720000,3391
76722000,3389
76724000,3388
76726001,3394
76728001,3414
76730001,3391
76732000,3392
76734000,3390
76736000,3361
76738000,3393
76740000,3424
76742000,3401
76744001,3391
76746001,3390
76748000,3397
76750001,3392
76752000,3392
76754001,3344
76756000,3392
76758001,3391
76760001,3394
76762000,3390
76764000,3391
76766000,3392
76768000,3389
76770001,3393
76772001,3391
76774000,3391
76776001,3394
76778000,3391
76780000,3391
76782001,3390
76784000,3399
76786001,3393
76788000,3393
76790001,3393
76792001,3389
76794001,3387
76796000,3389
76798000,3391
76800000,3390
76802000,3392
76804000,3393
76806000,3392
76808001,3393
76810000,3390
76812001,3390
76814000,3391
76816001,3391
76818000,3392
76820001,3391
76822000,3390
76824000,3389
76826000,3391
76828001,3393
76830000,3391
76832000,3404
76834001,3393
76836000,3391
76838001,3391
76840001,3389
76842000,3392
76844001,3393
76846000,3395
76848000,3391
76850000,3394
76852001,3392
76854000,3391
76856000,3390
76858000,3390
76860000,3350
76862000,3392
76864001,3421
76866000,3388
76868001,3391
76870000,3392
76872001,3393
76874001,3389
76876001,3393
76878000,3392
76880000,3393
76882001,3393
76884000,3384
76886000,3389
76888000,3395
76890001,3399
76892000,3390
76894001,3394
76896000,3390
76898001,3391
76900001,3393
76902000,3391
76904001,3395
76906000,3392
76908000,3392
76910000,3389
76912001,3390
76914000,3387
76916000,3389
76918001,3395
76920000,3392
76922000,3388
76924000,3391
76926000,3391
76928000,3389
76930000,3392
76932000,3391
76934001,3391
76936000,3385
76938000,3391
76940000,3395
76942001,3389
76944001,3390
76946000,3392
76948000,3391
76950000,3376
76952000,3392
76954000,3392
76956000,3394
76958001,3390
76960000,3392
76962001,3387
76964001,3391
76966000,3391
76968001,3366
76970000,3390
76972001,3392
76974000,3399
76976001,3382
76978001,3393
76980000,3389
76982000,3388
76984001,3390
76986001,3389
76988001,3399
76990000,3393
76992000,3391
76994000,3390
76996000,3392
76998000,3394
77000000,3391
77002001,3392
77004000,3393
77006001,3391
77008001,3389
77010000,3389
77012001,3394
77014001,3389
77016000,3389
77018001,3394
77020001,3393
77022000,3392
77024000,3392
77026000,3390
77028000,3390
77030000,3392
77032000,3392
77034000,3395
77036000,3392
77038000,3392
77040000,3392
77042000,3391
77044000,3391
77046000,3395
77048000,3392
77050000,3421
77052000,3393
77054000,3394
77056000,3392
77058001,3394
77060000,3391
77062000,3392
77064001,3391
77066000,3393
77068000,3395
77070000,3389
77072000,3393
77074001,3392
77076000,3392
77078001,3395
77080001,3390
77082000,3392
77084001,3393
77086000,3394
77088000,3390
77090000,3395
77092000,3391
77094000,3389
77096000,3393
77098000,3395
77100000,3393
77102000,3393
77104000,3391
77106000,3394
77108000,3391
77110000,3390
77112000,3391
77114001,3391
77116001,3393
77118001,3387
77120001,3392
77122001,3394
77124001,3394
77126000,3394
77128001,3392
77130001,3391
77132000,3390
77134000,3393
77136000,3393
77138000,3393
77140000,3393
77142000,3394
77144000,3393
77146000,3392
77148000,3392
77150000,3392
77152000,3393
77154000,3392
77156001,3393
77158000,3397
77160001,3391
77162000,3394
77164001,3395
77166000,3395
77168000,3391
77170000,3392
77172000,3392
77174000,3392
77176000,3389
77178000,3392
77180000,3393
77182000,3392
77184000,3390
77186000,3390
77188000,3393
77190000,3391
77192000,3389
77194001,3395
77196000,3391
77198001,3397
77200001,3392
77202000,3391
77204000,3390
77206000,3394
77208000,3393
77210000,3393
77212000,3396
77214000,3392
77216000,3390
77218000,3390
77220000,3387
77222000,3395
77224001,3395
77226001,3392
77228001,3393
77230000,3397
77232000,3360
77234000,3420
77236000,3386
77238000,3360
77240000,3377
77242001,3371
77244000,3392
77246000,3408
77248001,3397
77250000,3377
77252001,3395
77254000,3370
77256000,3440
77258000,3376
77260000,3423
77262000,3429
77264000,3389
77266000,3355
77268000,3313
77270000,3392
77272000,3405
77274000,3376
77276000,3264
77278000,3395
77280000,3381
77282000,3378
77284000,3376
77286000,3395
77288000,3387
77290000,3418
77292000,3409
77294000,3395
77296000,3393
77298000,3396
77300000,3392
77302000,3408
77304000,3397
77306000,3389
77308001,3395
77310000,3392
77312001,3394
77314000,3361
77316001,3394
77318000,3445
77320001,3396
77322000,3381
77324000,3375
77326000,3397
77328000,3391
77330000,3426
77332000,3390
77334000,3389
77336000,3379
77338000,3376
77340000,3439
77342000,3392
77344000,3392
77346000,3373
77348000,3415
77350000,3429
77352000,3399
77354000,3414
77356000,3391
77358000,3367
77360000,3394
77362000,3374
77364000,3443
77366000,3344
77368001,3393
77370001,3421
77372000,3470
77374001,3437
77376000,3381
77378001,3375
77380001,3390
77382000,3381
77384001,3442
77386000,3395
77388001,3447
77390001,3387
77392001,3462
77394001,3376
77396000,3393
77398000,3361
77400000,3393
77402000,3393
77404000,3391
77406000,3395
77408000,3393
77410000,3391
77412000,3390
77414001,3398
77416000,3392
77418000,3378
77420000,3391
77422000,3405
77424000,3397
77426000,3392
77428000,3395
77430001,3389
77432001,3389
77434000,3391
77436001,3389
77438001,3391
77440000,3392
77442001,3383
77444000,3393
77446001,3392
77448000,3397
77450000,3392
77452000,3392
77454001,3396
77456001,3393
77458001,3394
77460000,3397
77462001,3406
77464000,3393
77466001,3397
77468000,3392
77470000,3391
77472000,3392
77474001,3355
77476001,3389
77478001,3391
77480000,3392
77482001,3395
77484001,3390
77486000,3392
77488001,3387
77490001,3383
77492000,3394
77494001,3390
77496000,3391
77498000,3387
77500001,3393
77502000,3392
77504000,3392
77506000,3405
77508000,3391
77510000,3401
77512000,3394
77514000,3395
77516001,3392
77518000,3389
77520001,3393
77522001,3391
77524000,3391
77526000,3393
77528000,3392
77530000,3392
77532000,3394
77534000,3391
77536001,3390
77538000,3397
77540001,3392
77542000,3391
77544000,3393
77546001,3393
77548001,3394
77550000,3391
77552000,3393
77554000,3397
77556000,3397
77558000,3389
77560001,3398
77562000,3396
77564000,3391
77566001,3391
77568000,3394
77570000,3397
77572001,3392
77574000,3392
77576001,3389
77578000,3394
77580001,3394
77582001,3394
77584000,3394
77586000,3396
77588000,3392
77590000,3395
77592001,3392
77594000,3390
77596000,3398
77598000,3391
77600000,3393
77602000,3391
77604000,3395
77606000,3394
77608000,3392
77610000,3388
77612000,3390
77614000,3397
77616000,3392
77618000,3391
77620000,3391
77622000,3393
77624000,3397
77626001,3392
77628001,3397
77630000,3394
77632001,3395
77634000,3389
77636000,3398
77638000,3385
77640000,3395
77642000,3392
77644000,3383
77646000,3393
77648000,3390
77650000,3389
77652000,3392
77654000,3393
77656000,3390
77658000,3390
77660000,3393
77662000,3392
77664001,3393
77666000,3392
77668001,3392
77670001,3390
77672001,3392
77674000,3390
77676001,3396
77678001,3395
77680000,3393
77682000,3393
77684000,3393
77686000,3391
77688001,3387
77690001,3389
77692000,3395
77694000,3394
77696001,3390
77698001,3398
77700000,3392
77702001,3392
77704000,3397
77706000,3395
77708000,3399
77710000,3392
77712000,3391
77714000,3393
77716000,3390
77718000,3389
77720000,3389
77722000,3397
77724001,3403
77726000,3395
77728000,3393
77730000,3391
77732000,3393
77734000,3399
77736000,3389
77738000,3386
77740000,3391
77742000,3394
77744000,3390
77746000,3397
77748001,3395
77750000,3391
77752001,3394
77754001,3393
77756001,3394
77758000,3392
77760001,3405
77762000,3393
77764000,3395
77766000,3394
77768001,3390
77770000,3393
77772000,3391
77774000,3390
77776000,3395
77778000,3394
77780000,3395
77782000,3394
77784000,3393
77786000,3389
77788000,3391
77790000,3391
77792000,3390
77794001,3393
77796000,3392
77798001,3392
77800000,3392
77802001,3395
77804000,3394
77806001,3392
77808000,3391
77810000,3391
77812001,3392
77814000,3391
77816001,3392
77818000,3391
77820001,3392
77822000,3392
77824001,3398
77826000,3394
77828000,3398
77830000,3401
77832001,3391
77834001,3393
77836000,3395
77838001,3392
77840000,3394
77842001,3391
77844001,3393
77846000,3393
77848000,3392
77850001,3393
77852000,3392
77854000,3395
77856000,3390
77858000,3393
77860001,3392
77862001,3391
77864000,3391
77866001,3393
77868001,3392
77870000,3393
77872001,3391
77874001,3394
77876000,3392
77878001,3395
77880000,3391
77882001,3391
77884000,3395
77886000,3393
77888001,3391
77890000,3393
77892001,3393
77894000,3375
77896001,3392
77898001,3395
77900001,3392
77902001,3392
77904000,3391
77906001,3391
77908001,3396
77910001,3395
77912000,3395
77914000,3393
77916000,3387
77918000,3394
77920000,3391
77922001,3395
77924001,3390
77926000,3393
77928000,3394
77930001,3393
77932001,3397
77934000,3393
77936000,3393
77938001,3395
77940000,3392
77942000,3394
77944000,3394
77946000,3392
77948001,3398
77950000,3392
77952000,3392
77954000,3391
77956001,3393
77958000,3393
77960000,3392
77962000,3396
77964001,3389
77966000,3394
77968001,3391
77970000,3397
77972001,3393
77974000,3395
77976001,3392
77978001,3392
77980000,3394
77982001,3393
77984001,3392
77986001,3391
77988001,3391
77990001,3396
77992001,3391
77994000,3392
77996001,3396
77998000,3393
78000001,3394
78002000,3392
78004001,3391
78006001,3391
78008000,3392
78010000,3394
78012000,3393
78014001,3392
78016000,3391
78018000,3393
78020000,3390
78022000,3393
78024000,3394
78026001,3394
78028000,3389
78030000,3392
78032001,3391
78034000,3392
78036001,3392
78038000,3398
78040001,3398
78042000,3393
78044001,3389
78046000,3392
78048001,3395
78050001,3392
78052001,3392
78054000,3393
78056001,3394
78058001,3397
78060001,3395
78062001,3394
78064001,3393
78066000,3395
78068000,3392
78070000,3394
78072001,3392
78074000,3394
78076000,3391
78078000,3392
78080000,3399
78082000,3393
78084000,3391
78086001,3395
78088000,3391
78090001,3394
78092000,3390
78094000,3399
78096000,3392
78098000,3391
78100001,3393
78102001,3392
78104001,3395
78106000,3393
78108000,3391
78110001,3393
78112000,3392
78114000,3394
78116001,3395
78118000,3390
78120000,3392
78122000,3393
78124001,3392
78126000,3392
78128000,3389
78130000,3404
78132000,3391
78134000,3392
78136000,3391
78138001,3393
78140000,3395
78142000,3393
78144000,3396
78146000,3394
78148001,3392
78150001,3392
78152000,3398
78154001,3395
78156000,3392
78158001,3393
78160000,3392
78162001,3389
78164000,3378
78166000,3394
78168000,3391
78170000,3392
78172000,3394
78174000,3392
78176001,3393
78178001,3391
78180000,3393
78182000,3392
78184000,3392
78186000,3395
78188000,3396
78190001,3395
78192001,3393
78194000,3391
78196001,3391
78198000,3395
78200001,3394
78202000,3391
78204000,3399
78206001,3396
78208001,3393
78210001,3391
78212000,3395
78214000,3395
78216000,3387
78218000,3395
78220000,3393
78222000,3395
78224001,3392
78226000,3392
78228001,3393
78230000,3393
78232001,3393
78234000,3392
78236001,3392
78238001,3393
78240000,3394
78242000,3394
78244000,3394
78246000,3390
78248001,3394
78250000,3394
78252000,3387
78254000,3391
78256000,3392
78258001,3390
78260000,3394
78262001,3393
78264001,3392
78266000,3390
78268001,3394
78270000,3392
78272000,3392
78274000,3392
78276000,3393
78278000,3391
78280000,3393
78282000,3390
78284000,3392
78286000,3395
78288001,3392
78290001,3393
78292000,3393
78294000,3390
78296000,3390
78298000,3394
78300000,3391
78302001,3396
78304001,3378
78306000,3388
78308001,3391
78310001,3394
78312000,3389
78314001,3398
78316001,3393
78318001,3399
78320000,3393
78322000,3392
78324000,3390
78326000,3395
78328000,3394
78330001,3391
78332001,3392
78334000,3392
78336001,3394
78338001,3392
78340000,3393
78342001,3394
78344000,3393
78346000,3395
78348001,3394
78350001,3391
78352001,3397
78354000,3393
78356001,3394
78358001,3393
78360001,3397
78362001,3395
78364001,3394
78366001,3395
78368001,3390
78370000,3391
78372000,3393
78374000,3391
78376000,3393
78378000,3390
78380001,3394
78382000,3391
78384000,3392
78386001,3391
78388000,3392
78390001,3395
78392000,3391
78394001,3389
78396000,3395
78398000,3392
78400001,3394
78402000,3391
78404000,3394
78406001,3392
78408001,3395
78410000,3394
78412000,3394
78414000,3391
78416000,3394
78418000,3391
78420000,3394
78422001,3392
78424000,3392
78426000,3393
78428001,3391
78430000,3391
78432000,3393
78434000,3393
78436001,3376
78438000,3395
78440001,3391
78442001,3391
78444001,3393
78446000,3394
78448001,3393
78450000,3396
78452001,3392
78454000,3391
78456001,3391
78458001,3391
78460001,3393
78462001,3394
78464001,3393
78466000,3395
78468000,3392
78470000,3392
78472000,3394
78474000,3383
78476000,3391
78478000,3397
78480001,3392
78482001,3395
78484000,3393
78486000,3394
78488001,3397
78490000,3395
78492001,3395
78494001,3391
78496001,3397
78498000,3393
78500001,3406
78502000,3393
78504001,3395
78506001,3393
78508000,3397
78510000,3396
78512001,3398
78514000,3405
78516001,3392
78518001,3391
78520001,3396
78522001,3393
78524000,3392
78526000,3394
78528000,3392
78530000,3393
78532000,3391
78534001,3394
78536001,3395
78538001,3394
78540001,3391
78542000,3395
78544000,3392
78546001,3395
78548000,3399
78550000,3394
78552000,3396
78554001,3393
78556000,3394
78558001,3389
78560000,3392
78562000,3391
78564000,3392
78566000,3395
78568000,3399
78570000,3387
78572000,3393
78574000,3396
78576000,3394
78578000,3389
78580000,3392
78582000,3399
78584000,3395
78586000,3394
78588000,3392
78590000,3394
78592000,3393
78594000,3396
78596000,3392
78598000,3393
78600000,3391
78602000,3391
78604000,3391
78606000,3393
78608001,3392
78610001,3393
78612000,3393
78614001,3392
78616000,3392
78618000,3392
78620001,3395
78622000,3393
78624001,3394
78626001,3397
78628000,3394
78630000,3395
78632001,3395
78634001,3396
78636001,3392
78638001,3402
78640000,3394
78642000,3392
78644000,3395
78646000,3387
78648001,3392
78650001,3393
78652000,3395
78654000,3394
78656000,3392
78658000,3395
78660000,3391
78662001,3393
78664000,3396
78666001,3392
78668000,3393
78670001,3392
78672001,3395
78674001,3392
78676000,3394
78678000,3393
78680000,3397
78682000,3392
78684000,3391
78686001,3393
78688000,3391
78690001,3393
78692001,3397
78694000,3394
78696001,3398
78698001,3393
78700000,3399
78702000,3393
78704000,3392
78706000,3391
78708001,3393
78710000,3391
78712000,3392
78714000,3399
78716000,3395
78718000,3390
78720000,3402
78722000,3396
78724000,3392
78726001,3398
78728000,3393
78730000,3394
78732000,3397
78734000,3392
78736001,3393
78738001,3393
78740000,3394
78742001,3394
78744001,3394
78746001,3394
78748000,3394
78750000,3393
78752000,3391
78754001,3396
78756001,3393
78758001,3395
78760000,3395
78762001,3399
78764000,3394
78766001,3393
78768001,3394
78770000,3392
78772001,3391
78774000,3392
78776001,3395
78778000,3392
78780001,3393
78782000,3392
78784001,3386
78786000,3396
78788001,3395
78790000,3393
78792001,3392
78794000,3392
78796001,3397
78798000,3394
78800000,3392
78802000,3394
78804000,3397
78806000,3395
78808000,3393
78810001,3388
78812001,3392
78814000,3392
78816000,3394
78818000,3392
78820000,3393
78822000,3392
78824000,3392
78826000,3394
78828000,3394
78830000,3395
78832000,3391
78834000,3394
78836001,3391
78838000,3395
78840000,3395
78842000,3393
78844001,3394
78846001,3395
78848000,3393
78850000,3395
78852000,3393
78854000,3397
78856000,3392
78858001,3393
78860001,3394
78862001,3392
78864001,3392
78866001,3391
78868000,3406
78870000,3393
78872000,3393
78874000,3394
78876000,3392
78878001,3395
78880000,3391
78882001,3392
78884001,3394
78886000,3393
78888001,3394
78890000,3397
78892000,3393
78894001,3392
78896000,3392
78898001,3392
78900001,3395
78902000,3399
78904001,3391
78906001,3393
78908000,3392
78910000,3398
78912000,3395
78914001,3392
78916001,3393
78918000,3392
78920001,3394
78922001,3394
78924001,3394
78926000,3397
78928000,3392
78930000,3397
78932000,3394
78934000,3392
78936000,3390
78938000,3395
78940000,3395
78942000,3390
78944000,3391
78946000,3393
78948000,3396
78950000,3392
78952000,3393
78954000,3395
78956001,3398
78958000,3394
78960001,3395
78962000,3392
78964000,3393
78966000,3395
78968000,3393
78970001,3394
78972001,3392
78974001,3394
78976001,3395
78978000,3394
78980001,3393
78982001,3397
78984001,3386
78986000,3386
78988001,3392
78990001,3395
78992000,3393
78994001,3395
78996001,3393
78998000,3393
79000001,3392
79002001,3393
79004001,3393
79006000,3395
79008001,3392
79010001,3395
79012000,3392
79014001,3393
79016001,3393
79018000,3392
79020001,3393
79022000,3397
79024000,3390
79026000,3400
79028001,3393
79030000,3392
79032000,3397
79034000,3394
79036000,3393
79038000,3392
79040000,3394
79042001,3391
79044001,3394
79046001,3393
79048001,3397
79050001,3395
79052000,3394
79054000,3392
79056000,3391
79058000,3391
79060001,3391
79062001,3393
79064000,3391
79066001,3391
79068000,3395
79070000,3394
79072000,3395
79074000,3393
79076000,3386
79078000,3392
79080000,3392
79082001,3396
79084000,3397
79086000,3392
79088000,3393
79090000,3396
79092000,3393
79094001,3393
79096000,3392
79098001,3394
79100000,3390
79102001,3393
79104000,3393
79106001,3398
79108001,3390
79110000,3393
79112000,3390
79114000,3389
79116000,3395
79118000,3394
79120000,3391
79122000,3394
79124000,3391
79126000,3394
79128000,3397
79130000,3393
79132000,3396
79134000,3391
79136000,3398
79138000,3397
79140000,3392
79142000,3395
79144000,3394
79146000,3392
79148000,3392
79150000,3394
79152000,3393
79154000,3393
79156000,3394
79158000,3392
79160000,3381
79162000,3396
79164000,3389
79166000,3393
79168000,3393
79170000,3393
79172000,3392
79174000,3394
79176000,3392
79178000,3395
79180000,3393
79182000,3393
79184000,3397
79186000,3395
79188001,3393
79190000,3392
79192000,3392
79194000,3393
79196001,3392
79198000,3393
79200001,3396
79202000,3393
79204000,3391
79206000,3393
79208000,3392
79210000,3392
79212000,3390
79214000,3395
79216001,3392
79218000,3394
79220001,3392
79222001,3393
79224001,3389
79226001,3391
79228000,3393
79230001,3394
79232001,3394
79234001,3392
79236001,3392
79238000,3393
79240001,3397
79242000,3398
79244001,3394
79246000,3397
79248001,3394
79250000,3403
79252000,3393
79254000,3390
79256000,3391
79258001,3392
79260000,3395
79262001,3399
79264000,3389
79266000,3394
79268000,3381
79270000,3395
79272000,3392
79274000,3393
79276000,3408
79278000,3392
79280000,3377
79282000,3392
79284000,3392
79286000,3397
79288000,3390
79290000,3394
79292001,3393
79294000,3396
79296001,3395
79298001,3395
79300000,3394
79302001,3396
79304001,3393
79306000,3393
79308001,3394
79310001,3338
79312001,3390
79314000,3394
79316001,3392
79318000,3409
79320000,3389
79322001,3393
79324000,3393
79326000,3395
79328001,3395
79330000,3397
79332000,3393
79334001,3407
79336001,3391
79338001,3393
79340000,3395
79342001,3395
79344001,3397
79346000,3393
79348001,3392
79350000,3393
79352000,3393
79354001,3395
79356000,3394
79358000,3399
79360000,3396
79362000,3393
79364000,3396
79366000,3393
79368000,3391
79370001,3395
79372001,3395
79374000,3393
79376000,3392
79378001,3395
79380000,3392
79382000,3392
79384000,3395
79386001,3390
79388001,3391
79390000,3392
79392000,3392
79394001,3397
79396000,3394
79398000,3395
79400000,3394
79402000,3395
79404000,3394
79406000,3395
79408000,3393
79410000,3394
79412000,3393
79414000,3395
79416000,3395
79418000,3395
79420000,3393
79422000,3393
79424000,3392
79426000,3398
79428000,3394
79430001,3397
79432001,3391
79434001,3393
79436001,3394
79438000,3395
79440001,3397
79442001,3398
79444001,3395
79446001,3395
79448001,3394
79450001,3398
79452000,3391
79454000,3395
79456000,3395
79458000,3393
79460001,3383
79462000,3399
79464000,3392
79466000,3393
79468000,3395
79470000,3395
79472000,3391
79474000,3392
79476000,3397
79478000,3398
79480001,3391
79482001,3394
79484000,3396
79486000,3391
79488000,3394
79490000,3395
79492001,3397
79494000,3398
79496000,3394
79498000,3393
79500001,3393
79502001,3391
79504001,3393
79506000,3393
79508000,3396
79510001,3392
79512000,3393
79514000,3393
79516001,3399
79518001,3393
79520000,3398
79522000,3395
79524000,3396
79526001,3396
79528000,3393
79530000,3394
79532000,3399
79534000,3393
79536000,3395
79538000,3393
79540000,3394
79542000,3393
79544000,3397
79546000,3391
79548000,3397
79550001,3394
79552000,3395
79554001,3398
79556000,3393
79558000,3395
79560000,3396
79562000,3396
79564000,3387
79566001,3394
79568001,3395
79570000,3395
79572000,3393
79574000,3393
79576000,3393
79578000,3393
79580000,3393
79582000,3393
79584000,3397
79586001,3393
79588001,3395
79590001,3395
79592001,3395
79594001,3395
79596001,3390
79598001,3398
79600001,3394
79602000,3394
79604000,3395
79606001,3398
79608000,3402
79610000,3401
79612000,3393
79614000,3398
79616000,3389
79618000,3393
79620000,3395
79622001,3396
79624001,3391
79626001,3393
79628000,3394
79630000,3395
79632000,3394
79634000,3393
79636000,3393
79638000,3394
79640000,3395
79642000,3391
79644000,3395
79646000,3397
79648000,3398
79650000,3393
79652000,3392
79654000,3395
79656000,3394
79658000,3396
79660000,3395
79662000,3394
79664000,3394
79666000,3395
79668001,3399
79670001,3394
79672000,3395
79674000,3394
79676000,3397
79678000,3399
79680000,3392
79682001,3394
79684000,3393
79686001,3395
79688001,3395
79690001,3395
79692001,3392
79694000,3396
79696001,3395
79698001,3399
79700001,3395
79702001,3393
79704000,3395
79706001,3391
79708000,3394
79710001,3394
79712001,3394
79714001,3393
79716000,3396
79718001,3394
79720000,3396
79722001,3395
79724000,3393
79726000,3392
79728000,3393
79730001,3393
79732000,3393
79734000,3398
79736000,3394
79738001,3393
79740001,3395
79742001,3396
79744000,3402
79746001,3397
79748000,3396
79750000,3395
79752000,3397
79754001,3398
79756000,3379
79758001,3393
79760000,3394
79762000,3369
79764001,3394
79766000,3400
79768001,3398
79770001,3396
79772000,3366
79774001,3398
79776001,3399
79778001,3394
79780000,3396
79782000,3392
79784000,3379
79786000,3381
79788000,3396
79790000,3383
79792000,3393
79794000,3391
79796001,3386
79798000,3385
79800001,3397
79802001,3424
79804000,3392
79806000,3411
79808000,3440
79810000,3405
79812000,3470
79814000,3407
79816001,3403
79818000,3443
79820000,3367
79822000,3494
79824000,3392
79826000,3376
79828000,3376
79830000,3441
79832000,3408
79834001,3407
79836001,3410
79838001,3426
79840000,3423
79842001,3389
79844001,3367
79846001,3391
79848000,3434
79850001,3429
79852001,3398
79854000,3426
79856001,3387
79858001,3406
79860001,3387
79862001,3395
79864000,3398
79866001,3392
79868000,3416
79870000,3417
79872001,3404
79874000,3344
79876001,3397
79878000,3388
79880001,3395
79882000,3374
79884000,3363
79886000,3373
79888000,3323
79890000,3373
79892000,3425
79894000,3399
79896000,3387
79898000,3376
79900000,3424
79902000,3402
79904000,3386
79906000,3421
79908000,3415
79910000,3442
79912000,3378
79914000,3463
79916001,3393
79918000,3356
79920000,3399
79922000,3342
79924000,3431
79926000,3370
79928000,3418
79930001,3415
79932001,3405
79934000,3394
79936001,3423
79938001,3394
79940000,3392
79942001,3393
79944000,3397
79946001,3370
79948000,3399
79950001,3386
79952000,3388
79954001,3373
79956001,3383
79958001,3403
79960001,3377
79962001,3341
79964000,3405
79966001,3362
79968000,3399
79970001,3424
79972000,3367
79974001,3392
79976001,3382
79978001,3392
79980000,3397
79982000,3395
79984000,3400
79986000,3385
79988001,3392
79990000,3385
79992001,3392
79994000,3395
79996001,3408
79998001,3391
80000000,3347
80002000,3372
80004000,3388
80006000,3401
80008000,3408
80010000,3385
80012000,3393
80014001,3441
80016000,3395
80018001,3391
80020000,3387
80022001,3403
80024001,3438
80026000,3391
80028000,3394
80030001,3393
80032000,3398
80034001,3395
80036000,3394
80038000,3397
80040001,3395
80042001,3405
80044001,3395
80046000,3393
80048001,3393
80050000,3395
80052000,3392
80054000,3385
80056000,3393
80058000,3394
80060000,3394
80062000,3377
80064000,3380
80066000,3395
80068000,3388
80070000,3398
80072000,3387
80074000,3391
80076000,3393
80078000,3394
80080001,3397
80082000,3395
80084000,3387
80086000,3404
80088000,3396
80090000,3393
80092001,3404
80094000,3392
80096000,3391
80098000,3391
80100000,3395
80102001,3394
80104001,3392
80106001,3391
80108001,3391
80110000,3394
80112000,3399
80114001,3390
80116001,3397
80118000,3392
80120000,3388
80122000,3393
80124001,3391
80126000,3393
80128001,3395
80130001,3392
80132000,3397
80134001,3395
80136000,3394
80138001,3398
80140000,3395
80142001,3392
80144000,3397
80146000,3390
80148001,3392
80150001,3391
80152000,3382
80154001,3391
80156001,3399
80158000,3396
80160001,3395
80162000,3391
80164000,3394
80166001,3396
80168000,3393
80170001,3391
80172000,3391
80174001,3395
80176001,3402
80178001,3392
80180001,3391
80182001,3394
80184000,3392
80186001,3390
80188000,3392
80190001,3394
80192000,3392
80194000,3386
80196000,3395
80198000,3399
80200000,3399
80202000,3388
80204000,3397
80206000,3387
80208000,3383
80210000,3394
80212000,3394
80214000,3392
80216000,3393
80218000,3400
80220000,3393
80222000,3392
80224001,3397
80226000,3392
80228001,3392
80230001,3398
80232000,3397
80234001,3393
80236000,3386
80238000,3407
80240000,3392
80242001,3392
80244001,3391
80246001,3399
80248000,3393
80250001,3397
80252000,3397
80254001,3394
80256001,3395
80258000,3393
80260000,3395
80262000,3401
80264000,3396
80266000,3396
80268000,3393
80270000,3393
80272001,3406
80274001,3390
80276001,3393
80278001,3401
80280001,3395
80282001,3398
80284001,3397
80286001,3397
80288001,3392
80290001,3398
80292000,3392
80294001,3392
80296001,3394
80298000,3397
80300001,3401
80302000,3397
80304000,3392
80306000,3395
80308001,3389
80310000,3395
80312000,3399
80314000,3396
80316001,3394
80318001,3392
80320000,3395
80322001,3393
80324000,3396
80326001,3392
80328000,3392
80330001,3395
80332000,3395
80334000,3397
80336001,3392
80338001,3394
80340000,3399
80342000,3398
80344000,3399
80346000,3401
80348000,3395
80350001,3391
80352000,3397
80354001,3399
80356000,3397
80358001,3393
80360000,3395
80362000,3394
80364000,3398
80366001,3397
80368000,3395
80370001,3396
80372000,3396
80374001,3397
80376000,3395
80378001,3394
80380000,3398
80382001,3398
80384000,3392
80386000,3397
80388001,3397
80390001,3394
80392001,3392
80394001,3399
80396001,3393
80398001,3392
80400000,3395
80402001,3391
80404000,3396
80406001,3395
80408000,3397
80410001,3394
80412001,3395
80414000,3396
80416001,3395
80418000,3398
80420001,3397
80422001,3394
80424001,3397
80426000,3392
80428000,3395
80430000,3392
80432000,3396
80434000,3396
80436000,3397
80438000,3397
80440000,3394
80442000,3394
80444000,3394
80446000,3394
80448000,3393
80450000,3395
80452000,3394
80454001,3394
80456000,3394
80458000,3394
80460001,3392
80462001,3385
80464000,3396
80466000,3395
80468001,3400
80470000,3396
80472001,3397
80474000,3395
80476000,3392
80478001,3389
80480001,3397
80482000,3395
80484001,3394
80486000,3393
80488000,3394
80490000,3392
80492000,3408
80494001,3395
80496001,3392
80498001,3392
80500000,3395
80502000,3391
80504001,3393
80506000,3400
80508001,3395
80510000,3394
80512000,3397
80514001,3394
80516001,3397
80518001,3393
80520001,3398
80522001,3393
80524001,3396
80526000,3395
80528000,3396
80530000,3398
80532000,3395
80534000,3392
80536001,3392
80538001,3393
80540001,3394
80542000,3392
80544000,3397
80546001,3392
80548001,3397
80550001,3394
80552001,3393
80554000,3397
80556001,3391
80558000,3398
80560001,3393
80562001,3394
80564000,3394
80566000,3394
80568000,3393
80570000,3395
80572000,3394
80574000,3392
80576001,3395
80578001,3393
80580001,3395
80582001,3394
80584000,3392
80586000,3393
80588001,3387
80590000,3395
80592000,3396
80594000,3397
80596000,3395
80598001,3394
80600000,3396
80602000,3391
80604000,3394
80606000,3396
80608000,3391
80610000,3394
80612001,3393
80614000,3391
80616001,3392
80618001,3396
80620001,3398
80622000,3402
80624000,3391
80626000,3393
80628001,3397
80630001,3392
80632001,3395
80634001,3399
80636000,3393
80638001,3395
80640001,3393
80642000,3395
80644001,3394
80646001,3396
80648001,3395
80650001,3397
80652001,3397
80654001,3394
80656001,3394
80658000,3395
80660001,3395
80662000,3407
80664001,3397
80666001,3393
80668000,3394
80670000,3395
80672000,3396
80674000,3391
80676001,3398
80678001,3392
80680000,3394
80682001,3395
80684000,3392
80686000,3392
80688000,3399
80690001,3397
80692001,3396
80694000,3395
80696001,3394
80698000,3396
80700000,3392
80702000,3398
80704000,3397
80706000,3402
80708000,3393
80710000,3397
80712000,3394
80714000,3393
80716000,3393
80718000,3395
80720000,3392
80722001,3394
80724000,3397
80726000,3392
80728000,3398
80730001,3399
80732000,3395
80734001,3394
80736001,3395
80738000,3393
80740000,3403
80742000,3391
80744000,3397
80746000,3395
80748000,3392
80750000,3398
80752000,3392
80754000,3392
80756001,3394
80758001,3393
80760001,3392
80762000,3393
80764001,3394
80766001,3396
80768001,3397
80770001,3393
80772001,3394
80774000,3397
80776000,3395
80778001,3405
80780000,3391
80782000,3395
80784000,3391
80786001,3394
80788001,3391
80790001,3394
80792000,3399
80794001,3395
80796000,3401
80798000,3390
80800001,3395
80802000,3393
80804000,3397
80806001,3395
80808001,3392
80810000,3375
80812000,3395
80814001,3393
80816001,3399
80818000,3399
80820001,3394
80822001,3393
80824001,3395
80826000,3395
80828001,3397
80830000,3393
80832001,3393
80834001,3395
80836001,3395
80838000,3397
80840000,3408
80842000,3396
80844000,3395
80846000,3399
80848000,3397
80850001,3393
80852000,3395
80854000,3397
80856000,3392
80858000,3395
80860000,3391
80862000,3393
80864000,3395
80866000,3395
80868000,3394
80870000,3393
80872000,3394
80874000,3397
80876001,3392
80878000,3397
80880001,3396
80882001,3394
80884000,3391
80886000,3393
80888001,3397
80890000,3397
80892001,3393
80894000,3392
80896001,3399
80898000,3396
80900000,3395
80902000,3397
80904000,3392
80906000,3397
80908000,3391
80910000,3397
80912000,3393
80914000,3393
80916001,3392
80918001,3392
80920000,3397
80922000,3394
80924000,3395
80926000,3401
80928000,3396
80930001,3398
80932000,3397
80934001,3402
80936001,3394
80938000,3394
80940001,3395
80942001,3395
80944001,3395
80946000,3393
80948000,3399
80950000,3392
80952000,3396
80954001,3393
80956000,3394
80958000,3394
80960000,3394
80962000,3397
80964000,3399
80966000,3395
80968001,3394
80970000,3395
80972000,3395
80974000,3393
80976000,3394
80978001,3395
80980001,3393
80982000,3392
80984000,3393
80986000,3392
80988000,3394
80990001,3395
80992001,3394
80994001,3391
80996001,3395
80998001,3390
81000001,3397
81002000,3389
81004000,3393
81006000,3396
81008000,3394
81010000,3398
81012000,3391
81014000,3394
81016000,3394
81018000,3390
81020000,3399
81022000,3395
81024000,3395
81026000,3397
81028000,3396
81030000,3399
81032000,3397
81034000,3395
81036000,3397
81038000,3395
81040000,3398
81042000,3391
81044000,3395
81046000,3395
81048000,3397
81050000,3395
81052000,3394
81054000,3395
81056000,3394
81058001,3393
81060000,3393
81062000,3394
81064000,3392
81066000,3397
81068000,3393
81070000,3393
81072000,3393
81074000,3399
81076000,3398
81078000,3396
81080000,3395
81082000,3393
81084000,3394
81086000,3391
81088000,3394
81090001,3391
81092000,3398
81094000,3394
81096000,3397
81098001,3398
81100001,3395
81102000,3394
81104001,3396
81106000,3395
81108000,3402
81110000,3389
81112000,3397
81114000,3393
81116000,3399
81118000,3396
81120001,3393
81122000,3393
81124001,3402
81126000,3397
81128000,3394
81130001,3395
81132000,3397
81134001,3393
81136001,3395
81138001,3398
81140001,3397
81142001,3391
81144001,3398
81146001,3395
81148001,3397
81150001,3394
81152001,3396
81154001,3391
81156001,3392
81158000,3389
81160000,3399
81162000,3394
81164000,3392
81166000,3393
81168000,3395
81170001,3393
81172001,3398
81174000,3397
81176000,3395
81178000,3394
81180000,3391
81182001,3392
81184001,3395
81186000,3394
81188001,3393
81190000,3395
81192001,3393
81194001,3392
81196000,3393
81198000,3394
81200001,3392
81202000,3399
81204001,3393
81206000,3398
81208001,3401
81210000,3397
81212000,3394
81214001,3398
81216000,3393
81218001,3395
81220001,3394
81222001,3391
81224001,3397
81226000,3395
81228000,3393
81230000,3397
81232001,3396
81234001,3394
81236000,3392
81238001,3392
81240001,3398
81242000,3393
81244001,3393
81246000,3395
81248000,3398
81250001,3397
81252001,3387
81254000,3395
81256000,3393
81258000,3391
81260000,3394
81262000,3396
81264000,3395
81266000,3399
81268000,3399
81270000,3392
81272000,3396
81274000,3394
81276000,3396
81278000,3398
81280000,3401
81282000,3397
81284000,3396
81286000,3393
81288000,3395
81290000,3395
81292000,3397
81294000,3390
81296000,3394
81298001,3391
81300000,3391
81302001,3395
81304000,3393
81306000,3391
81308001,3398
81310000,3396
81312000,3399
81314000,3393
81316000,3394
81318000,3397
81320000,3397
81322000,3398
81324000,3394
81326001,3396
81328000,3395
81330000,3395
81332000,3397
81334000,3395
81336001,3395
81338001,3391
81340001,3394
81342000,3394
81344001,3398
81346000,3393
81348000,3392
81350000,3397
81352000,3395
81354001,3395
81356000,3392
81358001,3395
81360000,3398
81362001,3386
81364000,3393
81366000,3399
81368001,3394
81370001,3394
81372000,3393
81374001,3393
81376000,3394
81378000,3397
81380001,3393
81382001,3394
81384000,3397
81386000,3397
81388001,3398
81390000,3397
81392000,3394
81394001,3396
81396001,3394
81398000,3402
81400001,3401
81402001,3397
81404001,3397
81406001,3397
81408000,3396
81410000,3392
81412001,3394
81414001,3397
81416000,3396
81418000,3396
81420001,3392
81422000,3397
81424000,3393
81426000,3394
81428000,3393
81430001,3392
81432001,3403
81434000,3394
81436000,3393
81438000,3398
81440001,3399
81442001,3397
81444000,3395
81446000,3395
81448000,3398
81450000,3394
81452001,3395
81454000,3395
81456000,3394
81458001,3392
81460001,3394
81462000,3395
81464001,3401
81466001,3395
81468001,3393
81470001,3394
81472000,3392
81474000,3399
81476000,3396
81478000,3390
81480000,3397
81482000,3394
81484000,3396
81486000,3393
81488000,3392
81490001,3394
81492000,3392
81494000,3394
81496001,3397
81498001,3395
81500000,3397
81502000,3397
81504000,3394
81506001,3393
81508000,3394
81510001,3395
81512001,3399
81514001,3394
81516000,3390
81518000,3393
81520000,3395
81522001,3395
81524001,3395
81526001,3397
81528001,3398
81530000,3395
81532001,3398
81534000,3395
81536000,3395
81538001,3401
81540000,3396
81542001,3398
81544001,3395
81546000,3392
81548001,3394
81550000,3397
81552001,3395
81554000,3395
81556000,3393
81558000,3398
81560000,3398
81562000,3394
81564000,3401
81566000,3397
81568000,3394
81570000,3396
81572000,3395
81574000,3396
81576000,3397
81578000,3397
81580000,3393
81582000,3395
81584001,3393
81586000,3395
81588000,3396
81590000,3395
81592000,3395
81594000,3398
81596000,3393
81598001,3394
81600001,3394
81602001,3396
81604000,3394
81606001,3396
81608001,3399
81610000,3392
81612000,3394
81614000,3392
81616001,3398
81618000,3392
81620001,3395
81622000,3392
81624000,3395
81626000,3399
81628000,3393
81630001,3393
81632001,3396
81634000,3396
81636001,3394
81638001,3393
81640000,3393
81642000,3399
81644001,3395
81646000,3394
81648000,3398
81650001,3392
81652000,3395
81654000,3397
81656000,3393
81658000,3399
81660000,3395
81662001,3392
81664001,3395
81666000,3399
81668000,3393
81670000,3399
81672000,3401
81674001,3398
81676001,3395
81678000,3394
81680001,3397
81682001,3395
81684001,3398
81686001,3395
81688000,3395
81690000,3395
81692000,3393
81694000,3398
81696001,3399
81698001,3392
81700000,3392
81702001,3394
81704000,3394
81706000,3399
81708000,3398
81710000,3399
81712000,3403
81714000,3398
81716001,3394
81718000,3394
81720000,3397
81722000,3397
81724000,3392
81726000,3392
81728000,3395
81730000,3393
81732001,3395
81734000,3398
81736001,3397
81738000,3395
81740000,3398
81742001,3395
81744001,3394
81746000,3393
81748000,3393
81750000,3398
81752000,3394
81754000,3393
81756000,3398
81758000,3397
81760000,3395
81762000,3398
81764000,3395
81766000,3394
81768000,3396
81770000,3394
81772000,3395
81774001,3398
81776000,3396
81778001,3391
81780001,3393
81782000,3391
81784001,3395
81786001,3394
81788000,3392
81790001,3397
81792000,3398
81794000,3393
81796000,3397
81798001,3397
81800000,3395
81802001,3397
81804000,3404
81806000,3395
81808000,3393
81810000,3394
81812000,3394
81814000,3397
81816000,3392
81818000,3396
81820001,3387
81822001,3397
81824000,3397
81826001,3397
81828000,3367
81830000,3395
81832000,3393
81834000,3395
81836000,3390
81838000,3398
81840000,3397
81842000,3398
81844000,3395
81846001,3398
81848000,3394
81850001,3398
81852000,3395
81854000,3395
81856000,3402
81858000,3397
81860000,3395
81862000,3394
81864001,3391
81866001,3397
81868000,3392
81870001,3392
81872001,3393
81874000,3395
81876000,3376
81878000,3376
81880000,3397
81882001,3397
81884001,3397
81886001,3394
81888000,3395
81890001,3398
81892000,3394
81894000,3397
81896001,3394
81898001,3396
81900000,3397
81902001,3393
81904001,3398
81906000,3397
81908001,3395
81910000,3395
81912001,3399
81914000,3396
81916001,3399
81918001,3394
81920000,3398
81922001,3392
81924001,3394
81926001,3393
81928001,3396
81930000,3398
81932000,3395
81934001,3398
81936001,3392
81938000,3395
81940001,3395
81942000,3398
81944000,3395
81946000,3408
81948000,3393
81950000,3392
81952000,3393
81954000,3398
81956000,3399
81958000,3396
81960000,3397
81962000,3351
81964001,3397
81966001,3422
81968000,3395
81970000,3392
81972001,3391
81974001,3396
81976000,3396
81978001,3395
81980001,3399
81982000,3396
81984000,3397
81986000,3395
81988001,3399
81990000,3399
81992001,3393
81994000,3394
81996000,3399
81998000,3395
82000001,3394
82002001,3401
82004000,3399
82006001,3399
82008001,3395
82010000,3398
82012000,3397
82014000,3397
82016000,3394
82018000,3395
82020000,3393
82022001,3392
82024001,3399
82026001,3398
82028001,3402
82030000,3394
82032001,3391
82034000,3393
82036000,3393
82038000,3395
82040001,3399
82042001,3395
82044001,3392
82046000,3395
82048000,3395
82050000,3399
82052000,3397
82054000,3399
82056000,3393
82058001,3395
82060000,3398
82062001,3397
82064000,3395
82066001,3398
82068000,3393
82070001,3395
82072001,3401
82074000,3398
82076000,3398
82078000,3394
82080001,3395
82082001,3399
82084000,3399
82086000,3402
82088000,3395
82090000,3395
82092001,3396
82094001,3396
82096000,3396
82098001,3397
82100000,3399
82102001,3392
82104001,3392
82106001,3397
82108001,3394
82110000,3397
82112001,3401
82114001,3395
82116001,3394
82118001,3391
82120000,3398
82122001,3397
82124001,3396
82126000,3395
82128001,3395
82130001,3394
82132001,3397
82134001,3395
82136001,3398
82138001,3395
82140001,3401
82142000,3399
82144000,3397
82146000,3392
82148000,3398
82150000,3396
82152000,3392
82154000,3394
82156000,3399
82158000,3394
82160000,3397
82162000,3397
82164001,3397
82166001,3392
82168000,3394
82170001,3396
82172000,3396
82174001,3398
82176000,3395
82178001,3399
82180001,3408
82182001,3395
82184000,3397
82186001,3394
82188001,3399
82190001,3401
82192001,3392
82194001,3394
82196001,3392
82198000,3397
82200000,3398
82202001,3394
82204000,3394
82206001,3393
82208000,3403
82210001,3395
82212000,3396
82214001,3394
82216000,3395
82218000,3393
82220001,3395
82222000,3398
82224000,3394
82226000,3395
82228001,3398
82230000,3398
82232001,3399
82234000,3395
82236001,3395
82238001,3392
82240000,3398
82242000,3394
82244000,3395
82246001,3394
82248000,3396
82250000,3392
82252000,3397
82254000,3392
82256000,3395
82258000,3394
82260000,3395
82262001,3393
82264001,3393
82266001,3397
82268000,3393
82270001,3395
82272001,3398
82274000,3398
82276000,3396
82278000,3401
82280000,3394
82282000,3399
82284000,3397
82286000,3398
82288000,3395
82290000,3398
82292000,3393
82294000,3389
82296001,3397
82298001,3401
82300000,3395
82302000,3399
82304000,3397
82306000,3392
82308000,3393
82310000,3392
82312000,3394
82314000,3399
82316000,3398
82318000,3395
82320000,3498
82322000,3408
82324000,3398
82326000,3395
82328000,3392
82330000,3394
82332001,3402
82334001,3393
82336000,3389
82338000,3408
82340000,3398
82342000,3394
82344000,3412
82346000,3407
82348000,3395
82350000,3497
82352001,3386
82354001,3442
82356000,3424
82358000,3366
82360001,3387
82362000,3405
82364001,3367
82366000,3395
82368001,3390
82370000,3391
82372001,3375
82374000,3390
82376001,3455
82378000,3403
82380001,3429
82382000,3397
82384001,3398
82386000,3395
82388001,3395
82390000,3389
82392000,3423
82394000,3396
82396000,3393
82398000,3393
82400000,3431
82402000,3346
82404000,3394
82406000,3385
82408001,3394
82410001,3413
82412000,3376
82414001,3397
82416000,3397
82418000,3401
82420000,3402
82422000,3389
82424000,3392
82426000,3387
82428000,3392
82430000,3376
82432000,3354
82434000,3418
82436000,3367
82438000,3411
82440000,3451
82442000,3396
82444001,3411
82446001,3360
82448001,3409
82450001,3381
82452000,3409
82454000,3362
82456000,3409
82458000,3370
82460000,3427
82462000,3378
82464000,3427
82466000,3434
82468000,3383
82470001,3411
82472000,3376
82474001,3410
82476000,3387
82478001,3377
82480001,3387
82482001,3401
82484000,3391
82486001,3378
82488001,3435
82490001,3474
82492001,3425
82494001,3363
82496001,3397
82498000,3402
82500001,3429
82502000,3404
82504001,3408
82506001,3376
82508000,3408
82510001,3382
82512000,3387
82514000,3399
82516000,3408
82518000,3440
82520000,3398
82522001,3407
82524001,3398
82526001,3379
82528000,3387
82530001,3424
82532000,3354
82534000,3394
82536000,3393
82538001,3399
82540001,3393
82542001,3395
82544000,3386
82546000,3391
82548000,3406
82550000,3397
82552000,3439
82554000,3406
82556000,3442
82558000,3359
82560001,3397
82562000,3394
82564001,3390
82566001,3383
82568000,3399
82570001,3403
82572000,3399
82574000,3397
82576000,3396
82578000,3365
82580001,3401
82582001,3398
82584001,3397
82586001,3369
82588000,3399
82590001,3393
82592000,3399
82594001,3397
82596000,3397
82598000,3394
82600000,3397
82602000,3403
82604001,3398
82606001,3397
82608000,3392
82610001,3393
82612000,3394
82614000,3394
82616000,3397
82618001,3396
82620001,3396
82622000,3395
82624000,3397
82626001,3395
82628000,3394
82630001,3397
82632001,3395
82634000,3398
82636001,3397
82638001,3398
82640001,3395
82642001,3398
82644001,3405
82646001,3392
82648000,3401
82650001,3395
82652001,3396
82654001,3398
82656001,3394
82658001,3401
82660000,3405
82662001,3399
82664000,3393
82666001,3397
82668000,3393
82670001,3398
82672000,3396
82674001,3394
82676000,3397
82678000,3401
82680000,3399
82682000,3395
82684000,3398
82686000,3398
82688000,3397
82690001,3403
82692001,3392
82694000,3398
82696001,3397
82698000,3398
82700001,3404
82702000,3394
82704001,3396
82706001,3396
82708000,3392
82710001,3399
82712000,3399
82714000,3394
82716000,3399
82718000,3395
82720000,3395
82722000,3391
82724000,3394
82726000,3392
82728001,3394
82730000,3394
82732001,3398
82734000,3399
82736000,3392
82738001,3394
82740000,3394
82742000,3393
82744001,3392
82746001,3396
82748001,3392
82750001,3392
82752000,3393
82754000,3392
82756000,3397
82758001,3395
82760000,3405
82762000,3398
82764000,3395
82766000,3397
82768000,3397
82770000,3395
82772000,3398
82774000,3392
82776000,3401
82778000,3402
82780000,3391
82782000,3392
82784000,3396
82786000,3396
82788000,3393
82790000,3394
82792001,3394
82794001,3392
82796001,3397
82798000,3396
82800001,3388
82802001,3389
82804001,3399
82806000,3394
82808000,3392
82810000,3389
82812000,3406
82814000,3391
82816001,3401
82818001,3398
82820001,3387
82822001,3395
82824001,3403
82826000,3392
82828001,3398
82830000,3393
82832001,3403
82834000,3394
82836001,3396
82838001,3394
82840000,3391
82842001,3398
82844001,3391
82846000,3396
82848001,3393
82850001,3403
82852001,3395
82854000,3399
82856001,3394
82858000,3398
82860000,3401
82862000,3392
82864000,3396
82866000,3392
82868000,3391
82870000,3401
82872000,3394
82874000,3400
82876000,3397
82878000,3397
82880000,3394
82882000,3398
82884000,3395
82886001,3394
82888000,3396
82890001,3398
82892001,3396
82894001,3393
82896000,3397
82898001,3397
82900001,3397
82902000,3395
82904001,3393
82906001,3394
82908000,3397
82910001,3397
82912000,3395
82914001,3400
82916000,3390
82918001,3399
82920000,3392
82922000,3397
82924000,3395
82926000,3401
82928000,3395
82930000,3397
82932000,3397
82934001,3395
82936001,3397
82938000,3397
82940000,3395
82942000,3398
82944000,3397
82946000,3395
82948000,3399
82950000,3394
82952000,3399
82954001,3395
82956000,3397
82958001,3397
82960000,3397
82962001,3395
82964001,3396
82966001,3397
82968000,3394
82970000,3397
82972000,3393
82974000,3397
82976000,3396
82978001,3395
82980000,3395
82982000,3392
82984001,3396
82986000,3397
82988001,3394
82990000,3394
82992001,3397
82994001,3397
82996000,3392
82998001,3401
83000001,3404
83002001,3395
83004000,3393
83006001,3393
83008001,3399
83010000,3392
83012001,3395
83014000,3398
83016000,3392
83018001,3398
83020001,3396
83022000,3393
83024001,3395
83026000,3392
83028001,3397
83030000,3394
83032001,3401
83034000,3395
83036001,3391
83038001,3394
83040001,3394
83042000,3394
83044000,3379
83046000,3398
83048001,3395
83050000,3393
83052000,3398
83054000,3399
83056001,3393
83058001,3398
83060000,3397
83062001,3397
83064001,3391
83066000,3395
83068001,3393
83070000,3399
83072001,3394
83074000,3394
83076001,3395
83078000,3399
83080001,3397
83082001,3393
83084001,3396
83086001,3399
83088001,3394
83090001,3392
83092001,3397
83094000,3393
83096001,3398
83098001,3398
83100000,3395
83102000,3395
83104000,3397
83106001,3399
83108000,3397
83110001,3399
83112001,3394
83114000,3395
83116000,3398
83118000,3396
83120000,3393
83122000,3398
83124000,3395
83126000,3399
83128001,3401
83130000,3393
83132001,3399
83134001,3399
83136000,3398
83138001,3397
83140000,3398
83142000,3398
83144001,3399
83146001,3397
83148000,3397
83150000,3397
83152000,3395
83154000,3394
83156000,3397
83158000,3394
83160000,3402
83162001,3397
83164001,3399
83166000,3394
83168001,3396
83170000,3397
83172001,3396
83174000,3399
83176001,3398
83178000,3397
83180000,3394
83182000,3395
83184000,3401
83186000,3394
83188001,3394
83190001,3403
83192000,3399
83194001,3399
83196001,3397
83198000,3394
83200000,3398
83202000,3399
83204000,3395
83206000,3392
83208000,3397
83210000,3396
83212000,3395
83214000,3395
83216000,3395
83218000,3399
83220000,3395
83222000,3393
83224000,3394
83226000,3396
83228001,3397
83230000,3393
83232000,3395
83234000,3398
83236001,3391
83238001,3391
83240000,3395
83242001,3394
83244000,3398
83246001,3397
83248000,3391
83250000,3398
83252000,3397
83254000,3393
83256000,3393
83258000,3395
83260000,3395
83262000,3397
83264000,3397
83266000,3402
83268001,3397
83270000,3392
83272001,3397
83274000,3397
83276001,3394
83278000,3397
83280000,3395
83282000,3399
83284000,3398
83286000,3394
83288000,3395
83290000,3397
83292000,3398
83294000,3399
83296000,3401
83298000,3404
83300000,3393
83302000,3399
83304000,3394
83306000,3393
83308000,3397
83310000,3394
83312001,3394
83314001,3395
83316001,3398
83318000,3390
83320000,3395
83322001,3401
83324001,3395
83326000,3399
83328000,3398
83330001,3396
83332000,3392
83334001,3395
83336000,3397
83338000,3398
83340000,3399
83342000,3404
83344001,3399
83346000,3398
83348000,3399
83350000,3401
83352000,3398
83354000,3393
83356000,3397
83358000,3398
83360000,3398
83362001,3397
83364000,3395
83366001,3395
83368000,3401
83370001,3398
83372000,3396
83374001,3397
83376000,3399
83378000,3394
83380001,3406
83382000,3398
83384000,3397
83386000,3391
83388000,3394
83390000,3395
83392000,3393
83394000,3393
83396000,3394
83398001,3393
83400001,3394
83402001,3395
83404001,3390
83406000,3391
83408000,3398
83410000,3397
83412000,3398
83414000,3397
83416000,3395
83418000,3398
83420001,3397
83422000,3399
83424000,3397
83426000,3398
83428000,3391
83430000,3398
83432000,3397
83434000,3398
83436001,3399
83438000,3398
83440001,3396
83442001,3394
83444001,3397
83446000,3394
83448001,3397
83450001,3398
83452000,3396
83454000,3398
83456001,3391
83458000,3397
83460001,3398
83462001,3398
83464001,3397
83466000,3397
83468001,3393
83470000,3393
83472001,3402
83474001,3402
83476001,3398
83478000,3402
83480000,3392
83482000,3396
83484000,3399
83486001,3396
83488000,3401
83490000,3394
83492000,3396
83494001,3395
83496000,3398
83498001,3397
83500001,3393
83502001,3394
83504001,3399
83506001,3394
83508000,3392
83510000,3395
83512000,3395
83514000,3397
83516000,3392
83518001,3395
83520000,3395
83522001,3399
83524001,3395
83526000,3394
83528000,3397
83530001,3395
83532000,3399
83534001,3399
83536000,3398
83538001,3395
83540000,3398
83542000,3397
83544000,3401
83546000,3390
83548001,3395
83550001,3397
83552001,3393
83554000,3397
83556001,3399
83558001,3397
83560000,3394
83562000,3394
83564000,3395
83566000,3394
83568001,3395
83570000,3398
83572000,3397
83574000,3394
83576000,3397
83578000,3397
83580000,3389
83582000,3397
83584000,3393
83586000,3394
83588000,3397
83590000,3395
83592000,3394
83594000,3396
83596000,3401
83598001,3399
83600000,3402
83602000,3397
83604001,3396
83606000,3394
83608001,3397
83610000,3396
83612001,3404
83614000,3397
83616001,3395
83618000,3395
83620000,3397
83622000,3398
83624000,3394
83626001,3399
83628001,3397
83630001,3394
83632000,3397
83634001,3397
83636001,3403
83638001,3387
83640000,3394
83642000,3393
83644000,3397
83646000,3403
83648000,3395
83650000,3397
83652001,3399
83654000,3393
83656000,3395
83658001,3393
83660001,3404
83662001,3395
83664001,3395
83666000,3398
83668000,3395
83670001,3398
83672000,3401
83674001,3395
83676000,3393
83678000,3397
83680000,3394
83682000,3403
83684001,3398
83686000,3399
83688000,3399
83690001,3399
83692000,3399
83694001,3398
83696000,3399
83698001,3399
83700001,3394
83702001,3395
83704000,3397
83706001,3399
83708001,3398
83710001,3399
83712001,3399
83714001,3399
83716001,3395
83718000,3399
83720001,3398
83722000,3399
83724001,3399
83726000,3393
83728001,3402
83730001,3395
83732000,3393
83734001,3397
83736001,3393
83738000,3394
83740001,3396
83742000,3397
83744001,3399
83746000,3396
83748000,3401
83750001,3399
83752001,3398
83754001,3397
83756000,3402
83758000,3402
83760000,3397
83762000,3395
83764000,3394
83766000,3397
83768001,3395
83770000,3398
83772000,3397
83774001,3393
83776000,3399
83778001,3395
83780000,3399
83782001,3405
83784000,3403
83786000,3395
83788000,3395
83790001,3401
83792001,3391
83794001,3397
83796000,3395
83798000,3398
83800000,3403
83802000,3394
83804000,3399
83806001,3399
83808000,3395
83810001,3399
83812000,3398
83814001,3398
83816000,3401
83818001,3397
83820001,3395
83822000,3392
83824001,3398
83826001,3395
83828000,3397
83830001,3396
83832001,3399
83834000,3398
83836000,3393
83838001,3395
83840000,3397
83842001,3407
83844001,3398
83846000,3397
83848000,3397
83850000,3397
83852001,3393
83854000,3402
83856000,3398
83858000,3402
83860000,3397
83862000,3397
83864000,3402
83866000,3397
83868000,3395
83870001,3397
83872000,3395
83874001,3397
83876001,3402
83878001,3397
83880001,3399
83882001,3398
83884000,3395
83886001,3394
83888001,3395
83890000,3396
83892001,3395
83894001,3394
83896001,3402
83898000,3395
83900000,3395
83902000,3402
83904000,3402
83906000,3396
83908000,3398
83910001,3399
83912001,3401
83914000,3398
83916000,3397
83918000,3397
83920000,3398
83922001,3395
83924001,3395
83926000,3398
83928000,3395
83930001,3395
83932000,3398
83934000,3397
83936000,3399
83938000,3397
83940000,3399
83942001,3403
83944000,3399
83946001,3398
83948001,3399
83950001,3396
83952001,3398
83954000,3395
83956000,3402
83958000,3395
83960000,3398
83962001,3397
83964001,3395
83966000,3397
83968000,3398
83970000,3397
83972000,3407
83974001,3398
83976000,3401
83978001,3399
83980000,3397
83982000,3395
83984000,3397
83986000,3399
83988000,3399
83990001,3406
83992000,3401
83994001,3383
83996001,3399
83998001,3393
84000001,3399
84002000,3401
84004001,3395
84006001,3394
84008000,3397
84010001,3395
84012001,3398
84014001,3395
84016000,3399
84018001,3398
84020000,3394
84022001,3401
84024000,3397
84026000,3399
84028000,3398
84030001,3399
84032000,3399
84034001,3395
84036001,3398
84038000,3392
84040000,3395
84042000,3397
84044000,3398
84046000,3395
84048000,3399
84050001,3402
84052000,3399
84054001,3399
84056000,3401
84058001,3394
84060000,3399
84062001,3397
84064001,3398
84066001,3396
84068000,3403
84070001,3399
84072001,3401
84074001,3401
84076001,3402
84078000,3397
84080000,3395
84082001,3395
84084001,3399
84086000,3398
84088000,3395
84090001,3399
84092000,3399
84094000,3395
84096000,3398
84098000,3399
84100000,3401
84102001,3399
84104000,3396
84106001,3399
84108000,3393
84110001,3395
84112000,3399
84114000,3396
84116001,3399
84118000,3399
84120001,3398
84122001,3398
84124000,3393
84126001,3395
84128001,3397
84130000,3396
84132001,3397
84134001,3397
84136001,3398
84138001,3400
84140000,3402
84142000,3394
84144000,3397
84146000,3399
84148000,3395
84150000,3399
84152000,3399
84154000,3398
84156000,3396
84158000,3397
84160000,3399
84162000,3399
84164001,3396
84166000,3398
84168001,3394
84170000,3399
84172000,3398
84174000,3395
84176000,3402
84178000,3398
84180000,3399
84182000,3398
84184000,3396
84186000,3399
84188000,3397
84190001,3397
84192001,3398
84194000,3399
84196000,3400
84198000,3398
84200000,3396
84202000,3396
84204000,3399
84206000,3397
84208000,3397
84210000,3401
84212001,3398
84214001,3397
84216000,3396
84218001,3398
84220001,3401
84222001,3397
84224000,3398
84226000,3397
84228001,3398
84230000,3402
84232000,3408
84234000,3397
84236000,3402
84238000,3403
84240000,3397
84242000,3399
84244000,3399
84246000,3402
84248000,3402
84250001,3397
84252000,3398
84254000,3392
84256001,3402
84258000,3396
84260000,3397
84262000,3403
84264000,3398
84266001,3399
84268000,3401
84270000,3396
84272000,3401
84274000,3397
84276000,3405
84278000,3396
84280000,3397
84282001,3399
84284001,3397
84286001,3397
84288001,3396
84290001,3399
84292000,3363
84294001,3367
84296000,3399
84298000,3402
84300000,3397
84302001,3397
84304000,3398
84306000,3528
84308000,3397
84310000,3399
84312000,3405
84314000,3397
84316000,3391
84318000,3399
84320000,3401
84322000,3398
84324000,3399
84326000,3398
84328000,3393
84330000,3398
84332000,3398
84334000,3397
84336000,3382
84338000,3395
84340001,3397
84342000,3397
84344000,3402
84346000,3378
84348000,3401
84350001,3447
84352000,3401
84354001,3395
84356000,3400
84358001,3402
84360000,3399
84362001,3392
84364000,3408
84366000,3398
84368001,3402
84370000,3399
84372000,3397
84374000,3403
84376000,3396
84378000,3398
84380001,3397
84382000,3403
84384000,3401
84386000,3403
84388000,3395
84390000,3397
84392000,3438
84394001,3401
84396001,3399
84398000,3398
84400001,3398
84402000,3397
84404001,3394
84406000,3401
84408000,3397
84410000,3397
84412000,3397
84414000,3397
84416001,3401
84418000,3460
84420001,3395
84422000,3402
84424001,3389
84426000,3404
84428000,3402
84430000,3395
84432000,3403
84434001,3402
84436000,3399
84438001,3363
84440001,3405
84442001,3397
84444000,3401
84446001,3397
84448001,3399
84450001,3398
84452001,3396
84454001,3398
84456001,3399
84458000,3396
84460001,3408
84462000,3396
84464001,3397
84466001,3397
84468000,3398
84470000,3397
84472001,3399
84474000,3399
84476000,3396
84478000,3391
84480000,3398
84482000,3401
84484000,3404
84486001,3395
84488001,3438
84490001,3401
84492000,3398
84494000,3399
84496001,3398
84498000,3397
84500000,3399
84502000,3397
84504001,3401
84506000,3408
84508000,3396
84510000,3399
84512000,3401
84514000,3402
84516000,3399
84518000,3399
84520000,3403
84522000,3397
84524000,3402
84526000,3403
84528000,3402
84530000,3395
84532000,3398
84534000,3403
84536000,3402
84538000,3401
84540001,3398
84542001,3391
84544001,3396
84546000,3398
84548000,3405
84550000,3399
84552000,3402
84554001,3395
84556000,3397
84558001,3397
84560001,3406
84562000,3398
84564001,3399
84566000,3399
84568000,3401
84570000,3392
84572000,3399
84574000,3397
84576001,3401
84578001,3399
84580000,3399
84582000,3403
84584001,3397
84586001,3398
84588000,3401
84590000,3398
84592000,3401
84594000,3400
84596000,3401
84598001,3399
84600000,3397
84602000,3403
84604000,3399
84606001,3399
84608001,3399
84610001,3395
84612000,3406
84614001,3399
84616000,3396
84618001,3405
84620000,3399
84622000,3403
84624001,3399
84626001,3399
84628000,3399
84630000,3399
84632000,3397
84634000,3397
84636000,3397
84638000,3399
84640000,3396
84642001,3398
84644000,3394
84646001,3397
84648000,3399
84650001,3401
84652000,3401
84654001,3401
84656001,3397
84658001,3397
84660000,3397
84662000,3397
84664000,3398
84666001,3410
84668001,3398
84670000,3398
84672000,3398
84674001,3396
84676001,3397
84678001,3399
84680000,3398
84682001,3401
84684000,3394
84686000,3398
84688000,3398
84690001,3399
84692001,3399
84694001,3401
84696001,3399
84698000,3398
84700001,3402
84702000,3402
84704001,3399
84706001,3397
84708000,3397
84710000,3402
84712000,3403
84714000,3401
84716001,3401
84718000,3401
84720001,3401
84722000,3398
84724001,3397
84726001,3395
84728000,3397
84730001,3390
84732001,3398
84734000,3402
84736000,3399
84738000,3398
84740001,3406
84742001,3398
84744000,3401
84746000,3399
84748000,3402
84750000,3399
84752001,3403
84754001,3397
84756001,3392
84758000,3401
84760000,3402
84762000,3397
84764000,3403
84766000,3403
84768001,3398
84770000,3404
84772001,3398
84774001,3402
84776001,3399
84778000,3399
84780001,3403
84782001,3398
84784001,3398
84786000,3394
84788000,3395
84790000,3397
84792000,3399
84794000,3397
84796000,3402
84798000,3402
84800000,3397
84802000,3398
84804000,3399
84806000,3397
84808001,3397
84810000,3399
84812001,3397
84814000,3401
84816001,3397
84818000,3398
84820000,3402
84822000,3397
84824001,3402
84826001,3397
84828001,3399
84830000,3399
84832000,3401
84834000,3402
84836000,3396
84838000,3395
84840000,3397
84842000,3397
84844001,3395
84846000,3399
84848001,3398
84850000,3402
84852000,3393
84854000,3399
84856000,3399
84858000,3395
84860000,3396
84862000,3396
84864000,3408
84866000,3398
84868000,3399
84870000,3406
84872000,3401
84874000,3397
84876000,3399
84878000,3393
84880000,3393
84882000,3375
84884001,3385
84886000,3436
84888001,3398
84890001,3399
84892000,3297
84894001,3393
84896000,3419
84898001,3397
84900000,3403
84902000,3375
84904001,3421
84906001,3422
84908001,3411
84910001,3393
84912000,3391
84914001,3334
84916000,3404
84918001,3369
84920001,3367
84922000,3418
84924001,3371
84926000,3432
84928001,3392
84930000,3434
84932001,3375
84934001,3363
84936001,3396
84938000,3397
84940001,3375
84942000,3398
84944001,3388
84946001,3407
84948001,3397
84950001,3392
84952001,3391
84954000,3387
84956000,3376
84958000,3399
84960000,3375
84962000,3376
84964000,3403
84966000,3403
84968001,3397
84970001,3373
84972001,3403
84974001,3408
84976000,3389
84978000,3383
84980000,3392
84982001,3386
84984000,3401
84986001,3399
84988000,3393
84990001,3403
84992000,3387
84994001,3393
84996000,3408
84998000,3392
85000000,3408
85002000,3411
85004000,3388
85006000,3387
85008000,3409
85010000,3459
85012001,3357
85014000,3407
85016001,3401
85018001,3403
85020000,3345
85022000,3411
85024000,3433
85026000,3379
85028000,3440
85030000,3390
85032001,3430
85034000,3375
85036001,3425
85038001,3398
85040001,3461
85042001,3362
85044001,3395
85046000,3389
85048000,3372
85050001,3409
85052001,3475
85054001,3370
85056001,3399
85058000,3397
85060001,3424
85062000,3412
85064000,3417
85066000,3403
85068001,3392
85070000,3375
85072001,3395
85074000,3395
85076001,3402
85078001,3408
85080001,3403
85082001,3408
85084000,3376
85086001,3399
85088001,3397
85090000,3399
85092001,3395
85094000,3402
85096000,3396
85098001,3395
85100000,3392
85102001,3399
85104000,3441
85106000,3390
85108000,3440
85110000,3419
85112001,3408
85114000,3403
85116001,3361
85118001,3413
85120000,3393
85122000,3402
85124000,3423
85126000,3408
85128000,3399
85130000,3405
85132000,3404
85134000,3414
85136001,3357
85138001,3399
85140001,3398
85142000,3403
85144000,3407
85146000,3399
85148000,3395
85150000,3402
85152000,3399
85154000,3399
85156000,3403
85158001,3402
85160001,3397
85162000,3402
85164000,3405
85166001,3395
85168000,3402
85170000,3402
85172000,3396
85174000,3405
85176000,3399
85178000,3399
85180000,3402
85182000,3399
85184000,3399
85186000,3399
85188000,3395
85190000,3397
85192000,3403
85194001,3398
85196001,3393
85198000,3408
85200000,3399
85202000,3399
85204000,3401
85206000,3395
85208000,3404
85210000,3401
85212000,3402
85214000,3397
85216000,3399
85218000,3397
85220001,3401
85222000,3405
85224000,3406
85226000,3395
85228001,3402
85230000,3401
85232001,3398
85234000,3392
85236000,3403
85238001,3401
85240001,3400
85242000,3404
85244000,3396
85246000,3401
85248000,3393
85250001,3407
85252000,3397
85254001,3397
85256000,3402
85258000,3399
85260001,3398
85262000,3403
85264001,3403
85266000,3399
85268001,3398
85270001,3397
85272001,3401
85274001,3392
85276001,3403
85278000,3399
85280001,3391
85282001,3393
85284000,3397
85286000,3401
85288000,3402
85290001,3408
85292001,3401
85294001,3400
85296001,3393
85298001,3402
85300000,3395
85302000,3398
85304000,3401
85306000,3395
85308000,3401
85310001,3397
85312001,3403
85314000,3402
85316000,3399
85318000,3405
85320000,3401
85322000,3397
85324000,3402
85326000,3401
85328000,3393
85330001,3402
85332001,3399
85334000,3397
85336000,3402
85338000,3402
85340000,3399
85342000,3399
85344001,3396
85346001,3394
85348001,3395
85350001,3407
85352001,3398
85354001,3393
85356000,3403
85358000,3401
85360000,3396
85362000,3408
85364000,3407
85366001,3402
85368001,3402
85370000,3397
85372000,3402
85374000,3395
85376000,3398
85378001,3397
85380000,3408
85382000,3400
85384000,3397
85386001,3407
85388000,3399
85390001,3408
85392001,3401
85394000,3406
85396000,3403
85398001,3404
85400000,3405
85402000,3395
85404001,3408
85406001,3399
85408000,3402
85410001,3402
85412001,3399
85414000,3394
85416001,3394
85418001,3403
85420001,3399
85422000,3403
85424001,3395
85426000,3398
85428000,3399
85430000,3399
85432000,3400
85434001,3397
85436001,3403
85438000,3398
85440000,3397
85442000,3393
85444000,3398
85446000,3402
85448000,3402
85450001,3401
85452001,3402
85454001,3405
85456000,3396
85458000,3395
85460000,3403
85462000,3408
85464000,3397
85466000,3397
85468001,3400
85470001,3404
85472001,3398
85474000,3398
85476000,3401
85478000,3402
85480000,3398
85482000,3399
85484000,3405
85486000,3399
85488000,3401
85490000,3399
85492000,3399
85494001,3400
85496000,3401
85498001,3402
85500001,3395
85502001,3398
85504000,3402
85506001,3401
85508000,3405
85510001,3399
85512001,3403
85514001,3399
85516000,3395
85518000,3401
85520000,3399
85522000,3399
85524001,3395
85526001,3403
85528000,3397
85530001,3397
85532000,3402
85534001,3395
85536000,3397
85538000,3397
85540000,3397
85542000,3403
85544000,3402
85546001,3397
85548001,3401
85550000,3402
85552000,3399
85554001,3404
85556000,3399
85558001,3397
85560000,3402
85562001,3401
85564001,3403
85566000,3404
85568001,3400
85570001,3402
85572000,3402
85574001,3401
85576001,3398
85578001,3402
85580001,3401
85582001,3402
85584000,3398
85586001,3400
85588000,3397
85590001,3398
85592000,3398
85594001,3399
85596000,3399
85598000,3399
85600001,3401
85602001,3398
85604000,3404
85606000,3399
85608001,3398
85610001,3402
85612001,3396
85614001,3401
85616000,3408
85618000,3398
85620000,3398
85622001,3402
85624000,3402
85626000,3397
85628000,3402
85630000,3399
85632001,3405
85634000,3398
85636001,3401
85638000,3398
85640001,3403
85642000,3401
85644000,3401
85646000,3401
85648000,3399
85650001,3401
85652000,3398
85654001,3398
85656000,3398
85658001,3399
85660001,3399
85662000,3402
85664000,3399
85666000,3393
85668000,3395
85670000,3397
85672000,3399
85674000,3401
85676000,3398
85678000,3399
85680000,3388
85682000,3402
85684000,3398
85686000,3399
85688000,3401
85690000,3398
85692000,3397
85694000,3402
85696000,3398
85698000,3399
85700000,3399
85702000,3397
85704000,3404
85706000,3397
85708000,3395
85710000,3394
85712000,3399
85714000,3399
85716000,3397
85718000,3399
85720000,3403
85722000,3398
85724001,3399
85726001,3398
85728001,3397
85730001,3399
85732000,3401
85734000,3397
85736000,3399
85738000,3401
85740000,3402
85742000,3401
85744001,3406
85746001,3399
85748000,3401
85750001,3399
85752000,3397
85754000,3405
85756001,3399
85758000,3408
85760001,3397
85762001,3401
85764001,3399
85766001,3393
85768001,3399
85770001,3399
85772001,3397
85774001,3402
85776001,3403
85778000,3403
85780000,3402
85782001,3403
85784001,3398
85786000,3399
85788001,3401
85790001,3390
85792001,3401
85794001,3399
85796000,3402
85798001,3401
85800001,3401
85802000,3401
85804001,3399
85806000,3397
85808000,3398
85810000,3401
85812000,3398
85814000,3403
85816000,3402
85818000,3399
85820000,3398
85822000,3397
85824001,3398
85826000,3399
85828000,3395
85830000,3397
85832000,3399
85834000,3395
85836000,3396
85838000,3403
85840000,3399
85842000,3402
85844000,3395
85846000,3403
85848000,3403
85850000,3399
85852001,3397
85854000,3401
85856001,3395
85858001,3401
85860001,3401
85862001,3397
85864001,3399
85866000,3396
85868000,3401
85870001,3401
85872001,3399
85874001,3403
85876000,3399
85878001,3399
85880000,3402
85882001,3398
85884001,3402
85886000,3398
85888000,3401
85890001,3397
85892000,3396
85894000,3398
85896000,3402
85898000,3402
85900000,3391
85902001,3399
85904001,3397
85906001,3398
85908001,3399
85910001,3401
85912000,3403
85914000,3398
85916000,3394
85918000,3394
85920000,3403
85922000,3398
85924000,3402
85926001,3395
85928000,3393
85930000,3403
85932000,3403
85934000,3401
85936000,3399
85938000,3401
85940000,3403
85942001,3395
85944000,3402
85946001,3399
85948001,3402
85950000,3402
85952000,3399
85954000,3403
85956001,3397
85958000,3397
85960001,3401
85962000,3393
85964001,3402
85966001,3399
85968000,3398
85970000,3403
85972001,3398
85974001,3397
85976000,3398
85978001,3396
85980000,3396
85982000,3404
85984000,3408
85986000,3399
85988000,3395
85990000,3402
85992000,3401
85994001,3399
85996001,3405
85998000,3399
86000000,3399
86002000,3399
86004000,3402
86006001,3403
86008000,3398
86010000,3398
86012001,3401
86014001,3394
86016000,3399
86018001,3405
86020000,3403
86022001,3397
86024000,3405
86026001,3399
86028000,3399
86030000,3402
86032000,3397
86034000,3401
86036001,3401
86038001,3399
86040001,3399
86042001,3399
86044001,3399
86046001,3402
86048001,3402
86050000,3401
86052000,3401
86054000,3397
86056000,3394
86058000,3397
86060000,3408
86062000,3396
86064001,3403
86066000,3402
86068001,3397
86070000,3401
86072000,3397
86074001,3392
86076000,3403
86078000,3402
86080001,3398
86082001,3398
86084001,3400
86086000,3389
86088000,3398
86090001,3403
86092000,3398
86094000,3407
86096000,3403
86098000,3396
86100001,3398
86102000,3406
86104001,3398
86106001,3395
86108001,3397
86110000,3399
86112000,3401
86114000,3399
86116001,3403
86118001,3399
86120001,3398
86122000,3403
86124001,3405
86126001,3397
86128000,3399
86130001,3397
86132000,3405
86134001,3405
86136000,3406
86138001,3396
86140000,3397
86142001,3399
86144000,3399
86146000,3399
86148001,3403
86150001,3400
86152000,3398
86154001,3395
86156001,3399
86158001,3401
86160000,3399
86162000,3399
86164000,3398
86166001,3399
86168001,3401
86170001,3398
86172000,3398
86174001,3403
86176000,3397
86178000,3399
86180000,3399
86182000,3401
86184000,3402
86186000,3399
86188000,3401
86190000,3401
86192001,3405
86194000,3397
86196001,3403
86198000,3402
86200000,3398
86202000,3398
86204000,3399
86206000,3403
86208000,3400
86210001,3398
86212001,3402
86214001,3398
86216000,3410
86218001,3402
86220000,3401
86222001,3399
86224000,3403
86226001,3407
86228000,3403
86230000,3403
86232001,3402
86234000,3398
86236001,3395
86238000,3398
86240000,3401
86242000,3398
86244000,3402
86246000,3399
86248000,3401
86250000,3399
86252000,3399
86254000,3401
86256000,3406
86258001,3404
86260000,3398
86262000,3396
86264000,3401
86266000,3398
86268001,3402
86270000,3401
86272001,3402
86274001,3401
86276001,3403
86278000,3399
86280000,3402
86282000,3405
86284001,3401
86286000,3402
86288001,3398
86290000,3397
86292001,3395
86294000,3402
86296000,3397
86298000,3399
86300000,3401
86302001,3405
86304000,3399
86306001,3399
86308000,3403
86310000,3402
86312000,3395
86314000,3399
86316000,3405
86318000,3403
86320000,3397
86322001,3402
86324000,3401
86326000,3395
86328000,3398
86330000,3399
86332000,3397
86334001,3397
86336000,3401
86338000,3399
86340000,3403
86342000,3403
86344000,3403
86346000,3403
86348001,3401
86350000,3401
86352000,3405
86354000,3399
86356000,3402
86358000,3402
86360000,3408
86362000,3398
86364001,3398
86366001,3397
86368000,3399
86370001,3398
86372000,3403
86374000,3401
86376000,3401
86378001,3399
86380001,3399
86382000,3401
86384001,3401
86386001,3402
86388000,3399
86390000,3402
86392001,3402
86394000,3401
86396000,3403
86398000,3402
86400000,3398
86402000,3404
86404000,3403
86406000,3397
86408000,3402
86410000,3402
86412000,3402
86414000,3398
86416000,3402
86418000,3401
86420001,3399
86422000,3402
86424001,3398
86426000,3397
86428000,3395
86430001,3402
86432000,3403
86434000,3397
86436000,3402
86438001,3403
86440001,3399
86442000,3402
86444000,3403
86446000,3403
86448000,3399
86450000,3402
86452000,3401
86454000,3397
86456000,3398
86458000,3401
86460000,3404
86462000,3401
86464000,3402
86466000,3401
86468000,3399
86470000,3402
86472001,3398
86474000,3398
86476000,3400
86478000,3403
86480000,3400
86482000,3395
86484000,3397
86486000,3397
86488000,3399
86490000,3403
86492000,3407
86494000,3399
86496000,3403
86498000,3393
86500000,3403
86502000,3401
86504000,3400
86506000,3402
86508000,3409
86510000,3399
86512000,3399
86514000,3398
86516000,3402
86518000,3402
86520000,3397
86522000,3396
86524000,3402
86526001,3403
86528000,3401
86530001,3403
86532000,3404
86534001,3403
86536001,3402
86538000,3402
86540001,3404
86542000,3399
86544001,3405
86546000,3405
86548000,3399
86550000,3402
86552001,3403
86554001,3403
86556001,3396
86558000,3399
86560001,3401
86562001,3402
86564000,3398
86566001,3397
86568001,3403
86570000,3397
86572000,3406
86574000,3399
86576000,3399
86578000,3403
86580000,3401
86582000,3402
86584000,3399
86586000,3404
86588000,3408
86590001,3403
86592000,3401
86594000,3397
86596001,3403
86598000,3402
86600000,3399
86602001,3397
86604001,3401
86606001,3398
86608000,3405
86610001,3403
86612000,3401
86614001,3402
86616000,3399
86618001,3402
86620000,3398
86622001,3397
86624000,3405
86626000,3401
86628000,3397
86630000,3395
86632000,3401
86634000,3403
86636000,3402
86638001,3399
86640001,3399
86642001,3403
86644001,3398
86646001,3401
86648000,3398
86650000,3402
86652000,3401
86654000,3398
86656000,3399
86658000,3403
86660000,3399
86662001,3395
86664000,3402
86666000,3399
86668001,3398
86670000,3403
86672000,3399
86674001,3398
86676000,3395
86678000,3399
86680000,3397
86682000,3403
86684000,3403
86686000,3398
86688000,3401
86690000,3395
86692000,3399
86694000,3403
86696000,3402
86698000,3398
86700000,3403
86702000,3397
86704000,3399
86706001,3400
86708001,3398
86710001,3401
86712001,3404
86714000,3403
86716001,3397
86718000,3403
86720001,3405
86722000,3407
86724001,3397
86726001,3392
86728000,3397
86730001,3399
86732001,3406
86734000,3405
86736000,3406
86738000,3399
86740000,3403
86742001,3406
86744001,3403
86746001,3405
86748001,3395
86750001,3403
86752001,3400
86754001,3404
86756001,3402
86758000,3398
86760000,3402
86762000,3399
86764000,3403
86766000,3401
86768000,3402
86770000,3403
86772000,3404
86774000,3406
86776001,3398
86778000,3399
86780000,3401
86782001,3395
86784000,3399
86786001,3401
86788000,3402
86790001,3403
86792000,3403
86794000,3399
86796000,3400
86798000,3400
86800000,3397
86802000,3405
86804000,3401
86806000,3403
86808000,3397
86810000,3397
86812000,3399
86814000,3391
86816000,3408
86818000,3403
86820000,3403
86822001,3405
86824000,3402
86826000,3405
86828000,3397
86830000,3399
86832000,3401
86834001,3403
86836000,3395
86838000,3354
86840000,3402
86842000,3402
86844000,3401
86846000,3399
86848000,3417
86850000,3413
86852001,3391
86854000,3402
86856000,3398
86858000,3406
86860000,3402
86862001,3399
86864001,3399
86866000,3399
86868001,3403
86870000,3403
86872001,3403
86874000,3403
86876000,3403
86878000,3403
86880000,3402
86882000,3403
86884001,3402
86886000,3401
86888001,3399
86890001,3406
86892000,3399
86894000,3408
86896000,3404
86898000,3405
86900000,3406
86902000,3401
86904001,3397
86906001,3401
86908000,3403
86910000,3398
86912000,3395
86914000,3403
86916001,3402
86918000,3402
86920000,3402
86922000,3403
86924000,3401
86926000,3397
86928000,3402
86930000,3406
86932000,3403
86934000,3403
86936000,3396
86938000,3397
86940001,3401
86942000,3401
86944001,3402
86946000,3403
86948001,3397
86950001,3403
86952001,3403
86954001,3397
86956001,3401
86958000,3403
86960000,3399
86962000,3401
86964000,3398
86966001,3399
86968001,3401
86970000,3398
86972000,3404
86974000,3399
86976000,3403
86978000,3407
86980000,3398
86982001,3404
86984001,3405
86986000,3403
86988000,3397
86990000,3401
86992000,3396
86994000,3405
86996000,3405
86998000,3395
87000001,3399
87002000,3401
87004000,3403
87006000,3402
87008001,3397
87010001,3399
87012000,3396
87014000,3405
87016000,3393
87018000,3402
87020000,3401
87022000,3399
87024000,3397
87026000,3402
87028001,3403
87030000,3402
87032000,3403
87034000,3401
87036000,3398
87038000,3401
87040001,3399
87042001,3403
87044000,3406
87046000,3399
87048000,3398
87050000,3402
87052000,3410
87054000,3397
87056000,3407
87058000,3403
87060000,3403
87062000,3404
87064000,3402
87066000,3402
87068000,3399
87070000,3403
87072000,3403
87074001,3403
87076000,3402
87078000,3401
87080000,3401
87082000,3399
87084000,3398
87086000,3403
87088000,3403
87090000,3405
87092000,3403
87094000,3398
87096000,3398
87098000,3403
87100000,3403
87102000,3405
87104000,3401
87106000,3401
87108001,3402
87110001,3399
87112000,3399
87114000,3403
87116000,3397
87118000,3398
87120000,3402
87122000,3399
87124000,3401
87126000,3405
87128001,3406
87130000,3397
87132000,3403
87134000,3403
87136000,3399
87138001,3402
87140001,3403
87142001,3397
87144001,3403
87146001,3402
87148000,3402
87150000,3401
87152000,3399
87154000,3402
87156000,3402
87158000,3398
87160000,3403
87162000,3403
87164000,3399
87166000,3403
87168000,3401
87170000,3399
87172000,3406
87174001,3402
87176000,3403
87178001,3406
87180001,3395
87182000,3395
87184001,3399
87186001,3403
87188000,3403
87190000,3402
87192000,3399
87194000,3403
87196000,3400
87198000,3407
87200001,3402
87202000,3400
87204000,3329
87206000,3403
87208000,3402
87210001,3401
87212000,3403
87214001,3401
87216000,3400
87218001,3397
87220001,3401
87222000,3405
87224001,3401
87226000,3406
87228000,3399
87230000,3401
87232001,3402
87234000,3399
87236000,3408
87238000,3401
87240001,3403
87242000,3399
87244001,3398
87246001,3402
87248000,3397
87250001,3395
87252000,3403
87254000,3405
87256000,3404
87258001,3394
87260000,3399
87262001,3406
87264001,3403
87266000,3395
87268000,3398
87270001,3404
87272001,3397
87274001,3397
87276000,3407
87278000,3402
87280000,3402
87282000,3403
87284000,3402
87286001,3406
87288000,3403
87290000,3406
87292000,3395
87294000,3402
87296000,3403
87298000,3405
87300000,3398
87302000,3398
87304000,3406
87306000,3402
87308000,3402
87310000,3403
87312000,3402
87314000,3404
87316000,3398
87318000,3401
87320000,3399
87322000,3399
87324000,3405
87326001,3403
87328000,3401
87330000,3394
87332000,3405
87334000,3397
87336001,3399
87338000,3404
87340000,3406
87342000,3403
87344001,3399
87346001,3403
87348000,3402
87350001,3405
87352001,3406
87354001,3401
87356001,3405
87358000,3403
87360001,3405
87362000,3395
87364001,3403
87366000,3398
87368001,3398
87370000,3401
87372000,3399
87374000,3399
87376000,3401
87378001,3402
87380001,3405
87382001,3401
87384001,3399
87386000,3402
87388000,3398
87390001,3402
87392000,3406
87394001,3403
87396001,3405
87398001,3399
87400000,3405
87402001,3401
87404001,3398
87406000,3394
87408000,3406
87410001,3405
87412000,3403
87414001,3405
87416001,3399
87418001,3401
87420000,3386
87422000,3427
87424000,3433
87426001,3401
87428001,3402
87430001,3406
87432001,3403
87434000,3408
87436000,3431
87438000,3325
87440001,3398
87442001,3403
87444001,3392
87446000,3392
87448001,3398
87450000,3303
87452000,3413
87454000,3406
87456000,3410
87458001,3393
87460000,3401
87462000,3368
87464001,3371
87466001,3405
87468001,3398
87470001,3433
87472000,3406
87474000,3421
87476000,3393
87478000,3431
87480000,3403
87482001,3394
87484000,3408
87486000,3515
87488000,3390
87490000,3403
87492000,3392
87494000,3405
87496000,3381
87498001,3408
87500000,3409
87502000,3394
87504001,3408
87506000,3443
87508001,3437
87510000,3407
87512000,3379
87514000,3398
87516001,3436
87518001,3399
87520000,3399
87522000,3402
87524000,3408
87526000,3376
87528000,3401
87530001,3391
87532000,3381
87534001,3401
87536000,3441
87538001,3389
87540000,3377
87542001,3444
87544000,3356
87546000,3408
87548000,3386
87550000,3397
87552000,3397
87554000,3397
87556000,3409
87558000,3376
87560000,3405
87562000,3463
87564000,3434
87566001,3350
87568000,3390
87570001,3418
87572001,3371
87574000,3389
87576001,3466
87578001,3399
87580000,3421
87582001,3437
87584000,3381
87586001,3344
87588001,3345
87590001,3375
87592001,3401
87594001,3440
87596001,3383
87598001,3390
87600001,3443
87602000,3401
87604000,3350
87606000,3347
87608000,3443
87610000,3450
87612000,3357
87614000,3400
87616000,3399
87618000,3345
87620000,3398
87622000,3408
87624000,3402
87626001,3425
87628000,3397
87630001,3415
87632001,3386
87634001,3408
87636001,3402
87638001,3402
87640000,3386
87642001,3409
87644001,3390
87646000,3413
87648000,3403
87650000,3390
87652000,3399
87654000,3393
87656001,3407
87658000,3361
87660001,3401
87662000,3395
87664000,3410
87666000,3405
87668000,3399
87670001,3355
87672000,3404
87674001,3418
87676000,3401
87678000,3375
87680000,3393
87682001,3407
87684001,3443
87686000,3403
87688000,3401
87690001,3435
87692001,3394
87694001,3406
87696001,3401
87698000,3401
87700001,3392
87702000,3403
87704001,3393
87706000,3403
87708001,3401
87710000,3408
87712000,3403
87714000,3405
87716000,3406
87718001,3399
87720001,3403
87722001,3403
87724001,3401
87726000,3404
87728000,3408
87730000,3411
87732000,3403
87734000,3396
87736000,3403
87738000,3399
87740000,3401
87742000,3402
87744000,3405
87746000,3407
87748000,3402
87750000,3398
87752001,3397
87754001,3397
87756001,3405
87758000,3404
87760000,3403
87762000,3404
87764000,3401
87766000,3406
87768000,3398
87770000,3397
87772000,3401
87774000,3403
87776000,3396
87778000,3394
87780001,3399
87782001,3408
87784001,3407
87786000,3405
87788001,3398
87790001,3394
87792000,3403
87794001,3403
87796000,3405
87798001,3396
87800001,3403
87802001,3406
87804000,3407
87806001,3402
87808000,3405
87810001,3399
87812001,3406
87814000,3405
87816000,3401
87818000,3405
87820000,3406
87822000,3403
87824000,3406
87826000,3399
87828000,3393
87830000,3407
87832000,3405
87834000,3401
87836000,3401
87838001,3405
87840001,3401
87842000,3398
87844001,3402
87846000,3403
87848001,3402
87850000,3398
87852000,3398
87854000,3402
87856000,3399
87858000,3405
87860000,3400
87862000,3405
87864001,3405
87866000,3411
87868000,3406
87870000,3402
87872000,3408
87874001,3402
87876001,3407
87878001,3397
87880000,3399
87882000,3402
87884001,3403
87886001,3401
87888000,3406
87890000,3403
87892000,3404
87894000,3419
87896000,3401
87898000,3405
87900001,3399
87902000,3401
87904001,3397
87906000,3403
87908001,3408
87910000,3397
87912000,3399
87914000,3407
87916000,3408
87918000,3405
87920000,3405
87922000,3402
87924000,3398
87926000,3402
87928000,3404
87930000,3403
87932000,3403
87934001,3405
87936001,3399
87938001,3397
87940000,3399
87942000,3417
87944000,3399
87946001,3403
87948001,3405
87950000,3401
87952000,3407
87954000,3399
87956000,3408
87958000,3401
87960001,3405
87962000,3403
87964000,3402
87966000,3397
87968000,3399
87970001,3418
87972000,3408
87974000,3401
87976000,3403
87978000,3394
87980000,3402
87982000,3403
87984000,3398
87986000,3401
87988001,3403
87990001,3399
87992000,3399
87994001,3403
87996000,3396
87998001,3405
88000000,3399
88002000,3403
88004001,3403
88006000,3405
88008001,3408
88010001,3406
88012000,3403
88014001,3402
88016000,3402
88018000,3399
88020000,3401
88022001,3403
88024000,3403
88026001,3399
88028001,3401
88030001,3401
88032001,3407
88034000,3407
88036001,3405
88038000,3402
88040000,3401
88042000,3398
88044000,3399
88046001,3405
88048000,3403
88050000,3402
88052000,3403
88054000,3401
88056001,3398
88058000,3401
88060000,3402
88062000,3402
88064000,3401
88066000,3401
88068000,3402
88070000,3401
88072001,3405
88074000,3397
88076000,3408
88078001,3407
88080001,3403
88082000,3403
88084000,3401
88086000,3400
88088001,3403
88090000,3402
88092000,3405
88094000,3403
88096000,3406
88098000,3408
88100000,3404
88102000,3405
88104000,3399
88106000,3403
88108000,3402
88110000,3401
88112000,3398
88114000,3402
88116000,3399
88118000,3402
88120000,3403
88122000,3404
88124001,3407
88126000,3399
88128000,3399
88130000,3404
88132001,3407
88134001,3402
88136001,3402
88138000,3403
88140001,3405
88142000,3408
88144001,3401
88146001,3401
88148000,3405
88150001,3399
88152001,3402
88154000,3402
88156000,3402
88158000,3403
88160000,3400
88162001,3401
88164000,3401
88166000,3403
88168000,3402
88170001,3402
88172000,3407
88174000,3401
88176000,3408
88178001,3402
88180000,3402
88182001,3405
88184000,3407
88186001,3404
88188000,3403
88190000,3405
88192000,3408
88194000,3401
88196000,3403
88198000,3401
88200001,3401
88202001,3402
88204001,3405
88206001,3398
88208000,3402
88210001,3402
88212000,3401
88214001,3403
88216001,3407
88218001,3406
88220001,3403
88222001,3405
88224001,3402
88226001,3404
88228000,3401
88230000,3401
88232000,3399
88234001,3406
88236000,3404
88238001,3402
88240000,3398
88242001,3402
88244000,3413
88246001,3407
88248000,3405
88250000,3401
88252001,3406
88254000,3398
88256000,3401
88258000,3403
88260000,3401
88262000,3402
88264000,3404
88266000,3403
88268000,3402
88270000,3406
88272000,3399
88274000,3404
88276000,3406
88278000,3406
88280000,3411
88282000,3397
88284000,3403
88286000,3402
88288000,3401
88290000,3403
88292000,3403
88294000,3406
88296000,3404
88298000,3403
88300000,3402
88302000,3408
88304000,3399
88306000,3403
88308001,3402
88310001,3402
88312000,3404
88314000,3403
88316001,3404
88318001,3405
88320001,3403
88322001,3403
88324001,3402
88326000,3403
88328001,3399
88330001,3401
88332000,3399
88334000,3403
88336000,3403
88338000,3405
88340000,3399
88342000,3405
88344000,3405
88346001,3403
88348001,3404
88350000,3402
88352001,3402
88354000,3404
88356001,3402
88358000,3404
88360000,3405
88362000,3404
88364000,3399
88366000,3402
88368001,3405
88370001,3404
88372000,3400
88374000,3403
88376001,3403
88378000,3403
88380000,3398
88382001,3398
88384000,3402
88386001,3402
88388000,3405
88390001,3402
88392000,3405
88394001,3402
88396000,3405
88398000,3403
88400000,3403
88402000,3407
88404000,3397
88406000,3403
88408000,3405
88410000,3404
88412000,3405
88414000,3403
88416000,3402
88418000,3397
88420000,3401
88422001,3405
88424000,3402
88426001,3405
88428000,3394
88430001,3401
88432001,3403
88434001,3402
88436000,3399
88438000,3403
88440001,3406
88442001,3397
88444000,3403
88446001,3401
88448000,3403
88450000,3401
88452001,3399
88454001,3403
88456001,3399
88458000,3402
88460001,3402
88462001,3405
88464000,3405
88466000,3403
88468000,3399
88470000,3402
88472000,3403
88474000,3402
88476000,3404
88478000,3403
88480000,3395
88482000,3398
88484000,3403
88486000,3402
88488000,3399
88490000,3407
88492000,3402
88494000,3405
88496000,3402
88498000,3405
88500000,3402
88502000,3403
88504000,3402
88506000,3405
88508000,3402
88510000,3405
88512001,3399
88514000,3403
88516001,3402
88518000,3399
88520001,3401
88522000,3399
88524001,3403
88526001,3398
88528001,3405
88530000,3398
88532000,3399
88534001,3399
88536000,3401
88538001,3405
88540001,3399
88542000,3402
88544000,3399
88546001,3402
88548000,3403
88550001,3401
88552000,3402
88554001,3399
88556000,3402
88558001,3401
88560001,3403
88562000,3403
88564000,3405
88566000,3398
88568000,3399
88570001,3408
88572001,3405
88574000,3401
88576001,3402
88578000,3402
88580000,3401
88582001,3402
88584000,3405
88586000,3397
88588000,3403
88590000,3401
88592000,3407
88594000,3406
88596001,3408
88598000,3406
88600000,3402
88602001,3399
88604000,3405
88606000,3404
88608000,3402
88610000,3408
88612000,3405
88614000,3403
88616000,3405
88618000,3403
88620000,3402
88622000,3403
88624000,3403
88626000,3405
88628000,3403
88630001,3397
88632001,3389
88634001,3396
88636001,3399
88638000,3403
88640001,3402
88642000,3405
88644001,3402
88646000,3399
88648000,3402
88650001,3399
88652000,3399
88654001,3406
88656001,3403
88658001,3399
88660000,3398
88662001,3407
88664000,3404
88666001,3399
88668000,3406
88670001,3403
88672001,3405
88674000,3407
88676001,3405
88678000,3402
88680000,3403
88682000,3403
88684000,3408
88686000,3402
88688000,3407
88690000,3403
88692000,3399
88694000,3397
88696000,3401
88698001,3401
88700001,3403
88702001,3406
88704001,3404
88706001,3405
88708001,3399
88710001,3401
88712000,3404
88714000,3407
88716000,3403
88718000,3404
88720000,3405
88722000,3403
88724001,3406
88726000,3407
88728000,3404
88730000,3407
88732000,3401
88734000,3404
88736000,3402
88738000,3405
88740001,3403
88742000,3402
88744001,3403
88746000,3402
88748001,3402
88750000,3401
88752000,3401
88754000,3405
88756000,3405
88758000,3399
88760000,3399
88762000,3398
88764000,3405
88766000,3406
88768000,3406
88770000,3408
88772000,3399
88774000,3401
88776000,3404
88778000,3404
88780001,3403
88782001,3401
88784000,3401
88786000,3399
88788000,3402
88790000,3404
88792000,3401
88794000,3396
88796000,3402
88798000,3398
88800000,3402
88802000,3402
88804000,3397
88806000,3402
88808000,3403
88810000,3405
88812000,3406
88814000,3398
88816001,3403
88818000,3405
88820000,3403
88822001,3399
88824001,3402
88826000,3403
88828000,3408
88830000,3403
88832000,3407
88834001,3401
88836001,3403
88838000,3403
88840000,3397
88842000,3408
88844000,3405
88846000,3405
88848000,3399
88850001,3405
88852001,3401
88854001,3405
88856000,3402
88858000,3406
88860001,3399
88862001,3403
88864001,3405
88866000,3396
88868001,3402
88870000,3398
88872001,3399
88874001,3402
88876001,3405
88878000,3405
88880000,3396
88882000,3404
88884000,3401
88886000,3400
88888000,3407
88890000,3405
88892000,3408
88894000,3407
88896001,3398
88898001,3400
88900001,3398
88902000,3397
88904000,3402
88906001,3398
88908001,3402
88910000,3403
88912000,3401
88914000,3399
88916000,3403
88918001,3407
88920000,3403
88922001,3401
88924000,3404
88926001,3403
88928000,3406
88930000,3399
88932001,3403
88934000,3401
88936001,3401
88938000,3404
88940001,3403
88942000,3406
88944001,3406
88946001,3401
88948001,3399
88950000,3403
88952000,3404
88954000,3403
88956000,3408
88958000,3401
88960000,3401
88962000,3405
88964001,3395
88966000,3404
88968000,3407
88970000,3408
88972000,3402
88974000,3403
88976000,3405
88978000,3408
88980000,3398
88982000,3395
88984001,3401
88986000,3398
88988000,3403
88990000,3401
88992000,3399
88994000,3402
88996000,3401
88998001,3406
89000001,3405
89002000,3403
89004000,3402
89006000,3403
89008000,3402
89010000,3404
89012000,3402
89014000,3406
89016000,3399
89018000,3405
89020000,3399
89022000,3406
89024000,3403
89026000,3405
89028001,3401
89030001,3403
89032000,3406
89034001,3399
89036001,3401
89038000,3406
89040000,3401
89042000,3401
89044000,3401
89046000,3402
89048000,3403
89050000,3399
89052000,3405
89054000,3405
89056000,3406
89058001,3401
89060001,3401
89062001,3403
89064000,3399
89066000,3402
89068000,3402
89070000,3401
89072000,3405
89074000,3405
89076000,3397
89078001,3403
89080000,3401
89082001,3401
89084001,3403
89086000,3407
89088000,3397
89090000,3403
89092001,3402
89094001,3398
89096000,3407
89098000,3398
89100001,3404
89102001,3405
89104000,3403
89106000,3399
89108000,3405
89110000,3402
89112000,3404
89114000,3402
89116001,3406
89118000,3397
89120000,3405
89122000,3405
89124000,3402
89126000,3402
89128001,3403
89130000,3401
89132001,3403
89134001,3404
89136000,3401
89138000,3402
89140000,3402
89142000,3403
89144001,3402
89146000,3401
89148000,3403
89150000,3403
89152000,3399
89154001,3393
89156000,3392
89158000,3405
89160000,3402
89162000,3405
89164000,3403
89166000,3403
89168000,3404
89170000,3401
89172000,3403
89174000,3399
89176000,3408
89178001,3401
89180000,3403
89182000,3398
89184000,3403
89186000,3402
89188000,3399
89190000,3403
89192000,3401
89194000,3404
89196000,3403
89198000,3395
89200000,3397
89202000,3404
89204001,3411
89206001,3402
89208000,3402
89210000,3403
89212000,3404
89214000,3403
89216000,3399
89218001,3405
89220000,3392
89222001,3397
89224001,3403
89226001,3407
89228000,3408
89230001,3399
89232000,3401
89234001,3401
89236000,3405
89238001,3403
89240001,3408
89242001,3402
89244000,3402
89246001,3408
89248001,3395
89250000,3403
89252001,3403
89254000,3398
89256001,3403
89258001,3399
89260000,3402
89262000,3399
89264001,3407
89266000,3401
89268001,3404
89270001,3404
89272001,3399
89274000,3401
89276000,3405
89278000,3398
89280001,3403
89282000,3403
89284001,3405
89286000,3401
89288001,3402
89290000,3401
89292000,3403
89294000,3402
89296001,3401
89298001,3399
89300001,3403
89302001,3399
89304000,3407
89306000,3405
89308001,3401
89310000,3405
89312001,3402
89314000,3401
89316000,3401
89318001,3403
89320000,3404
89322001,3403
89324000,3402
89326000,3399
89328001,3399
89330000,3403
89332000,3400
89334000,3406
89336000,3399
89338000,3403
89340000,3402
89342000,3398
89344001,3407
89346001,3407
89348001,3405
89350001,3402
89352001,3399
89354000,3402
89356001,3405
89358001,3407
89360001,3398
89362001,3402
89364001,3403
89366001,3405
89368001,3406
89370001,3405
89372000,3397
89374001,3394
89376001,3399
89378000,3403
89380000,3405
89382001,3405
89384000,3405
89386001,3401
89388000,3398
89390001,3397
89392000,3403
89394001,3404
89396001,3403
89398000,3396
89400000,3403
89402000,3399
89404001,3407
89406001,3403
89408000,3405
89410000,3405
89412000,3405
89414001,3403
89416001,3410
89418001,3405
89420000,3407
89422000,3405
89424000,3406
89426000,3402
89428000,3400
89430000,3403
89432000,3402
89434000,3402
89436000,3403
89438000,3403
89440000,3398
89442000,3405
89444000,3406
89446001,3400
89448001,3403
89450001,3404
89452001,3402
89454001,3402
89456000,3403
89458000,3408
89460000,3403
89462000,3402
89464000,3406
89466000,3402
89468000,3402
89470000,3403
89472000,3403
89474000,3407
89476000,3403
89478000,3403
89480000,3407
89482000,3411
89484000,3403
89486000,3397
89488000,3403
89490000,3399
89492000,3403
89494000,3402
89496001,3405
89498001,3398
89500000,3404
89502001,3401
89504000,3401
89506000,3401
89508000,3406
89510000,3403
89512000,3403
89514000,3407
89516001,3406
89518001,3397
89520001,3401
89522000,3403
89524000,3402
89526001,3402
89528000,3423
89530001,3405
89532000,3406
89534000,3399
89536000,3406
89538000,3405
89540000,3403
89542001,3403
89544000,3403
89546001,3386
89548000,3401
89550001,3399
89552000,3399
89554000,3402
89556001,3397
89558000,3397
89560000,3405
89562000,3398
89564000,3404
89566000,3399
89568000,3402
89570000,3402
89572001,3402
89574000,3405
89576000,3406
89578000,3402
89580000,3406
89582000,3404
89584000,3403
89586000,3402
89588001,3404
89590000,3399
89592001,3399
89594000,3403
89596000,3402
89598001,3399
89600000,3400
89602000,3406
89604000,3401
89606000,3399
89608000,3406
89610000,3404
89612000,3402
89614000,3403
89616001,3403
89618001,3403
89620000,3404
89622000,3402
89624000,3398
89626000,3403
89628000,3403
89630000,3401
89632000,3401
89634000,3405
89636001,3401
89638000,3399
89640000,3393
89642000,3402
89644000,3405
89646000,3401
89648000,3406
89650000,3402
89652000,3404
89654001,3407
89656001,3406
89658001,3405
89660001,3403
89662001,3403
89664000,3404
89666000,3399
89668000,3401
89670000,3403
89672000,3403
89674000,3405
89676001,3403
89678000,3399
89680000,3402
89682000,3403
89684001,3397
89686000,3401
89688000,3399
89690001,3399
89692001,3401
89694000,3400
89696001,3403
89698000,3404
89700001,3404
89702001,3401
89704000,3402
89706001,3401
89708001,3403
89710000,3402
89712001,3404
89714000,3398
89716000,3401
89718000,3403
89720000,3405
89722000,3399
89724000,3402
89726000,3402
89728000,3399
89730000,3408
89732000,3403
89734001,3405
89736000,3403
89738000,3405
89740001,3405
89742001,3402
89744000,3397
89746001,3402
89748000,3405
89750001,3406
89752001,3403
89754001,3399
89756001,3404
89758000,3401
89760001,3405
89762000,3406
89764001,3403
89766001,3405
89768001,3401
89770001,3403
89772000,3402
89774000,3402
89776001,3401
89778000,3405
89780001,3403
89782000,3402
89784000,3403
89786000,3403
89788001,3404
89790001,3403
89792001,3401
89794001,3404
89796000,3403
89798000,3401
89800001,3398
89802001,3403
89804000,3403
89806000,3403
89808000,3403
89810000,3404
89812000,3399
89814000,3402
89816001,3401
89818000,3405
89820001,3407
89822001,3394
89824000,3405
89826001,3401
89828000,3408
89830001,3398
89832001,3408
89834000,3405
89836000,3405
89838001,3403
89840000,3401
89842001,3408
89844000,3407
89846001,3399
89848000,3400
89850000,3403
89852001,3397
89854001,3402
89856001,3403
89858001,3404
89860000,3401
89862000,3399
89864000,3402
89866000,3395
89868000,3408
89870000,3407
89872000,3407
89874001,3403
89876000,3407
89878000,3401
89880001,3402
89882001,3404
89884000,3402
89886001,3403
89888000,3405
89890001,3404
89892001,3402
89894000,3402
89896001,3407
89898001,3400
89900000,3408
89902000,3403
89904000,3407
89906000,3402
89908000,3403
89910000,3404
89912001,3406
89914000,3403
89916001,3401
89918000,3402
89920000,3404
89922000,3402
89924000,3406
89926000,3399
89928000,3397
89930000,3405
89932000,3402
89934000,3403
89936001,3365
89938000,3407
89940000,3407
89942000,3406
89944000,3403
89946000,3402
89948000,3402
89950000,3404
89952000,3401
89954000,3407
89956000,3393
89958000,3402
89960000,3404
89962000,3397
89964000,3406
89966000,3406
89968000,3405
89970000,3405
89972001,3401
89974001,3401
89976001,3403
89978000,3415
89980001,3402
89982001,3405
89984000,3401
89986000,3397
89988000,3407
89990000,3397
89992000,3406
89994001,3402
89996000,3399
89998000,3393
90000001,3399
90002001,3405
90004001,3404
90006000,3381
90008000,3403
90010000,3436
90012000,3376
90014001,3408
90016001,3390
90018000,3469
90020000,3499
90022001,3408
90024000,3408
90026001,3344
90028000,3408
90030001,3362
90032001,3381
90034001,3407
90036000,3406
90038001,3315
90040000,3387
90042001,3365
90044000,3472
90046001,3360
90048000,3408
90050001,3338
90052000,3403
90054001,3502
90056000,3407
90058001,3374
90060001,3412
90062000,3386
90064001,3369
90066001,3408
90068001,3370
90070001,3392
90072000,3396
90074000,3402
90076000,3409
90078001,3382
90080000,3408
90082001,3382
90084001,3472
90086001,3403
90088000,3451
90090001,3395
90092000,3392
90094000,3404
90096001,3391
90098000,3453
90100001,3397
90102001,3393
90104001,3404
90106000,3382
90108001,3390
90110000,3413
90112000,3426
90114001,3415
90116000,3384
90118001,3393
90120000,3437
90122000,3454
90124000,3377
90126000,3408
90128000,3389
90130000,3468
90132001,3434
90134000,3405
90136001,3422
90138001,3450
90140001,3438
90142000,3382
90144001,3389
90146001,3438
90148000,3401
90150001,3382
90152001,3438
90154000,3410
90156000,3423
90158001,3393
90160001,3399
90162001,3418
90164000,3403
90166001,3423
90168000,3349
90170000,3461
90172001,3403
90174001,3383
90176001,3467
90178001,3447
90180000,3409
90182000,3385
90184000,3408
90186000,3406
90188000,3404
90190001,3408
90192000,3417
90194001,3409
90196001,3405
90198001,3402
90200000,3408
90202001,3408
90204001,3399
90206001,3403
90208001,3403
90210000,3419
90212001,3399
90214001,3403
90216000,3420
90218001,3405
90220001,3413
90222001,3392
90224000,3402
90226000,3408
90228001,3441
90230000,3410
90232000,3401
90234001,3407
90236001,3392
90238001,3399
90240000,3399
90242001,3407
90244001,3405
90246001,3421
90248001,3379
90250001,3408
90252000,3399
90254001,3408
90256001,3399
90258000,3406
90260001,3403
90262001,3395
90264000,3403
90266000,3403
90268000,3405
90270000,3400
90272000,3394
90274000,3405
90276001,3399
90278000,3405
90280001,3402
90282000,3406
90284000,3399
90286001,3406
90288001,3403
90290001,3402
90292001,3402
90294000,3397
90296000,3406
90298001,3407
90300000,3395
90302000,3393
90304001,3403
90306000,3404
90308000,3397
90310000,3405
90312001,3389
90314000,3405
90316001,3413
90318001,3402
90320001,3407
90322000,3408
90324001,3405
90326000,3408
90328001,3406
90330000,3408
90332000,3407
90334000,3411
90336000,3407
90338001,3398
90340001,3408
90342000,3408
90344000,3408
90346000,3397
90348000,3403
90350000,3399
90352000,3402
90354000,3405
90356001,3407
90358001,3402
90360001,3403
90362000,3402
90364001,3407
90366001,3399
90368000,3402
90370000,3403
90372001,3397
90374001,3398
90376000,3390
90378001,3397
90380000,3394
90382000,3406
90384001,3402
90386000,3408
90388001,3406
90390000,3404
90392001,3391
90394001,3404
90396000,3397
90398001,3408
90400000,3405
90402000,3403
90404000,3399
90406000,3402
90408000,3399
90410000,3402
90412000,3403
90414000,3402
90416000,3402
90418000,3406
90420000,3408
90422000,3399
90424001,3399
90426000,3403
90428000,3403
90430001,3407
90432000,3405
90434000,3401
90436000,3403
90438000,3403
90440000,3402
90442001,3399
90444001,3403
90446001,3407
90448000,3408
90450001,3407
90452000,3408
90454001,3406
90456001,3402
90458001,3400
90460001,3407
90462000,3402
90464001,3407
90466000,3402
90468001,3407
90470001,3395
90472001,3408
90474000,3392
90476001,3399
90478000,3407
90480001,3399
90482001,3391
90484000,3406
90486000,3399
90488000,3406
90490001,3395
90492000,3406
90494001,3408
90496000,3404
90498000,3401
90500000,3410
90502000,3403
90504001,3409
90506000,3400
90508000,3405
90510000,3405
90512000,3395
90514001,3407
90516001,3401
90518001,3392
90520001,3407
90522001,3399
90524001,3406
90526001,3406
90528000,3403
90530001,3408
90532000,3403
90534001,3403
90536000,3407
90538000,3405
90540000,3401
90542000,3397
90544000,3402
90546001,3405
90548000,3402
90550000,3398
90552000,3401
90554000,3405
90556000,3405
90558000,3405
90560000,3405
90562001,3399
90564001,3408
90566001,3403
90568000,3405
90570001,3405
90572000,3399
90574001,3407
90576001,3404
90578001,3405
90580001,3406
90582001,3399
90584000,3402
90586000,3407
90588000,3404
90590000,3405
90592000,3405
90594000,3404
90596000,3406
90598000,3405
90600000,3403
90602000,3403
90604001,3402
90606001,3407
90608000,3401
90610001,3399
90612001,3403
90614001,3407
90616001,3399
90618001,3395
90620000,3405
90622000,3403
90624000,3407
90626001,3407
90628001,3407
90630001,3398
90632001,3399
90634001,3405
90636001,3405
90638001,3403
90640001,3402
90642000,3402
90644001,3407
90646001,3405
90648001,3408
90650000,3404
90652000,3407
90654000,3407
90656000,3406
90658001,3406
90660001,3399
90662000,3407
90664000,3403
90666000,3403
90668000,3405
90670000,3408
90672001,3397
90674001,3403
90676000,3407
90678000,3404
90680000,3403
90682001,3405
90684001,3407
90686001,3405
90688000,3405
90690000,3405
90692000,3403
90694000,3408
90696000,3406
90698001,3410
90700000,3403
90702000,3402
90704000,3401
90706000,3403
90708000,3406
90710000,3403
90712001,3405
90714000,3403
90716001,3403
90718000,3419
90720001,3403
90722000,3402
90724001,3403
90726000,3405
90728001,3405
90730000,3405
90732001,3401
90734000,3403
90736001,3403
90738001,3405
90740001,3403
90742000,3403
90744001,3401
90746000,3401
90748001,3406
90750001,3405
90752000,3407
90754001,3406
90756001,3403
90758000,3405
90760001,3404
90762000,3402
90764000,3403
90766000,3407
90768001,3406
90770000,3407
90772001,3403
90774000,3403
90776000,3403
90778000,3405
90780000,3402
90782001,3405
90784000,3395
90786000,3403
90788000,3405
90790001,3401
90792000,3405
90794001,3407
90796000,3403
90798001,3403
90800000,3402
90802001,3407
90804001,3405
90806000,3403
90808001,3402
90810000,3405
90812001,3401
90814001,3401
90816001,3398
90818000,3399
90820001,3399
90822000,3365
90824000,3403
90826000,3399
90828000,3407
90830000,3407
90832000,3405
90834000,3403
90836000,3401
90838000,3407
90840001,3403
90842000,3406
90844001,3402
90846000,3401
90848000,3405
90850000,3404
90852000,3403
90854000,3408
90856000,3405
90858001,3402
90860001,3406
90862000,3403
90864001,3401
90866000,3403
90868001,3397
90870000,3405
90872000,3406
90874000,3401
90876001,3401
90878000,3402
90880000,3406
90882000,3403
90884000,3401
90886000,3405
90888000,3408
90890000,3400
90892000,3408
90894000,3408
90896000,3402
90898000,3406
90900000,3402
90902000,3403
90904000,3403
90906000,3403
90908000,3403
90910000,3408
90912000,3407
90914000,3406
90916000,3403
90918000,3405
90920000,3406
90922000,3407
90924001,3403
90926001,3399
90928000,3408
90930000,3405
90932000,3405
90934001,3403
90936000,3402
90938000,3406
90940000,3406
90942001,3397
90944001,3396
90946000,3402
90948000,3405
90950001,3407
90952001,3405
90954001,3405
90956000,3405
90958001,3403
90960001,3402
90962000,3402
90964001,3403
90966000,3399
90968001,3401
90970001,3405
90972000,3404
90974001,3405
90976001,3405
90978001,3405
90980001,3405
90982001,3406
90984000,3405
90986001,3402
90988001,3408
90990000,3400
90992001,3403
90994000,3407
90996001,3408
90998000,3408
91000000,3406
91002000,3403
91004001,3404
91006000,3405
91008000,3407
91010001,3406
91012001,3406
91014000,3403
91016001,3401
91018001,3407
91020000,3399
91022001,3403
91024000,3403
91026001,3407
91028000,3402
91030001,3407
91032001,3406
91034000,3408
91036001,3405
91038001,3405
91040000,3404
91042000,3408
91044000,3403
91046001,3405
91048001,3405
91050000,3408
91052001,3405
91054000,3407
91056000,3407
91058000,3408
91060000,3406
91062000,3406
91064001,3403
91066000,3408
91068000,3402
91070000,3408
91072001,3407
91074001,3403
91076000,3407
91078000,3403
91080000,3403
91082000,3406
91084000,3404
91086000,3403
91088000,3403
91090000,3407
91092000,3403
91094001,3401
91096000,3405
91098001,3407
91100001,3406
91102001,3402
91104000,3405
91106001,3407
91108001,3401
91110000,3399
91112001,3407
91114001,3399
91116001,3405
91118001,3407
91120000,3408
91122001,3403
91124000,3404
91126001,3424
91128000,3407
91130001,3407
91132001,3408
91134001,3403
91136000,3408
91138001,3403
91140001,3408
91142000,3405
91144001,3402
91146000,3401
91148001,3407
91150001,3399
91152000,3401
91154000,3403
91156001,3405
91158001,3403
91160001,3407
91162000,3406
91164000,3403
91166001,3399
91168000,3406
91170001,3403
91172000,3405
91174001,3405
91176001,3405
91178001,3405
91180001,3407
91182001,3406
91184001,3403
91186000,3405
91188001,3405
91190000,3401
91192000,3405
91194000,3405
91196000,3405
91198000,3405
91200001,3406
91202001,3406
91204001,3408
91206001,3406
91208001,3405
91210000,3405
91212001,3404
91214000,3405
91216001,3403
91218001,3402
91220001,3406
91222000,3401
91224000,3402
91226000,3405
91228001,3401
91230000,3407
91232000,3402
91234000,3402
91236000,3406
91238000,3401
91240000,3405
91242000,3407
91244000,3404
91246000,3401
91248000,3401
91250000,3403
91252000,3408
91254000,3408
91256000,3404
91258000,3403
91260000,3406
91262000,3406
91264000,3413
91266000,3406
91268000,3401
91270000,3405
91272000,3411
91274000,3403
91276001,3402
91278000,3403
91280000,3405
91282000,3402
91284000,3407
91286000,3407
91288000,3405
91290000,3405
91292000,3405
91294000,3406
91296001,3399
91298000,3403
91300000,3402
91302001,3405
91304001,3401
91306000,3403
91308000,3402
91310000,3406
91312000,3402
91314000,3408
91316000,3407
91318001,3408
91320000,3405
91322000,3408
91324000,3402
91326000,3407
91328000,3407
91330001,3397
91332000,3406
91334001,3407
91336001,3403
91338001,3399
91340001,3408
91342001,3407
91344000,3403
91346001,3402
91348001,3403
91350001,3407
91352000,3405
91354001,3394
91356001,3406
91358001,3405
91360000,3403
91362001,3403
91364001,3403
91366000,3405
91368001,3400
91370000,3406
91372001,3393
91374000,3401
91376000,3406
91378000,3403
91380000,3404
91382001,3407
91384001,3405
91386000,3404
91388001,3404
91390000,3406
91392001,3404
91394001,3403
91396000,3407
91398000,3403
91400001,3406
91402000,3403
91404001,3405
91406000,3399
91408001,3405
91410001,3405
91412000,3403
91414000,3403
91416000,3406
91418000,3407
91420001,3401
91422000,3405
91424001,3405
91426001,3402
91428001,3404
91430001,3408
91432001,3400
91434000,3408
91436001,3406
91438000,3406
91440000,3402
91442000,3408
91444000,3408
91446001,3407
91448000,3405
91450001,3403
91452001,3403
91454000,3404
91456000,3403
91458000,3398
91460000,3408
91462001,3406
91464000,3405
91466001,3407
91468001,3406
91470001,3405
91472000,3404
91474001,3407
91476001,3407
91478000,3405
91480001,3401
91482001,3403
91484000,3404
91486000,3408
91488000,3408
91490000,3397
91492000,3403
91494000,3407
91496000,3403
91498001,3405
91500001,3407
91502001,3405
91504000,3407
91506000,3403
91508001,3404
91510000,3419
91512000,3403
91514001,3407
91516000,3403
91518000,3402
91520000,3407
91522000,3404
91524000,3407
91526000,3404
91528000,3399
91530000,3408
91532000,3405
91534000,3403
91536000,3405
91538000,3406
91540001,3406
91542000,3405
91544001,3403
91546001,3406
91548000,3408
91550001,3405
91552001,3407
91554000,3407
91556001,3403
91558001,3404
91560000,3408
91562001,3408
91564001,3403
91566001,3405
91568000,3406
91570000,3407
91572000,3405
91574000,3407
91576000,3405
91578000,3405
91580000,3405
91582001,3402
91584000,3401
91586000,3406
91588000,3408
91590000,3407
91592000,3406
91594000,3401
91596001,3405
91598001,3404
91600001,3401
91602000,3408
91604001,3401
91606000,3408
91608001,3402
91610000,3407
91612000,3405
91614001,3402
91616000,3403
91618000,3405
91620001,3409
91622000,3405
91624001,3406
91626001,3406
91628001,3406
91630000,3405
91632001,3402
91634000,3407
91636001,3407
91638000,3405
91640001,3404
91642000,3405
91644001,3407
91646001,3402
91648000,3407
91650001,3408
91652000,3408
91654000,3405
91656000,3407
91658000,3403
91660000,3406
91662000,3405
91664000,3408
91666000,3401
91668001,3407
91670001,3407
91672001,3402
91674001,3405
91676001,3405
91678001,3408
91680000,3408
91682001,3405
91684001,3408
91686000,3405
91688001,3404
91690000,3405
91692001,3408
91694001,3407
91696001,3403
91698001,3403
91700000,3401
91702000,3407
91704001,3402
91706000,3403
91708001,3401
91710001,3405
91712001,3408
91714001,3405
91716000,3405
91718001,3406
91720000,3405
91722001,3403
91724000,3403
91726001,3402
91728000,3400
91730000,3405
91732001,3407
91734001,3396
91736000,3404
91738000,3405
91740000,3406
91742001,3406
91744001,3408
91746000,3406
91748001,3403
91750001,3405
91752001,3402
91754000,3408
91756001,3408
91758000,3405
91760001,3401
91762001,3404
91764001,3399
91766000,3402
91768001,3403
91770000,3403
91772000,3407
91774000,3403
91776000,3407
91778000,3404
91780000,3405
91782000,3406
91784000,3401
91786000,3404
91788000,3407
91790000,3407
91792001,3407
91794001,3407
91796001,3404
91798000,3405
91800000,3403
91802000,3408
91804000,3405
91806000,3407
91808000,3407
91810000,3406
91812000,3406
91814000,3407
91816001,3399
91818000,3405
91820001,3408
91822001,3406
91824000,3406
91826000,3404
91828000,3406
91830000,3403
91832000,3404
91834000,3399
91836001,3407
91838001,3398
91840000,3403
91842001,3407
91844000,3403
91846001,3405
91848001,3403
91850001,3403
91852000,3406
91854000,3406
91856001,3407
91858000,3402
91860001,3401
91862001,3406
91864001,3408
91866001,3402
91868000,3406
91870000,3407
91872000,3405
91874000,3405
91876000,3403
91878000,3406
91880001,3408
91882001,3402
91884001,3405
91886001,3408
91888001,3403
91890000,3406
91892000,3406
91894001,3407
91896001,3404
91898001,3405
91900000,3401
91902000,3403
91904001,3405
91906000,3403
91908001,3408
91910001,3402
91912001,3405
91914001,3403
91916001,3405
91918000,3408
91920000,3403
91922000,3398
91924000,3403
91926000,3410
91928000,3401
91930000,3401
91932000,3402
91934000,3404
91936000,3404
91938001,3402
91940000,3403
91942000,3405
91944000,3403
91946000,3401
91948000,3404
91950000,3400
91952001,3403
91954000,3373
91956000,3398
91958000,3396
91960000,3402
91962001,3403
91964001,3406
91966001,3380
91968001,3406
91970001,3403
91972000,3402
91974000,3403
91976000,3403
91978000,3403
91980000,3405
91982000,3402
91984000,3405
91986000,3405
91988000,3405
91990000,3406
91992000,3407
91994000,3401
91996001,3406
91998001,3404
92000001,3401
92002001,3408
92004000,3404
92006001,3402
92008000,3404
92010001,3408
92012000,3403
92014000,3405
92016000,3405
92018001,3397
92020001,3407
92022001,3403
92024000,3404
92026001,3403
92028000,3406
92030000,3405
92032000,3404
92034001,3403
92036000,3405
92038000,3404
92040000,3401
92042000,3402
92044000,3407
92046000,3403
92048000,3405
92050000,3407
92052000,3408
92054000,3402
92056000,3402
92058001,3404
92060001,3402
92062000,3407
92064001,3408
92066000,3408
92068001,3403
92070001,3404
92072001,3399
92074000,3405
92076000,3404
92078001,3404
92080000,3405
92082000,3403
92084001,3403
92086000,3406
92088000,3408
92090000,3400
92092001,3407
92094001,3408
92096000,3406
92098001,3406
92100001,3404
92102001,3407
92104000,3408
92106001,3403
92108000,3399
92110000,3404
92112001,3403
92114000,3405
92116001,3405
92118001,3404
92120000,3406
92122000,3406
92124001,3399
92126001,3403
92128000,3405
92130000,3403
92132000,3401
92134000,3402
92136000,3405
92138000,3403
92140000,3398
92142000,3401
92144000,3407
92146000,3403
92148000,3404
92150001,3403
92152001,3405
92154000,3403
92156000,3408
92158000,3405
92160000,3403
92162001,3398
92164001,3407
92166000,3401
92168001,3407
92170000,3405
92172000,3407
92174000,3399
92176001,3405
92178000,3406
92180001,3405
92182001,3405
92184000,3398
92186001,3393
92188000,3403
92190001,3406
92192001,3402
92194000,3402
92196000,3405
92198000,3403
92200000,3406
92202000,3405
92204000,3403
92206000,3399
92208000,3406
92210000,3408
92212000,3405
92214001,3407
92216000,3406
92218001,3402
92220000,3407
92222001,3407
92224000,3406
92226001,3399
92228001,3408
92230001,3403
92232000,3407
92234001,3405
92236000,3407
92238001,3407
92240001,3404
92242001,3405
92244001,3406
92246001,3406
92248000,3405
92250001,3407
92252001,3406
92254001,3405
92256000,3408
92258001,3405
92260000,3401
92262000,3407
92264001,3405
92266001,3403
92268000,3405
92270001,3405
92272001,3398
92274000,3404
92276001,3402
92278000,3399
92280000,3403
92282000,3403
92284000,3406
92286000,3403
92288000,3405
92290000,3405
92292000,3406
92294000,3405
92296000,3403
92298001,3407
92300000,3405
92302001,3403
92304000,3398
92306001,3405
92308000,3406
92310000,3405
92312001,3403
92314001,3407
92316000,3407
92318000,3405
92320000,3403
92322000,3405
92324000,3401
92326000,3404
92328001,3407
92330001,3404
92332001,3406
92334001,3401
92336001,3401
92338001,3402
92340000,3405
92342001,3404
92344001,3403
92346000,3404
92348000,3407
92350001,3407
92352001,3407
92354000,3404
92356001,3404
92358001,3404
92360000,3403
92362001,3402
92364000,3398
92366001,3406
92368000,3403
92370001,3407
92372000,3405
92374001,3401
92376001,3399
92378000,3405
92380000,3408
92382000,3405
92384000,3405
92386000,3403
92388001,3406
92390001,3403
92392000,3408
92394000,3397
92396001,3405
92398000,3405
92400000,3397
92402000,3406
92404000,3407
92406000,3406
92408000,3405
92410001,3406
92412001,3409
92414001,3408
92416000,3401
92418001,3403
92420001,3403
92422001,3407
92424001,3408
92426000,3406
92428001,3404
92430001,3406
92432001,3403
92434000,3403
92436000,3403
92438000,3407
92440000,3406
92442000,3401
92444000,3405
92446000,3402
92448000,3404
92450000,3399
92452000,3406
92454000,3403
92456001,3401
92458001,3404
92460000,3406
92462000,3403
92464000,3403
92466000,3404
92468000,3403
92470000,3406
92472000,3405
92474000,3407
92476000,3402
92478000,3406
92480000,3407
92482000,3405
92484001,3406
92486000,3403
92488001,3403
92490000,3403
92492001,3405
92494001,3407
92496000,3399
92498000,3404
92500000,3405
92502001,3405
92504001,3407
92506001,3401
92508001,3402
92510001,3406
92512000,3402
92514000,3401
92516000,3401
92518000,3402
92520000,3402
92522000,3399
92524000,3404
92526000,3405
92528000,3407
92530000,3406
92532001,3406
92534000,3410
92536001,3408
92538001,3408
92540001,3405
92542000,3405
92544000,3407
92546000,3403
92548001,3405
92550000,3399
92552000,3400
92554000,3408
92556000,3396
92558000,3408
92560000,3403
92562000,3404
92564000,3417
92566000,3409
92568000,3392
92570000,3386
92572000,3418
92574000,3378
92576000,3487
92578000,3423
92580000,3405
92582000,3409
92584000,3406
92586000,3412
92588000,3407
92590000,3419
92592000,3295
92594001,3359
92596000,3343
92598000,3405
92600001,3375
92602001,3475
92604000,3279
92606001,3391
92608001,3408
92610000,3405
92612000,3409
92614000,3379
92616000,3392
92618000,3406
92620000,3408
92622000,3392
92624001,3414
92626001,3388
92628001,3408
92630000,3408
92632000,3408
92634000,3403
92636001,3453
92638000,3379
92640000,3372
92642000,3404
92644000,3404
92646000,3398
92648001,3407
92650000,3477
92652001,3402
92654000,3408
92656000,3440
92658000,3408
92660000,3394
92662000,3399
92664000,3402
92666000,3415
92668000,3459
92670000,3422
92672000,3408
92674000,3440
92676000,3399
92678000,3425
92680000,3400
92682000,3439
92684000,3381
92686000,3472
92688000,3430
92690001,3408
92692001,3385
92694001,3357
92696000,3394
92698000,3398
92700000,3390
92702001,3367
92704001,3402
92706001,3376
92708000,3428
92710001,3345
92712000,3362
92714000,3469
92716000,3355
92718000,3426
92720000,3387
92722000,3426
92724000,3405
92726000,3392
92728000,3405
92730000,3408
92732001,3386
92734000,3376
92736001,3455
92738001,3345
92740000,3397
92742001,3408
92744000,3419
92746001,3394
92748000,3377
92750001,3393
92752000,3408
92754000,3403
92756000,3399
92758000,3406
92760000,3403
92762000,3405
92764000,3403
92766000,3412
92768000,3428
92770001,3408
92772001,3401
92774001,3399
92776000,3378
92778000,3392
92780000,3454
92782000,3373
92784001,3414
92786001,3403
92788000,3408
92790000,3423
92792000,3393
92794000,3407
92796000,3407
92798001,3433
92800001,3375
92802000,3408
92804000,3419
92806001,3415
92808000,3407
92810001,3423
92812001,3405
92814001,3399
92816000,3402
92818001,3407
92820001,3395
92822000,3408
92824000,3406
92826000,3400
92828000,3403
92830001,3405
92832001,3405
92834000,3408
92836001,3403
92838001,3405
92840000,3403
92842000,3410
92844001,3403
92846000,3403
92848000,3408
92850000,3410
92852000,3406
92854000,3400
92856000,3403
92858001,3406
92860000,3401
92862000,3406
92864000,3399
92866000,3415
92868000,3394
92870000,3407
92872000,3405
92874000,3399
92876000,3406
92878000,3401
92880000,3403
92882000,3405
92884000,3402
92886000,3407
92888000,3411
92890000,3409
92892001,3405
92894001,3406
92896000,3396
92898001,3407
92900000,3406
92902000,3405
92904000,3407
92906001,3405
92908000,3408
92910001,3401
92912001,3405
92914001,3408
92916000,3399
92918000,3415
92920001,3408
92922000,3400
92924001,3403
92926000,3405
92928000,3405
92930000,3402
92932000,3406
92934001,3401
92936000,3403
92938001,3408
92940001,3405
92942001,3402
92944001,3400
92946000,3401
92948001,3402
92950000,3403
92952000,3399
92954001,3408
92956001,3403
92958000,3407
92960000,3408
92962000,3400
92964000,3404
92966001,3407
92968000,3408
92970000,3404
92972000,3403
92974000,3399
92976000,3398
92978000,3397
92980000,3404
92982000,3408
92984000,3403
92986000,3406
92988000,3402
92990000,3398
92992000,3406
92994000,3403
92996000,3407
92998000,3408
93000000,3405
93002000,3408
93004000,3406
93006001,3407
93008000,3405
93010000,3408
93012001,3403
93014000,3405
93016000,3403
93018000,3408
93020001,3405
93022000,3409
93024000,3405
93026001,3408
93028000,3402
93030001,3403
93032000,3405
93034000,3398
93036000,3404
93038000,3398
93040000,3408
93042000,3406
93044000,3405
93046000,3408
93048000,3409
93050000,3407
93052001,3406
93054000,3406
93056001,3397
93058001,3395
93060001,3402
93062000,3405
93064001,3405
93066000,3408
93068001,3399
93070000,3405
93072000,3405
93074001,3402
93076000,3408
93078001,3407
93080001,3407
93082001,3403
93084000,3402
93086001,3399
93088000,3403
93090001,3407
93092001,3405
93094000,3403
93096001,3401
93098000,3403
93100001,3403
93102000,3406
93104001,3403
93106000,3396
93108000,3402
93110000,3401
93112000,3402
93114000,3391
93116000,3405
93118000,3402
93120000,3406
93122000,3402
93124000,3405
93126000,3405
93128000,3405
93130000,3402
93132001,3407
93134000,3399
93136000,3409
93138000,3404
93140000,3405
93142000,3402
93144000,3408
93146000,3407
93148001,3403
93150001,3406
93152000,3404
93154001,3399
93156000,3407
93158000,3398
93160000,3408
93162001,3403
93164001,3403
93166000,3405
93168000,3405
93170000,3407
93172000,3403
93174000,3401
93176000,3403
93178000,3403
93180000,3408
93182000,3406
93184001,3406
93186000,3404
93188000,3408
93190000,3402
93192001,3407
93194001,3404
93196001,3404
93198000,3405
93200001,3410
93202001,3403
93204000,3406
93206001,3403
93208000,3401
93210001,3408
93212000,3406
93214001,3406
93216000,3407
93218000,3403
93220001,3408
93222000,3401
93224000,3407
93226001,3405
93228000,3408
93230000,3408
93232000,3403
93234000,3408
93236000,3402
93238000,3406
93240000,3405
93242001,3402
93244000,3406
93246001,3406
93248000,3406
93250000,3407
93252001,3411
93254000,3403
93256000,3408
93258000,3408
93260000,3405
93262000,3403
93264001,3403
93266000,3406
93268000,3408
93270000,3403
93272000,3403
93274001,3407
93276000,3406
93278000,3407
93280000,3404
93282001,3406
93284001,3403
93286001,3406
93288000,3408
93290001,3404
93292000,3403
93294000,3399
93296001,3408
93298000,3406
93300001,3408
93302000,3408
93304000,3405
93306001,3407
93308001,3407
93310000,3405
93312000,3404
93314000,3407
93316000,3407
93318001,3406
93320000,3403
93322000,3406
93324001,3405
93326001,3402
93328001,3405
93330001,3399
93332001,3402
93334001,3402
93336001,3405
93338000,3406
93340001,3405
93342000,3405
93344000,3408
93346000,3408
93348000,3406
93350000,3407
93352001,3407
93354000,3402
93356000,3405
93358000,3407
93360000,3408
93362000,3405
93364000,3408
93366000,3408
93368000,3403
93370000,3402
93372000,3402
93374000,3404
93376000,3401
93378000,3408
93380000,3402
93382000,3406
93384000,3407
93386000,3405
93388000,3401
93390000,3405
93392000,3402
93394000,3409
93396001,3408
93398001,3399
93400001,3408
93402001,3408
93404001,3406
93406000,3408
93408001,3403
93410001,3408
93412000,3403
93414000,3404
93416000,3405
93418000,3408
93420000,3407
93422000,3403
93424000,3408
93426001,3406
93428001,3405
93430000,3407
93432001,3402
93434000,3405
93436001,3403
93438001,3408
93440001,3404
93442001,3406
93444000,3407
93446001,3408
93448000,3407
93450001,3408
93452000,3402
93454001,3403
93456000,3405
93458001,3405
93460001,3404
93462001,3405
93464000,3406
93466001,3404
93468000,3408
93470001,3408
93472000,3406
93474000,3408
93476000,3405
93478000,3407
93480001,3403
93482001,3408
93484001,3402
93486001,3407
93488001,3406
93490000,3407
93492001,3398
93494000,3403
93496000,3408
93498000,3401
93500001,3406
93502000,3408
93504001,3407
93506000,3406
93508001,3405
93510001,3399
93512001,3407
93514000,3406
93516001,3408
93518001,3404
93520001,3404
93522000,3407
93524000,3403
93526000,3401
93528000,3403
93530001,3403
93532001,3408
93534000,3407
93536001,3403
93538000,3408
93540001,3408
93542000,3406
93544000,3403
93546000,3410
93548001,3406
93550001,3407
93552001,3407
93554001,3407
93556000,3406
93558000,3406
93560001,3402
93562000,3406
93564000,3403
93566000,3407
93568001,3405
93570000,3408
93572001,3406
93574001,3406
93576000,3408
93578001,3406
93580001,3407
93582000,3403
93584000,3405
93586000,3403
93588001,3408
93590000,3405
93592001,3407
93594000,3408
93596001,3408
93598001,3406
93600000,3407
93602001,3408
93604000,3406
93606001,3408
93608000,3406
93610000,3403
93612000,3403
93614000,3407
93616000,3406
93618000,3408
93620000,3405
93622000,3407
93624000,3408
93626001,3407
93628001,3366
93630000,3408
93632001,3407
93634001,3407
93636000,3407
93638000,3408
93640000,3406
93642000,3404
93644000,3408
93646001,3403
93648000,3406
93650000,3402
93652000,3402
93654000,3408
93656000,3403
93658001,3407
93660000,3408
93662001,3405
93664000,3406
93666001,3408
93668001,3406
93670000,3409
93672000,3409
93674000,3404
93676001,3407
93678001,3406
93680000,3408
93682000,3407
93684000,3407
93686000,3405
93688000,3408
93690000,3407
93692000,3407
93694000,3408
93696000,3406
93698000,3406
93700000,3406
93702000,3410
93704000,3409
93706001,3407
93708000,3408
93710001,3408
93712000,3408
93714000,3408
93716000,3407
93718000,3406
93720000,3407
93722000,3405
93724001,3408
93726001,3408
93728001,3407
93730000,3407
93732001,3410
93734000,3408
93736001,3403
93738001,3408
93740001,3407
93742000,3404
93744001,3408
93746000,3406
93748000,3407
93750001,3397
93752001,3408
93754000,3406
93756000,3407
93758000,3403
93760000,3408
93762000,3408
93764000,3407
93766000,3408
93768000,3408
93770000,3406
93772000,3408
93774000,3406
93776000,3406
93778000,3406
93780000,3408
93782001,3408
93784001,3408
93786000,3409
93788000,3408
93790000,3405
93792000,3408
93794000,3405
93796000,3408
93798001,3407
93800000,3408
93802001,3399
93804000,3407
93806000,3407
93808000,3408
93810000,3406
93812000,3408
93814000,3406
93816001,3408
93818001,3408
93820001,3408
93822000,3405
93824000,3408
93826000,3403
93828000,3408
93830000,3407
93832000,3408
93834001,3405
93836000,3406
93838000,3406
93840000,3407
93842000,3407
93844001,3406
93846000,3408
93848000,3408
93850001,3406
93852001,3402
93854001,3404
93856001,3402
93858001,3406
93860000,3407
93862000,3408
93864000,3410
93866000,3407
93868000,3405
93870000,3408
93872000,3404
93874000,3407
93876000,3407
93878000,3406
93880000,3408
93882000,3407
93884001,3408
93886000,3407
93888000,3408
93890000,3406
93892000,3406
93894001,3406
93896000,3405
93898001,3407
93900000,3408
93902001,3403
93904000,3408
93906000,3408
93908000,3405
93910000,3408
93912000,3408
93914000,3404
93916000,3404
93918000,3405
93920000,3405
93922001,3406
93924001,3407
93926000,3407
93928000,3408
93930000,3407
93932000,3407
93934001,3406
93936001,3406
93938001,3408
93940000,3408
93942000,3408
93944000,3408
93946000,3407
93948000,3407
93950000,3408
93952000,3408
93954001,3407
93956000,3408
93958000,3408
93960000,3405
93962000,3406
93964001,3405
93966001,3404
93968000,3408
93970000,3408
93972000,3407
93974001,3408
93976000,3406
93978001,3408
93980001,3408
93982001,3404
93984000,3408
93986000,3409
93988000,3407
93990000,3415
93992000,3407
93994000,3407
93996000,3408
93998000,3408
94000000,3406
94002000,3405
94004000,3409
94006000,3408
94008000,3409
94010000,3408
94012000,3405
94014000,3407
94016000,3406
94018000,3407
94020000,3407
94022001,3406
94024000,3408
94026001,3408
94028000,3409
94030001,3404
94032000,3395
94034000,3408
94036000,3407
94038000,3408
94040000,3408
94042001,3404
94044000,3404
94046000,3407
94048000,3415
94050001,3407
94052000,3405
94054000,3405
94056000,3408
94058000,3405
94060000,3411
94062000,3408
94064000,3405
94066001,3406
94068001,3405
94070001,3408
94072000,3411
94074001,3410
94076000,3408
94078001,3408
94080001,3408
94082000,3403
94084000,3408
94086000,3406
94088001,3391
94090000,3407
94092001,3405
94094001,3408
94096000,3406
94098000,3406
94100000,3401
94102000,3408
94104000,3407
94106001,3408
94108000,3405
94110000,3408
94112000,3408
94114000,3408
94116001,3409
94118001,3407
94120000,3407
94122001,3407
94124000,3406
94126000,3408
94128000,3406
94130001,3408
94132001,3405
94134000,3403
94136000,3408
94138000,3408
94140000,3407
94142001,3407
94144000,3401
94146001,3408
94148001,3408
94150001,3408
94152000,3408
94154000,3395
94156000,3408
94158000,3408
94160000,3407
94162000,3403
94164000,3405
94166000,3405
94168000,3406
94170000,3405
94172000,3407
94174000,3408
94176001,3408
94178001,3406
94180001,3406
94182001,3408
94184001,3405
94186001,3406
94188001,3408
94190001,3407
94192001,3408
94194000,3408
94196001,3408
94198000,3408
94200000,3408
94202000,3408
94204000,3408
94206000,3406
94208001,3402
94210001,3407
94212001,3405
94214000,3406
94216000,3407
94218001,3408
94220000,3406
94222000,3406
94224001,3408
94226000,3405
94228001,3411
94230001,3407
94232001,3407
94234000,3398
94236001,3408
94238001,3408
94240001,3407
94242001,3406
94244000,3405
94246001,3408
94248001,3408
94250001,3408
94252001,3408
94254001,3408
94256000,3403
94258000,3404
94260000,3403
94262000,3405
94264000,3408
94266000,3408
94268000,3405
94270000,3405
94272000,3408
94274001,3405
94276001,3405
94278001,3409
94280001,3417
94282000,3408
94284000,3408
94286000,3408
94288000,3411
94290001,3408
94292001,3406
94294001,3408
94296001,3407
94298000,3408
94300000,3406
94302000,3408
94304000,3402
94306000,3405
94308000,3407
94310001,3408
94312001,3408
94314000,3406
94316000,3405
94318001,3406
94320000,3410
94322000,3406
94324000,3408
94326000,3404
94328001,3404
94330001,3408
94332001,3408
94334000,3408
94336001,3406
94338000,3410
94340000,3409
94342000,3405
94344000,3408
94346001,3406
94348001,3403
94350000,3404
94352001,3406
94354000,3408
94356000,3408
94358001,3404
94360000,3408
94362001,3405
94364001,3408
94366000,3406
94368001,3407
94370001,3407
94372001,3408
94374001,3408
94376000,3408
94378001,3408
94380000,3408
94382000,3407
94384000,3414
94386000,3405
94388000,3409
94390000,3407
94392000,3404
94394000,3408
94396000,3408
94398000,3408
94400000,3407
94402000,3408
94404000,3406
94406000,3405
94408000,3408
94410000,3408
94412000,3408
94414000,3408
94416000,3406
94418001,3408
94420000,3408
94422000,3408
94424001,3408
94426001,3406
94428001,3408
94430000,3405
94432001,3408
94434000,3408
94436001,3408
94438000,3408
94440000,3408
94442000,3408
94444000,3405
94446000,3408
94448000,3408
94450000,3408
94452000,3408
94454000,3405
94456000,3407
94458000,3403
94460000,3405
94462000,3408
94464000,3406
94466000,3404
94468000,3408
94470000,3408
94472000,3403
94474000,3404
94476000,3407
94478000,3403
94480000,3405
94482000,3407
94484000,3406
94486000,3406
94488000,3408
94490000,3408
94492000,3404
94494000,3408
94496000,3407
94498000,3407
94500000,3408
94502000,3407
94504000,3407
94506000,3405
94508000,3407
94510000,3408
94512001,3408
94514001,3407
94516000,3407
94518001,3408
94520000,3407
94522000,3409
94524000,3408
94526001,3405
94528001,3408
94530000,3408
94532001,3408
94534001,3407
94536000,3408
94538000,3408
94540001,3406
94542000,3407
94544001,3406
94546001,3406
94548001,3408
94550001,3405
94552000,3406
94554000,3407
94556000,3408
94558000,3407
94560000,3408
94562000,3408
94564001,3408
94566001,3405
94568001,3407
94570001,3402
94572000,3406
94574000,3406
94576001,3407
94578000,3404
94580000,3405
94582001,3409
94584000,3406
94586000,3405
94588000,3403
94590001,3407
94592001,3408
94594001,3406
94596001,3408
94598000,3408
94600000,3407
94602000,3407
94604000,3408
94606000,3408
94608000,3408
94610000,3408
94612000,3408
94614001,3405
94616000,3408
94618001,3408
94620001,3405
94622000,3410
94624000,3411
94626000,3405
94628000,3408
94630000,3406
94632001,3408
94634000,3406
94636000,3408
94638000,3407
94640000,3408
94642000,3406
94644000,3408
94646000,3408
94648000,3408
94650000,3409
94652000,3409
94654000,3408
94656000,3405
94658000,3408
94660000,3409
94662000,3406
94664000,3405
94666000,3406
94668000,3408
94670000,3407
94672001,3407
94674001,3405
94676000,3408
94678001,3415
94680001,3405
94682001,3405
94684000,3406
94686000,3408
94688000,3405
94690000,3405
94692000,3408
94694001,3408
94696001,3407
94698000,3405
94700000,3408
94702000,3408
94704000,3407
94706001,3402
94708000,3408
94710001,3405
94712000,3405
94714000,3408
94716001,3408
94718000,3406
94720001,3408
94722000,3408
94724000,3409
94726000,3403
94728000,3407
94730000,3405
94732001,3408
94734000,3405
94736000,3407
94738000,3407
94740000,3406
94742000,3408
94744000,3407
94746000,3399
94748001,3408
94750000,3408
94752000,3408
94754000,3408
94756001,3408
94758001,3413
94760001,3408
94762001,3407
94764000,3405
94766001,3407
94768000,3407
94770000,3402
94772000,3407
94774000,3405
94776001,3408
94778001,3401
94780000,3407
94782001,3403
94784000,3407
94786001,3407
94788000,3408
94790001,3407
94792001,3407
94794000,3408
94796001,3409
94798001,3408
94800001,3408
94802000,3407
94804001,3406
94806001,3407
94808000,3406
94810000,3407
94812000,3408
94814000,3407
94816000,3411
94818000,3406
94820000,3406
94822000,3405
94824000,3406
94826001,3408
94828000,3407
94830000,3402
94832001,3405
94834000,3408
94836000,3405
94838000,3408
94840000,3408
94842001,3407
94844001,3408
94846000,3407
94848001,3408
94850001,3406
94852000,3406
94854001,3406
94856001,3408
94858001,3407
94860000,3408
94862000,3408
94864000,3405
94866000,3408
94868000,3409
94870001,3408
94872001,3409
94874000,3407
94876000,3408
94878001,3407
94880000,3399
94882000,3408
94884000,3408
94886000,3408
94888000,3408
94890000,3408
94892000,3411
94894000,3408
94896000,3408
94898000,3406
94900001,3408
94902000,3395
94904000,3406
94906001,3406
94908000,3406
94910001,3406
94912001,3405
94914001,3408
94916001,3408
94918001,3408
94920000,3408
94922001,3406
94924001,3409
94926000,3407
94928000,3407
94930001,3406
94932000,3408
94934000,3408
94936000,3405
94938000,3406
94940001,3407
94942000,3407
94944001,3399
94946001,3407
94948001,3405
94950000,3408
94952001,3406
94954000,3411
94956000,3407
94958000,3411
94960000,3408
94962000,3408
94964000,3408
94966000,3401
94968000,3408
94970000,3408
94972000,3407
94974000,3409
94976000,3407
94978000,3407
94980000,3408
94982001,3408
94984000,3408
94986001,3406
94988000,3407
94990001,3407
94992000,3408
94994001,3408
94996001,3406
94998001,3405
95000000,3408
95002001,3408
95004001,3407
95006001,3407
95008001,3404
95010001,3407
95012001,3407
95014001,3408
95016000,3408
95018000,3409
95020000,3408
95022000,3407
95024000,3408
95026000,3407
95028000,3407
95030001,3405
95032000,3407
95034000,3408
95036001,3408
95038001,3405
95040000,3407
95042000,3408
95044001,3406
95046000,3409
95048000,3408
95050000,3407
95052000,3408
95054000,3411
95056000,3404
95058000,3411
95060000,3407
95062000,3405
95064000,3408
95066000,3408
95068000,3409
95070000,3406
95072000,3408
95074000,3408
95076000,3408
95078001,3407
95080000,3408
95082000,3407
95084000,3402
95086000,3406
95088000,3408
95090000,3408
95092000,3405
95094000,3408
95096000,3405
95098000,3408
95100000,3408
95102001,3407
95104001,3408
95106001,3407
95108000,3409
95110000,3406
95112001,3408
95114000,3409
95116000,3397
95118000,3419
95120000,3410
95122000,3395
95124001,3397
95126000,3393
95128001,3421
95130001,3411
95132001,3410
95134001,3434
95136000,3420
95138001,3402
95140000,3414
95142001,3408
95144001,3327
95146000,3455
95148001,3429
95150000,3412
95152001,3402
95154000,3524
95156000,3423
95158000,3398
95160000,3409
95162000,3406
95164001,3380
95166001,3408
95168000,3398
95170000,3411
95172000,3436
95174000,3408
95176000,3408
95178001,3390
95180000,3401
95182000,3402
95184000,3407
95186000,3410
95188001,3382
95190000,3403
95192000,3403
95194000,3417
95196000,3408
95198000,3407
95200001,3402
95202000,3371
95204000,3408
95206000,3440
95208000,3409
95210000,3404
95212000,3399
95214000,3394
95216000,3382
95218000,3376
95220000,3408
95222000,3398
95224000,3404
95226000,3389
95228000,3407
95230000,3374
95232001,3391
95234000,3376
95236000,3376
95238001,3452
95240000,3403
95242000,3394
95244000,3366
95246000,3391
95248001,3391
95250001,3428
95252000,3382
95254000,3382
95256000,3395
95258000,3491
95260000,3459
95262000,3395
95264000,3406
95266000,3411
95268000,3391
95270000,3408
95272001,3430
95274001,3403
95276000,3408
95278001,3467
95280000,3391
95282001,3408
95284001,3442
95286000,3414
95288000,3409
95290001,3408
95292000,3411
95294001,3504
95296000,3415
95298000,3438
95300000,3409
95302000,3415
95304001,3353
95306000,3408
95308000,3403
95310000,3408
95312000,3412
95314000,3381
95316000,3405
95318000,3409
95320000,3408
95322000,3416
95324000,3409
95326001,3403
95328001,3408
95330000,3408
95332000,3386
95334001,3408
95336000,3413
95338000,3427
95340000,3443
95342001,3440
95344001,3405
95346000,3410
95348001,3447
95350001,3415
95352000,3408
95354001,3408
95356000,3407
95358001,3376
95360001,3414
95362000,3407
95364000,3399
95366000,3408
95368001,3433
95370000,3407
95372001,3408
95374000,3407
95376000,3407
95378001,3408
95380001,3410
95382001,3408
95384000,3406
95386000,3408
95388000,3408
95390000,3403
95392001,3408
95394000,3406
95396001,3408
95398001,3406
95400000,3408
95402001,3411
95404000,3403
95406001,3401
95408000,3403
95410000,3406
95412000,3408
95414000,3408
95416000,3403
95418001,3406
95420000,3407
95422001,3402
95424000,3408
95426000,3408
95428000,3408
95430000,3408
95432000,3408
95434000,3408
95436000,3408
95438000,3408
95440001,3408
95442001,3410
95444001,3406
95446001,3407
95448000,3408
95450000,3411
95452000,3409
95454000,3411
95456000,3412
95458000,3408
95460000,3403
95462000,3407
95464001,3403
95466000,3409
95468000,3405
95470000,3408
95472000,3405
95474001,3414
95476001,3403
95478000,3402
95480000,3408
95482000,3407
95484001,3405
95486001,3398
95488001,3408
95490001,3409
95492001,3408
95494000,3407
95496001,3409
95498000,3408
95500000,3414
95502001,3407
95504001,3407
95506001,3408
95508000,3407
95510000,3407
95512000,3408
95514000,3408
95516000,3407
95518000,3408
95520000,3409
95522000,3408
95524000,3408
95526001,3408
95528001,3404
95530000,3411
95532000,3404
95534000,3405
95536000,3408
95538000,3408
95540001,3408
95542000,3408
95544001,3397
95546001,3410
95548001,3410
95550001,3408
95552001,3412
95554000,3408
95556000,3410
95558000,3407
95560000,3408
95562000,3408
95564000,3404
95566000,3407
95568000,3408
95570000,3407
95572000,3408
95574001,3415
95576000,3406
95578001,3408
95580000,3408
95582000,3408
95584000,3408
95586000,3408
95588000,3406
95590000,3412
95592000,3413
95594000,3408
95596000,3407
95598000,3408
95600000,3402
95602000,3414
95604000,3407
95606001,3408
95608001,3406
95610001,3407
95612000,3408
95614001,3409
95616000,3408
95618000,3406
95620000,3408
95622000,3415
95624000,3410
95626000,3408
95628000,3411
95630001,3475
95632000,3408
95634000,3407
95636000,3408
95638000,3408
95640000,3408
95642000,3406
95644000,3410
95646000,3406
95648000,3407
95650000,3404
95652000,3408
95654000,3409
95656000,3407
95658000,3408
95660001,3407
95662001,3406
95664001,3415
95666001,3407
95668001,3407
95670000,3402
95672000,3408
95674000,3407
95676000,3407
95678000,3406
95680000,3404
95682001,3408
95684000,3408
95686001,3408
95688001,3407
95690000,3405
95692001,3407
95694001,3410
95696000,3408
95698001,3407
95700000,3408
95702001,3407
95704000,3408
95706000,3407
95708001,3408
95710000,3413
95712000,3408
95714000,3408
95716000,3408
95718000,3408
95720001,3408
95722001,3408
95724000,3408
95726000,3408
95728000,3406
95730000,3409
95732000,3408
95734000,3408
95736000,3408
95738000,3418
95740000,3407
95742000,3410
95744000,3408
95746000,3405
95748001,3408
95750001,3406
95752000,3408
95754000,3408
95756000,3408
95758000,3408
95760000,3407
95762000,3409
95764000,3407
95766000,3408
95768000,3409
95770000,3406
95772000,3409
95774000,3405
95776000,3408
95778000,3405
95780001,3407
95782001,3409
95784001,3408
95786001,3407
95788000,3406
95790000,3410
95792001,3407
95794001,3405
95796000,3409
95798000,3409
95800000,3408
95802000,3406
95804000,3408
95806000,3408
95808000,3408
95810000,3410
95812001,3406
95814001,3407
95816001,3408
95818001,3408
95820000,3407
95822000,3409
95824000,3408
95826000,3415
95828000,3406
95830000,3408
95832000,3415
95834000,3407
95836000,3408
95838000,3408
95840000,3408
95842000,3408
95844000,3403
95846000,3407
95848000,3407
95850001,3408
95852001,3405
95854001,3408
95856001,3407
95858001,3408
95860000,3407
95862001,3409
95864001,3408
95866001,3410
95868000,3408
95870000,3405
95872000,3410
95874000,3409
95876000,3408
95878000,3407
95880000,3407
95882000,3408
95884000,3407
95886000,3408
95888000,3407
95890000,3409
95892001,3408
95894001,3406
95896000,3408
95898000,3408
95900000,3407
95902000,3408
95904000,3407
95906000,3407
95908000,3407
95910001,3408
95912001,3408
95914000,3407
95916000,3406
95918000,3407
95920000,3406
95922000,3408
95924000,3409
95926000,3407
95928000,3406
95930000,3408
95932000,3408
95934000,3407
95936000,3408
95938001,3407
95940000,3408
95942000,3407
95944000,3406
95946000,3403
95948000,3408
95950000,3407
95952001,3408
95954001,3408
95956001,3408
95958001,3408
95960000,3405
95962000,3407
95964000,3408
95966000,3408
95968000,3409
95970000,3408
95972000,3407
95974000,3407
95976000,3408
95978000,3408
95980000,3408
95982001,3409
95984000,3403
95986000,3408
95988001,3408
95990000,3406
95992001,3408
95994000,3407
95996001,3408
95998000,3407
96000001,3410
96002000,3403
96004000,3409
96006001,3407
96008001,3408
96010000,3408
96012000,3408
96014000,3407
96016000,3407
96018000,3408
96020001,3408
96022001,3405
96024000,3408
96026000,3403
96028000,3407
96030000,3408
96032000,3407
96034000,3408
96036000,3408
96038000,3407
96040000,3408
96042000,3408
96044000,3408
96046001,3407
96048001,3410
96050000,3408
96052001,3406
96054000,3410
96056000,3406
96058001,3408
96060001,3407
96062000,3406
96064000,3407
96066000,3409
96068000,3408
96070001,3408
96072001,3408
96074000,3407
96076000,3407
96078001,3405
96080001,3407
96082000,3408
96084000,3408
96086000,3408
96088000,3406
96090000,3408
96092001,3408
96094001,3408
96096001,3406
96098001,3408
96100001,3403
96102001,3408
96104000,3406
96106000,3408
96108000,3408
96110000,3408
96112000,3408
96114000,3408
96116001,3404
96118001,3408
96120001,3408
96122000,3408
96124000,3406
96126001,3405
96128001,3406
96130001,3408
96132001,3408
96134000,3408
96136000,3407
96138000,3407
96140000,3408
96142000,3408
96144000,3408
96146001,3408
96148000,3407
96150000,3408
96152000,3408
96154000,3407
96156000,3405
96158000,3408
96160000,3410
96162000,3408
96164000,3407
96166000,3406
96168000,3402
96170000,3407
96172000,3405
96174000,3407
96176000,3408
96178000,3406
96180000,3408
96182000,3405
96184000,3407
96186000,3414
96188000,3408
96190001,3408
96192001,3408
96194001,3408
96196000,3409
96198000,3408
96200000,3408
96202000,3407
96204000,3407
96206000,3407
96208000,3407
96210000,3407
96212000,3408
96214001,3408
96216000,3408
96218000,3407
96220000,3408
96222000,3408
96224001,3408
96226000,3407
96228000,3408
96230000,3407
96232000,3408
96234000,3408
96236000,3408
96238000,3403
96240000,3409
96242000,3406
96244000,3406
96246000,3405
96248000,3406
96250000,3406
96252000,3408
96254000,3408
96256000,3409
96258001,3406
96260001,3408
96262000,3408
96264001,3408
96266001,3405
96268001,3406
96270000,3408
96272001,3407
96274000,3406
96276001,3408
96278001,3409
96280000,3408
96282000,3406
96284000,3407
96286000,3409
96288000,3406
96290000,3408
96292000,3403
96294000,3408
96296000,3405
96298000,3408
96300000,3408
96302000,3408
96304000,3403
96306000,3407
96308001,3408
96310000,3405
96312001,3409
96314000,3408
96316000,3408
96318001,3408
96320000,3408
96322001,3405
96324000,3408
96326000,3410
96328001,3408
96330000,3407
96332001,3408
96334000,3407
96336000,3409
96338000,3408
96340000,3406
96342000,3409
96344000,3408
96346000,3408
96348000,3408
96350000,3405
96352000,3408
96354000,3408
96356000,3406
96358001,3407
96360000,3408
96362000,3408
96364000,3408
96366001,3405
96368000,3406
96370001,3399
96372001,3408
96374001,3408
96376000,3405
96378000,3406
96380001,3408
96382001,3408
96384001,3407
96386000,3408
96388001,3406
96390000,3408
96392001,3408
96394000,3408
96396001,3408
96398000,3408
96400001,3409
96402000,3409
96404001,3408
96406001,3410
96408001,3408
96410000,3408
96412000,3408
96414001,3407
96416000,3406
96418001,3408
96420000,3406
96422000,3408
96424000,3408
96426000,3409
96428000,3408
96430000,3403
96432000,3408
96434000,3406
96436000,3407
96438000,3409
96440000,3409
96442000,3408
96444000,3408
96446000,3408
96448000,3408
96450001,3408
96452001,3408
96454000,3408
96456000,3408
96458000,3405
96460001,3406
96462000,3404
96464000,3403
96466000,3405
96468000,3408
96470000,3405
96472000,3406
96474001,3402
96476000,3408
96478000,3405
96480000,3403
96482000,3407
96484000,3407
96486001,3408
96488001,3408
96490000,3408
96492001,3408
96494001,3407
96496000,3406
96498001,3407
96500001,3408
96502000,3408
96504000,3407
96506000,3408
96508000,3408
96510000,3409
96512000,3408
96514000,3396
96516000,3409
96518000,3408
96520001,3408
96522001,3408
96524001,3407
96526000,3407
96528000,3409
96530000,3408
96532001,3407
96534000,3406
96536001,3404
96538001,3408
96540000,3408
96542001,3408
96544000,3409
96546000,3408
96548000,3408
96550000,3406
96552000,3409
96554000,3408
96556000,3408
96558001,3408
96560001,3408
96562001,3408
96564000,3408
96566001,3407
96568000,3408
96570000,3410
96572000,3408
96574000,3409
96576000,3409
96578001,3403
96580001,3405
96582001,3408
96584001,3408
96586001,3408
96588000,3408
96590000,3408
96592000,3408
96594000,3408
96596000,3408
96598000,3408
96600000,3408
96602000,3408
96604000,3405
96606000,3405
96608000,3408
96610000,3405
96612000,3408
96614000,3406
96616000,3408
96618000,3408
96620000,3407
96622000,3408
96624000,3407
96626000,3408
96628000,3407
96630000,3409
96632000,3408
96634000,3403
96636000,3404
96638000,3409
96640000,3405
96642000,3408
96644000,3406
96646000,3405
96648000,3405
96650000,3408
96652001,3408
96654001,3403
96656000,3406
96658001,3412
96660000,3408
96662001,3408
96664001,3405
96666000,3408
96668000,3410
96670000,3407
96672000,3408
96674000,3407
96676000,3407
96678000,3408
96680000,3407
96682000,3407
96684000,3408
96686000,3408
96688001,3408
96690001,3408
96692000,3408
96694000,3408
96696001,3409
96698000,3405
96700000,3407
96702000,3409
96704000,3405
96706000,3408
96708000,3408
96710000,3409
96712001,3408
96714000,3408
96716000,3408
96718000,3407
96720001,3404
96722000,3408
96724000,3408
96726000,3408
96728001,3408
96730000,3408
96732000,3407
96734000,3408
96736000,3406
96738000,3405
96740000,3406
96742000,3408
96744000,3407
96746000,3399
96748000,3408
96750000,3408
96752000,3409
96754000,3407
96756000,3408
96758000,3407
96760000,3408
96762000,3408
96764000,3409
96766000,3408
96768000,3408
96770000,3408
96772000,3409
96774000,3408
96776000,3406
96778000,3408
96780000,3405
96782000,3408
96784000,3408
96786000,3408
96788000,3408
96790000,3407
96792000,3405
96794000,3408
96796000,3407
96798000,3408
96800000,3408
96802000,3408
96804000,3408
96806000,3407
96808000,3407
96810000,3408
96812000,3410
96814000,3408
96816000,3408
96818000,3408
96820001,3407
96822000,3408
96824000,3408
96826000,3408
96828001,3408
96830001,3415
96832000,3407
96834000,3408
96836000,3408
96838000,3406
96840000,3408
96842000,3408
96844000,3407
96846000,3408
96848001,3408
96850000,3408
96852000,3414
96854000,3408
96856000,3407
96858000,3408
96860001,3409
96862000,3408
96864000,3410
96866001,3408
96868000,3408
96870000,3407
96872000,3408
96874000,3408
96876000,3408
96878000,3407
96880000,3405
96882000,3406
96884000,3408
96886000,3408
96888001,3408
96890001,3408
96892000,3409
96894000,3408
96896000,3408
96898000,3405
96900000,3407
96902000,3407
96904000,3408
96906000,3408
96908000,3408
96910000,3408
96912001,3409
96914000,3408
96916001,3408
96918001,3404
96920001,3406
96922001,3408
96924001,3408
96926001,3381
96928000,3410
96930001,3408
96932001,3408
96934001,3404
96936001,3401
96938001,3408
96940000,3407
96942001,3406
96944000,3406
96946000,3408
96948000,3411
96950000,3408
96952000,3408
96954000,3408
96956000,3408
96958001,3408
96960000,3404
96962001,3408
96964001,3408
96966000,3408
96968000,3407
96970000,3403
96972000,3407
96974001,3405
96976001,3408
96978000,3408
96980001,3408
96982001,3407
96984000,3408
96986000,3408
96988001,3408
96990000,3404
96992001,3402
96994001,3408
96996000,3408
96998001,3407
97000001,3405
97002000,3408
97004000,3408
97006000,3405
97008000,3408
97010000,3408
97012000,3403
97014001,3408
97016000,3407
97018000,3407
97020001,3406
97022000,3408
97024001,3407
97026000,3411
97028000,3410
97030001,3408
97032001,3405
97034001,3404
97036000,3411
97038000,3408
97040000,3408
97042000,3409
97044000,3405
97046000,3405
97048000,3408
97050000,3406
97052001,3408
97054000,3407
97056000,3410
97058000,3407
97060001,3408
97062000,3408
97064000,3408
97066000,3408
97068000,3404
97070000,3402
97072001,3406
97074000,3408
97076001,3406
97078001,3409
97080000,3408
97082001,3408
97084000,3408
97086000,3408
97088000,3408
97090000,3405
97092001,3407
97094000,3408
97096001,3405
97098000,3403
97100000,3408
97102000,3408
97104000,3408
97106000,3408
97108000,3410
97110000,3408
97112000,3403
97114000,3408
97116000,3408
97118000,3408
97120000,3408
97122000,3408
97124001,3407
97126000,3408
97128001,3407
97130001,3408
97132001,3408
97134000,3407
97136001,3408
97138001,3405
97140001,3409
97142000,3408
97144000,3408
97146000,3407
97148000,3408
97150000,3408
97152001,3408
97154001,3408
97156001,3408
97158001,3409
97160001,3407
97162001,3409
97164000,3407
97166000,3408
97168000,3408
97170000,3408
97172001,3407
97174000,3408
97176000,3408
97178000,3408
97180000,3406
97182000,3408
97184000,3408
97186000,3408
97188000,3406
97190001,3408
97192001,3408
97194001,3408
97196000,3408
97198001,3407
97200000,3406
97202001,3407
97204000,3411
97206000,3406
97208000,3408
97210001,3407
97212001,3408
97214001,3407
97216001,3408
97218001,3405
97220000,3408
97222000,3408
97224000,3408
97226000,3408
97228000,3398
97230000,3406
97232001,3408
97234001,3405
97236000,3408
97238001,3408
97240001,3407
97242000,3408
97244000,3407
97246001,3407
97248000,3403
97250000,3407
97252000,3410
97254000,3397
97256000,3406
97258001,3405
97260001,3408
97262001,3405
97264001,3407
97266000,3405
97268000,3408
97270001,3408
97272000,3408
97274000,3408
97276000,3408
97278001,3408
97280000,3405
97282000,3407
97284000,3407
97286000,3408
97288000,3407
97290000,3408
97292000,3406
97294000,3408
97296000,3407
97298001,3403
97300001,3409
97302001,3408
97304001,3408
97306000,3408
97308001,3405
97310001,3408
97312001,3408
97314000,3409
97316000,3408
97318001,3408
97320000,3407
97322000,3405
97324001,3402
97326001,3406
97328000,3404
97330000,3410
97332001,3405
97334000,3408
97336001,3408
97338000,3407
97340001,3402
97342000,3408
97344000,3408
97346000,3404
97348000,3406
97350000,3406
97352001,3405
97354000,3405
97356001,3408
97358001,3408
97360000,3411
97362001,3407
97364000,3408
97366001,3411
97368000,3409
97370000,3408
97372000,3408
97374001,3406
97376000,3407
97378001,3405
97380001,3408
97382000,3407
97384000,3408
97386001,3407
97388001,3406
97390000,3407
97392000,3407
97394000,3408
97396000,3406
97398000,3408
97400000,3408
97402000,3408
97404000,3407
97406000,3408
97408001,3408
97410000,3408
97412001,3408
97414001,3405
97416001,3408
97418001,3409
97420001,3408
97422000,3408
97424000,3408
97426001,3408
97428001,3403
97430001,3408
97432000,3407
97434000,3408
97436000,3406
97438000,3407
97440000,3398
97442000,3408
97444000,3408
97446001,3408
97448001,3408
97450001,3408
97452000,3408
97454000,3405
97456000,3407
97458000,3408
97460000,3408
97462000,3408
97464000,3408
97466000,3408
97468000,3408
97470000,3408
97472000,3408
97474000,3408
97476000,3408
97478000,3408
97480001,3406
97482000,3407
97484000,3408
97486000,3407
97488000,3408
97490000,3407
97492000,3408
97494000,3408
97496000,3409
97498000,3408
97500001,3404
97502000,3408
97504000,3408
97506000,3409
97508000,3408
97510001,3407
97512001,3408
97514000,3407
97516001,3407
97518000,3409
97520000,3408
97522000,3408
97524000,3408
97526000,3407
97528000,3408
97530000,3406
97532000,3406
97534000,3408
97536000,3408
97538000,3408
97540000,3406
97542000,3413
97544000,3408
97546000,3406
97548000,3404
97550000,3407
97552001,3409
97554000,3408
97556000,3408
97558000,3409
97560000,3408
97562000,3408
97564000,3408
97566000,3408
97568000,3408
97570001,3408
97572000,3408
97574001,3408
97576000,3408
97578000,3407
97580000,3408
97582000,3408
97584000,3408
97586000,3408
97588000,3407
97590000,3408
97592000,3408
97594000,3408
97596000,3409
97598000,3408
97600001,3410
97602000,3407
97604001,3407
97606000,3414
97608000,3408
97610001,3408
97612000,3408
97614001,3408
97616000,3408
97618001,3405
97620001,3407
97622001,3408
97624000,3407
97626000,3410
97628000,3409
97630001,3408
97632001,3405
97634000,3405
97636000,3407
97638001,3408
97640001,3409
97642001,3408
97644000,3409
97646000,3407
97648000,3403
97650000,3406
97652000,3409
97654000,3408
97656000,3404
97658000,3408
97660001,3409
97662001,3408
97664001,3406
97666001,3411
97668000,3399
97670000,3407
97672000,3407
97674001,3411
97676000,3405
97678000,3413
97680000,3491
97682001,3417
97684001,3406
97686000,3520
97688001,3430
97690000,3450
97692001,3408
97694000,3397
97696000,3408
97698001,3463
97700001,3487
97702000,3416
97704000,3504
97706000,3327
97708000,3469
97710000,3379
97712000,3392
97714000,3419
97716000,3367
97718000,3349
97720000,3418
97722000,3408
97724000,3411
97726000,3414
97728000,3421
97730000,3385
97732001,3408
97734001,3406
97736001,3384
97738000,3408
97740001,3445
97742000,3415
97744000,3406
97746000,3408
97748000,3409
97750000,3407
97752000,3409
97754000,3408
97756000,3408
97758000,3411
97760000,3403
97762001,3399
97764000,3414
97766000,3411
97768000,3404
97770000,3471
97772000,3422
97774000,3421
97776000,3414
97778001,3414
97780001,3394
97782000,3397
97784001,3413
97786001,3413
97788000,3421
97790001,3357
97792001,3445
97794000,3401
97796000,3403
97798001,3430
97800000,3376
97802000,3391
97804000,3417
97806000,3447
97808000,3386
97810000,3393
97812000,3382
97814000,3423
97816000,3477
97818000,3423
97820000,3451
97822000,3436
97824000,3333
97826000,3373
97828000,3463
97830000,3436
97832000,3445
97834000,3421
97836000,3405
97838000,3462
97840000,3392
97842001,3435
97844001,3441
97846001,3462
97848001,3374
97850000,3406
97852000,3375
97854000,3409
97856000,3411
97858000,3396
97860001,3415
97862001,3410
97864000,3406
97866000,3407
97868000,3395
97870000,3407
97872000,3408
97874000,3412
97876000,3410
97878000,3414
97880000,3422
97882000,3424
97884000,3398
97886001,3408
97888000,3404
97890000,3418
97892000,3408
97894000,3376
97896001,3415
97898000,3452
97900000,3402
97902000,3391
97904000,3408
97906000,3408
97908000,3398
97910000,3399
97912000,3440
97914000,3397
97916000,3413
97918000,3405
97920000,3435
97922001,3381
97924001,3406
97926000,3409
97928000,3415
97930000,3407
97932000,3407
97934001,3409
97936000,3415
97938000,3411
97940001,3408
97942001,3416
97944000,3411
97946000,3408
97948000,3407
97950000,3408
97952000,3407
97954000,3408
97956000,3407
97958000,3407
97960000,3408
97962000,3406
97964001,3406
97966001,3408
97968000,3407
97970001,3411
97972000,3409
97974001,3408
97976001,3409
97978000,3403
97980001,3408
97982000,3414
97984000,3407
97986000,3407
97988000,3408
97990000,3407
97992001,3405
97994000,3412
97996000,3407
97998000,3403
98000000,3405
98002000,3408
98004000,3408
98006000,3408
98008000,3408
98010000,3408
98012000,3408
98014000,3409
98016000,3409
98018001,3408
98020000,3408
98022001,3408
98024000,3403
98026000,3408
98028000,3397
98030000,3408
98032000,3398
98034000,3404
98036001,3412
98038000,3407
98040000,3414
98042000,3408
98044000,3408
98046000,3406
98048000,3407
98050000,3409
98052000,3408
98054000,3413
98056000,3413
98058000,3401
98060000,3401
98062000,3408
98064000,3405
98066000,3408
98068000,3408
98070000,3408
98072001,3405
98074000,3405
98076001,3408
98078000,3406
98080000,3407
98082000,3408
98084000,3409
98086000,3408
98088000,3408
98090000,3404
98092000,3407
98094000,3411
98096000,3405
98098000,3407
98100000,3409
98102000,3399
98104000,3408
98106000,3408
98108000,3415
98110000,3408
98112000,3408
98114001,3408
98116000,3417
98118001,3408
98120001,3407
98122000,3408
98124001,3409
98126001,3408
98128001,3406
98130001,3409
98132001,3403
98134001,3407
98136000,3414
98138000,3408
98140000,3408
98142000,3408
98144000,3407
98146000,3408
98148000,3404
98150000,3409
98152000,3412
98154000,3408
98156001,3408
98158001,3405
98160000,3411
98162000,3411
98164001,3409
98166001,3399
98168000,3411
98170001,3408
98172001,3407
98174001,3405
98176000,3408
98178000,3409
98180001,3408
98182001,3408
98184001,3408
98186000,3408
98188001,3408
98190000,3404
98192000,3408
98194000,3408
98196000,3408
98198001,3408
98200000,3405
98202000,3407
98204000,3408
98206000,3409
98208000,3409
98210001,3407
98212000,3405
98214001,3408
98216000,3408
98218000,3407
98220000,3408
98222000,3406
98224001,3408
98226000,3408
98228000,3409
98230000,3408
98232000,3407
98234001,3408
98236001,3407
98238001,3408
98240001,3408
98242000,3406
98244001,3407
98246001,3408
98248001,3408
98250000,3408
98252001,3408
98254000,3408
98256000,3407
98258000,3408
98260000,3407
98262000,3408
98264000,3408
98266000,3407
98268000,3406
98270000,3408
98272000,3408
98274000,3408
98276000,3408
98278000,3411
98280000,3408
98282000,3407
98284000,3408
98286001,3408
98288000,3408
98290001,3399
98292000,3408
98294001,3409
98296000,3411
98298001,3408
98300000,3407
98302001,3408
98304000,3407
98306001,3409
98308000,3409
98310001,3408
98312001,3407
98314000,3408
98316000,3408
98318000,3407
98320000,3408
98322000,3407
98324000,3411
98326000,3405
98328000,3408
98330000,3408
98332000,3405
98334000,3408
98336000,3409
98338000,3408
98340000,3408
98342000,3409
98344000,3407
98346000,3407
98348000,3408
98350000,3410
98352000,3407
98354000,3406
98356000,3407
98358000,3407
98360001,3408
98362000,3408
98364000,3411
98366001,3408
98368001,3407
98370001,3408
98372001,3405
98374001,3408
98376001,3409
98378001,3408
98380000,3408
98382000,3408
98384000,3406
98386000,3408
98388000,3408
98390001,3411
98392000,3408
98394000,3407
98396000,3408
98398000,3410
98400001,3408
98402001,3407
98404001,3408
98406001,3407
98408001,3407
98410000,3408
98412000,3405
98414000,3405
98416000,3403
98418000,3408
98420001,3405
98422001,3405
98424000,3408
98426001,3408
98428001,3410
98430001,3408
98432000,3408
98434001,3408
98436001,3408
98438000,3408
98440001,3411
98442000,3408
98444001,3408
98446000,3408
98448001,3408
98450000,3408
98452001,3408
98454000,3408
98456001,3406
98458000,3408
98460001,3408
98462001,3408
98464001,3408
98466001,3408
98468000,3408
98470000,3409
98472000,3410
98474000,3408
98476000,3415
98478001,3410
98480001,3408
98482001,3408
98484001,3407
98486000,3408
98488001,3408
98490001,3408
98492001,3407
98494001,3408
98496001,3408
98498001,3407
98500000,3407
98502001,3408
98504000,3408
98506000,3407
98508000,3408
98510001,3408
98512000,3403
98514000,3408
98516000,3408
98518000,3410
98520000,3408
98522000,3402
98524000,3409
98526000,3408
98528000,3407
98530000,3407
98532000,3408
98534000,3407
98536000,3409
98538000,3408
98540000,3409
98542001,3406
98544001,3408
98546000,3408
98548001,3409
98550000,3408
98552001,3408
98554000,3402
98556001,3405
98558000,3413
98560000,3407
98562000,3406
98564000,3406
98566000,3406
98568000,3406
98570000,3408
98572001,3412
98574000,3410
98576000,3408
98578000,3407
98580000,3408
98582001,3408
98584000,3406
98586000,3408
98588001,3408
98590001,3405
98592000,3411
98594000,3409
98596000,3408
98598000,3410
98600000,3408
98602001,3408
98604000,3407
98606001,3411
98608000,3407
98610001,3408
98612000,3408
98614001,3409
98616001,3409
98618001,3408
98620000,3408
98622000,3407
98624000,3405
98626000,3408
98628000,3408
98630000,3408
98632001,3408
98634000,3408
98636000,3408
98638000,3408
98640000,3408
98642000,3405
98644000,3406
98646000,3405
98648000,3408
98650000,3408
98652000,3408
98654000,3408
98656000,3408
98658000,3408
98660000,3408
98662000,3408
98664000,3407
98666000,3408
98668000,3408
98670000,3408
98672001,3409
98674000,3405
98676001,3408
98678001,3408
98680000,3408
98682000,3408
98684000,3408
98686000,3408
98688000,3405
98690001,3408
98692000,3408
98694000,3410
98696000,3408
98698000,3407
98700000,3408
98702001,3408
98704000,3408
98706000,3406
98708000,3408
98710000,3408
98712001,3409
98714001,3408
98716000,3407
98718000,3406
98720000,3405
98722000,3403
98724000,3408
98726000,3408
98728000,3408
98730000,3408
98732000,3407
98734000,3410
98736000,3408
98738000,3407
98740000,3408
98742000,3409
98744000,3408
98746000,3408
98748000,3408
98750000,3406
98752000,3406
98754000,3409
98756000,3408
98758000,3407
98760001,3405
98762000,3408
98764001,3407
98766000,3408
98768000,3406
98770000,3408
98772000,3408
98774000,3408
98776000,3408
98778000,3408
98780000,3407
98782000,3408
98784000,3408
98786000,3408
98788000,3408
98790000,3408
98792000,3408
98794000,3413
98796000,3408
98798000,3410
98800000,3408
98802001,3408
98804000,3416
98806001,3409
98808000,3408
98810000,3406
98812001,3407
98814001,3407
98816000,3404
98818001,3408
98820001,3408
98822001,3407
98824000,3408
98826000,3406
98828001,3406
98830000,3408
98832001,3408
98834000,3410
98836001,3409
98838000,3408
98840000,3410
98842000,3408
98844000,3408
98846000,3408
98848001,3409
98850001,3407
98852000,3408
98854000,3407
98856000,3409
98858000,3406
98860000,3408
98862000,3408
98864000,3408
98866000,3407
98868000,3410
98870001,3408
98872000,3407
98874001,3408
98876001,3408
98878000,3408
98880001,3408
98882001,3408
98884000,3408
98886001,3406
98888001,3408
98890000,3401
98892001,3410
98894000,3408
98896000,3408
98898001,3408
98900001,3407
98902000,3413
98904000,3406
98906001,3408
98908001,3410
98910000,3411
98912000,3409
98914000,3407
98916001,3407
98918000,3407
98920000,3408
98922000,3407
98924000,3407
98926000,3409
98928000,3408
98930000,3407
98932000,3408
98934000,3405
98936000,3406
98938000,3408
98940000,3408
98942000,3407
98944001,3409
98946001,3409
98948001,3408
98950001,3408
98952000,3406
98954001,3408
98956000,3408
98958000,3408
98960000,3408
98962000,3408
98964000,3408
98966000,3408
98968000,3408
98970000,3408
98972000,3408
98974000,3409
98976000,3406
98978000,3408
98980001,3406
98982001,3408
98984001,3408
98986000,3408
98988000,3406
98990001,3408
98992001,3410
98994000,3408
98996000,3409
98998000,3405
99000000,3408
99002000,3407
99004000,3408
99006000,3407
99008000,3408
99010000,3408
99012000,3408
99014000,3408
99016000,3408
99018000,3408
99020000,3408
99022000,3406
99024001,3407
99026000,3414
99028001,3408
99030001,3409
99032000,3408
99034001,3408
99036001,3408
99038000,3407
99040000,3406
99042001,3408
99044000,3406
99046000,3408
99048001,3408
99050000,3406
99052000,3406
99054000,3407
99056000,3408
99058000,3410
99060001,3408
99062001,3411
99064001,3407
99066001,3407
99068000,3408
99070000,3408
99072000,3409
99074001,3408
99076000,3408
99078000,3408
99080001,3408
99082000,3408
99084000,3408
99086000,3408
99088000,3408
99090000,3411
99092000,3408
99094001,3408
99096000,3408
99098000,3407
99100000,3413
99102000,3410
99104001,3408
99106000,3408
99108000,3407
99110001,3409
99112000,3407
99114001,3408
99116000,3408
99118000,3407
99120000,3407
99122000,3408
99124001,3408
99126001,3405
99128001,3408
99130001,3408
99132000,3408
99134001,3408
99136000,3408
99138001,3407
99140001,3409
99142001,3408
99144001,3408
99146001,3408
99148000,3406
99150000,3408
99152000,3408
99154000,3412
99156001,3408
99158000,3406
99160000,3408
99162000,3408
99164001,3408
99166000,3408
99168000,3406
99170000,3407
99172001,3408
99174001,3408
99176001,3410
99178001,3409
99180001,3409
99182001,3409
99184000,3408
99186001,3408
99188000,3408
99190000,3407
99192000,3421
99194000,3409
99196000,3408
99198000,3408
99200000,3409
99202000,3409
99204001,3408
99206001,3408
99208000,3410
99210001,3409
99212000,3410
99214001,3408
99216000,3408
99218001,3409
99220000,3409
99222001,3408
99224001,3408
99226001,3408
99228001,3408
99230000,3408
99232000,3407
99234000,3406
99236000,3411
99238000,3408
99240001,3408
99242000,3408
99244000,3408
99246001,3408
99248000,3408
99250000,3408
99252000,3408
99254001,3408
99256001,3408
99258001,3411
99260000,3408
99262000,3410
99264000,3408
99266000,3408
99268000,3408
99270000,3407
99272000,3408
99274000,3408
99276000,3408
99278000,3410
99280000,3408
99282000,3408
99284000,3408
99286000,3407
99288001,3410
99290000,3409
99292001,3408
99294000,3408
99296000,3409
99298000,3408
99300000,3408
99302001,3409
99304000,3408
99306001,3412
99308000,3408
99310001,3408
99312001,3411
99314000,3407
99316001,3408
99318000,3411
99320001,3408
99322001,3409
99324000,3408
99326001,3408
99328001,3408
99330001,3408
99332000,3409
99334001,3411
99336001,3410
99338000,3411
99340001,3408
99342000,3408
99344000,3408
99346000,3408
99348001,3409
99350000,3408
99352001,3407
99354000,3409
99356000,3411
99358001,3409
99360000,3410
99362000,3407
99364001,3408
99366000,3408
99368000,3408
99370001,3408
99372000,3408
99374000,3410
99376000,3411
99378001,3409
99380001,3409
99382000,3413
99384001,3409
99386000,3408
99388000,3409
99390000,3411
99392000,3408
99394000,3407
99396000,3407
99398001,3411
99400001,3407
99402000,3409
99404000,3408
99406000,3408
99408000,3409
99410000,3410
99412000,3409
99414000,3408
99416000,3409
99418000,3409
99420000,3408
99422000,3403
99424000,3408
99426001,3407
99428001,3408
99430000,3409
99432001,3408
99434000,3408
99436001,3408
99438000,3407
99440000,3408
99442001,3409
99444000,3410
99446001,3408
99448001,3407
99450000,3408
99452000,3408
99454001,3407
99456000,3408
99458001,3408
99460000,3407
99462000,3408
99464000,3408
99466000,3408
99468000,3408
99470000,3408
99472000,3409
99474000,3408
99476000,3410
99478001,3410
99480001,3410
99482001,3415
99484001,3411
99486001,3408
99488000,3409
99490000,3408
99492000,3410
99494000,3396
99496000,3410
99498000,3410
99500000,3408
99502001,3408
99504000,3411
99506001,3408
99508000,3404
99510001,3410
99512000,3410
99514001,3409
99516000,3408
99518000,3410
99520001,3405
99522000,3408
99524001,3409
99526001,3408
99528000,3408
99530001,3407
99532000,3412
99534000,3413
99536000,3408
99538001,3408
99540000,3408
99542000,3406
99544000,3411
99546000,3408
99548000,3408
99550000,3408
99552000,3408
99554000,3408
99556000,3408
99558000,3410
99560000,3408
99562000,3409
99564000,3407
99566000,3409
99568000,3408
99570000,3410
99572000,3408
99574000,3411
99576000,3408
99578000,3408
99580000,3408
99582000,3408
99584000,3409
99586000,3408
99588000,3408
99590000,3408
99592000,3411
99594000,3408
99596000,3408
99598000,3408
99600000,3410
99602001,3408
99604001,3410
99606001,3408
99608001,3408
99610000,3408
99612000,3408
99614000,3409
99616001,3408
99618001,3407
99620000,3408
99622000,3409
99624001,3408
99626001,3407
99628000,3408
99630000,3408
99632000,3412
99634000,3408
99636001,3408
99638000,3406
99640001,3408
99642001,3408
99644000,3411
99646001,3407
99648001,3409
99650000,3408
99652000,3408
99654000,3405
99656000,3408
99658000,3408
99660000,3408
99662000,3408
99664000,3409
99666001,3408
99668000,3408
99670001,3407
99672000,3409
99674000,3408
99676000,3407
99678000,3409
99680000,3410
99682000,3408
99684000,3409
99686000,3408
99688000,3408
99690001,3408
99692001,3409
99694001,3409
99696001,3408
99698001,3408
99700000,3408
99702000,3409
99704000,3409
99706001,3408
99708001,3407
99710000,3408
99712000,3409
99714000,3406
99716000,3408
99718000,3408
99720000,3408
99722000,3408
99724000,3408
99726000,3408
99728000,3409
99730000,3408
99732000,3408
99734000,3408
99736000,3408
99738000,3408
99740001,3408
99742001,3409
99744000,3407
99746000,3408
99748000,3410
99750001,3410
99752001,3408
99754000,3411
99756001,3409
99758001,3413
99760001,3409
99762001,3408
99764000,3408
99766000,3410
99768000,3408
99770000,3408
99772000,3411
99774001,3408
99776000,3409
99778001,3408
99780001,3408
99782001,3408
99784000,3409
99786000,3413
99788000,3408
99790000,3408
99792001,3407
99794001,3410
99796001,3413
99798000,3407
99800000,3408
99802000,3408
99804000,3408
99806000,3409
99808001,3411
99810000,3408
99812001,3407
99814001,3409
99816000,3410
99818001,3407
99820000,3407
99822000,3410
99824001,3408
99826000,3408
99828000,3408
99830000,3408
99832000,3408
99834000,3408
99836000,3408
99838000,3408
99840000,3408
99842000,3408
99844000,3409
99846000,3408
99848001,3411
99850001,3411
99852001,3408
99854001,3408
99856000,3408
99858001,3409
99860000,3403
99862001,3413
99864001,3409
99866001,3408
99868000,3408
99870000,3409
99872000,3408
99874001,3408
99876001,3408
99878000,3408
99880000,3408
99882000,3406
99884000,3409
99886000,3408
99888000,3408
99890000,3408
99892000,3408
99894001,3407
99896000,3408
99898001,3408
99900001,3411
99902000,3408
99904000,3408
99906000,3406
99908000,3407
99910000,3408
99912000,3408
99914000,3410
99916000,3414
99918000,3408
99920000,3409
99922000,3408
99924000,3409
99926000,3407
99928000,3408
99930000,3409
99932001,3407
99934000,3413
99936000,3409
99938000,3409
99940000,3413
99942000,3408
99944000,3408
99946000,3408
99948000,3408
99950000,3408
99952001,3408
99954001,3413
99956000,3410
99958000,3410
99960000,3408
99962000,3408
99964000,3408
99966000,3409
99968001,3408
99970000,3409
99972000,3410
99974000,3408
99976000,3408
99978000,3409
99980000,3408
99982000,3408
99984000,3408
99986000,3408
99988000,3409
99990001,3408
99992000,3408
99994001,3411
99996000,3409
99998001,3408
100000001,3409
100002001,3408
100004001,3409
100006001,3408
100008001,3408
100010001,3408
100012001,3408
100014001,3403
100016001,3408
100018001,3408
100020001,3409
100022001,3408
100024001,3408
100026000,3408
100028000,3408
100030000,3409
100032000,3410
100034001,3409
100036000,3408
100038000,3408
100040000,3408
100042000,3408
100044000,3410
100046000,3408
100048001,3408
100050001,3408
100052001,3408
100054001,3411
100056001,3409
100058001,3408
100060001,3408
100062001,3410
100064001,3407
100066000,3415
100068000,3413
100070000,3409
100072000,3408
100074000,3409
100076000,3408
100078000,3409
100080000,3408
100082000,3408
100084000,3408
100086000,3413
100088000,3408
100090001,3407
100092001,3410
100094001,3407
100096001,3408
100098001,3408
100100001,3408
100102001,3409
100104000,3406
100106000,3410
100108000,3408
100110000,3411
100112000,3408
100114000,3411
100116000,3408
100118000,3408
100120000,3409
100122000,3409
100124000,3407
100126000,3411
100128001,3409
100130000,3414
100132000,3408
100134000,3407
100136000,3411
100138001,3411
100140001,3411
100142001,3408
100144000,3412
100146000,3405
100148000,3408
100150000,3410
100152000,3409
100154000,3408
100156000,3406
100158000,3410
100160001,3409
100162000,3409
100164000,3408
100166000,3407
100168000,3408
100170000,3413
100172000,3411
100174000,3413
100176001,3408
100178001,3408
100180000,3410
100182000,3408
100184000,3408
100186000,3415
100188001,3409
100190000,3410
100192001,3410
100194001,3408
100196001,3408
100198000,3403
100200000,3408
100202000,3407
100204000,3408
100206000,3408
100208000,3408
100210000,3405
100212000,3407
100214000,3415
100216000,3408
100218000,3410
100220000,3408
100222000,3413
100224000,3396
100226000,3408
100228000,3337
100230000,3408
100232000,3417
100234000,3411
100236000,3431
100238000,3411
100240000,3441
100242000,3386
100244001,3411
100246001,3383
100248000,3386
100250000,3409
100252000,3407
100254000,3410
100256000,3312
100258000,3440
100260000,3397
100262000,3402
100264000,3499
100266000,3422
100268000,3475
100270001,3433
100272001,3451
100274001,3382
100276001,3333
100278001,3417
100280001,3437
100282000,3408
100284000,3410
100286001,3408
100288001,3421
100290001,3373
100292001,3411
100294000,3408
100296000,3413
100298000,3402
100300000,3408
100302000,3417
100304000,3429
100306000,3410
100308001,3391
100310001,3408
100312000,3391
100314001,3414
100316001,3374
100318001,3369
100320001,3409
100322000,3404
100324000,3405
100326000,3398
100328000,3410
100330001,3408
100332001,3394
100334001,3412
100336001,3408
100338000,3419
100340000,3382
100342000,3479
100344000,3391
100346000,3406
100348001,3443
100350000,3440
100352000,3394
100354001,3456
100356001,3422
100358001,3383
100360001,3383
100362000,3379
100364000,3451
100366001,3405
100368001,3403
100370001,3430
100372001,3430
100374001,3376
100376001,3439
100378001,3392
100380001,3376
100382001,3444
100384001,3381
100386001,3351
100388001,3335
100390001,3428
100392001,3375
100394001,3476
100396001,3408
100398000,3418
100400000,3344
100402000,3410
100404000,3441
100406001,3391
100408001,3366
100410000,3395
100412001,3386
100414001,3371
100416001,3415
100418001,3486
100420001,3403
100422001,3402
100424001,3404
100426000,3426
100428000,3395
100430000,3423
100432000,3408
100434000,3469
100436000,3443
100438000,3422
100440000,3403
100442000,3409
100444000,3449
100446000,3413
100448000,3407
100450000,3411
100452001,3406
100454001,3411
100456001,3403
100458001,3409
100460001,3421
100462001,3407
100464000,3408
100466000,3392
100468000,3406
100470000,3366
100472000,3410
100474001,3418
100476001,3414
100478001,3383
100480000,3412
100482001,3426
100484001,3366
100486000,3405
100488001,3411
100490001,3403
100492000,3410
100494000,3408
100496000,3408
100498000,3409
100500000,3409
100502000,3409
100504000,3408
100506000,3411
100508000,3408
100510000,3409
100512000,3408
100514000,3408
100516000,3410
100518001,3407
100520001,3413
100522001,3413
100524001,3421
100526000,3411
100528000,3410
100530000,3410
100532000,3408
100534000,3409
100536000,3414
100538000,3408
100540000,3406
100542000,3409
100544001,3415
100546001,3411
100548001,3410
100550001,3413
100552001,3408
100554000,3413
100556000,3409
100558000,3410
100560000,3409
100562000,3407
100564000,3407
100566000,3419
100568000,3411
100570000,3407
100572000,3409
100574001,3408
100576000,3408
100578000,3406
100580000,3409
100582000,3408
100584000,3401
100586000,3408
100588000,3404
100590000,3409
100592000,3417
100594000,3407
100596000,3408
100598000,3407
100600000,3411
100602001,3408
100604001,3407
100606001,3411
100608000,3408
100610000,3408
100612001,3410
100614001,3407
100616001,3419
100618001,3409
100620001,3408
100622000,3411
100624000,3408
100626000,3403
100628001,3411
100630000,3410
100632001,3410
100634001,3409
100636001,3408
100638001,3409
100640001,3406
100642000,3408
100644000,3410
100646000,3408
100648001,3408
100650000,3413
100652000,3408
100654000,3413
100656000,3415
100658001,3411
100660001,3397
100662001,3405
100664000,3413
100666000,3409
100668000,3407
100670000,3408
100672000,3410
100674000,3409
100676000,3408
100678000,3407
100680000,3411
100682000,3408
100684000,3408
100686000,3410
100688001,3408
100690001,3411
100692001,3408
100694001,3408
100696001,3412
100698001,3411
100700001,3408
100702001,3418
100704001,3414
100706000,3409
100708000,3419
100710000,3399
100712001,3408
100714000,3413
100716000,3408
100718000,3404
100720001,3440
100722001,3409
100724001,3408
100726001,3408
100728001,3412
100730000,3406
100732000,3413
100734000,3409
100736001,3411
100738000,3408
100740001,3410
100742001,3408
100744001,3412
100746001,3411
100748001,3408
100750000,3408
100752000,3408
100754001,3408
100756001,3403
100758001,3412
100760001,3403
100762001,3411
100764001,3407
100766001,3408
100768000,3408
100770000,3409
100772001,3412
100774000,3408
100776000,3410
100778000,3409
100780001,3408
100782000,3407
100784000,3407
100786000,3410
100788000,3410
100790000,3408
100792001,3408
100794001,3410
100796001,3408
100798001,3409
100800001,3408
100802000,3408
100804000,3412
100806000,3408
100808001,3408
100810001,3408
100812000,3409
100814000,3408
100816000,3413
100818000,3408
100820000,3408
100822001,3408
100824001,3406
100826001,3408
100828001,3408
100830001,3409
100832001,3409
100834000,3410
100836000,3408
100838000,3408
100840000,3409
100842000,3408
100844001,3409
100846001,3408
100848001,3408
100850001,3409
100852001,3408
100854001,3408
100856001,3408
100858000,3410
100860000,3408
100862000,3409
100864000,3412
100866000,3410
100868000,3409
100870000,3408
100872000,3410
100874000,3408
100876000,3409
100878001,3349
100880001,3408
100882001,3409
100884000,3409
100886000,3408
100888001,3411
100890001,3409
100892001,3409
100894000,3411
100896000,3408
100898001,3411
100900001,3410
100902001,3408
100904001,3409
100906001,3410
100908000,3409
100910001,3409
100912001,3410
100914001,3409
100916001,3410
100918001,3412
100920001,3408
100922000,3410
100924000,3408
100926000,3407
100928000,3411
100930001,3410
100932001,3410
100934001,3411
100936001,3411
100938000,3409
100940000,3408
100942000,3410
100944000,3409
100946000,3408
100948000,3409
100950001,3408
100952000,3408
100954000,3410
100956001,3409
100958001,3408
100960000,3408
100962000,3407
100964000,3408
100966001,3409
100968000,3410
100970001,3410
100972001,3407
100974001,3412
100976001,3413
100978001,3408
100980001,3409
100982000,3410
100984000,3415
100986000,3408
100988000,3408
100990000,3411
100992000,3411
100994000,3408
100996001,3412
100998001,3408
101000001,3411
101002000,3408
101004000,3408
101006000,3408
101008000,3408
101010001,3409
101012001,3412
101014001,3409
101016000,3410
101018000,3408
101020001,3411
101022001,3408
101024001,3410
101026001,3408
101028001,3409
101030000,3410
101032000,3409
101034001,3409
101036001,3410
101038000,3408
101040000,3408
101042000,3408
101044000,3409
101046000,3409
101048001,3408
101050001,3409
101052001,3408
101054001,3407
101056001,3408
101058001,3408
101060001,3408
101062001,3410
101064001,3411
101066001,3413
101068001,3409
101070001,3410
101072000,3409
101074000,3409
101076000,3408
101078000,3408
101080000,3409
101082001,3408
101084001,3411
101086001,3413
101088001,3409
101090001,3410
101092001,3409
101094001,3409
101096001,3408
101098000,3409
101100000,3410
101102000,3411
101104001,3385
101106001,3409
101108001,3408
101110001,3407
101112001,3409
101114001,3407
101116001,3408
101118001,3410
101120001,3408
101122001,3409
101124001,3409
101126000,3410
101128000,3409
101130000,3409
101132000,3408
101134000,3410
101136000,3408
101138000,3408
101140000,3408
101142000,3408
101144001,3408
101146000,3407
101148000,3412
101150000,3408
101152000,3408
101154000,3412
101156000,3412
101158000,3407
101160000,3409
101162000,3408
101164000,3409
101166000,3410
101168001,3408
101170001,3408
101172001,3412
101174001,3409
101176001,3409
101178001,3410
101180001,3408
101182001,3408
101184001,3411
101186001,3411
101188001,3408
101190001,3410
101192001,3408
101194001,3413
101196001,3405
101198001,3410
101200000,3408
101202000,3410
101204000,3411
101206000,3405
101208000,3409
101210000,3408
101212000,3415
101214000,3408
101216000,3408
101218001,3411
101220000,3408
101222000,3409
101224000,3410
101226000,3416
101228000,3410
101230000,3411
101232000,3407
101234000,3406
101236001,3410
101238001,3408
101240000,3408
101242000,3409
101244000,3410
101246001,3412
101248001,3409
101250001,3408
101252001,3408
101254001,3412
101256001,3407
101258001,3412
101260001,3408
101262000,3410
101264000,3397
101266000,3408
101268000,3410
101270001,3408
101272000,3408
101274000,3410
101276000,3414
101278001,3412
101280001,3411
101282001,3408
101284001,3410
101286000,3409
101288000,3410
101290000,3411
101292000,3408
101294000,3409
101296000,3408
101298001,3409
101300001,3411
101302001,3410
101304001,3411
101306001,3408
101308000,3408
101310000,3410
101312001,3409
101314001,3408
101316001,3408
101318000,3408
101320000,3408
101322000,3410
101324000,3411
101326000,3414
101328001,3409
101330000,3408
101332000,3410
101334001,3408
101336001,3408
101338000,3408
101340000,3409
101342000,3410
101344000,3409
101346001,3410
101348000,3406
101350000,3408
101352000,3410
101354000,3409
101356000,3410
101358001,3409
101360000,3410
101362001,3412
101364000,3408
101366000,3408
101368000,3408
101370000,3411
101372000,3412
101374000,3408
101376000,3408
101378000,3410
101380001,3408
101382001,3410
101384001,3408
101386001,3408
101388001,3408
101390001,3410
101392001,3411
101394000,3410
101396000,3408
101398001,3418
101400000,3412
101402000,3409
101404000,3411
101406000,3408
101408000,3410
101410000,3410
101412000,3410
101414000,3411
101416000,3410
101418000,3410
101420000,3412
101422000,3410
101424000,3409
101426000,3410
101428001,3409
101430001,3408
101432001,3408
101434000,3408
101436000,3411
101438000,3411
101440000,3410
101442000,3408
101444001,3409
101446000,3410
101448000,3412
101450000,3418
101452000,3409
101454001,3408
101456001,3413
101458001,3409
101460001,3408
101462001,3408
101464001,3408
101466000,3408
101468000,3409
101470001,3410
101472001,3410
101474001,3408
101476001,3408
101478001,3409
101480001,3410
101482000,3411
101484001,3408
101486000,3412
101488000,3408
101490000,3408
101492000,3411
101494000,3408
101496000,3411
101498000,3408
101500000,3409
101502000,3408
101504000,3410
101506000,3408
101508000,3408
101510001,3411
101512001,3408
101514000,3408
101516001,3410
101518000,3410
101520000,3411
101522000,3408
101524000,3408
101526001,3409
101528000,3410
101530001,3408
101532001,3409
101534001,3409
101536000,3408
101538000,3408
101540000,3409
101542001,3411
101544001,3413
101546001,3409
101548000,3408
101550000,3408
101552000,3413
101554000,3401
101556000,3409
101558000,3409
101560001,3411
101562000,3410
101564001,3410
101566001,3410
101568001,3408
101570000,3411
101572000,3408
101574000,3408
101576000,3408
101578000,3409
101580000,3410
101582000,3413
101584000,3409
101586000,3411
101588001,3407
101590001,3409
101592001,3411
101594001,3408
101596001,3411
101598000,3410
101600000,3413
101602000,3410
101604000,3412
101606001,3409
101608001,3412
101610000,3409
101612000,3410
101614000,3408
101616000,3411
101618001,3408
101620001,3409
101622001,3407
101624000,3408
101626000,3410
101628000,3411
101630000,3413
101632000,3409
101634001,3409
101636000,3408
101638001,3408
101640001,3408
101642001,3408
101644000,3408
101646000,3411
101648000,3410
101650000,3408
101652000,3410
101654000,3409
101656000,3408
101658000,3411
101660000,3408
101662000,3408
101664000,3409
101666000,3408
101668001,3410
101670000,3408
101672000,3408
101674000,3411
101676000,3409
101678000,3408
101680000,3408
101682000,3409
101684000,3408
101686000,3408
101688000,3409
101690000,3409
101692000,3410
101694000,3408
101696000,3410
101698000,3410
101700000,3408
101702000,3408
101704001,3411
101706001,3407
101708000,3411
101710001,3408
101712001,3412
101714001,3404
101716000,3409
101718000,3408
101720000,3408
101722000,3408
101724001,3412
101726001,3407
101728001,3410
101730001,3410
101732001,3411
101734001,3409
101736000,3410
101738000,3408
101740000,3411
101742000,3410
101744000,3408
101746001,3409
101748001,3408
101750001,3409
101752001,3409
101754001,3408
101756001,3408
101758001,3412
101760000,3408
101762000,3411
101764000,3408
101766000,3408
101768001,3408
101770001,3408
101772001,3408
101774001,3408
101776001,3410
101778001,3408
101780000,3408
101782000,3408
101784001,3410
101786001,3409
101788000,3408
101790000,3408
101792001,3408
101794000,3408
101796000,3408
101798000,3409
101800000,3407
101802000,3408
101804000,3408
101806000,3408
101808001,3410
101810001,3408
101812001,3409
101814001,3410
101816001,3406
101818000,3408
101820000,3409
101822000,3408
101824000,3408
101826000,3410
101828000,3409
101830000,3408
101832000,3409
101834000,3409
101836000,3409
101838000,3411
101840000,3409
101842000,3407
101844000,3409
101846001,3408
101848001,3409
101850001,3408
101852001,3409
101854001,3408
101856001,3409
101858001,3411
101860001,3408
101862001,3408
101864001,3408
101866001,3409
101868001,3406
101870001,3408
101872001,3410
101874000,3408
101876000,3409
101878000,3409
101880001,3407
101882001,3408
101884001,3409
101886001,3407
101888000,3409
101890000,3409
101892000,3408
101894000,3408
101896001,3407
101898001,3411
101900001,3410
101902000,3409
101904000,3413
101906001,3408
101908000,3408
101910000,3409
101912000,3409
101914000,3410
101916000,3409
101918000,3408
101920000,3411
101922000,3410
101924001,3411
101926001,3408
101928001,3410
101930001,3408
101932001,3408
101934001,3406
101936001,3408
101938000,3415
101940001,3411
101942001,3407
101944001,3408
101946001,3408
101948001,3408
101950001,3403
101952001,3408
101954001,3408
101956001,3410
101958001,3408
101960001,3408
101962001,3410
101964001,3408
101966000,3411
101968000,3409
101970000,3409
101972001,3408
101974001,3415
101976000,3408
101978000,3410
101980000,3408
101982000,3408
101984000,3411
101986000,3408
101988000,3411
101990001,3405
101992001,3408
101994001,3410
101996001,3410
101998000,3413
102000000,3409
102002000,3410
102004000,3408
102006000,3408
102008000,3414
102010000,3408
102012000,3408
102014000,3410
102016000,3408
102018001,3410
102020000,3411
102022000,3409
102024000,3410
102026001,3413
102028000,3409
102030000,3408
102032001,3410
102034000,3408
102036000,3409
102038001,3472
102040000,3408
102042000,3411
102044000,3409
102046001,3411
102048000,3409
102050000,3408
102052000,3408
102054000,3412
102056000,3411
102058001,3408
102060001,3411
102062000,3409
102064000,3408
102066000,3408
102068000,3408
102070000,3408
102072000,3409
102074000,3408
102076001,3410
102078001,3408
102080000,3409
102082000,3410
102084000,3408
102086000,3409
102088000,3408
102090000,3409
102092000,3409
102094001,3409
102096001,3413
102098000,3409
102100000,3411
102102000,3408
102104000,3419
102106000,3408
102108000,3409
102110000,3408
102112000,3408
102114000,3409
102116000,3410
102118000,3411
102120000,3411
102122000,3408
102124000,3409
102126000,3409
102128000,3409
102130000,3410
102132000,3408
102134000,3408
102136001,3410
102138001,3409
102140000,3408
102142000,3408
102144000,3409
102146000,3408
102148000,3408
102150000,3414
102152001,3413
102154001,3409
102156001,3409
102158001,3409
102160001,3408
102162001,3409
102164001,3408
102166001,3408
102168001,3413
102170000,3409
102172000,3410
102174000,3409
102176000,3409
102178001,3411
102180000,3408
102182001,3408
102184001,3408
102186001,3412
102188001,3409
102190000,3408
102192001,3408
102194000,3409
102196000,3412
102198000,3407
102200000,3409
102202000,3408
102204000,3408
102206000,3411
102208001,3409
102210001,3407
102212000,3408
102214000,3411
102216000,3408
102218000,3411
102220000,3408
102222000,3408
102224000,3409
102226000,3408
102228001,3409
102230001,3408
102232001,3408
102234001,3408
102236000,3408
102238000,3408
102240000,3410
102242000,3408
102244000,3414
102246001,3409
102248001,3408
102250001,3409
102252000,3411
102254000,3413
102256001,3410
102258001,3410
102260000,3414
102262000,3408
102264000,3410
102266000,3409
102268000,3409
102270000,3408
102272000,3408
102274000,3407
102276001,3409
102278001,3408
102280001,3409
102282000,3409
102284001,3411
102286001,3408
102288001,3410
102290001,3409
102292001,3404
102294001,3408
102296001,3414
102298001,3408
102300000,3409
102302001,3411
102304001,3409
102306001,3408
102308000,3408
102310000,3408
102312000,3410
102314000,3408
102316000,3410
102318000,3409
102320000,3413
102322000,3409
102324001,3411
102326001,3408
102328001,3408
102330001,3408
102332001,3409
102334001,3408
102336000,3408
102338000,3411
102340000,3407
102342000,3408
102344000,3408
102346001,3408
102348001,3410
102350001,3409
102352000,3409
102354000,3408
102356000,3406
102358000,3409
102360000,3408
102362000,3410
102364000,3408
102366000,3409
102368000,3410
102370000,3408
102372001,3410
102374001,3411
102376001,3409
102378000,3409
102380000,3410
102382000,3408
102384000,3411
102386000,3408
102388000,3408
102390000,3409
102392000,3409
102394000,3408
102396000,3410
102398001,3409
102400001,3408
102402001,3408
102404001,3408
102406000,3408
102408000,3409
102410000,3408
102412000,3409
102414000,3411
102416000,3408
102418001,3411
102420001,3408
102422001,3408
102424001,3408
102426001,3406
102428001,3406
102430001,3408
102432001,3408
102434001,3411
102436001,3413
102438001,3408
102440001,3411
102442001,3409
102444001,3408
102446001,3408
102448001,3410
102450001,3413
102452001,3410
102454000,3408
102456000,3410
102458000,3409
102460000,3409
102462000,3407
102464001,3414
102466000,3409
102468001,3408
102470001,3408
102472001,3413
102474001,3408
102476000,3408
102478000,3408
102480001,3408
102482001,3408
102484001,3408
102486001,3408
102488001,3408
102490001,3411
102492001,3409
102494000,3408
102496000,3408
102498000,3411
102500001,3408
102502001,3410
102504001,3409
102506001,3409
102508001,3410
102510001,3409
102512001,3408
102514001,3408
102516001,3408
102518001,3409
102520001,3410
102522000,3411
102524000,3408
102526000,3408
102528000,3408
102530000,3408
102532001,3409
102534001,3408
102536001,3408
102538001,3408
102540001,3408
102542001,3408
102544001,3408
102546000,3410
102548001,3413
102550001,3408
102552001,3410
102554000,3409
102556000,3408
102558000,3411
102560000,3411
102562000,3408
102564001,3407
102566001,3411
102568001,3409
102570001,3411
102572001,3408
102574000,3411
102576001,3410
102578001,3409
102580001,3408
102582001,3407
102584001,3411
102586001,3408
102588001,3409
102590001,3408
102592001,3408
102594001,3408
102596001,3409
102598001,3411
102600001,3412
102602001,3413
102604001,3408
102606001,3408
102608001,3408
102610001,3408
102612001,3408
102614001,3399
102616001,3409
102618001,3412
102620001,3409
102622000,3413
102624000,3408
102626001,3408
102628001,3406
102630001,3408
102632001,3408
102634001,3408
102636000,3409
102638000,3409
102640000,3408
102642000,3409
102644000,3408
102646000,3410
102648000,3409
102650000,3408
102652000,3408
102654001,3409
102656001,3409
102658000,3408
102660001,3408
102662001,3408
102664000,3409
102666000,3412
102668000,3409
102670000,3408
102672001,3409
102674000,3408
102676000,3410
102678000,3408
102680000,3410
102682000,3408
102684000,3408
102686000,3409
102688000,3408
102690001,3411
102692001,3414
102694000,3403
102696000,3408
102698000,3408
102700000,3408
102702001,3411
102704001,3409
102706001,3408
102708001,3409
102710001,3413
102712001,3412
102714001,3408
102716001,3408
102718000,3409
102720000,3408
102722001,3409
102724001,3409
102726001,3411
102728001,3409
102730001,3409
102732001,3409
102734001,3413
102736001,3414
102738001,3409
102740000,3409
102742000,3411
102744001,3411
102746001,3411
102748001,3414
102750000,3408
102752000,3412
102754000,3411
102756000,3411
102758000,3408
102760001,3409
102762000,3409
102764001,3409
102766000,3415
102768001,3408
102770000,3406
102772000,3407
102774000,3411
102776000,3412
102778000,3407
102780000,3412
102782000,3409
102784000,3415
102786001,3409
102788001,3408
102790001,3410
102792001,3408
102794001,3408
102796001,3415
102798000,3481
102800000,3406
102802000,3446
102804000,3408
102806000,3391
102808000,3411
102810000,3408
102812000,3404
102814000,3399
102816000,3395
102818000,3430
102820001,3441
102822001,3417
102824001,3405
102826001,3456
102828001,3425
102830001,3391
102832000,3420
102834000,3408
102836000,3453
102838000,3452
102840000,3408
102842000,3421
102844000,3410
102846000,3402
102848001,3287
102850001,3407
102852001,3473
102854001,3394
102856001,3407
102858000,3413
102860000,3437
102862000,3417
102864000,3443
102866000,3390
102868000,3395
102870000,3408
102872000,3411
102874000,3403
102876000,3423
102878000,3470
102880000,3414
102882000,3415
102884000,3413
102886000,3407
102888000,3425
102890000,3355
102892000,3408
102894000,3399
102896000,3426
102898000,3472
102900000,3385
102902000,3418
102904000,3408
102906000,3408
102908001,3439
102910001,3462
102912001,3413
102914001,3408
102916001,3441
102918001,3414
102920001,3431
102922001,3424
102924001,3401
102926001,3425
102928001,3417
102930000,3401
102932001,3477
102934000,3364
102936000,3454
102938000,3402
102940000,3412
102942000,3395
102944000,3399
102946001,3397
102948000,3411
102950001,3350
102952001,3355
102954001,3413
102956001,3393
102958001,3392
102960000,3408
102962000,3408
102964001,3375
102966001,3386
102968001,3415
102970001,3399
102972000,3408
102974000,3408
102976000,3406
102978000,3408
102980000,3397
102982000,3402
102984000,3457
102986001,3408
102988001,3419
102990000,3461
102992000,3406
102994001,3416
102996001,3413
102998001,3410
103000000,3408
103002000,3408
103004000,3422
103006000,3408
103008000,3418
103010000,3411
103012001,3428
103014000,3410
103016000,3397
103018000,3402
103020001,3423
103022001,3405
103024001,3433
103026000,3408
103028000,3406
103030000,3408
103032000,3376
103034000,3409
103036000,3408
103038001,3398
103040001,3439
103042000,3408
103044001,3393
103046001,3379
103048001,3425
103050001,3409
103052001,3408
103054001,3417
103056001,3408
103058001,3408
103060000,3409
103062000,3409
103064001,3413
103066001,3408
103068001,3413
103070001,3408
103072001,3413
103074001,3410
103076001,3409
103078000,3408
103080000,3418
103082001,3408
103084001,3413
103086001,3409
103088000,3410
103090000,3412
103092000,3402
103094000,3412
103096000,3405
103098000,3413
103100000,3409
103102001,3419
103104000,3411
103106000,3421
103108000,3411
103110000,3410
103112000,3421
103114000,3408
103116000,3410
103118001,3408
103120001,3408
103122001,3408
103124000,3408
103126000,3408
103128000,3409
103130000,3409
103132001,3409
103134001,3408
103136001,3407
103138001,3411
103140001,3409
103142001,3413
103144001,3409
103146000,3408
103148000,3409
103150000,3410
103152000,3408
103154000,3418
103156000,3410
103158000,3411
103160000,3421
103162000,3408
103164000,3408
103166000,3411
103168001,3408
103170001,3411
103172001,3408
103174000,3408
103176000,3408
103178000,3405
103180000,3408
103182000,3410
103184001,3418
103186001,3411
103188001,3415
103190001,3406
103192001,3410
103194000,3406
103196000,3408
103198000,3424
103200000,3408
103202000,3411
103204000,3414
103206000,3408
103208000,3413
103210000,3409
103212000,3408
103214000,3410
103216000,3410
103218000,3412
103220000,3406
103222000,3418
103224000,3418
103226000,3413
103228000,3414
103230001,3408
103232001,3420
103234001,3407
103236001,3419
103238001,3408
103240000,3410
103242001,3409
103244001,3408
103246001,3407
103248001,3408
103250001,3408
103252001,3408
103254000,3408
103256000,3408
103258000,3407
103260000,3422
103262000,3410
103264000,3408
103266000,3408
103268001,3415
103270001,3409
103272000,3406
103274000,3411
103276000,3419
103278000,3407
103280000,3410
103282001,3411
103284001,3409
103286000,3409
103288000,3412
103290000,3406
103292000,3411
103294000,3410
103296000,3410
103298000,3408
103300001,3415
103302001,3415
103304001,3408
103306001,3408
103308001,3411
103310000,3407
103312000,3407
103314000,3408
103316000,3408
103318000,3408
103320000,3407
103322000,3409
103324001,3409
103326001,3408
103328001,3409
103330001,3410
103332000,3407
103334000,3411
103336000,3406
103338001,3411
103340001,3408
103342001,3408
103344001,3408
103346001,3409
103348001,3411
103350001,3408
103352000,3408
103354000,3408
103356000,3409
103358000,3405
103360000,3408
103362000,3408
103364000,3411
103366000,3408
103368001,3411
103370001,3407
103372000,3408
103374000,3408
103376000,3409
103378001,3410
103380001,3408
103382001,3409
103384001,3408
103386001,3411
103388001,3409
103390001,3408
103392001,3408
103394001,3410
103396001,3408
103398001,3416
103400001,3408
103402001,3409
103404000,3408
103406000,3408
103408000,3409
103410000,3408
103412000,3407
103414000,3410
103416001,3409
103418001,3408
103420001,3409
103422000,3409
103424000,3408
103426000,3408
103428000,3406
103430000,3408
103432001,3408
103434000,3408
103436000,3408
103438000,3407
103440000,3410
103442000,3408
103444000,3408
103446000,3408
103448001,3408
103450001,3408
103452001,3408
103454001,3410
103456001,3407
103458001,3409
103460001,3409
103462001,3408
103464001,3409
103466001,3408
103468000,3408
103470000,3408
103472000,3409
103474000,3407
103476000,3411
103478000,3412
103480000,3408
103482000,3409
103484000,3409
103486000,3410
103488000,3408
103490000,3407
103492001,3409
103494001,3408
103496001,3408
103498000,3412
103500000,3408
103502000,3408
103504000,3409
103506000,3408
103508001,3408
103510001,3408
103512001,3409
103514001,3408
103516001,3409
103518001,3410
103520001,3410
103522000,3410
103524000,3408
103526001,3409
103528001,3408
103530001,3410
103532000,3409
103534000,3407
103536001,3403
103538001,3412
103540001,3407
103542001,3410
103544000,3408
103546000,3409
103548000,3408
103550000,3408
103552000,3409
103554001,3407
103556001,3410
103558001,3408
103560001,3408
103562001,3411
103564001,3409
103566001,3409
103568001,3412
103570000,3403
103572001,3408
103574000,3408
103576001,3409
103578000,3409
103580001,3408
103582001,3411
103584001,3406
103586001,3414
103588001,3409
103590000,3408
103592000,3410
103594000,3408
103596001,3407
103598001,3408
103600000,3407
103602000,3409
103604000,3412
103606000,3408
103608000,3408
103610000,3410
103612000,3409
103614000,3410
103616000,3408
103618000,3408
103620000,3406
103622000,3410
103624000,3408
103626000,3409
103628000,3406
103630000,3405
103632001,3408
103634001,3399
103636000,3410
103638001,3408
103640001,3440
103642001,3409
103644000,3409
103646000,3406
103648001,3409
103650001,3409
103652001,3422
103654001,3408
103656001,3409
103658000,3409
103660000,3408
103662000,3408
103664000,3408
103666000,3409
103668000,3409
103670001,3401
103672001,3410
103674001,3408
103676001,3407
103678000,3410
103680000,3413
103682000,3408
103684000,3408
103686000,3408
103688000,3407
103690000,3413
103692000,3409
103694000,3408
103696000,3408
103698000,3410
103700000,3408
103702000,3408
103704001,3411
103706001,3409
103708001,3409
103710001,3408
103712001,3408
103714001,3414
103716001,3415
103718001,3409
103720001,3411
103722001,3408
103724000,3409
103726000,3408
103728000,3408
103730000,3408
103732000,3408
103734000,3409
103736000,3411
103738000,3408
103740000,3408
103742001,3408
103744001,3409
103746001,3408
103748001,3411
103750000,3409
103752000,3409
103754000,3408
103756001,3408
103758001,3408
103760001,3408
103762001,3408
103764001,3419
103766001,3408
103768001,3407
103770001,3408
103772001,3408
103774001,3409
103776001,3410
103778001,3409
103780001,3409
103782001,3408
103784001,3415
103786001,3410
103788001,3408
103790001,3410
103792001,3409
103794001,3407
103796000,3408
103798000,3408
103800000,3408
103802000,3408
103804000,3410
103806000,3409
103808000,3409
103810001,3410
103812000,3410
103814001,3408
103816001,3410
103818000,3411
103820000,3409
103822001,3409
103824001,3408
103826001,3408
103828001,3408
103830001,3408
103832001,3410
103834001,3408
103836001,3411
103838001,3408
103840000,3409
103842000,3410
103844000,3407
103846001,3413
103848001,3408
103850000,3407
103852000,3408
103854000,3408
103856000,3408
103858001,3409
103860000,3406
103862001,3411
103864000,3409
103866000,3408
103868000,3408
103870000,3410
103872000,3408
103874000,3408
103876000,3408
103878000,3410
103880000,3402
103882000,3410
103884001,3410
103886001,3409
103888001,3413
103890001,3408
103892001,3410
103894001,3408
103896001,3411
103898001,3408
103900001,3408
103902000,3409
103904000,3408
103906000,3409
103908000,3407
103910001,3411
103912000,3408
103914001,3411
103916000,3408
103918000,3408
103920001,3410
103922001,3409
103924001,3408
103926001,3408
103928001,3407
103930000,3409
103932000,3408
103934000,3408
103936000,3408
103938000,3409
103940001,3408
103942001,3411
103944001,3408
103946001,3408
103948000,3409
103950000,3413
103952000,3408
103954000,3410
103956000,3409
103958000,3408
103960000,3409
103962000,3409
103964000,3408
103966001,3411
103968001,3408
103970001,3408
103972000,3408
103974000,3409
103976000,3408
103978000,3408
103980000,3410
103982000,3410
103984001,3411
103986001,3415
103988000,3410
103990001,3409
103992001,3406
103994001,3409
103996000,3413
103998000,3411
104000000,3411
104002000,3408
104004000,3408
104006001,3414
104008001,3411
104010000,3408
104012000,3408
104014000,3409
104016000,3407
104018000,3408
104020000,3415
104022000,3408
104024001,3408
104026001,3415
104028000,3409
104030000,3410
104032000,3413
104034001,3408
104036001,3410
104038001,3411
104040001,3408
104042001,3412
104044001,3410
104046001,3408
104048001,3408
104050001,3408
104052001,3409
104054001,3408
104056001,3408
104058000,3409
104060000,3411
104062000,3408
104064000,3408
104066000,3409
104068000,3410
104070000,3410
104072000,3413
104074000,3410
104076000,3410
104078001,3403
104080001,3409
104082001,3413
104084001,3409
104086001,3408
104088000,3406
104090000,3411
104092000,3413
104094000,3413
104096000,3408
104098000,3411
104100000,3409
104102000,3408
104104000,3410
104106000,3409
104108000,3409
104110001,3412
104112001,3407
104114000,3408
104116000,3407
104118001,3409
104120001,3409
104122000,3408
104124000,3413
104126000,3409
104128000,3408
104130001,3409
104132001,3413
104134000,3408
104136000,3412
104138000,3409
104140000,3409
104142000,3408
104144000,3408
104146000,3408
104148000,3410
104150001,3408
104152001,3410
104154000,3410
104156000,3410
104158000,3410
104160000,3408
104162000,3408
104164000,3408
104166001,3408
104168001,3408
104170001,3409
104172001,3408
104174000,3408
104176000,3408
104178000,3409
104180000,3409
104182000,3408
104184000,3408
104186001,3410
104188000,3411
104190000,3411
104192000,3414
104194000,3413
104196000,3408
104198000,3410
104200001,3414
104202000,3411
104204000,3413
104206001,3409
104208000,3411
104210000,3413
104212000,3409
104214000,3409
104216001,3410
104218001,3408
104220000,3411
104222000,3411
104224001,3408
104226001,3409
104228001,3409
104230001,3412
104232001,3408
104234001,3409
104236000,3410
104238000,3412
104240000,3408
104242000,3408
104244000,3411
104246000,3411
104248000,3409
104250000,3412
104252001,3411
104254001,3409
104256001,3408
104258000,3409
104260000,3409
104262001,3410
104264001,3408
104266000,3409
104268000,3408
104270000,3408
104272000,3408
104274000,3410
104276001,3410
104278001,3410
104280001,3409
104282000,3411
104284000,3409
104286000,3412
104288000,3410
104290000,3409
104292000,3414
104294000,3408
104296000,3408
104298000,3408
104300000,3409
104302000,3410
104304000,3409
104306000,3409
104308001,3412
104310001,3409
104312001,3409
104314001,3408
104316001,3409
104318000,3409
104320001,3408
104322001,3408
104324000,3414
104326001,3409
104328001,3410
104330001,3407
104332001,3409
104334000,3412
104336000,3414
104338000,3409
104340000,3410
104342000,3408
104344000,3408
104346000,3410
104348000,3411
104350000,3410
104352001,3410
104354001,3408
104356000,3408
104358000,3408
104360000,3408
104362000,3408
104364000,3410
104366001,3403
104368001,3409
104370001,3410
104372000,3410
104374000,3408
104376000,3411
104378001,3408
104380000,3408
104382000,3407
104384000,3409
104386000,3409
104388001,3409
104390000,3411
104392000,3409
104394000,3408
104396000,3408
104398000,3408
104400001,3408
104402001,3410
104404001,3409
104406001,3411
104408000,3411
104410000,3412
104412000,3411
104414000,3411
104416000,3408
104418000,3411
104420001,3410
104422001,3411
104424000,3408
104426000,3410
104428001,3411
104430001,3408
104432000,3409
104434001,3411
104436000,3413
104438001,3410
104440001,3413
104442001,3410
104444001,3410
104446000,3410
104448000,3408
104450000,3409
104452000,3409
104454001,3411
104456000,3406
104458000,3410
104460000,3408
104462000,3410
104464001,3409
104466001,3409
104468001,3408
104470000,3408
104472000,3408
104474000,3408
104476001,3408
104478001,3413
104480001,3408
104482001,3408
104484001,3408
104486000,3408
104488000,3411
104490000,3408
104492000,3409
104494000,3412
104496001,3409
104498001,3408
104500001,3410
104502001,3409
104504000,3408
104506000,3408
104508000,3412
104510001,3408
104512001,3407
104514001,3408
104516001,3408
104518001,3409
104520001,3410
104522001,3412
104524001,3408
104526000,3411
104528000,3407
104530000,3409
104532000,3411
104534000,3410
104536000,3408
104538000,3408
104540000,3408
104542000,3408
104544001,3408
104546001,3409
104548000,3411
104550000,3408
104552000,3408
104554000,3410
104556001,3408
104558001,3408
104560001,3409
104562001,3408
104564001,3410
104566001,3409
104568001,3411
104570001,3409
104572001,3408
104574001,3410
104576001,3407
104578001,3410
104580001,3408
104582001,3409
104584001,3409
104586000,3408
104588000,3408
104590000,3404
104592000,3408
104594000,3408
104596000,3408
104598000,3409
104600000,3411
104602001,3410
104604000,3408
104606000,3412
104608001,3408
104610000,3408
104612001,3408
104614001,3410
104616001,3410
104618001,3409
104620000,3410
104622000,3408
104624000,3409
104626000,3414
104628000,3408
104630000,3408
104632000,3408
104634000,3408
104636000,3418
104638001,3408
104640001,3408
104642001,3411
104644001,3411
104646001,3413
104648001,3412
104650001,3408
104652001,3408
104654001,3409
104656001,3408
104658001,3409
104660000,3408
104662000,3408
104664000,3410
104666000,3408
104668000,3409
104670000,3407
104672000,3410
104674000,3410
104676000,3410
104678000,3411
104680000,3411
104682000,3408
104684000,3408
104686000,3408
104688000,3411
104690000,3414
104692000,3411
104694000,3409
104696000,3409
104698000,3408
104700000,3408
104702000,3408
104704000,3409
104706001,3409
104708000,3410
104710000,3408
104712000,3410
104714000,3413
104716000,3408
104718001,3408
104720001,3411
104722001,3410
104724000,3411
104726000,3408
104728000,3408
104730000,3408
104732000,3412
104734000,3408
104736000,3413
104738000,3411
104740000,3410
104742000,3411
104744000,3408
104746000,3408
104748000,3409
104750000,3409
104752000,3410
104754000,3409
104756001,3410
104758001,3408
104760001,3411
104762001,3411
104764001,3408
104766001,3408
104768001,3410
104770001,3409
104772001,3410
104774001,3409
104776001,3408
104778001,3408
104780000,3413
104782000,3408
104784000,3411
104786000,3415
104788000,3413
104790000,3407
104792000,3408
104794000,3409
104796000,3409
104798000,3409
104800000,3409
104802000,3408
104804000,3408
104806000,3408
104808000,3409
104810001,3409
104812001,3408
104814001,3410
104816001,3410
104818001,3410
104820001,3408
104822001,3408
104824000,3408
104826000,3409
104828000,3414
104830001,3410
104832001,3409
104834001,3409
104836000,3411
104838000,3408
104840000,3411
104842000,3411
104844000,3410
104846000,3408
104848000,3408
104850000,3408
104852000,3408
104854000,3408
104856000,3411
104858000,3408
104860000,3410
104862000,3409
104864001,3412
104866001,3412
104868001,3411
104870001,3408
104872001,3410
104874000,3411
104876000,3409
104878000,3408
104880000,3411
104882000,3411
104884000,3410
104886000,3408
104888001,3415
104890001,3408
104892001,3409
104894000,3410
104896000,3408
104898000,3410
104900000,3410
104902000,3410
104904000,3410
104906000,3408
104908000,3408
104910000,3408
104912001,3408
104914001,3408
104916001,3413
104918001,3411
104920001,3409
104922001,3409
104924000,3409
104926000,3408
104928001,3410
104930001,3414
104932001,3408
104934000,3408
104936000,3412
104938000,3408
104940001,3413
104942000,3409
104944001,3408
104946001,3409
104948001,3411
104950000,3408
104952000,3408
104954000,3409
104956001,3412
104958000,3408
104960000,3408
104962001,3408
104964001,3408
104966000,3411
104968000,3408
104970000,3408
104972000,3408
104974000,3408
104976001,3408
104978001,3410
104980001,3408
104982001,3409
104984001,3411
104986001,3411
104988001,3410
104990000,3409
104992000,3410
104994001,3411
104996000,3406
104998000,3408
105000001,3410
105002001,3410
105004001,3408
105006000,3408
105008000,3409
105010000,3409
105012001,3409
105014000,3414
105016000,3408
105018000,3409
105020001,3411
105022001,3409
105024000,3408
105026000,3409
105028000,3409
105030001,3408
105032001,3410
105034001,3411
105036001,3408
105038001,3410
105040000,3408
105042000,3410
105044000,3408
105046000,3410
105048000,3409
105050001,3411
105052001,3409
105054001,3408
105056001,3403
105058001,3411
105060001,3410
105062000,3408
105064000,3409
105066000,3411
105068000,3408
105070000,3412
105072000,3408
105074000,3408
105076000,3408
105078000,3408
105080000,3408
105082001,3409
105084001,3408
105086001,3411
105088001,3414
105090001,3408
105092001,3409
105094001,3411
105096001,3409
105098001,3409
105100001,3411
105102001,3408
105104000,3411
105106000,3410
105108000,3410
105110000,3408
105112000,3408
105114000,3408
105116000,3410
105118000,3413
105120000,3408
105122000,3412
105124000,3409
105126001,3410
105128001,3415
105130001,3413
105132001,3408
105134001,3409
105136000,3410
105138000,3408
105140000,3413
105142000,3408
105144000,3410
105146001,3411
105148001,3409
105150001,3408
105152001,3409
105154000,3408
105156000,3409
105158000,3409
105160000,3411
105162000,3419
105164000,3409
105166001,3408
105168000,3408
105170000,3408
105172001,3408
105174000,3409
105176000,3408
105178000,3408
105180000,3411
105182001,3413
105184001,3414
105186000,3411
105188000,3412
105190000,3408
105192001,3413
105194001,3408
105196001,3408
105198001,3412
105200000,3410
105202000,3408
105204000,3407
105206001,3408
105208000,3408
105210000,3413
105212000,3409
105214000,3408
105216001,3401
105218001,3408
105220001,3410
105222001,3409
105224000,3409
105226000,3407
105228000,3413
105230000,3408
105232000,3413
105234000,3412
105236000,3409
105238000,3409
105240001,3411
105242000,3411
105244000,3408
105246001,3411
105248001,3409
105250001,3414
105252001,3411
105254001,3410
105256001,3410
105258000,3408
105260000,3409
105262000,3411
105264000,3408
105266000,3409
105268001,3409
105270001,3407
105272001,3409
105274001,3408
105276001,3408
105278001,3408
105280001,3408
105282001,3413
105284001,3410
105286001,3408
105288001,3411
105290001,3411
105292001,3408
105294000,3409
105296000,3409
105298000,3408
105300001,3409
105302000,3408
105304000,3412
105306000,3408
105308001,3415
105310000,3411
105312000,3406
105314001,3408
105316001,3411
105318001,3408
105320000,3409
105322000,3412
105324000,3411
105326001,3406
105328001,3411
105330000,3402
105332000,3427
105334000,3413
105336000,3412
105338000,3406
105340000,3409
105342000,3412
105344000,3371
105346000,3406
105348000,3488
105350001,3408
105352001,3410
105354000,3411
105356000,3409
105358000,3413
105360000,3417
105362001,3418
105364001,3424
105366001,3402
105368001,3408
105370000,3431
105372000,3441
105374000,3379
105376000,3391
105378001,3412
105380001,3406
105382001,3323
105384001,3415
105386001,3424
105388000,3423
105390001,3373
105392001,3447
105394001,3426
105396001,3406
105398001,3391
105400001,3504
105402001,3438
105404001,3379
105406001,3408
105408000,3408
105410000,3408
105412001,3378
105414001,3345
105416001,3405
105418001,3398
105420001,3409
105422001,3407
105424001,3425
105426001,3408
105428001,3414
105430000,3408
105432000,3410
105434000,3409
105436000,3417
105438000,3413
105440000,3408
105442001,3406
105444001,3407
105446001,3411
105448001,3411
105450000,3411
105452000,3399
105454000,3399
105456000,3399
105458000,3422
105460000,3442
105462000,3425
105464000,3463
105466000,3411
105468001,3430
105470000,3463
105472000,3367
105474000,3362
105476000,3449
105478000,3393
105480000,3444
105482000,3365
105484000,3427
105486000,3402
105488000,3485
105490001,3410
105492001,3382
105494001,3414
105496000,3402
105498001,3385
105500001,3440
105502001,3408
105504001,3374
105506001,3419
105508000,3402
105510000,3465
105512000,3405
105514000,3472
105516001,3329
105518000,3411
105520000,3502
105522001,3431
105524001,3429
105526001,3475
105528001,3472
105530001,3434
105532001,3417
105534001,3334
105536001,3395
105538001,3408
105540001,3409
105542001,3408
105544001,3423
105546001,3407
105548001,3409
105550001,3376
105552001,3408
105554000,3454
105556000,3409
105558001,3408
105560001,3413
105562001,3409
105564001,3411
105566001,3412
105568001,3411
105570001,3411
105572000,3415
105574001,3411
105576001,3408
105578001,3399
105580000,3412
105582000,3428
105584000,3408
105586000,3410
105588000,3413
105590000,3408
105592000,3383
105594000,3408
105596000,3427
105598000,3408
105600000,3409
105602000,3376
105604000,3411
105606000,3411
105608000,3408
105610000,3408
105612001,3410
105614000,3410
105616000,3415
105618001,3401
105620000,3408
105622000,3409
105624001,3418
105626001,3408
105628000,3410
105630001,3409
105632001,3408
105634000,3408
105636000,3411
105638000,3406
105640000,3409
105642001,3409
105644001,3407
105646001,3410
105648000,3411
105650000,3413
105652000,3409
105654000,3408
105656000,3412
105658000,3410
105660000,3408
105662001,3407
105664001,3420
105666001,3408
105668001,3411
105670001,3409
105672001,3408
105674001,3411
105676001,3408
105678000,3408
105680000,3408
105682000,3409
105684001,3412
105686001,3408
105688000,3411
105690000,3415
105692000,3408
105694001,3411
105696001,3420
105698000,3409
105700000,3411
105702000,3414
105704000,3413
105706000,3408
105708001,3408
105710001,3408
105712000,3409
105714000,3410
105716001,3409
105718001,3408
105720001,3408
105722001,3408
105724001,3408
105726001,3411
105728001,3414
105730000,3411
105732000,3408
105734000,3410
105736000,3405
105738001,3410
105740001,3413
105742001,3408
105744001,3408
105746001,3419
105748001,3408
105750001,3407
105752001,3408
105754001,3409
105756001,3414
105758001,3408
105760001,3413
105762001,3410
105764001,3408
105766001,3410
105768000,3415
105770000,3408
105772000,3409
105774000,3408
105776001,3407
105778001,3408
105780000,3409
105782000,3413
105784000,3418
105786001,3411
105788000,3416
105790000,3407
105792000,3412
105794000,3412
105796000,3409
105798001,3416
105800000,3405
105802000,3407
105804000,3408
105806000,3408
105808000,3409
105810000,3408
105812000,3410
105814000,3409
105816000,3409
105818001,3415
105820001,3408
105822001,3408
105824001,3408
105826001,3408
105828001,3408
105830001,3412
105832001,3419
105834001,3409
105836001,3415
105838000,3410
105840000,3411
105842000,3408
105844000,3410
105846000,3408
105848000,3410
105850000,3410
105852000,3416
105854000,3414
105856000,3415
105858000,3415
105860000,3415
105862001,3409
105864001,3408
105866001,3413
105868001,3412
105870000,3410
105872001,3409
105874001,3406
105876001,3408
105878000,3413
105880000,3410
105882001,3409
105884001,3416
105886001,3415
105888001,3408
105890001,3411
105892001,3408
105894001,3413
105896001,3408
105898001,3409
105900000,3409
105902000,3408
105904000,3409
105906000,3409
105908001,3411
105910001,3412
105912000,3415
105914000,3410
105916000,3409
105918001,3413
105920001,3408
105922001,3408
105924000,3408
105926000,3410
105928000,3410
105930000,3410
105932000,3410
105934000,3410
105936001,3411
105938001,3408
105940001,3410
105942001,3413
105944001,3408
105946001,3408
105948000,3406
105950000,3408
105952000,3403
105954000,3410
105956000,3410
105958000,3409
105960000,3408
105962000,3408
105964001,3409
105966000,3408
105968000,3408
105970001,3408
105972001,3413
105974001,3408
105976001,3408
105978000,3411
105980000,3402
105982000,3409
105984000,3410
105986001,3415
105988000,3409
105990000,3408
105992000,3413
105994000,3410
105996000,3409
105998000,3410
106000000,3408
106002000,3409
106004001,3409
106006001,3410
106008000,3408
106010001,3410
106012001,3408
106014001,3411
106016001,3408
106018001,3413
106020000,3411
106022000,3408
106024000,3411
106026000,3408
106028001,3407
106030001,3409
106032000,3412
106034000,3410
106036001,3411
106038001,3409
106040000,3411
106042000,3411
106044000,3409
106046000,3408
106048001,3410
106050001,3407
106052001,3413
106054000,3408
106056000,3410
106058000,3410
106060000,3403
106062000,3410
106064000,3412
106066000,3408
106068000,3415
106070000,3410
106072000,3413
106074000,3411
106076000,3413
106078000,3410
106080000,3411
106082000,3412
106084000,3412
106086000,3406
106088000,3412
106090000,3408
106092000,3410
106094000,3412
106096000,3409
106098000,3408
106100000,3411
106102001,3412
106104001,3410
106106000,3408
106108000,3408
106110000,3412
106112000,3412
106114000,3408
106116000,3410
106118000,3409
106120001,3408
106122001,3406
106124001,3413
106126000,3408
106128000,3408
106130000,3408
106132000,3414
106134001,3409
106136001,3411
106138001,3409
106140001,3409
106142001,3408
106144001,3409
106146001,3409
106148001,3408
106150001,3419
106152001,3409
106154000,3413
106156000,3410
106158000,3410
106160000,3410
106162000,3411
106164000,3411
106166000,3411
106168000,3410
106170001,3413
106172001,3410
106174001,3408
106176000,3409
106178000,3408
106180000,3408
106182000,3411
106184000,3408
106186001,3411
106188001,3410
106190001,3408
106192000,3409
106194000,3408
106196001,3410
106198001,3408
106200001,3410
106202001,3411
106204001,3408
106206000,3408
106208000,3412
106210000,3410
106212000,3409
106214001,3411
106216001,3414
106218001,3408
106220001,3409
106222001,3408
106224001,3410
106226001,3409
106228000,3408
106230000,3411
106232000,3413
106234000,3415
106236000,3409
106238000,3409
106240000,3411
106242000,3408
106244000,3410
106246000,3411
106248000,3409
106250000,3411
106252001,3408
106254001,3410
106256001,3409
106258001,3410
106260000,3409
106262000,3408
106264000,3409
106266000,3410
106268000,3413
106270000,3410
106272001,3411
106274000,3413
106276000,3410
106278000,3412
106280000,3413
106282000,3408
106284000,3412
106286000,3408
106288000,3410
106290000,3408
106292000,3408
106294000,3412
106296000,3411
106298000,3411
106300000,3413
106302000,3408
106304000,3409
106306000,3413
106308000,3441
106310000,3409
106312000,3410
106314000,3409
106316000,3408
106318000,3410
106320000,3409
106322000,3409
106324001,3413
106326001,3408
106328001,3410
106330001,3409
106332001,3411
106334000,3411
106336001,3420
106338001,3411
106340001,3414
106342001,3409
106344001,3409
106346001,3408
106348001,3409
106350000,3410
106352000,3408
106354000,3411
106356000,3408
106358000,3408
106360000,3414
106362000,3408
106364000,3414
106366000,3408
106368000,3408
106370000,3412
106372001,3408
106374001,3409
106376000,3408
106378000,3408
106380001,3408
106382001,3408
106384001,3408
106386000,3408
106388000,3413
106390000,3412
106392000,3421
106394000,3410
106396001,3411
106398000,3410
106400000,3414
106402000,3411
106404000,3418
106406001,3410
106408000,3410
106410000,3412
106412000,3409
106414000,3408
106416000,3408
106418000,3413
106420001,3413
106422000,3411
106424000,3408
106426000,3411
106428000,3412
106430000,3406
106432000,3411
106434000,3410
106436000,3409
106438000,3409
106440000,3409
106442001,3410
106444000,3409
106446000,3408
106448000,3408
106450001,3409
106452001,3409
106454001,3408
106456001,3407
106458001,3411
106460000,3413
106462000,3408
106464000,3410
106466000,3408
106468000,3411
106470000,3410
106472000,3410
106474001,3421
106476001,3420
106478000,3408
106480000,3414
106482001,3408
106484001,3411
106486001,3409
106488001,3411
106490001,3408
106492001,3408
106494001,3415
106496001,3408
106498001,3413
106500001,3410
106502001,3409
106504001,3408
106506001,3408
106508001,3412
106510001,3408
106512000,3413
106514000,3409
106516000,3408
106518000,3413
106520001,3413
106522001,3408
106524001,3408
106526001,3409
106528001,3410
106530001,3410
106532001,3413
106534000,3408
106536000,3410
106538000,3408
106540000,3411
106542000,3417
106544000,3410
106546000,3409
106548000,3409
106550000,3409
106552000,3408
106554001,3409
106556001,3411
106558001,3409
106560001,3408
106562001,3410
106564001,3409
106566001,3410
106568000,3408
106570000,3414
106572000,3413
106574001,3408
106576001,3409
106578001,3409
106580001,3406
106582000,3411
106584000,3410
106586000,3409
106588000,3410
106590000,3413
106592000,3412
106594001,3408
106596000,3409
106598000,3405
106600000,3410
106602000,3408
106604000,3410
106606000,3409
106608000,3408
106610001,3408
106612000,3411
106614000,3408
106616000,3414
106618001,3408
106620001,3413
106622001,3407
106624001,3411
106626001,3409
106628000,3409
106630000,3408
106632000,3417
106634000,3411
106636000,3410
106638000,3408
106640000,3408
106642000,3409
106644000,3413
106646000,3409
106648000,3413
106650000,3410
106652000,3409
106654000,3410
106656000,3409
106658000,3413
106660000,3408
106662000,3408
106664000,3410
106666001,3409
106668001,3409
106670000,3409
106672000,3412
106674000,3409
106676000,3410
106678001,3411
106680001,3409
106682001,3413
106684000,3410
106686000,3408
106688000,3413
106690001,3411
106692000,3411
106694000,3408
106696000,3411
106698001,3409
106700001,3411
106702001,3411
106704001,3408
106706000,3408
106708000,3408
106710000,3408
106712000,3408
106714001,3410
106716001,3405
106718000,3408
106720000,3408
106722001,3408
106724001,3409
106726001,3410
106728001,3408
106730001,3414
106732001,3408
106734001,3409
106736001,3408
106738001,3408
106740001,3409
106742001,3410
106744000,3413
106746000,3409
106748000,3408
106750000,3409
106752000,3408
106754000,3410
106756000,3413
106758000,3410
106760000,3412
106762001,3409
106764001,3411
106766001,3415
106768001,3415
106770001,3411
106772001,3411
106774001,3406
106776000,3408
106778000,3413
106780000,3407
106782000,3413
106784001,3410
106786001,3408
106788001,3409
106790000,3415
106792000,3412
106794000,3408
106796000,3408
106798000,3408
106800000,3410
106802001,3408
106804001,3408
106806001,3415
106808001,3407
106810000,3409
106812001,3410
106814001,3411
106816001,3411
106818001,3410
106820001,3408
106822001,3408
106824001,3407
106826001,3409
106828001,3408
106830001,3409
106832001,3409
106834000,3412
106836000,3410
106838000,3410
106840000,3409
106842001,3407
106844001,3408
106846000,3410
106848001,3415
106850001,3408
106852001,3408
106854001,3411
106856001,3415
106858001,3408
106860001,3410
106862001,3407
106864001,3409
106866001,3409
106868001,3408
106870001,3408
106872001,3411
106874000,3410
106876000,3408
106878001,3408
106880001,3410
106882001,3408
106884000,3409
106886000,3408
106888000,3415
106890000,3414
106892001,3410
106894001,3413
106896001,3413
106898001,3422
106900001,3408
106902000,3411
106904000,3408
106906001,3409
106908000,3410
106910000,3408
106912000,3408
106914000,3409
106916001,3408
106918001,3409
106920001,3408
106922001,3413
106924001,3408
106926001,3409
106928001,3411
106930001,3408
106932001,3408
106934001,3408
106936001,3411
106938001,3410
106940001,3409
106942001,3410
106944001,3408
106946001,3408
106948001,3411
106950000,3413
106952000,3413
106954000,3413
106956000,3408
106958000,3408
106960000,3408
106962000,3408
106964001,3409
106966000,3411
106968000,3410
106970000,3409
106972000,3412
106974001,3408
106976001,3413
106978001,3408
106980001,3408
106982001,3408
106984001,3411
106986000,3410
106988000,3411
106990000,3408
106992000,3408
106994000,3411
106996000,3411
106998000,3412
107000000,3409
107002000,3409
107004000,3410
107006000,3409
107008001,3414
107010001,3413
107012000,3412
107014000,3408
107016000,3416
107018000,3409
107020000,3408
107022000,3411
107024000,3408
107026000,3411
107028000,3410
107030001,3413
107032001,3409
107034001,3410
107036001,3408
107038000,3408
107040000,3410
107042001,3408
107044001,3411
107046000,3408
107048000,3411
107050001,3409
107052001,3408
107054001,3408
107056000,3409
107058000,3414
107060000,3412
107062000,3410
107064000,3409
107066000,3411
107068000,3408
107070000,3415
107072000,3411
107074000,3411
107076000,3413
107078000,3412
107080001,3409
107082001,3397
107084001,3413
107086000,3409
107088000,3408
107090000,3418
107092000,3415
107094001,3410
107096000,3409
107098001,3417
107100001,3408
107102000,3407
107104000,3414
107106001,3414
107108001,3409
107110001,3408
107112001,3414
107114001,3403
107116001,3408
107118001,3410
107120000,3409
107122000,3409
107124000,3408
107126000,3408
107128000,3408
107130001,3409
107132001,3411
107134001,3408
107136001,3413
107138001,3411
107140001,3411
107142001,3408
107144001,3408
107146000,3413
107148001,3409
107150000,3410
107152001,3408
107154000,3412
107156001,3411
107158001,3408
107160000,3413
107162000,3410
107164000,3408
107166001,3413
107168001,3411
107170001,3411
107172001,3410
107174001,3408
107176001,3409
107178000,3405
107180000,3409
107182000,3410
107184000,3407
107186000,3409
107188000,3409
107190000,3410
107192000,3408
107194000,3410
107196000,3410
107198000,3414
107200000,3408
107202000,3409
107204000,3410
107206000,3414
107208000,3413
107210000,3410
107212000,3411
107214000,3408
107216000,3408
107218001,3411
107220001,3408
107222001,3410
107224000,3408
107226001,3408
107228000,3411
107230001,3414
107232001,3414
107234001,3410
107236001,3408
107238001,3408
107240001,3409
107242000,3409
107244000,3410
107246000,3412
107248001,3408
107250001,3412
107252000,3411
107254000,3410
107256000,3414
107258000,3409
107260000,3410
107262000,3411
107264001,3409
107266000,3411
107268000,3408
107270000,3408
107272000,3412
107274001,3409
107276000,3408
107278000,3411
107280001,3412
107282000,3408
107284000,3405
107286001,3408
107288001,3412
107290001,3413
107292001,3410
107294001,3411
107296001,3411
107298000,3410
107300000,3409
107302000,3408
107304000,3413
107306000,3415
107308000,3410
107310000,3411
107312000,3408
107314001,3411
107316000,3409
107318000,3414
107320001,3409
107322001,3409
107324001,3408
107326001,3410
107328001,3413
107330000,3413
107332000,3413
107334001,3409
107336001,3410
107338001,3408
107340001,3410
107342001,3408
107344001,3407
107346001,3408
107348001,3410
107350001,3408
107352001,3408
107354001,3412
107356001,3410
107358001,3408
107360001,3408
107362001,3408
107364001,3409
107366000,3409
107368000,3412
107370000,3409
107372000,3411
107374000,3409
107376001,3411
107378001,3415
107380001,3417
107382001,3412
107384001,3409
107386001,3411
107388000,3408
107390000,3418
107392000,3409
107394000,3408
107396000,3410
107398001,3406
107400000,3406
107402000,3408
107404000,3408
107406001,3408
107408001,3411
107410001,3410
107412001,3409
107414000,3409
107416000,3410
107418000,3411
107420000,3408
107422000,3411
107424000,3410
107426001,3410
107428001,3408
107430001,3413
107432001,3408
107434001,3408
107436000,3410
107438000,3410
107440001,3408
107442001,3409
107444001,3408
107446001,3412
107448001,3410
107450001,3412
107452001,3408
107454000,3415
107456000,3411
107458000,3408
107460000,3411
107462001,3408
107464001,3411
107466001,3411
107468001,3411
107470001,3411
107472001,3411
107474001,3408
107476001,3411
107478001,3414
107480001,3413
107482001,3413
107484000,3412
107486000,3409
107488000,3411
107490000,3409
107492000,3408
107494001,3411
107496001,3409
107498001,3409
107500001,3409
107502001,3411
107504001,3408
107506001,3408
107508001,3408
107510001,3415
107512001,3413
107514001,3411
107516001,3413
107518001,3410
107520001,3410
107522000,3413
107524000,3410
107526000,3413
107528000,3411
107530000,3409
107532000,3412
107534000,3411
107536001,3411
107538001,3413
107540001,3410
107542001,3415
107544001,3408
107546001,3410
107548000,3413
107550000,3411
107552000,3411
107554000,3410
107556000,3408
107558000,3410
107560000,3410
107562000,3408
107564000,3413
107566000,3409
107568000,3408
107570000,3409
107572001,3412
107574001,3415
107576001,3408
107578001,3418
107580000,3413
107582001,3414
107584001,3411
107586001,3414
107588001,3413
107590001,3410
107592001,3410
107594001,3409
107596001,3408
107598001,3417
107600000,3409
107602000,3410
107604000,3410
107606000,3409
107608000,3409
107610000,3411
107612000,3409
107614000,3410
107616000,3417
107618001,3408
107620001,3411
107622001,3410
107624001,3412
107626001,3408
107628001,3408
107630001,3414
107632001,3406
107634001,3414
107636001,3408
107638001,3413
107640000,3410
107642000,3410
107644000,3409
107646000,3410
107648000,3411
107650000,3411
107652000,3410
107654001,3409
107656000,3415
107658000,3408
107660000,3408
107662001,3411
107664001,3412
107666001,3423
107668000,3410
107670001,3409
107672001,3411
107674000,3407
107676000,3413
107678001,3408
107680001,3413
107682001,3411
107684000,3413
107686000,3410
107688000,3408
107690000,3408
107692000,3412
107694000,3410
107696000,3412
107698000,3410
107700000,3409
107702001,3411
107704000,3411
107706000,3414
107708000,3414
107710001,3411
107712001,3411
107714001,3410
107716001,3411
107718001,3411
107720000,3411
107722001,3413
107724001,3411
107726001,3411
107728001,3409
107730001,3409
107732001,3409
107734001,3411
107736001,3414
107738000,3408
107740000,3418
107742000,3410
107744000,3408
107746000,3409
107748001,3408
107750001,3408
107752001,3409
107754001,3411
107756001,3409
107758000,3410
107760000,3410
107762000,3408
107764000,3409
107766000,3412
107768000,3411
107770000,3410
107772000,3410
107774000,3408
107776000,3412
107778000,3407
107780000,3410
107782000,3410
107784000,3408
107786000,3411
107788000,3409
107790000,3408
107792000,3409
107794001,3408
107796001,3408
107798001,3410
107800001,3414
107802001,3410
107804001,3409
107806000,3410
107808000,3408
107810000,3408
107812001,3408
107814001,3408
107816000,3410
107818000,3407
107820000,3409
107822000,3408
107824000,3408
107826000,3410
107828000,3409
107830000,3408
107832000,3408
107834000,3414
107836000,3412
107838000,3409
107840001,3408
107842000,3411
107844000,3412
107846000,3411
107848000,3409
107850001,3408
107852001,3410
107854001,3416
107856001,3412
107858001,3408
107860000,3410
107862000,3413
107864000,3411
107866000,3411
107868000,3412
107870000,3411
107872001,3411
107874001,3412
107876001,3410
107878001,3406
107880001,3427
107882001,3408
107884001,3414
107886001,3412
107888001,3411
107890001,3409
107892001,3411
107894000,3409
107896001,3411
107898000,3414
107900000,3408
107902001,3411
107904001,3415
107906001,3415
107908001,3410
107910001,3408
107912001,3408
107914000,3408
107916000,3408
107918000,3449
107920000,3468
107922000,3406
107924000,3378
107926000,3415
107928000,3425
107930001,3406
107932001,3415
107934000,3424
107936001,3417
107938001,3443
107940001,3413
107942001,3414
107944001,3402
107946001,3439
107948001,3440
107950001,3427
107952001,3421
107954001,3405
107956000,3398
107958000,3377
107960000,3376
107962000,3421
107964000,3414
107966000,3455
107968001,3373
107970001,3357
107972001,3404
107974000,3445
107976001,3357
107978001,3355
107980001,3397
107982000,3415
107984000,3419
107986000,3407
107988000,3458
107990000,3418
107992001,3446
107994000,3405
107996000,3409
107998001,3396
108000001,3415
108002001,3415
108004001,3409
108006000,3407
108008001,3413
108010001,3411
108012001,3402
108014000,3437
108016000,3426
108018000,3408
108020001,3410
108022000,3484
108024000,3402
108026001,3419
108028001,3396
108030001,3397
108032001,3398
108034001,3420
108036001,3418
108038001,3391
108040001,3415
108042001,3402
108044001,3418
108046000,3390
108048000,3438
108050000,3492
108052000,3416
108054000,3447
108056000,3397
108058000,3395
108060000,3383
108062000,3399
108064000,3412
108066001,3430
108068001,3405
108070001,3399
108072001,3379
108074001,3425
108076001,3350
108078001,3442
108080000,3421
108082000,3403
108084000,3408
108086001,3418
108088001,3393
108090001,3323
108092001,3391
108094000,3408
108096000,3411
108098001,3403
108100001,3414
108102001,3408
108104001,3415
108106001,3359
108108001,3421
108110001,3418
108112001,3408
108114001,3425
108116001,3453
108118001,3414
108120001,3397
108122001,3411
108124001,3413
108126001,3408
108128001,3410
108130001,3408
108132001,3411
108134001,3408
108136001,3415
108138000,3424
108140000,3409
108142001,3414
108144001,3406
108146001,3378
108148001,3427
108150001,3433
108152001,3395
108154000,3409
108156000,3443
108158000,3410
108160000,3408
108162000,3412
108164000,3419
108166000,3408
108168000,3410
108170000,3411
108172001,3421
108174001,3390
108176001,3402
108178001,3430
108180001,3408
108182001,3411
108184001,3402
108186000,3411
108188000,3411
108190000,3411
108192000,3410
108194000,3413
108196000,3407
108198001,3411
108200001,3413
108202001,3421
108204001,3408
108206001,3411
108208001,3411
108210001,3409
108212001,3408
108214001,3410
108216001,3408
108218001,3411
108220001,3418
108222001,3405
108224001,3410
108226001,3411
108228001,3408
108230001,3413
108232001,3408
108234001,3408
108236001,3411
108238001,3424
108240001,3424
108242001,3411
108244001,3412
108246001,3410
108248001,3411
108250000,3408
108252000,3415
108254001,3415
108256000,3408
108258000,3410
108260000,3423
108262000,3413
108264000,3408
108266001,3411
108268000,3407
108270000,3413
108272000,3411
108274001,3411
108276001,3409
108278000,3413
108280000,3402
108282000,3408
108284000,3414
108286000,3406
108288000,3415
108290000,3408
108292000,3408
108294000,3413
108296000,3408
108298001,3410
108300000,3417
108302001,3410
108304000,3411
108306000,3408
108308001,3409
108310001,3415
108312001,3415
108314001,3411
108316001,3412
108318001,3405
108320001,3419
108322001,3410
108324001,3415
108326001,3411
108328001,3411
108330001,3417
108332001,3409
108334001,3409
108336001,3413
108338001,3415
108340001,3409
108342001,3409
108344001,3408
108346001,3412
108348001,3409
108350001,3417
108352001,3412
108354001,3407
108356001,3413
108358001,3417
108360000,3411
108362000,3411
108364000,3417
108366000,3410
108368000,3408
108370000,3413
108372001,3409
108374000,3420
108376000,3408
108378000,3411
108380001,3415
108382001,3413
108384000,3413
108386000,3411
108388000,3414
108390000,3408
108392001,3411
108394000,3408
108396000,3406
108398001,3415
108400001,3413
108402000,3408
108404000,3415
108406000,3418
108408000,3410
108410001,3408
108412001,3412
108414001,3409
108416001,3413
108418001,3410
108420001,3418
108422000,3408
108424000,3402
108426001,3408
108428001,3405
108430001,3408
108432001,3411
108434001,3417
108436000,3408
108438000,3410
108440000,3409
108442000,3410
108444000,3411
108446001,3417
108448001,3411
108450001,3412
108452001,3406
108454001,3408
108456001,3408
108458001,3410
108460001,3411
108462000,3413
108464000,3408
108466000,3407
108468000,3412
108470000,3410
108472000,3410
108474000,3408
108476001,3408
108478001,3413
108480001,3408
108482001,3411
108484000,3408
108486000,3411
108488001,3410
108490001,3410
108492001,3414
108494001,3411
108496001,3409
108498001,3408
108500001,3411
108502001,3410
108504000,3409
108506000,3410
108508000,3410
108510001,3412
108512001,3411
108514001,3409
108516001,3410
108518000,3408
108520000,3408
108522000,3410
108524000,3409
108526000,3408
108528000,3411
108530000,3409
108532000,3408
108534000,3409
108536000,3408
108538000,3413
108540000,3410
108542000,3409
108544000,3409
108546000,3409
108548000,3408
108550000,3412
108552000,3409
108554000,3414
108556001,3408
108558001,3411
108560001,3410
108562001,3415
108564001,3413
108566001,3411
108568001,3408
108570001,3410
108572000,3411
108574000,3410
108576000,3410
108578000,3409
108580000,3408
108582000,3409
108584001,3409
108586001,3413
108588001,3412
108590001,3410
108592001,3409
108594001,3408
108596001,3409
108598001,3411
108600001,3411
108602000,3408
108604000,3408
108606000,3408
108608000,3409
108610000,3408
108612001,3412
108614000,3411
108616000,3408
108618000,3409
108620000,3410
108622001,3410
108624001,3410
108626001,3417
108628000,3410
108630000,3408
108632000,3408
108634001,3411
108636001,3410
108638001,3413
108640001,3412
108642001,3408
108644001,3410
108646001,3409
108648000,3408
108650000,3410
108652000,3408
108654001,3410
108656001,3412
108658001,3409
108660001,3410
108662001,3408
108664001,3408
108666001,3413
108668001,3411
108670001,3411
108672001,3408
108674000,3408
108676000,3413
108678000,3409
108680001,3411
108682001,3409
108684000,3410
108686000,3410
108688001,3409
108690001,3409
108692001,3408
108694001,3409
108696001,3408
108698001,3409
108700001,3408
108702001,3413
108704001,3413
108706000,3410
108708000,3408
108710000,3411
108712000,3412
108714000,3415
108716001,3409
108718001,3408
108720000,3414
108722000,3415
108724000,3408
108726000,3411
108728000,3411
108730000,3413
108732000,3411
108734000,3409
108736000,3411
108738001,3410
108740001,3407
108742001,3411
108744001,3414
108746001,3412
108748001,3408
108750000,3408
108752000,3413
108754000,3410
108756000,3412
108758001,3408
108760001,3408
108762000,3410
108764000,3408
108766001,3408
108768001,3408
108770001,3408
108772001,3413
108774001,3411
108776001,3410
108778001,3414
108780001,3411
108782001,3411
108784001,3408
108786001,3413
108788001,3409
108790001,3411
108792001,3410
108794001,3408
108796001,3408
108798001,3413
108800001,3411
108802000,3413
108804000,3410
108806000,3411
108808000,3410
108810000,3414
108812000,3414
108814000,3410
108816000,3412
108818001,3408
108820001,3410
108822001,3410
108824000,3413
108826001,3413
108828001,3409
108830000,3409
108832000,3412
108834000,3409
108836000,3411
108838000,3410
108840000,3408
108842001,3410
108844001,3408
108846001,3414
108848001,3414
108850001,3413
108852001,3415
108854000,3408
108856000,3409
108858000,3411
108860000,3410
108862000,3409
108864000,3410
108866001,3408
108868001,3411
108870001,3413
108872001,3411
108874001,3408
108876001,3411
108878001,3411
108880001,3415
108882000,3408
108884000,3409
108886000,3409
108888000,3408
108890000,3411
108892001,3413
108894001,3413
108896001,3415
108898001,3409
108900000,3409
108902000,3414
108904001,3415
108906000,3410
108908000,3411
108910000,3409
108912000,3412
108914001,3409
108916001,3411
108918001,3414
108920000,3408
108922000,3413
108924000,3410
108926000,3408
108928001,3408
108930000,3411
108932001,3410
108934000,3409
108936001,3410
108938001,3409
108940001,3411
108942001,3411
108944000,3411
108946000,3410
108948000,3411
108950000,3412
108952000,3413
108954001,3411
108956001,3409
108958001,3415
108960001,3412
108962001,3410
108964001,3410
108966001,3409
108968001,3409
108970001,3410
108972001,3411
108974000,3409
108976000,3408
108978000,3411
108980000,3409
108982000,3412
108984001,3413
108986001,3409
108988001,3410
108990001,3411
108992001,3411
108994001,3409
108996001,3412
108998000,3402
109000000,3408
109002000,3414
109004001,3411
109006001,3402
109008001,3410
109010001,3411
109012001,3408
109014001,3410
109016001,3410
109018001,3408
109020001,3411
109022000,3411
109024000,3410
109026000,3408
109028001,3411
109030000,3408
109032000,3409
109034000,3410
109036000,3410
109038000,3408
109040000,3410
109042001,3409
109044001,3409
109046001,3411
109048001,3408
109050001,3411
109052000,3409
109054001,3412
109056000,3410
109058001,3408
109060001,3408
109062000,3410
109064000,3411
109066000,3408
109068000,3411
109070000,3413
109072000,3411
109074000,3410
109076000,3409
109078000,3409
109080000,3409
109082000,3408
109084000,3409
109086000,3408
109088000,3409
109090000,3409
109092001,3409
109094001,3413
109096001,3408
109098001,3415
109100001,3411
109102001,3409
109104000,3409
109106000,3411
109108000,3415
109110000,3408
109112000,3408
109114001,3411
109116000,3411
109118000,3414
109120001,3410
109122001,3411
109124001,3411
109126001,3409
109128001,3409
109130001,3410
109132001,3408
109134001,3411
109136000,3413
109138000,3409
109140000,3408
109142000,3413
109144000,3412
109146000,3414
109148000,3413
109150000,3414
109152001,3412
109154000,3411
109156001,3420
109158001,3411
109160001,3409
109162001,3411
109164000,3410
109166001,3409
109168001,3409
109170001,3409
109172001,3409
109174001,3408
109176001,3413
109178001,3409
109180001,3412
109182001,3408
109184001,3412
109186000,3408
109188000,3408
109190000,3412
109192001,3411
109194001,3408
109196001,3408
109198001,3411
109200001,3411
109202001,3410
109204001,3411
109206001,3411
109208001,3411
109210001,3408
109212000,3414
109214000,3413
109216001,3412
109218001,3410
109220001,3409
109222001,3408
109224000,3415
109226000,3411
109228000,3409
109230001,3413
109232000,3411
109234000,3409
109236001,3415
109238001,3408
109240001,3408
109242001,3410
109244001,3410
109246001,3409
109248001,3410
109250001,3411
109252001,3411
109254001,3408
109256001,3407
109258001,3408
109260001,3411
109262001,3410
109264000,3408
109266000,3412
109268000,3409
109270000,3415
109272000,3409
109274000,3410
109276001,3408
109278001,3408
109280001,3409
109282000,3410
109284001,3408
109286000,3412
109288001,3408
109290001,3408
109292001,3410
109294001,3407
109296000,3411
109298000,3409
109300001,3409
109302000,3408
109304000,3414
109306000,3414
109308000,3410
109310000,3410
109312000,3408
109314000,3414
109316000,3411
109318000,3409
109320000,3403
109322000,3411
109324000,3409
109326001,3413
109328001,3410
109330001,3411
109332001,3410
109334001,3411
109336001,3408
109338001,3410
109340001,3411
109342001,3411
109344001,3411
109346001,3402
109348001,3408
109350001,3410
109352001,3415
109354000,3410
109356000,3411
109358000,3411
109360001,3411
109362000,3411
109364000,3413
109366000,3410
109368000,3414
109370000,3411
109372000,3410
109374000,3411
109376000,3410
109378000,3408
109380000,3413
109382000,3411
109384000,3410
109386001,3409
109388001,3409
109390001,3411
109392001,3408
109394001,3408
109396001,3413
109398001,3411
109400000,3410
109402000,3410
109404000,3411
109406000,3409
109408000,3410
109410001,3408
109412000,3409
109414000,3408
109416000,3408
109418001,3413
109420001,3409
109422001,3408
109424001,3413
109426001,3411
109428000,3412
109430000,3408
109432000,3409
109434001,3412
109436001,3413
109438001,3409
109440001,3408
109442001,3413
109444001,3410
109446001,3409
109448000,3408
109450000,3407
109452000,3409
109454000,3408
109456001,3409
109458000,3410
109460000,3408
109462000,3408
109464000,3409
109466001,3412
109468001,3409
109470001,3414
109472001,3411
109474001,3413
109476001,3412
109478000,3410
109480000,3409
109482000,3408
109484000,3413
109486000,3410
109488000,3413
109490000,3413
109492001,3414
109494001,3413
109496000,3409
109498000,3411
109500000,3413
109502000,3411
109504000,3411
109506000,3413
109508000,3413
109510000,3411
109512001,3410
109514001,3413
109516001,3411
109518001,3415
109520001,3408
109522001,3410
109524001,3411
109526001,3409
109528001,3411
109530001,3419
109532001,3406
109534001,3413
109536001,3413
109538001,3408
109540001,3408
109542001,3413
109544001,3412
109546000,3408
109548000,3410
109550000,3415
109552000,3413
109554000,3410
109556000,3413
109558001,3411
109560001,3413
109562001,3411
109564001,3411
109566000,3408
109568000,3408
109570000,3408
109572000,3411
109574001,3409
109576000,3408
109578001,3409
109580001,3410
109582001,3413
109584001,3409
109586001,3414
109588000,3408
109590000,3409
109592000,3408
109594001,3410
109596001,3410
109598001,3413
109600001,3410
109602000,3410
109604001,3410
109606001,3410
109608001,3411
109610001,3419
109612000,3410
109614000,3411
109616000,3413
109618000,3413
109620001,3413
109622001,3414
109624001,3419
109626001,3408
109628001,3413
109630001,3409
109632001,3408
109634001,3409
109636001,3417
109638001,3414
109640001,3411
109642000,3411
109644000,3411
109646000,3410
109648000,3410
109650000,3411
109652000,3409
109654000,3413
109656000,3411
109658000,3409
109660001,3409
109662001,3409
109664000,3409
109666000,3411
109668000,3413
109670000,3415
109672000,3411
109674000,3409
109676000,3412
109678000,3410
109680000,3408
109682001,3408
109684001,3409
109686001,3411
109688001,3412
109690001,3411
109692000,3414
109694000,3409
109696000,3413
109698000,3410
109700001,3412
109702001,3411
109704001,3408
109706001,3409
109708001,3410
109710001,3409
109712000,3408
109714000,3411
109716000,3408
109718000,3411
109720001,3413
109722001,3411
109724000,3411
109726000,3408
109728001,3409
109730001,3410
109732001,3415
109734001,3408
109736001,3412
109738001,3409
109740000,3408
109742001,3411
109744000,3408
109746000,3411
109748000,3411
109750000,3410
109752001,3414
109754000,3411
109756001,3409
109758001,3413
109760001,3407
109762000,3408
109764000,3411
109766000,3409
109768000,3429
109770000,3411
109772000,3406
109774000,3411
109776000,3415
109778000,3410
109780001,3410
109782001,3410
109784001,3409
109786000,3414
109788000,3410
109790000,3418
109792000,3408
109794001,3408
109796001,3410
109798001,3408
109800001,3411
109802001,3414
109804001,3408
109806001,3411
109808001,3410
109810001,3412
109812001,3410
109814001,3408
109816000,3408
109818000,3411
109820000,3410
109822000,3408
109824000,3411
109826000,3410
109828000,3409
109830001,3411
109832001,3411
109834001,3411
109836000,3409
109838000,3408
109840001,3410
109842001,3409
109844001,3409
109846001,3411
109848001,3409
109850001,3406
109852001,3411
109854001,3410
109856001,3408
109858001,3411
109860001,3408
109862001,3409
109864001,3411
109866000,3408
109868000,3412
109870001,3411
109872001,3408
109874001,3408
109876000,3409
109878000,3409
109880001,3412
109882000,3412
109884000,3413
109886001,3408
109888001,3414
109890001,3411
109892001,3408
109894001,3408
109896001,3414
109898001,3409
109900000,3412
109902000,3412
109904001,3410
109906001,3412
109908001,3411
109910001,3415
109912000,3409
109914000,3409
109916000,3413
109918000,3409
109920000,3408
109922000,3409
109924000,3409
109926001,3409
109928001,3407
109930001,3411
109932001,3408
109934001,3411
109936001,3411
109938000,3412
109940000,3408
109942000,3411
109944000,3408
109946000,3411
109948001,3409
109950001,3408
109952001,3408
109954000,3414
109956001,3411
109958000,3410
109960001,3415
109962001,3411
109964001,3409
109966001,3409
109968000,3408
109970000,3408
109972000,3409
109974000,3415
109976000,3408
109978000,3418
109980000,3415
109982000,3409
109984001,3409
109986001,3413
109988001,3409
109990000,3408
109992000,3409
109994000,3409
109996000,3411
109998000,3413
110000000,3408
110002000,3409
110004000,3411
110006001,3410
110008001,3409
110010001,3408
110012000,3411
110014000,3408
110016000,3414
110018000,3411
110020000,3409
110022000,3409
110024001,3410
110026001,3413
110028000,3412
110030000,3410
110032000,3410
110034001,3408
110036000,3411
110038001,3411
110040001,3409
110042001,3410
110044001,3409
110046000,3411
110048000,3412
110050000,3408
110052000,3411
110054001,3413
110056001,3408
110058001,3413
110060001,3411
110062000,3408
110064001,3415
110066000,3408
110068001,3411
110070000,3411
110072000,3410
110074000,3410
110076001,3408
110078000,3401
110080000,3408
110082000,3411
110084000,3409
110086001,3409
110088001,3410
110090001,3408
110092001,3408
110094001,3409
110096001,3409
110098001,3413
110100001,3417
110102001,3407
110104001,3415
110106001,3410
110108001,3410
110110001,3414
110112001,3409
110114001,3419
110116001,3413
110118001,3408
110120000,3415
110122000,3408
110124000,3414
110126001,3408
110128000,3413
110130000,3409
110132000,3410
110134000,3415
110136000,3411
110138000,3413
110140000,3409
110142000,3411
110144001,3408
110146001,3413
110148000,3410
110150000,3410
110152000,3410
110154001,3415
110156000,3411
110158000,3411
110160000,3413
110162000,3410
110164000,3411
110166000,3414
110168000,3411
110170000,3418
110172000,3408
110174000,3413
110176001,3410
110178000,3412
110180000,3408
110182000,3408
110184000,3415
110186001,3414
110188000,3414
110190001,3409
110192001,3411
110194001,3410
110196001,3409
110198000,3410
110200000,3411
110202000,3410
110204000,3409
110206000,3409
110208000,3413
110210000,3413
110212000,3406
110214000,3410
110216001,3409
110218001,3413
110220001,3408
110222001,3411
110224001,3411
110226001,3410
110228000,3411
110230000,3414
110232000,3411
110234001,3411
110236001,3407
110238001,3414
110240001,3411
110242001,3408
110244001,3414
110246001,3410
110248001,3410
110250000,3409
110252000,3413
110254000,3414
110256001,3407
110258001,3412
110260001,3413
110262001,3407
110264001,3409
110266001,3410
110268001,3411
110270000,3419
110272000,3408
110274000,3408
110276000,3410
110278000,3411
110280001,3411
110282001,3408
110284000,3409
110286001,3408
110288001,3409
110290000,3409
110292000,3409
110294000,3411
110296000,3408
110298000,3409
110300000,3408
110302000,3416
110304000,3409
110306000,3410
110308000,3410
110310000,3409
110312000,3410
110314001,3408
110316000,3408
110318001,3411
110320001,3411
110322001,3412
110324001,3409
110326001,3409
110328001,3411
110330001,3409
110332001,3410
110334001,3410
110336001,3409
110338001,3415
110340001,3414
110342001,3413
110344001,3409
110346001,3412
110348001,3411
110350001,3413
110352001,3410
110354000,3411
110356000,3414
110358000,3409
110360001,3409
110362001,3408
110364001,3411
110366001,3410
110368001,3411
110370000,3408
110372000,3417
110374001,3411
110376001,3411
110378001,3413
110380001,3408
110382001,3411
110384001,3412
110386001,3409
110388001,3409
110390000,3410
110392000,3408
110394000,3413
110396000,3410
110398000,3409
110400000,3408
110402000,3408
110404000,3411
110406001,3413
110408001,3410
110410001,3410
110412001,3411
110414000,3408
110416000,3409
110418001,3409
110420001,3411
110422000,3409
110424000,3413
110426001,3411
110428001,3411
110430001,3409
110432000,3413
110434001,3411
110436000,3414
110438001,3411
110440000,3411
110442000,3414
110444001,3413
110446001,3410
110448001,3410
110450000,3413
110452000,3424
110454000,3408
110456001,3411
110458001,3411
110460001,3412
110462001,3405
110464000,3415
110466000,3417
110468000,3421
110470001,3412
110472000,3402
110474000,3418
110476000,3418
110478000,3410
110480001,3413
110482000,3355
110484000,3424
110486000,3405
110488001,3409
110490001,3402
110492001,3409
110494001,3411
110496001,3408
110498001,3399
110500000,3429
110502001,3422
110504001,3423
110506001,3419
110508000,3516
110510000,3412
110512001,3427
110514001,3440
110516001,3398
110518001,3387
110520000,3395
110522000,3493
110524000,3408
110526000,3378
110528001,3410
110530001,3430
110532001,3389
110534001,3426
110536001,3337
110538001,3504
110540001,3367
110542001,3412
110544000,3408
110546001,3395
110548001,3414
110550001,3427
110552001,3443
110554001,3371
110556000,3419
110558001,3402
110560001,3440
110562001,3403
110564001,3407
110566000,3457
110568000,3408
110570001,3414
110572001,3419
110574001,3357
110576001,3418
110578000,3406
110580001,3412
110582001,3413
110584001,3425
110586000,3419
110588000,3408
110590000,3422
110592000,3427
110594001,3394
110596001,3392
110598001,3408
110600001,3455
110602001,3401
110604001,3378
110606001,3391
110608001,3376
110610001,3403
110612001,3415
110614001,3488
110616001,3429
110618001,3462
110620000,3350
110622000,3396
110624000,3445
110626000,3472
110628000,3409
110630000,3440
110632000,3381
110634000,3424
110636000,3479
110638000,3421
110640001,3424
110642001,3410
110644001,3373
110646001,3439
110648001,3386
110650001,3405
110652001,3461
110654000,3406
110656001,3471
110658000,3414
110660000,3405
110662001,3350
110664001,3408
110666001,3408
110668001,3395
110670001,3407
110672001,3415
110674001,3407
110676001,3408
110678001,3420
110680001,3403
110682001,3413
110684000,3424
110686000,3408
110688000,3401
110690000,3415
110692000,3376
110694001,3410
110696001,3413
110698001,3415
110700001,3413
110702001,3413
110704001,3408
110706001,3421
110708001,3410
110710001,3411
110712000,3411
110714001,3461
110716001,3424
110718001,3389
110720000,3415
110722000,3438
110724000,3414
110726000,3404
110728000,3411
110730000,3438
110732001,3451
110734000,3413
110736000,3413
110738000,3415
110740001,3427
110742001,3423
110744001,3410
110746001,3420
110748000,3404
110750000,3414
110752000,3414
110754001,3415
110756001,3409
110758000,3411
110760000,3408
110762000,3407
110764001,3415
110766001,3408
110768001,3414
110770001,3411
110772000,3416
110774001,3410
110776001,3413
110778000,3411
110780000,3409
110782000,3414
110784000,3414
110786001,3413
110788000,3408
110790000,3409
110792000,3410
110794000,3405
110796000,3407
110798000,3414
110800000,3419
110802000,3418
110804000,3413
110806001,3409
110808001,3408
110810001,3408
110812000,3418
110814001,3414
110816001,3409
110818000,3410
110820000,3408
110822000,3422
110824000,3411
110826000,3407
110828000,3419
110830000,3409
110832000,3409
110834000,3414
110836000,3413
110838000,3408
110840000,3419
110842000,3405
110844000,3403
110846001,3408
110848001,3409
110850001,3408
110852001,3407
110854000,3412
110856001,3413
110858001,3410
110860001,3414
110862001,3411
110864001,3407
110866001,3413
110868001,3408
110870001,3412
110872000,3409
110874000,3411
110876001,3410
110878001,3411
110880001,3411
110882000,3407
110884000,3409
110886001,3410
110888001,3414
110890001,3414
110892000,3415
110894000,3413
110896000,3415
110898000,3414
110900001,3414
110902001,3407
110904000,3408
110906001,3418
110908001,3411
110910000,3414
110912000,3421
110914000,3411
110916000,3409
110918000,3410
110920000,3407
110922000,3413
110924001,3411
110926001,3409
110928000,3419
110930000,3411
110932000,3408
110934000,3410
110936000,3415
110938000,3408
110940000,3413
110942001,3408
110944001,3411
110946001,3411
110948001,3412
110950000,3409
110952000,3403
110954000,3415
110956000,3414
110958000,3411
110960000,3416
110962000,3414
110964000,3415
110966000,3406
110968000,3409
110970000,3408
110972000,3411
110974001,3408
110976001,3419
110978001,3411
110980001,3413
110982001,3405
110984001,3418
110986000,3411
110988001,3409
110990001,3415
110992001,3407
110994001,3410
110996001,3408
110998001,3414
111000001,3411
111002001,3405
111004000,3411
111006000,3410
111008001,3408
111010001,3419
111012001,3409
111014000,3408
111016000,3408
111018001,3408
111020001,3410
111022000,3412
111024000,3409
111026001,3410
111028001,3412
111030000,3411
111032000,3409
111034000,3413
111036000,3412
111038000,3413
111040000,3414
111042000,3409
111044001,3415
111046000,3413
111048000,3410
111050001,3410
111052000,3418
111054000,3408
111056000,3411
111058000,3411
111060000,3409
111062000,3408
111064000,3410
111066000,3415
111068001,3408
111070001,3411
111072001,3411
111074000,3410
111076000,3408
111078000,3410
111080001,3411
111082001,3412
111084001,3408
111086001,3411
111088001,3410
111090001,3410
111092000,3412
111094000,3410
111096000,3411
111098001,3408
111100001,3409
111102001,3413
111104000,3411
111106001,3411
111108001,3408
111110000,3411
111112000,3411
111114000,3413
111116000,3410
111118001,3412
111120001,3414
111122001,3410
111124001,3413
111126001,3412
111128001,3408
111130000,3408
111132001,3408
111134001,3415
111136000,3410
111138000,3421
111140000,3411
111142000,3411
111144000,3409
111146000,3414
111148000,3411
111150000,3412
111152000,3411
111154000,3414
111156001,3411
111158001,3408
111160001,3410
111162001,3410
111164001,3409
111166001,3408
111168001,3408
111170001,3409
111172001,3413
111174000,3410
111176000,3410
111178000,3415
111180000,3410
111182000,3409
111184001,3409
111186001,3413
111188001,3414
111190001,3408
111192001,3413
111194001,3410
111196001,3414
111198001,3410
111200001,3411
111202000,3413
111204000,3413
111206000,3413
111208000,3409
111210000,3409
111212000,3414
111214000,3410
111216000,3411
111218000,3413
111220001,3410
111222001,3412
111224001,3413
111226000,3409
111228000,3408
111230000,3410
111232000,3413
111234001,3409
111236001,3410
111238001,3413
111240001,3408
111242001,3410
111244001,3410
111246001,3410
111248001,3411
111250001,3411
111252000,3410
111254000,3409
111256000,3407
111258000,3409
111260001,3409
111262001,3412
111264000,3409
111266000,3408
111268000,3410
111270000,3411
111272000,3411
111274000,3408
111276000,3409
111278000,3413
111280000,3411
111282000,3411
111284000,3410
111286000,3414
111288001,3413
111290001,3414
111292001,3413
111294001,3415
111296001,3411
111298001,3413
111300000,3411
111302001,3413
111304000,3414
111306000,3408
111308001,3410
111310001,3414
111312001,3410
111314001,3411
111316001,3413
111318001,3413
111320001,3415
111322001,3411
111324001,3408
111326001,3414
111328001,3414
111330000,3409
111332000,3413
111334000,3413
111336000,3409
111338001,3413
111340001,3410
111342000,3411
111344000,3413
111346000,3411
111348000,3410
111350000,3410
111352000,3409
111354001,3411
111356000,3410
111358000,3410
111360000,3410
111362000,3414
111364001,3411
111366001,3413
111368001,3410
111370000,3415
111372000,3409
111374000,3411
111376000,3412
111378000,3413
111380000,3414
111382000,3410
111384000,3411
111386000,3409
111388000,3413
111390001,3410
111392001,3410
111394001,3409
111396000,3408
111398000,3415
111400000,3411
111402000,3411
111404001,3408
111406000,3413
111408000,3410
111410000,3408
111412000,3410
111414000,3409
111416000,3410
111418000,3410
111420000,3418
111422001,3409
111424001,3408
111426001,3413
111428001,3410
111430001,3411
111432001,3410
111434001,3411
111436001,3411
111438001,3411
111440001,3409
111442001,3414
111444000,3411
111446000,3409
111448000,3410
111450001,3411
111452000,3409
111454000,3411
111456000,3413
111458000,3412
111460000,3411
111462000,3408
111464001,3411
111466001,3411
111468001,3410
111470001,3411
111472001,3413
111474001,3411
111476001,3412
111478001,3408
111480000,3413
111482000,3411
111484000,3413
111486000,3409
111488000,3411
111490000,3411
111492000,3411
111494001,3408
111496001,3413
111498001,3413
111500001,3408
111502001,3417
111504001,3413
111506001,3410
111508000,3417
111510000,3409
111512000,3411
111514001,3414
111516001,3411
111518001,3411
111520001,3410
111522001,3409
111524000,3411
111526001,3409
111528001,3409
111530001,3413
111532001,3409
111534001,3415
111536001,3410
111538001,3412
111540001,3411
111542001,3409
111544001,3412
111546001,3409
111548000,3409
111550000,3408
111552000,3410
111554000,3412
111556000,3409
111558000,3410
111560000,3413
111562000,3408
111564001,3413
111566000,3412
111568000,3411
111570000,3410
111572001,3409
111574001,3413
111576000,3410
111578000,3413
111580001,3413
111582001,3409
111584000,3411
111586000,3413
111588001,3408
111590001,3412
111592001,3413
111594001,3414
111596000,3413
111598000,3411
111600000,3409
111602001,3410
111604001,3415
111606000,3410
111608001,3413
111610001,3409
111612001,3414
111614001,3408
111616001,3408
111618000,3411
111620000,3409
111622001,3414
111624001,3411
111626000,3414
111628000,3410
111630000,3414
111632000,3412
111634000,3414
111636000,3409
111638000,3410
111640000,3409
111642001,3408
111644001,3411
111646001,3411
111648001,3413
111650001,3410
111652001,3413
111654001,3408
111656001,3411
111658001,3408
111660000,3410
111662000,3413
111664000,3408
111666000,3408
111668000,3408
111670000,3410
111672001,3410
111674000,3413
111676000,3411
111678000,3413
111680000,3410
111682000,3413
111684000,3411
111686000,3412
111688000,3408
111690000,3408
111692000,3413
111694001,3411
111696000,3409
111698000,3410
111700001,3412
111702001,3408
111704001,3411
111706000,3414
111708000,3410
111710000,3415
111712000,3411
111714001,3414
111716000,3419
111718000,3409
111720000,3420
111722001,3409
111724000,3411
111726000,3413
111728001,3412
111730001,3409
111732001,3409
111734000,3411
111736000,3412
111738001,3412
111740001,3411
111742001,3402
111744000,3410
111746000,3413
111748001,3413
111750001,3411
111752001,3409
111754000,3411
111756001,3410
111758001,3408
111760000,3415
111762000,3411
111764000,3410
111766001,3413
111768001,3411
111770001,3413
111772001,3411
111774001,3410
111776001,3415
111778001,3410
111780001,3411
111782001,3411
111784001,3410
111786001,3414
111788001,3413
111790001,3408
111792001,3414
111794001,3411
111796001,3411
111798001,3411
111800001,3411
111802000,3412
111804000,3411
111806000,3415
111808000,3411
111810000,3414
111812000,3410
111814001,3414
111816001,3411
111818001,3415
111820001,3408
111822001,3413
111824001,3409
111826001,3411
111828001,3408
111830001,3410
111832000,3410
111834001,3409
111836001,3414
111838001,3411
111840001,3410
111842001,3409
111844001,3410
111846001,3414
111848001,3411
111850001,3408
111852001,3409
111854001,3410
111856001,3417
111858001,3410
111860001,3412
111862001,3413
111864001,3414
111866001,3411
111868001,3413
111870000,3408
111872000,3412
111874001,3419
111876001,3414
111878000,3410
111880000,3413
111882000,3411
111884001,3415
111886001,3411
111888001,3414
111890001,3409
111892000,3413
111894000,3410
111896000,3411
111898001,3411
111900001,3411
111902001,3417
111904001,3411
111906001,3411
111908000,3415
111910000,3411
111912001,3413
111914001,3411
111916001,3410
111918001,3413
111920001,3414
111922001,3412
111924001,3414
111926001,3410
111928001,3411
111930001,3409
111932001,3413
111934001,3418
111936001,3414
111938001,3414
111940001,3408
111942000,3408
111944000,3413
111946001,3413
111948000,3414
111950000,3418
111952000,3413
111954000,3411
111956000,3410
111958000,3405
111960000,3409
111962000,3403
111964000,3410
111966000,3410
111968001,3411
111970001,3414
111972001,3408
111974000,3411
111976000,3411
111978000,3413
111980000,3413
111982001,3411
111984000,3411
111986000,3410
111988001,3413
111990000,3410
111992001,3411
111994001,3410
111996001,3409
111998000,3418
112000000,3415
112002001,3411
112004001,3415
112006001,3414
112008001,3413
112010001,3411
112012000,3413
112014001,3408
112016001,3418
112018001,3411
112020000,3408
112022000,3411
112024000,3408
112026000,3409
112028001,3415
112030001,3414
112032001,3413
112034001,3410
112036001,3413
112038001,3413
112040000,3409
112042000,3415
112044001,3411
112046001,3408
112048000,3412
112050000,3413
112052001,3414
112054001,3413
112056001,3409
112058001,3411
112060001,3409
112062001,3410
112064001,3411
112066001,3413
112068001,3414
112070001,3411
112072001,3413
112074001,3413
112076001,3411
112078000,3415
112080000,3411
112082001,3411
112084001,3410
112086001,3408
112088001,3411
112090000,3410
112092000,3408
112094000,3413
112096001,3414
112098001,3412
112100001,3413
112102001,3411
112104001,3414
112106001,3413
112108001,3409
112110001,3409
112112001,3406
112114001,3412
112116001,3418
112118000,3415
112120000,3410
112122000,3411
112124000,3411
112126000,3412
112128000,3414
112130001,3409
112132001,3411
112134001,3411
112136001,3411
112138001,3408
112140001,3413
112142001,3411
112144001,3409
112146001,3414
112148000,3410
112150000,3411
112152000,3411
112154001,3407
112156001,3411
112158001,3414
112160000,3408
112162000,3415
112164000,3411
112166000,3413
112168000,3411
112170000,3409
112172000,3411
112174001,3414
112176001,3409
112178001,3413
112180001,3415
112182001,3409
112184001,3412
112186001,3415
112188001,3410
112190001,3410
112192000,3411
112194000,3411
112196001,3409
112198001,3407
112200001,3412
112202001,3413
112204000,3411
112206000,3413
112208001,3412
112210001,3412
112212001,3411
112214001,3413
112216001,3411
112218000,3412
112220000,3412
112222000,3413
112224000,3410
112226000,3411
112228001,3413
112230001,3411
112232000,3412
112234000,3411
112236000,3413
112238000,3411
112240000,3417
112242000,3411
112244000,3415
112246001,3412
112248001,3413
112250001,3418
112252000,3410
112254000,3418
112256001,3414
112258001,3409
112260001,3410
112262001,3413
112264001,3411
112266000,3410
112268000,3411
112270000,3401
112272000,3411
112274000,3411
112276000,3410
112278001,3411
112280000,3417
112282000,3413
112284000,3413
112286000,3410
112288000,3414
112290001,3414
112292001,3412
112294000,3411
112296001,3410
112298001,3408
112300001,3411
112302001,3411
112304001,3409
112306001,3413
112308000,3413
112310000,3409
112312001,3413
112314001,3415
112316001,3411
112318001,3408
112320001,3414
112322001,3414
112324001,3414
112326001,3408
112328000,3411
112330001,3411
112332001,3419
112334001,3411
112336001,3413
112338000,3417
112340000,3414
112342001,3414
112344001,3411
112346001,3413
112348001,3409
112350001,3408
112352001,3411
112354001,3413
112356001,3418
112358001,3412
112360001,3411
112362001,3411
112364001,3410
112366000,3409
112368001,3410
112370001,3411
112372001,3411
112374000,3414
112376000,3412
112378000,3410
112380000,3409
112382000,3411
112384000,3415
112386000,3411
112388000,3415
112390000,3412
112392000,3412
112394000,3410
112396000,3410
112398001,3411
112400001,3410
112402001,3411
112404001,3415
112406000,3411
112408000,3414
112410000,3410
112412001,3415
112414000,3411
112416000,3412
112418001,3411
112420001,3411
112422001,3411
112424000,3410
112426000,3410
112428000,3413
112430000,3414
112432000,3411
112434001,3408
112436001,3414
112438001,3413
112440001,3409
112442001,3411
112444001,3410
112446001,3410
112448001,3415
112450000,3413
112452000,3409
112454001,3410
112456001,3409
112458001,3413
112460001,3410
112462001,3409
112464001,3411
112466001,3410
112468001,3411
112470000,3415
112472000,3410
112474000,3411
112476000,3410
112478001,3410
112480001,3410
112482000,3409
112484000,3414
112486000,3415
112488001,3414
112490001,3411
112492001,3410
112494001,3411
112496001,3414
112498001,3409
112500001,3410
112502000,3417
112504000,3416
112506001,3410
112508001,3413
112510001,3413
112512001,3405
112514001,3411
112516001,3409
112518001,3410
112520001,3417
112522001,3415
112524001,3411
112526001,3409
112528001,3413
112530001,3409
112532000,3410
112534000,3411
112536000,3409
112538000,3417
112540000,3411
112542000,3410
112544000,3415
112546000,3415
112548000,3412
112550000,3410
112552000,3411
112554000,3411
112556000,3419
112558001,3410
112560001,3409
112562001,3417
112564000,3414
112566000,3409
112568000,3415
112570000,3408
112572001,3414
112574001,3411
112576001,3409
112578001,3411
112580001,3414
112582001,3414
112584001,3410
112586001,3414
112588001,3410
112590001,3409
112592000,3411
112594000,3411
112596001,3410
112598001,3413
112600000,3413
112602001,3408
112604000,3408
112606001,3417
112608001,3411
112610000,3408
112612000,3411
112614000,3417
112616001,3415
112618001,3412
112620001,3408
112622001,3410
112624001,3413
112626000,3408
112628000,3412
112630001,3413
112632000,3415
112634000,3413
112636001,3410
112638001,3414
112640001,3408
112642001,3411
112644000,3413
112646000,3412
112648001,3409
112650001,3412
112652001,3413
112654001,3407
112656001,3411
112658001,3411
112660000,3413
112662000,3415
112664000,3413
112666000,3411
112668000,3409
112670000,3413
112672000,3408
112674000,3411
112676000,3414
112678000,3417
112680000,3409
112682000,3414
112684001,3410
112686000,3409
112688000,3411
112690000,3417
112692000,3411
112694001,3415
112696001,3409
112698000,3413
112700000,3410
112702001,3410
112704001,3414
112706001,3409
112708001,3412
112710001,3410
112712001,3410
112714001,3409
112716001,3413
112718001,3411
112720001,3411
112722001,3413
112724000,3414
112726000,3412
112728000,3410
112730000,3410
112732001,3413
112734001,3409
112736001,3409
112738001,3411
112740001,3415
112742001,3412
112744001,3422
112746001,3408
112748001,3410
112750001,3409
112752001,3414
112754001,3413
112756001,3409
112758001,3409
112760000,3411
112762000,3409
112764001,3415
112766001,3415
112768001,3413
112770001,3412
112772001,3409
112774001,3413
112776001,3413
112778001,3411
112780001,3411
112782001,3411
112784001,3414
112786001,3411
112788001,3411
112790001,3410
112792000,3413
112794000,3412
112796001,3414
112798001,3409
112800000,3414
112802000,3412
112804000,3413
112806000,3414
112808000,3408
112810000,3412
112812001,3415
112814001,3415
112816001,3414
112818000,3414
112820000,3413
112822000,3411
112824001,3413
112826001,3417
112828001,3413
112830001,3414
112832001,3411
112834001,3410
112836000,3409
112838000,3412
112840000,3411
112842000,3409
112844000,3411
112846001,3410
112848001,3411
112850001,3411
112852001,3412
112854001,3410
112856001,3412
112858001,3408
112860001,3412
112862001,3411
112864001,3412
112866001,3411
112868001,3416
112870001,3413
112872001,3413
112874001,3413
112876001,3410
112878001,3411
112880001,3408
112882001,3415
112884001,3412
112886001,3409
112888001,3417
112890001,3411
112892001,3409
112894001,3408
112896001,3409
112898001,3409
112900001,3411
112902001,3414
112904001,3413
112906001,3415
112908001,3411
112910000,3411
112912000,3410
112914000,3411
112916001,3410
112918001,3409
112920001,3410
112922001,3413
112924001,3410
112926001,3412
112928001,3411
112930001,3409
112932001,3417
112934001,3414
112936001,3412
112938001,3414
112940001,3410
112942001,3410
112944001,3408
112946001,3415
112948000,3408
112950000,3412
112952000,3417
112954000,3408
112956000,3411
112958000,3406
112960000,3410
112962000,3409
112964001,3411
112966001,3409
112968001,3408
112970001,3411
112972001,3412
112974001,3412
112976001,3408
112978001,3410
112980001,3413
112982000,3415
112984000,3413
112986000,3409
112988000,3415
112990000,3412
112992000,3409
112994000,3413
112996000,3411
112998001,3415
113000001,3409
113002001,3413
113004001,3409
113006001,3411
113008001,3411
113010001,3408
113012001,3408
113014001,3409
113016001,3410
113018000,3414
113020000,3412
113022001,3411
113024001,3418
113026001,3410
113028001,3409
113030000,3443
113032001,3412
113034001,3413
113036001,3413
113038001,3411
113040001,3410
113042001,3415
113044000,3332
113046001,3410
113048001,3421
113050001,3410
113052001,3414
113054000,3303
113056000,3422
113058000,3389
113060000,3407
113062000,3293
113064000,3418
113066000,3357
113068001,3410
113070001,3408
113072001,3386
113074001,3352
113076001,3410
113078000,3421
113080000,3367
113082000,3423
113084000,3376
113086000,3407
113088000,3376
113090000,3392
113092000,3429
113094000,3426
113096000,3426
113098000,3446
113100000,3412
113102001,3402
113104001,3502
113106001,3376
113108001,3311
113110001,3393
113112000,3421
113114000,3398
113116001,3450
113118001,3424
113120001,3408
113122001,3408
113124001,3379
113126001,3408
113128001,3372
113130000,3389
113132000,3366
113134000,3411
113136001,3394
113138001,3392
113140001,3413
113142001,3408
113144001,3409
113146001,3429
113148001,3409
113150001,3440
113152001,3408
113154001,3415
113156001,3410
113158001,3404
113160001,3408
113162001,3425
113164001,3461
113166001,3410
113168000,3359
113170000,3394
113172001,3408
113174001,3402
113176001,3412
113178001,3371
113180001,3415
113182000,3451
113184000,3431
113186001,3408
113188001,3393
113190001,3402
113192001,3350
113194001,3344
113196001,3417
113198001,3402
113200001,3392
113202000,3398
113204000,3418
113206000,3493
113208001,3377
113210001,3414
113212001,3367
113214001,3443
113216001,3400
113218001,3385
113220000,3422
113222000,3406
113224001,3457
113226000,3411
113228000,3408
113230000,3408
113232000,3387
113234000,3418
113236000,3362
113238001,3426
113240000,3424
113242000,3411
113244000,3402
113246000,3411
113248001,3481
113250001,3402
113252001,3411
113254001,3410
113256000,3390
113258000,3408
113260000,3423
113262000,3446
113264000,3375
113266000,3419
113268000,3415
113270001,3411
113272001,3408
113274001,3421
113276001,3395
113278001,3429
113280001,3403
113282001,3382
113284001,3423
113286001,3466
113288001,3449
113290001,3381
113292001,3402
113294001,3386
113296000,3408
113298000,3410
113300000,3410
113302000,3413
113304001,3408
113306001,3412
113308001,3410
113310001,3425
113312001,3411
113314001,3411
113316001,3418
113318000,3404
113320000,3413
113322000,3408
113324001,3408
113326001,3411
113328001,3412
113330001,3409
113332001,3410
113334001,3411
113336001,3408
113338001,3408
113340001,3414
113342000,3408
113344000,3399
113346001,3414
113348001,3408
113350001,3421
113352000,3417
113354000,3413
113356000,3414
113358000,3408
113360000,3417
113362000,3426
113364000,3415
113366000,3411
113368000,3417
113370000,3410
113372000,3411
113374001,3413
113376001,3409
113378001,3410
113380001,3408
113382001,3412
113384000,3415
113386001,3415
113388000,3413
113390001,3415
113392001,3410
113394000,3413
113396000,3413
113398001,3408
113400001,3411
113402001,3414
113404001,3406
113406001,3411
113408001,3417
113410001,3408
113412001,3408
113414000,3421
113416000,3413
113418001,3412
113420001,3413
113422001,3415
113424001,3418
113426001,3415
113428001,3410
113430001,3413
113432000,3409
113434000,3415
113436000,3408
113438001,3411
113440000,3411
113442000,3408
113444000,3412
113446000,3410
113448000,3410
113450000,3408
113452000,3413
113454000,3413
113456001,3411
113458001,3411
113460000,3408
113462000,3414
113464001,3413
113466001,3410
113468001,3408
113470001,3408
113472001,3414
113474001,3407
113476001,3409
113478000,3414
113480001,3409
113482001,3413
113484001,3416
113486001,3425
113488000,3411
113490000,3416
113492001,3409
113494001,3415
113496001,3425
113498001,3409
113500001,3415
113502001,3410
113504001,3409
113506000,3414
113508000,3418
113510000,3413
113512000,3424
113514000,3408
113516001,3408
113518001,3410
113520001,3413
113522001,3419
113524000,3418
113526000,3408
113528000,3406
113530000,3409
113532000,3411
113534000,3408
113536000,3414
113538000,3412
113540001,3408
113542001,3404
113544001,3415
113546000,3409
113548000,3413
113550000,3411
113552000,3410
113554000,3412
113556000,3413
113558000,3413
113560000,3408
113562001,3408
113564001,3409
113566000,3413
113568000,3418
113570000,3414
113572000,3413
113574000,3413
113576000,3411
113578000,3409
113580000,3415
113582001,3414
113584001,3408
113586001,3413
113588000,3408
113590000,3411
113592000,3417
113594001,3415
113596001,3413
113598001,3408
113600001,3413
113602001,3414
113604001,3415
113606000,3413
113608000,3411
113610000,3409
113612000,3408
113614000,3414
113616000,3409
113618001,3411
113620001,3411
113622001,3413
113624001,3409
113626001,3411
113628001,3412
113630001,3409
113632001,3413
113634000,3413
113636000,3409
113638000,3413
113640000,3409
113642001,3408
113644001,3415
113646001,3411
113648001,3410
113650000,3415
113652000,3412
113654000,3412
113656000,3414
113658001,3411
113660001,3411
113662000,3414
113664000,3411
113666000,3421
113668000,3418
113670000,3411
113672000,3411
113674000,3414
113676001,3409
113678001,3417
113680001,3415
113682001,3411
113684001,3426
113686001,3414
113688001,3414
113690001,3414
113692001,3412
113694001,3412
113696001,3413
113698001,3411
113700001,3414
113702001,3411
113704001,3411
113706001,3413
113708001,3413
113710000,3413
113712000,3413
113714000,3414
113716000,3412
113718000,3415
113720000,3415
113722000,3411
113724000,3420
113726000,3412
113728001,3411
113730001,3411
113732001,3414
113734001,3411
113736000,3411
113738000,3413
113740000,3415
113742001,3416
113744000,3413
113746000,3409
113748000,3409
113750000,3415
113752001,3413
113754001,3415
113756001,3410
113758001,3409
113760001,3413
113762001,3411
113764001,3413
113766001,3412
113768001,3411
113770001,3415
113772000,3413
113774000,3413
113776000,3414
113778000,3414
113780000,3413
113782000,3410
113784000,3413
113786000,3415
113788000,3410
113790001,3413
113792001,3410
113794001,3406
113796000,3417
113798000,3411
113800001,3416
113802001,3411
113804001,3413
113806000,3410
113808000,3423
113810001,3413
113812001,3410
113814001,3414
113816001,3411
113818001,3413
113820001,3412
113822001,3414
113824000,3410
113826001,3409
113828000,3419
113830000,3411
113832000,3410
113834000,3409
113836000,3410
113838000,3410
113840001,3415
113842000,3411
113844000,3412
113846001,3414
113848001,3410
113850001,3410
113852001,3414
113854001,3412
113856001,3414
113858000,3409
113860000,3414
113862000,3411
113864000,3413
113866000,3414
113868000,3411
113870000,3415
113872000,3408
113874000,3415
113876001,3422
113878000,3411
113880001,3410
113882001,3414
113884001,3411
113886000,3410
113888000,3414
113890001,3413
113892001,3415
113894001,3415
113896001,3411
113898001,3410
113900001,3417
113902000,3416
113904000,3411
113906001,3410
113908001,3417
113910001,3422
113912000,3413
113914000,3411
113916000,3414
113918000,3417
113920000,3415
113922000,3415
113924001,3410
113926001,3411
113928001,3418
113930001,3413
113932000,3413
113934001,3414
113936001,3410
113938001,3415
113940001,3413
113942001,3411
113944000,3417
113946000,3411
113948000,3411
113950000,3424
113952000,3411
113954000,3411
113956000,3414
113958001,3408
113960001,3417
113962001,3411
113964001,3414
113966001,3409
113968000,3411
113970000,3412
113972000,3411
113974000,3415
113976001,3411
113978001,3411
113980001,3411
113982001,3411
113984001,3414
113986001,3418
113988000,3417
113990000,3413
113992000,3413
113994001,3418
113996000,3410
113998000,3409
114000000,3414
114002001,3411
114004000,3417
114006000,3408
114008000,3415
114010001,3410
114012001,3411
114014001,3415
114016001,3410
114018001,3411
114020000,3412
114022000,3414
114024000,3411
114026000,3411
114028001,3409
114030001,3409
114032001,3413
114034001,3414
114036001,3409
114038000,3418
114040000,3434
114042000,3414
114044000,3411
114046001,3412
114048001,3415
114050001,3413
114052001,3411
114054001,3415
114056001,3413
114058001,3412
114060001,3413
114062001,3414
114064000,3413
114066000,3410
114068000,3410
114070001,3411
114072001,3415
114074001,3413
114076001,3393
114078001,3413
114080001,3413
114082000,3413
114084000,3423
114086001,3414
114088001,3414
114090001,3417
114092000,3413
114094001,3414
114096001,3415
114098001,3403
114100001,3413
114102001,3415
114104000,3409
114106000,3412
114108000,3413
114110001,3410
114112001,3413
114114001,3413
114116001,3413
114118001,3411
114120001,3410
114122000,3414
114124000,3410
114126000,3407
114128001,3408
114130000,3411
114132000,3415
114134000,3414
114136000,3413
114138000,3413
114140000,3418
114142000,3413
114144001,3414
114146000,3415
114148000,3411
114150000,3417
114152000,3424
114154000,3413
114156000,3414
114158000,3409
114160001,3415
114162000,3411
114164000,3413
114166000,3415
114168000,3417
114170001,3413
114172001,3412
114174001,3413
114176001,3413
114178000,3413
114180001,3418
114182001,3409
114184000,3414
114186000,3417
114188000,3418
114190000,3425
114192000,3414
114194000,3414
114196000,3413
114198001,3408
114200000,3414
114202000,3411
114204001,3415
114206000,3414
114208001,3411
114210001,3410
114212001,3408
114214001,3417
114216001,3413
114218001,3413
114220000,3415
114222000,3415
114224000,3410
114226000,3417
114228000,3413
114230001,3408
114232000,3408
114234000,3414
114236000,3418
114238001,3410
114240001,3415
114242001,3415
114244000,3415
114246000,3415
114248000,3418
114250000,3410
114252001,3412
114254001,3413
114256001,3410
114258000,3413
114260000,3411
114262000,3417
114264000,3414
114266001,3413
114268001,3415
114270001,3414
114272000,3413
114274000,3418
114276000,3413
114278000,3413
114280000,3418
114282000,3419
114284000,3411
114286001,3412
114288001,3413
114290000,3409
114292000,3415
114294000,3410
114296001,3414
114298001,3415
114300000,3414
114302000,3412
114304000,3411
114306000,3411
114308001,3410
114310001,3417
114312001,3415
114314001,3409
114316001,3411
114318001,3412
114320001,3412
114322001,3410
114324001,3411
114326001,3411
114328001,3411
114330001,3408
114332001,3413
114334001,3413
114336001,3414
114338001,3418
114340001,3419
114342000,3412
114344001,3413
114346001,3419
114348001,3413
114350001,3414
114352001,3409
114354001,3421
114356001,3413
114358001,3409
114360000,3414
114362000,3411
114364000,3411
114366000,3422
114368000,3410
114370000,3410
114372001,3411
114374001,3415
114376001,3411
114378001,3414
114380001,3412
114382001,3411
114384001,3411
114386001,3408
114388000,3407
114390000,3412
114392001,3412
114394001,3410
114396001,3408
114398001,3410
114400001,3408
114402001,3418
114404001,3411
114406001,3411
114408000,3418
114410000,3410
114412000,3419
114414000,3411
114416000,3413
114418000,3411
114420001,3410
114422001,3411
114424001,3413
114426000,3411
114428000,3411
114430001,3414
114432001,3412
114434001,3412
114436001,3411
114438001,3415
114440001,3418
114442000,3411
114444000,3414
114446001,3413
114448001,3414
114450000,3409
114452000,3418
114454001,3418
114456000,3409
114458000,3417
114460000,3413
114462001,3413
114464001,3410
114466001,3413
114468001,3414
114470001,3414
114472000,3410
114474001,3410
114476001,3415
114478001,3413
114480001,3415
114482001,3414
114484001,3410
114486001,3414
114488000,3410
114490000,3417
114492000,3415
114494000,3410
114496000,3408
114498000,3409
114500000,3413
114502000,3409
114504000,3411
114506000,3411
114508000,3410
114510000,3413
114512000,3413
114514001,3415
114516001,3408
114518001,3407
114520000,3408
114522000,3408
114524000,3415
114526000,3414
114528000,3411
114530000,3413
114532000,3414
114534000,3411
114536000,3412
114538001,3408
114540000,3415
114542000,3417
114544000,3415
114546000,3411
114548000,3413
114550000,3414
114552000,3414
114554000,3413
114556001,3411
114558001,3411
114560000,3409
114562000,3413
114564000,3415
114566000,3413
114568000,3413
114570000,3412
114572000,3414
114574000,3415
114576000,3411
114578001,3412
114580001,3412
114582001,3412
114584000,3412
114586000,3411
114588001,3417
114590000,3411
114592000,3414
114594000,3411
114596001,3417
114598001,3413
114600001,3409
114602000,3413
114604000,3410
114606000,3411
114608000,3411
114610000,3411
114612000,3408
114614000,3411
114616000,3408
114618000,3417
114620000,3412
114622000,3413
114624000,3413
114626000,3409
114628000,3417
114630000,3413
114632000,3409
114634000,3415
114636000,3410
114638000,3411
114640000,3408
114642000,3413
114644000,3415
114646000,3415
114648000,3410
114650000,3413
114652000,3408
114654000,3410
114656000,3415
114658000,3415
114660000,3411
114662000,3410
114664000,3408
114666000,3412
114668000,3410
114670001,3416
114672001,3413
114674000,3415
114676001,3412
114678000,3412
114680000,3417
114682000,3412
114684001,3414
114686001,3411
114688001,3411
114690001,3414
114692001,3418
114694001,3412
114696001,3414
114698001,3415
114700001,3414
114702000,3411
114704001,3410
114706001,3410
114708001,3412
114710001,3410
114712001,3411
114714001,3412
114716000,3419
114718000,3411
114720000,3410
114722000,3412
114724001,3413
114726000,3407
114728001,3414
114730001,3413
114732001,3413
114734001,3414
114736001,3409
114738001,3411
114740001,3415
114742001,3413
114744001,3409
114746001,3418
114748000,3415
114750000,3411
114752001,3417
114754000,3414
114756000,3413
114758000,3415
114760000,3415
114762001,3419
114764001,3408
114766001,3413
114768001,3415
114770001,3417
114772000,3415
114774000,3411
114776000,3413
114778000,3415
114780000,3417
114782000,3411
114784000,3413
114786001,3413
114788001,3411
114790000,3414
114792000,3409
114794000,3414
114796000,3412
114798000,3413
114800000,3413
114802000,3413
114804000,3412
114806000,3414
114808000,3411
114810000,3413
114812000,3415
114814001,3440
114816001,3413
114818001,3413
114820001,3417
114822000,3415
114824000,3410
114826000,3409
114828000,3415
114830001,3412
114832001,3421
114834001,3410
114836000,3415
114838000,3411
114840000,3419
114842000,3413
114844000,3415
114846000,3411
114848000,3423
114850000,3414
114852000,3411
114854000,3415
114856001,3415
114858001,3410
114860001,3411
114862001,3415
114864001,3414
114866001,3409
114868001,3418
114870001,3413
114872001,3411
114874000,3419
114876000,3411
114878000,3411
114880000,3415
114882000,3411
114884000,3413
114886001,3411
114888001,3412
114890000,3413
114892000,3414
114894000,3412
114896000,3413
114898001,3413
114900000,3417
114902000,3413
114904000,3413
114906000,3418
114908001,3418
114910001,3415
114912001,3408
114914001,3408
114916001,3414
114918001,3415
114920001,3410
114922001,3408
114924000,3413
114926001,3406
114928001,3412
114930001,3413
114932001,3417
114934001,3413
114936000,3413
114938001,3411
114940001,3415
114942000,3417
114944000,3408
114946001,3414
114948001,3412
114950000,3415
114952000,3417
114954000,3409
114956000,3415
114958000,3415
114960000,3408
114962000,3411
114964000,3408
114966001,3413
114968001,3417
114970001,3413
114972001,3410
114974001,3410
114976001,3414
114978001,3415
114980001,3414
114982001,3415
114984000,3415
114986000,3408
114988000,3419
114990000,3417
114992001,3410
114994001,3411
114996001,3419
114998001,3413
115000001,3417
115002001,3409
115004001,3409
115006001,3408
115008001,3412
115010001,3414
115012000,3409
115014000,3413
115016000,3411
115018000,3410
115020000,3420
115022001,3417
115024000,3411
115026000,3412
115028000,3415
115030000,3411
115032000,3413
115034000,3413
115036000,3415
115038000,3414
115040000,3412
115042001,3419
115044001,3411
115046001,3412
115048000,3411
115050000,3417
115052000,3415
115054000,3410
115056000,3408
115058000,3414
115060000,3411
115062000,3417
115064000,3414
115066000,3414
115068000,3411
115070001,3414
115072001,3420
115074000,3418
115076000,3414
115078000,3417
115080000,3418
115082000,3413
115084000,3411
115086000,3415
115088000,3414
115090000,3413
115092000,3417
115094000,3415
115096000,3405
115098000,3417
115100000,3420
115102000,3413
115104000,3413
115106000,3421
115108001,3417
115110000,3413
115112000,3414
115114000,3408
115116000,3408
115118000,3410
115120001,3408
115122001,3409
115124001,3411
115126001,3415
115128001,3410
115130000,3409
115132000,3416
115134000,3412
115136000,3419
115138000,3410
115140000,3420
115142000,3414
115144000,3410
115146000,3413
115148000,3408
115150000,3414
115152000,3411
115154000,3413
115156000,3411
115158000,3417
115160000,3411
115162000,3411
115164000,3408
115166000,3415
115168000,3415
115170001,3408
115172001,3417
115174001,3410
115176000,3411
115178000,3413
115180001,3412
115182001,3413
115184000,3408
115186000,3411
115188000,3415
115190000,3412
115192000,3413
115194000,3410
115196000,3410
115198000,3411
115200001,3414
115202000,3415
115204000,3418
115206001,3417
115208000,3417
115210000,3411
115212000,3415
115214000,3413
115216000,3415
115218000,3415
115220000,3415
115222000,3413
115224000,3413
115226000,3417
115228000,3411
115230000,3417
115232000,3409
115234000,3410
115236000,3417
115238000,3414
115240000,3410
115242000,3411
115244000,3413
115246000,3421
115248000,3415
115250000,3413
115252000,3418
115254000,3411
115256001,3417
115258001,3410
115260001,3414
115262001,3412
115264001,3413
115266001,3415
115268001,3411
115270001,3414
115272001,3409
115274001,3414
115276001,3413
115278000,3417
115280000,3414
115282001,3414
115284001,3409
115286000,3415
115288001,3413
115290001,3415
115292000,3411
115294000,3411
115296000,3414
115298000,3411
115300000,3413
115302000,3415
115304001,3411
115306001,3412
115308001,3418
115310001,3409
115312001,3411
115314000,3411
115316000,3408
115318001,3415
115320001,3415
115322001,3409
115324001,3409
115326000,3419
115328000,3414
115330000,3415
115332000,3413
115334001,3411
115336000,3409
115338000,3408
115340000,3411
115342000,3409
115344000,3414
115346000,3412
115348001,3409
115350001,3411
115352001,3411
115354001,3411
115356001,3418
115358001,3409
115360001,3414
115362001,3415
115364001,3417
115366000,3416
115368000,3411
115370001,3414
115372001,3414
115374001,3412
115376001,3408
115378000,3411
115380000,3405
115382000,3415
115384001,3413
115386001,3411
115388000,3414
115390000,3410
115392001,3411
115394001,3415
115396001,3411
115398001,3413
115400001,3413
115402000,3410
115404000,3412
115406000,3408
115408000,3413
115410001,3411
115412001,3410
115414001,3408
115416001,3415
115418001,3414
115420001,3413
115422000,3413
115424000,3413
115426000,3411
115428000,3413
115430000,3426
115432000,3414
115434000,3413
115436000,3410
115438000,3410
115440000,3409
115442001,3413
115444000,3414
115446000,3413
115448000,3411
115450000,3415
115452000,3415
115454000,3421
115456001,3411
115458001,3412
115460001,3410
115462001,3413
115464001,3414
115466001,3414
115468000,3413
115470000,3418
115472000,3413
115474000,3414
115476000,3411
115478000,3410
115480001,3413
115482001,3413
115484001,3409
115486001,3410
115488001,3410
115490001,3413
115492001,3411
115494001,3414
115496001,3409
115498000,3411
115500000,3410
115502000,3408
115504000,3411
115506000,3418
115508000,3411
115510000,3411
115512000,3415
115514000,3415
115516000,3412
115518000,3412
115520001,3415
115522001,3415
115524001,3413
115526001,3412
115528001,3415
115530000,3413
115532000,3413
115534001,3413
115536001,3414
115538001,3415
115540001,3407
115542001,3411
115544001,3418
115546001,3414
115548000,3412
115550000,3410
115552001,3414
115554001,3409
115556001,3415
115558001,3415
115560001,3415
115562001,3413
115564001,3414
115566001,3414
115568000,3415
115570000,3414
115572000,3414
115574000,3411
115576001,3403
115578001,3417
115580001,3420
115582001,3411
115584001,3408
115586001,3414
115588001,3413
115590001,3412
115592001,3417
115594001,3410
115596001,3413
115598001,3411
115600001,3418
115602001,3412
115604001,3411
115606001,3408
115608001,3409
115610001,3413
115612001,3415
115614000,3408
115616000,3417
115618000,3490
115620000,3426
115622001,3411
115624001,3411
115626001,3411
115628001,3417
115630001,3409
115632001,3414
115634001,3413
115636001,3410
115638001,3438
115640001,3425
115642001,3428
115644001,3423
115646001,3439
115648001,3408
115650001,3393
115652001,3440
115654001,3382
115656001,3399
115658001,3504
115660000,3418
115662000,3456
115664001,3344
115666001,3350
115668001,3467
115670001,3392
115672000,3462
115674001,3439
115676001,3401
115678001,3440
115680001,3397
115682001,3434
115684001,3381
115686000,3360
115688000,3471
115690000,3422
115692000,3431
115694000,3409
115696000,3377
115698000,3408
115700000,3477
115702001,3411
115704001,3391
115706001,3415
115708001,3409
115710001,3418
115712001,3407
115714001,3406
115716001,3361
115718000,3377
115720000,3415
115722000,3431
115724000,3477
115726000,3482
115728000,3406
115730001,3430
115732001,3393
115734001,3429
115736001,3431
115738001,3483
115740001,3365
115742001,3431
115744000,3393
115746001,3419
115748001,3423
115750000,3396
115752001,3386
115754001,3458
115756001,3454
115758001,3409
115760001,3437
115762001,3427
115764001,3443
115766001,3402
115768001,3404
115770001,3361
115772000,3403
115774000,3361
115776000,3426
115778000,3427
115780000,3408
115782000,3477
115784000,3418
115786000,3401
115788000,3413
115790000,3410
115792000,3408
115794001,3457
115796001,3442
115798001,3359
115800001,3459
115802000,3422
115804001,3378
115806001,3446
115808001,3430
115810001,3402
115812000,3423
115814000,3415
115816000,3401
115818000,3411
115820000,3437
115822000,3414
115824000,3440
115826000,3413
115828000,3408
115830000,3370
115832000,3414
115834000,3405
115836000,3409
115838000,3428
115840000,3427
115842000,3371
115844000,3403
115846000,3417
115848001,3390
115850000,3418
115852000,3394
115854000,3418
115856001,3397
115858001,3376
115860001,3402
115862001,3401
115864001,3424
115866001,3408
115868001,3413
115870001,3405
115872001,3415
115874000,3408
115876000,3411
115878001,3376
115880001,3423
115882000,3413
115884000,3412
115886000,3408
115888000,3408
115890000,3411
115892000,3418
115894000,3415
115896000,3413
115898000,3409
115900000,3411
115902000,3412
115904000,3415
115906000,3420
115908000,3414
115910000,3413
115912000,3418
115914000,3408
115916000,3411
115918000,3415
115920000,3414
115922001,3413
115924000,3413
115926000,3419
115928000,3408
115930000,3408
115932000,3422
115934000,3410
115936001,3413
115938001,3421
115940001,3413
115942000,3408
115944000,3418
115946000,3408
115948001,3408
115950001,3414
115952001,3415
115954001,3418
115956001,3411
115958001,3414
115960001,3416
115962001,3412
115964001,3409
115966001,3412
115968001,3415
115970001,3410
115972001,3410
115974001,3417
115976000,3413
115978000,3410
115980001,3413
115982001,3414
115984001,3415
115986001,3415
115988001,3420
115990001,3422
115992001,3409
115994001,3413
115996000,3415
115998000,3421
116000001,3415
116002001,3408
116004001,3409
116006000,3409
116008000,3409
116010001,3410
116012001,3415
116014001,3419
116016001,3418
116018001,3413
116020001,3410
116022001,3415
116024000,3415
116026000,3414
116028000,3415
116030001,3411
116032001,3409
116034001,3409
116036000,3408
116038000,3412
116040001,3411
116042001,3418
116044001,3418
116046001,3415
116048000,3406
116050001,3409
116052001,3419
116054001,3419
116056001,3410
116058001,3418
116060000,3418
116062000,3410
116064000,3411
116066000,3413
116068000,3409
116070000,3413
116072000,3414
116074000,3411
116076000,3415
116078000,3415
116080000,3409
116082000,3421
116084000,3421
116086000,3411
116088000,3406
116090000,3411
116092000,3417
116094000,3419
116096000,3411
116098000,3409
116100000,3419
116102000,3415
116104000,3422
116106000,3414
116108000,3417
116110001,3415
116112000,3421
116114001,3413
116116000,3418
116118000,3419
116120000,3421
116122000,3421
116124000,3412
116126001,3414
116128000,3413
116130000,3415
116132001,3408
116134001,3419
116136001,3415
116138001,3410
116140001,3418
116142001,3422
116144001,3418
116146001,3411
116148001,3410
116150000,3411
116152000,3410
116154001,3411
116156001,3411
116158001,3413
116160001,3409
116162000,3414
116164000,3415
116166000,3411
116168000,3414
116170000,3414
116172000,3413
116174000,3414
116176000,3414
116178000,3414
116180000,3418
116182000,3412
116184000,3412
116186000,3410
116188000,3415
116190000,3414
116192000,3412
116194000,3411
116196000,3408
116198000,3410
116200000,3410
116202000,3414
116204000,3410
116206000,3409
116208000,3410
116210000,3408
116212000,3417
116214000,3410
116216000,3411
116218000,3419
116220000,3411
116222000,3415
116224001,3413
116226001,3414
116228001,3415
116230001,3411
116232001,3412
116234001,3409
116236001,3409
116238001,3414
116240001,3414
116242001,3411
116244001,3413
116246001,3411
116248000,3411
116250000,3413
116252000,3409
116254000,3412
116256000,3409
116258000,3411
116260001,3408
116262000,3414
116264000,3411
116266001,3408
116268001,3408
116270001,3415
116272001,3414
116274001,3415
116276000,3411
116278000,3417
116280000,3419
116282000,3414
116284000,3413
116286000,3414
116288000,3411
116290000,3415
116292000,3411
116294000,3411
116296000,3411
116298000,3419
116300000,3414
116302000,3415
116304000,3413
116306001,3410
116308001,3411
116310000,3414
116312001,3414
116314000,3413
116316000,3414
116318000,3410
116320001,3413
116322001,3411
116324001,3410
116326001,3410
116328001,3415
116330001,3413
116332001,3413
116334001,3413
116336001,3418
116338001,3412
116340001,3412
116342000,3415
116344000,3415
116346000,3415
116348001,3411
116350001,3413
116352000,3411
116354000,3414
116356000,3409
116358001,3411
116360001,3415
116362001,3409
116364001,3412
116366001,3409
116368001,3411
116370000,3413
116372000,3410
116374000,3410
116376000,3412
116378000,3415
116380000,3417
116382001,3410
116384001,3414
116386001,3415
116388001,3411
116390001,3411
116392000,3420
116394000,3413
116396000,3415
116398000,3413
116400001,3414
116402001,3413
116404001,3415
116406001,3409
116408001,3413
116410001,3409
116412001,3411
116414000,3418
116416001,3411
116418000,3417
116420000,3415
116422000,3413
116424000,3418
116426000,3415
116428001,3413
116430001,3415
116432001,3408
116434001,3413
116436001,3417
116438001,3414
116440001,3418
116442000,3413
116444000,3417
116446000,3413
116448001,3416
116450001,3411
116452001,3415
116454001,3410
116456001,3418
116458001,3417
116460000,3419
116462000,3419
116464001,3418
116466001,3415
116468001,3414
116470001,3414
116472001,3414
116474001,3413
116476001,3414
116478000,3415
116480000,3413
116482000,3415
116484000,3421
116486000,3413
116488000,3410
116490001,3412
116492001,3414
116494001,3413
116496001,3413
116498001,3410
116500001,3411
116502001,3415
116504000,3408
116506000,3410
116508000,3408
116510000,3413
116512000,3411
116514000,3411
116516000,3416
116518000,3415
116520001,3415
116522001,3415
116524001,3408
116526001,3411
116528001,3413
116530001,3414
116532001,3411
116534001,3419
116536001,3413
116538001,3411
116540000,3413
116542000,3414
116544000,3415
116546000,3413
116548000,3417
116550000,3409
116552000,3410
116554000,3413
116556000,3411
116558000,3410
116560000,3427
116562000,3418
116564000,3414
116566000,3411
116568000,3413
116570001,3415
116572001,3411
116574000,3413
116576000,3414
116578001,3409
116580001,3412
116582001,3419
116584001,3413
116586001,3412
116588001,3409
116590001,3413
116592001,3414
116594001,3421
116596001,3411
116598001,3415
116600000,3415
116602000,3411
116604000,3410
116606000,3417
116608000,3415
116610000,3415
116612000,3413
116614000,3414
116616000,3413
116618000,3414
116620000,3424
116622000,3412
116624000,3413
116626000,3425
116628000,3416
116630001,3410
116632000,3415
116634000,3419
116636000,3413
116638001,3417
116640000,3409
116642000,3414
116644000,3419
116646000,3413
116648001,3420
116650001,3413
116652001,3411
116654001,3423
116656001,3412
116658001,3415
116660000,3409
116662000,3414
116664001,3411
116666001,3414
116668001,3409
116670001,3413
116672000,3411
116674001,3413
116676001,3409
116678001,3415
116680001,3411
116682001,3413
116684000,3411
116686000,3415
116688000,3413
116690000,3414
116692001,3411
116694001,3414
116696001,3414
116698001,3413
116700001,3412
116702001,3415
116704000,3414
116706001,3414
116708000,3409
116710000,3414
116712000,3413
116714000,3415
116716000,3409
116718000,3411
116720001,3413
116722001,3415
116724001,3411
116726001,3413
116728001,3411
116730001,3415
116732001,3418
116734001,3413
116736001,3412
116738000,3411
116740000,3403
116742001,3411
116744001,3409
116746001,3415
116748001,3413
116750001,3411
116752000,3414
116754000,3415
116756000,3419
116758000,3410
116760001,3413
116762001,3413
116764001,3413
116766001,3415
116768001,3411
116770001,3411
116772001,3411
116774001,3411
116776001,3418
116778001,3409
116780001,3413
116782001,3415
116784001,3414
116786001,3411
116788001,3414
116790001,3409
116792001,3415
116794001,3414
116796001,3414
116798001,3419
116800000,3419
116802000,3411
116804000,3411
116806000,3417
116808000,3411
116810001,3409
116812001,3410
116814000,3414
116816000,3411
116818000,3409
116820001,3415
116822001,3415
116824001,3413
116826001,3413
116828001,3417
116830001,3412
116832001,3413
116834001,3415
116836001,3413
116838001,3411
116840001,3415
116842001,3413
116844001,3413
116846001,3408
116848000,3417
116850000,3411
116852000,3414
116854000,3413
116856000,3410
116858001,3411
116860001,3413
116862001,3415
116864001,3414
116866000,3415
116868000,3409
116870000,3409
116872001,3413
116874000,3414
116876000,3412
116878000,3413
116880000,3414
116882000,3415
116884000,3413
116886000,3410
116888000,3413
116890000,3408
116892000,3418
116894000,3414
116896000,3411
116898000,3413
116900000,3414
116902000,3410
116904000,3410
116906000,3413
116908000,3413
116910001,3414
116912001,3414
116914000,3412
116916000,3411
116918000,3413
116920000,3417
116922000,3410
116924000,3411
116926000,3414
116928000,3413
116930001,3414
116932001,3413
116934000,3415
116936000,3408
116938000,3411
116940000,3414
116942000,3415
116944000,3418
116946000,3410
116948000,3409
116950000,3415
116952001,3410
116954001,3414
116956000,3415
116958000,3409
116960000,3413
116962000,3414
116964001,3409
116966001,3413
116968001,3411
116970000,3411
116972000,3412
116974000,3413
116976001,3414
116978001,3413
116980001,3411
116982000,3417
116984000,3419
116986000,3418
116988000,3414
116990000,3413
116992000,3411
116994001,3423
116996001,3413
116998000,3413
117000000,3413
117002000,3410
117004001,3415
117006001,3411
117008001,3413
117010000,3414
117012001,3415
117014001,3411
117016001,3411
117018001,3414
117020001,3414
117022000,3414
117024000,3414
117026000,3413
117028000,3415
117030000,3413
117032000,3411
117034000,3413
117036000,3409
117038000,3413
117040000,3415
117042000,3417
117044000,3409
117046000,3423
117048000,3417
117050000,3411
117052000,3415
117054000,3413
117056001,3415
117058001,3411
117060001,3413
117062001,3417
117064001,3412
117066000,3414
117068000,3414
117070000,3414
117072000,3414
117074001,3412
117076001,3412
117078001,3413
117080001,3415
117082001,3415
117084001,3415
117086001,3423
117088001,3413
117090001,3417
117092001,3413
117094001,3413
117096001,3411
117098000,3407
117100001,3411
117102000,3415
117104000,3413
117106000,3415
117108000,3415
117110000,3415
117112000,3415
117114000,3413
117116000,3421
117118000,3417
117120000,3414
117122000,3415
117124000,3417
117126000,3410
117128000,3413
117130000,3411
117132000,3418
117134000,3414
117136000,3412
117138000,3415
117140000,3414
117142000,3414
117144000,3411
117146000,3411
117148000,3414
117150000,3414
117152000,3413
117154000,3413
117156000,3409
117158001,3413
117160001,3411
117162001,3413
117164000,3414
117166000,3418
117168000,3418
117170000,3413
117172000,3415
117174001,3414
117176001,3415
117178001,3413
117180001,3417
117182001,3415
117184001,3413
117186001,3413
117188000,3411
117190000,3409
117192000,3415
117194001,3413
117196001,3412
117198001,3417
117200001,3408
117202000,3415
117204000,3413
117206001,3415
117208001,3409
117210001,3414
117212000,3411
117214000,3414
117216000,3415
117218001,3413
117220000,3410
117222000,3414
117224000,3418
117226000,3410
117228001,3415
117230000,3418
117232000,3414
117234001,3414
117236000,3415
117238000,3415
117240001,3410
117242000,3414
117244000,3415
117246001,3410
117248001,3413
117250001,3414
117252001,3410
117254001,3414
117256001,3413
117258000,3414
117260000,3413
117262001,3415
117264001,3415
117266001,3418
117268001,3413
117270001,3415
117272000,3413
117274000,3414
117276001,3412
117278001,3411
117280001,3416
117282000,3417
117284000,3411
117286000,3414
117288000,3414
117290001,3411
117292001,3413
117294001,3413
117296001,3415
117298001,3417
117300001,3413
117302000,3414
117304000,3416
117306000,3415
117308000,3415
117310000,3413
117312000,3415
117314000,3417
117316000,3418
117318000,3417
117320000,3421
117322000,3416
117324001,3415
117326001,3411
117328001,3412
117330001,3412
117332000,3415
117334000,3415
117336000,3411
117338000,3419
117340000,3429
117342000,3413
117344000,3415
117346000,3412
117348000,3413
117350000,3417
117352000,3413
117354000,3411
117356000,3418
117358000,3410
117360000,3415
117362000,3413
117364001,3418
117366001,3410
117368001,3413
117370001,3418
117372001,3412
117374000,3413
117376000,3415
117378000,3411
117380001,3410
117382001,3415
117384001,3410
117386001,3415
117388001,3416
117390001,3413
117392001,3415
117394001,3415
117396001,3414
117398001,3409
117400001,3417
117402001,3418
117404001,3411
117406001,3417
117408001,3411
117410001,3415
117412001,3413
117414000,3410
117416000,3415
117418001,3414
117420000,3411
117422000,3415
117424000,3413
117426000,3415
117428000,3409
117430001,3410
117432001,3420
117434000,3415
117436000,3413
117438000,3414
117440001,3413
117442001,3415
117444001,3413
117446001,3414
117448001,3413
117450000,3411
117452000,3414
117454000,3417
117456001,3413
117458001,3411
117460001,3414
117462001,3411
117464001,3413
117466001,3413
117468000,3417
117470000,3413
117472000,3419
117474000,3415
117476000,3415
117478000,3410
117480001,3414
117482001,3415
117484001,3414
117486001,3413
117488001,3413
117490001,3413
117492000,3417
117494000,3413
117496000,3417
117498000,3413
117500000,3415
117502000,3409
117504000,3419
117506001,3411
117508001,3412
117510001,3418
117512001,3413
117514001,3419
117516001,3414
117518001,3411
117520001,3415
117522001,3413
117524001,3418
117526000,3411
117528000,3411
117530001,3417
117532001,3415
117534000,3413
117536000,3417
117538000,3417
117540000,3411
117542000,3410
117544000,3417
117546000,3413
117548000,3414
117550000,3415
117552000,3411
117554001,3418
117556001,3410
117558001,3411
117560001,3413
117562000,3415
117564000,3413
117566001,3417
117568000,3411
117570000,3413
117572001,3408
117574001,3413
117576001,3415
117578001,3413
117580001,3411
117582001,3415
117584000,3418
117586000,3414
117588000,3411
117590000,3413
117592000,3414
117594000,3413
117596001,3411
117598001,3415
117600000,3412
117602000,3411
117604000,3411
117606000,3414
117608000,3410
117610000,3410
117612000,3415
117614000,3412
117616000,3415
117618001,3413
117620001,3413
117622000,3416
117624000,3415
117626000,3413
117628001,3417
117630001,3409
117632001,3415
117634001,3414
117636001,3413
117638001,3411
117640001,3414
117642000,3410
117644000,3413
117646000,3415
117648000,3416
117650000,3419
117652000,3414
117654001,3415
117656001,3411
117658001,3417
117660001,3416
117662001,3414
117664001,3409
117666001,3415
117668000,3411
117670000,3413
117672001,3415
117674001,3418
117676001,3412
117678001,3417
117680001,3418
117682000,3417
117684000,3420
117686001,3412
117688001,3411
117690001,3413
117692001,3413
117694001,3418
117696000,3383
117698000,3413
117700000,3418
117702000,3409
117704000,3410
117706001,3411
117708000,3414
117710000,3413
117712000,3414
117714000,3412
117716000,3415
117718000,3410
117720001,3413
117722000,3411
117724000,3410
117726000,3413
117728000,3414
117730001,3417
117732001,3417
117734001,3418
117736001,3410
117738000,3410
117740000,3411
117742000,3410
117744000,3408
117746000,3411
117748000,3411
117750000,3413
117752000,3417
117754000,3413
117756000,3413
117758001,3410
117760001,3409
117762001,3410
117764000,3413
117766000,3414
117768000,3411
117770001,3413
117772001,3415
117774001,3411
117776000,3414
117778000,3413
117780001,3410
117782001,3413
117784001,3412
117786000,3418
117788000,3413
117790000,3409
117792001,3411
117794001,3415
117796001,3411
117798001,3410
117800001,3415
117802000,3413
117804001,3409
117806001,3409
117808000,3413
117810000,3414
117812000,3413
117814000,3410
117816000,3409
117818000,3413
117820000,3409
117822000,3411
117824000,3412
117826000,3415
117828000,3415
117830000,3413
117832000,3413
117834001,3415
117836000,3408
117838000,3414
117840000,3417
117842001,3415
117844001,3413
117846001,3412
117848001,3413
117850001,3413
117852001,3415
117854001,3417
117856001,3411
117858001,3414
117860001,3418
117862001,3412
117864001,3414
117866001,3414
117868001,3414
117870001,3411
117872000,3411
117874000,3417
117876001,3413
117878001,3413
117880001,3412
117882001,3413
117884001,3411
117886001,3409
117888000,3410
117890000,3415
117892001,3414
117894001,3414
117896000,3413
117898000,3417
117900000,3409
117902000,3413
117904000,3414
117906000,3417
117908000,3424
117910001,3411
117912000,3414
117914000,3414
117916000,3409
117918000,3417
117920000,3411
117922001,3413
117924001,3413
117926001,3413
117928001,3413
117930001,3415
117932001,3413
117934000,3413
117936001,3411
117938001,3413
117940000,3417
117942000,3407
117944001,3413
117946000,3411
117948000,3416
117950000,3413
117952000,3413
117954000,3411
117956000,3414
117958000,3409
117960001,3414
117962001,3410
117964001,3414
117966001,3415
117968000,3415
117970000,3410
117972000,3412
117974000,3417
117976000,3412
117978000,3412
117980000,3413
117982000,3410
117984001,3414
117986001,3412
117988000,3415
117990000,3410
117992000,3421
117994000,3415
117996001,3411
117998001,3413
118000000,3414
118002000,3411
118004000,3411
118006000,3410
118008000,3409
118010001,3415
118012001,3411
118014001,3412
118016000,3414
118018000,3412
118020000,3409
118022000,3410
118024000,3413
118026000,3415
118028000,3415
118030001,3408
118032001,3409
118034001,3410
118036001,3413
118038001,3415
118040001,3417
118042001,3413
118044001,3413
118046000,3413
118048000,3415
118050001,3414
118052001,3415
118054001,3410
118056001,3414
118058001,3413
118060001,3417
118062001,3418
118064001,3415
118066000,3415
118068001,3415
118070000,3414
118072000,3414
118074001,3415
118076001,3414
118078001,3417
118080001,3411
118082001,3413
118084001,3414
118086000,3413
118088000,3413
118090001,3415
118092000,3413
118094000,3411
118096001,3412
118098001,3418
118100001,3415
118102000,3413
118104000,3410
118106000,3413
118108000,3415
118110001,3413
118112000,3415
118114000,3413
118116001,3413
118118001,3413
118120001,3412
118122001,3421
118124000,3412
118126000,3416
118128001,3415
118130001,3419
118132001,3419
118134000,3418
118136001,3410
118138001,3408
118140001,3414
118142001,3410
118144001,3411
118146000,3411
118148000,3414
118150001,3418
118152001,3413
118154001,3415
118156001,3414
118158000,3414
118160000,3414
118162000,3413
118164000,3413
118166001,3411
118168001,3412
118170001,3415
118172001,3415
118174001,3415
118176001,3414
118178001,3415
118180001,3415
118182001,3418
118184001,3418
118186000,3410
118188000,3409
118190000,3408
118192000,3410
118194000,3415
118196000,3409
118198000,3411
118200000,3418
118202000,3421
118204000,3418
118206000,3402
118208000,3417
118210000,3410
118212000,3386
118214000,3413
118216000,3422
118218000,3414
118220000,3410
118222000,3419
118224001,3414
118226001,3421
118228001,3410
118230001,3427
118232000,3344
118234000,3415
118236000,3318
118238000,3415
118240001,3403
118242001,3414
118244001,3422
118246000,3438
118248000,3450
118250000,3378
118252000,3377
118254001,3382
118256001,3502
118258001,3411
118260001,3457
118262000,3408
118264000,3367
118266000,3409
118268000,3370
118270000,3455
118272000,3413
118274001,3453
118276000,3414
118278001,3434
118280001,3374
118282001,3411
118284001,3408
118286001,3452
118288000,3412
118290000,3405
118292000,3433
118294001,3417
118296001,3411
118298001,3403
118300001,3399
118302000,3423
118304000,3415
118306000,3401
118308000,3418
118310000,3405
118312000,3409
118314000,3403
118316001,3413
118318001,3419
118320001,3415
118322000,3392
118324000,3426
118326001,3418
118328001,3410
118330000,3457
118332000,3410
118334001,3421
118336001,3421
118338001,3407
118340001,3416
118342001,3427
118344000,3423
118346000,3430
118348000,3456
118350000,3330
118352000,3456
118354001,3421
118356000,3489
118358000,3408
118360001,3398
118362001,3376
118364001,3462
118366000,3366
118368000,3423
118370000,3402
118372000,3361
118374000,3351
118376000,3417
118378000,3452
118380001,3437
118382001,3373
118384001,3440
118386001,3344
118388001,3387
118390001,3398
118392000,3411
118394000,3449
118396000,3415
118398000,3407
118400000,3411
118402001,3477
118404000,3404
118406001,3421
118408001,3424
118410001,3424
118412000,3408
118414000,3410
118416000,3415
118418000,3415
118420000,3415
118422001,3443
118424001,3409
118426001,3419
118428001,3399
118430001,3418
118432001,3419
118434001,3407
118436000,3408
118438000,3426
118440000,3418
118442000,3376
118444000,3408
118446000,3419
118448001,3408
118450001,3412
118452001,3429
118454000,3412
118456000,3405
118458000,3408
118460000,3415
118462001,3412
118464000,3409
118466001,3409
118468001,3435
118470001,3408
118472001,3375
118474000,3410
118476000,3409
118478000,3409
118480000,3419
118482000,3408
118484000,3413
118486000,3408
118488000,3406
118490000,3406
118492000,3413
118494000,3409
118496000,3409
118498001,3408
118500001,3411
118502000,3408
118504000,3419
118506001,3411
118508001,3417
118510001,3409
118512001,3415
118514001,3412
118516001,3418
118518001,3414
118520001,3411
118522001,3417
118524000,3419
118526000,3413
118528001,3409
118530001,3408
118532001,3411
118534001,3417
118536001,3414
118538001,3414
118540001,3414
118542001,3414
118544001,3408
118546000,3417
118548000,3415
118550001,3408
118552001,3414
118554001,3410
118556001,3413
118558001,3418
118560001,3411
118562001,3413
118564001,3408
118566001,3422
118568000,3407
118570000,3408
118572001,3408
118574001,3427
118576001,3419
118578001,3415
118580000,3423
118582001,3411
118584001,3411
118586001,3412
118588001,3411
118590001,3421
118592000,3411
118594001,3408
118596000,3408
118598000,3415
118600001,3422
118602001,3408
118604000,3414
118606000,3408
118608000,3411
118610000,3411
118612000,3413
118614000,3409
118616000,3419
118618000,3417
118620000,3410
118622000,3414
118624000,3412
118626001,3414
118628001,3409
118630001,3415
118632000,3414
118634000,3414
118636000,3410
118638000,3423
118640000,3413
118642001,3418
118644000,3413
118646000,3415
118648000,3415
118650001,3414
118652000,3411
118654001,3415
118656000,3412
118658000,3419
118660000,3421
118662000,3418
118664001,3408
118666001,3419
118668001,3408
118670000,3412
118672000,3411
118674000,3415
118676000,3414
118678000,3413
118680000,3413
118682000,3407
118684000,3415
118686000,3417
118688000,3419
118690000,3411
118692000,3409
118694000,3413
118696000,3418
118698000,3411
118700000,3423
118702001,3411
118704001,3413
118706000,3417
118708000,3417
118710000,3416
118712000,3422
118714000,3408
118716000,3414
118718000,3421
118720000,3411
118722000,3420
118724001,3412
118726001,3411
118728000,3411
118730000,3408
118732000,3417
118734000,3418
118736000,3415
118738000,3415
118740000,3415
118742001,3417
118744001,3408
118746001,3421
118748001,3411
118750001,3428
118752001,3420
118754001,3413
118756001,3413
118758001,3417
118760001,3413
118762001,3417
118764001,3415
118766001,3415
118768001,3418
118770001,3409
118772001,3416
118774001,3417
118776000,3383
118778000,3399
118780001,3405
118782001,3403
118784001,3417
118786001,3413
118788001,3411
118790000,3413
118792000,3413
118794000,3427
118796000,3416
118798000,3417
118800000,3422
118802000,3419
118804000,3415
118806001,3404
118808001,3413
118810001,3417
118812001,3429
118814001,3414
118816001,3422
118818001,3407
118820001,3408
118822001,3409
118824001,3409
118826001,3413
118828000,3414
118830000,3417
118832000,3419
118834000,3415
118836001,3417
118838000,3410
118840001,3414
118842001,3414
118844001,3411
118846001,3427
118848001,3415
118850001,3408
118852001,3413
118854001,3415
118856000,3413
118858000,3412
118860000,3410
118862000,3417
118864000,3415
118866000,3414
118868000,3408
118870000,3408
118872000,3416
118874000,3415
118876000,3415
118878001,3410
118880001,3415
118882001,3414
118884000,3419
118886000,3414
118888000,3411
118890000,3411
118892001,3415
118894000,3412
118896000,3415
118898000,3411
118900000,3419
118902001,3419
118904001,3420
118906001,3414
118908001,3414
118910001,3408
118912001,3409
118914001,3415
118916000,3412
118918000,3420
118920001,3412
118922001,3413
118924001,3408
118926001,3414
118928001,3412
118930000,3418
118932001,3411
118934001,3415
118936001,3413
118938001,3421
118940001,3411
118942001,3410
118944001,3426
118946001,3412
118948001,3418
118950001,3411
118952001,3418
118954001,3412
118956001,3415
118958001,3410
118960001,3414
118962001,3414
118964001,3412
118966001,3415
118968000,3418
118970000,3413
118972001,3418
118974001,3413
118976001,3421
118978001,3415
118980001,3413
118982000,3412
118984000,3413
118986001,3414
118988001,3421
118990001,3414
118992001,3409
118994001,3416
118996001,3424
118998001,3415
119000001,3419
119002001,3413
119004001,3415
119006001,3415
119008001,3415
119010000,3410
119012000,3412
119014000,3408
119016001,3412
119018001,3413
119020001,3410
119022001,3413
119024000,3420
119026001,3411
119028001,3408
119030000,3407
119032001,3414
119034001,3413
119036001,3421
119038001,3408
119040001,3420
119042001,3415
119044001,3417
119046000,3417
119048001,3420
119050001,3411
119052001,3419
119054001,3420
119056000,3417
119058000,3409
119060000,3421
119062000,3418
119064000,3415
119066000,3409
119068000,3414
119070000,3412
119072000,3415
119074001,3416
119076001,3420
119078000,3415
119080000,3410
119082000,3415
119084000,3419
119086000,3415
119088000,3411
119090000,3415
119092001,3419
119094001,3413
119096001,3408
119098000,3415
119100000,3413
119102000,3414
119104000,3417
119106000,3420
119108001,3414
119110000,3413
119112000,3413
119114000,3414
119116000,3412
119118000,3419
119120000,3421
119122000,3414
119124001,3433
119126001,3411
119128000,3413
119130001,3411
119132001,3410
119134001,3417
119136001,3410
119138001,3410
119140000,3421
119142000,3415
119144000,3413
119146001,3413
119148001,3412
119150001,3409
119152000,3413
119154000,3417
119156000,3411
119158000,3413
119160000,3415
119162000,3414
119164000,3413
119166001,3411
119168001,3413
119170001,3415
119172000,3421
119174001,3418
119176001,3413
119178001,3419
119180001,3414
119182001,3414
119184001,3421
119186001,3414
119188001,3414
119190001,3413
119192000,3410
119194000,3418
119196000,3411
119198000,3410
119200001,3411
119202001,3415
119204001,3411
119206000,3415
119208000,3414
119210000,3415
119212000,3415
119214000,3415
119216000,3424
119218000,3418
119220000,3417
119222000,3413
119224000,3409
119226000,3410
119228000,3415
119230000,3415
119232000,3414
119234000,3414
119236000,3415
119238000,3414
119240000,3415
119242000,3413
119244000,3412
119246000,3414
119248000,3419
119250000,3415
119252001,3411
119254001,3415
119256001,3413
119258001,3417
119260001,3411
119262001,3410
119264001,3414
119266001,3411
119268001,3417
119270001,3411
119272001,3414
119274001,3415
119276000,3417
119278000,3415
119280000,3419
119282000,3417
119284001,3414
119286001,3415
119288001,3415
119290001,3418
119292001,3415
119294001,3415
119296000,3414
119298000,3413
119300000,3413
119302000,3415
119304000,3418
119306001,3414
119308000,3419
119310000,3410
119312000,3416
119314001,3419
119316001,3418
119318001,3418
119320001,3413
119322001,3415
119324001,3415
119326001,3415
119328001,3420
119330000,3413
119332000,3413
119334000,3411
119336000,3415
119338000,3417
119340000,3414
119342000,3418
119344000,3411
119346000,3413
119348000,3417
119350001,3419
119352001,3421
119354001,3417
119356001,3417
119358000,3417
119360000,3419
119362000,3415
119364000,3413
119366001,3411
119368000,3421
119370001,3415
119372001,3418
119374001,3419
119376001,3415
119378001,3414
119380001,3415
119382001,3415
119384001,3413
119386001,3415
119388001,3411
119390000,3417
119392000,3413
119394001,3412
119396001,3417
119398000,3415
119400000,3415
119402000,3415
119404000,3411
119406000,3414
119408001,3414
119410001,3411
119412001,3411
119414001,3417
119416001,3413
119418001,3418
119420000,3414
119422000,3414
119424000,3415
119426001,3410
119428001,3418
119430001,3415
119432001,3411
119434001,3421
119436001,3417
119438001,3413
119440001,3413
119442001,3415
119444001,3415
119446001,3418
119448000,3409
119450000,3413
119452000,3413
119454000,3414
119456000,3415
119458000,3417
119460000,3415
119462000,3413
119464000,3413
119466000,3415
119468000,3413
119470000,3414
119472000,3413
119474000,3419
119476000,3415
119478000,3417
119480001,3413
119482001,3411
119484001,3415
119486001,3413
119488000,3410
119490000,3413
119492000,3418
119494000,3411
119496001,3408
119498001,3410
119500001,3417
119502000,3414
119504000,3413
119506000,3411
119508000,3414
119510000,3415
119512000,3415
119514000,3419
119516000,3414
119518000,3414
119520000,3410
119522000,3415
119524000,3415
119526000,3414
119528000,3417
119530000,3415
119532001,3415
119534001,3415
119536001,3415
119538001,3417
119540001,3414
119542000,3410
119544000,3415
119546000,3418
119548000,3410
119550001,3414
119552001,3415
119554000,3418
119556000,3416
119558000,3415
119560001,3419
119562001,3420
119564001,3418
119566000,3415
119568001,3415
119570001,3414
119572000,3415
119574000,3418
119576001,3413
119578001,3413
119580001,3414
119582001,3418
119584001,3413
119586001,3415
119588001,3414
119590001,3417
119592001,3418
119594001,3417
119596001,3415
119598000,3417
119600000,3418
119602000,3415
119604000,3423
119606000,3415
119608000,3423
119610001,3414
119612001,3417
119614000,3411
119616000,3412
119618000,3418
119620000,3414
119622001,3410
119624001,3413
119626000,3414
119628000,3419
119630000,3415
119632000,3411
119634000,3414
119636001,3412
119638000,3413
119640000,3413
119642000,3420
119644000,3413
119646000,3418
119648000,3419
119650000,3415
119652000,3414
119654001,3415
119656001,3415
119658001,3412
119660000,3413
119662000,3415
119664000,3414
119666000,3423
119668000,3415
119670000,3413
119672000,3412
119674000,3417
119676000,3417
119678001,3413
119680001,3412
119682001,3417
119684001,3418
119686001,3415
119688001,3418
119690001,3414
119692001,3415
119694000,3414
119696000,3415
119698000,3418
119700000,3415
119702000,3414
119704000,3412
119706001,3411
119708001,3414
119710000,3412
119712000,3418
119714000,3409
119716000,3412
119718000,3415
119720000,3413
119722000,3416
119724000,3417
119726000,3414
119728000,3415
119730000,3413
119732000,3409
119734001,3418
119736001,3411
119738001,3415
119740001,3415
119742001,3417
119744001,3408
119746001,3423
119748001,3411
119750001,3420
119752001,3419
119754001,3417
119756001,3418
119758001,3419
119760001,3409
119762001,3417
119764001,3417
119766001,3411
119768001,3413
119770001,3415
119772001,3415
119774001,3419
119776001,3413
119778000,3414
119780000,3414
119782001,3411
119784000,3415
119786000,3422
119788000,3418
119790000,3415
119792000,3413
119794000,3415
119796000,3415
119798001,3415
119800001,3417
119802001,3413
119804001,3415
119806001,3411
119808000,3417
119810000,3415
119812001,3420
119814001,3419
119816001,3412
119818001,3417
119820001,3415
119822001,3413
119824001,3414
119826001,3413
119828000,3415
119830000,3415
119832000,3415
119834000,3414
119836001,3415
119838001,3417
119840001,3412
119842001,3413
119844001,3415
119846001,3409
119848001,3417
119850001,3413
119852001,3413
119854001,3411
119856001,3414
119858001,3414
119860001,3417
119862001,3418
119864001,3418
119866001,3415
119868001,3418
119870001,3416
119872000,3409
119874000,3413
119876001,3417
119878001,3417
119880001,3413
119882001,3412
119884001,3417
119886000,3418
119888000,3408
119890000,3411
119892001,3412
119894001,3414
119896001,3415
119898001,3419
119900000,3419
119902001,3415
119904001,3411
119906000,3414
119908000,3413
119910000,3418
119912000,3413
119914000,3417
119916001,3413
119918001,3413
119920001,3415
119922001,3411
119924001,3411
119926001,3415
119928000,3409
119930000,3411
119932000,3413
119934001,3422
119936001,3407
119938000,3409
119940000,3415
119942000,3418
119944000,3415
119946001,3413
119948001,3411
119950001,3415
119952001,3415
119954001,3411
119956000,3414
119958000,3413
119960000,3413
119962001,3414
119964000,3413
119966000,3411
119968000,3413
119970001,3413
119972000,3417
119974000,3411
119976001,3412
119978001,3417
119980001,3410
119982000,3415
119984000,3405
119986000,3411
119988000,3411
119990000,3413
119992001,3413
119994001,3415
119996001,3413
119998001,3414
120000001,3412
120002001,3417
120004001,3414
120006001,3413
120008000,3414
120010000,3414
120012001,3414
120014001,3413
120016001,3411
120018001,3419
120020000,3413
120022000,3415
120024000,3415
120026000,3419
120028000,3411
120030001,3411
120032001,3411
120034000,3408
120036000,3411
120038001,3413
120040001,3415
120042001,3418
120044001,3413
120046001,3415
120048000,3418
120050000,3413
120052000,3411
120054000,3414
120056000,3418
120058001,3414
120060001,3419
120062001,3413
120064001,3415
120066001,3415
120068001,3411
120070001,3413
120072001,3410
120074000,3413
120076000,3423
120078001,3414
120080001,3415
120082001,3414
120084001,3412
120086001,3413
120088001,3414
120090001,3411
120092000,3413
120094000,3416
120096000,3417
120098000,3412
120100000,3410
120102000,3412
120104000,3415
120106001,3411
120108001,3415
120110001,3414
120112000,3415
120114000,3415
120116001,3415
120118001,3415
120120001,3415
120122000,3413
120124000,3414
120126000,3415
120128001,3411
120130001,3417
120132001,3415
120134001,3417
120136001,3411
120138001,3419
120140001,3409
120142001,3411
120144001,3416
120146001,3415
120148001,3414
120150001,3413
120152000,3414
120154001,3413
120156001,3410
120158001,3414
120160000,3414
120162000,3417
120164001,3410
120166001,3409
120168001,3418
120170001,3411
120172000,3414
120174000,3414
120176000,3418
120178001,3415
120180001,3413
120182001,3411
120184001,3414
120186000,3418
120188000,3413
120190000,3419
120192001,3418
120194001,3418
120196000,3413
120198000,3418
120200001,3415
120202001,3424
120204001,3419
120206000,3418
120208000,3418
120210000,3414
120212000,3417
120214000,3423
120216001,3415
120218001,3419
120220001,3417
120222001,3419
120224001,3417
120226001,3415
120228001,3418
120230000,3415
120232000,3415
120234000,3417
120236000,3415
120238001,3413
120240001,3415
120242001,3419
120244000,3417
120246000,3417
120248000,3417
120250000,3418
120252000,3419
120254000,3411
120256000,3418
120258000,3415
120260000,3415
120262000,3422
120264000,3411
120266001,3418
120268001,3414
120270001,3416
120272001,3414
120274001,3411
120276001,3414
120278000,3415
120280000,3414
120282000,3411
120284000,3418
120286000,3419
120288000,3419
120290000,3415
120292000,3419
120294000,3415
120296000,3419
120298001,3413
120300001,3418
120302001,3415
120304001,3419
120306001,3413
120308001,3417
120310001,3417
120312001,3413
120314000,3408
120316000,3413
120318000,3413
120320001,3414
120322001,3417
120324001,3415
120326001,3408
120328001,3411
120330001,3421
120332001,3417
120334001,3417
120336001,3419
120338001,3417
120340001,3413
120342001,3414
120344001,3415
120346000,3411
120348000,3415
120350001,3418
120352001,3415
120354001,3415
120356001,3408
120358000,3415
120360000,3423
120362000,3415
120364001,3418
120366001,3413
120368001,3421
120370001,3415
120372001,3415
120374001,3418
120376001,3418
120378001,3419
120380001,3414
120382001,3415
120384000,3412
120386000,3413
120388000,3415
120390000,3423
120392001,3415
120394001,3415
120396001,3414
120398001,3419
120400001,3420
120402001,3413
120404001,3415
120406000,3419
120408000,3413
120410000,3413
120412001,3419
120414001,3415
120416001,3419
120418001,3403
120420001,3420
120422001,3415
120424001,3414
120426000,3419
120428000,3415
120430000,3419
120432000,3413
120434000,3415
120436000,3412
120438001,3415
120440001,3415
120442000,3418
120444000,3414
120446001,3414
120448001,3418
120450001,3418
120452001,3420
120454001,3414
120456000,3415
120458000,3419
120460000,3420
120462000,3415
120464000,3421
120466000,3413
120468001,3411
120470001,3413
120472001,3415
120474001,3419
120476000,3418
120478000,3417
120480000,3419
120482000,3413
120484000,3411
120486001,3414
120488001,3413
120490001,3419
120492001,3413
120494001,3410
120496001,3413
120498000,3417
120500000,3419
120502000,3415
120504000,3418
120506000,3415
120508001,3419
120510001,3413
120512000,3414
120514000,3414
120516001,3414
120518001,3410
120520001,3417
120522001,3412
120524000,3410
120526000,3415
120528000,3421
120530000,3414
120532001,3418
120534001,3412
120536001,3419
120538001,3417
120540001,3418
120542001,3417
120544001,3414
120546001,3414
120548001,3417
120550001,3415
120552001,3414
120554001,3415
120556001,3418
120558000,3415
120560001,3419
120562001,3411
120564000,3417
120566000,3414
120568001,3410
120570001,3421
120572000,3416
120574000,3421
120576000,3417
120578000,3415
120580000,3414
120582000,3414
120584000,3417
120586000,3415
120588001,3415
120590001,3415
120592000,3419
120594000,3415
120596001,3419
120598001,3414
120600001,3417
120602001,3414
120604001,3415
120606001,3419
120608001,3414
120610001,3424
120612001,3411
120614001,3417
120616000,3414
120618001,3414
120620000,3417
120622000,3413
120624000,3415
120626000,3417
120628000,3419
120630001,3419
120632000,3413
120634000,3413
120636000,3416
120638001,3410
120640001,3417
120642001,3414
120644001,3414
120646001,3413
120648001,3418
120650001,3418
120652000,3418
120654000,3416
120656000,3418
120658000,3415
120660001,3416
120662001,3417
120664001,3419
120666001,3415
120668000,3413
120670000,3425
120672000,3417
120674000,3415
120676000,3418
120678000,3413
120680000,3419
120682000,3411
120684001,3415
120686001,3413
120688001,3414
120690001,3415
120692001,3415
120694000,3412
120696000,3414
120698000,3412
120700000,3418
120702000,3415
120704000,3417
120706000,3418
120708000,3418
120710000,3415
120712000,3415
120714000,3419
120716000,3414
120718000,3418
120720000,3413
120722000,3420
120724000,3418
120726001,3417
120728000,3415
120730000,3417
120732000,3415
120734000,3409
120736000,3415
120738000,3411
120740000,3413
120742000,3407
120744000,3417
120746000,3421
120748001,3415
120750001,3413
120752001,3417
120754001,3419
120756001,3415
120758000,3415
120760001,3419
120762001,3417
120764001,3418
120766001,3412
120768001,3419
120770001,3420
120772001,3415
120774001,3419
120776001,3413
120778001,3411
120780001,3414
120782001,3412
120784000,3416
120786000,3412
120788000,3417
120790000,3419
120792000,3415
120794000,3410
120796000,3414
120798000,3409
120800000,3412
120802001,3417
120804001,3415
120806001,3411
120808001,3413
120810001,3412
120812001,3416
120814001,3414
120816001,3411
120818001,3414
120820001,3419
120822001,3413
120824001,3415
120826001,3415
120828000,3414
120830000,3417
120832000,3419
120834000,3418
120836000,3418
120838000,3415
120840000,3415
120842001,3414
120844001,3415
120846001,3412
120848000,3413
120850001,3415
120852001,3414
120854001,3415
120856001,3413
120858001,3413
120860001,3409
120862001,3414
120864001,3413
120866000,3415
120868000,3414
120870000,3417
120872001,3411
120874000,3414
120876000,3413
120878000,3415
120880000,3413
120882000,3417
120884000,3413
120886000,3414
120888000,3418
120890000,3418
120892000,3415
120894001,3415
120896001,3413
120898001,3413
120900000,3415
120902000,3413
120904000,3413
120906001,3415
120908000,3419
120910000,3417
120912001,3411
120914001,3411
120916001,3415
120918000,3415
120920001,3417
120922001,3414
120924000,3415
120926000,3413
120928000,3414
120930000,3415
120932000,3414
120934000,3413
120936001,3413
120938001,3417
120940001,3409
120942001,3415
120944000,3414
120946000,3413
120948000,3414
120950000,3418
120952000,3418
120954000,3415
120956001,3414
120958001,3418
120960001,3412
120962001,3406
120964001,3419
120966001,3418
120968001,3413
120970001,3419
120972001,3417
120974000,3418
120976000,3415
120978001,3415
120980001,3414
120982001,3414
120984001,3413
120986001,3419
120988001,3412
120990001,3412
120992001,3415
120994001,3421
120996000,3415
120998000,3417
121000001,3411
121002001,3415
121004001,3417
121006001,3415
121008001,3415
121010001,3413
121012000,3414
121014000,3411
121016000,3415
121018001,3409
121020000,3412
121022000,3412
121024001,3415
121026001,3413
121028001,3415
121030001,3414
121032001,3413
121034001,3411
121036001,3414
121038001,3413
121040001,3419
121042000,3417
121044000,3409
121046000,3418
121048000,3411
121050000,3414
121052000,3411
121054001,3414
121056000,3413
121058000,3411
121060000,3413
121062001,3421
121064001,3417
121066001,3418
121068001,3413
121070001,3415
121072001,3418
121074001,3414
121076001,3408
121078001,3418
121080001,3419
121082000,3412
121084000,3414
121086001,3414
121088001,3413
121090001,3416
121092000,3417
121094000,3419
121096000,3417
121098000,3410
121100000,3410
121102001,3415
121104001,3414
121106001,3408
121108001,3419
121110001,3417
121112001,3414
121114001,3413
121116001,3415
121118001,3412
121120001,3418
121122001,3416
121124001,3418
121126001,3421
121128001,3417
121130001,3414
121132001,3421
121134000,3411
121136000,3417
121138000,3419
121140000,3413
121142001,3413
121144001,3415
121146000,3415
121148000,3419
121150000,3414
121152000,3418
121154000,3418
121156001,3419
121158001,3413
121160000,3414
121162000,3409
121164000,3417
121166001,3413
121168001,3418
121170001,3415
121172001,3420
121174001,3415
121176001,3418
121178001,3413
121180001,3414
121182000,3417
121184000,3415
121186000,3417
121188001,3413
121190001,3419
121192001,3420
121194001,3413
121196001,3413
121198001,3414
121200001,3414
121202001,3414
121204001,3416
121206000,3415
121208000,3414
121210000,3418
121212000,3415
121214000,3417
121216000,3419
121218001,3412
121220001,3415
121222001,3415
121224001,3415
121226001,3414
121228001,3417
121230000,3413
121232000,3415
121234000,3418
121236000,3413
121238000,3417
121240000,3419
121242000,3412
121244001,3413
121246000,3415
121248000,3408
121250000,3414
121252000,3413
121254000,3415
121256000,3417
121258001,3411
121260001,3419
121262001,3419
121264001,3413
121266000,3419
121268000,3417
121270000,3424
121272000,3421
121274001,3413
121276001,3413
121278001,3417
121280001,3417
121282000,3417
121284000,3414
121286000,3415
121288000,3419
121290000,3419
121292000,3415
121294001,3414
121296001,3429
121298001,3407
121300001,3413
121302001,3413
121304000,3415
121306000,3414
121308000,3416
121310000,3426
121312000,3414
121314000,3420
121316001,3418
121318001,3417
121320001,3413
121322001,3413
121324001,3418
121326001,3413
121328001,3415
121330001,3413
121332000,3410
121334000,3416
121336000,3417
121338000,3419
121340001,3412
121342001,3415
121344001,3419
121346001,3418
121348001,3415
121350000,3417
121352000,3416
121354000,3415
121356000,3418
121358000,3414
121360000,3417
121362000,3419
121364000,3410
121366000,3412
121368000,3423
121370000,3415
121372000,3413
121374000,3419
121376000,3415
121378000,3413
121380001,3411
121382000,3413
121384000,3414
121386000,3413
121388001,3419
121390001,3411
121392001,3419
121394001,3419
121396001,3422
121398001,3422
121400001,3414
121402001,3419
121404001,3421
121406000,3411
121408000,3419
121410000,3414
121412000,3417
121414000,3419
121416000,3419
121418000,3415
121420000,3414
121422000,3421
121424000,3409
121426000,3409
121428000,3417
121430000,3422
121432001,3411
121434001,3413
121436000,3417
121438000,3417
121440001,3415
121442001,3419
121444001,3415
121446001,3415
121448001,3423
121450001,3419
121452000,3416
121454001,3415
121456001,3411
121458001,3415
121460001,3429
121462001,3418
121464001,3417
121466001,3417
121468001,3411
121470001,3416
121472001,3415
121474001,3414
121476001,3418
121478000,3414
121480000,3411
121482000,3415
121484000,3411
121486000,3413
121488001,3417
121490000,3414
121492000,3417
121494000,3414
121496000,3419
121498000,3412
121500000,3418
121502001,3414
121504001,3421
121506001,3412
121508000,3421
121510001,3421
121512000,3415
121514000,3414
121516000,3415
121518001,3412
121520001,3414
121522001,3414
121524001,3414
121526001,3415
121528001,3414
121530001,3418
121532001,3413
121534001,3419
121536001,3413
121538001,3411
121540001,3419
121542000,3413
121544000,3437
121546000,3414
121548000,3414
121550000,3414
121552000,3412
121554000,3417
121556000,3415
121558000,3414
121560000,3415
121562001,3415
121564001,3419
121566001,3423
121568001,3413
121570001,3415
121572001,3417
121574000,3418
121576001,3413
121578001,3410
121580001,3410
121582001,3413
121584000,3415
121586000,3415
121588000,3410
121590000,3415
121592000,3411
121594000,3415
121596000,3416
121598000,3417
121600001,3412
121602001,3415
121604001,3418
121606001,3409
121608000,3411
121610000,3418
121612000,3418
121614001,3421
121616000,3417
121618000,3415
121620001,3418
121622001,3414
121624001,3424
121626000,3417
121628000,3416
121630000,3419
121632000,3422
121634000,3417
121636000,3415
121638000,3418
121640000,3421
121642000,3418
121644000,3415
121646000,3418
121648000,3418
121650000,3418
121652000,3414
121654000,3409
121656001,3414
121658000,3417
121660001,3417
121662001,3413
121664001,3414
121666001,3417
121668000,3417
121670000,3415
121672000,3415
121674000,3415
121676000,3418
121678001,3419
121680001,3415
121682001,3415
121684001,3419
121686001,3415
121688001,3415
121690001,3423
121692001,3422
121694001,3419
121696001,3419
121698001,3419
121700001,3423
121702001,3415
121704001,3413
121706001,3418
121708001,3418
121710001,3415
121712001,3414
121714001,3419
121716001,3419
121718000,3409
121720000,3417
121722000,3418
121724000,3414
121726000,3416
121728000,3414
121730000,3418
121732000,3416
121734000,3415
121736000,3413
121738000,3415
121740000,3421
121742000,3417
121744000,3415
121746000,3424
121748000,3419
121750001,3415
121752000,3412
121754000,3420
121756000,3417
121758000,3416
121760000,3418
121762000,3415
121764001,3414
121766001,3397
121768001,3415
121770001,3410
121772000,3416
121774000,3412
121776001,3413
121778001,3419
121780001,3417
121782001,3414
121784000,3417
121786000,3419
121788001,3419
121790001,3414
121792001,3421
121794001,3417
121796001,3414
121798001,3418
121800000,3415
121802000,3419
121804000,3420
121806000,3423
121808000,3413
121810000,3419
121812000,3415
121814000,3416
121816001,3408
121818001,3416
121820001,3415
121822001,3413
121824001,3418
121826001,3419
121828001,3417
121830001,3426
121832000,3422
121834000,3410
121836000,3415
121838000,3419
121840000,3415
121842000,3420
121844000,3418
121846000,3419
121848000,3419
121850000,3417
121852001,3419
121854001,3412
121856001,3415
121858001,3414
121860001,3413
121862000,3415
121864000,3419
121866000,3420
121868000,3413
121870000,3409
121872000,3414
121874001,3421
121876001,3413
121878001,3415
121880000,3417
121882001,3419
121884001,3413
121886001,3415
121888001,3421
121890001,3421
121892000,3415
121894000,3419
121896000,3414
121898000,3417
121900001,3414
121902001,3415
121904001,3417
121906001,3418
121908000,3411
121910000,3415
121912001,3421
121914001,3418
121916001,3417
121918001,3419
121920001,3418
121922001,3420
121924001,3418
121926000,3417
121928000,3408
121930000,3422
121932000,3418
121934000,3417
121936000,3415
121938000,3415
121940000,3413
121942000,3413
121944000,3418
121946001,3413
121948001,3413
121950001,3413
121952001,3418
121954000,3419
121956000,3417
121958000,3417
121960000,3414
121962000,3414
121964000,3414
121966000,3415
121968000,3414
121970000,3419
121972001,3415
121974001,3419
121976001,3423
121978001,3411
121980000,3421
121982000,3415
121984001,3415
121986001,3415
121988000,3421
121990000,3417
121992001,3421
121994001,3419
121996001,3415
121998000,3417
122000001,3413
122002000,3414
122004000,3418
122006000,3420
122008000,3423
122010000,3418
122012001,3413
122014000,3418
122016000,3418
122018000,3418
122020001,3418
122022001,3420
122024001,3415
122026001,3418
122028001,3417
122030001,3415
122032000,3415
122034000,3419
122036001,3414
122038000,3417
122040000,3419
122042001,3420
122044000,3412
122046000,3415
122048000,3415
122050000,3423
122052001,3415
122054000,3415
122056000,3415
122058000,3404
122060000,3419
122062001,3413
122064000,3412
122066000,3415
122068000,3418
122070000,3417
122072000,3417
122074000,3417
122076000,3414
122078000,3415
122080000,3417
122082000,3417
122084001,3414
122086000,3417
122088000,3418
122090000,3415
122092001,3414
122094000,3415
122096001,3415
122098001,3411
122100001,3415
122102001,3414
122104001,3419
122106001,3418
122108001,3419
122110001,3417
122112001,3413
122114001,3413
122116001,3425
122118001,3419
122120001,3415
122122000,3418
122124000,3418
122126001,3421
122128000,3414
122130000,3415
122132000,3415
122134000,3417
122136001,3416
122138001,3413
122140001,3414
122142001,3411
122144001,3419
122146001,3413
122148001,3419
122150001,3418
122152001,3417
122154001,3417
122156000,3412
122158000,3415
122160000,3413
122162000,3417
122164000,3421
122166000,3418
122168001,3419
122170001,3421
122172001,3413
122174001,3413
122176001,3420
122178001,3418
122180000,3423
122182000,3419
122184000,3420
122186000,3415
122188000,3415
122190000,3418
122192000,3419
122194000,3414
122196001,3414
122198001,3417
122200000,3418
122202000,3418
122204000,3411
122206000,3421
122208000,3415
122210001,3414
122212001,3419
122214001,3419
122216001,3419
122218001,3421
122220001,3420
122222001,3418
122224000,3419
122226000,3420
122228000,3417
122230000,3415
122232000,3418
122234000,3418
122236000,3417
122238001,3417
122240001,3417
122242001,3415
122244001,3417
122246000,3418
122248000,3419
122250000,3415
122252000,3413
122254001,3419
122256001,3418
122258001,3414
122260001,3417
122262000,3417
122264000,3415
122266000,3417
122268000,3417
122270000,3419
122272001,3422
122274001,3415
122276001,3418
122278000,3420
122280000,3417
122282000,3417
122284000,3418
122286001,3418
122288001,3420
122290001,3418
122292000,3421
122294000,3419
122296001,3415
122298001,3422
122300000,3413
122302000,3419
122304000,3422
122306000,3415
122308000,3415
122310001,3414
122312001,3415
122314001,3411
122316001,3418
122318000,3415
122320001,3414
122322000,3419
122324000,3415
122326001,3415
122328001,3421
122330001,3419
122332001,3415
122334001,3417
122336001,3417
122338001,3413
122340001,3415
122342001,3409
122344001,3422
122346001,3415
122348000,3417
122350000,3415
122352000,3415
122354000,3413
122356000,3419
122358001,3425
122360000,3422
122362001,3418
122364001,3414
122366001,3415
122368001,3419
122370000,3421
122372000,3416
122374000,3418
122376000,3420
122378000,3415
122380000,3415
122382000,3414
122384000,3415
122386000,3419
122388000,3415
122390000,3417
122392000,3417
122394000,3418
122396000,3420
122398000,3421
122400000,3419
122402000,3418
122404000,3422
122406000,3417
122408000,3421
122410000,3418
122412000,3417
122414000,3415
122416000,3414
122418000,3415
122420001,3417
122422001,3415
122424001,3419
122426000,3416
122428000,3417
122430001,3417
122432000,3413
122434000,3417
122436000,3417
122438000,3415
122440000,3414
122442000,3421
122444000,3418
122446000,3415
122448000,3419
122450001,3413
122452000,3419
122454001,3419
122456000,3419
122458000,3415
122460000,3421
122462001,3420
122464001,3417
122466001,3416
122468001,3418
122470001,3418
122472001,3421
122474001,3414
122476000,3422
122478000,3417
122480001,3423
122482001,3419
122484001,3411
122486000,3419
122488000,3418
122490000,3419
122492001,3421
122494000,3417
122496000,3419
122498001,3423
122500001,3414
122502001,3419
122504001,3415
122506001,3413
122508001,3420
122510000,3417
122512000,3415
122514000,3417
122516000,3423
122518000,3416
122520000,3420
122522000,3422
122524000,3424
122526000,3419
122528001,3413
122530000,3419
122532000,3413
122534000,3419
122536000,3414
122538000,3418
122540000,3420
122542001,3418
122544001,3416
122546001,3414
122548000,3415
122550000,3411
122552000,3415
122554000,3417
122556000,3419
122558000,3417
122560000,3419
122562000,3421
122564000,3417
122566001,3415
122568000,3413
122570000,3415
122572000,3417
122574001,3418
122576001,3419
122578001,3415
122580001,3418
122582001,3413
122584001,3421
122586001,3418
122588001,3415
122590001,3422
122592001,3418
122594001,3418
122596001,3412
122598000,3417
122600000,3418
122602000,3415
122604001,3414
122606001,3415
122608001,3419
122610001,3419
122612001,3419
122614001,3415
122616001,3418
122618001,3415
122620001,3418
122622000,3421
122624000,3419
122626000,3419
122628000,3419
122630001,3413
122632001,3418
122634001,3419
122636001,3415
122638001,3421
122640001,3415
122642000,3419
122644000,3417
122646000,3414
122648001,3414
122650000,3413
122652000,3417
122654000,3424
122656000,3415
122658000,3421
122660000,3419
122662000,3420
122664000,3415
122666000,3414
122668000,3414
122670000,3419
122672000,3422
122674000,3419
122676000,3423
122678000,3413
122680000,3418
122682000,3415
122684000,3419
122686000,3418
122688000,3415
122690000,3418
122692001,3419
122694000,3422
122696000,3413
122698001,3417
122700001,3419
122702000,3413
122704000,3418
122706000,3414
122708000,3422
122710000,3418
122712000,3417
122714000,3418
122716000,3415
122718000,3420
122720000,3414
122722000,3418
122724000,3417
122726001,3418
122728000,3419
122730000,3414
122732001,3408
122734001,3419
122736001,3418
122738000,3419
122740000,3417
122742001,3421
122744001,3421
122746001,3418
122748001,3414
122750000,3421
122752000,3418
122754000,3423
122756000,3418
122758000,3415
122760000,3417
122762000,3415
122764000,3414
122766000,3415
122768000,3415
122770000,3415
122772000,3416
122774000,3420
122776000,3418
122778001,3415
122780000,3418
122782001,3419
122784001,3421
122786001,3419
122788001,3412
122790001,3421
122792001,3416
122794000,3417
122796000,3419
122798000,3417
122800000,3417
122802001,3419
122804001,3419
122806001,3420
122808001,3418
122810001,3411
122812001,3413
122814001,3418
122816001,3419
122818001,3417
122820001,3419
122822001,3419
122824001,3417
122826000,3413
122828000,3418
122830000,3418
122832000,3417
122834000,3418
122836001,3418
122838001,3414
122840001,3415
122842001,3417
122844001,3423
122846000,3421
122848000,3417
122850000,3418
122852000,3417
122854000,3415
122856000,3415
122858000,3419
122860001,3413
122862001,3418
122864001,3415
122866001,3408
122868000,3414
122870001,3419
122872001,3418
122874001,3420
122876001,3412
122878000,3420
122880000,3419
122882000,3415
122884000,3419
122886001,3413
122888000,3413
122890000,3417
122892000,3415
122894000,3417
122896000,3415
122898000,3421
122900000,3419
122902000,3419
122904000,3419
122906001,3415
122908001,3417
122910001,3418
122912000,3414
122914000,3417
122916000,3413
122918001,3415
122920001,3419
122922001,3415
122924001,3416
122926000,3419
122928000,3411
122930000,3414
122932000,3407
122934001,3415
122936001,3423
122938001,3415
122940001,3415
122942001,3418
122944001,3421
122946001,3418
122948001,3423
122950001,3421
122952001,3418
122954001,3423
122956001,3419
122958001,3422
122960001,3419
122962000,3420
122964000,3420
122966001,3421
122968001,3418
122970000,3419
122972000,3419
122974001,3410
122976000,3419
122978000,3418
122980000,3415
122982000,3415
122984000,3421
122986000,3419
122988000,3417
122990000,3418
122992000,3418
122994000,3419
122996000,3419
122998000,3419
123000000,3422
123002000,3415
123004000,3419
123006000,3421
123008001,3415
123010001,3419
123012001,3418
123014001,3418
123016001,3419
123018000,3419
123020000,3418
123022000,3418
123024000,3415
123026000,3419
123028000,3413
123030001,3417
123032000,3422
123034000,3421
123036000,3419
123038000,3419
123040001,3418
123042001,3413
123044000,3414
123046000,3414
123048000,3413
123050001,3414
123052001,3423
123054001,3419
123056001,3421
123058001,3421
123060001,3417
123062001,3421
123064001,3423
123066001,3417
123068001,3418
123070001,3418
123072001,3415
123074001,3422
123076001,3421
123078000,3418
123080000,3417
123082000,3417
123084000,3420
123086000,3415
123088001,3414
123090000,3413
123092001,3419
123094001,3422
123096001,3415
123098000,3418
123100000,3418
123102001,3418
123104001,3416
123106001,3411
123108001,3419
123110000,3421
123112000,3417
123114000,3421
123116000,3419
123118000,3423
123120000,3419
123122000,3420
123124000,3417
123126000,3418
123128000,3418
123130000,3416
123132000,3420
123134000,3423
123136000,3415
123138000,3416
123140000,3419
123142000,3422
123144001,3415
123146001,3418
123148001,3417
123150001,3418
123152001,3421
123154001,3417
123156000,3419
123158000,3422
123160000,3415
123162000,3423
123164000,3422
123166000,3413
123168000,3416
123170001,3418
123172001,3418
123174001,3415
123176001,3419
123178001,3423
123180001,3417
123182001,3417
123184001,3414
123186001,3417
123188000,3424
123190000,3421
123192001,3420
123194000,3422
123196000,3418
123198001,3415
123200001,3413
123202000,3419
123204000,3421
123206000,3410
123208000,3414
123210001,3419
123212001,3415
123214000,3420
123216000,3419
123218000,3418
123220000,3421
123222001,3418
123224001,3417
123226001,3419
123228001,3414
123230001,3415
123232001,3418
123234001,3418
123236001,3420
123238001,3415
123240001,3417
123242001,3419
123244000,3421
123246000,3413
123248000,3417
123250000,3417
123252000,3419
123254000,3420
123256000,3421
123258000,3413
123260000,3421
123262000,3418
123264000,3419
123266000,3417
123268000,3414
123270000,3418
123272001,3419
123274001,3420
123276001,3415
123278001,3419
123280000,3418
123282001,3415
123284001,3419
123286000,3418
123288000,3417
123290000,3418
123292000,3415
123294001,3416
123296001,3419
123298001,3429
123300001,3419
123302001,3417
123304001,3418
123306000,3418
123308001,3419
123310001,3417
123312001,3419
123314001,3419
123316000,3421
123318000,3419
123320001,3419
123322001,3418
123324000,3421
123326000,3420
123328001,3419
123330000,3419
123332000,3417
123334000,3417
123336001,3417
123338001,3414
123340000,3418
123342000,3409
123344000,3421
123346001,3417
123348001,3418
123350001,3413
123352000,3412
123354000,3422
123356000,3417
123358000,3421
123360001,3415
123362000,3419
123364000,3416
123366001,3419
123368001,3415
123370001,3417
123372001,3417
123374001,3419
123376000,3417
123378001,3417
123380001,3418
123382001,3415
123384001,3418
123386000,3415
123388000,3419
123390001,3419
123392001,3421
123394001,3414
123396001,3420
123398001,3420
123400000,3419
123402000,3415
123404000,3418
123406001,3419
123408001,3414
123410001,3419
123412000,3419
123414000,3419
123416000,3418
123418000,3417
123420000,3419
123422000,3419
123424001,3418
123426001,3419
123428000,3417
123430000,3415
123432000,3415
123434001,3418
123436001,3417
123438001,3418
123440000,3415
123442000,3419
123444001,3417
123446001,3418
123448001,3412
123450001,3415
123452001,3417
123454001,3420
123456001,3421
123458001,3417
123460000,3418
123462000,3419
123464001,3418
123466001,3418
123468001,3415
123470001,3415
123472001,3422
123474001,3418
123476000,3418
123478000,3420
123480000,3421
123482000,3419
123484000,3414
123486000,3415
123488001,3420
123490001,3422
123492000,3419
123494000,3415
123496001,3419
123498001,3416
123500001,3415
123502001,3415
123504001,3417
123506000,3421
123508000,3421
123510001,3409
123512001,3421
123514001,3420
123516001,3417
123518000,3420
123520000,3423
123522000,3417
123524001,3421
123526001,3413
123528001,3419
123530001,3419
123532001,3419
123534001,3413
123536001,3420
123538001,3415
123540001,3419
123542001,3421
123544001,3419
123546000,3419
123548000,3419
123550000,3415
123552000,3415
123554001,3423
123556000,3419
123558000,3419
123560000,3420
123562001,3423
123564001,3419
123566001,3422
123568001,3411
123570001,3423
123572000,3419
123574000,3418
123576000,3421
123578000,3419
123580000,3419
123582001,3423
123584000,3418
123586000,3413
123588001,3415
123590001,3421
123592001,3419
123594001,3420
123596001,3421
123598000,3417
123600000,3419
123602000,3414
123604001,3420
123606000,3409
123608001,3419
123610001,3421
123612001,3421
123614001,3415
123616001,3422
123618000,3415
123620001,3420
123622001,3414
123624000,3418
123626000,3411
123628000,3421
123630000,3420
123632000,3417
123634001,3418
123636001,3419
123638001,3421
123640001,3419
123642001,3418
123644000,3419
123646000,3417
123648001,3418
123650001,3420
123652000,3420
123654001,3418
123656001,3417
123658001,3418
123660001,3414
123662001,3411
123664000,3417
123666000,3419
123668000,3419
123670000,3418
123672000,3414
123674000,3414
123676001,3417
123678001,3417
123680001,3423
123682001,3417
123684001,3421
123686001,3419
123688001,3418
123690001,3421
123692001,3417
123694001,3416
123696001,3422
123698001,3424
123700001,3420
123702001,3423
123704001,3414
123706000,3417
123708000,3415
123710000,3421
123712001,3418
123714001,3415
123716001,3419
123718001,3415
123720001,3413
123722001,3411
123724001,3417
123726001,3419
123728001,3418
123730001,3415
123732001,3421
123734001,3418
123736001,3421
123738000,3414
123740000,3418
123742001,3421
123744001,3418
123746001,3414
123748000,3422
123750000,3417
123752000,3413
123754000,3418
123756000,3419
123758000,3419
123760000,3414
123762000,3417
123764000,3421
123766000,3419
123768000,3420
123770001,3418
123772001,3419
123774001,3418
123776001,3422
123778001,3420
123780001,3422
123782000,3418
123784000,3421
123786001,3422
123788001,3413
123790001,3421
123792001,3415
123794001,3420
123796001,3417
123798001,3419
123800000,3419
123802000,3423
123804000,3423
123806000,3415
123808001,3419
123810001,3414
123812001,3419
123814001,3418
123816000,3423
123818001,3419
123820001,3418
123822001,3422
123824001,3419
123826000,3415
123828000,3415
123830000,3415
123832001,3421
123834001,3418
123836001,3413
123838001,3415
123840001,3415
123842001,3420
123844001,3418
123846000,3418
123848000,3419
123850000,3417
123852001,3422
123854001,3421
123856001,3417
123858000,3412
123860000,3418
123862001,3422
123864001,3415
123866001,3418
123868000,3419
123870000,3422
123872001,3417
123874000,3418
123876000,3418
123878000,3417
123880000,3414
123882000,3415
123884000,3409
123886001,3425
123888001,3419
123890001,3418
123892001,3420
123894000,3421
123896000,3428
123898000,3421
123900000,3422
123902000,3417
123904000,3420
123906001,3419
123908001,3417
123910001,3418
123912000,3413
123914000,3421
123916000,3420
123918000,3417
123920000,3418
123922000,3422
123924001,3415
123926000,3421
123928000,3418
123930000,3417
123932001,3418
123934001,3418
123936000,3417
123938000,3419
123940000,3419
123942000,3418
123944000,3422
123946000,3419
123948000,3418
123950000,3420
123952001,3418
123954001,3419
123956001,3422
123958001,3419
123960001,3422
123962001,3422
123964001,3421
123966001,3421
123968001,3419
123970001,3423
123972001,3419
123974001,3422
123976000,3420
123978000,3415
123980000,3419
123982000,3417
123984001,3413
123986001,3418
123988001,3417
123990001,3419
123992001,3420
123994000,3414
123996000,3419
123998001,3418
124000001,3418
124002001,3418
124004000,3413
124006001,3417
124008001,3419
124010001,3415
124012001,3413
124014001,3417
124016001,3421
124018001,3418
124020001,3414
124022000,3411
124024001,3415
124026001,3420
124028001,3420
124030001,3431
124032001,3415
124034001,3418
124036000,3417
124038000,3419
124040000,3414
124042000,3415
124044000,3413
124046000,3421
124048001,3422
124050001,3417
124052000,3414
124054000,3418
124056000,3417
124058000,3417
124060000,3420
124062000,3417
124064000,3419
124066001,3419
124068001,3419
124070000,3418
124072000,3414
124074001,3414
124076000,3420
124078001,3419
124080001,3418
124082001,3422
124084001,3419
124086001,3415
124088001,3424
124090000,3418
124092000,3419
124094000,3418
124096001,3421
124098001,3419
124100001,3421
124102001,3418
124104001,3419
124106001,3421
124108001,3417
124110001,3414
124112001,3414
124114001,3419
124116001,3418
124118001,3417
124120001,3417
124122001,3418
124124001,3417
124126000,3415
124128000,3421
124130001,3419
124132001,3419
124134001,3421
124136001,3414
124138001,3417
124140001,3419
124142001,3417
124144001,3419
124146001,3420
124148001,3418
124150001,3421
124152001,3418
124154001,3418
124156001,3417
124158001,3418
124160000,3421
124162000,3418
124164000,3420
124166000,3418
124168000,3420
124170001,3419
124172001,3422
124174001,3421
124176000,3413
124178000,3412
124180000,3416
124182000,3418
124184001,3422
124186001,3418
124188001,3421
124190001,3418
124192001,3419
124194001,3413
124196001,3417
124198001,3418
124200001,3419
124202001,3419
124204001,3414
124206001,3410
124208001,3412
124210001,3419
124212000,3421
124214000,3419
124216001,3418
124218001,3421
124220001,3419
124222001,3416
124224000,3415
124226000,3417
124228001,3414
124230001,3415
124232001,3417
124234001,3422
124236001,3418
124238000,3415
124240000,3417
124242000,3415
124244000,3415
124246001,3421
124248000,3419
124250000,3415
124252000,3415
124254001,3419
124256001,3418
124258001,3421
124260001,3412
124262001,3418
124264000,3422
124266000,3422
124268000,3418
124270000,3410
124272001,3418
124274001,3422
124276001,3419
124278001,3414
124280001,3418
124282001,3418
124284001,3418
124286001,3415
124288001,3417
124290000,3415
124292000,3419
124294000,3419
124296000,3415
124298001,3419
124300000,3419
124302001,3414
124304000,3414
124306001,3417
124308001,3422
124310001,3419
124312000,3415
124314000,3415
124316000,3422
124318001,3418
124320001,3421
124322000,3424
124324000,3423
124326001,3422
124328001,3419
124330001,3419
124332001,3417
124334001,3419
124336000,3421
124338001,3421
124340001,3415
124342001,3421
124344000,3423
124346000,3418
124348000,3414
124350000,3415
124352000,3417
124354000,3414
124356000,3420
124358000,3416
124360001,3417
124362001,3417
124364001,3419
124366001,3417
124368001,3415
124370001,3418
124372001,3421
124374001,3422
124376001,3419
124378001,3421
124380001,3415
124382001,3419
124384001,3419
124386001,3419
124388001,3417
124390001,3420
124392001,3417
124394001,3419
124396001,3418
124398000,3414
124400000,3423
124402001,3418
124404001,3417
124406000,3421
124408000,3419
124410000,3417
124412000,3419
124414001,3415
124416001,3421
124418000,3417
124420000,3423
124422001,3415
124424001,3417
124426001,3419
124428001,3417
124430001,3418
124432001,3421
124434001,3419
124436001,3419
124438001,3419
124440000,3422
124442000,3421
124444000,3414
124446000,3417
124448000,3423
124450000,3413
124452000,3419
124454001,3418
124456000,3422
124458000,3420
124460000,3413
124462000,3418
124464001,3419
124466000,3419
124468000,3417
124470001,3416
124472001,3421
124474001,3421
124476000,3420
124478000,3418
124480001,3418
124482001,3419
124484000,3415
124486000,3419
124488001,3421
124490001,3419
124492001,3418
124494000,3419
124496000,3420
124498000,3418
124500000,3421
124502000,3419
124504000,3421
124506000,3418
124508000,3417
124510001,3415
124512001,3418
124514001,3416
124516001,3418
124518000,3421
124520000,3421
124522001,3420
124524000,3421
124526000,3419
124528001,3416
124530001,3419
124532000,3419
124534000,3422
124536000,3423
124538000,3415
124540000,3421
124542001,3417
124544000,3419
124546000,3415
124548000,3424
124550001,3417
124552001,3417
124554001,3422
124556001,3421
124558001,3417
124560001,3415
124562001,3419
124564001,3417
124566001,3418
124568001,3421
124570000,3417
124572000,3430
124574000,3422
124576000,3415
124578001,3422
124580001,3419
124582000,3418
124584000,3417
124586000,3418
124588001,3418
124590001,3419
124592001,3415
124594001,3422
124596001,3419
124598000,3419
124600000,3417
124602000,3417
124604000,3421
124606000,3414
124608000,3419
124610001,3419
124612001,3417
124614001,3416
124616001,3420
124618001,3418
124620000,3417
124622000,3419
124624001,3419
124626001,3419
124628000,3415
124630000,3419
124632000,3415
124634000,3415
124636000,3417
124638001,3430
124640001,3415
124642000,3417
124644000,3417
124646000,3414
124648000,3421
124650000,3417
124652001,3417
124654000,3414
124656000,3415
124658001,3419
124660000,3421
124662001,3420
124664001,3424
124666001,3414
124668001,3415
124670000,3410
124672000,3420
124674000,3414
124676000,3423
124678001,3418
124680001,3420
124682001,3417
124684001,3421
124686001,3414
124688000,3418
124690000,3418
124692000,3420
124694001,3419
124696001,3419
124698001,3419
124700000,3419
124702000,3421
124704001,3415
124706001,3419
124708001,3426
124710001,3417
124712001,3419
124714000,3415
124716000,3413
124718000,3415
124720000,3418
124722000,3421
124724000,3418
124726000,3417
124728000,3417
124730000,3421
124732001,3413
124734001,3421
124736000,3421
124738000,3421
124740000,3419
124742000,3421
124744000,3421
124746001,3418
124748001,3417
124750000,3421
124752000,3414
124754000,3417
124756000,3419
124758000,3414
124760000,3415
124762000,3421
124764000,3418
124766001,3422
124768001,3415
124770001,3417
124772001,3418
124774000,3424
124776001,3414
124778001,3419
124780001,3422
124782000,3419
124784001,3415
124786001,3414
124788001,3423
124790001,3419
124792000,3422
124794000,3421
124796000,3418
124798000,3423
124800000,3418
124802000,3419
124804000,3417
124806000,3415
124808001,3418
124810001,3417
124812001,3415
124814001,3418
124816001,3421
124818001,3418
124820001,3419
124822000,3413
124824000,3417
124826001,3414
124828000,3415
124830000,3424
124832001,3418
124834001,3423
124836001,3421
124838001,3421
124840001,3415
124842001,3420
124844001,3415
124846001,3422
124848001,3418
124850001,3418
124852001,3418
124854001,3421
124856000,3419
124858000,3418
124860001,3419
124862001,3418
124864000,3419
124866001,3415
124868001,3423
124870001,3419
124872001,3419
124874001,3422
124876001,3421
124878001,3421
124880000,3418
124882000,3421
124884001,3421
124886000,3422
124888000,3421
124890001,3417
124892001,3421
124894001,3418
124896000,3409
124898000,3419
124900000,3421
124902000,3423
124904000,3418
124906000,3415
124908000,3422
124910001,3419
124912001,3421
124914001,3423
124916001,3420
124918001,3419
124920001,3422
124922001,3419
124924001,3420
124926000,3419
124928000,3417
124930001,3418
124932001,3414
124934000,3421
124936000,3417
124938001,3415
124940001,3418
124942000,3413
124944000,3424
124946000,3415
124948000,3417
124950000,3416
124952000,3415
124954000,3419
124956000,3418
124958000,3417
124960000,3419
124962000,3414
124964000,3417
124966000,3419
124968000,3418
124970000,3419
124972000,3417
124974000,3419
124976000,3413
124978000,3419
124980000,3415
124982001,3417
124984001,3420
124986001,3415
124988000,3420
124990000,3413
124992001,3415
124994001,3418
124996001,3420
124998001,3419
125000001,3423
125002001,3408
125004001,3421
125006001,3419
125008001,3423
125010001,3422
125012001,3422
125014001,3423
125016001,3420
125018001,3424
125020001,3422
125022001,3417
125024001,3420
125026001,3415
125028001,3418
125030001,3422
125032001,3420
125034001,3419
125036001,3417
125038001,3416
125040001,3415
125042001,3423
125044000,3423
125046000,3420
125048000,3419
125050000,3417
125052001,3424
125054001,3424
125056001,3419
125058001,3417
125060001,3419
125062000,3417
125064000,3417
125066001,3424
125068001,3422
125070001,3422
125072001,3419
125074000,3419
125076001,3421
125078001,3423
125080001,3422
125082001,3419
125084001,3422
125086001,3422
125088001,3419
125090001,3419
125092001,3421
125094001,3419
125096001,3419
125098001,3419
125100001,3440
125102001,3419
125104001,3418
125106000,3423
125108000,3421
125110001,3419
125112001,3425
125114001,3421
125116001,3423
125118001,3425
125120001,3419
125122001,3418
125124001,3421
125126001,3421
125128001,3421
125130001,3417
125132001,3419
125134001,3423
125136001,3422
125138001,3420
125140001,3419
125142001,3413
125144001,3422
125146001,3423
125148001,3425
125150001,3420
125152001,3422
125154001,3418
125156001,3420
125158001,3421
125160001,3415
125162001,3419
125164001,3417
125166001,3421
125168001,3420
125170001,3425
125172001,3419
125174000,3422
125176000,3423
125178000,3418
125180000,3418
125182000,3421
125184000,3421
125186000,3419
125188000,3419
125190000,3421
125192001,3418
125194001,3418
125196001,3424
125198001,3421
125200000,3419
125202000,3419
125204001,3421
125206001,3418
125208001,3421
125210001,3418
125212001,3421
125214000,3418
125216000,3419
125218001,3421
125220001,3421
125222001,3415
125224001,3418
125226001,3418
125228001,3427
125230001,3423
125232000,3419
125234000,3422
125236000,3419
125238000,3417
125240001,3422
125242001,3420
125244001,3421
125246001,3425
125248001,3422
125250001,3417
125252001,3419
125254001,3414
125256001,3417
125258001,3422
125260001,3421
125262001,3422
125264001,3421
125266000,3421
125268000,3421
125270001,3420
125272000,3423
125274000,3423
125276000,3422
125278000,3425
125280000,3422
125282000,3417
125284001,3426
125286001,3421
125288001,3419
125290001,3422
125292001,3422
125294001,3417
125296001,3417
125298001,3415
125300001,3418
125302001,3421
125304000,3419
125306000,3419
125308001,3423
125310001,3421
125312001,3418
125314001,3425
125316001,3420
125318001,3422
125320001,3423
125322001,3419
125324000,3420
125326000,3418
125328000,3418
125330001,3421
125332001,3415
125334001,3422
125336001,3422
125338001,3423
125340001,3421
125342001,3419
125344001,3421
125346001,3419
125348001,3415
125350001,3418
125352001,3421
125354000,3426
125356000,3419
125358000,3422
125360000,3418
125362000,3418
125364000,3422
125366000,3422
125368001,3421
125370001,3421
125372001,3420
125374000,3421
125376000,3423
125378000,3419
125380000,3421
125382000,3425
125384001,3423
125386001,3423
125388001,3422
125390001,3421
125392001,3420
125394001,3423
125396001,3421
125398001,3415
125400001,3419
125402000,3420
125404001,3418
125406001,3421
125408001,3422
125410001,3419
125412000,3419
125414000,3419
125416000,3419
125418000,3419
125420001,3422
125422001,3420
125424001,3422
125426001,3421
125428000,3423
125430000,3422
125432001,3417
125434001,3419
125436001,3421
125438001,3424
125440001,3422
125442001,3421
125444000,3418
125446000,3422
125448000,3418
125450000,3422
125452000,3419
125454001,3417
125456000,3423
125458000,3424
125460000,3433
125462000,3422
125464000,3417
125466000,3419
125468001,3422
125470001,3419
125472001,3423
125474001,3418
125476001,3419
125478000,3419
125480000,3419
125482000,3421
125484000,3421
125486001,3422
125488000,3409
125490000,3422
125492001,3420
125494001,3421
125496001,3426
125498001,3423
125500000,3421
125502000,3423
125504001,3420
125506001,3419
125508000,3425
125510000,3421
125512001,3419
125514001,3422
125516001,3418
125518001,3420
125520001,3421
125522000,3415
125524000,3421
125526001,3418
125528001,3418
125530001,3419
125532001,3425
125534000,3421
125536001,3421
125538001,3421
125540000,3415
125542000,3410
125544001,3422
125546001,3422
125548001,3419
125550001,3421
125552001,3418
125554001,3423
125556001,3421
125558001,3423
125560001,3429
125562001,3425
125564001,3423
125566001,3419
125568001,3422
125570001,3421
125572001,3420
125574001,3419
125576001,3423
125578001,3408
125580001,3419
125582001,3426
125584001,3419
125586001,3418
125588001,3422
125590001,3419
125592000,3420
125594000,3421
125596000,3419
125598000,3420
125600001,3419
125602001,3422
125604001,3420
125606001,3421
125608001,3418
125610001,3418
125612001,3422
125614001,3424
125616001,3421
125618001,3419
125620001,3418
125622001,3425
125624001,3419
125626001,3419
125628001,3417
125630001,3419
125632001,3419
125634001,3418
125636001,3421
125638001,3420
125640000,3419
125642001,3421
125644001,3421
125646001,3419
125648001,3421
125650001,3422
125652001,3417
125654001,3419
125656001,3419
125658000,3419
125660000,3424
125662000,3421
125664000,3422
125666001,3415
125668001,3417
125670001,3421
125672001,3421
125674001,3420
125676001,3417
125678001,3422
125680001,3422
125682001,3423
125684001,3423
125686001,3421
125688000,3414
125690000,3415
125692000,3417
125694000,3418
125696000,3417
125698000,3422
125700000,3419
125702001,3418
125704001,3417
125706001,3418
125708001,3423
125710001,3420
125712001,3418
125714001,3415
125716000,3419
125718000,3424
125720001,3423
125722000,3423
125724000,3419
125726000,3418
125728000,3419
125730001,3419
125732000,3423
125734000,3415
125736001,3421
125738001,3418
125740001,3422
125742001,3420
125744001,3422
125746001,3418
125748001,3418
125750001,3425
125752001,3421
125754001,3422
125756001,3416
125758001,3420
125760001,3422
125762001,3421
125764000,3419
125766001,3424
125768000,3419
125770000,3424
125772000,3421
125774001,3419
125776001,3421
125778001,3421
125780001,3418
125782001,3419
125784001,3422
125786001,3421
125788001,3419
125790001,3421
125792001,3419
125794001,3422
125796001,3420
125798001,3413
125800001,3421
125802001,3418
125804001,3422
125806001,3422
125808000,3418
125810000,3417
125812000,3419
125814001,3422
125816000,3424
125818000,3419
125820000,3422
125822001,3424
125824001,3419
125826001,3417
125828001,3417
125830000,3419
125832000,3418
125834001,3415
125836000,3415
125838000,3423
125840000,3418
125842000,3415
125844001,3422
125846001,3422
125848001,3421
125850001,3417
125852001,3423
125854001,3418
125856000,3421
125858000,3415
125860000,3418
125862000,3420
125864000,3418
125866001,3421
125868001,3418
125870001,3418
125872001,3419
125874001,3421
125876001,3418
125878001,3421
125880000,3417
125882000,3421
125884000,3421
125886000,3418
125888001,3415
125890001,3415
125892001,3421
125894000,3413
125896000,3419
125898001,3421
125900001,3423
125902001,3419
125904001,3423
125906001,3418
125908001,3418
125910001,3422
125912001,3420
125914000,3422
125916001,3421
125918001,3418
125920001,3421
125922000,3422
125924000,3418
125926000,3422
125928000,3418
125930000,3387
125932000,3422
125934001,3423
125936001,3428
125938001,3425
125940001,3421
125942001,3427
125944001,3422
125946001,3422
125948001,3415
125950001,3419
125952001,3417
125954001,3421
125956001,3424
125958000,3422
125960000,3421
125962000,3421
125964000,3421
125966001,3423
125968001,3422
125970001,3417
125972000,3419
125974000,3411
125976001,3418
125978001,3419
125980001,3417
125982001,3419
125984000,3418
125986000,3415
125988001,3420
125990000,3421
125992000,3417
125994000,3420
125996001,3419
125998001,3419
126000001,3419
126002001,3424
126004001,3417
126006001,3424
126008001,3418
126010000,3421
126012000,3421
126014000,3423
126016000,3422
126018001,3414
126020001,3422
126022001,3421
126024001,3420
126026001,3415
126028001,3421
126030001,3421
126032000,3419
126034001,3431
126036001,3421
126038001,3422
126040000,3419
126042000,3419
126044001,3418
126046000,3417
126048000,3421
126050001,3423
126052001,3419
126054001,3417
126056001,3419
126058001,3423
126060001,3393
126062001,3421
126064001,3419
126066000,3423
126068000,3423
126070000,3421
126072000,3420
126074000,3417
126076000,3415
126078000,3419
126080000,3422
126082001,3420
126084001,3419
126086001,3421
126088001,3419
126090001,3421
126092001,3417
126094001,3420
126096000,3421
126098000,3419
126100000,3419
126102001,3418
126104001,3415
126106000,3423
126108000,3419
126110000,3416
126112000,3417
126114001,3415
126116001,3419
126118001,3422
126120001,3418
126122001,3422
126124001,3424
126126001,3424
126128001,3419
126130000,3403
126132001,3421
126134000,3419
126136000,3419
126138000,3421
126140000,3418
126142000,3422
126144000,3422
126146000,3418
126148000,3424
126150001,3422
126152001,3417
126154001,3418
126156001,3421
126158001,3419
126160000,3422
126162000,3417
126164000,3421
126166000,3418
126168001,3354
126170001,3419
126172001,3420
126174001,3422
126176001,3417
126178000,3422
126180000,3361
126182000,3415
126184000,3419
126186000,3422
126188000,3414
126190000,3421
126192000,3408
126194000,3421
126196000,3421
126198000,3421
126200001,3419
126202000,3421
126204001,3418
126206001,3450
126208001,3419
126210001,3420
126212001,3417
126214001,3422
126216001,3419
126218001,3419
126220001,3425
126222001,3441
126224001,3417
126226001,3422
126228001,3419
126230001,3428
126232001,3421
126234001,3420
126236001,3426
126238001,3423
126240000,3417
126242000,3419
126244001,3455
126246000,3423
126248000,3422
126250000,3418
126252000,3415
126254000,3422
126256000,3415
126258000,3421
126260000,3424
126262000,3423
126264001,3415
126266001,3303
126268001,3379
126270000,3422
126272000,3418
126274001,3415
126276001,3419
126278001,3419
126280001,3420
126282001,3419
126284000,3418
126286000,3422
126288000,3413
126290000,3423
126292001,3424
126294001,3421
126296001,3419
126298001,3418
126300001,3427
126302001,3421
126304001,3423
126306001,3419
126308001,3423
126310001,3423
126312001,3425
126314001,3421
126316001,3421
126318001,3418
126320001,3421
126322001,3421
126324001,3419
126326001,3426
126328001,3422
126330001,3419
126332000,3421
126334001,3420
126336001,3423
126338001,3433
126340001,3424
126342001,3419
126344000,3438
126346000,3415
126348001,3371
126350000,3419
126352000,3426
126354000,3422
126356001,3421
126358001,3419
126360000,3420
126362000,3415
126364000,3424
126366000,3421
126368001,3419
126370001,3422
126372001,3420
126374001,3423
126376001,3419
126378001,3419
126380001,3418
126382001,3399
126384000,3419
126386000,3421
126388000,3419
126390000,3407
126392000,3423
126394000,3417
126396000,3419
126398000,3421
126400000,3421
126402001,3422
126404000,3421
126406000,3415
126408001,3420
126410001,3421
126412001,3419
126414001,3424
126416000,3420
126418000,3421
126420000,3423
126422000,3420
126424001,3421
126426001,3440
126428000,3423
126430001,3417
126432001,3421
126434001,3424
126436000,3421
126438000,3423
126440000,3415
126442000,3360
126444000,3423
126446000,3420
126448000,3418
126450000,3420
126452000,3433
126454000,3425
126456000,3421
126458000,3420
126460001,3422
126462001,3417
126464001,3416
126466001,3415
126468001,3421
126470001,3417
126472001,3419
126474000,3425
126476000,3418
126478000,3413
126480000,3418
126482001,3419
126484001,3421
126486001,3419
126488001,3417
126490000,3420
126492000,3419
126494000,3415
126496000,3423
126498000,3415
126500000,3415
126502001,3424
126504001,3421
126506000,3419
126508001,3415
126510001,3424
126512001,3423
126514001,3408
126516001,3419
126518001,3421
126520000,3415
126522000,3417
126524001,3418
126526001,3421
126528001,3419
126530001,3422
126532001,3421
126534001,3421
126536001,3422
126538001,3419
126540001,3422
126542001,3420
126544001,3418
126546000,3420
126548000,3403
126550001,3420
126552001,3417
126554001,3418
126556001,3419
126558001,3417
126560001,3415
126562000,3417
126564000,3415
126566000,3421
126568001,3419
126570000,3413
126572000,3419
126574000,3424
126576000,3416
126578000,3418
126580000,3423
126582000,3419
126584000,3417
126586001,3419
126588001,3422
126590000,3419
126592000,3419
126594001,3423
126596001,3421
126598001,3423
126600001,3419
126602001,3420
126604000,3355
126606000,3423
126608000,3420
126610000,3422
126612000,3423
126614000,3415
126616000,3419
126618000,3415
126620000,3419
126622000,3414
126624000,3423
126626000,3421
126628001,3423
126630001,3420
126632001,3440
126634001,3423
126636001,3419
126638001,3419
126640001,3420
126642001,3421
126644001,3417
126646001,3422
126648001,3415
126650001,3422
126652001,3430
126654001,3420
126656001,3422
126658000,3415
126660000,3424
126662000,3423
126664001,3421
126666001,3425
126668000,3424
126670000,3434
126672000,3420
126674000,3422
126676000,3419
126678000,3409
126680000,3415
126682000,3403
126684000,3418
126686000,3423
126688000,3420
126690000,3417
126692000,3419
126694000,3409
126696000,3406
126698000,3419
126700000,3422
126702000,3423
126704001,3419
126706001,3419
126708001,3419
126710001,3432
126712001,3418
126714001,3419
126716001,3417
126718001,3416
126720000,3418
126722000,3415
126724000,3419
126726000,3421
126728000,3417
126730001,3414
126732001,3423
126734001,3423
126736000,3415
126738000,3412
126740001,3415
126742001,3417
126744001,3415
126746001,3415
126748000,3421
126750000,3423
126752000,3421
126754001,3414
126756001,3415
126758001,3423
126760000,3419
126762000,3418
126764000,3420
126766000,3419
126768000,3424
126770000,3472
126772000,3424
126774001,3412
126776001,3421
126778001,3420
126780001,3421
126782001,3421
126784001,3421
126786001,3526
126788001,3417
126790001,3408
126792001,3423
126794000,3419
126796001,3383
126798000,3422
126800000,3419
126802000,3415
126804000,3419
126806001,3423
126808001,3415
126810001,3424
126812000,3419
126814000,3425
126816000,3419
126818000,3419
126820000,3410
126822000,3419
126824001,3427
126826001,3419
126828001,3419
126830001,3423
126832001,3419
126834001,3421
126836000,3420
126838000,3416
126840000,3411
126842000,3419
126844000,3421
126846000,3422
126848001,3428
126850001,3418
126852000,3425
126854000,3418
126856000,3423
126858000,3423
126860000,3419
126862000,3419
126864001,3439
126866001,3418
126868001,3422
126870001,3424
126872001,3415
126874001,3417
126876001,3419
126878001,3419
126880001,3424
126882001,3423
126884001,3419
126886001,3419
126888001,3415
126890000,3419
126892001,3461
126894001,3418
126896001,3408
126898001,3422
126900001,3419
126902001,3419
126904000,3419
126906000,3424
126908000,3418
126910000,3421
126912001,3419
126914001,3418
126916001,3419
126918001,3423
126920001,3419
126922000,3423
126924000,3422
126926000,3405
126928000,3423
126930000,3408
126932000,3421
126934001,3419
126936001,3419
126938001,3418
126940000,3418
126942000,3426
126944000,3419
126946000,3421
126948000,3427
126950000,3413
126952000,3422
126954000,3421
126956001,3420
126958000,3425
126960000,3423
126962001,3423
126964001,3423
126966001,3422
126968001,3423
126970001,3421
126972001,3412
126974001,3415
126976001,3408
126978000,3417
126980000,3424
126982000,3421
126984000,3409
126986001,3423
126988001,3422
126990001,3419
126992001,3419
126994001,3419
126996001,3424
126998001,3423
127000001,3421
127002000,3420
127004000,3424
127006000,3419
127008000,3423
127010000,3419
127012000,3418
127014000,3421
127016000,3423
127018000,3419
127020001,3421
127022001,3421
127024001,3419
127026001,3418
127028000,3423
127030000,3419
127032000,3425
127034001,3422
127036001,3421
127038001,3416
127040001,3423
127042001,3412
127044001,3424
127046001,3419
127048001,3424
127050001,3420
127052001,3423
127054001,3421
127056001,3419
127058001,3423
127060001,3408
127062000,3421
127064000,3422
127066000,3415
127068001,3419
127070001,3417
127072001,3418
127074000,3422
127076000,3425
127078000,3418
127080000,3423
127082000,3443
127084001,3425
127086001,3421
127088000,3410
127090000,3426
127092000,3415
127094000,3423
127096000,3419
127098000,3421
127100000,3422
127102000,3421
127104001,3424
127106001,3420
127108000,3419
127110000,3423
127112001,3419
127114001,3424
127116001,3421
127118001,3424
127120001,3385
127122000,3414
127124000,3424
127126000,3422
127128000,3420
127130001,3422
127132001,3428
127134001,3417
127136001,3424
127138001,3421
127140000,3431
127142000,3419
127144001,3433
127146000,3419
127148000,3420
127150000,3421
127152000,3418
127154001,3419
127156001,3421
127158001,3419
127160001,3418
127162001,3421
127164001,3419
127166000,3415
127168001,3423
127170000,3419
127172000,3420
127174001,3419
127176001,3407
127178001,3425
127180001,3419
127182001,3423
127184001,3415
127186001,3423
127188001,3426
127190001,3419
127192000,3420
127194000,3419
127196000,3421
127198000,3408
127200001,3420
127202001,3422
127204001,3421
127206001,3419
127208000,3423
127210001,3425
127212001,3422
127214000,3418
127216000,3424
127218000,3418
127220000,3419
127222001,3421
127224001,3414
127226001,3418
127228001,3418
127230001,3389
127232001,3423
127234001,3422
127236001,3420
127238001,3409
127240001,3418
127242000,3428
127244001,3423
127246001,3425
127248001,3422
127250000,3422
127252000,3421
127254001,3415
127256001,3426
127258001,3427
127260001,3417
127262000,3420
127264001,3422
127266000,3423
127268000,3415
127270000,3422
127272000,3415
127274000,3420
127276000,3418
127278000,3418
127280000,3422
127282000,3422
127284000,3424
127286000,3424
127288000,3417
127290001,3422
127292001,3435
127294001,3418
127296001,3420
127298001,3422
127300001,3418
127302001,3418
127304001,3415
127306001,3418
127308001,3424
127310001,3419
127312001,3415
127314000,3419
127316000,3417
127318000,3421
127320000,3415
127322000,3419
127324000,3419
127326001,3422
127328001,3419
127330001,3421
127332001,3421
127334001,3422
127336001,3422
127338000,3421
127340000,3419
127342001,3419
127344001,3417
127346001,3421
127348001,3419
127350001,3421
127352001,3419
127354001,3413
127356001,3417
127358000,3421
127360000,3422
127362000,3419
127364000,3419
127366001,3424
127368001,3420
127370001,3422
127372001,3446
127374000,3423
127376000,3393
127378000,3421
127380000,3487
127382000,3419
127384001,3409
127386000,3421
127388000,3420
127390001,3408
127392001,3419
127394001,3422
127396001,3425
127398001,3425
127400001,3423
127402001,3369
127404001,3419
127406001,3417
127408001,3419
127410001,3420
127412001,3420
127414001,3427
127416001,3421
127418001,3419
127420001,3422
127422000,3417
127424000,3421
127426000,3422
127428001,3421
127430000,3419
127432000,3421
127434000,3459
127436000,3421
127438000,3414
127440000,3421
127442000,3459
127444000,3421
127446000,3421
127448000,3414
127450000,3426
127452001,3418
127454000,3422
127456000,3423
127458000,3419
127460000,3420
127462001,3414
127464001,3415
127466001,3423
127468001,3424
127470001,3424
127472001,3421
127474000,3423
127476000,3420
127478000,3419
127480000,3423
127482000,3419
127484001,3421
127486001,3421
127488001,3369
127490001,3421
127492000,3419
127494001,3419
127496000,3427
127498000,3419
127500001,3421
127502001,3419
127504001,3426
127506001,3413
127508001,3418
127510000,3421
127512001,3423
127514001,3423
127516001,3417
127518001,3418
127520001,3451
127522001,3425
127524001,3420
127526001,3418
127528001,3426
127530001,3418
127532001,3425
127534001,3419
127536001,3419
127538001,3424
127540001,3423
127542001,3417
127544000,3420
127546000,3422
127548000,3408
127550000,3410
127552001,3423
127554001,3421
127556000,3469
127558000,3421
127560001,3410
127562001,3424
127564001,3419
127566001,3421
127568001,3425
127570001,3417
127572001,3429
127574001,3413
127576001,3418
127578001,3419
127580001,3401
127582000,3421
127584001,3423
127586001,3421
127588001,3419
127590001,3419
127592001,3418
127594000,3423
127596001,3423
127598001,3420
127600001,3424
127602001,3421
127604001,3421
127606001,3419
127608001,3421
127610001,3423
127612001,3422
127614001,3421
127616001,3421
127618001,3417
127620001,3418
127622001,3419
127624001,3417
127626001,3373
127628000,3421
127630000,3421
127632000,3419
127634000,3416
127636001,3415
127638001,3421
127640001,3418
127642001,3422
127644001,3425
127646001,3421
127648001,3423
127650001,3421
127652000,3422
127654000,3420
127656001,3425
127658001,3424
127660001,3423
127662001,3422
127664001,3423
127666001,3421
127668000,3415
127670000,3423
127672000,3423
127674000,3420
127676001,3422
127678001,3425
127680001,3418
127682001,3415
127684001,3420
127686000,3422
127688000,3419
127690000,3413
127692000,3423
127694000,3418
127696000,3437
127698000,3418
127700000,3418
127702000,3419
127704000,3418
127706000,3421
127708000,3414
127710000,3421
127712000,3419
127714001,3422
127716001,3419
127718001,3419
127720001,3421
127722001,3420
127724001,3421
127726001,3413
127728001,3415
127730001,3414
127732001,3415
127734001,3421
127736000,3417
127738001,3419
127740001,3424
127742001,3417
127744001,3422
127746001,3420
127748001,3415
127750001,3419
127752001,3417
127754001,3417
127756001,3420
127758001,3418
127760001,3417
127762001,3422
127764001,3420
127766001,3419
127768001,3415
127770001,3414
127772001,3417
127774001,3426
127776001,3419
127778001,3419
127780001,3415
127782001,3421
127784001,3419
127786001,3423
127788001,3419
127790001,3412
127792000,3422
127794000,3421
127796000,3420
127798000,3415
127800000,3419
127802000,3421
127804001,3418
127806001,3419
127808001,3419
127810001,3419
127812001,3422
127814001,3419
127816001,3424
127818001,3415
127820001,3418
127822000,3419
127824000,3421
127826000,3419
127828000,3419
127830000,3415
127832001,3422
127834000,3417
127836001,3419
127838001,3419
127840000,3419
127842000,3419
127844000,3417
127846000,3417
127848000,3422
127850000,3415
127852000,3418
127854000,3419
127856000,3422
127858000,3424
127860001,3421
127862000,3381
127864001,3423
127866001,3420
127868001,3424
127870001,3419
127872001,3422
127874001,3417
127876001,3423
127878001,3421
127880001,3411
127882001,3419
127884001,3418
127886001,3418
127888000,3419
127890000,3421
127892000,3421
127894001,3419
127896000,3387
127898000,3421
127900000,3423
127902001,3421
127904000,3418
127906000,3417
127908000,3423
127910001,3427
127912001,3421
127914001,3417
127916001,3421
127918001,3423
127920001,3418
127922001,3418
127924001,3414
127926001,3421
127928001,3412
127930001,3415
127932000,3414
127934000,3416
127936000,3419
127938000,3420
127940000,3409
127942000,3414
127944000,3433
127946001,3416
127948001,3422
127950001,3421
127952001,3420
127954001,3408
127956001,3424
127958001,3421
127960000,3420
127962001,3417
127964001,3420
127966001,3419
127968001,3414
127970001,3419
127972001,3414
127974001,3421
127976001,3419
127978001,3418
127980001,3422
127982001,3423
127984001,3421
127986001,3418
127988001,3418
127990001,3422
127992001,3418
127994001,3415
127996001,3412
127998001,3418
128000001,3418
128002001,3419
128004001,3410
128006001,3419
128008000,3411
128010000,3414
128012000,3419
128014001,3439
128016001,3419
128018001,3418
128020001,3408
128022001,3413
128024001,3418
128026001,3437
128028000,3415
128030000,3418
128032000,3418
128034000,3418
128036000,3415
128038000,3424
128040000,3421
128042000,3417
128044001,3415
128046000,3424
128048000,3420
128050000,3447
128052000,3415
128054000,3416
128056000,3416
128058000,3420
128060000,3418
128062000,3417
128064001,3418
128066001,3414
128068001,3418
128070001,3421
128072001,3419
128074000,3421
128076000,3450
128078000,3419
128080001,3420
128082000,3417
128084000,3419
128086001,3414
128088001,3359
128090001,3415
128092001,3423
128094001,3423
128096001,3419
128098001,3419
128100001,3417
128102001,3419
128104001,3417
128106000,3418
128108000,3424
128110000,3415
128112000,3418
128114001,3418
128116001,3414
128118001,3417
128120001,3421
128122001,3418
128124001,3415
128126001,3419
128128001,3423
128130001,3418
128132001,3424
128134000,3426
128136001,3421
128138001,3414
128140001,3421
128142001,3423
128144001,3420
128146001,3421
128148001,3419
128150000,3419
128152000,3421
128154000,3407
128156001,3419
128158001,3413
128160001,3418
128162001,3415
128164001,3421
128166001,3419
128168000,3418
128170001,3418
128172001,3409
128174001,3421
128176001,3413
128178000,3419
128180000,3433
128182001,3418
128184001,3422
128186000,3419
128188000,3433
128190000,3472
128192000,3419
128194001,3419
128196001,3417
128198001,3415
128200001,3422
128202000,3422
128204000,3419
128206000,3417
128208000,3423
128210000,3421
128212000,3418
128214000,3419
128216001,3415
128218001,3379
128220001,3424
128222001,3417
128224001,3397
128226001,3419
128228001,3424
128230001,3415
128232001,3419
128234001,3428
128236001,3414
128238001,3418
128240001,3415
128242001,3419
128244001,3419
128246001,3433
128248000,3419
128250001,3422
128252001,3415
128254001,3419
128256000,3419
128258000,3421
128260001,3421
128262001,3421
128264001,3419
128266001,3419
128268001,3422
128270001,3420
128272001,3414
128274001,3418
128276001,3418
128278001,3419
128280001,3409
128282001,3426
128284001,3417
128286001,3418
128288001,3419
128290001,3417
128292001,3410
128294001,3418
128296001,3418
128298000,3419
128300001,3418
128302001,3421
128304001,3381
128306001,3423
128308001,3418
128310001,3421
128312000,3418
128314000,3419
128316000,3451
128318001,3423
128320001,3419
128322000,3417
128324001,3419
128326000,3419
128328001,3415
128330001,3420
128332001,3419
128334001,3417
128336001,3423
128338000,3418
128340000,3422
128342001,3421
128344001,3419
128346000,3419
128348000,3415
128350000,3424
128352000,3421
128354000,3418
128356000,3411
128358001,3420
128360001,3419
128362000,3422
128364000,3421
128366000,3419
128368000,3419
128370001,3418
128372000,3417
128374000,3419
128376001,3415
128378000,3419
128380000,3415
128382000,3417
128384000,3420
128386001,3419
128388001,3417
128390001,3419
128392001,3419
128394001,3420
128396000,3420
128398000,3419
128400000,3418
128402000,3417
128404001,3418
128406001,3419
128408001,3423
128410001,3419
128412001,3417
128414001,3419
128416001,3414
128418001,3421
128420001,3418
128422001,3422
128424001,3420
128426001,3415
128428001,3422
128430000,3397
128432000,3417
128434000,3418
128436001,3415
128438001,3419
128440000,3415
128442000,3411
128444000,3504
128446001,3422
128448001,3473
128450001,3420
128452001,3421
128454001,3417
128456001,3411
128458000,3419
128460000,3417
128462000,3428
128464001,3415
128466000,3418
128468000,3418
128470000,3414
128472001,3417
128474001,3417
128476001,3418
128478001,3418
128480001,3419
128482001,3420
128484001,3406
128486001,3423
128488001,3415
128490000,3420
128492000,3420
128494000,3420
128496000,3414
128498000,3419
128500000,3418
128502000,3419
128504000,3420
128506000,3419
128508000,3421
128510000,3419
128512001,3421
128514001,3420
128516001,3524
128518001,3419
128520001,3415
128522001,3415
128524001,3419
128526000,3421
128528001,3418
128530001,3421
128532000,3419
128534000,3415
128536000,3421
128538000,3417
128540000,3419
128542000,3402
128544001,3420
128546001,3418
128548001,3423
128550001,3422
128552001,3414
128554001,3418
128556001,3418
128558001,3414
128560001,3429
128562001,3417
128564000,3421
128566001,3421
128568000,3418
128570000,3425
128572001,3423
128574001,3425
128576001,3421
128578000,3421
128580000,3419
128582001,3422
128584001,3422
128586001,3415
128588001,3418
128590001,3419
128592001,3418
128594001,3418
128596001,3418
128598000,3418
128600000,3417
128602001,3415
128604001,3417
128606000,3411
128608001,3419
128610000,3417
128612000,3418
128614000,3417
128616000,3420
128618000,3409
128620000,3418
128622000,3408
128624000,3373
128626000,3421
128628001,3421
128630001,3419
128632001,3415
128634001,3356
128636001,3423
128638001,3421
128640000,3419
128642000,3417
128644000,3419
128646000,3419
128648001,3415
128650000,3424
128652000,3426
128654000,3422
128656001,3418
128658001,3420
128660001,3419
128662001,3421
128664001,3422
128666001,3418
128668001,3434
128670001,3418
128672001,3427
128674001,3415
128676001,3419
128678001,3418
128680001,3417
128682000,3420
128684000,3421
128686001,3418
128688001,3413
128690001,3417
128692000,3418
128694000,3418
128696000,3418
128698000,3421
128700001,3419
128702001,3413
128704001,3426
128706000,3415
128708001,3424
128710001,3421
128712000,3423
128714000,3418
128716000,3419
128718001,3420
128720000,3419
128722000,3412
128724000,3418
128726000,3422
128728000,3418
128730000,3417
128732000,3420
128734000,3421
128736000,3416
128738000,3418
128740000,3423
128742001,3418
128744001,3417
128746000,3418
128748000,3420
128750001,3420
128752001,3422
128754001,3421
128756001,3421
128758001,3419
128760000,3422
128762000,3421
128764000,3419
128766000,3418
128768001,3424
128770000,3422
128772000,3419
128774000,3421
128776000,3421
128778000,3417
128780000,3423
128782000,3415
128784000,3421
128786000,3418
128788000,3419
128790000,3417
128792000,3445
128794000,3422
128796001,3417
128798001,3418
128800001,3419
128802000,3421
128804000,3415
128806001,3408
128808000,3418
128810000,3419
128812000,3418
128814000,3419
128816000,3420
128818000,3425
128820000,3415
128822000,3417
128824000,3420
128826000,3419
128828000,3419
128830000,3421
128832000,3414
128834000,3422
128836000,3420
128838001,3425
128840001,3418
128842001,3381
128844000,3421
128846000,3425
128848001,3429
128850000,3421
128852001,3452
128854001,3421
128856001,3422
128858001,3419
128860001,3420
128862001,3425
128864001,3428
128866000,3423
128868000,3423
128870001,3418
128872001,3417
128874001,3421
128876001,3418
128878000,3421
128880000,3422
128882000,3421
128884000,3418
128886000,3424
128888000,3424
128890001,3419
128892001,3421
128894001,3418
128896001,3415
128898001,3420
128900000,3424
128902001,3423
128904001,3422
128906001,3423
128908001,3423
128910001,3423
128912000,3414
128914000,3418
128916000,3419
128918001,3419
128920001,3479
128922001,3421
128924000,3418
128926000,3422
128928000,3427
128930000,3422
128932000,3425
128934000,3423
128936000,3422
128938000,3427
128940000,3421
128942000,3421
128944000,3415
128946001,3422
128948000,3421
128950000,3421
128952000,3424
128954000,3421
128956000,3421
128958000,3418
128960000,3424
128962000,3423
128964000,3423
128966001,3397
128968000,3422
128970000,3419
128972000,3420
128974000,3422
128976000,3424
128978000,3423
128980000,3421
128982000,3419
128984000,3421
128986000,3419
128988000,3423
128990000,3425
128992001,3423
128994001,3423
128996000,3421
128998000,3422
129000000,3419
129002000,3424
129004000,3423
129006000,3421
129008000,3421
129010000,3421
129012000,3421
129014000,3419
129016000,3415
129018000,3418
129020000,3419
129022001,3453
129024001,3421
129026000,3411
129028000,3421
129030001,3422
129032001,3421
129034001,3422
129036000,3421
129038000,3423
129040000,3422
129042001,3420
129044001,3419
129046001,3421
129048000,3424
129050000,3422
129052001,3440
129054001,3421
129056001,3421
129058001,3420
129060001,3427
129062001,3419
129064001,3421
129066001,3421
129068001,3422
129070001,3423
129072001,3424
129074000,3420
129076000,3422
129078000,3423
129080001,3418
129082001,3420
129084001,3422
129086001,3425
129088001,3439
129090000,3435
129092000,3422
129094000,3506
129096000,3370
129098000,3424
129100000,3425
129102000,3421
129104000,3421
129106000,3417
129108001,3419
129110001,3421
129112001,3419
129114001,3419
129116001,3421
129118001,3423
129120001,3424
129122001,3422
129124001,3419
129126001,3440
129128001,3420
129130000,3421
129132000,3419
129134001,3421
129136001,3422
129138000,3425
129140000,3423
129142001,3424
129144001,3418
129146001,3425
129148001,3418
129150000,3415
129152000,3424
129154000,3424
129156000,3415
129158001,3422
129160001,3419
129162000,3422
129164001,3424
129166000,3421
129168000,3423
129170000,3419
129172001,3423
129174000,3421
129176000,3424
129178000,3418
129180001,3455
129182000,3415
129184000,3415
129186000,3422
129188000,3423
129190001,3421
129192001,3422
129194001,3421
129196001,3419
129198001,3415
129200001,3415
129202001,3423
129204001,3421
129206001,3424
129208000,3422
129210000,3422
129212000,3415
129214000,3423
129216000,3423
129218000,3421
129220000,3419
129222000,3366
129224001,3425
129226001,3422
129228001,3441
129230001,3418
129232001,3419
129234001,3421
129236001,3419
129238000,3417
129240000,3420
129242001,3423
129244001,3415
129246001,3423
129248000,3422
129250001,3391
129252000,3424
129254000,3422
129256001,3424
129258001,3419
129260001,3419
129262001,3424
129264001,3422
129266001,3419
129268001,3411
129270001,3421
129272001,3423
129274001,3424
129276001,3422
129278001,3419
129280001,3423
129282001,3423
129284001,3422
129286001,3421
129288000,3417
129290000,3422
129292000,3423
129294001,3422
129296001,3421
129298001,3425
129300001,3425
129302001,3422
129304001,3422
129306001,3425
129308001,3424
129310001,3423
129312001,3417
129314001,3419
129316001,3423
129318000,3420
129320000,3419
129322000,3409
129324000,3407
129326000,3424
129328000,3408
129330000,3424
129332000,3420
129334000,3415
129336000,3410
129338000,3424
129340001,3421
129342001,3423
129344001,3422
129346001,3309
129348000,3429
129350000,3418
129352000,3419
129354000,3417
129356000,3433
129358000,3419
129360001,3422
129362001,3426
129364000,3418
129366000,3418
129368000,3422
129370001,3415
129372000,3421
129374000,3415
129376000,3423
129378001,3418
129380001,3421
129382001,3419
129384001,3423
129386001,3422
129388000,3423
129390000,3422
129392000,3423
129394001,3422
129396000,3419
129398001,3423
129400001,3424
129402001,3413
129404001,3425
129406001,3423
129408001,3422
129410001,3421
129412000,3421
129414000,3420
129416000,3426
129418001,3422
129420000,3422
129422001,3422
129424001,3417
129426001,3421
129428001,3422
129430000,3417
129432000,3422
129434001,3423
129436000,3423
129438000,3423
129440000,3426
129442000,3425
129444001,3439
129446001,3388
129448001,3417
129450001,3423
129452001,3422
129454001,3425
129456000,3421
129458001,3421
129460001,3421
129462000,3420
129464000,3421
129466000,3420
129468000,3414
129470001,3420
129472001,3419
129474001,3422
129476001,3422
129478001,3418
129480001,3421
129482001,3421
129484001,3422
129486001,3418
129488000,3419
129490000,3419
129492000,3417
129494000,3421
129496000,3421
129498001,3421
129500001,3422
129502000,3435
129504001,3422
129506001,3423
129508001,3419
129510001,3423
129512001,3424
129514001,3424
129516000,3421
129518000,3413
129520001,3421
129522001,3419
129524001,3418
129526001,3418
129528001,3422
129530001,3418
129532000,3362
129534000,3440
129536000,3419
129538000,3421
129540001,3423
129542001,3418
129544000,3421
129546000,3419
129548000,3422
129550001,3450
129552001,3395
129554001,3376
129556001,3419
129558000,3423
129560000,3424
129562001,3536
129564000,3418
129566000,3418
129568000,3418
129570001,3417
129572001,3423
129574001,3421
129576001,3423
129578001,3424
129580000,3422
129582000,3423
129584000,3418
129586000,3422
129588001,3403
129590001,3421
129592001,3417
129594001,3420
129596001,3419
129598001,3423
129600000,3418
129602001,3424
129604000,3407
129606000,3422
129608000,3421
129610000,3421
129612000,3419
129614000,3427
129616000,3421
129618000,3418
129620000,3425
129622000,3423
129624000,3422
129626000,3417
129628000,3422
129630000,3425
129632000,3417
129634000,3421
129636000,3421
129638001,3420
129640001,3423
129642001,3422
129644000,3422
129646000,3420
129648000,3420
129650001,3421
129652001,3419
129654001,3424
129656001,3423
129658001,3423
129660001,3422
129662001,3420
129664001,3462
129666001,3421
129668000,3415
129670000,3399
129672000,3419
129674000,3420
129676001,3419
129678000,3421
129680000,3421
129682000,3421
129684000,3422
129686000,3424
129688000,3420
129690001,3421
129692001,3421
129694001,3424
129696001,3422
129698001,3421
129700001,3421
129702001,3421
129704000,3421
129706000,3423
129708000,3421
129710000,3423
129712000,3421
129714000,3421
129716000,3422
129718000,3376
129720001,3420
129722001,3421
129724001,3424
129726001,3415
129728001,3439
129730001,3421
129732000,3425
129734001,3424
129736001,3421
129738001,3419
129740001,3397
129742001,3389
129744001,3423
129746001,3420
129748001,3420
129750001,3419
129752001,3425
129754001,3423
129756001,3418
129758000,3422
129760001,3422
129762001,3440
129764001,3423
129766000,3424
129768000,3422
129770000,3425
129772000,3425
129774000,3459
129776001,3423
129778001,3419
129780001,3440
129782000,3422
129784000,3421
129786000,3417
129788000,3426
129790001,3421
129792000,3423
129794001,3424
129796000,3422
129798000,3423
129800000,3425
129802000,3421
129804000,3398
129806000,3424
129808000,3420
129810001,3423
129812001,3420
129814001,3421
129816001,3422
129818001,3424
129820001,3422
129822000,3469
129824000,3427
129826000,3419
129828000,3421
129830000,3422
129832000,3423
129834000,3425
129836000,3410
129838000,3420
129840000,3421
129842000,3421
129844001,3421
129846001,3419
129848001,3421
129850001,3422
129852000,3451
129854000,3441
129856000,3462
129858000,3422
129860000,3421
129862000,3422
129864000,3426
129866000,3425
129868000,3419
129870000,3427
129872000,3423
129874000,3420
129876000,3423
129878000,3414
129880000,3422
129882001,3424
129884001,3423
129886001,3419
129888001,3424
129890001,3422
129892001,3423
129894000,3425
129896000,3417
129898000,3418
129900000,3417
129902000,3418
129904000,3418
129906000,3419
129908000,3417
129910000,3418
129912000,3427
129914000,3418
129916000,3423
129918001,3419
129920000,3415
129922000,3420
129924000,3423
129926000,3418
129928000,3417
129930000,3413
129932001,3423
129934000,3422
129936000,3420
129938000,3424
129940000,3425
129942000,3425
129944000,3422
129946000,3423
129948001,3425
129950001,3424
129952001,3426
129954001,3429
129956001,3419
129958001,3422
129960001,3415
129962001,3423
129964001,3420
129966000,3423
129968000,3422
129970000,3422
129972000,3418
129974000,3427
129976000,3422
129978000,3418
129980000,3420
129982001,3420
129984001,3425
129986001,3420
129988001,3419
129990001,3418
129992001,3433
129994000,3418
129996000,3436
129998000,3417
130000000,3426
130002000,3419
130004000,3415
130006000,3422
130008001,3420
130010001,3421
130012001,3421
130014001,3424
130016001,3427
130018001,3423
130020001,3417
130022001,3426
130024001,3424
130026001,3421
130028001,3421
130030000,3417
130032000,3414
130034001,3419
130036001,3417
130038001,3417
130040001,3426
130042001,3425
130044001,3422
130046001,3417
130048001,3419
130050001,3419
130052001,3446
130054001,3421
130056001,3479
130058001,3382
130060000,3419
130062000,3424
130064001,3415
130066001,3418
130068001,3419
130070001,3425
130072001,3419
130074001,3423
130076001,3423
130078000,3418
130080000,3425
130082000,3421
130084001,3418
130086001,3422
130088001,3414
130090001,3423
130092000,3426
130094000,3417
130096000,3425
130098001,3423
130100001,3414
130102001,3419
130104001,3422
130106001,3421
130108001,3418
130110000,3422
130112000,3421
130114001,3418
130116001,3420
130118001,3423
130120000,3417
130122000,3422
130124000,3423
130126000,3419
130128001,3418
130130001,3419
130132001,3423
130134001,3425
130136001,3431
130138000,3425
130140000,3422
130142000,3420
130144000,3425
130146000,3418
130148000,3425
130150000,3425
130152000,3419
130154000,3419
130156000,3419
130158000,3419
130160000,3420
130162001,3414
130164001,3418
130166001,3422
130168000,3421
130170001,3425
130172000,3423
130174000,3423
130176001,3375
130178001,3422
130180001,3365
130182000,3415
130184000,3423
130186000,3421
130188000,3421
130190000,3423
130192001,3423
130194000,3422
130196000,3423
130198000,3424
130200000,3423
130202000,3424
130204000,3421
130206000,3425
130208000,3418
130210000,3413
130212000,3425
130214000,3424
130216000,3421
130218000,3423
130220000,3418
130222000,3422
130224000,3419
130226000,3422
130228001,3424
130230001,3434
130232001,3423
130234001,3423
130236001,3426
130238000,3421
130240000,3419
130242000,3419
130244000,3423
130246001,3419
130248000,3420
130250000,3425
130252001,3425
130254001,3408
130256001,3424
130258001,3425
130260000,3425
130262001,3425
130264001,3420
130266001,3421
130268000,3417
130270000,3419
130272000,3415
130274000,3421
130276000,3424
130278000,3420
130280000,3424
130282000,3416
130284000,3423
130286000,3418
130288000,3387
130290000,3440
130292001,3423
130294000,3427
130296000,3419
130298000,3422
130300000,3422
130302001,3422
130304000,3422
130306001,3423
130308001,3425
130310001,3420
130312001,3423
130314000,3421
130316000,3419
130318000,3430
130320000,3424
130322000,3424
130324000,3408
130326001,3417
130328001,3419
130330001,3419
130332001,3419
130334001,3421
130336001,3425
130338001,3425
130340001,3425
130342001,3421
130344000,3422
130346000,3422
130348000,3425
130350000,3425
130352000,3450
130354000,3419
130356000,3421
130358001,3415
130360001,3424
130362001,3419
130364001,3422
130366001,3419
130368001,3458
130370001,3406
130372000,3414
130374001,3421
130376001,3396
130378001,3417
130380000,3423
130382001,3422
130384001,3479
130386000,3414
130388000,3421
130390001,3428
130392001,3435
130394001,3421
130396000,3419
130398000,3392
130400000,3422
130402000,3420
130404000,3426
130406000,3425
130408000,3426
130410000,3421
130412000,3423
130414001,3422
130416001,3427
130418001,3421
130420001,3421
130422000,3470
130424000,3422
130426001,3421
130428001,3418
130430000,3422
130432000,3426
130434000,3425
130436000,3417
130438000,3417
130440000,3415
130442000,3421
130444000,3415
130446000,3420
130448001,3424
130450001,3419
130452000,3415
130454000,3421
130456000,3423
130458000,3430
130460000,3421
130462000,3422
130464000,3405
130466000,3421
130468001,3423
130470001,3421
130472001,3422
130474000,3419
130476000,3424
130478001,3424
130480001,3423
130482001,3419
130484001,3421
130486001,3359
130488000,3423
130490000,3419
130492000,3420
130494001,3421
130496001,3419
130498001,3421
130500001,3424
130502000,3423
130504000,3422
130506000,3418
130508001,3422
130510000,3422
130512000,3419
130514000,3425
130516000,3424
130518000,3424
130520000,3423
130522000,3424
130524000,3426
130526000,3424
130528000,3421
130530000,3422
130532000,3422
130534000,3421
130536000,3419
130538000,3415
130540000,3422
130542000,3421
130544000,3423
130546000,3421
130548000,3422
130550000,3422
130552000,3421
130554000,3422
130556000,3419
130558000,3424
130560000,3418
130562000,3422
130564000,3421
130566000,3402
130568001,3444
130570001,3420
130572001,3430
130574001,3427
130576001,3421
130578001,3421
130580000,3425
130582000,3423
130584000,3411
130586000,3425
130588001,3420
130590001,3423
130592001,3409
130594001,3414
130596001,3422
130598001,3423
130600001,3423
130602001,3421
130604001,3417
130606001,3425
130608001,3423
130610001,3423
130612001,3421
130614000,3423
130616000,3425
130618000,3426
130620000,3423
130622001,3418
130624000,3424
130626000,3419
130628001,3422
130630000,3422
130632000,3440
130634000,3487
130636000,3419
130638000,3343
130640000,3425
130642001,3413
130644001,3425
130646001,3421
130648001,3427
130650001,3416
130652000,3422
130654000,3414
130656001,3422
130658000,3423
130660000,3424
130662000,3421
130664000,3424
130666001,3424
130668001,3422
130670001,3420
130672001,3422
130674001,3415
130676000,3421
130678000,3418
130680000,3425
130682000,3419
130684000,3417
130686001,3415
130688001,3422
130690001,3419
130692001,3398
130694000,3421
130696001,3422
130698001,3421
130700001,3425
130702000,3429
130704000,3422
130706000,3424
130708000,3419
130710000,3418
130712000,3422
130714001,3420
130716001,3418
130718001,3423
130720001,3419
130722001,3424
130724001,3420
130726001,3422
130728000,3425
130730000,3419
130732001,3421
130734000,3422
130736000,3418
130738000,3424
130740000,3423
130742000,3419
130744001,3422
130746001,3421
130748001,3423
130750001,3427
130752001,3422
130754000,3421
130756000,3421
130758000,3425
130760000,3422
130762000,3418
130764001,3421
130766001,3424
130768001,3420
130770000,3421
130772000,3415
130774000,3421
130776000,3426
130778001,3425
130780001,3422
130782001,3419
130784000,3419
130786000,3440
130788000,3418
130790000,3423
130792000,3422
130794000,3422
130796000,3422
130798000,3422
130800000,3426
130802000,3419
130804000,3422
130806001,3418
130808000,3419
130810000,3418
130812000,3420
130814000,3421
130816000,3420
130818000,3423
130820000,3421
130822000,3421
130824000,3420
130826000,3411
130828000,3421
130830000,3423
130832000,3426
130834001,3423
130836001,3424
130838001,3426
130840001,3423
130842000,3419
130844000,3424
130846000,3421
130848000,3414
130850000,3411
130852000,3423
130854001,3420
130856000,3413
130858000,3428
130860000,3408
130862000,3415
130864001,3421
130866000,3422
130868000,3418
130870000,3425
130872000,3434
130874000,3423
130876000,3422
130878000,3417
130880001,3415
130882001,3423
130884001,3421
130886001,3423
130888001,3421
130890001,3417
130892001,3423
130894001,3422
130896001,3463
130898001,3424
130900001,3423
130902001,3440
130904001,3418
130906001,3421
130908001,3423
130910001,3423
130912001,3380
130914001,3421
130916001,3425
130918001,3423
130920001,3421
130922001,3421
130924000,3424
130926000,3421
130928000,3425
130930000,3419
130932000,3425
130934001,3421
130936001,3421
130938001,3422
130940001,3419
130942001,3426
130944001,3421
130946001,3422
130948001,3425
130950001,3419
130952000,3424
130954000,3426
130956000,3419
130958000,3419
130960001,3424
130962001,3424
130964001,3419
130966001,3421
130968000,3422
130970000,3425
130972000,3426
130974000,3418
130976000,3421
130978001,3421
130980001,3438
130982001,3419
130984001,3420
130986000,3425
130988001,3422
130990001,3419
130992001,3423
130994001,3425
130996001,3424
130998001,3424
131000001,3421
131002001,3423
131004001,3417
131006001,3367
131008001,3425
131010001,3425
131012000,3413
131014000,3421
131016000,3421
131018000,3419
131020000,3420
131022000,3425
131024001,3429
131026001,3424
131028001,3421
131030001,3423
131032001,3415
131034001,3422
131036001,3419
131038001,3425
131040001,3421
131042000,3430
131044000,3420
131046000,3422
131048000,3419
131050000,3420
131052000,3420
131054000,3418
131056001,3421
131058000,3421
131060001,3419
131062001,3418
131064001,3413
131066001,3414
131068000,3423
131070000,3423
131072000,3421
131074000,3424
131076000,3422
131078000,3414
131080001,3418
131082001,3421
131084001,3423
131086001,3493
131088001,3426
131090001,3423
131092001,3419
131094001,3422
131096001,3424
131098001,3425
131100001,3433
131102001,3419
131104001,3425
131106001,3423
131108001,3431
131110000,3421
131112000,3423
131114000,3417
131116000,3423
131118000,3423
131120000,3424
131122001,3421
131124000,3424
131126001,3420
131128000,3426
131130000,3422
131132001,3426
131134001,3422
131136001,3423
131138000,3425
131140000,3424
131142000,3423
131144000,3422
131146000,3423
131148000,3428
131150001,3421
131152000,3419
131154001,3424
131156000,3421
131158000,3417
131160000,3426
131162000,3424
131164000,3423
131166001,3427
131168000,3417
131170000,3431
131172000,3425
131174000,3411
131176001,3431
131178001,3424
131180001,3426
131182000,3421
131184000,3417
131186000,3423
131188000,3429
131190001,3415
131192000,3425
131194000,3424
131196000,3421
131198000,3420
131200000,3419
131202000,3426
131204000,3423
131206000,3421
131208000,3420
131210000,3395
131212001,3422
131214001,3422
131216001,3421
131218001,3425
131220001,3419
131222001,3420
131224001,3414
131226001,3434
131228001,3422
131230001,3419
131232001,3421
131234001,3417
131236001,3423
131238001,3423
131240000,3425
131242000,3421
131244001,3422
131246001,3472
131248000,3420
131250000,3420
131252001,3423
131254000,3417
131256001,3423
131258001,3424
131260001,3423
131262000,3424
131264000,3424
131266000,3421
131268000,3423
131270000,3422
131272000,3423
131274000,3371
131276000,3421
131278001,3418
131280001,3419
131282001,3423
131284000,3424
131286000,3419
131288000,3419
131290000,3424
131292001,3408
131294001,3424
131296001,3423
131298001,3422
131300001,3422
131302001,3419
131304001,3421
131306001,3455
131308001,3361
131310001,3422
131312001,3423
131314000,3426
131316000,3418
131318000,3418
131320000,3427
131322000,3414
131324001,3419
131326000,3422
131328001,3424
131330000,3421
131332000,3431
131334000,3419
131336000,3423
131338000,3422
131340000,3429
131342000,3377
131344001,3409
131346001,3419
131348001,3423
131350001,3418
131352001,3428
131354001,3427
131356001,3421
131358001,3419
131360001,3424
131362001,3424
131364000,3419
131366000,3433
131368001,3423
131370001,3423
131372000,3421
131374000,3420
131376001,3421
131378001,3422
131380000,3426
131382000,3421
131384000,3426
131386000,3423
131388001,3421
131390000,3424
131392000,3420
131394001,3329
131396001,3425
131398001,3425
131400001,3423
131402000,3424
131404000,3421
131406000,3422
131408000,3423
131410000,3523
131412001,3424
131414001,3425
131416001,3408
131418001,3418
131420001,3422
131422001,3425
131424001,3424
131426001,3423
131428000,3422
131430000,3423
131432000,3421
131434000,3423
131436000,3422
131438001,3423
131440001,3393
131442001,3424
131444001,3425
131446001,3423
131448001,3425
131450001,3423
131452001,3425
131454001,3425
131456001,3419
131458001,3423
131460001,3425
131462001,3425
131464000,3420
131466000,3422
131468000,3422
131470000,3421
131472000,3421
131474000,3422
131476000,3423
131478000,3421
131480000,3424
131482001,3423
131484001,3423
131486000,3421
131488000,3422
131490000,3426
131492000,3424
131494000,3423
131496000,3425
131498001,3426
131500001,3423
131502001,3402
131504001,3423
131506000,3424
131508000,3423
131510000,3424
131512001,3462
131514000,3423
131516000,3409
131518000,3420
131520000,3423
131522001,3420
131524001,3419
131526001,3420
131528001,3422
131530001,3429
131532001,3421
131534001,3425
131536000,3437
131538001,3422
131540001,3427
131542001,3419
131544000,3425
131546000,3418
131548000,3425
131550000,3424
131552001,3425
131554001,3422
131556001,3425
131558000,3422
131560000,3423
131562000,3443
131564001,3421
131566001,3424
131568000,3473
131570001,3421
131572001,3419
131574001,3424
131576001,3423
131578001,3423
131580001,3417
131582001,3419
131584001,3419
131586001,3412
131588001,3422
131590000,3418
131592000,3419
131594000,3418
131596000,3422
131598000,3427
131600001,3424
131602001,3422
131604001,3437
131606001,3393
131608001,3421
131610001,3415
131612001,3422
131614001,3423
131616000,3424
131618000,3419
131620001,3418
131622001,3421
131624001,3418
131626001,3408
131628001,3420
131630000,3415
131632000,3424
131634000,3424
131636001,3421
131638000,3415
131640000,3421
131642000,3419
131644000,3420
131646001,3424
131648001,3422
131650001,3422
131652001,3425
131654001,3422
131656001,3423
131658001,3419
131660001,3411
131662001,3419
131664001,3419
131666001,3419
131668001,3423
131670001,3423
131672001,3425
131674001,3422
131676001,3426
131678000,3422
131680000,3391
131682000,3423
131684000,3424
131686000,3354
131688000,3417
131690001,3419
131692001,3424
131694000,3423
131696000,3426
131698000,3425
131700000,3431
131702000,3424
131704000,3361
131706000,3421
131708000,3420
131710000,3421
131712001,3418
131714001,3424
131716000,3424
131718000,3420
131720000,3425
131722000,3419
131724000,3425
131726000,3423
131728001,3422
131730001,3419
131732001,3419
131734001,3405
131736001,3422
131738001,3421
131740000,3422
131742000,3409
131744001,3420
131746000,3421
131748000,3422
131750000,3421
131752000,3423
131754001,3422
131756001,3421
131758000,3397
131760001,3419
131762001,3427
131764000,3422
131766000,3422
131768000,3424
131770000,3425
131772000,3423
131774001,3426
131776000,3423
131778000,3422
131780000,3425
131782000,3421
131784001,3418
131786000,3424
131788000,3417
131790001,3425
131792001,3424
131794001,3424
131796000,3419
131798000,3418
131800000,3415
131802000,3422
131804001,3428
131806001,3423
131808000,3422
131810000,3421
131812000,3421
131814000,3422
131816000,3423
131818000,3423
131820000,3415
131822000,3422
131824000,3421
131826000,3425
131828000,3417
131830000,3423
131832000,3424
131834001,3428
131836001,3419
131838000,3422
131840000,3423
131842000,3423
131844000,3419
131846000,3421
131848000,3420
131850000,3402
131852000,3425
131854000,3421
131856001,3419
131858000,3431
131860000,3413
131862001,3423
131864001,3421
131866001,3421
131868001,3419
131870001,3424
131872001,3422
131874001,3419
131876001,3431
131878001,3422
131880001,3426
131882001,3414
131884001,3423
131886001,3421
131888001,3423
131890000,3421
131892001,3417
131894000,3423
131896000,3422
131898000,3423
131900000,3419
131902001,3422
131904001,3421
131906001,3424
131908001,3423
131910001,3425
131912001,3418
131914001,3440
131916000,3423
131918000,3424
131920000,3425
131922000,3418
131924000,3426
131926000,3424
131928001,3422
131930001,3423
131932001,3423
131934001,3422
131936001,3422
131938001,3421
131940001,3423
131942001,3423
131944001,3422
131946001,3359
131948001,3425
131950001,3421
131952001,3425
131954001,3423
131956000,3424
131958000,3421
131960001,3423
131962000,3423
131964001,3421
131966000,3421
131968000,3428
131970000,3418
131972000,3423
131974001,3426
131976001,3423
131978000,3420
131980000,3424
131982000,3423
131984000,3419
131986001,3422
131988001,3423
131990001,3421
131992000,3420
131994001,3412
131996000,3421
131998000,3423
132000000,3421
132002000,3423
132004001,3439
132006001,3422
132008001,3418
132010001,3418
132012001,3421
132014001,3422
132016001,3423
132018000,3422
132020000,3429
132022000,3420
132024000,3419
132026000,3417
132028000,3423
132030000,3425
132032000,3418
132034000,3423
132036000,3421
132038001,3423
132040001,3421
132042001,3423
132044000,3423
132046000,3422
132048000,3424
132050000,3466
132052000,3426
132054001,3429
132056001,3423
132058000,3423
132060000,3426
132062001,3421
132064000,3423
132066000,3422
132068000,3421
132070000,3358
132072000,3419
132074000,3385
132076000,3421
132078000,3423
132080000,3423
132082000,3428
132084000,3436
132086001,3423
132088001,3424
132090001,3424
132092000,3424
132094000,3420
132096000,3422
132098000,3440
132100000,3426
132102000,3419
132104000,3422
132106000,3424
132108001,3419
132110001,3424
132112001,3424
132114000,3421
132116000,3422
132118000,3415
132120000,3424
132122000,3423
132124000,3425
132126001,3420
132128001,3459
132130001,3403
132132001,3421
132134001,3419
132136001,3418
132138000,3423
132140000,3423
132142000,3424
132144000,3419
132146000,3423
132148000,3426
132150001,3423
132152001,3423
132154000,3425
132156000,3423
132158000,3425
132160000,3395
132162000,3421
132164000,3428
132166001,3421
132168001,3418
132170001,3421
132172001,3423
132174001,3419
132176001,3430
132178001,3423
132180000,3424
132182000,3421
132184001,3422
132186000,3422
132188000,3422
132190000,3423
132192000,3424
132194000,3421
132196000,3423
132198000,3422
132200001,3422
132202001,3424
132204000,3419
132206001,3421
132208000,3430
132210000,3423
132212000,3425
132214000,3422
132216000,3425
132218000,3424
132220000,3423
132222000,3427
132224001,3422
132226000,3425
132228000,3419
132230000,3443
132232000,3424
132234000,3422
132236000,3421
132238000,3421
132240000,3427
132242000,3423
132244000,3419
132246001,3440
132248001,3426
132250000,3424
132252000,3450
132254000,3427
132256000,3423
132258000,3420
132260000,3425
132262000,3422
132264000,3424
132266001,3427
132268001,3429
132270001,3423
132272001,3431
132274001,3425
132276001,3421
132278001,3428
132280000,3424
132282000,3426
132284001,3426
132286001,3426
132288001,3417
132290001,3423
132292001,3425
132294001,3427
132296001,3423
132298001,3424
132300001,3431
132302001,3423
132304001,3422
132306001,3424
132308001,3422
132310001,3424
132312001,3419
132314001,3423
132316001,3427
132318001,3422
132320001,3424
132322000,3423
132324000,3423
132326001,3422
132328001,3425
132330001,3509
132332000,3423
132334000,3423
132336001,3423
132338001,3419
132340001,3422
132342001,3423
132344000,3423
132346000,3425
132348000,3419
132350001,3422
132352000,3423
132354000,3424
132356000,3423
132358001,3423
132360000,3423
132362000,3420
132364000,3427
132366000,3424
132368000,3423
132370000,3424
132372001,3429
132374001,3423
132376001,3419
132378001,3424
132380001,3425
132382001,3426
132384001,3422
132386001,3419
132388001,3423
132390001,3423
132392001,3421
132394001,3423
132396001,3425
132398001,3424
132400001,3424
132402001,3419
132404001,3424
132406001,3425
132408001,3422
132410001,3419
132412001,3421
132414001,3423
132416000,3423
132418001,3417
132420001,3433
132422001,3423
132424000,3425
132426000,3422
132428001,3406
132430000,3422
132432000,3417
132434000,3424
132436000,3408
132438000,3423
132440001,3423
132442001,3367
132444001,3427
132446001,3426
132448001,3422
132450001,3422
132452001,3422
132454001,3435
132456001,3423
132458001,3422
132460001,3427
132462000,3423
132464000,3431
132466000,3424
132468001,3424
132470001,3420
132472001,3427
132474001,3420
132476000,3421
132478000,3424
132480000,3421
132482001,3423
132484001,3426
132486001,3425
132488001,3426
132490001,3425
132492001,3423
132494001,3424
132496001,3419
132498001,3425
132500000,3421
132502000,3419
132504000,3421
132506000,3424
132508000,3420
132510001,3421
132512001,3423
132514001,3422
132516000,3421
132518000,3424
132520000,3392
132522000,3426
132524000,3414
132526000,3422
132528000,3419
132530000,3423
132532000,3421
132534000,3429
132536000,3435
132538000,3425
132540000,3421
132542000,3420
132544000,3420
132546000,3419
132548000,3423
132550000,3421
132552000,3421
132554000,3425
132556000,3422
132558001,3427
132560001,3423
132562000,3421
132564000,3427
132566000,3425
132568000,3426
132570000,3423
132572000,3421
132574000,3424
132576000,3427
132578001,3433
132580001,3425
132582001,3422
132584000,3425
132586000,3422
132588000,3424
132590000,3424
132592000,3406
132594000,3423
132596000,3421
132598001,3426
132600001,3423
132602001,3424
132604001,3408
132606001,3420
132608001,3423
132610001,3418
132612001,3423
132614001,3414
132616001,3427
132618001,3424
132620000,3429
132622000,3421
132624001,3422
132626000,3423
132628000,3423
132630001,3424
132632001,3424
132634001,3423
132636001,3431
132638001,3419
132640000,3426
132642000,3419
132644000,3408
132646000,3422
132648001,3421
132650001,3422
132652001,3425
132654000,3425
132656000,3419
132658001,3421
132660001,3426
132662001,3424
132664000,3423
132666001,3425
132668001,3423
132670000,3422
132672000,3425
132674001,3424
132676000,3421
132678000,3419
132680000,3425
132682000,3425
132684000,3422
132686001,3426
132688000,3418
132690000,3422
132692001,3469
132694001,3424
132696000,3425
132698000,3423
132700000,3424
132702001,3423
132704001,3423
132706001,3423
132708001,3431
132710000,3425
132712001,3421
132714001,3420
132716001,3424
132718001,3421
132720001,3424
132722000,3426
132724000,3399
132726000,3440
132728000,3425
132730000,3421
132732000,3429
132734000,3425
132736000,3425
132738000,3422
132740000,3424
132742001,3425
132744001,3422
132746001,3471
132748001,3420
132750001,3504
132752001,3421
132754001,3423
132756001,3417
132758001,3421
132760000,3419
132762000,3424
132764000,3423
132766000,3427
132768000,3424
132770000,3424
132772000,3418
132774001,3425
132776000,3420
132778001,3417
132780001,3424
132782001,3426
132784001,3425
132786001,3424
132788001,3418
132790001,3419
132792000,3421
132794000,3425
132796001,3425
132798000,3423
132800000,3423
132802000,3424
132804001,3421
132806001,3422
132808001,3421
132810001,3421
132812001,3413
132814001,3423
132816001,3424
132818001,3427
132820001,3423
132822001,3424
132824000,3423
132826000,3419
132828000,3424
132830000,3425
132832001,3438
132834001,3420
132836000,3425
132838000,3423
132840000,3423
132842000,3377
132844000,3439
132846001,3422
132848001,3418
132850001,3427
132852000,3414
132854000,3360
132856000,3424
132858000,3424
132860000,3424
132862000,3421
132864000,3426
132866000,3423
132868000,3423
132870000,3425
132872000,3422
132874000,3427
132876001,3424
132878001,3431
132880001,3428
132882001,3424
132884001,3426
132886001,3433
132888001,3424
132890001,3421
132892000,3426
132894000,3430
132896000,3420
132898000,3421
132900001,3424
132902001,3423
132904000,3426
132906000,3423
132908000,3438
132910000,3431
132912000,3422
132914000,3429
132916000,3415
132918000,3421
132920000,3423
132922000,3423
132924001,3421
132926001,3425
132928000,3421
132930000,3423
132932000,3424
132934000,3422
132936001,3426
132938001,3425
132940001,3359
132942001,3423
132944000,3435
132946000,3425
132948000,3424
132950000,3423
132952001,3426
132954001,3419
132956000,3423
132958000,3423
132960000,3422
132962000,3419
132964000,3423
132966001,3423
132968000,3420
132970000,3420
132972000,3421
132974000,3425
132976000,3426
132978000,3424
132980000,3426
132982001,3426
132984000,3422
132986000,3427
132988000,3427
132990000,3424
132992000,3426
132994000,3437
132996000,3421
132998000,3440
133000000,3424
133002001,3421
133004001,3427
133006001,3425
133008001,3417
133010001,3427
133012001,3426
133014001,3418
133016000,3423
133018000,3434
133020000,3422
133022000,3425
133024000,3421
133026000,3425
133028000,3417
133030000,3422
133032000,3423
133034000,3423
133036001,3424
133038001,3424
133040001,3424
133042001,3419
133044001,3423
133046001,3424
133048001,3423
133050001,3422
133052001,3346
133054001,3425
133056001,3418
133058001,3424
133060001,3422
133062001,3426
133064001,3420
133066001,3423
133068001,3420
133070001,3422
133072001,3427
133074001,3427
133076001,3423
133078001,3422
133080001,3426
133082000,3422
133084000,3423
133086000,3418
133088000,3409
133090000,3423
133092000,3425
133094000,3419
133096000,3422
133098000,3414
133100000,3422
133102000,3427
133104000,3424
133106000,3402
133108000,3424
133110000,3426
133112000,3425
133114001,3423
133116001,3419
133118001,3420
133120000,3422
133122000,3422
133124001,3420
133126001,3422
133128000,3442
133130000,3425
133132000,3421
133134000,3423
133136000,3423
133138001,3421
133140001,3423
133142000,3422
133144000,3421
133146000,3421
133148000,3418
133150000,3420
133152000,3424
133154001,3429
133156001,3424
133158001,3424
133160001,3419
133162001,3419
133164001,3424
133166000,3423
133168001,3422
133170000,3421
133172000,3421
133174000,3418
133176000,3423
133178000,3421
133180000,3422
133182000,3421
133184001,3420
133186001,3425
133188001,3428
133190001,3423
133192000,3420
133194000,3422
133196000,3423
133198000,3421
133200000,3422
133202000,3421
133204000,3423
133206000,3417
133208000,3423
133210000,3422
133212000,3425
133214000,3429
133216001,3419
133218001,3423
133220001,3424
133222000,3422
133224000,3418
133226001,3424
133228001,3423
133230001,3425
133232001,3423
133234001,3425
133236001,3422
133238000,3424
133240000,3423
133242000,3420
133244001,3419
133246000,3423
133248000,3424
133250000,3424
133252001,3422
133254001,3419
133256001,3421
133258001,3425
133260001,3427
133262000,3422
133264000,3419
133266001,3419
133268000,3424
133270000,3422
133272001,3428
133274001,3420
133276001,3424
133278000,3422
133280000,3425
133282000,3453
133284000,3422
133286000,3422
133288000,3425
133290000,3419
133292000,3418
133294000,3420
133296000,3409
133298001,3425
133300001,3423
133302001,3475
133304000,3421
133306001,3421
133308001,3422
133310001,3423
133312001,3422
133314001,3424
133316001,3421
133318001,3430
133320001,3424
133322001,3426
133324000,3423
133326000,3417
133328000,3420
133330000,3423
133332000,3423
133334000,3427
133336001,3425
133338001,3424
133340000,3437
133342000,3424
133344000,3430
133346000,3420
133348000,3423
133350000,3419
133352000,3421
133354001,3430
133356001,3471
133358001,3424
133360001,3424
133362001,3409
133364001,3423
133366001,3424
133368001,3422
133370001,3424
133372001,3424
133374001,3426
133376001,3424
133378001,3422
133380001,3419
133382001,3412
133384001,3421
133386001,3425
133388001,3415
133390001,3437
133392001,3423
133394001,3427
133396000,3427
133398001,3425
133400001,3418
133402001,3422
133404001,3419
133406001,3430
133408000,3421
133410000,3425
133412001,3410
133414001,3420
133416001,3423
133418001,3425
133420000,3425
133422000,3422
133424001,3423
133426001,3422
133428001,3425
133430001,3425
133432001,3422
133434001,3421
133436001,3418
133438001,3425
133440001,3420
133442001,3423
133444001,3424
133446000,3419
133448001,3417
133450001,3423
133452001,3426
133454001,3424
133456001,3424
133458001,3425
133460001,3420
133462001,3423
133464001,3423
133466001,3424
133468001,3427
133470001,3423
133472001,3422
133474001,3424
133476000,3423
133478001,3423
133480001,3424
133482001,3423
133484001,3422
133486001,3423
133488001,3422
133490000,3417
133492000,3422
133494000,3425
133496000,3422
133498000,3425
133500000,3424
133502000,3423
133504000,3421
133506000,3424
133508000,3424
133510001,3425
133512001,3425
133514000,3423
133516000,3424
133518001,3423
133520001,3425
133522000,3422
133524001,3423
133526000,3429
133528001,3424
133530001,3426
133532001,3423
133534001,3423
133536001,3423
133538001,3426
133540001,3418
133542001,3424
133544001,3422
133546001,3422
133548001,3424
133550001,3421
133552001,3424
133554001,3410
133556001,3423
133558001,3421
133560001,3422
133562000,3423
133564000,3425
133566000,3423
133568000,3427
133570000,3424
133572000,3423
133574000,3423
133576000,3421
133578000,3421
133580000,3424
133582000,3422
133584001,3421
133586001,3425
133588001,3421
133590001,3359
133592001,3421
133594001,3423
133596001,3423
133598001,3421
133600001,3422
133602000,3421
133604000,3422
133606001,3423
133608001,3424
133610001,3390
133612001,3426
133614001,3425
133616001,3419
133618001,3425
133620001,3420
133622000,3423
133624001,3425
133626000,3424
133628000,3425
133630001,3425
133632001,3421
133634001,3427
133636001,3425
133638000,3425
133640000,3425
133642000,3422
133644000,3434
133646000,3421
133648000,3419
133650000,3421
133652000,3421
133654000,3424
133656000,3421
133658000,3425
133660000,3421
133662001,3419
133664001,3424
133666000,3418
133668000,3413
133670001,3429
133672001,3422
133674001,3422
133676001,3424
133678001,3423
133680001,3427
133682001,3426
133684001,3424
133686001,3425
133688001,3425
133690001,3421
133692001,3424
133694001,3424
133696001,3424
133698001,3424
133700001,3424
133702001,3425
133704000,3423
133706000,3422
133708001,3423
133710001,3425
133712001,3424
133714001,3423
133716000,3408
133718001,3422
133720001,3422
133722001,3425
133724001,3425
133726001,3423
133728001,3424
133730001,3426
133732001,3424
133734001,3418
133736001,3424
133738001,3422
133740001,3422
133742001,3425
133744001,3425
133746001,3424
133748001,3426
133750001,3423
133752001,3423
133754001,3427
133756001,3419
133758001,3424
133760001,3422
133762001,3415
133764001,3417
133766000,3423
133768001,3423
133770001,3423
133772001,3419
133774001,3426
133776001,3422
133778001,3426
133780001,3419
133782001,3423
133784001,3423
133786001,3422
133788000,3423
133790000,3419
133792000,3423
133794000,3425
133796000,3423
133798001,3426
133800001,3423
133802001,3425
133804001,3417
133806001,3427
133808001,3418
133810001,3424
133812001,3427
133814000,3424
133816000,3428
133818000,3424
133820000,3426
133822000,3426
133824001,3423
133826001,3425
133828000,3405
133830000,3419
133832001,3422
133834001,3424
133836000,3426
133838000,3424
133840000,3423
133842000,3426
133844000,3406
133846000,3423
133848000,3425
133850001,3423
133852000,3424
133854000,3423
133856000,3426
133858000,3422
133860001,3421
133862000,3424
133864000,3423
133866001,3418
133868001,3421
133870001,3422
133872001,3424
133874001,3423
133876001,3426
133878001,3435
133880001,3426
133882001,3426
133884001,3425
133886001,3422
133888001,3426
133890001,3426
133892001,3423
133894001,3421
133896001,3424
133898001,3427
133900001,3423
133902001,3428
133904001,3413
133906001,3426
133908001,3427
133910001,3425
133912001,3425
133914001,3422
133916001,3425
133918001,3419
133920001,3418
133922000,3419
133924000,3434
133926000,3422
133928000,3418
133930000,3424
133932000,3425
133934000,3424
133936000,3424
133938000,3423
133940000,3419
133942001,3424
133944000,3413
133946001,3425
133948001,3425
133950001,3425
133952001,3425
133954000,3424
133956000,3426
133958001,3423
133960001,3424
133962001,3425
133964000,3422
133966001,3425
133968001,3424
133970001,3414
133972001,3425
133974001,3420
133976000,3424
133978001,3424
133980001,3424
133982001,3423
133984001,3423
133986000,3424
133988000,3425
133990000,3422
133992000,3424
133994000,3421
133996000,3424
133998000,3424
134000000,3429
134002001,3435
134004001,3425
134006001,3421
134008001,3421
134010001,3415
134012001,3435
134014000,3434
134016000,3425
134018001,3451
134020001,3381
134022001,3398
134024001,3424
134026001,3423
134028001,3426
134030000,3425
134032000,3419
134034000,3425
134036000,3422
134038000,3423
134040001,3424
134042001,3422
134044001,3421
134046000,3440
134048000,3421
134050000,3421
134052000,3427
134054001,3425
134056001,3426
134058001,3423
134060000,3425
134062001,3425
134064001,3424
134066001,3426
134068001,3423
134070001,3426
134072001,3427
134074001,3423
134076001,3421
134078000,3425
134080001,3426
134082001,3423
134084001,3425
134086001,3417
134088001,3427
134090001,3410
134092001,3422
134094001,3424
134096001,3422
134098001,3423
134100001,3422
134102001,3425
134104001,3423
134106001,3421
134108001,3424
134110001,3425
134112001,3424
134114001,3427
134116000,3424
134118000,3424
134120001,3424
134122000,3418
134124000,3424
134126000,3419
134128000,3424
134130000,3411
134132000,3424
134134001,3422
134136001,3423
134138001,3424
134140000,3483
134142000,3428
134144001,3420
134146001,3426
134148001,3428
134150001,3424
134152001,3421
134154000,3423
134156000,3422
134158000,3425
134160000,3421
134162000,3439
134164000,3424
134166000,3424
134168000,3423
134170000,3415
134172000,3421
134174000,3423
134176001,3423
134178001,3428
134180001,3424
134182001,3425
134184001,3424
134186001,3423
134188001,3425
134190001,3425
134192001,3422
134194001,3426
134196001,3424
134198001,3423
134200001,3426
134202001,3425
134204000,3422
134206000,3425
134208000,3423
134210000,3433
134212000,3424
134214000,3420
134216000,3425
134218000,3422
134220001,3422
134222001,3423
134224000,3423
134226000,3423
134228001,3425
134230001,3424
134232001,3426
134234001,3435
134236001,3422
134238000,3423
134240000,3419
134242001,3424
134244001,3426
134246001,3414
134248001,3414
134250001,3425
134252001,3423
134254001,3417
134256001,3421
134258001,3423
134260001,3420
134262001,3430
134264001,3423
134266001,3424
134268001,3423
134270000,3422
134272000,3421
134274000,3424
134276000,3415
134278000,3415
134280000,3425
134282000,3421
134284000,3410
134286001,3422
134288001,3425
134290001,3426
134292001,3440
134294001,3424
134296000,3424
134298000,3425
134300001,3422
134302001,3423
134304001,3426
134306001,3429
134308001,3423
134310001,3424
134312001,3425
134314001,3423
134316001,3424
134318000,3425
134320001,3424
134322000,3421
134324000,3422
134326000,3423
134328000,3424
134330000,3424
134332000,3424
134334001,3425
134336001,3425
134338001,3421
134340000,3426
134342000,3429
134344000,3435
134346001,3427
134348001,3424
134350001,3429
134352001,3421
134354001,3420
134356001,3424
134358001,3427
134360001,3424
134362001,3422
134364000,3423
134366001,3418
134368001,3422
134370001,3419
134372001,3417
134374001,3426
134376001,3425
134378001,3424
134380001,3422
134382001,3422
134384001,3422
134386001,3423
134388001,3427
134390001,3423
134392001,3428
134394001,3417
134396001,3446
134398001,3421
134400001,3427
134402001,3425
134404000,3425
134406000,3423
134408001,3425
134410001,3423
134412001,3425
134414001,3427
134416001,3421
134418001,3371
134420001,3392
134422001,3427
134424001,3422
134426001,3422
134428001,3424
134430001,3426
134432001,3424
134434001,3425
134436001,3428
134438001,3424
134440001,3424
134442001,3428
134444001,3424
134446000,3421
134448000,3426
134450000,3427
134452000,3345
134454000,3425
134456000,3423
134458001,3424
134460001,3418
134462000,3423
134464000,3426
134466000,3425
134468000,3423
134470001,3424
134472001,3426
134474001,3423
134476001,3409
134478000,3423
134480000,3423
134482000,3425
134484000,3425
134486001,3423
134488001,3425
134490001,3423
134492001,3421
134494001,3423
134496000,3423
134498000,3420
134500000,3421
134502001,3423
134504001,3422
134506000,3424
134508000,3422
134510000,3423
134512000,3424
134514001,3424
134516001,3421
134518001,3425
134520000,3425
134522001,3424
134524001,3423
134526001,3425
134528000,3424
134530000,3430
134532000,3422
134534001,3426
134536001,3424
134538001,3429
134540000,3431
134542000,3421
134544000,3424
134546000,3424
134548000,3425
134550000,3429
134552000,3427
134554000,3424
134556000,3426
134558001,3422
134560001,3422
134562001,3423
134564001,3424
134566001,3426
134568001,3424
134570001,3475
134572001,3429
134574001,3424
134576000,3422
134578000,3426
134580000,3423
134582000,3425
134584000,3431
134586000,3424
134588000,3426
134590000,3424
134592000,3431
134594000,3425
134596001,3419
134598001,3426
134600001,3425
134602001,3429
134604001,3423
134606001,3425
134608001,3423
134610001,3392
134612001,3392
134614001,3425
134616001,3421
134618000,3425
134620000,3421
134622000,3423
134624000,3422
134626000,3426
134628000,3429
134630001,3422
134632000,3419
134634001,3427
134636001,3463
134638001,3428
134640001,3427
134642001,3430
134644001,3427
134646001,3427
134648001,3427
134650001,3421
134652001,3427
134654000,3425
134656000,3425
134658000,3420
134660001,3424
134662001,3427
134664001,3425
134666001,3425
134668001,3426
134670001,3423
134672001,3422
134674001,3425
134676001,3426
134678001,3426
134680000,3425
134682000,3426
134684000,3426
134686000,3423
134688001,3424
134690000,3424
134692000,3423
134694001,3425
134696001,3427
134698001,3425
134700001,3422
134702001,3424
134704001,3415
134706001,3424
134708001,3423
134710001,3423
134712001,3424
134714001,3426
134716001,3426
134718001,3425
134720001,3434
134722001,3431
134724001,3422
134726001,3425
134728001,3428
134730001,3410
134732001,3425
134734001,3426
134736001,3424
134738001,3426
134740001,3426
134742001,3425
134744001,3424
134746001,3425
134748001,3424
134750000,3423
134752000,3427
134754000,3430
134756000,3423
134758001,3425
134760001,3423
134762001,3425
134764001,3425
134766001,3427
134768001,3415
134770001,3425
134772001,3425
134774001,3421
134776001,3425
134778001,3427
134780001,3425
134782001,3425
134784001,3429
134786001,3424
134788001,3427
134790001,3427
134792001,3408
134794001,3426
134796000,3440
134798000,3424
134800000,3426
134802000,3424
134804000,3427
134806001,3433
134808001,3408
134810001,3452
134812001,3439
134814001,3424
134816000,3423
134818000,3422
134820000,3425
134822000,3427
134824000,3429
134826001,3423
134828001,3426
134830001,3419
134832001,3421
134834001,3429
134836001,3424
134838001,3405
134840001,3425
134842001,3424
134844001,3424
134846001,3421
134848000,3421
134850001,3423
134852000,3433
134854000,3424
134856001,3425
134858001,3421
134860001,3415
134862001,3427
134864001,3419
134866001,3425
134868001,3427
134870001,3428
134872001,3423
134874000,3425
134876000,3426
134878000,3440
134880000,3424
134882000,3426
134884001,3411
134886001,3421
134888001,3426
134890001,3429
134892001,3429
134894001,3424
134896001,3423
134898001,3426
134900000,3425
134902000,3425
134904001,3407
134906001,3427
134908000,3430
134910000,3504
134912000,3425
134914000,3418
134916000,3425
134918000,3423
134920000,3425
134922000,3420
134924001,3425
134926001,3381
134928001,3424
134930001,3425
134932001,3425
134934001,3425
134936001,3423
134938001,3442
134940000,3427
134942000,3422
134944000,3424
134946000,3379
134948000,3421
134950000,3425
134952000,3427
134954001,3423
134956001,3426
134958001,3423
134960001,3427
134962001,3424
134964001,3423
134966001,3425
134968001,3425
134970001,3425
134972001,3426
134974001,3423
134976001,3428
134978000,3426
134980001,3424
134982001,3420
134984001,3425
134986000,3424
134988000,3431
134990000,3421
134992000,3419
134994000,3427
134996000,3420
134998000,3450
135000001,3423
135002001,3427
135004001,3424
135006001,3423
135008001,3423
135010001,3431
135012001,3423
135014000,3413
135016000,3474
135018001,3425
135020001,3426
135022001,3423
135024001,3427
135026001,3376
135028001,3487
135030001,3430
135032001,3422
135034001,3427
135036001,3425
135038001,3425
135040001,3427
135042001,3424
135044001,3430
135046000,3424
135048000,3425
135050000,3422
135052001,3425
135054001,3427
135056001,3426
135058001,3399
135060000,3423
135062000,3426
135064000,3423
135066000,3426
135068001,3427
135070001,3429
135072001,3424
135074001,3426
135076001,3426
135078001,3426
135080000,3425
135082000,3426
135084001,3391
135086001,3424
135088001,3423
135090001,3423
135092001,3426
135094001,3422
135096001,3425
135098001,3429
135100001,3426
135102001,3422
135104001,3424
135106000,3426
135108000,3423
135110000,3426
135112000,3418
135114000,3425
135116000,3423
135118000,3425
135120000,3426
135122001,3434
135124001,3425
135126000,3425
135128000,3423
135130000,3426
135132000,3424
135134000,3422
135136000,3425
135138000,3425
135140000,3421
135142001,3465
135144001,3444
135146001,3421
135148001,3426
135150001,3447
135152001,3424
135154001,3425
135156001,3415
135158001,3427
135160001,3427
135162001,3421
135164001,3473
135166001,3422
135168001,3425
135170001,3425
135172001,3425
135174001,3425
135176001,3420
135178001,3426
135180001,3423
135182001,3417
135184001,3425
135186001,3426
135188001,3424
135190001,3439
135192001,3423
135194001,3431
135196000,3425
135198000,3427
135200000,3423
135202000,3421
135204000,3437
135206000,3427
135208000,3426
135210000,3425
135212000,3424
135214000,3421
135216000,3427
135218001,3420
135220001,3437
135222001,3428
135224001,3426
135226001,3445
135228001,3424
135230001,3425
135232001,3430
135234001,3427
135236001,3429
135238001,3422
135240001,3422
135242001,3425
135244000,3429
135246000,3426
135248000,3422
135250000,3423
135252000,3426
135254000,3428
135256000,3410
135258000,3425
135260000,3423
135262001,3424
135264001,3425
135266001,3425
135268001,3420
135270000,3430
135272001,3458
135274001,3419
135276001,3427
135278001,3425
135280001,3419
135282001,3423
135284001,3434
135286001,3426
135288000,3421
135290000,3419
135292000,3428
135294001,3424
135296001,3423
135298001,3424
135300001,3424
135302001,3424
135304000,3426
135306000,3427
135308000,3424
135310001,3426
135312001,3430
135314001,3423
135316000,3422
135318000,3424
135320000,3437
135322000,3431
135324000,3424
135326001,3425
135328001,3424
135330001,3425
135332001,3425
135334001,3420
135336001,3425
135338001,3424
135340001,3427
135342000,3429
135344000,3423
135346000,3425
135348000,3426
135350001,3426
135352001,3423
135354001,3435
135356001,3427
135358001,3426
135360001,3449
135362000,3427
135364000,3399
135366000,3426
135368000,3422
135370000,3424
135372000,3425
135374000,3425
135376000,3424
135378000,3423
135380001,3426
135382001,3421
135384001,3425
135386001,3421
135388001,3427
135390001,3407
135392001,3424
135394001,3424
135396001,3424
135398000,3423
135400000,3423
135402001,3428
135404001,3426
135406000,3427
135408001,3423
135410001,3435
135412001,3425
135414001,3420
135416001,3440
135418001,3425
135420001,3423
135422001,3424
135424001,3424
135426001,3423
135428000,3424
135430001,3427
135432000,3425
135434000,3427
135436000,3426
135438001,3423
135440001,3423
135442001,3430
135444001,3429
135446000,3428
135448000,3429
135450000,3427
135452000,3422
135454001,3430
135456001,3427
135458001,3423
135460001,3424
135462001,3429
135464001,3426
135466001,3434
135468001,3423
135470000,3427
135472000,3427
135474001,3426
135476001,3422
135478001,3424
135480001,3426
135482000,3403
135484000,3427
135486000,3428
135488000,3425
135490001,3403
135492001,3426
135494000,3427
135496000,3423
135498001,3425
135500001,3425
135502001,3425
135504001,3427
135506001,3424
135508001,3429
135510001,3425
135512000,3423
135514000,3426
135516000,3418
135518000,3422
135520000,3435
135522000,3424
135524001,3425
135526001,3423
135528001,3419
135530000,3425
135532000,3423
135534000,3425
135536000,3426
135538000,3414
135540000,3427
135542000,3423
135544000,3421
135546001,3424
135548001,3424
135550001,3424
135552001,3424
135554001,3423
135556001,3423
135558000,3422
135560000,3427
135562000,3427
135564000,3427
135566000,3381
135568000,3429
135570000,3426
135572000,3429
135574000,3425
135576001,3429
135578001,3427
135580001,3423
135582001,3425
135584001,3423
135586000,3424
135588000,3426
135590000,3426
135592000,3425
135594001,3423
135596001,3426
135598001,3425
135600001,3427
135602001,3425
135604000,3418
135606000,3424
135608000,3421
135610001,3425
135612001,3423
135614001,3428
135616000,3428
135618001,3426
135620001,3429
135622001,3426
135624000,3427
135626000,3422
135628000,3421
135630000,3426
135632000,3427
135634000,3425
135636000,3426
135638000,3425
135640000,3430
135642001,3425
135644001,3424
135646001,3426
135648001,3422
135650001,3425
135652001,3426
135654001,3425
135656001,3424
135658001,3428
135660000,3425
135662001,3426
135664001,3423
135666001,3426
135668001,3422
135670001,3426
135672001,3423
135674001,3423
135676001,3425
135678001,3427
135680001,3423
135682000,3429
135684000,3426
135686000,3434
135688000,3425
135690001,3424
135692001,3427
135694000,3427
135696000,3422
135698001,3424
135700001,3424
135702001,3422
135704001,3421
135706001,3425
135708001,3426
135710000,3424
135712000,3423
135714000,3427
135716000,3425
135718000,3423
135720000,3425
135722000,3421
135724000,3425
135726001,3423
135728000,3424
135730000,3428
135732001,3425
135734001,3420
135736001,3421
135738001,3423
135740001,3425
135742001,3425
135744001,3378
135746000,3425
135748001,3429
135750000,3424
135752001,3424
135754001,3422
135756000,3429
135758000,3422
135760000,3426
135762000,3419
135764000,3427
135766000,3429
135768000,3423
135770000,3425
135772000,3424
135774000,3427
135776001,3426
135778000,3424
135780000,3412
135782000,3427
135784000,3426
135786000,3422
135788000,3424
135790001,3423
135792001,3425
135794001,3423
135796001,3418
135798001,3422
135800001,3426
135802001,3424
135804000,3426
135806000,3419
135808000,3427
135810001,3422
135812001,3423
135814001,3425
135816001,3425
135818001,3424
135820001,3429
135822001,3426
135824001,3426
135826001,3431
135828001,3419
135830001,3425
135832001,3424
135834001,3429
135836001,3424
135838001,3422
135840000,3424
135842000,3422
135844000,3424
135846000,3426
135848001,3425
135850001,3431
135852001,3424
135854001,3407
135856001,3429
135858001,3424
135860001,3426
135862001,3425
135864001,3424
135866001,3424
135868001,3440
135870001,3426
135872001,3422
135874001,3445
135876001,3426
135878001,3426
135880001,3424
135882000,3424
135884000,3424
135886000,3429
135888000,3431
135890000,3412
135892001,3424
135894001,3426
135896000,3425
135898000,3426
135900000,3423
135902000,3424
135904001,3408
135906001,3424
135908001,3434
135910001,3425
135912000,3426
135914000,3425
135916001,3421
135918001,3424
135920001,3428
135922001,3425
135924000,3428
135926000,3425
135928000,3429
135930000,3427
135932001,3422
135934001,3433
135936001,3427
135938001,3427
135940000,3424
135942000,3513
135944000,3429
135946000,3424
135948000,3433
135950000,3423
135952000,3424
135954000,3423
135956000,3411
135958001,3424
135960000,3423
135962001,3424
135964001,3467
135966000,3426
135968000,3426
135970001,3425
135972000,3424
135974000,3426
135976000,3419
135978000,3427
135980001,3515
135982001,3426
135984001,3423
135986001,3422
135988001,3424
135990001,3429
135992000,3424
135994000,3426
135996001,3427
135998000,3422
136000000,3426
136002000,3423
136004001,3421
136006001,3427
136008001,3429
136010000,3421
136012000,3424
136014001,3427
136016001,3426
136018001,3424
136020001,3423
136022001,3427
136024001,3422
136026001,3429
136028001,3425
136030001,3423
136032001,3422
136034001,3424
136036001,3422
136038001,3429
136040001,3426
136042000,3453
136044000,3424
136046000,3427
136048000,3427
136050000,3418
136052000,3425
136054000,3427
136056000,3423
136058000,3423
136060000,3431
136062000,3428
136064000,3470
136066000,3430
136068001,3423
136070000,3425
136072001,3424
136074001,3427
136076001,3425
136078001,3423
136080001,3423
136082001,3424
136084000,3423
136086000,3431
136088001,3427
136090001,3423
136092000,3424
136094000,3425
136096001,3426
136098001,3426
136100000,3429
136102000,3425
136104000,3425
136106000,3426
136108000,3426
136110000,3427
136112000,3423
136114000,3424
136116000,3423
136118000,3426
136120001,3431
136122001,3434
136124001,3423
136126001,3419
136128000,3422
136130000,3430
136132001,3425
136134001,3425
136136001,3426
136138001,3423
136140001,3425
136142001,3421
136144001,3408
136146001,3426
136148001,3425
136150001,3427
136152000,3428
136154000,3426
136156000,3422
136158000,3424
136160000,3421
136162001,3426
136164001,3429
136166001,3426
136168001,3422
136170001,3423
136172001,3424
136174001,3427
136176001,3451
136178001,3437
136180001,3423
136182001,3426
136184000,3434
136186000,3426
136188001,3427
136190001,3423
136192001,3426
136194001,3425
136196001,3424
136198001,3424
136200001,3424
136202001,3426
136204001,3425
136206001,3426
136208001,3419
136210001,3421
136212001,3423
136214001,3428
136216001,3423
136218001,3423
136220001,3425
136222001,3426
136224001,3419
136226000,3462
136228000,3427
136230000,3414
136232000,3426
136234000,3418
136236000,3426
136238000,3428
136240000,3423
136242001,3429
136244001,3424
136246001,3426
136248001,3440
136250001,3424
136252001,3425
136254001,3430
136256001,3429
136258001,3424
136260001,3426
136262001,3408
136264001,3424
136266001,3482
136268001,3473
136270001,3424
136272001,3424
136274001,3426
136276001,3426
136278001,3423
136280001,3424
136282000,3424
136284000,3425
136286000,3431
136288000,3425
136290000,3426
136292000,3423
136294000,3424
136296000,3429
136298000,3429
136300000,3427
136302000,3425
136304000,3413
136306001,3421
136308001,3424
136310001,3427
136312001,3424
136314001,3426
136316000,3396
136318001,3423
136320001,3430
136322001,3424
136324001,3427
136326001,3424
136328001,3424
136330001,3427
136332000,3422
136334001,3427
136336001,3424
136338001,3403
136340000,3423
136342001,3424
136344001,3429
136346001,3431
136348000,3429
136350000,3425
136352001,3422
136354001,3422
136356001,3427
136358001,3427
136360001,3429
136362000,3426
136364000,3424
136366001,3420
136368001,3425
136370001,3426
136372001,3423
136374000,3425
136376000,3424
136378001,3425
136380001,3424
136382000,3425
136384000,3430
136386000,3425
136388000,3423
136390000,3427
136392001,3433
136394001,3425
136396001,3430
136398001,3393
136400001,3428
136402001,3431
136404001,3422
136406001,3427
136408001,3422
136410001,3425
136412001,3423
136414001,3422
136416001,3424
136418000,3428
136420000,3427
136422000,3425
136424001,3419
136426001,3424
136428001,3426
136430001,3423
136432001,3426
136434001,3427
136436001,3421
136438001,3423
136440000,3425
136442000,3422
136444000,3426
136446000,3428
136448000,3422
136450000,3424
136452000,3423
136454001,3424
136456001,3423
136458001,3430
136460001,3425
136462001,3426
136464000,3422
136466000,3427
136468000,3427
136470000,3425
136472000,3425
136474000,3331
136476000,3423
136478001,3429
136480001,3427
136482001,3423
136484001,3424
136486001,3427
136488000,3426
136490000,3424
136492000,3423
136494000,3423
136496000,3422
136498001,3421
136500000,3428
136502001,3435
136504001,3426
136506001,3425
136508001,3414
136510001,3426
136512001,3424
136514001,3425
136516001,3426
136518000,3428
136520000,3427
136522001,3425
136524001,3421
136526000,3426
136528000,3426
136530000,3424
136532001,3415
136534000,3422
136536000,3421
136538000,3424
136540000,3429
136542000,3425
136544000,3429
136546000,3425
136548000,3422
136550000,3424
136552000,3424
136554000,3424
136556001,3423
136558001,3425
136560001,3428
136562000,3422
136564001,3424
136566000,3423
136568000,3426
136570000,3423
136572000,3426
136574000,3426
136576000,3422
136578000,3424
136580000,3424
136582000,3429
136584000,3423
136586000,3425
136588000,3424
136590000,3427
136592000,3422
136594000,3429
136596000,3387
136598000,3424
136600000,3423
136602001,3427
136604001,3424
136606000,3427
136608000,3421
136610001,3425
136612000,3426
136614000,3423
136616000,3425
136618000,3425
136620000,3427
136622001,3422
136624001,3419
136626001,3422
136628001,3422
136630001,3427
136632001,3418
136634000,3408
136636000,3423
136638000,3427
136640000,3427
136642000,3421
136644001,3428
136646001,3424
136648001,3430
136650001,3429
136652001,3413
136654001,3424
136656001,3427
136658001,3408
136660001,3418
136662001,3422
136664001,3425
136666001,3425
136668001,3455
136670001,3426
136672001,3422
136674001,3426
136676001,3427
136678000,3430
136680000,3424
136682001,3401
136684001,3429
136686000,3426
136688000,3435
136690001,3428
136692001,3426
136694000,3423
136696000,3425
136698000,3423
136700000,3422
136702000,3425
136704000,3419
136706000,3422
136708001,3513
136710001,3425
136712001,3423
136714000,3427
136716001,3423
136718001,3425
136720001,3425
136722001,3423
136724000,3426
136726000,3426
136728000,3426
136730001,3425
136732001,3427
136734001,3425
136736001,3425
136738000,3425
136740001,3424
136742001,3426
136744001,3427
136746001,3421
136748001,3427
136750000,3425
136752000,3435
136754000,3424
136756000,3423
136758000,3421
136760001,3426
136762001,3421
136764001,3425
136766000,3427
136768000,3424
136770001,3427
136772001,3423
136774001,3411
136776001,3429
136778001,3425
136780001,3427
136782001,3427
136784001,3424
136786000,3424
136788000,3424
136790000,3423
136792000,3433
136794000,3427
136796001,3430
136798001,3426
136800000,3423
136802000,3424
136804000,3422
136806000,3425
136808000,3424
136810001,3428
136812001,3425
136814001,3422
136816001,3423
136818001,3426
136820001,3424
136822000,3422
136824000,3424
136826000,3423
136828000,3483
136830000,3425
136832000,3421
136834000,3423
136836000,3425
136838000,3429
136840000,3427
136842000,3425
136844000,3423
136846000,3425
136848000,3425
136850000,3421
136852000,3424
136854000,3424
136856001,3424
136858001,3425
136860001,3427
136862001,3426
136864001,3424
136866001,3425
136868001,3419
136870001,3426
136872001,3428
136874000,3425
136876000,3426
136878000,3424
136880000,3426
136882000,3421
136884000,3426
136886000,3424
136888000,3431
136890000,3423
136892000,3422
136894000,3423
136896000,3429
136898001,3424
136900000,3426
136902000,3423
136904000,3426
136906001,3419
136908001,3427
136910001,3427
136912001,3429
136914001,3424
136916001,3425
136918001,3425
136920000,3427
136922000,3424
136924001,3421
136926001,3425
136928001,3425
136930000,3430
136932000,3425
136934000,3431
136936001,3422
136938001,3421
136940001,3425
136942001,3424
136944001,3427
136946001,3425
136948001,3424
136950001,3431
136952001,3424
136954001,3425
136956001,3425
136958001,3423
136960001,3423
136962000,3423
136964000,3423
136966000,3442
136968000,3423
136970000,3422
136972000,3418
136974000,3423
136976000,3426
136978001,3424
136980001,3429
136982001,3425
136984001,3423
136986001,3430
136988001,3422
136990001,3436
136992000,3427
136994000,3424
136996000,3423
136998000,3425
137000000,3419
137002000,3415
137004000,3422
137006000,3423
137008000,3422
137010001,3413
137012001,3408
137014001,3425
137016001,3422
137018001,3425
137020001,3425
137022001,3426
137024001,3429
137026001,3425
137028001,3425
137030001,3424
137032001,3423
137034001,3423
137036001,3435
137038001,3424
137040001,3423
137042000,3424
137044000,3427
137046001,3424
137048001,3425
137050001,3424
137052001,3426
137054001,3421
137056001,3429
137058001,3424
137060001,3425
137062001,3425
137064001,3426
137066001,3426
137068001,3426
137070000,3426
137072000,3425
137074001,3423
137076001,3429
137078001,3423
137080001,3423
137082001,3431
137084000,3421
137086001,3425
137088001,3424
137090001,3424
137092001,3426
137094001,3425
137096001,3424
137098001,3426
137100001,3426
137102001,3423
137104001,3425
137106001,3434
137108001,3423
137110001,3423
137112000,3423
137114000,3427
137116000,3422
137118000,3424
137120000,3429
137122001,3429
137124001,3423
137126001,3425
137128001,3423
137130001,3427
137132001,3421
137134000,3423
137136000,3421
137138000,3423
137140000,3424
137142000,3421
137144001,3424
137146001,3425
137148001,3425
137150001,3418
137152001,3427
137154001,3415
137156000,3427
137158000,3435
137160000,3426
137162000,3426
137164000,3423
137166000,3430
137168001,3425
137170000,3434
137172000,3426
137174001,3397
137176001,3426
137178001,3426
137180001,3429
137182001,3415
137184001,3426
137186001,3424
137188001,3403
137190001,3379
137192000,3423
137194000,3426
137196000,3423
137198000,3428
137200000,3426
137202000,3426
137204001,3424
137206001,3424
137208001,3425
137210001,3424
137212001,3426
137214001,3426
137216001,3426
137218001,3426
137220001,3435
137222001,3427
137224001,3430
137226001,3426
137228000,3428
137230000,3426
137232000,3427
137234000,3426
137236000,3443
137238000,3424
137240001,3426
137242001,3425
137244001,3425
137246001,3434
137248001,3428
137250001,3421
137252001,3426
137254001,3426
137256001,3428
137258000,3430
137260001,3429
137262001,3427
137264001,3424
137266001,3425
137268001,3426
137270001,3424
137272001,3423
137274001,3427
137276001,3425
137278001,3422
137280001,3424
137282001,3424
137284001,3425
137286001,3423
137288001,3425
137290000,3426
137292001,3429
137294001,3425
137296001,3425
137298001,3423
137300001,3426
137302001,3424
137304001,3425
137306001,3425
137308001,3424
137310001,3427
137312001,3416
137314001,3421
137316001,3428
137318001,3424
137320001,3425
137322001,3422
137324001,3427
137326001,3425
137328001,3427
137330000,3426
137332000,3421
137334000,3424
137336000,3424
137338000,3429
137340000,3424
137342000,3436
137344000,3426
137346000,3414
137348000,3425
137350000,3425
137352000,3435
137354000,3426
137356000,3426
137358000,3424
137360000,3499
137362000,3429
137364000,3425
137366000,3426
137368001,3427
137370000,3424
137372000,3423
137374000,3422
137376000,3427
137378000,3427
137380001,3422
137382001,3401
137384001,3430
137386000,3489
137388000,3426
137390000,3426
137392000,3427
137394001,3424
137396001,3423
137398001,3424
137400001,3423
137402001,3427
137404001,3424
137406001,3431
137408001,3418
137410001,3428
137412001,3422
137414001,3425
137416001,3424
137418001,3429
137420001,3423
137422000,3419
137424000,3427
137426001,3421
137428000,3428
137430000,3428
137432000,3423
137434000,3427
137436001,3425
137438000,3417
137440000,3428
137442000,3423
137444001,3423
137446000,3425
137448001,3426
137450001,3426
137452001,3395
137454001,3427
137456000,3504
137458000,3423
137460000,3438
137462000,3425
137464000,3429
137466000,3425
137468000,3423
137470000,3503
137472000,3422
137474001,3424
137476001,3426
137478001,3440
137480001,3426
137482001,3423
137484000,3376
137486000,3495
137488001,3424
137490001,3421
137492000,3425
137494000,3425
137496000,3419
137498001,3421
137500001,3427
137502001,3424
137504001,3421
137506001,3427
137508001,3426
137510001,3429
137512001,3423
137514000,3421
137516000,3421
137518001,3422
137520000,3429
137522000,3425
137524000,3429
137526000,3424
137528000,3422
137530000,3428
137532000,3426
137534001,3423
137536001,3429
137538001,3429
137540001,3426
137542000,3422
137544000,3424
137546000,3421
137548000,3425
137550000,3437
137552001,3434
137554001,3417
137556001,3424
137558001,3426
137560001,3424
137562001,3424
137564000,3428
137566000,3421
137568000,3425
137570000,3424
137572000,3427
137574000,3395
137576000,3423
137578001,3423
137580001,3425
137582000,3426
137584001,3429
137586001,3427
137588001,3424
137590000,3419
137592000,3425
137594001,3426
137596001,3423
137598001,3426
137600001,3427
137602000,3422
137604000,3439
137606000,3424
137608001,3427
137610001,3425
137612000,3429
137614000,3428
137616000,3459
137618000,3423
137620001,3423
137622000,3424
137624000,3418
137626001,3424
137628001,3469
137630001,3425
137632001,3435
137634001,3429
137636001,3423
137638001,3423
137640000,3423
137642000,3426
137644000,3440
137646000,3426
137648000,3427
137650000,3423
137652000,3425
137654000,3424
137656000,3429
137658000,3423
137660000,3414
137662000,3425
137664000,3425
137666000,3421
137668001,3431
137670001,3427
137672001,3423
137674001,3425
137676001,3427
137678001,3422
137680001,3421
137682000,3427
137684000,3426
137686000,3424
137688000,3424
137690001,3425
137692001,3422
137694001,3426
137696001,3423
137698000,3424
137700000,3426
137702000,3427
137704001,3417
137706001,3425
137708001,3421
137710001,3425
137712001,3427
137714001,3420
137716001,3423
137718001,3424
137720001,3425
137722001,3413
137724001,3426
137726001,3425
137728001,3425
137730001,3422
137732001,3425
137734001,3478
137736001,3427
137738001,3423
137740001,3426
137742001,3429
137744001,3424
137746001,3426
137748001,3426
137750001,3428
137752001,3426
137754001,3422
137756001,3427
137758001,3425
137760001,3425
137762001,3424
137764001,3423
137766001,3426
137768001,3426
137770001,3428
137772001,3423
137774001,3425
137776001,3421
137778000,3476
137780000,3436
137782000,3423
137784001,3423
137786000,3425
137788000,3426
137790001,3425
137792001,3427
137794000,3418
137796000,3423
137798000,3429
137800000,3429
137802000,3424
137804001,3425
137806001,3424
137808001,3423
137810001,3426
137812001,3434
137814000,3425
137816000,3423
137818000,3424
137820000,3424
137822000,3422
137824000,3425
137826001,3423
137828000,3417
137830000,3423
137832001,3427
137834001,3425
137836001,3424
137838001,3427
137840001,3428
137842001,3427
137844001,3425
137846001,3426
137848001,3423
137850000,3424
137852000,3423
137854001,3427
137856001,3421
137858001,3415
137860001,3421
137862001,3424
137864001,3425
137866001,3429
137868000,3426
137870000,3429
137872000,3423
137874000,3427
137876000,3424
137878000,3426
137880000,3425
137882000,3424
137884001,3425
137886001,3426
137888001,3426
137890001,3430
137892001,3430
137894001,3423
137896001,3427
137898001,3427
137900001,3425
137902001,3468
137904000,3438
137906000,3427
137908000,3423
137910000,3388
137912000,3426
137914000,3425
137916000,3428
137918000,3429
137920000,3427
137922000,3427
137924000,3423
137926000,3426
137928001,3424
137930001,3422
137932000,3422
137934000,3422
137936000,3429
137938000,3426
137940000,3426
137942000,3422
137944000,3425
137946000,3428
137948000,3430
137950000,3427
137952000,3426
137954000,3425
137956001,3429
137958001,3429
137960001,3423
137962001,3424
137964000,3422
137966000,3423
137968000,3423
137970000,3415
137972000,3423
137974000,3426
137976000,3421
137978000,3424
137980000,3421
137982000,3423
137984000,3422
137986000,3431
137988000,3424
137990000,3425
137992000,3424
137994000,3427
137996000,3423
137998001,3423
138000000,3426
138002000,3425
138004000,3423
138006001,3425
138008001,3422
138010001,3424
138012001,3425
138014001,3408
138016000,3429
138018000,3427
138020000,3424
138022000,3427
138024000,3426
138026000,3425
138028000,3427
138030000,3425
138032000,3427
138034001,3425
138036001,3454
138038000,3422
138040001,3425
138042001,3426
138044001,3426
138046001,3425
138048001,3425
138050001,3425
138052001,3428
138054001,3424
138056000,3424
138058000,3421
138060000,3424
138062000,3427
138064000,3423
138066000,3425
138068000,3426
138070000,3427
138072000,3425
138074000,3429
138076000,3425
138078000,3423
138080000,3423
138082000,3424
138084000,3422
138086000,3426
138088001,3426
138090000,3390
138092000,3426
138094000,3421
138096001,3426
138098001,3426
138100001,3424
138102001,3425
138104001,3423
138106000,3439
138108000,3423
138110000,3427
138112001,3425
138114001,3424
138116001,3423
138118001,3351
138120001,3457
138122001,3423
138124001,3425
138126000,3426
138128001,3423
138130001,3426
138132000,3426
138134001,3423
138136001,3423
138138001,3427
138140001,3423
138142001,3425
138144000,3421
138146000,3423
138148000,3429
138150000,3429
138152001,3424
138154001,3427
138156001,3423
138158001,3419
138160001,3426
138162000,3426
138164000,3427
138166001,3420
138168001,3424
138170001,3426
138172001,3424
138174000,3423
138176000,3426
138178000,3428
138180000,3456
138182000,3423
138184001,3427
138186001,3423
138188001,3427
138190000,3422
138192000,3425
138194000,3423
138196000,3418
138198000,3423
138200000,3423
138202001,3424
138204001,3421
138206000,3421
138208000,3429
138210000,3422
138212000,3421
138214000,3434
138216000,3422
138218001,3424
138220001,3425
138222001,3424
138224001,3346
138226001,3423
138228001,3422
138230001,3426
138232001,3425
138234000,3433
138236000,3424
138238000,3425
138240000,3423
138242000,3419
138244000,3427
138246000,3428
138248000,3418
138250000,3424
138252000,3425
138254000,3423
138256000,3427
138258000,3430
138260000,3425
138262000,3423
138264001,3422
138266000,3419
138268000,3427
138270001,3426
138272001,3427
138274001,3422
138276001,3426
138278000,3422
138280000,3424
138282000,3426
138284000,3415
138286001,3429
138288000,3429
138290000,3430
138292001,3428
138294001,3424
138296001,3419
138298001,3426
138300001,3426
138302001,3422
138304001,3424
138306001,3422
138308001,3427
138310001,3425
138312001,3424
138314001,3427
138316000,3426
138318000,3429
138320000,3427
138322000,3425
138324001,3421
138326001,3423
138328001,3423
138330001,3419
138332001,3424
138334001,3425
138336001,3427
138338001,3383
138340001,3423
138342000,3425
138344001,3426
138346001,3425
138348001,3434
138350001,3329
138352001,3419
138354001,3426
138356001,3424
138358001,3427
138360001,3429
138362001,3424
138364001,3429
138366001,3424
138368001,3471
138370001,3423
138372001,3426
138374001,3425
138376001,3414
138378001,3427
138380001,3427
138382001,3425
138384001,3421
138386001,3440
138388001,3429
138390001,3425
138392001,3424
138394001,3429
138396001,3423
138398001,3426
138400000,3427
138402001,3425
138404001,3428
138406001,3415
138408001,3425
138410001,3426
138412001,3426
138414001,3427
138416001,3427
138418001,3426
138420000,3427
138422000,3423
138424001,3420
138426001,3421
138428000,3425
138430000,3425
138432001,3423
138434000,3413
138436000,3418
138438000,3429
138440000,3421
138442000,3426
138444000,3426
138446001,3424
138448001,3429
138450000,3425
138452000,3421
138454000,3431
138456000,3426
138458000,3499
138460000,3422
138462000,3423
138464000,3426
138466000,3424
138468000,3425
138470000,3424
138472000,3425
138474000,3424
138476000,3426
138478000,3422
138480001,3423
138482001,3425
138484001,3429
138486001,3427
138488001,3427
138490001,3423
138492001,3424
138494001,3427
138496001,3427
138498001,3426
138500001,3427
138502000,3425
138504000,3430
138506000,3424
138508000,3423
138510001,3426
138512001,3413
138514001,3429
138516001,3422
138518001,3423
138520001,3425
138522000,3472
138524001,3427
138526001,3424
138528001,3424
138530001,3425
138532001,3425
138534001,3427
138536001,3426
138538000,3424
138540000,3424
138542000,3428
138544000,3425
138546001,3425
138548001,3425
138550001,3424
138552001,3425
138554001,3357
138556001,3425
138558001,3425
138560001,3427
138562001,3426
138564001,3422
138566001,3423
138568001,3427
138570001,3427
138572001,3427
138574001,3429
138576001,3426
138578001,3427
138580001,3427
138582000,3428
138584000,3426
138586000,3422
138588000,3423
138590001,3423
138592000,3427
138594000,3427
138596001,3423
138598001,3426
138600001,3422
138602001,3427
138604001,3435
138606000,3424
138608001,3427
138610001,3427
138612000,3431
138614000,3403
138616001,3423
138618001,3427
138620001,3430
138622001,3424
138624001,3437
138626001,3427
138628001,3430
138630001,3426
138632001,3421
138634001,3422
138636001,3424
138638001,3425
138640001,3439
138642001,3424
138644001,3421
138646001,3423
138648001,3423
138650000,3419
138652000,3427
138654000,3421
138656000,3424
138658000,3427
138660000,3431
138662000,3421
138664000,3425
138666000,3467
138668001,3423
138670001,3419
138672001,3419
138674000,3425
138676000,3419
138678000,3429
138680000,3423
138682001,3427
138684001,3424
138686001,3423
138688001,3426
138690001,3424
138692001,3426
138694000,3431
138696000,3426
138698000,3428
138700000,3424
138702000,3429
138704000,3426
138706000,3425
138708000,3423
138710001,3424
138712001,3424
138714001,3425
138716001,3424
138718001,3425
138720001,3425
138722001,3425
138724001,3423
138726000,3424
138728000,3425
138730001,3423
138732001,3424
138734001,3479
138736001,3425
138738000,3421
138740000,3426
138742000,3421
138744001,3427
138746001,3425
138748001,3425
138750001,3424
138752001,3429
138754001,3426
138756001,3423
138758001,3422
138760001,3424
138762001,3422
138764000,3425
138766000,3426
138768001,3426
138770001,3424
138772001,3423
138774001,3428
138776001,3429
138778001,3424
138780001,3424
138782001,3425
138784000,3424
138786000,3425
138788000,3425
138790000,3428
138792000,3426
138794000,3425
138796000,3426
138798000,3428
138800000,3425
138802000,3423
138804000,3427
138806000,3429
138808000,3408
138810000,3420
138812000,3431
138814000,3422
138816001,3425
138818000,3423
138820000,3425
138822000,3382
138824000,3426
138826001,3426
138828001,3427
138830001,3423
138832001,3427
138834001,3360
138836000,3426
138838000,3419
138840000,3419
138842000,3425
138844000,3397
138846000,3390
138848000,3421
138850000,3426
138852000,3427
138854001,3428
138856001,3424
138858000,3427
138860000,3431
138862000,3429
138864001,3437
138866001,3422
138868001,3425
138870001,3427
138872001,3424
138874001,3426
138876001,3425
138878001,3425
138880000,3424
138882000,3426
138884001,3424
138886001,3429
138888000,3426
138890000,3425
138892000,3425
138894000,3423
138896000,3430
138898000,3425
138900000,3426
138902000,3423
138904000,3424
138906000,3425
138908001,3425
138910001,3421
138912001,3430
138914001,3425
138916001,3424
138918000,3422
138920000,3426
138922000,3427
138924001,3405
138926001,3426
138928000,3426
138930000,3431
138932000,3424
138934000,3426
138936001,3421
138938001,3425
138940001,3421
138942000,3422
138944000,3425
138946000,3425
138948000,3424
138950001,3425
138952001,3430
138954001,3429
138956001,3426
138958001,3441
138960001,3424
138962001,3426
138964001,3423
138966001,3421
138968001,3431
138970001,3428
138972001,3425
138974001,3424
138976001,3423
138978000,3423
138980000,3425
138982000,3424
138984000,3425
138986000,3425
138988001,3425
138990001,3430
138992001,3424
138994000,3424
138996000,3425
138998000,3426
139000001,3426
139002001,3426
139004001,3426
139006001,3424
139008001,3423
139010001,3424
139012001,3424
139014001,3427
139016001,3426
139018001,3417
139020001,3423
139022000,3424
139024001,3423
139026000,3424
139028000,3425
139030000,3430
139032000,3421
139034000,3441
139036000,3423
139038000,3426
139040000,3431
139042000,3423
139044001,3426
139046001,3426
139048001,3431
139050001,3423
139052001,3429
139054001,3429
139056000,3426
139058000,3429
139060000,3425
139062001,3427
139064001,3428
139066000,3425
139068000,3426
139070000,3429
139072000,3426
139074000,3426
139076000,3424
139078000,3428
139080000,3423
139082000,3424
139084000,3423
139086000,3429
139088000,3426
139090000,3424
139092001,3427
139094001,3423
139096001,3424
139098001,3423
139100001,3426
139102001,3424
139104001,3422
139106001,3425
139108001,3425
139110000,3427
139112000,3428
139114000,3427
139118001,3417
139120000,3427
139122000,3421
139124001,3423
139126001,3424
139128001,3427
139130001,3411
139132001,3424
139134001,3425
139136001,3426
139138001,3422
139140001,3426
139142001,3425
139144001,3425
139146001,3429
139148001,3429
139150001,3424
139152001,3428
139154000,3433
139156000,3427
139158000,3424
139160000,3427
139162000,3427
139164001,3424
139166001,3425
139168000,3429
139170000,3427
139172000,3425
139174001,3426
139176001,3440
139178001,3422
139180001,3426
139182001,3430
139184001,3471
139186000,3424
139188001,3429
139190001,3424
139192001,3428
139194001,3423
139196001,3426
139198001,3427
139200001,3424
139202000,3421
139204000,3423
139206001,3425
139208001,3423
139210001,3421
139212000,3425
139214001,3426
139216000,3422
139218000,3423
139220000,3428
139222000,3423
139224000,3423
139226000,3422
139228000,3381
139230000,3425
139232000,3427
139234000,3434
139236000,3424
139238000,3428
139240000,3427
139242001,3424
139244001,3412
139246001,3426
139248001,3422
139250000,3423
139252000,3423
139254000,3426
139256001,3424
139258001,3423
139260001,3424
139262001,3425
139264001,3421
139266001,3479
139268001,3427
139270000,3425
139272000,3429
139274000,3420
139276001,3424
139278000,3425
139280001,3419
139282001,3428
139284001,3424
139286001,3427
139288001,3430
139290001,3428
139292001,3425
139294001,3423
139296001,3425
139298001,3423
139300000,3429
139302000,3428
139304001,3428
139306001,3424
139308000,3422
139310000,3426
139312000,3427
139314000,3426
139316000,3423
139318001,3422
139320001,3426
139322001,3408
139324001,3427
139326000,3369
139328000,3425
139330000,3424
139332000,3426
139334000,3458
139336001,3428
139338001,3425
139340001,3423
139342001,3429
139344001,3425
139346001,3423
139348001,3423
139350001,3427
139352001,3424
139354001,3424
139356001,3428
139358001,3422
139360001,3425
139362001,3423
139364001,3425
139366001,3421
139368001,3481
139370001,3434
139372001,3425
139374001,3424
139376001,3414
139378000,3413
139380000,3427
139382001,3423
139384001,3423
139386000,3425
139388000,3424
139390001,3424
139392001,3424
139394001,3424
139396001,3423
139398000,3424
139400000,3425
139402000,3426
139404000,3425
139406000,3426
139408000,3426
139410001,3425
139412001,3423
139414001,3415
139416001,3426
139418001,3419
139420001,3424
139422001,3423
139424001,3422
139426001,3425
139428001,3423
139430001,3421
139432001,3425
139434000,3424
139436000,3425
139438000,3426
139440001,3427
139442001,3426
139444001,3378
139446001,3425
139448001,3424
139450000,3425
139452000,3425
139454001,3427
139456001,3402
139458001,3393
139460001,3412
139462001,3421
139464001,3425
139466001,3412
139468001,3423
139470001,3427
139472001,3425
139474000,3425
139476000,3420
139478000,3421
139480000,3424
139482000,3438
139484000,3425
139486000,3424
139488001,3404
139490001,3425
139492001,3423
139494001,3426
139496001,3415
139498001,3426
139500001,3425
139502001,3427
139504001,3426
139506001,3423
139508001,3428
139510001,3426
139512001,3425
139514000,3426
139516001,3427
139518001,3427
139520001,3426
139522001,3427
139524001,3427
139526001,3424
139528001,3424
139530001,3424
139532001,3431
139534001,3424
139536001,3425
139538001,3418
139540001,3427
139542000,3426
139544000,3425
139546000,3422
139548000,3423
139550001,3425
139552001,3429
139554001,3422
139556001,3429
139558001,3426
139560001,3423
139562001,3425
139564001,3426
139566001,3426
139568001,3425
139570001,3426
139572001,3425
139574001,3426
139576001,3426
139578001,3431
139580001,3425
139582001,3427
139584001,3333
139586001,3425
139588001,3421
139590001,3421
139592001,3427
139594001,3427
139596001,3427
139598001,3427
139600000,3423
139602001,3427
139604001,3427
139606001,3426
139608001,3426
139610000,3427
139612000,3415
139614000,3423
139616000,3429
139618000,3424
139620001,3428
139622001,3423
139624001,3430
139626001,3426
139628001,3425
139630001,3424
139632000,3461
139634000,3424
139636000,3422
139638000,3429
139640000,3441
139642000,3427
139644000,3426
139646000,3426
139648001,3425
139650001,3435
139652001,3430
139654001,3427
139656001,3425
139658000,3428
139660000,3418
139662000,3417
139664001,3426
139666000,3427
139668000,3423
139670000,3430
139672000,3427
139674000,3429
139676001,3424
139678001,3425
139680001,3423
139682000,3417
139684000,3429
139686001,3430
139688001,3424
139690001,3427
139692001,3433
139694000,3427
139696000,3429
139698001,3425
139700001,3399
139702000,3424
139704000,3423
139706000,3429
139708001,3426
139710000,3425
139712000,3426
139714000,3425
139716000,3426
139718000,3426
139720000,3461
139722000,3424
139724000,3429
139726000,3425
139728000,3427
139730001,3430
139732001,3425
139734000,3426
139736000,3422
139738001,3426
139740001,3427
139742001,3424
139744000,3424
139746000,3427
139748000,3430
139750000,3425
139752000,3427
139754000,3427
139756000,3426
139758000,3425
139760001,3427
139762001,3423
139764000,3425
139766000,3458
139768001,3431
139770000,3427
139772000,3424
139774000,3423
139776000,3390
139778000,3427
139780000,3425
139782000,3423
139784001,3427
139786001,3423
139788000,3425
139790000,3427
139792000,3424
139794000,3426
139796000,3421
139798000,3423
139800000,3425
139802000,3424
139804000,3422
139806000,3422
139808000,3423
139810001,3425
139812001,3426
139814000,3427
139816000,3429
139818000,3423
139820000,3431
139822000,3425
139824000,3426
139826000,3425
139828000,3429
139830001,3419
139832001,3422
139834001,3424
139836001,3423
139838001,3423
139840001,3425
139842001,3421
139844001,3426
139846001,3423
139848001,3429
139850001,3435
139852000,3342
139854000,3423
139856000,3421
139858000,3423
139860000,3426
139862000,3423
139864000,3424
139866001,3427
139868001,3426
139870001,3425
139872001,3425
139874001,3423
139876001,3430
139878001,3361
139880001,3427
139882001,3424
139884001,3427
139886001,3433
139888001,3422
139890001,3424
139892001,3422
139894001,3424
139896001,3425
139898001,3475
139900001,3423
139902001,3426
139904001,3429
139906000,3423
139908000,3429
139910000,3423
139912000,3423
139914000,3424
139916000,3426
139918000,3419
139920000,3426
139922000,3424
139924000,3426
139926000,3431
139928001,3425
139930001,3424
139932001,3428
139934001,3426
139936001,3426
139938001,3431
139940001,3422
139942000,3427
139944001,3424
139946000,3424
139948001,3415
139950001,3454
139952001,3422
139954001,3426
139956001,3427
139958001,3427
139960001,3428
139962001,3428
139964001,3465
139966001,3418
139968001,3423
139970001,3426
139972001,3425
139974001,3423
139976001,3423
139978001,3424
139980001,3429
139982001,3425
139984001,3427
139986000,3426
139988001,3427
139990001,3425
139992001,3421
139994001,3423
139996001,3428
139998001,3423
140000000,3428
140002001,3426
140004001,3409
140006001,3426
140008001,3426
140010000,3421
140012000,3425
140014001,3427
140016000,3427
140018000,3425
140020000,3455
140022001,3427
140024001,3431
140026001,3429
140028001,3427
140030001,3422
140032001,3424
140034001,3425
140036001,3423
140038001,3421
140040001,3423
140042001,3424
140044001,3423
140046001,3423
140048001,3424
140050001,3419
140052001,3411
140054001,3427
140056001,3427
140058001,3425
140060001,3426
140062000,3425
140064000,3427
140066001,3426
140068001,3426
140070001,3428
140072000,3423
140074000,3426
140076001,3395
140078001,3425
140080001,3426
140082001,3423
140084001,3429
140086001,3425
140088001,3424
140090000,3426
140092000,3437
140094001,3428
140096001,3425
140098001,3429
140100000,3429
140102000,3426
140104000,3422
140106000,3421
140108000,3423
140110001,3428
140112001,3427
140114001,3425
140116001,3427
140118001,3426
140120001,3426
140122001,3422
140124001,3402
140126001,3429
140128001,3425
140130001,3426
140132001,3424
140134001,3422
140136001,3425
140138001,3425
140140001,3426
140142000,3427
140144000,3426
140146001,3424
140148001,3428
140150001,3425
140152001,3425
140154001,3425
140156000,3423
140158000,3429
140160000,3427
140162000,3429
140164000,3427
140166000,3424
140168000,3426
140170000,3426
140172001,3424
140174000,3425
140176000,3423
140178000,3425
140180000,3427
140182000,3425
140184000,3425
140186000,3429
140188000,3423
140190001,3425
140192001,3425
140194001,3424
140196001,3425
140198001,3427
140200001,3426
140202001,3434
140204001,3429
140206001,3427
140208001,3420
140210001,3440
140212001,3425
140214001,3427
140216001,3429
140218001,3420
140220001,3419
140222001,3428
140224000,3426
140226000,3426
140228001,3427
140230001,3425
140232001,3429
140234001,3426
140236001,3423
140238001,3425
140240001,3428
140242001,3428
140244001,3426
140246001,3427
140248000,3425
140250000,3441
140252000,3423
140254000,3424
140256000,3377
140258000,3426
140260000,3428
140262000,3430
140264000,3425
140266001,3424
140268001,3427
140270001,3426
140272001,3423
140274001,3429
140276001,3429
140278001,3427
140280001,3426
140282001,3435
140284000,3429
140286000,3425
140288001,3425
140290001,3424
140292001,3423
140294001,3424
140296001,3425
140298001,3426
140300001,3424
140302001,3426
140304001,3425
140306001,3423
140308001,3427
140310000,3422
140312000,3429
140314000,3433
140316001,3425
140318001,3426
140320001,3425
140322001,3426
140324001,3399
140326001,3466
140328001,3424
140330001,3427
140332001,3426
140334001,3427
140336001,3422
140338001,3424
140340001,3422
140342001,3422
140344001,3426
140346001,3425
140348001,3424
140350001,3418
140352001,3425
140354001,3425
140356001,3424
140358001,3429
140360000,3428
140362000,3423
140364000,3430
140366000,3429
140368000,3429
140370000,3425
140372000,3425
140374000,3425
140376000,3423
140378000,3424
140380000,3423
140382000,3424
140384001,3427
140386001,3427
140388001,3422
140390001,3429
140392001,3426
140394001,3425
140396001,3428
140398001,3427
140400001,3429
140402001,3429
140404001,3426
140406000,3425
140408000,3424
140410001,3423
140412001,3426
140414001,3430
140416001,3415
140418001,3424
140420001,3424
140422001,3423
140424001,3423
140426001,3425
140428001,3425
140430001,3427
140432001,3426
140434001,3424
140436001,3429
140438001,3431
140440001,3422
140442001,3425
140444001,3426
140446001,3427
140448000,3423
140450001,3423
140452001,3423
140454001,3426
140456001,3424
140458000,3424
140460000,3431
140462000,3427
140464000,3426
140466000,3431
140468001,3429
140470001,3425
140472000,3426
140474000,3425
140476001,3453
140478001,3433
140480001,3425
140482001,3427
140484000,3431
140486000,3435
140488000,3422
140490001,3425
140492001,3425
140494000,3421
140496001,3427
140498001,3425
140500001,3423
140502001,3423
140504000,3425
140506000,3421
140508000,3433
140510000,3427
140512001,3425
140514001,3423
140516001,3426
140518001,3428
140520001,3411
140522000,3427
140524000,3423
140526000,3425
140528000,3425
140530000,3422
140532000,3426
140534000,3425
140536000,3424
140538000,3426
140540000,3430
140542000,3425
140544001,3427
140546001,3425
140548001,3423
140550000,3429
140552000,3424
140554000,3431
140556000,3429
140558001,3430
140560001,3424
140562001,3424
140564001,3426
140566001,3426
140568001,3428
140570001,3423
140572001,3425
140574001,3427
140576001,3415
140578001,3425
140580001,3425
140582001,3425
140584001,3419
140586001,3424
140588001,3426
140590001,3425
140592001,3431
140594001,3424
140596001,3434
140598001,3423
140600001,3424
140602001,3420
140604001,3425
140606001,3422
140608001,3431
140610001,3423
140612001,3425
140614001,3426
140616000,3425
140618001,3426
140620000,3426
140622000,3426
140624001,3424
140626000,3429
140628000,3426
140630001,3427
140632000,3427
140634000,3426
140636000,3419
140638000,3424
140640000,3428
140642000,3425
140644001,3427
140646001,3423
140648001,3426
140650001,3420
140652001,3428
140654001,3426
140656001,3425
140658001,3427
140660001,3425
140662001,3426
140664001,3426
140666000,3424
140668000,3427
140670000,3426
140672000,3427
140674000,3427
140676000,3429
140678000,3425
140680000,3429
140682001,3428
140684001,3425
140686000,3423
140688000,3426
140690000,3429
140692000,3425
140694000,3423
140696000,3408
140698000,3426
140700000,3425
140702000,3426
140704001,3429
140706001,3431
140708001,3425
140710000,3431
140712000,3425
140714000,3425
140716000,3427
140718000,3431
140720000,3424
140722000,3423
140724000,3422
140726000,3424
140728000,3421
140730000,3426
140732000,3425
140734000,3425
140736001,3429
140738000,3430
140740000,3423
140742000,3428
140744000,3425
140746000,3427
140748000,3435
140750001,3426
140752001,3427
140754001,3430
140756001,3430
140758001,3435
140760001,3425
140762001,3423
140764001,3419
140766001,3422
140768001,3419
140770000,3424
140772000,3425
140774000,3425
140776000,3422
140778000,3426
140780001,3427
140782001,3423
140784001,3427
140786001,3425
140788001,3426
140790001,3424
140792001,3422
140794001,3425
140796001,3354
140798001,3424
140800001,3426
140802001,3421
140804001,3423
140806001,3427
140808001,3422
140810001,3422
140812001,3440
140814001,3429
140816001,3426
140818001,3425
140820001,3426
140822000,3424
140824000,3423
140826001,3425
140828001,3428
140830001,3427
140832001,3423
140834001,3425
140836001,3424
140838001,3425
140840001,3429
140842000,3426
140844000,3429
140846000,3425
140848000,3422
140850001,3423
140852001,3429
140854001,3426
140856001,3424
140858001,3421
140860001,3406
140862001,3426
140864001,3424
140866001,3421
140868001,3417
140870001,3427
140872001,3425
140874001,3425
140876001,3420
140878001,3408
140880001,3427
140882001,3426
140884001,3424
140886001,3425
140888001,3424
140890001,3425
140892001,3423
140894001,3418
140896001,3433
140898001,3428
140900001,3423
140902001,3428
140904000,3428
140906000,3429
140908000,3426
140910000,3427
140912000,3424
140914000,3426
140916000,3426
140918000,3425
140920000,3426
140922000,3426
140924001,3425
140926001,3426
140928001,3429
140930001,3425
140932001,3437
140934001,3423
140936000,3423
140938001,3430
140940001,3420
140942001,3417
140944000,3426
140946001,3427
140948001,3433
140950001,3425
140952001,3427
140954001,3427
140956001,3424
140958001,3426
140960000,3426
140962001,3419
140964001,3425
140966000,3425
140968001,3435
140970001,3425
140972001,3421
140974001,3426
140976001,3418
140978000,3426
140980000,3425
140982000,3427
140984000,3425
140986001,3426
140988001,3430
140990001,3427
140992001,3424
140994001,3425
140996001,3426
140998001,3427
141000001,3424
141002001,3422
141004001,3427
141006001,3425
141008001,3409
141010001,3430
141012001,3424
141014001,3424
141016000,3428
141018000,3427
141020000,3425
141022001,3427
141024001,3429
141026000,3425
141028000,3427
141030000,3423
141032000,3431
141034000,3426
141036000,3427
141038001,3426
141040001,3424
141042001,3423
141044000,3425
141046000,3418
141048001,3427
141050000,3427
141052001,3419
141054000,3426
141056000,3425
141058001,3422
141060001,3434
141062001,3425
141064001,3423
141066001,3422
141068001,3425
141070001,3426
141072001,3424
141074001,3425
141076001,3429
141078001,3425
141080000,3425
141082001,3426
141084001,3422
141086001,3431
141088001,3423
141090000,3425
141092000,3425
141094001,3429
141096000,3430
141098000,3422
141100001,3426
141102001,3426
141104001,3419
141106000,3427
141108000,3426
141110000,3427
141112000,3428
141114001,3425
141116001,3472
141118001,3424
141120001,3429
141122001,3426
141124001,3428
141126001,3426
141128001,3425
141130001,3425
141132000,3427
141134000,3424
141136000,3427
141138000,3429
141140000,3425
141142000,3425
141144000,3427
141146000,3424
141148000,3425
141150001,3424
141152001,3429
141154001,3429
141156001,3427
141158001,3425
141160001,3429
141162001,3434
141164001,3425
141166001,3424
141168001,3426
141170001,3427
141172001,3431
141174001,3427
141176001,3421
141178001,3421
141180001,3424
141182001,3424
141184001,3423
141186001,3431
141188001,3424
141190000,3425
141192001,3427
141194001,3422
141196001,3435
141198001,3434
141200001,3426
141202001,3427
141204001,3426
141206000,3424
141208000,3424
141210000,3425
141212000,3426
141214000,3422
141216000,3427
141218000,3427
141220000,3427
141222001,3426
141224001,3424
141226001,3423
141228001,3428
141230001,3423
141232001,3425
141234000,3426
141236000,3429
141238001,3427
141240001,3423
141242001,3425
141244001,3424
141246001,3429
141248001,3428
141250001,3430
141252000,3426
141254000,3426
141256000,3426
141258000,3404
141260000,3429
141262001,3427
141264001,3430
141266000,3425
141268000,3429
141270000,3423
141272000,3426
141274000,3397
141276000,3429
141278001,3428
141280001,3421
141282000,3426
141284000,3491
141286000,3424
141288000,3430
141290000,3427
141292001,3425
141294001,3426
141296001,3422
141298001,3425
141300001,3427
141302001,3427
141304001,3414
141306001,3425
141308001,3449
141310001,3426
141312001,3424
141314001,3426
141316001,3423
141318001,3430
141320001,3426
141322001,3423
141324001,3424
141326001,3424
141328001,3424
141330001,3427
141332001,3423
141334000,3424
141336000,3422
141338000,3407
141340000,3424
141342001,3423
141344001,3423
141346001,3429
141348001,3424
141350001,3425
