t_us,adc
6668000,0
6670000,0
6672000,0
6674000,0
6676000,0
6678000,0
6680000,0
6682000,0
6684000,0
6686000,0
6688000,0
6690000,0
6692000,0
6694000,0
6696000,0
6698000,0
6700000,0
6702000,0
6704000,0
6706000,0
6708000,0
6710000,0
6712000,0
6714000,0
6716000,0
6718000,0
6720000,0
6722000,0
6724000,0
6726000,0
6728000,0
6730000,0
6732000,0
6734000,0
6736000,0
6738000,0
6740000,0
6742000,0
6744000,0
6746000,0
6748000,0
6750000,0
6752000,0
6754000,0
6756000,0
6758000,0
6760000,0
6762000,0
6764000,0
6766000,0
6768000,0
6770000,0
6772000,0
6774000,0
6776000,0
6778000,0
6780000,0
6782000,0
6784000,0
6786000,0
6788000,0
6790000,0
6792000,0
6794000,0
6796000,0
6798000,0
6800000,0
6802000,0
6804000,0
6806000,0
6808000,0
6810000,0
6812000,0
6814000,0
6816000,0
6818000,0
6820000,0
6822000,0
6824000,0
6826000,0
6828000,0
6830000,0
6832000,0
6834000,0
6836000,0
6838000,0
6840000,0
6842000,0
6844000,0
6846000,0
6848000,0
6850000,0
6852000,0
6854000,0
6856000,0
6858000,0
6860000,0
6862000,0
6864000,0
6866000,0
6868000,0
6870000,0
6872000,0
6874000,0
6876000,0
6878000,0
6880000,0
6882000,0
6884000,0
6886000,0
6888000,0
6890000,0
6892000,0
6894000,0
6896000,0
6898000,0
6900000,0
6902000,0
6904000,0
6906000,0
6908000,0
6910000,0
6912000,0
6914000,0
6916000,0
6918000,0
6920000,0
6922000,0
6924000,0
6926000,0
6928000,0
6930000,0
6932000,0
6934000,0
6936000,0
6938000,0
6940000,0
6942000,0
6944000,0
6946000,0
6948000,0
6950000,0
6952000,0
6954000,0
6956000,0
6958000,0
6960000,0
6962000,0
6964000,0
6966000,0
6968000,0
6970000,0
6972000,0
6974000,0
6976000,0
6978000,0
6980000,0
6982000,0
6984000,0
6986000,0
6988000,0
6990000,0
6992000,0
6994000,0
6996000,0
6998000,0
7000000,0
7002000,0
7004000,0
7006000,0
7008000,0
7010000,0
7012000,0
7014000,0
7016000,0
7018000,0
7020000,0
7022000,0
7024000,0
7026000,0
7028000,0
7030000,0
7032000,0
7034000,0
7036000,0
7038000,0
7040000,0
7042000,0
7044000,0
7046000,0
7048000,0
7050000,0
7052000,0
7054000,0
7056000,0
7058000,0
7060000,0
7062000,0
7064000,0
7066000,0
7068000,0
7070000,0
7072000,0
7074000,0
7076000,0
7078000,0
7080000,0
7082000,0
7084000,0
7086000,0
7088000,0
7090000,0
7092000,0
7094000,0
7096000,0
7098000,0
7100000,0
7102000,0
7104000,0
7106000,0
7108000,0
7110000,0
7112000,0
7114000,0
7116000,0
7118000,0
7120000,0
7122000,0
7124000,0
7126000,0
7128000,0
7130000,0
7132000,0
7134000,0
7136000,0
7138000,0
7140000,0
7142000,0
7144000,0
7146000,0
7148000,0
7150000,0
7152000,0
7154000,0
7156000,0
7158000,0
7160000,0
7162000,0
7164000,0
7166000,0
7168000,0
7170000,0
7172000,0
7174000,0
7176000,0
7178000,0
7180000,0
7182000,0
7184000,0
7186000,0
7188000,0
7190000,0
7192000,0
7194000,0
7196000,0
7198000,0
7200000,0
7202000,0
7204000,0
7206000,0
7208000,0
7210000,0
7212000,0
7214000,0
7216000,0
7218000,0
7220000,0
7222000,0
7224000,0
7226000,0
7228000,0
7230000,0
7232000,0
7234000,0
7236000,0
7238000,0
7240000,0
7242000,0
7244000,0
7246000,0
7248000,0
7250000,0
7252000,0
7254000,0
7256000,0
7258000,0
7260000,0
7262000,0
7264000,0
7266000,0
7268000,0
7270000,0
7272000,0
7274000,0
7276000,0
7278000,0
7280000,0
7282000,0
7284000,0
7286000,0
7288000,0
7290000,0
7292000,0
7294000,0
7296000,0
7298000,0
7300000,0
7302000,0
7304000,0
7306000,0
7308000,0
7310000,0
7312000,0
7314000,0
7316000,0
7318000,0
7320000,0
7322000,0
7324000,0
7326000,0
7328000,0
7330000,0
7332000,0
7334000,0
7336000,0
7338000,0
7340000,0
7342000,0
7344000,0
7346000,0
7348000,0
7350000,0
7352000,0
7354000,0
7356000,0
7358000,0
7360000,0
7362000,0
7364000,0
7366000,0
7368000,0
7370000,0
7372000,0
7374000,0
7376000,0
7378000,0
7380000,0
7382000,0
7384000,0
7386000,0
7388000,0
7390000,0
7392000,0
7394000,0
7396000,0
7398000,0
7400000,0
7402000,0
7404000,0
7406000,0
7408000,0
7410000,0
7412000,0
7414000,0
7416000,0
7418000,0
7420000,0
7422000,0
7424000,0
7426000,0
7428000,0
7430000,0
7432000,0
7434000,0
7436000,0
7438000,0
7440000,0
7442000,0
7444000,0
7446000,0
7448000,0
7450000,0
7452000,0
7454000,0
7456000,0
7458000,0
7460000,0
7462000,0
7464000,0
7466000,0
7468000,0
7470000,0
7472000,0
7474000,0
7476000,0
7478000,0
7480000,0
7482000,0
7484000,0
7486000,0
7488000,0
7490000,0
7492000,0
7494000,0
7496000,0
7498000,0
7500000,0
7502000,0
7504000,0
7506000,0
7508000,0
7510000,0
7512000,0
7514000,0
7516000,0
7518000,0
7520000,0
7522000,0
7524000,0
7526000,0
7528000,0
7530000,0
7532000,0
7534000,0
7536000,0
7538000,0
7540000,0
7542000,0
7544000,0
7546000,0
7548000,0
7550000,0
7552000,0
7554000,0
7556000,0
7558000,0
7560000,0
7562000,0
7564000,0
7566000,0
7568000,0
7570000,0
7572000,0
7574000,0
7576000,0
7578000,0
7580000,0
7582000,0
7584000,0
7586000,0
7588000,0
7590000,0
7592000,0
7594000,0
7596000,0
7598000,0
7600000,0
7602000,0
7604000,0
7606000,0
7608000,0
7610000,0
7612000,0
7614000,0
7616000,0
7618000,0
7620000,0
7622000,0
7624000,0
7626000,0
7628000,0
7630000,0
7632000,0
7634000,0
7636000,0
7638000,0
7640000,0
7642000,0
7644000,0
7646000,0
7648000,0
7650000,0
7652000,0
7654000,0
7656000,0
7658000,0
7660000,0
7662000,0
7664000,0
7666000,0
7668000,0
7670000,0
7672000,0
7674000,0
7676000,0
7678000,0
7680000,0
7682000,0
7684000,0
7686000,0
7688000,0
7690000,0
7692000,0
7694000,0
7696000,0
7698000,0
7700000,0
7702000,0
7704000,0
7706000,0
7708000,0
7710000,0
7712000,0
7714000,0
7716000,0
7718000,0
7720000,0
7722000,0
7724000,0
7726000,0
7728000,0
7730000,0
7732000,0
7734000,0
7736000,0
7738000,0
7740000,0
7742000,0
7744000,0
7746000,0
7748000,0
7750000,0
7752000,0
7754000,0
7756000,0
7758000,0
7760000,0
7762000,0
7764000,0
7766000,0
7768000,0
7770000,0
7772000,0
7774000,0
7776000,0
7778000,0
7780000,0
7782000,0
7784000,0
7786000,0
7788000,0
7790000,0
7792000,0
7794000,0
7796000,0
7798000,0
7800000,0
7802000,0
7804000,0
7806000,0
7808000,0
7810000,0
7812000,0
7814000,0
7816000,0
7818000,0
7820000,0
7822000,0
7824000,0
7826000,0
7828000,0
7830000,0
7832000,0
7834000,0
7836000,0
7838000,0
7840000,0
7842000,0
7844000,0
7846000,0
7848000,0
7850000,0
7852000,0
7854000,0
7856000,0
7858000,0
7860000,0
7862000,0
7864000,0
7866000,0
7868000,0
7870000,0
7872000,0
7874000,0
7876000,0
7878000,0
7880000,0
7882000,0
7884000,0
7886000,0
7888000,0
7890000,0
7892000,0
7894000,0
7896000,0
7898000,0
7900000,0
7902000,0
7904000,0
7906000,0
7908000,0
7910000,0
7912000,0
7914000,0
7916000,0
7918000,0
7920000,0
7922000,0
7924000,0
7926000,0
7928000,0
7930000,0
7932000,0
7934000,0
7936000,0
7938000,0
7940000,0
7942000,0
7944000,0
7946000,0
7948000,0
7950000,0
7952000,0
7954000,0
7956000,0
7958000,0
7960000,0
7962000,0
7964000,0
7966000,0
7968000,0
7970000,0
7972000,0
7974000,0
7976000,0
7978000,0
7980000,0
7982000,0
7984000,0
7986000,0
7988000,0
7990000,0
7992000,0
7994000,0
7996000,0
7998000,0
8000000,0
8002000,0
8004000,0
8006000,0
8008000,0
8010000,0
8012000,0
8014000,0
8016000,0
8018000,0
8020000,0
8022000,0
8024000,0
8026000,0
8028000,0
8030000,0
8032000,0
8034000,0
8036000,0
8038000,0
8040000,0
8042000,0
8044000,0
8046000,0
8048000,0
8050000,0
8052000,0
8054000,0
8056000,0
8058000,0
8060000,0
8062000,0
8064000,0
8066000,0
8068000,0
8070000,0
8072000,0
8074000,0
8076000,0
8078000,0
8080000,0
8082000,0
8084000,0
8086000,0
8088000,0
8090000,0
8092000,0
8094000,0
8096000,0
8098000,0
8100000,0
8102000,0
8104000,0
8106000,0
8108000,0
8110000,0
8112000,0
8114000,0
8116000,0
8118000,0
8120000,0
8122000,0
8124000,0
8126000,0
8128000,0
8130000,0
8132000,0
8134000,0
8136000,0
8138000,0
8140000,0
8142000,0
8144000,0
8146000,0
8148000,0
8150000,0
8152000,0
8154000,0
8156000,0
8158000,0
8160000,0
8162000,0
8164000,0
8166000,0
8168000,0
8170000,0
8172000,0
8174000,0
8176000,0
8178000,0
8180000,0
8182000,0
8184000,0
8186000,0
8188000,0
8190000,0
8192000,0
8194000,0
8196000,0
8198000,0
8200000,0
8202000,0
8204000,0
8206000,0
8208000,0
8210000,0
8212000,0
8214000,0
8216000,0
8218000,0
8220000,0
8222000,0
8224000,0
8226000,0
8228000,0
8230000,0
8232000,0
8234000,0
8236000,0
8238000,0
8240000,0
8242000,0
8244000,0
8246000,0
8248000,0
8250000,0
8252000,0
8254000,0
8256000,0
8258000,0
8260000,0
8262000,0
8264000,0
8266000,0
8268000,0
8270000,0
8272000,0
8274000,0
8276000,0
8278000,0
8280000,0
8282000,0
8284000,0
8286000,0
8288000,0
8290000,0
8292000,0
8294000,0
8296000,0
8298000,0
8300000,0
8302000,0
8304000,0
8306000,0
8308000,0
8310000,0
8312000,0
8314000,0
8316000,0
8318000,0
8320000,0
8322000,0
8324000,0
8326000,0
8328000,0
8330000,0
8332000,0
8334000,0
8336000,0
8338000,0
8340000,0
8342000,0
8344000,0
8346000,0
8348000,0
8350000,0
8352000,0
8354000,0
8356000,0
8358000,0
8360000,0
8362000,0
8364000,0
8366000,0
8368000,0
8370000,0
8372000,0
8374000,0
8376000,0
8378000,0
8380000,0
8382000,0
8384000,0
8386000,0
8388000,0
8390000,0
8392000,0
8394000,0
8396000,0
8398000,0
8400000,0
8402000,0
8404000,0
8406000,0
8408000,0
8410000,0
8412000,0
8414000,0
8416000,0
8418000,0
8420000,0
8422000,0
8424000,0
8426000,0
8428000,0
8430000,0
8432000,0
8434000,0
8436000,0
8438000,0
8440000,0
8442000,0
8444000,0
8446000,0
8448000,0
8450000,0
8452000,0
8454000,0
8456000,0
8458000,0
8460000,0
8462000,0
8464000,0
8466000,0
8468000,0
8470000,0
8472000,0
8474000,0
8476000,0
8478000,0
8480000,0
8482000,0
8484000,0
8486000,0
8488000,0
8490000,0
8492000,0
8494000,0
8496000,0
8498000,0
8500000,0
8502000,0
8504000,0
8506000,0
8508000,0
8510000,0
8512000,0
8514000,0
8516000,0
8518000,0
8520000,0
8522000,0
8524000,0
8526000,0
8528000,0
8530000,0
8532000,0
8534000,0
8536000,0
8538000,0
8540000,0
8542000,0
8544000,0
8546000,0
8548000,0
8550000,0
8552000,0
8554000,0
8556000,0
8558000,0
8560000,0
8562000,0
8564000,0
8566000,0
8568000,0
8570000,0
8572000,0
8574000,0
8576000,0
8578000,0
8580000,0
8582000,0
8584000,0
8586000,0
8588000,0
8590000,0
8592000,0
8594000,0
8596000,0
8598000,0
8600000,0
8602000,0
8604000,0
8606000,0
8608000,0
8610000,0
8612000,0
8614000,0
8616000,0
8618000,0
8620000,0
8622000,0
8624000,0
8626000,0
8628000,0
8630000,0
8632000,0
8634000,0
8636000,0
8638000,0
8640000,0
8642000,0
8644000,0
8646000,0
8648000,0
8650000,0
8652000,0
8654000,0
8656000,0
8658000,0
8660000,0
8662000,0
8664000,0
8666000,0
8668000,0
8670000,0
8672000,0
8674000,0
8676000,0
8678000,0
8680000,0
8682000,0
8684000,0
8686000,0
8688000,0
8690000,0
8692000,0
8694000,0
8696000,0
8698000,0
8700000,0
8702000,0
8704000,0
8706000,0
8708000,0
8710000,0
8712000,0
8714000,0
8716000,0
8718000,0
8720000,0
8722000,0
8724000,0
8726000,0
8728000,0
8730000,0
8732000,0
8734000,0
8736000,0
8738000,0
8740000,0
8742000,0
8744000,0
8746000,0
8748000,0
8750000,0
8752000,0
8754000,0
8756000,0
8758000,0
8760000,0
8762000,0
8764000,0
8766000,0
8768000,0
8770000,0
8772000,0
8774000,0
8776000,0
8778000,0
8780000,0
8782000,0
8784000,0
8786000,0
8788000,0
8790000,0
8792000,0
8794000,0
8796000,0
8798000,0
8800000,0
8802000,0
8804000,0
8806000,0
8808000,0
8810000,0
8812000,0
8814000,0
8816000,0
8818000,0
8820000,0
8822000,0
8824000,0
8826000,0
8828000,0
8830000,0
8832000,0
8834000,0
8836000,0
8838000,0
8840000,0
8842000,0
8844000,0
8846000,0
8848000,0
8850000,0
8852000,0
8854000,0
8856000,0
8858000,0
8860000,0
8862000,0
8864000,0
8866000,0
8868000,0
8870000,0
8872000,0
8874000,0
8876000,0
8878000,0
8880000,0
8882000,0
8884000,0
8886000,0
8888000,0
8890000,0
8892000,0
8894000,0
8896000,0
8898000,0
8900000,0
8902000,0
8904000,0
8906000,0
8908000,0
8910000,0
8912000,0
8914000,0
8916000,0
8918000,0
8920000,0
8922000,0
8924000,0
8926000,0
8928000,0
8930000,0
8932000,0
8934000,0
8936000,0
8938000,0
8940000,0
8942000,0
8944000,0
8946000,0
8948000,0
8950000,0
8952000,0
8954000,0
8956000,0
8958000,0
8960000,0
8962000,0
8964000,0
8966000,0
8968000,0
8970000,0
8972000,0
8974000,0
8976000,0
8978000,0
8980000,0
8982000,0
8984000,0
8986000,0
8988000,0
8990000,0
8992000,0
8994000,0
8996000,0
8998000,0
9000000,0
9002000,0
9004000,0
9006000,0
9008000,0
9010000,0
9012000,0
9014000,0
9016000,0
9018000,0
9020000,0
9022000,0
9024000,0
9026000,0
9028000,0
9030000,0
9032000,0
9034000,0
9036000,0
9038000,0
9040000,0
9042000,0
9044000,0
9046000,0
9048000,0
9050000,0
9052000,0
9054000,0
9056000,0
9058000,0
9060000,0
9062000,0
9064000,0
9066000,0
9068000,0
9070000,0
9072000,0
9074000,0
9076000,0
9078000,0
9080000,0
9082000,0
9084000,0
9086000,0
9088000,0
9090000,0
9092000,0
9094000,0
9096000,0
9098000,0
9100000,0
9102000,0
9104000,0
9106000,0
9108000,0
9110000,0
9112000,0
9114000,0
9116000,0
9118000,0
9120000,0
9122000,0
9124000,0
9126000,0
9128000,0
9130000,0
9132000,0
9134000,0
9136000,0
9138000,0
9140000,0
9142000,0
9144000,0
9146000,0
9148000,0
9150000,0
9152000,0
9154000,0
9156000,0
9158000,0
9160000,0
9162000,0
9164000,0
9166000,0
9168000,0
9170000,0
9172000,0
9174000,0
9176000,0
9178000,0
9180000,0
9182000,0
9184000,0
9186000,0
9188000,0
9190000,0
9192000,0
9194000,0
9196000,0
9198000,0
9200000,0
9202000,0
9204000,0
9206000,0
9208000,0
9210000,0
9212000,0
9214000,0
9216000,0
9218000,0
9220000,0
9222000,0
9224000,0
9226000,0
9228000,0
9230000,0
9232000,0
9234000,0
9236000,0
9238000,0
9240000,0
9242000,0
9244000,0
9246000,0
9248000,0
9250000,0
9252000,0
9254000,0
9256000,0
9258000,0
9260000,0
9262000,0
9264000,0
9266000,0
9268000,0
9270000,0
9272000,0
9274000,0
9276000,0
9278000,0
9280000,0
9282000,0
9284000,0
9286000,0
9288000,0
9290000,0
9292000,0
9294000,0
9296000,0
9298000,0
9300000,0
9302000,0
9304000,0
9306000,0
9308000,0
9310000,0
9312000,0
9314000,0
9316000,0
9318000,0
9320000,0
9322000,0
9324000,0
9326000,0
9328000,0
9330000,0
9332000,0
9334000,0
9336000,0
9338000,0
9340000,0
9342000,0
9344000,0
9346000,0
9348000,0
9350000,0
9352000,0
9354000,0
9356000,0
9358000,0
9360000,0
9362000,0
9364000,0
9366000,0
9368000,0
9370000,0
9372000,0
9374000,0
9376000,0
9378000,0
9380000,0
9382000,0
9384000,0
9386000,0
9388000,0
9390000,0
9392000,0
9394000,0
9396000,0
9398000,0
9400000,0
9402000,0
9404000,0
9406000,0
9408000,0
9410000,0
9412000,0
9414000,0
9416000,0
9418000,0
9420000,0
9422000,0
9424000,0
9426000,0
9428000,0
9430000,0
9432000,0
9434000,0
9436000,0
9438000,0
9440000,0
9442000,0
9444000,0
9446000,0
9448000,0
9450000,0
9452000,0
9454000,0
9456000,0
9458000,0
9460000,0
9462000,0
9464000,0
9466000,0
9468000,0
9470000,0
9472000,0
9474000,0
9476000,0
9478000,0
9480000,0
9482000,0
9484000,0
9486000,0
9488000,0
9490000,0
9492000,0
9494000,0
9496000,0
9498000,0
9500000,0
9502000,0
9504000,0
9506000,0
9508000,0
9510000,0
9512000,0
9514000,0
9516000,0
9518000,0
9520000,0
9522000,0
9524000,0
9526000,0
9528000,0
9530000,0
9532000,0
9534000,0
9536000,0
9538000,0
9540000,0
9542000,0
9544000,0
9546000,0
9548000,0
9550000,0
9552000,0
9554000,0
9556000,0
9558000,0
9560000,0
9562000,0
9564000,0
9566000,0
9568000,0
9570000,0
9572000,0
9574000,0
9576000,0
9578000,0
9580000,0
9582000,0
9584000,0
9586000,0
9588000,0
9590000,0
9592000,0
9594000,0
9596000,0
9598000,0
9600000,0
9602000,0
9604000,0
9606000,0
9608000,0
9610000,0
9612000,0
9614000,0
9616000,0
9618000,0
9620000,0
9622000,0
9624000,0
9626000,0
9628000,0
9630000,0
9632000,0
9634000,0
9636000,0
9638000,0
9640000,0
9642000,0
9644000,0
9646000,0
9648000,0
9650000,0
9652000,0
9654000,0
9656000,0
9658000,0
9660000,0
9662000,0
9664000,0
9666000,0
9668000,0
9670000,0
9672000,0
9674000,0
9676000,0
9678000,0
9680000,0
9682000,0
9684000,0
9686000,0
9688000,0
9690000,0
9692000,0
9694000,0
9696000,0
9698000,0
9700000,0
9702000,0
9704000,0
9706000,0
9708000,0
9710000,0
9712000,0
9714000,0
9716000,0
9718000,0
9720000,0
9722000,0
9724000,0
9726000,0
9728000,0
9730000,0
9732000,0
9734000,0
9736000,0
9738000,0
9740000,0
9742000,0
9744000,0
9746000,0
9748000,0
9750000,0
9752000,0
9754000,0
9756000,0
9758000,0
9760000,0
9762000,0
9764000,0
9766000,0
9768000,0
9770000,0
9772000,0
9774000,0
9776000,0
9778000,0
9780000,0
9782000,0
9784000,0
9786000,0
9788000,0
9790000,0
9792000,0
9794000,0
9796000,0
9798000,0
9800000,0
9802000,0
9804000,0
9806000,0
9808000,0
9810000,0
9812000,0
9814000,0
9816000,0
9818000,0
9820000,0
9822000,0
9824000,0
9826000,0
9828000,0
9830000,0
9832000,0
9834000,0
9836000,0
9838000,0
9840000,0
9842000,0
9844000,0
9846000,0
9848000,0
9850000,0
9852000,0
9854000,0
9856000,0
9858000,0
9860000,0
9862000,0
9864000,0
9866000,0
9868000,0
9870000,0
9872000,0
9874000,0
9876000,0
9878000,0
9880000,0
9882000,0
9884000,0
9886000,0
9888000,0
9890000,0
9892000,0
9894000,0
9896000,0
9898000,0
9900000,0
9902000,0
9904000,0
9906000,0
9908000,0
9910000,0
9912000,0
9914000,0
9916000,0
9918000,0
9920000,0
9922000,0
9924000,0
9926000,0
9928000,0
9930000,0
9932000,0
9934000,0
9936000,0
9938000,0
9940000,0
9942000,0
9944000,0
9946000,0
9948000,0
9950000,0
9952000,0
9954000,0
9956000,0
9958000,0
9960000,0
9962000,0
9964000,0
9966000,0
9968000,0
9970000,0
9972000,0
9974000,0
9976000,0
9978000,0
9980000,0
9982000,0
9984000,0
9986000,0
9988000,0
9990000,0
9992000,0
9994000,0
9996000,0
9998000,0
10000000,0
10002000,0
10004000,0
10006000,0
10008000,0
10010000,0
10012000,0
10014000,0
10016000,0
10018000,0
10020000,0
10022000,0
10024000,0
10026000,0
10028000,0
10030000,0
10032000,0
10034000,0
10036000,0
10038000,0
10040000,0
10042000,0
10044000,0
10046000,0
10048000,0
10050000,0
10052000,0
10054000,0
10056000,0
10058000,0
10060000,0
10062000,0
10064000,0
10066000,0
10068000,0
10070000,0
10072000,0
10074000,0
10076000,0
10078000,0
10080000,0
10082000,0
10084000,0
10086000,0
10088000,0
10090000,0
10092000,0
10094000,0
10096000,0
10098000,0
10100000,0
10102000,0
10104000,0
10106000,0
10108000,0
10110000,0
10112000,0
10114000,0
10116000,0
10118000,0
10120000,0
10122000,0
10124000,0
10126000,0
10128000,0
10130000,0
10132000,0
10134000,0
10136000,0
10138000,0
10140000,0
10142000,0
10144000,0
10146000,0
10148000,0
10150000,0
10152000,0
10154000,0
10156000,0
10158000,0
10160000,0
10162000,0
10164000,0
10166000,0
10168000,0
10170000,0
10172000,0
10174000,0
10176000,0
10178000,0
10180000,0
10182000,0
10184000,0
10186000,0
10188000,0
10190000,0
10192000,0
10194000,0
10196000,0
10198000,0
10200000,0
10202000,0
10204000,0
10206000,0
10208000,0
10210000,0
10212000,0
10214000,0
10216000,0
10218000,0
10220000,0
10222000,0
10224000,0
10226000,0
10228000,0
10230000,0
10232000,0
10234000,0
10236000,0
10238000,0
10240000,0
10242000,0
10244000,0
10246000,0
10248000,0
10250000,0
10252000,0
10254000,0
10256000,0
10258000,0
10260000,0
10262000,0
10264000,0
10266000,0
10268000,0
10270000,0
10272000,0
10274000,0
10276000,0
10278000,0
10280000,0
10282000,0
10284000,0
10286000,0
10288000,0
10290000,0
10292000,0
10294000,0
10296000,0
10298000,0
10300000,0
10302000,0
10304000,0
10306000,0
10308000,0
10310000,0
10312000,0
10314000,0
10316000,0
10318000,0
10320000,0
10322000,0
10324000,0
10326000,0
10328000,0
10330000,0
10332000,0
10334000,0
10336000,0
10338000,0
10340000,0
10342000,0
10344000,0
10346000,0
10348000,0
10350000,0
10352000,0
10354000,0
10356000,0
10358000,0
10360000,0
10362000,0
10364000,0
10366000,0
10368000,0
10370000,0
10372000,0
10374000,0
10376000,0
10378000,0
10380000,0
10382000,0
10384000,0
10386000,0
10388000,0
10390000,0
10392000,0
10394000,0
10396000,0
10398000,0
10400000,0
10402000,0
10404000,0
10406000,0
10408000,0
10410000,0
10412000,0
10414000,0
10416000,0
10418000,0
10420000,0
10422000,0
10424000,0
10426000,0
10428000,0
10430000,0
10432000,0
10434000,0
10436000,0
10438000,0
10440000,0
10442000,0
10444000,0
10446000,0
10448000,0
10450000,0
10452000,0
10454000,0
10456000,0
10458000,0
10460000,0
10462000,0
10464000,0
10466000,0
10468000,0
10470000,0
10472000,0
10474000,0
10476000,0
10478000,0
10480000,0
10482000,0
10484000,0
10486000,0
10488000,0
10490000,0
10492000,0
10494000,0
10496000,0
10498000,0
10500000,0
10502000,0
10504000,0
10506000,0
10508000,0
10510000,0
10512000,0
10514000,0
10516000,0
10518000,0
10520000,0
10522000,0
10524000,0
10526000,0
10528000,0
10530000,0
10532000,0
10534000,0
10536000,0
10538000,0
10540000,0
10542000,0
10544000,0
10546000,0
10548000,0
10550000,0
10552000,0
10554000,0
10556000,0
10558000,0
10560000,0
10562000,0
10564000,0
10566000,0
10568000,0
10570000,0
10572000,0
10574000,0
10576000,0
10578000,0
10580000,0
10582000,0
10584000,0
10586000,0
10588000,0
10590000,0
10592000,0
10594000,0
10596000,0
10598000,0
10600000,0
10602000,0
10604000,0
10606000,0
10608000,0
10610000,0
10612000,0
10614000,0
10616000,0
10618000,0
10620000,0
10622000,0
10624000,0
10626000,0
10628000,0
10630000,0
10632000,0
10634000,0
10636000,0
10638000,0
10640000,0
10642000,0
10644000,0
10646000,0
10648000,0
10650000,0
10652000,0
10654000,0
10656000,0
10658000,0
10660000,0
10662000,0
10664000,0
10666000,0
10668000,0
10670000,0
10672000,0
10674000,0
10676000,0
10678000,0
10680000,0
10682000,0
10684000,0
10686000,0
10688000,0
10690000,0
10692000,0
10694000,0
10696000,0
10698000,0
10700000,0
10702000,0
10704000,0
10706000,0
10708000,0
10710000,0
10712000,0
10714000,0
10716000,0
10718000,0
10720000,0
10722000,0
10724000,0
10726000,0
10728000,0
10730000,0
10732000,0
10734000,0
10736000,0
10738000,0
10740000,0
10742000,0
10744000,0
10746000,0
10748000,0
10750000,0
10752000,0
10754000,0
10756000,0
10758000,0
10760000,0
10762000,0
10764000,0
10766000,0
10768000,0
10770000,0
10772000,0
10774000,0
10776000,0
10778000,0
10780000,0
10782000,0
10784000,0
10786000,0
10788000,0
10790000,0
10792000,0
10794000,0
10796000,0
10798000,0
10800000,0
10802000,0
10804000,0
10806000,0
10808000,0
10810000,0
10812000,0
10814000,0
10816000,0
10818000,0
10820000,0
10822000,0
10824000,0
10826000,0
10828000,0
10830000,0
10832000,0
10834000,0
10836000,0
10838000,0
10840000,0
10842000,0
10844000,0
10846000,0
10848000,0
10850000,0
10852000,0
10854000,0
10856000,0
10858000,0
10860000,0
10862000,0
10864000,0
10866000,0
10868000,0
10870000,0
10872000,0
10874000,0
10876000,0
10878000,0
10880000,0
10882000,0
10884000,0
10886000,0
10888000,0
10890000,0
10892000,0
10894000,0
10896000,0
10898000,0
10900000,0
10902000,0
10904000,0
10906000,0
10908000,0
10910000,0
10912000,0
10914000,0
10916000,0
10918000,0
10920000,0
10922000,0
10924000,0
10926000,0
10928000,0
10930000,0
10932000,0
10934000,0
10936000,0
10938000,0
10940000,0
10942000,0
10944000,0
10946000,0
10948000,0
10950000,0
10952000,0
10954000,0
10956000,0
10958000,0
10960000,0
10962000,0
10964000,0
10966000,0
10968000,0
10970000,0
10972000,0
10974000,0
10976000,0
10978000,0
10980000,0
10982000,0
10984000,0
10986000,0
10988000,0
10990000,0
10992000,0
10994000,0
10996000,0
10998000,0
11000000,0
11002000,0
11004000,0
11006000,0
11008000,0
11010000,0
11012000,0
11014000,0
11016000,0
11018000,0
11020000,0
11022000,0
11024000,0
11026000,0
11028000,0
11030000,0
11032000,0
11034000,0
11036000,0
11038000,0
11040000,0
11042000,0
11044000,0
11046000,0
11048000,0
11050000,0
11052000,0
11054000,0
11056000,0
11058000,0
11060000,0
11062000,0
11064000,0
11066000,0
11068000,0
11070000,0
11072000,0
11074000,0
11076000,0
11078000,0
11080000,0
11082000,0
11084000,0
11086000,0
11088000,0
11090000,0
11092000,0
11094000,0
11096000,0
11098000,0
11100000,0
11102000,0
11104000,0
11106000,0
11108000,0
11110000,0
11112000,0
11114000,0
11116000,0
11118000,0
11120000,0
11122000,0
11124000,0
11126000,0
11128000,0
11130000,0
11132000,0
11134000,0
11136000,0
11138000,0
11140000,0
11142000,0
11144000,0
11146000,0
11148000,0
11150000,0
11152000,0
11154000,0
11156000,0
11158000,0
11160000,0
11162000,0
11164000,0
11166000,0
11168000,0
11170000,0
11172000,0
11174000,0
11176000,0
11178000,0
11180000,0
11182000,0
11184000,0
11186000,0
11188000,0
11190000,0
11192000,0
11194000,0
11196000,0
11198000,0
11200000,0
11202000,0
11204000,0
11206000,0
11208000,0
11210000,0
11212000,0
11214000,0
11216000,0
11218000,0
11220000,0
11222000,0
11224000,0
11226000,0
11228000,0
11230000,0
11232000,0
11234000,0
11236000,0
11238000,0
11240000,0
11242000,0
11244000,0
11246000,0
11248000,0
11250000,0
11252000,0
11254000,0
11256000,0
11258000,0
11260000,0
11262000,0
11264000,0
11266000,0
11268000,0
11270000,0
11272000,0
11274000,0
11276000,0
11278000,0
11280000,0
11282000,0
11284000,0
11286000,0
11288000,0
11290000,0
11292000,0
11294000,0
11296000,0
11298000,0
11300000,0
11302000,0
11304000,0
11306000,0
11308000,0
11310000,0
11312000,0
11314000,0
11316000,0
11318000,0
11320000,0
11322000,0
11324000,0
11326000,0
11328000,0
11330000,0
11332000,0
11334000,0
11336000,0
11338000,0
11340000,0
11342000,0
11344000,0
11346000,0
11348000,0
11350000,0
11352000,0
11354000,0
11356000,0
11358000,0
11360000,0
11362000,0
11364000,0
11366000,0
11368000,0
11370000,0
11372000,0
11374000,0
11376000,0
11378000,0
11380000,0
11382000,0
11384000,0
11386000,0
11388000,0
11390000,0
11392000,0
11394000,0
11396000,0
11398000,0
11400000,0
11402000,0
11404000,0
11406000,0
11408000,0
11410000,0
11412000,0
11414000,0
11416000,0
11418000,0
11420000,0
11422000,0
11424000,0
11426000,0
11428000,0
11430000,0
11432000,0
11434000,0
11436000,0
11438000,0
11440000,0
11442000,0
11444000,0
11446000,0
11448000,0
11450000,0
11452000,0
11454000,0
11456000,0
11458000,0
11460000,0
11462000,0
11464000,0
11466000,0
11468000,0
11470000,0
11472000,0
11474000,0
11476000,0
11478000,0
11480000,0
11482000,0
11484000,0
11486000,0
11488000,0
11490000,0
11492000,0
11494000,0
11496000,0
11498000,0
11500000,0
11502000,0
11504000,0
11506000,0
11508000,0
11510000,0
11512000,0
11514000,0
11516000,0
11518000,0
11520000,0
11522000,0
11524000,0
11526000,0
11528000,0
11530000,0
11532000,0
11534000,0
11536000,0
11538000,0
11540000,0
11542000,0
11544000,0
11546000,0
11548000,0
11550000,0
11552000,0
11554000,0
11556000,0
11558000,0
11560000,0
11562000,0
11564000,0
11566000,0
11568000,0
11570000,0
11572000,0
11574000,0
11576000,0
11578000,0
11580000,0
11582000,0
11584000,0
11586000,0
11588000,0
11590000,0
11592000,0
11594000,0
11596000,0
11598000,0
11600000,0
11602000,0
11604000,0
11606000,0
11608000,0
11610000,0
11612000,0
11614000,0
11616000,0
11618000,0
11620000,0
11622000,0
11624000,0
11626000,0
11628000,0
11630000,0
11632000,0
11634000,0
11636000,0
11638000,0
11640000,0
11642000,0
11644000,0
11646000,0
11648000,0
11650000,0
11652000,0
11654000,0
11656000,0
11658000,0
11660000,0
11662000,0
11664000,0
11666000,0
11668000,0
11670000,0
11672000,0
11674000,0
11676000,0
11678000,0
11680000,0
11682000,0
11684000,0
11686000,0
11688000,0
11690000,0
11692000,0
11694000,0
11696000,0
11698000,0
11700000,0
11702000,0
11704000,0
11706000,0
11708000,0
11710000,0
11712000,0
11714000,0
11716000,0
11718000,0
11720000,0
11722000,0
11724000,0
11726000,0
11728000,0
11730000,0
11732000,0
11734000,0
11736000,0
11738000,0
11740000,0
11742000,0
11744000,0
11746000,0
11748000,0
11750000,0
11752000,0
11754000,0
11756000,0
11758000,0
11760000,0
11762000,0
11764000,0
11766000,0
11768000,0
11770000,0
11772000,0
11774000,0
11776000,0
11778000,0
11780000,0
11782000,0
11784000,0
11786000,0
11788000,0
11790000,0
11792000,0
11794000,0
11796000,0
11798000,0
11800000,0
11802000,0
11804000,0
11806000,0
11808000,0
11810000,0
11812000,0
11814000,0
11816000,0
11818000,0
11820000,0
11822000,0
11824000,0
11826000,0
11828000,0
11830000,0
11832000,0
11834000,0
11836000,0
11838000,0
11840000,0
11842000,0
11844000,0
11846000,0
11848000,0
11850000,0
11852000,0
11854000,0
11856000,0
11858000,0
11860000,0
11862000,0
11864000,0
11866000,0
11868000,0
11870000,0
11872000,0
11874000,0
11876000,0
11878000,0
11880000,0
11882000,0
11884000,0
11886000,0
11888000,0
11890000,0
11892000,0
11894000,0
11896000,0
11898000,0
11900000,0
11902000,0
11904000,0
11906000,0
11908000,0
11910000,0
11912000,0
11914000,0
11916000,0
11918000,0
11920000,0
11922000,0
11924000,0
11926000,0
11928000,0
11930000,0
11932000,0
11934000,0
11936000,0
11938000,0
11940000,0
11942000,0
11944000,0
11946000,0
11948000,0
11950000,0
11952000,0
11954000,0
11956000,0
11958000,0
11960000,0
11962000,0
11964000,0
11966000,0
11968000,0
11970000,0
11972000,0
11974000,0
11976000,0
11978000,0
11980000,0
11982000,0
11984000,0
11986000,0
11988000,0
11990000,0
11992000,0
11994000,0
11996000,0
11998000,0
12000000,0
12002000,0
12004000,0
12006000,0
12008000,0
12010000,0
12012000,0
12014000,0
12016000,0
12018000,0
12020000,0
12022000,0
12024000,0
12026000,0
12028000,0
12030000,0
12032000,0
12034000,0
12036000,0
12038000,0
12040000,0
12042000,0
12044000,0
12046000,0
12048000,0
12050000,0
12052000,0
12054000,0
12056000,0
12058000,0
12060000,0
12062000,0
12064000,0
12066000,0
12068000,0
12070000,0
12072000,0
12074000,0
12076000,0
12078000,0
12080000,0
12082000,0
12084000,0
12086000,0
12088000,0
12090000,0
12092000,0
12094000,0
12096000,0
12098000,0
12100000,0
12102000,0
12104000,0
12106000,0
12108000,0
12110000,0
12112000,0
12114000,0
12116000,0
12118000,0
12120000,0
12122000,0
12124000,0
12126000,0
12128000,0
12130000,0
12132000,0
12134000,0
12136000,0
12138000,0
12140000,0
12142000,0
12144000,0
12146000,0
12148000,0
12150000,0
12152000,0
12154000,0
12156000,0
12158000,0
12160000,0
12162000,0
12164000,0
12166000,0
12168000,0
12170000,0
12172000,0
12174000,0
12176000,0
12178000,0
12180000,0
12182000,0
12184000,0
12186000,0
12188000,0
12190000,0
12192000,0
12194000,0
12196000,0
12198000,0
12200000,0
12202000,0
12204000,0
12206000,0
12208000,0
12210000,0
12212000,0
12214000,0
12216000,0
12218000,0
12220000,0
12222000,0
12224000,0
12226000,0
12228000,0
12230000,0
12232000,0
12234000,0
12236000,0
12238000,0
12240000,0
12242000,0
12244000,0
12246000,0
12248000,0
12250000,0
12252000,0
12254000,0
12256000,0
12258000,0
12260000,0
12262000,0
12264000,0
12266000,0
12268000,0
12270000,0
12272000,0
12274000,0
12276000,0
12278000,0
12280000,0
12282000,0
12284000,0
12286000,0
12288000,0
12290000,0
12292000,0
12294000,0
12296000,0
12298000,0
12300000,0
12302000,0
12304000,0
12306000,0
12308000,0
12310000,0
12312000,0
12314000,0
12316000,0
12318000,0
12320000,0
12322000,0
12324000,0
12326000,0
12328000,0
12330000,0
12332000,0
12334000,0
12336000,0
12338000,0
12340000,0
12342000,0
12344000,0
12346000,0
12348000,0
12350000,0
12352000,0
12354000,0
12356000,0
12358000,0
12360000,0
12362000,0
12364000,0
12366000,0
12368000,0
12370000,0
12372000,0
12374000,0
12376000,0
12378000,0
12380000,0
12382000,0
12384000,0
12386000,0
12388000,0
12390000,0
12392000,0
12394000,0
12396000,0
12398000,0
12400000,0
12402000,0
12404000,0
12406000,0
12408000,0
12410000,0
12412000,0
12414000,0
12416000,0
12418000,0
12420000,0
12422000,0
12424000,0
12426000,0
12428000,0
12430000,0
12432000,0
12434000,0
12436000,0
12438000,0
12440000,0
12442000,0
12444000,0
12446000,0
12448000,0
12450000,0
12452000,0
12454000,0
12456000,0
12458000,0
12460000,0
12462000,0
12464000,0
12466000,0
12468000,0
12470000,0
12472000,0
12474000,0
12476000,0
12478000,0
12480000,0
12482000,0
12484000,0
12486000,0
12488000,0
12490000,0
12492000,0
12494000,0
12496000,0
12498000,0
12500000,0
12502000,0
12504000,0
12506000,0
12508000,0
12510000,0
12512000,0
12514000,0
12516000,0
12518000,0
12520000,0
12522000,0
12524000,0
12526000,0
12528000,0
12530000,0
12532000,0
12534000,0
12536000,0
12538000,0
12540000,0
12542000,0
12544000,0
12546000,0
12548000,0
12550000,0
12552000,0
12554000,0
12556000,0
12558000,0
12560000,0
12562000,0
12564000,0
12566000,0
12568000,0
12570000,0
12572000,0
12574000,0
12576000,0
12578000,0
12580000,0
12582000,0
12584000,0
12586000,0
12588000,0
12590000,0
12592000,0
12594000,0
12596000,0
12598000,0
12600000,0
12602000,0
12604000,0
12606000,0
12608000,0
12610000,0
12612000,0
12614000,0
12616000,0
12618000,0
12620000,0
12622000,0
12624000,0
12626000,0
12628000,0
12630000,0
12632000,0
12634000,0
12636000,0
12638000,0
12640000,0
12642000,0
12644000,0
12646000,0
12648000,0
12650000,0
12652000,0
12654000,0
12656000,0
12658000,0
12660000,0
12662000,0
12664000,0
12666000,0
12668000,0
12670000,0
12672000,0
12674000,0
12676000,0
12678000,0
12680000,0
12682000,0
12684000,0
12686000,0
12688000,0
12690000,0
12692000,0
12694000,0
12696000,0
12698000,0
12700000,0
12702000,0
12704000,0
12706000,0
12708000,0
12710000,0
12712000,0
12714000,0
12716000,0
12718000,0
12720000,0
12722000,0
12724000,0
12726000,0
12728000,0
12730000,0
12732000,0
12734000,0
12736000,0
12738000,0
12740000,0
12742000,0
12744000,0
12746000,0
12748000,0
12750000,0
12752000,0
12754000,0
12756000,0
12758000,0
12760000,0
12762000,0
12764000,0
12766000,0
12768000,0
12770000,0
12772000,0
12774000,0
12776000,0
12778000,0
12780000,0
12782000,0
12784000,0
12786000,0
12788000,0
12790000,0
12792000,0
12794000,0
12796000,0
12798000,0
12800000,0
12802000,0
12804000,0
12806000,0
12808000,0
12810000,0
12812000,0
12814000,0
12816000,0
12818000,0
12820000,0
12822000,0
12824000,0
12826000,0
12828000,0
12830000,0
12832000,0
12834000,0
12836000,0
12838000,0
12840000,0
12842000,0
12844000,0
12846000,0
12848000,0
12850000,0
12852000,0
12854000,0
12856000,0
12858000,0
12860000,0
12862000,0
12864000,0
12866000,0
12868000,0
12870000,0
12872000,0
12874000,0
12876000,0
12878000,0
12880000,0
12882000,0
12884000,0
12886000,0
12888000,0
12890000,0
12892000,0
12894000,0
12896000,0
12898000,0
12900000,0
12902000,0
12904000,0
12906000,0
12908000,0
12910000,0
12912000,0
12914000,0
12916000,0
12918000,0
12920000,0
12922000,0
12924000,0
12926000,0
12928000,0
12930000,0
12932000,0
12934000,0
12936000,0
12938000,0
12940000,0
12942000,0
12944000,0
12946000,0
12948000,0
12950000,0
12952000,0
12954000,0
12956000,0
12958000,0
12960000,0
12962000,0
12964000,0
12966000,0
12968000,0
12970000,0
12972000,0
12974000,0
12976000,0
12978000,0
12980000,0
12982000,0
12984000,0
12986000,0
12988000,0
12990000,0
12992000,0
12994000,0
12996000,0
12998000,0
13000000,0
13002000,0
13004000,0
13006000,0
13008000,0
13010000,0
13012000,0
13014000,0
13016000,0
13018000,0
13020000,0
13022000,0
13024000,0
13026000,0
13028000,0
13030000,0
13032000,0
13034000,0
13036000,0
13038000,0
13040000,0
13042000,0
13044000,0
13046000,0
13048000,0
13050000,0
13052000,0
13054000,0
13056000,0
13058000,0
13060000,0
13062000,0
13064000,0
13066000,0
13068000,0
13070000,0
13072000,0
13074000,0
13076000,0
13078000,0
13080000,0
13082000,0
13084000,0
13086000,0
13088000,0
13090000,0
13092000,0
13094000,0
13096000,0
13098000,0
13100000,0
13102000,0
13104000,0
13106000,0
13108000,0
13110000,0
13112000,0
13114000,0
13116000,0
13118000,0
13120000,0
13122000,0
13124000,0
13126000,0
13128000,0
13130000,0
13132000,0
13134000,0
13136000,0
13138000,0
13140000,0
13142000,0
13144000,0
13146000,0
13148000,0
13150000,0
13152000,0
13154000,0
13156000,0
13158000,0
13160000,0
13162000,0
13164000,0
13166000,0
13168000,0
13170000,0
13172000,0
13174000,0
13176000,0
13178000,0
13180000,0
13182000,0
13184000,0
13186000,0
13188000,0
13190000,0
13192000,0
13194000,0
13196000,0
13198000,0
13200000,0
13202000,0
13204000,0
13206000,0
13208000,0
13210000,0
13212000,0
13214000,0
13216000,0
13218000,0
13220000,0
13222000,0
13224000,0
13226000,0
13228000,0
13230000,0
13232000,0
13234000,0
13236000,0
13238000,0
13240000,0
13242000,0
13244000,0
13246000,0
13248000,0
13250000,0
13252000,0
13254000,0
13256000,0
13258000,0
13260000,0
13262000,0
13264000,0
13266000,0
13268000,0
13270000,0
13272000,0
13274000,0
13276000,0
13278000,0
13280000,0
13282000,0
13284000,0
13286000,0
13288000,0
13290000,0
13292000,0
13294000,0
13296000,0
13298000,0
13300000,0
13302000,0
13304000,0
13306000,0
13308000,0
13310000,0
13312000,0
13314000,0
13316000,0
13318000,0
13320000,0
13322000,0
13324000,0
13326000,0
13328000,0
13330000,0
13332000,0
13334000,0
13336000,0
13338000,0
13340000,0
13342000,0
13344000,0
13346000,0
13348000,0
13350000,0
13352000,0
13354000,0
13356000,0
13358000,0
13360000,0
13362000,0
13364000,0
13366000,0
13368000,0
13370000,0
13372000,0
13374000,0
13376000,0
13378000,0
13380000,0
13382000,0
13384000,0
13386000,0
13388000,0
13390000,0
13392000,0
13394000,0
13396000,0
13398000,0
13400000,0
13402000,0
13404000,0
13406000,0
13408000,0
13410000,0
13412000,0
13414000,0
13416000,0
13418000,0
13420000,0
13422000,0
13424000,0
13426000,0
13428000,0
13430000,0
13432000,0
13434000,0
13436000,0
13438000,0
13440000,0
13442000,0
13444000,0
13446000,0
13448000,0
13450000,0
13452000,0
13454000,0
13456000,0
13458000,0
13460000,0
13462000,0
13464000,0
13466000,0
13468000,0
13470000,0
13472000,0
13474000,0
13476000,0
13478000,0
13480000,0
13482000,0
13484000,0
13486000,0
13488000,0
13490000,0
13492000,0
13494000,0
13496000,0
13498000,0
13500000,0
13502000,0
13504000,0
13506000,0
13508000,0
13510000,0
13512000,0
13514000,0
13516000,0
13518000,0
13520000,0
13522000,0
13524000,0
13526000,0
13528000,0
13530000,0
13532000,0
13534000,0
13536000,0
13538000,0
13540000,0
13542000,0
13544000,0
13546000,0
13548000,0
13550000,0
13552000,0
13554000,0
13556000,0
13558000,0
13560000,0
13562000,0
13564000,0
13566000,0
13568000,0
13570000,0
13572000,0
13574000,0
13576000,0
13578000,0
13580000,0
13582000,0
13584000,0
13586000,0
13588000,0
13590000,0
13592000,0
13594000,0
13596000,0
13598000,0
13600000,0
13602000,0
13604000,0
13606000,0
13608000,0
13610000,0
13612000,0
13614000,0
13616000,0
13618000,0
13620000,0
13622000,0
13624000,0
13626000,0
13628000,0
13630000,0
13632000,0
13634000,0
13636000,0
13638000,0
13640000,0
13642000,0
13644000,0
13646000,0
13648000,0
13650000,0
13652000,0
13654000,0
13656000,0
13658000,0
13660000,0
13662000,0
13664000,0
13666000,0
13668000,0
13670000,0
13672000,0
13674000,0
13676000,0
13678000,0
13680000,0
13682000,0
13684000,0
13686000,0
13688000,0
13690000,0
13692000,0
13694000,0
13696000,0
13698000,0
13700000,0
13702000,0
13704000,0
13706000,0
13708000,0
13710000,0
13712000,0
13714000,0
13716000,0
13718000,0
13720000,0
13722000,0
13724000,0
13726000,0
13728000,0
13730000,0
13732000,0
13734000,0
13736000,0
13738000,0
13740000,0
13742000,0
13744000,0
13746000,0
13748000,0
13750000,0
13752000,0
13754000,0
13756000,0
13758000,0
13760000,0
13762000,0
13764000,0
13766000,0
13768000,0
13770000,0
13772000,0
13774000,0
13776000,0
13778000,0
13780000,0
13782000,0
13784000,0
13786000,0
13788000,0
13790000,0
13792000,0
13794000,0
13796000,0
13798000,0
13800000,0
13802000,0
13804000,0
13806000,0
13808000,0
13810000,0
13812000,0
13814000,0
13816000,0
13818000,0
13820000,0
13822000,0
13824000,0
13826000,0
13828000,0
13830000,0
13832000,0
13834000,0
13836000,0
13838000,0
13840000,0
13842000,0
13844000,0
13846000,0
13848000,0
13850000,0
13852000,0
13854000,0
13856000,0
13858000,0
13860000,0
13862000,0
13864000,0
13866000,0
13868000,0
13870000,0
13872000,0
13874000,0
13876000,0
13878000,0
13880000,0
13882000,0
13884000,0
13886000,0
13888000,0
13890000,0
13892000,0
13894000,0
13896000,0
13898000,0
13900000,0
13902000,0
13904000,0
13906000,0
13908000,0
13910000,0
13912000,0
13914000,0
13916000,0
13918000,0
13920000,0
13922000,0
13924000,0
13926000,0
13928000,0
13930000,0
13932000,0
13934000,0
13936000,0
13938000,0
13940000,0
13942000,0
13944000,0
13946000,0
13948000,0
13950000,0
13952000,0
13954000,0
13956000,0
13958000,0
13960000,0
13962000,0
13964000,0
13966000,0
13968000,0
13970000,0
13972000,0
13974000,0
13976000,0
13978000,0
13980000,0
13982000,0
13984000,0
13986000,0
13988000,0
13990000,0
13992000,0
13994000,0
13996000,0
13998000,0
14000000,0
14002000,0
14004000,0
14006000,0
14008000,0
14010000,0
14012000,0
14014000,0
14016000,0
14018000,0
14020000,0
14022000,0
14024000,0
14026000,0
14028000,0
14030000,0
14032000,0
14034000,0
14036000,0
14038000,0
14040000,0
14042000,0
14044000,0
14046000,0
14048000,0
14050000,0
14052000,0
14054000,0
14056000,0
14058000,0
14060000,0
14062000,0
14064000,0
14066000,0
14068000,0
14070000,0
14072000,0
14074000,0
14076000,0
14078000,0
14080000,0
14082000,0
14084000,0
14086000,0
14088000,0
14090000,0
14092000,0
14094000,0
14096000,0
14098000,0
14100000,0
14102000,0
14104000,0
14106000,0
14108000,0
14110000,0
14112000,0
14114000,0
14116000,0
14118000,0
14120000,0
14122000,0
14124000,0
14126000,0
14128000,0
14130000,0
14132000,0
14134000,0
14136000,0
14138000,0
14140000,0
14142000,0
14144000,0
14146000,0
14148000,0
14150000,0
14152000,0
14154000,0
14156000,0
14158000,0
14160000,0
14162000,0
14164000,0
14166000,0
14168000,0
14170000,0
14172000,0
14174000,0
14176000,0
14178000,0
14180000,0
14182000,0
14184000,0
14186000,0
14188000,0
14190000,0
14192000,0
14194000,0
14196000,0
14198000,0
14200000,0
14202000,0
14204000,0
14206000,0
14208000,0
14210000,0
14212000,0
14214000,0
14216000,0
14218000,0
14220000,0
14222000,0
14224000,0
14226000,0
14228000,0
14230000,0
14232000,0
14234000,0
14236000,0
14238000,0
14240000,0
14242000,0
14244000,0
14246000,0
14248000,0
14250000,0
14252000,0
14254000,0
14256000,0
14258000,0
14260000,0
14262000,0
14264000,0
14266000,0
14268000,0
14270000,0
14272000,0
14274000,0
14276000,0
14278000,0
14280000,0
14282000,0
14284000,0
14286000,0
14288000,0
14290000,0
14292000,0
14294000,0
14296000,0
14298000,0
14300000,0
14302000,0
14304000,0
14306000,0
14308000,0
14310000,0
14312000,0
14314000,0
14316000,0
14318000,0
14320000,0
14322000,0
14324000,0
14326000,0
14328000,0
14330000,0
14332000,0
14334000,0
14336000,0
14338000,0
14340000,0
14342000,0
14344000,0
14346000,0
14348000,0
14350000,0
14352000,0
14354000,0
14356000,0
14358000,0
14360000,0
14362000,0
14364000,0
14366000,0
14368000,0
14370000,0
14372000,0
14374000,0
14376000,0
14378000,0
14380000,0
14382000,0
14384000,0
14386000,0
14388000,0
14390000,0
14392000,0
14394000,0
14396000,0
14398000,0
14400000,0
14402000,0
14404000,0
14406000,0
14408000,0
14410000,0
14412000,0
14414000,0
14416000,0
14418000,0
14420000,0
14422000,0
14424000,0
14426000,0
14428000,0
14430000,0
14432000,0
14434000,0
14436000,0
14438000,0
14440000,0
14442000,0
14444000,0
14446000,0
14448000,0
14450000,0
14452000,0
14454000,0
14456000,0
14458000,0
14460000,0
14462000,0
14464000,0
14466000,0
14468000,0
14470000,0
14472000,0
14474000,0
14476000,0
14478000,0
14480000,0
14482000,0
14484000,0
14486000,0
14488000,0
14490000,0
14492000,0
14494000,0
14496000,0
14498000,0
14500000,0
14502000,0
14504000,0
14506000,0
14508000,0
14510000,0
14512000,0
14514000,0
14516000,0
14518000,0
14520000,0
14522000,0
14524000,0
14526000,0
14528000,0
14530000,0
14532000,0
14534000,0
14536000,0
14538000,0
14540000,0
14542000,0
14544000,0
14546000,0
14548000,0
14550000,0
14552000,0
14554000,0
14556000,0
14558000,0
14560000,0
14562000,0
14564000,0
14566000,0
14568000,0
14570000,0
14572000,0
14574000,0
14576000,0
14578000,0
14580000,0
14582000,0
14584000,0
14586000,0
14588000,0
14590000,0
14592000,0
14594000,0
14596000,0
14598000,0
14600000,0
14602000,0
14604000,0
14606000,0
14608000,0
14610000,0
14612000,0
14614000,0
14616000,0
14618000,0
14620000,0
14622000,0
14624000,0
14626000,0
14628000,0
14630000,0
14632000,0
14634000,0
14636000,0
14638000,0
14640000,0
14642000,0
14644000,0
14646000,0
14648000,0
14650000,0
14652000,0
14654000,0
14656000,0
14658000,0
14660000,0
14662000,0
14664000,0
14666000,0
14668000,0
14670000,0
14672000,0
14674000,0
14676000,0
14678000,0
14680000,0
14682000,0
14684000,0
14686000,0
14688000,0
14690000,0
14692000,0
14694000,0
14696000,0
14698000,0
14700000,0
14702000,0
14704000,0
14706000,0
14708000,0
14710000,0
14712000,0
14714000,0
14716000,0
14718000,0
14720000,0
14722000,0
14724000,0
14726000,0
14728000,0
14730000,0
14732000,0
14734000,0
14736000,0
14738000,0
14740000,0
14742000,0
14744000,0
14746000,0
14748000,0
14750000,0
14752000,0
14754000,0
14756000,0
14758000,0
14760000,0
14762000,0
14764000,0
14766000,0
14768000,0
14770000,0
14772000,0
14774000,0
14776000,0
14778000,0
14780000,0
14782000,0
14784000,0
14786000,0
14788000,0
14790000,0
14792000,0
14794000,0
14796000,0
14798000,0
14800000,0
14802000,0
14804000,0
14806000,0
14808000,0
14810000,0
14812000,0
14814000,0
14816000,0
14818000,0
14820000,0
14822000,0
14824000,0
14826000,0
14828000,0
14830000,0
14832000,0
14834000,0
14836000,0
14838000,0
14840000,0
14842000,0
14844000,0
14846000,0
14848000,0
14850000,0
14852000,0
14854000,0
14856000,0
14858000,0
14860000,0
14862000,0
14864000,0
14866000,0
14868000,0
14870000,0
14872000,0
14874000,0
14876000,0
14878000,0
14880000,0
14882000,0
14884000,0
14886000,0
14888000,0
14890000,0
14892000,0
14894000,0
14896000,0
14898000,0
14900000,0
14902000,0
14904000,0
14906000,0
14908000,0
14910000,0
14912000,0
14914000,0
14916000,0
14918000,0
14920000,0
14922000,0
14924000,0
14926000,0
14928000,0
14930000,0
14932000,0
14934000,0
14936000,0
14938000,0
14940000,0
14942000,0
14944000,0
14946000,0
14948000,0
14950000,0
14952000,0
14954000,0
14956000,0
14958000,0
14960000,0
14962000,0
14964000,0
14966000,0
14968000,0
14970000,0
14972000,0
14974000,0
14976000,0
14978000,0
14980000,0
14982000,0
14984000,0
14986000,0
14988000,0
14990000,0
14992000,0
14994000,0
14996000,0
14998000,0
15000000,0
15002000,0
15004000,0
15006000,0
15008000,0
15010000,0
15012000,0
15014000,0
15016000,0
15018000,0
15020000,0
15022000,0
15024000,0
15026000,0
15028000,0
15030000,0
15032000,0
15034000,0
15036000,0
15038000,0
15040000,0
15042000,0
15044000,0
15046000,0
15048000,0
15050000,0
15052000,0
15054000,0
15056000,0
15058000,0
15060000,0
15062000,0
15064000,0
15066000,0
15068000,0
15070000,0
15072000,0
15074000,0
15076000,0
15078000,0
15080000,0
15082000,0
15084000,0
15086000,0
15088000,0
15090000,0
15092000,0
15094000,0
15096000,0
15098000,0
15100000,0
15102000,0
15104000,0
15106000,0
15108000,0
15110000,0
15112000,0
15114000,0
15116000,0
15118000,0
15120000,0
15122000,0
15124000,0
15126000,0
15128000,0
15130000,0
15132000,0
15134000,0
15136000,0
15138000,0
15140000,0
15142000,0
15144000,0
15146000,0
15148000,0
15150000,0
15152000,0
15154000,0
15156000,0
15158000,0
15160000,0
15162000,0
15164000,0
15166000,0
15168000,0
15170000,0
15172000,0
15174000,0
15176000,0
15178000,0
15180000,0
15182000,0
15184000,0
15186000,0
15188000,0
15190000,0
15192000,0
15194000,0
15196000,0
15198000,0
15200000,0
15202000,0
15204000,0
15206000,0
15208000,0
15210000,0
15212000,0
15214000,0
15216000,0
15218000,0
15220000,0
15222000,0
15224000,0
15226000,0
15228000,0
15230000,0
15232000,0
15234000,0
15236000,0
15238000,0
15240000,0
15242000,0
15244000,0
15246000,0
15248000,0
15250000,0
15252000,0
15254000,0
15256000,0
15258000,0
15260000,0
15262000,0
15264000,0
15266000,0
15268000,0
15270000,0
15272000,0
15274000,0
15276000,0
15278000,0
15280000,0
15282000,0
15284000,0
15286000,0
15288000,0
15290000,0
15292000,0
15294000,0
15296000,0
15298000,0
15300000,0
15302000,0
15304000,0
15306000,0
15308000,0
15310000,0
15312000,0
15314000,0
15316000,0
15318000,0
15320000,0
15322000,0
15324000,0
15326000,0
15328000,0
15330000,0
15332000,0
15334000,0
15336000,0
15338000,0
15340000,0
15342000,0
15344000,0
15346000,0
15348000,0
15350000,0
15352000,0
15354000,0
15356000,0
15358000,0
15360000,0
15362000,0
15364000,0
15366000,0
15368000,0
15370000,0
15372000,0
15374000,0
15376000,0
15378000,0
15380000,0
15382000,0
15384000,0
15386000,0
15388000,0
15390000,0
15392000,0
15394000,0
15396000,0
15398000,0
15400000,0
15402000,0
15404000,0
15406000,0
15408000,0
15410000,0
15412000,0
15414000,0
15416000,0
15418000,0
15420000,0
15422000,0
15424000,0
15426000,0
15428000,0
15430000,0
15432000,0
15434000,0
15436000,0
15438000,0
15440000,0
15442000,0
15444000,0
15446000,0
15448000,0
15450000,0
15452000,0
15454000,0
15456000,0
15458000,0
15460000,0
15462000,0
15464000,0
15466000,0
15468000,0
15470000,0
15472000,0
15474000,0
15476000,0
15478000,0
15480000,0
15482000,0
15484000,0
15486000,0
15488000,0
15490000,0
15492000,0
15494000,0
15496000,0
15498000,0
15500000,0
15502000,0
15504000,0
15506000,0
15508000,0
15510000,0
15512000,0
15514000,0
15516000,0
15518000,0
15520000,0
15522000,0
15524000,0
15526000,0
15528000,0
15530000,0
15532000,0
15534000,0
15536000,0
15538000,0
15540000,0
15542000,0
15544000,0
15546000,0
15548000,0
15550000,0
15552000,0
15554000,0
15556000,0
15558000,0
15560000,0
15562000,0
15564000,0
15566000,0
15568000,0
15570000,0
15572000,0
15574000,0
15576000,0
15578000,0
15580000,0
15582000,0
15584000,0
15586000,0
15588000,0
15590000,0
15592000,0
15594000,0
15596000,0
15598000,0
15600000,0
15602000,0
15604000,0
15606000,0
15608000,0
15610000,0
15612000,0
15614000,0
15616000,0
15618000,0
15620000,0
15622000,0
15624000,0
15626000,0
15628000,0
15630000,0
15632000,0
15634000,0
15636000,0
15638000,0
15640000,0
15642000,0
15644000,0
15646000,0
15648000,0
15650000,0
15652000,0
15654000,0
15656000,0
15658000,0
15660000,0
15662000,0
15664000,0
15666000,0
15668000,0
15670000,0
15672000,0
15674000,0
15676000,0
15678000,0
15680000,0
15682000,0
15684000,0
15686000,0
15688000,0
15690000,0
15692000,0
15694000,0
15696000,0
15698000,0
15700000,0
15702000,0
15704000,0
15706000,0
15708000,0
15710000,0
15712000,0
15714000,0
15716000,0
15718000,0
15720000,0
15722000,0
15724000,0
15726000,0
15728000,0
15730000,0
15732000,0
15734000,0
15736000,0
15738000,0
15740000,0
15742000,0
15744000,0
15746000,0
15748000,0
15750000,0
15752000,0
15754000,0
15756000,0
15758000,0
15760000,0
15762000,0
15764000,0
15766000,0
15768000,0
15770000,0
15772000,0
15774000,0
15776000,0
15778000,0
15780000,0
15782000,0
15784000,0
15786000,0
15788000,0
15790000,0
15792000,0
15794000,0
15796000,0
15798000,0
15800000,0
15802000,0
15804000,0
15806000,0
15808000,0
15810000,0
15812000,0
15814000,0
15816000,0
15818000,0
15820000,0
15822000,0
15824000,0
15826000,0
15828000,0
15830000,0
15832000,0
15834000,0
15836000,0
15838000,0
15840000,0
15842000,0
15844000,0
15846000,0
15848000,0
15850000,0
15852000,0
15854000,0
15856000,0
15858000,0
15860000,0
15862000,0
15864000,0
15866000,0
15868000,0
15870000,0
15872000,0
15874000,0
15876000,0
15878000,0
15880000,0
15882000,0
15884000,0
15886000,0
15888000,0
15890000,0
15892000,0
15894000,0
15896000,0
15898000,0
15900000,0
15902000,0
15904000,0
15906000,0
15908000,0
15910000,0
15912000,0
15914000,0
15916000,0
15918000,0
15920000,0
15922000,0
15924000,0
15926000,0
15928000,0
15930000,0
15932000,0
15934000,0
15936000,0
15938000,0
15940000,0
15942000,0
15944000,0
15946000,0
15948000,0
15950000,0
15952000,0
15954000,0
15956000,0
15958000,0
15960000,0
15962000,0
15964000,0
15966000,0
15968000,0
15970000,0
15972000,0
15974000,0
15976000,0
15978000,0
15980000,0
15982000,0
15984000,0
15986000,0
15988000,0
15990000,0
15992000,0
15994000,0
15996000,0
15998000,0
16000000,0
16002000,0
16004000,0
16006000,0
16008000,0
16010000,0
16012000,0
16014000,0
16016000,0
16018000,0
16020000,0
16022000,0
16024000,0
16026000,0
16028000,0
16030000,0
16032000,0
16034000,0
16036000,0
16038000,0
16040000,0
16042000,0
16044000,0
16046000,0
16048000,0
16050000,0
16052000,0
16054000,0
16056000,0
16058000,0
16060000,0
16062000,0
16064000,0
16066000,0
16068000,0
16070000,0
16072000,0
16074000,0
16076000,0
16078000,0
16080000,0
16082000,0
16084000,0
16086000,0
16088000,0
16090000,0
16092000,0
16094000,0
16096000,0
16098000,0
16100000,0
16102000,0
16104000,0
16106000,0
16108000,0
16110000,0
16112000,0
16114000,0
16116000,0
16118000,0
16120000,0
16122000,0
16124000,0
16126000,0
16128000,0
16130000,0
16132000,0
16134000,0
16136000,0
16138000,0
16140000,0
16142000,0
16144000,0
16146000,0
16148000,0
16150000,0
16152000,0
16154000,0
16156000,0
16158000,0
16160000,0
16162000,0
16164000,0
16166000,0
16168000,0
16170000,0
16172000,0
16174000,0
16176000,0
16178000,0
16180000,0
16182000,0
16184000,0
16186000,0
16188000,0
16190000,0
16192000,0
16194000,0
16196000,0
16198000,0
16200000,0
16202000,0
16204000,0
16206000,0
16208000,0
16210000,0
16212000,0
16214000,0
16216000,0
16218000,0
16220000,0
16222000,0
16224000,0
16226000,0
16228000,0
16230000,0
16232000,0
16234000,0
16236000,0
16238000,0
16240000,0
16242000,0
16244000,0
16246000,0
16248000,0
16250000,0
16252000,0
16254000,0
16256000,0
16258000,0
16260000,0
16262000,0
16264000,0
16266000,0
16268000,0
16270000,0
16272000,0
16274000,0
16276000,0
16278000,0
16280000,0
16282000,0
16284000,0
16286000,0
16288000,0
16290000,0
16292000,0
16294000,0
16296000,0
16298000,0
16300000,0
16302000,0
16304000,0
16306000,0
16308000,0
16310000,0
16312000,0
16314000,0
16316000,0
16318000,0
16320000,0
16322000,0
16324000,0
16326000,0
16328000,0
16330000,0
16332000,0
16334000,0
16336000,0
16338000,0
16340000,0
16342000,0
16344000,0
16346000,0
16348000,0
16350000,0
16352000,0
16354000,0
16356000,0
16358000,0
16360000,0
16362000,0
16364000,0
16366000,0
16368000,0
16370000,0
16372000,0
16374000,0
16376000,0
16378000,0
16380000,0
16382000,0
16384000,0
16386000,0
16388000,0
16390000,0
16392000,0
16394000,0
16396000,0
16398000,0
16400000,0
16402000,0
16404000,0
16406000,0
16408000,0
16410000,0
16412000,0
16414000,0
16416000,0
16418000,0
16420000,0
16422000,0
16424000,0
16426000,0
16428000,0
16430000,0
16432000,0
16434000,0
16436000,0
16438000,0
16440000,0
16442000,0
16444000,0
16446000,0
16448000,0
16450000,0
16452000,0
16454000,0
16456000,0
16458000,0
16460000,0
16462000,0
16464000,0
16466000,0
16468000,0
16470000,0
16472000,0
16474000,0
16476000,0
16478000,0
16480000,0
16482000,0
16484000,0
16486000,0
16488000,0
16490000,0
16492000,0
16494000,0
16496000,0
16498000,0
16500000,0
16502000,0
16504000,0
16506000,0
16508000,0
16510000,0
16512000,0
16514000,0
16516000,0
16518000,0
16520000,0
16522000,0
16524000,0
16526000,0
16528000,0
16530000,0
16532000,0
16534000,0
16536000,0
16538000,0
16540000,0
16542000,0
16544000,0
16546000,0
16548000,0
16550000,0
16552000,0
16554000,0
16556000,0
16558000,0
16560000,0
16562000,0
16564000,0
16566000,0
16568000,0
16570000,0
16572000,0
16574000,0
16576000,0
16578000,0
16580000,0
16582000,0
16584000,0
16586000,0
16588000,0
16590000,0
16592000,0
16594000,0
16596000,0
16598000,0
16600000,0
16602000,0
16604000,0
16606000,0
16608000,0
16610000,0
16612000,0
16614000,0
16616000,0
16618000,0
16620000,0
16622000,0
16624000,0
16626000,0
16628000,0
16630000,0
16632000,0
16634000,0
16636000,0
16638000,0
16640000,0
16642000,0
16644000,0
16646000,0
16648000,0
16650000,0
16652000,0
16654000,0
16656000,0
16658000,0
16660000,0
16662000,0
16664000,0
16666000,0
16668000,0
16670000,0
16672000,0
16674000,0
16676000,0
16678000,0
16680000,0
16682000,0
16684000,0
16686000,0
16688000,0
16690000,0
16692000,0
16694000,0
16696000,0
16698000,0
16700000,0
16702000,0
16704000,0
16706000,0
16708000,0
16710000,0
16712000,0
16714000,0
16716000,0
16718000,0
16720000,0
16722000,0
16724000,0
16726000,0
16728000,0
16730000,0
16732000,0
16734000,0
16736000,0
16738000,0
16740000,0
16742000,0
16744000,0
16746000,0
16748000,0
16750000,0
16752000,0
16754000,0
16756000,0
16758000,0
16760000,0
16762000,0
16764000,0
16766000,0
16768000,0
16770000,0
16772000,0
16774000,0
16776000,0
16778000,0
16780000,0
16782000,0
16784000,0
16786000,0
16788000,0
16790000,0
16792000,0
16794000,0
16796000,0
16798000,0
16800000,0
16802000,0
16804000,0
16806000,0
16808000,0
16810000,0
16812000,0
16814000,0
16816000,0
16818000,0
16820000,0
16822000,0
16824000,0
16826000,0
16828000,0
16830000,0
16832000,0
16834000,0
16836000,0
16838000,0
16840000,0
16842000,0
16844000,0
16846000,0
16848000,0
16850000,0
16852000,0
16854000,0
16856000,0
16858000,0
16860000,0
16862000,0
16864000,0
16866000,0
16868000,0
16870000,0
16872000,0
16874000,0
16876000,0
16878000,0
16880000,0
16882000,0
16884000,0
16886000,0
16888000,0
16890000,0
16892000,0
16894000,0
16896000,0
16898000,0
16900000,0
16902000,0
16904000,0
16906000,0
16908000,0
16910000,0
16912000,0
16914000,0
16916000,0
16918000,0
16920000,0
16922000,0
16924000,0
16926000,0
16928000,0
16930000,0
16932000,0
16934000,0
16936000,0
16938000,0
16940000,0
16942000,0
16944000,0
16946000,0
16948000,0
16950000,0
16952000,0
16954000,0
16956000,0
16958000,0
16960000,0
16962000,0
16964000,0
16966000,0
16968000,0
16970000,0
16972000,0
16974000,0
16976000,0
16978000,0
16980000,0
16982000,0
16984000,0
16986000,0
16988000,0
16990000,0
16992000,0
16994000,0
16996000,0
16998000,0
17000000,0
17002000,0
17004000,0
17006000,0
17008000,0
17010000,0
17012000,0
17014000,0
17016000,0
17018000,0
17020000,0
17022000,0
17024000,0
17026000,0
17028000,0
17030000,0
17032000,0
17034000,0
17036000,0
17038000,0
17040000,0
17042000,0
17044000,0
17046000,0
17048000,0
17050000,0
17052000,0
17054000,0
17056000,0
17058000,0
17060000,0
17062000,0
17064000,0
17066000,0
17068000,0
17070000,0
17072000,0
17074000,0
17076000,0
17078000,0
17080000,0
17082000,0
17084000,0
17086000,0
17088000,0
17090000,0
17092000,0
17094000,0
17096000,0
17098000,0
17100000,0
17102000,0
17104000,0
17106000,0
17108000,0
17110000,0
17112000,0
17114000,0
17116000,0
17118000,0
17120000,0
17122000,0
17124000,0
17126000,0
17128000,0
17130000,0
17132000,0
17134000,0
17136000,0
17138000,0
17140000,0
17142000,0
17144000,0
17146000,0
17148000,0
17150000,0
17152000,0
17154000,0
17156000,0
17158000,0
17160000,0
17162000,0
17164000,0
17166000,0
17168000,0
17170000,0
17172000,0
17174000,0
17176000,0
17178000,0
17180000,0
17182000,0
17184000,0
17186000,0
17188000,0
17190000,0
17192000,0
17194000,0
17196000,0
17198000,0
17200000,0
17202000,0
17204000,0
17206000,0
17208000,0
17210000,0
17212000,0
17214000,0
17216000,0
17218000,0
17220000,0
17222000,0
17224000,0
17226000,0
17228000,0
17230000,0
17232000,0
17234000,0
17236000,0
17238000,0
17240000,0
17242000,0
17244000,0
17246000,0
17248000,0
17250000,0
17252000,0
17254000,0
17256000,0
17258000,0
17260000,0
17262000,0
17264000,0
17266000,0
17268000,0
17270000,0
17272000,0
17274000,0
17276000,0
17278000,0
17280000,0
17282000,0
17284000,0
17286000,0
17288000,0
17290000,0
17292000,0
17294000,0
17296000,0
17298000,0
17300000,0
17302000,0
17304000,0
17306000,0
17308000,0
17310000,0
17312000,0
17314000,0
17316000,0
17318000,0
17320000,0
17322000,0
17324000,0
17326000,0
17328000,0
17330000,0
17332000,0
17334000,0
17336000,0
17338000,0
17340000,0
17342000,0
17344000,0
17346000,0
17348000,0
17350000,0
17352000,0
17354000,0
17356000,0
17358000,0
17360000,0
17362000,0
17364000,0
17366000,0
17368000,0
17370000,0
17372000,0
17374000,0
17376000,0
17378000,0
17380000,0
17382000,0
17384000,0
17386000,0
17388000,0
17390000,0
17392000,0
17394000,0
17396000,0
17398000,0
17400000,0
17402000,0
17404000,0
17406000,0
17408000,0
17410000,0
17412000,0
17414000,0
17416000,0
17418000,0
17420000,0
17422000,0
17424000,0
17426000,0
17428000,0
17430000,0
17432000,0
17434000,0
17436000,0
17438000,0
17440000,0
17442000,0
17444000,0
17446000,0
17448000,0
17450000,0
17452000,0
17454000,0
17456000,0
17458000,0
17460000,0
17462000,0
17464000,0
17466000,0
17468000,0
17470000,0
17472000,0
17474000,0
17476000,0
17478000,0
17480000,0
17482000,0
17484000,0
17486000,0
17488000,0
17490000,0
17492000,0
17494000,0
17496000,0
17498000,0
17500000,0
17502000,0
17504000,0
17506000,0
17508000,0
17510000,0
17512000,0
17514000,0
17516000,0
17518000,0
17520000,0
17522000,0
17524000,0
17526000,0
17528000,0
17530000,0
17532000,0
17534000,0
17536000,0
17538000,0
17540000,0
17542000,0
17544000,0
17546000,0
17548000,0
17550000,0
17552000,0
17554000,0
17556000,0
17558000,0
17560000,0
17562000,0
17564000,0
17566000,0
17568000,0
17570000,0
17572000,0
17574000,0
17576000,0
17578000,0
17580000,0
17582000,0
17584000,0
17586000,0
17588000,0
17590000,0
17592000,0
17594000,0
17596000,0
17598000,0
17600000,0
17602000,0
17604000,0
17606000,0
17608000,0
17610000,0
17612000,0
17614000,0
17616000,0
17618000,0
17620000,0
17622000,0
17624000,0
17626000,0
17628000,0
17630000,0
17632000,0
17634000,0
17636000,0
17638000,0
17640000,0
17642000,0
17644000,0
17646000,0
17648000,0
17650000,0
17652000,0
17654000,0
17656000,0
17658000,0
17660000,0
17662000,0
17664000,0
17666000,0
17668000,0
17670000,0
17672000,0
17674000,0
17676000,0
17678000,0
17680000,0
17682000,0
17684000,0
17686000,0
17688000,0
17690000,0
17692000,0
17694000,0
17696000,0
17698000,0
17700000,0
17702000,0
17704000,0
17706000,0
17708000,0
17710000,0
17712000,0
17714000,0
17716000,0
17718000,0
17720000,0
17722000,0
17724000,0
17726000,0
17728000,0
17730000,0
17732000,0
17734000,0
17736000,0
17738000,0
17740000,0
17742000,0
17744000,0
17746000,0
17748000,0
17750000,0
17752000,0
17754000,0
17756000,0
17758000,0
17760000,0
17762000,0
17764000,0
17766000,0
17768000,0
17770000,0
17772000,0
17774000,0
17776000,0
17778000,0
17780000,0
17782000,0
17784000,0
17786000,0
17788000,0
17790000,0
17792000,0
17794000,0
17796000,0
17798000,0
17800000,0
17802000,0
17804000,0
17806000,0
17808000,0
17810000,0
17812000,0
17814000,0
17816000,0
17818000,0
17820000,0
17822000,0
17824000,0
17826000,0
17828000,0
17830000,0
17832000,0
17834000,0
17836000,0
17838000,0
17840000,0
17842000,0
17844000,0
17846000,0
17848000,0
17850000,0
17852000,0
17854000,0
17856000,0
17858000,0
17860000,0
17862000,0
17864000,0
17866000,0
17868000,0
17870000,0
17872000,0
17874000,0
17876000,0
17878000,0
17880000,0
17882000,0
17884000,0
17886000,0
17888000,0
17890000,0
17892000,0
17894000,0
17896000,0
17898000,0
17900000,0
17902000,0
17904000,0
17906000,0
17908000,0
17910000,0
17912000,0
17914000,0
17916000,0
17918000,0
17920000,0
17922000,0
17924000,0
17926000,0
17928000,0
17930000,0
17932000,0
17934000,0
17936000,0
17938000,0
17940000,0
17942000,0
17944000,0
17946000,0
17948000,0
17950000,0
17952000,0
17954000,0
17956000,0
17958000,0
17960000,0
17962000,0
17964000,0
17966000,0
17968000,0
17970000,0
17972000,0
17974000,0
17976000,0
17978000,0
17980000,0
17982000,0
17984000,0
17986000,0
17988000,0
17990000,0
17992000,0
17994000,0
17996000,0
17998000,0
18000000,0
18002000,0
18004000,0
18006000,0
18008000,0
18010000,0
18012000,0
18014000,0
18016000,0
18018000,0
18020000,0
18022000,0
18024000,0
18026000,0
18028000,0
18030000,0
18032000,0
18034000,0
18036000,0
18038000,0
18040000,0
18042000,0
18044000,0
18046000,0
18048000,0
18050000,0
18052000,0
18054000,0
18056000,0
18058000,0
18060000,0
18062000,0
18064000,0
18066000,0
18068000,0
18070000,0
18072000,0
18074000,0
18076000,0
18078000,0
18080000,0
18082000,0
18084000,0
18086000,0
18088000,0
18090000,0
18092000,0
18094000,0
18096000,0
18098000,0
18100000,0
18102000,0
18104000,0
18106000,0
18108000,0
18110000,0
18112000,0
18114000,0
18116000,0
18118000,0
18120000,0
18122000,0
18124000,0
18126000,0
18128000,0
18130000,0
18132000,0
18134000,0
18136000,0
18138000,0
18140000,0
18142000,0
18144000,0
18146000,0
18148000,0
18150000,0
18152000,0
18154000,0
18156000,0
18158000,0
18160000,0
18162000,0
18164000,0
18166000,0
18168000,0
18170000,0
18172000,0
18174000,0
18176000,0
18178000,0
18180000,0
18182000,0
18184000,0
18186000,0
18188000,0
18190000,0
18192000,0
18194000,0
18196000,0
18198000,0
18200000,0
18202000,0
18204000,0
18206000,0
18208000,0
18210000,0
18212000,0
18214000,0
18216000,0
18218000,0
18220000,0
18222000,0
18224000,0
18226000,0
18228000,0
18230000,0
18232000,0
18234000,0
18236000,0
18238000,0
18240000,0
18242000,0
18244000,0
18246000,0
18248000,0
18250000,0
18252000,0
18254000,0
18256000,0
18258000,0
18260000,0
18262000,0
18264000,0
18266000,0
18268000,0
18270000,0
18272000,0
18274000,0
18276000,0
18278000,0
18280000,0
18282000,0
18284000,0
18286000,0
18288000,0
18290000,0
18292000,0
18294000,0
18296000,0
18298000,0
18300000,0
18302000,0
18304000,0
18306000,0
18308000,0
18310000,0
18312000,0
18314000,0
18316000,0
18318000,0
18320000,0
18322000,0
18324000,0
18326000,0
18328000,0
18330000,0
18332000,0
18334000,0
18336000,0
18338000,0
18340000,0
18342000,0
18344000,0
18346000,0
18348000,0
18350000,0
18352000,0
18354000,0
18356000,0
18358000,0
18360000,0
18362000,0
18364000,0
18366000,0
18368000,0
18370000,0
18372000,0
18374000,0
18376000,0
18378000,0
18380000,0
18382000,0
18384000,0
18386000,0
18388000,0
18390000,0
18392000,0
18394000,0
18396000,0
18398000,0
18400000,0
18402000,0
18404000,0
18406000,0
18408000,0
18410000,0
18412000,0
18414000,0
18416000,0
18418000,0
18420000,0
18422000,0
18424000,0
18426000,0
18428000,0
18430000,0
18432000,0
18434000,0
18436000,0
18438000,0
18440000,0
18442000,0
18444000,0
18446000,0
18448000,0
18450000,0
18452000,0
18454000,0
18456000,0
18458000,0
18460000,0
18462000,0
18464000,0
18466000,0
18468000,0
18470000,0
18472000,0
18474000,0
18476000,0
18478000,0
18480000,0
18482000,0
18484000,0
18486000,0
18488000,0
18490000,0
18492000,0
18494000,0
18496000,0
18498000,0
18500000,0
18502000,0
18504000,0
18506000,0
18508000,0
18510000,0
18512000,0
18514000,0
18516000,0
18518000,0
18520000,0
18522000,0
18524000,0
18526000,0
18528000,0
18530000,0
18532000,0
18534000,0
18536000,0
18538000,0
18540000,0
18542000,0
18544000,0
18546000,0
18548000,0
18550000,0
18552000,0
18554000,0
18556000,0
18558000,0
18560000,0
18562000,0
18564000,0
18566000,0
18568000,0
18570000,0
18572000,0
18574000,0
18576000,0
18578000,0
18580000,0
18582000,0
18584000,0
18586000,0
18588000,0
18590000,0
18592000,0
18594000,0
18596000,0
18598000,0
18600000,0
18602000,0
18604000,0
18606000,0
18608000,0
18610000,0
18612000,0
18614000,0
18616000,0
18618000,0
18620000,0
18622000,0
18624000,0
18626000,0
18628000,0
18630000,0
18632000,0
18634000,0
18636000,0
18638000,0
18640000,0
18642000,0
18644000,0
18646000,0
18648000,0
18650000,0
18652000,0
18654000,0
18656000,0
18658000,0
18660000,0
18662000,0
18664000,0
18666000,0
18668000,0
18670000,0
18672000,0
18674000,0
18676000,0
18678000,0
18680000,0
18682000,0
18684000,0
18686000,0
18688000,0
18690000,0
18692000,0
18694000,0
18696000,0
18698000,0
18700000,0
18702000,0
18704000,0
18706000,0
18708000,0
18710000,0
18712000,0
18714000,0
18716000,0
18718000,0
18720000,0
18722000,0
18724000,0
18726000,0
18728000,0
18730000,0
18732000,0
18734000,0
18736000,0
18738000,0
18740000,0
18742000,0
18744000,0
18746000,0
18748000,0
18750000,0
18752000,0
18754000,0
18756000,0
18758000,0
18760000,0
18762000,0
18764000,0
18766000,0
18768000,0
18770000,0
18772000,0
18774000,0
18776000,0
18778000,0
18780000,0
18782000,0
18784000,0
18786000,0
18788000,0
18790000,0
18792000,0
18794000,0
18796000,0
18798000,0
18800000,0
18802000,0
18804000,0
18806000,0
18808000,0
18810000,0
18812000,0
18814000,0
18816000,0
18818000,0
18820000,0
18822000,0
18824000,0
18826000,0
18828000,0
18830000,0
18832000,0
18834000,0
18836000,0
18838000,0
18840000,0
18842000,0
18844000,0
18846000,0
18848000,0
18850000,0
18852000,0
18854000,0
18856000,0
18858000,0
18860000,0
18862000,0
18864000,0
18866000,0
18868000,0
18870000,0
18872000,0
18874000,0
18876000,0
18878000,0
18880000,0
18882000,0
18884000,0
18886000,0
18888000,0
18890000,0
18892000,0
18894000,0
18896000,0
18898000,0
18900000,0
18902000,0
18904000,0
18906000,0
18908000,0
18910000,0
18912000,0
18914000,0
18916000,0
18918000,0
18920000,0
18922000,0
18924000,0
18926000,0
18928000,0
18930000,0
18932000,0
18934000,0
18936000,0
18938000,0
18940000,0
18942000,0
18944000,0
18946000,0
18948000,0
18950000,0
18952000,0
18954000,0
18956000,0
18958000,0
18960000,0
18962000,0
18964000,0
18966000,0
18968000,0
18970000,0
18972000,0
18974000,0
18976000,0
18978000,0
18980000,0
18982000,0
18984000,0
18986000,0
18988000,0
18990000,0
18992000,0
18994000,0
18996000,0
18998000,0
19000000,0
19002000,0
19004000,0
19006000,0
19008000,0
19010000,0
19012000,0
19014000,0
19016000,0
19018000,0
19020000,0
19022000,0
19024000,0
19026000,0
19028000,0
19030000,0
19032000,0
19034000,0
19036000,0
19038000,0
19040000,0
19042000,0
19044000,0
19046000,0
19048000,0
19050000,0
19052000,0
19054000,0
19056000,0
19058000,0
19060000,0
19062000,0
19064000,0
19066000,0
19068000,0
19070000,0
19072000,0
19074000,0
19076000,0
19078000,0
19080000,0
19082000,0
19084000,0
19086000,0
19088000,0
19090000,0
19092000,0
19094000,0
19096000,0
19098000,0
19100000,0
19102000,0
19104000,0
19106000,0
19108000,0
19110000,0
19112000,0
19114000,0
19116000,0
19118000,0
19120000,0
19122000,0
19124000,0
19126000,0
19128000,0
19130000,0
19132000,0
19134000,0
19136000,0
19138000,0
19140000,0
19142000,0
19144000,0
19146000,0
19148000,0
19150000,0
19152000,0
19154000,0
19156000,0
19158000,0
19160000,0
19162000,0
19164000,0
19166000,0
19168000,0
19170000,0
19172000,0
19174000,0
19176000,0
19178000,0
19180000,0
19182000,0
19184000,0
19186000,0
19188000,0
19190000,0
19192000,0
19194000,0
19196000,0
19198000,0
19200000,0
19202000,0
19204000,0
19206000,0
19208000,0
19210000,0
19212000,0
19214000,0
19216000,0
19218000,0
19220000,0
19222000,0
19224000,0
19226000,0
19228000,0
19230000,0
19232000,0
19234000,0
19236000,0
19238000,0
19240000,0
19242000,0
19244000,0
19246000,0
19248000,0
19250000,0
19252000,0
19254000,0
19256000,0
19258000,0
19260000,0
19262000,0
19264000,0
19266000,0
19268000,0
19270000,0
19272000,0
19274000,0
19276000,0
19278000,0
19280000,0
19282000,0
19284000,0
19286000,0
19288000,0
19290000,0
19292000,0
19294000,0
19296000,0
19298000,0
19300000,0
19302000,0
19304000,0
19306000,0
19308000,0
19310000,0
19312000,0
19314000,0
19316000,0
19318000,0
19320000,0
19322000,0
19324000,0
19326000,0
19328000,0
19330000,0
19332000,0
19334000,0
19336000,0
19338000,0
19340000,0
19342000,0
19344000,0
19346000,0
19348000,0
19350000,0
19352000,0
19354000,0
19356000,0
19358000,0
19360000,0
19362000,0
19364000,0
19366000,0
19368000,0
19370000,0
19372000,0
19374000,0
19376000,0
19378000,0
19380000,0
19382000,0
19384000,0
19386000,0
19388000,0
19390000,0
19392000,0
19394000,0
19396000,0
19398000,0
19400000,0
19402000,0
19404000,0
19406000,0
19408000,0
19410000,0
19412000,0
19414000,0
19416000,0
19418000,0
19420000,0
19422000,0
19424000,0
19426000,0
19428000,0
19430000,0
19432000,0
19434000,0
19436000,0
19438000,0
19440000,0
19442000,0
19444000,0
19446000,0
19448000,0
19450000,0
19452000,0
19454000,0
19456000,0
19458000,0
19460000,0
19462000,0
19464000,0
19466000,0
19468000,0
19470000,0
19472000,0
19474000,0
19476000,0
19478000,0
19480000,0
19482000,0
19484000,0
19486000,0
19488000,0
19490000,0
19492000,0
19494000,0
19496000,0
19498000,0
19500000,0
19502000,0
19504000,0
19506000,0
19508000,0
19510000,0
19512000,0
19514000,0
19516000,0
19518000,0
19520000,0
19522000,0
19524000,0
19526000,0
19528000,0
19530000,0
19532000,0
19534000,0
19536000,0
19538000,0
19540000,0
19542000,0
19544000,0
19546000,0
19548000,0
19550000,0
19552000,0
19554000,0
19556000,0
19558000,0
19560000,0
19562000,0
19564000,0
19566000,0
19568000,0
19570000,0
19572000,0
19574000,0
19576000,0
19578000,0
19580000,0
19582000,0
19584000,0
19586000,0
19588000,0
19590000,0
19592000,0
19594000,0
19596000,0
19598000,0
19600000,0
19602000,0
19604000,0
19606000,0
19608000,0
19610000,0
19612000,0
19614000,0
19616000,0
19618000,0
19620000,0
19622000,0
19624000,0
19626000,0
19628000,0
19630000,0
19632000,0
19634000,0
19636000,0
19638000,0
19640000,0
19642000,0
19644000,0
19646000,0
19648000,0
19650000,0
19652000,0
19654000,0
19656000,0
19658000,0
19660000,0
19662000,0
19664000,0
19666000,0
19668000,0
19670000,0
19672000,0
19674000,0
19676000,0
19678000,0
19680000,0
19682000,0
19684000,0
19686000,0
19688000,0
19690000,0
19692000,0
19694000,0
19696000,0
19698000,0
19700000,0
19702000,0
19704000,0
19706000,0
19708000,0
19710000,0
19712000,0
19714000,0
19716000,0
19718000,0
19720000,0
19722000,0
19724000,0
19726000,0
19728000,0
19730000,0
19732000,0
19734000,0
19736000,0
19738000,0
19740000,0
19742000,0
19744000,0
19746000,0
19748000,0
19750000,0
19752000,0
19754000,0
19756000,0
19758000,0
19760000,0
19762000,0
19764000,0
19766000,0
19768000,0
19770000,0
19772000,0
19774000,0
19776000,0
19778000,0
19780000,0
19782000,0
19784000,0
19786000,0
19788000,0
19790000,0
19792000,0
19794000,0
19796000,0
19798000,0
19800000,0
19802000,0
19804000,0
19806000,0
19808000,0
19810000,0
19812000,0
19814000,0
19816000,0
19818000,0
19820000,0
19822000,0
19824000,0
19826000,0
19828000,0
19830000,0
19832000,0
19834000,0
19836000,0
19838000,0
19840000,0
19842000,0
19844000,0
19846000,0
19848000,0
19850000,0
19852000,0
19854000,0
19856000,0
19858000,0
19860000,0
19862000,0
19864000,0
19866000,0
19868000,0
19870000,0
19872000,0
19874000,0
19876000,0
19878000,0
19880000,0
19882000,0
19884000,0
19886000,0
19888000,0
19890000,0
19892000,0
19894000,0
19896000,0
19898000,0
19900000,0
19902000,0
19904000,0
19906000,0
19908000,0
19910000,0
19912000,0
19914000,0
19916000,0
19918000,0
19920000,0
19922000,0
19924000,0
19926000,0
19928000,0
19930000,0
19932000,0
19934000,0
19936000,0
19938000,0
19940000,0
19942000,0
19944000,0
19946000,0
19948000,0
19950000,0
19952000,0
19954000,0
19956000,0
19958000,0
19960000,0
19962000,0
19964000,0
19966000,0
19968000,0
19970000,0
19972000,0
19974000,0
19976000,0
19978000,0
19980000,0
19982000,0
19984000,0
19986000,0
19988000,0
19990000,0
19992000,0
19994000,0
19996000,0
19998000,0
20000000,0
20002000,0
20004000,0
20006000,0
20008000,0
20010000,0
20012000,0
20014000,0
20016000,0
20018000,0
20020000,0
20022000,0
20024000,0
20026000,0
20028000,0
20030000,0
20032000,0
20034000,0
20036000,0
20038000,0
20040000,0
20042000,0
20044000,0
20046000,0
20048000,0
20050000,0
20052000,0
20054000,0
20056000,0
20058000,0
20060000,0
20062000,0
20064000,0
20066000,0
20068000,0
20070000,0
20072000,0
20074000,0
20076000,0
20078000,0
20080000,0
20082000,0
20084000,0
20086000,0
20088000,0
20090000,0
20092000,0
20094000,0
20096000,0
20098000,0
20100000,0
20102000,0
20104000,0
20106000,0
20108000,0
20110000,0
20112000,0
20114000,0
20116000,0
20118000,0
20120000,0
20122000,0
20124000,0
20126000,0
20128000,0
20130000,0
20132000,0
20134000,0
20136000,0
20138000,0
20140000,0
20142000,0
20144000,0
20146000,0
20148000,0
20150000,0
20152000,0
20154000,0
20156000,0
20158000,0
20160000,0
20162000,0
20164000,0
20166000,0
20168000,0
20170000,0
20172000,0
20174000,0
20176000,0
20178000,0
20180000,0
20182000,0
20184000,0
20186000,0
20188000,0
20190000,0
20192000,0
20194000,0
20196000,0
20198000,0
20200000,0
20202000,0
20204000,0
20206000,0
20208000,0
20210000,0
20212000,0
20214000,0
20216000,0
20218000,0
20220000,0
20222000,0
20224000,0
20226000,0
20228000,0
20230000,0
20232000,0
20234000,0
20236000,0
20238000,0
20240000,0
20242000,0
20244000,0
20246000,0
20248000,0
20250000,0
20252000,0
20254000,0
20256000,0
20258000,0
20260000,0
20262000,0
20264000,0
20266000,0
20268000,0
20270000,0
20272000,0
20274000,0
20276000,0
20278000,0
20280000,0
20282000,0
20284000,0
20286000,0
20288000,0
20290000,0
20292000,0
20294000,0
20296000,0
20298000,0
20300000,0
20302000,0
20304000,0
20306000,0
20308000,0
20310000,0
20312000,0
20314000,0
20316000,0
20318000,0
20320000,0
20322000,0
20324000,0
20326000,0
20328000,0
20330000,0
20332000,0
20334000,0
20336000,0
20338000,0
20340000,0
20342000,0
20344000,0
20346000,0
20348000,0
20350000,0
20352000,0
20354000,0
20356000,0
20358000,0
20360000,0
20362000,0
20364000,0
20366000,0
20368000,0
20370000,0
20372000,0
20374000,0
20376000,0
20378000,0
20380000,0
20382000,0
20384000,0
20386000,0
20388000,0
20390000,0
20392000,0
20394000,0
20396000,0
20398000,0
20400000,0
20402000,0
20404000,0
20406000,0
20408000,0
20410000,0
20412000,0
20414000,0
20416000,0
20418000,0
20420000,0
20422000,0
20424000,0
20426000,0
20428000,0
20430000,0
20432000,0
20434000,0
20436000,0
20438000,0
20440000,0
20442000,0
20444000,0
20446000,0
20448000,0
20450000,0
20452000,0
20454000,0
20456000,0
20458000,0
20460000,0
20462000,0
20464000,0
20466000,0
20468000,0
20470000,0
20472000,0
20474000,0
20476000,0
20478000,0
20480000,0
20482000,0
20484000,0
20486000,0
20488000,0
20490000,0
20492000,0
20494000,0
20496000,0
20498000,0
20500000,0
20502000,0
20504000,0
20506000,0
20508000,0
20510000,0
20512000,0
20514000,0
20516000,0
20518000,0
20520000,0
20522000,0
20524000,0
20526000,0
20528000,0
20530000,0
20532000,0
20534000,0
20536000,0
20538000,0
20540000,0
20542000,0
20544000,0
20546000,0
20548000,0
20550000,0
20552000,0
20554000,0
20556000,0
20558000,0
20560000,0
20562000,0
20564000,0
20566000,0
20568000,0
20570000,0
20572000,0
20574000,0
20576000,0
20578000,0
20580000,0
20582000,0
20584000,0
20586000,0
20588000,0
20590000,0
20592000,0
20594000,0
20596000,0
20598000,0
20600000,0
20602000,0
20604000,0
20606000,0
20608000,0
20610000,0
20612000,0
20614000,0
20616000,0
20618000,0
20620000,0
20622000,0
20624000,0
20626000,0
20628000,0
20630000,0
20632000,0
20634000,0
20636000,0
20638000,0
20640000,0
20642000,0
20644000,0
20646000,0
20648000,0
20650000,0
20652000,0
20654000,0
20656000,0
20658000,0
20660000,0
20662000,0
20664000,0
20666000,0
20668000,0
20670000,0
20672000,0
20674000,0
20676000,0
20678000,0
20680000,0
20682000,0
20684000,0
20686000,0
20688000,0
20690000,0
20692000,0
20694000,0
20696000,0
20698000,0
20700000,0
20702000,0
20704000,0
20706000,0
20708000,0
20710000,0
20712000,0
20714000,0
20716000,0
20718000,0
20720000,0
20722000,0
20724000,0
20726000,0
20728000,0
20730000,0
20732000,0
20734000,0
20736000,0
20738000,0
20740000,0
20742000,0
20744000,0
20746000,0
20748000,0
20750000,0
20752000,0
20754000,0
20756000,0
20758000,0
20760000,0
20762000,0
20764000,0
20766000,0
20768000,0
20770000,0
20772000,0
20774000,0
20776000,0
20778000,0
20780000,0
20782000,0
20784000,0
20786000,0
20788000,0
20790000,0
20792000,0
20794000,0
20796000,0
20798000,0
20800000,0
20802000,0
20804000,0
20806000,0
20808000,0
20810000,0
20812000,0
20814000,0
20816000,0
20818000,0
20820000,0
20822000,0
20824000,0
20826000,0
20828000,0
20830000,0
20832000,0
20834000,0
20836000,0
20838000,0
20840000,0
20842000,0
20844000,0
20846000,0
20848000,0
20850000,0
20852000,0
20854000,0
20856000,0
20858000,0
20860000,0
20862000,0
20864000,0
20866000,0
20868000,0
20870000,0
20872000,0
20874000,0
20876000,0
20878000,0
20880000,0
20882000,0
20884000,0
20886000,0
20888000,0
20890000,0
20892000,0
20894000,0
20896000,0
20898000,0
20900000,0
20902000,0
20904000,0
20906000,0
20908000,0
20910000,0
20912000,0
20914000,0
20916000,0
20918000,0
20920000,0
20922000,0
20924000,0
20926000,0
20928000,0
20930000,0
20932000,0
20934000,0
20936000,0
20938000,0
20940000,0
20942000,0
20944000,0
20946000,0
20948000,0
20950000,0
20952000,0
20954000,0
20956000,0
20958000,0
20960000,0
20962000,0
20964000,0
20966000,0
20968000,0
20970000,0
20972000,0
20974000,0
20976000,0
20978000,0
20980000,0
20982000,0
20984000,0
20986000,0
20988000,0
20990000,0
20992000,0
20994000,0
20996000,0
20998000,0
21000000,0
21002000,0
21004000,0
21006000,0
21008000,0
21010000,0
21012000,0
21014000,0
21016000,0
21018000,0
21020000,0
21022000,0
21024000,0
21026000,0
21028000,0
21030000,0
21032000,0
21034000,0
21036000,0
21038000,0
21040000,0
21042000,0
21044000,0
21046000,0
21048000,0
21050000,0
21052000,0
21054000,0
21056000,0
21058000,0
21060000,0
21062000,0
21064000,0
21066000,0
21068000,0
21070000,0
21072000,0
21074000,0
21076000,0
21078000,0
21080000,0
21082000,0
21084000,0
21086000,0
21088000,0
21090000,0
21092000,0
21094000,0
21096000,0
21098000,0
21100000,0
21102000,0
21104000,0
21106000,0
21108000,0
21110000,0
21112000,0
21114000,0
21116000,0
21118000,0
21120000,0
21122000,0
21124000,0
21126000,0
21128000,0
21130000,0
21132000,0
21134000,0
21136000,0
21138000,0
21140000,0
21142000,0
21144000,0
21146000,0
21148000,0
21150000,0
21152000,0
21154000,0
21156000,0
21158000,0
21160000,0
21162000,0
21164000,0
21166000,0
21168000,0
21170000,0
21172000,0
21174000,0
21176000,0
21178000,0
21180000,0
21182000,0
21184000,0
21186000,0
21188000,0
21190000,0
21192000,0
21194000,0
21196000,0
21198000,0
21200000,0
21202000,0
21204000,0
21206000,0
21208000,0
21210000,0
21212000,0
21214000,0
21216000,0
21218000,0
21220000,0
21222000,0
21224000,0
21226000,0
21228000,0
21230000,0
21232000,0
21234000,0
21236000,0
21238000,0
21240000,0
21242000,0
21244000,0
21246000,0
21248000,0
21250000,0
21252000,0
21254000,0
21256000,0
21258000,0
21260000,0
21262000,0
21264000,0
21266000,0
21268000,0
21270000,0
21272000,0
21274000,0
21276000,0
21278000,0
21280000,0
21282000,0
21284000,0
21286000,0
21288000,0
21290000,0
21292000,0
21294000,0
21296000,0
21298000,0
21300000,0
21302000,0
21304000,0
21306000,0
21308000,0
21310000,0
21312000,0
21314000,0
21316000,0
21318000,0
21320000,0
21322000,0
21324000,0
21326000,0
21328000,0
21330000,0
21332000,0
21334000,0
21336000,0
21338000,0
21340000,0
21342000,0
21344000,0
21346000,0
21348000,0
21350000,0
21352000,0
21354000,0
21356000,0
21358000,0
21360000,0
21362000,0
21364000,0
21366000,0
21368000,0
21370000,0
21372000,0
21374000,0
21376000,0
21378000,0
21380000,0
21382000,0
21384000,0
21386000,0
21388000,0
21390000,0
21392000,0
21394000,0
21396000,0
21398000,0
21400000,0
21402000,0
21404000,0
21406000,0
21408000,0
21410000,0
21412000,0
21414000,0
21416000,0
21418000,0
21420000,0
21422000,0
21424000,0
21426000,0
21428000,0
21430000,0
21432000,0
21434000,0
21436000,0
21438000,0
21440000,0
21442000,0
21444000,0
21446000,0
21448000,0
21450000,0
21452000,0
21454000,0
21456000,0
21458000,0
21460000,0
21462000,0
21464000,0
21466000,0
21468000,0
21470000,0
21472000,0
21474000,0
21476000,0
21478000,0
21480000,0
21482000,0
21484000,0
21486000,0
21488000,0
21490000,0
21492000,0
21494000,0
21496000,0
21498000,0
21500000,0
21502000,0
21504000,0
21506000,0
21508000,0
21510000,0
21512000,0
21514000,0
21516000,0
21518000,0
21520000,0
21522000,0
21524000,0
21526000,0
21528000,0
21530000,0
21532000,0
21534000,0
21536000,0
21538000,0
21540000,0
21542000,0
21544000,0
21546000,0
21548000,0
21550000,0
21552000,0
21554000,0
21556000,0
21558000,0
21560000,0
21562000,0
21564000,0
21566000,0
21568000,0
21570000,0
21572000,0
21574000,0
21576000,0
21578000,0
21580000,0
21582000,0
21584000,0
21586000,0
21588000,0
21590000,0
21592000,0
21594000,0
21596000,0
21598000,0
21600000,0
21602000,0
21604000,0
21606000,0
21608000,0
21610000,0
21612000,0
21614000,0
21616000,0
21618000,0
21620000,0
21622000,0
21624000,0
21626000,0
21628000,0
21630000,0
21632000,0
21634000,0
21636000,0
21638000,0
21640000,0
21642000,0
21644000,0
21646000,0
21648000,0
21650000,0
21652000,0
21654000,0
21656000,0
21658000,0
21660000,0
21662000,0
21664000,0
21666000,0
21668000,0
21670000,0
21672000,0
21674000,0
21676000,0
21678000,0
21680000,0
21682000,0
21684000,0
21686000,0
21688000,0
21690000,0
21692000,0
21694000,0
21696000,0
21698000,0
21700000,0
21702000,0
21704000,0
21706000,0
21708000,0
21710000,0
21712000,0
21714000,0
21716000,0
21718000,0
21720000,0
21722000,0
21724000,0
21726000,0
21728000,0
21730000,0
21732000,0
21734000,0
21736000,0
21738000,0
21740000,0
21742000,0
21744000,0
21746000,0
21748000,0
21750000,0
21752000,0
21754000,0
21756000,0
21758000,0
21760000,0
21762000,0
21764000,0
21766000,0
21768000,0
21770000,0
21772000,0
21774000,0
21776000,0
21778000,0
21780000,0
21782000,0
21784000,0
21786000,0
21788000,0
21790000,0
21792000,0
21794000,0
21796000,0
21798000,0
21800000,0
21802000,0
21804000,0
21806000,0
21808000,0
21810000,0
21812000,0
21814000,0
21816000,0
21818000,0
21820000,0
21822000,0
21824000,0
21826000,0
21828000,0
21830000,0
21832000,0
21834000,0
21836000,0
21838000,0
21840000,0
21842000,0
21844000,0
21846000,0
21848000,0
21850000,0
21852000,0
21854000,0
21856000,0
21858000,0
21860000,0
21862000,0
21864000,0
21866000,0
21868000,0
21870000,0
21872000,0
21874000,0
21876000,0
21878000,0
21880000,0
21882000,0
21884000,0
21886000,0
21888000,0
21890000,0
21892000,0
21894000,0
21896000,0
21898000,0
21900000,0
21902000,0
21904000,0
21906000,0
21908000,0
21910000,0
21912000,0
21914000,0
21916000,0
21918000,0
21920000,0
21922000,0
21924000,0
21926000,0
21928000,0
21930000,0
21932000,0
21934000,0
21936000,0
21938000,0
21940000,0
21942000,0
21944000,0
21946000,0
21948000,0
21950000,0
21952000,0
21954000,0
21956000,0
21958000,0
21960000,0
21962000,0
21964000,0
21966000,0
21968000,0
21970000,0
21972000,0
21974000,0
21976000,0
21978000,0
21980000,0
21982000,0
21984000,0
21986000,0
21988000,0
21990000,0
21992000,0
21994000,0
21996000,0
21998000,0
22000000,0
22002000,0
22004000,0
22006000,0
22008000,0
22010000,0
22012000,0
22014000,0
22016000,0
22018000,0
22020000,0
22022000,0
22024000,0
22026000,0
22028000,0
22030000,0
22032000,0
22034000,0
22036000,0
22038000,0
22040000,0
22042000,0
22044000,0
22046000,0
22048000,0
22050000,0
22052000,0
22054000,0
22056000,0
22058000,0
22060000,0
22062000,0
22064000,0
22066000,0
22068000,0
22070000,0
22072000,0
22074000,0
22076000,0
22078000,0
22080000,0
22082000,0
22084000,0
22086000,0
22088000,0
22090000,0
22092000,0
22094000,0
22096000,0
22098000,0
22100000,0
22102000,0
22104000,0
22106000,0
22108000,0
22110000,0
22112000,0
22114000,0
22116000,0
22118000,0
22120000,0
22122000,0
22124000,0
22126000,0
22128000,0
22130000,0
22132000,0
22134000,0
22136000,0
22138000,0
22140000,0
22142000,0
22144000,0
22146000,0
22148000,0
22150000,0
22152000,0
22154000,0
22156000,0
22158000,0
22160000,0
22162000,0
22164000,0
22166000,0
22168000,0
22170000,0
22172000,0
22174000,0
22176000,0
22178000,0
22180000,0
22182000,0
22184000,0
22186000,0
22188000,0
22190000,0
22192000,0
22194000,0
22196000,0
22198000,0
22200000,0
22202000,0
22204000,0
22206000,0
22208000,0
22210000,0
22212000,0
22214000,0
22216000,0
22218000,0
22220000,0
22222000,0
22224000,0
22226000,0
22228000,0
22230000,0
22232000,0
22234000,0
22236000,0
22238000,0
22240000,0
22242000,0
22244000,0
22246000,0
22248000,0
22250000,0
22252000,0
22254000,0
22256000,0
22258000,0
22260000,0
22262000,0
22264000,0
22266000,0
22268000,0
22270000,0
22272000,0
22274000,0
22276000,0
22278000,0
22280000,0
22282000,0
22284000,0
22286000,0
22288000,0
22290000,0
22292000,0
22294000,0
22296000,0
22298000,0
22300000,0
22302000,0
22304000,0
22306000,0
22308000,0
22310000,0
22312000,0
22314000,0
22316000,0
22318000,0
22320000,0
22322000,0
22324000,0
22326000,0
22328000,0
22330000,0
22332000,0
22334000,0
22336000,0
22338000,0
22340000,0
22342000,0
22344000,0
22346000,0
22348000,0
22350000,0
22352000,0
22354000,0
22356000,0
22358000,0
22360000,0
22362000,0
22364000,0
22366000,0
22368000,0
22370000,0
22372000,0
22374000,0
22376000,0
22378000,0
22380000,0
22382000,0
22384000,0
22386000,0
22388000,0
22390000,0
22392000,0
22394000,0
22396000,0
22398000,0
22400000,0
22402000,0
22404000,0
22406000,0
22408000,0
22410000,0
22412000,0
22414000,0
22416000,0
22418000,0
22420000,0
22422000,0
22424000,0
22426000,0
22428000,0
22430000,0
22432000,0
22434000,0
22436000,0
22438000,0
22440000,0
22442000,0
22444000,0
22446000,0
22448000,0
22450000,0
22452000,0
22454000,0
22456000,0
22458000,0
22460000,0
22462000,0
22464000,0
22466000,0
22468000,0
22470000,0
22472000,0
22474000,0
22476000,0
22478000,0
22480000,0
22482000,0
22484000,0
22486000,0
22488000,0
22490000,0
22492000,0
22494000,0
22496000,0
22498000,0
22500000,0
22502000,0
22504000,0
22506000,0
22508000,0
22510000,0
22512000,0
22514000,0
22516000,0
22518000,0
22520000,0
22522000,0
22524000,0
22526000,0
22528000,0
22530000,0
22532000,0
22534000,0
22536000,0
22538000,0
22540000,0
22542000,0
22544000,0
22546000,0
22548000,0
22550000,0
22552000,0
22554000,0
22556000,0
22558000,0
22560000,0
22562000,0
22564000,0
22566000,0
22568000,0
22570000,0
22572000,0
22574000,0
22576000,0
22578000,0
22580000,0
22582000,0
22584000,0
22586000,0
22588000,0
22590000,0
22592000,0
22594000,0
22596000,0
22598000,0
22600000,0
22602000,0
22604000,0
22606000,0
22608000,0
22610000,0
22612000,0
22614000,0
22616000,0
22618000,0
22620000,0
22622000,0
22624000,0
22626000,0
22628000,0
22630000,0
22632000,0
22634000,0
22636000,0
22638000,0
22640000,0
22642000,0
22644000,0
22646000,0
22648000,0
22650000,0
22652000,0
22654000,0
22656000,0
22658000,0
22660000,0
22662000,0
22664000,0
22666000,0
22668000,0
22670000,0
22672000,0
22674000,0
22676000,0
22678000,0
22680000,0
22682000,0
22684000,0
22686000,0
22688000,0
22690000,0
22692000,0
22694000,0
22696000,0
22698000,0
22700000,0
22702000,0
22704000,0
22706000,0
22708000,0
22710000,0
22712000,0
22714000,0
22716000,0
22718000,0
22720000,0
22722000,0
22724000,0
22726000,0
22728000,0
22730000,0
22732000,0
22734000,0
22736000,0
22738000,0
22740000,0
22742000,0
22744000,0
22746000,0
22748000,0
22750000,0
22752000,0
22754000,0
22756000,0
22758000,0
22760000,0
22762000,0
22764000,0
22766000,0
22768000,0
22770000,0
22772000,0
22774000,0
22776000,0
22778000,0
22780000,0
22782000,0
22784000,0
22786000,0
22788000,0
22790000,0
22792000,0
22794000,0
22796000,0
22798000,0
22800000,0
22802000,0
22804000,0
22806000,0
22808000,0
22810000,0
22812000,0
22814000,0
22816000,0
22818000,0
22820000,0
22822000,0
22824000,0
22826000,0
22828000,0
22830000,0
22832000,0
22834000,0
22836000,0
22838000,0
22840000,0
22842000,0
22844000,0
22846000,0
22848000,0
22850000,0
22852000,0
22854000,0
22856000,0
22858000,0
22860000,0
22862000,0
22864000,0
22866000,0
22868000,0
22870000,0
22872000,0
22874000,0
22876000,0
22878000,0
22880000,0
22882000,0
22884000,0
22886000,0
22888000,0
22890000,0
22892000,0
22894000,0
22896000,0
22898000,0
22900000,0
22902000,0
22904000,0
22906000,0
22908000,0
22910000,0
22912000,0
22914000,0
22916000,0
22918000,0
22920000,0
22922000,0
22924000,0
22926000,0
22928000,0
22930000,0
22932000,0
22934000,0
22936000,0
22938000,0
22940000,0
22942000,0
22944000,0
22946000,0
22948000,0
22950000,0
22952000,0
22954000,0
22956000,0
22958000,0
22960000,0
22962000,0
22964000,0
22966000,0
22968000,0
22970000,0
22972000,0
22974000,0
22976000,0
22978000,0
22980000,0
22982000,0
22984000,0
22986000,0
22988000,0
22990000,0
22992000,0
22994000,0
22996000,0
22998000,0
23000000,0
23002000,0
23004000,0
23006000,0
23008000,0
23010000,0
23012000,0
23014000,0
23016000,0
23018000,0
23020000,0
23022000,0
23024000,0
23026000,0
23028000,0
23030000,0
23032000,0
23034000,0
23036000,0
23038000,0
23040000,0
23042000,0
23044000,0
23046000,0
23048000,0
23050000,0
23052000,0
23054000,0
23056000,0
23058000,0
23060000,0
23062000,0
23064000,0
23066000,0
23068000,0
23070000,0
23072000,0
23074000,0
23076000,0
23078000,0
23080000,0
23082000,0
23084000,0
23086000,0
23088000,0
23090000,0
23092000,0
23094000,0
23096000,0
23098000,0
23100000,0
23102000,0
23104000,0
23106000,0
23108000,0
23110000,0
23112000,0
23114000,0
23116000,0
23118000,0
23120000,0
23122000,0
23124000,0
23126000,0
23128000,0
23130000,0
23132000,0
23134000,0
23136000,0
23138000,0
23140000,0
23142000,0
23144000,0
23146000,0
23148000,0
23150000,0
23152000,0
23154000,0
23156000,0
23158000,0
23160000,0
23162000,0
23164000,0
23166000,0
23168000,0
23170000,0
23172000,0
23174000,0
23176000,0
23178000,0
23180000,0
23182000,0
23184000,0
23186000,0
23188000,0
23190000,0
23192000,0
23194000,0
23196000,0
23198000,0
23200000,0
23202000,0
23204000,0
23206000,0
23208000,0
23210000,0
23212000,0
23214000,0
23216000,0
23218000,0
23220000,0
23222000,0
23224000,0
23226000,0
23228000,0
23230000,0
23232000,0
23234000,0
23236000,0
23238000,0
23240000,0
23242000,0
23244000,0
23246000,0
23248000,0
23250000,0
23252000,0
23254000,0
23256000,0
23258000,0
23260000,0
23262000,0
23264000,0
23266000,0
23268000,0
23270000,0
23272000,0
23274000,0
23276000,0
23278000,0
23280000,0
23282000,0
23284000,0
23286000,0
23288000,0
23290000,0
23292000,0
23294000,0
23296000,0
23298000,0
23300000,0
23302000,0
23304000,0
23306000,0
23308000,0
23310000,0
23312000,0
23314000,0
23316000,0
23318000,0
23320000,0
23322000,0
23324000,0
23326000,0
23328000,0
23330000,0
23332000,0
23334000,0
23336000,0
23338000,0
23340000,0
23342000,0
23344000,0
23346000,0
23348000,0
23350000,0
23352000,0
23354000,0
23356000,0
23358000,0
23360000,0
23362000,0
23364000,0
23366000,0
23368000,0
23370000,0
23372000,0
23374000,0
23376000,0
23378000,0
23380000,0
23382000,0
23384000,0
23386000,0
23388000,0
23390000,0
23392000,0
23394000,0
23396000,0
23398000,0
23400000,0
23402000,0
23404000,0
23406000,0
23408000,0
23410000,0
23412000,0
23414000,0
23416000,0
23418000,0
23420000,0
23422000,0
23424000,0
23426000,0
23428000,0
23430000,0
23432000,0
23434000,0
23436000,0
23438000,0
23440000,0
23442000,0
23444000,0
23446000,0
23448000,0
23450000,0
23452000,0
23454000,0
23456000,0
23458000,0
23460000,0
23462000,0
23464000,0
23466000,0
23468000,0
23470000,0
23472000,0
23474000,0
23476000,0
23478000,0
23480000,0
23482000,0
23484000,0
23486000,0
23488000,0
23490000,0
23492000,0
23494000,0
23496000,0
23498000,0
23500000,0
23502000,0
23504000,0
23506000,0
23508000,0
23510000,0
23512000,0
23514000,0
23516000,0
23518000,0
23520000,0
23522000,0
23524000,0
23526000,0
23528000,0
23530000,0
23532000,0
23534000,0
23536000,0
23538000,0
23540000,0
23542000,0
23544000,0
23546000,0
23548000,0
23550000,0
23552000,0
23554000,0
23556000,0
23558000,0
23560000,0
23562000,0
23564000,0
23566000,0
23568000,0
23570000,0
23572000,0
23574000,0
23576000,0
23578000,0
23580000,0
23582000,0
23584000,0
23586000,0
23588000,0
23590000,0
23592000,0
23594000,0
23596000,0
23598000,0
23600000,0
23602000,0
23604000,0
23606000,0
23608000,0
23610000,0
23612000,0
23614000,0
23616000,0
23618000,0
23620000,0
23622000,0
23624000,0
23626000,0
23628000,0
23630000,0
23632000,0
23634000,0
23636000,0
23638000,0
23640000,0
23642000,0
23644000,0
23646000,0
23648000,0
23650000,0
23652000,0
23654000,0
23656000,0
23658000,0
23660000,0
23662000,0
23664000,0
23666000,0
23668000,0
23670000,0
23672000,0
23674000,0
23676000,0
23678000,0
23680000,0
23682000,0
23684000,0
23686000,0
23688000,0
23690000,0
23692000,0
23694000,0
23696000,0
23698000,0
23700000,0
23702000,0
23704000,0
23706000,0
23708000,0
23710000,0
23712000,0
23714000,0
23716000,0
23718000,0
23720000,0
23722000,0
23724000,0
23726000,0
23728000,0
23730000,0
23732000,0
23734000,0
23736000,0
23738000,0
23740000,0
23742000,0
23744000,0
23746000,0
23748000,0
23750000,0
23752000,0
23754000,0
23756000,0
23758000,0
23760000,0
23762000,0
23764000,0
23766000,0
23768000,0
23770000,0
23772000,0
23774000,0
23776000,0
23778000,0
23780000,0
23782000,0
23784000,0
23786000,0
23788000,0
23790000,0
23792000,0
23794000,0
23796000,0
23798000,0
23800000,0
23802000,0
23804000,0
23806000,0
23808000,0
23810000,0
23812000,0
23814000,0
23816000,0
23818000,0
23820000,0
23822000,0
23824000,0
23826000,0
23828000,0
23830000,0
23832000,0
23834000,0
23836000,0
23838000,0
23840000,0
23842000,0
23844000,0
23846000,0
23848000,0
23850000,0
23852000,0
23854000,0
23856000,0
23858000,0
23860000,0
23862000,0
23864000,0
23866000,0
23868000,0
23870000,0
23872000,0
23874000,0
23876000,0
23878000,0
23880000,0
23882000,0
23884000,0
23886000,0
23888000,0
23890000,0
23892000,0
23894000,0
23896000,0
23898000,0
23900000,0
23902000,0
23904000,0
23906000,0
23908000,0
23910000,0
23912000,0
23914000,0
23916000,0
23918000,0
23920000,0
23922000,0
23924000,0
23926000,0
23928000,0
23930000,0
23932000,0
23934000,0
23936000,0
23938000,0
23940000,0
23942000,0
23944000,0
23946000,0
23948000,0
23950000,0
23952000,0
23954000,0
23956000,0
23958000,0
23960000,0
23962000,0
23964000,0
23966000,0
23968000,0
23970000,0
23972000,0
23974000,0
23976000,0
23978000,0
23980000,0
23982000,0
23984000,0
23986000,0
23988000,0
23990000,0
23992000,0
23994000,0
23996000,0
23998000,0
24000000,0
24002000,0
24004000,0
24006000,0
24008000,0
24010000,0
24012000,0
24014000,0
24016000,0
24018000,0
24020000,0
24022000,0
24024000,0
24026000,0
24028000,0
24030000,0
24032000,0
24034000,0
24036000,0
24038000,0
24040000,0
24042000,0
24044000,0
24046000,0
24048000,0
24050000,0
24052000,0
24054000,0
24056000,0
24058000,0
24060000,0
24062000,0
24064000,0
24066000,0
24068000,0
24070000,0
24072000,0
24074000,0
24076000,0
24078000,0
24080000,0
24082000,0
24084000,0
24086000,0
24088000,0
24090000,0
24092000,0
24094000,0
24096000,0
24098000,0
24100000,0
24102000,0
24104000,0
24106000,0
24108000,0
24110000,0
24112000,0
24114000,0
24116000,0
24118000,0
24120000,0
24122000,0
24124000,0
24126000,0
24128000,0
24130000,0
24132000,0
24134000,0
24136000,0
24138000,0
24140000,0
24142000,0
24144000,0
24146000,0
24148000,0
24150000,0
24152000,0
24154000,0
24156000,0
24158000,0
24160000,0
24162000,0
24164000,0
24166000,0
24168000,0
24170000,0
24172000,0
24174000,0
24176000,0
24178000,0
24180000,0
24182000,0
24184000,0
24186000,0
24188000,0
24190000,0
24192000,0
24194000,0
24196000,0
24198000,0
24200000,0
24202000,0
24204000,0
24206000,0
24208000,0
24210000,0
24212000,0
24214000,0
24216000,0
24218000,0
24220000,0
24222000,0
24224000,0
24226000,0
24228000,0
24230000,0
24232000,0
24234000,0
24236000,0
24238000,0
24240000,0
24242000,0
24244000,0
24246000,0
24248000,0
24250000,0
24252000,0
24254000,0
24256000,0
24258000,0
24260000,0
24262000,0
24264000,0
24266000,0
24268000,0
24270000,0
24272000,0
24274000,0
24276000,0
24278000,0
24280000,0
24282000,0
24284000,0
24286000,0
24288000,0
24290000,0
24292000,0
24294000,0
24296000,0
24298000,0
24300000,0
24302000,0
24304000,0
24306000,0
24308000,0
24310000,0
24312000,0
24314000,0
24316000,0
24318000,0
24320000,0
24322000,0
24324000,0
24326000,0
24328000,0
24330000,0
24332000,0
24334000,0
24336000,0
24338000,0
24340000,0
24342000,0
24344000,0
24346000,0
24348000,0
24350000,0
24352000,0
24354000,0
24356000,0
24358000,0
24360000,0
24362000,0
24364000,0
24366000,0
24368000,0
24370000,0
24372000,0
24374000,0
24376000,0
24378000,0
24380000,0
24382000,0
24384000,0
24386000,0
24388000,0
24390000,0
24392000,0
24394000,0
24396000,0
24398000,0
24400000,0
24402000,0
24404000,0
24406000,0
24408000,0
24410000,0
24412000,0
24414000,0
24416000,0
24418000,0
24420000,0
24422000,0
24424000,0
24426000,0
24428000,0
24430000,0
24432000,0
24434000,0
24436000,0
24438000,0
24440000,0
24442000,0
24444000,0
24446000,0
24448000,0
24450000,0
24452000,0
24454000,0
24456000,0
24458000,0
24460000,0
24462000,0
24464000,0
24466000,0
24468000,0
24470000,0
24472000,0
24474000,0
24476000,0
24478000,0
24480000,0
24482000,0
24484000,0
24486000,0
24488000,0
24490000,0
24492000,0
24494000,0
24496000,0
24498000,0
24500000,0
24502000,0
24504000,0
24506000,0
24508000,0
24510000,0
24512000,0
24514000,0
24516000,0
24518000,0
24520000,0
24522000,0
24524000,0
24526000,0
24528000,0
24530000,0
24532000,0
24534000,0
24536000,0
24538000,0
24540000,0
24542000,0
24544000,0
24546000,0
24548000,0
24550000,0
24552000,0
24554000,0
24556000,0
24558000,0
24560000,0
24562000,0
24564000,0
24566000,0
24568000,0
24570000,0
24572000,0
24574000,0
24576000,0
24578000,0
24580000,0
24582000,0
24584000,0
24586000,0
24588000,0
24590000,0
24592000,0
24594000,0
24596000,0
24598000,0
24600000,0
24602000,0
24604000,0
24606000,0
24608000,0
24610000,0
24612000,0
24614000,0
24616000,0
24618000,0
24620000,0
24622000,0
24624000,0
24626000,0
24628000,0
24630000,0
24632000,0
24634000,0
24636000,0
24638000,0
24640000,0
24642000,0
24644000,0
24646000,0
24648000,0
24650000,0
24652000,0
24654000,0
24656000,0
24658000,0
24660000,0
24662000,0
24664000,0
24666000,0
24668000,0
24670000,0
24672000,0
24674000,0
24676000,0
24678000,0
24680000,0
24682000,0
24684000,0
24686000,0
24688000,0
24690000,0
24692000,0
24694000,0
24696000,0
24698000,0
24700000,0
24702000,0
24704000,0
24706000,0
24708000,0
24710000,0
24712000,0
24714000,0
24716000,0
24718000,0
24720000,0
24722000,0
24724000,0
24726000,0
24728000,0
24730000,0
24732000,0
24734000,0
24736000,0
24738000,0
24740000,0
24742000,0
24744000,0
24746000,0
24748000,0
24750000,0
24752000,0
24754000,0
24756000,0
24758000,0
24760000,0
24762000,0
24764000,0
24766000,0
24768000,0
24770000,0
24772000,0
24774000,0
24776000,0
24778000,0
24780000,0
24782000,0
24784000,0
24786000,0
24788000,0
24790000,0
24792000,0
24794000,0
24796000,0
24798000,0
24800000,0
24802000,0
24804000,0
24806000,0
24808000,0
24810000,0
24812000,0
24814000,0
24816000,0
24818000,0
24820000,0
24822000,0
24824000,0
24826000,0
24828000,0
24830000,0
24832000,0
24834000,0
24836000,0
24838000,0
24840000,0
24842000,0
24844000,0
24846000,0
24848000,0
24850000,0
24852000,0
24854000,0
24856000,0
24858000,0
24860000,0
24862000,0
24864000,0
24866000,0
24868000,0
24870000,0
24872000,0
24874000,0
24876000,0
24878000,0
24880000,0
24882000,0
24884000,0
24886000,0
24888000,0
24890000,0
24892000,0
24894000,0
24896000,0
24898000,0
24900000,0
24902000,0
24904000,0
24906000,0
24908000,0
24910000,0
24912000,0
24914000,0
24916000,0
24918000,0
24920000,0
24922000,0
24924000,0
24926000,0
24928000,0
24930000,0
24932000,0
24934000,0
24936000,0
24938000,0
24940000,0
24942000,0
24944000,0
24946000,0
24948000,0
24950000,0
24952000,0
24954000,0
24956000,0
24958000,0
24960000,0
24962000,0
24964000,0
24966000,0
24968000,0
24970000,0
24972000,0
24974000,0
24976000,0
24978000,0
24980000,0
24982000,0
24984000,0
24986000,0
24988000,0
24990000,0
24992000,0
24994000,0
24996000,0
24998000,0
25000000,0
25002000,0
25004000,0
25006000,0
25008000,0
25010000,0
25012000,0
25014000,0
25016000,0
25018000,0
25020000,0
25022000,0
25024000,0
25026000,0
25028000,0
25030000,0
25032000,0
25034000,0
25036000,0
25038000,0
25040000,0
25042000,0
25044000,0
25046000,0
25048000,0
25050000,0
25052000,0
25054000,0
25056000,0
25058000,0
25060000,0
25062000,0
25064000,0
25066000,0
25068000,0
25070000,0
25072000,0
25074000,0
25076000,0
25078000,0
25080000,0
25082000,0
25084000,0
25086000,0
25088000,0
25090000,0
25092000,0
25094000,0
25096000,0
25098000,0
25100000,0
25102000,0
25104000,0
25106000,0
25108000,0
25110000,0
25112000,0
25114000,0
25116000,0
25118000,0
25120000,0
25122000,0
25124000,0
25126000,0
25128000,0
25130000,0
25132000,0
25134000,0
25136000,0
25138000,0
25140000,0
25142000,0
25144000,0
25146000,0
25148000,0
25150000,0
25152000,0
25154000,0
25156000,0
25158000,0
25160000,0
25162000,0
25164000,0
25166000,0
25168000,0
25170000,0
25172000,0
25174000,0
25176000,0
25178000,0
25180000,0
25182000,0
25184000,0
25186000,0
25188000,0
25190000,0
25192000,0
25194000,0
25196000,0
25198000,0
25200000,0
25202000,0
25204000,0
25206000,0
25208000,0
25210000,0
25212000,0
25214000,0
25216000,0
25218000,0
25220000,0
25222000,0
25224000,0
25226000,0
25228000,0
25230000,0
25232000,0
25234000,0
25236000,0
25238000,0
25240000,0
25242000,0
25244000,0
25246000,0
25248000,0
25250000,0
25252000,0
25254000,0
25256000,0
25258000,0
25260000,0
25262000,0
25264000,0
25266000,0
25268000,0
25270000,0
25272000,0
25274000,0
25276000,0
25278000,0
25280000,0
25282000,0
25284000,0
25286000,0
25288000,0
25290000,0
25292000,0
25294000,0
25296000,0
25298000,0
25300000,0
25302000,0
25304000,0
25306000,0
25308000,0
25310000,0
25312000,0
25314000,0
25316000,0
25318000,0
25320000,0
25322000,0
25324000,0
25326000,0
25328000,0
25330000,0
25332000,0
25334000,0
25336000,0
25338000,0
25340000,0
25342000,0
25344000,0
25346000,0
25348000,0
25350000,0
25352000,0
25354000,0
25356000,0
25358000,0
25360000,0
25362000,0
25364000,0
25366000,0
25368000,0
25370000,0
25372000,0
25374000,0
25376000,0
25378000,0
25380000,0
25382000,0
25384000,0
25386000,0
25388000,0
25390000,0
25392000,0
25394000,0
25396000,0
25398000,0
25400000,0
25402000,0
25404000,0
25406000,0
25408000,0
25410000,0
25412000,0
25414000,0
25416000,0
25418000,0
25420000,0
25422000,0
25424000,0
25426000,0
25428000,0
25430000,0
25432000,0
25434000,0
25436000,0
25438000,0
25440000,0
25442000,0
25444000,0
25446000,0
25448000,0
25450000,0
25452000,0
25454000,0
25456000,0
25458000,0
25460000,0
25462000,0
25464000,0
25466000,0
25468000,0
25470000,0
25472000,0
25474000,0
25476000,0
25478000,0
25480000,0
25482000,0
25484000,0
25486000,0
25488000,0
25490000,0
25492000,0
25494000,0
25496000,0
25498000,0
25500000,0
25502000,0
25504000,0
25506000,0
25508000,0
25510000,0
25512000,0
25514000,0
25516000,0
25518000,0
25520000,0
25522000,0
25524000,0
25526000,0
25528000,0
25530000,0
25532000,0
25534000,0
25536000,0
25538000,0
25540000,0
25542000,0
25544000,0
25546000,0
25548000,0
25550000,0
25552000,0
25554000,0
25556000,0
25558000,0
25560000,0
25562000,0
25564000,0
25566000,0
25568000,0
25570000,0
25572000,0
25574000,0
25576000,0
25578000,0
25580000,0
25582000,0
25584000,0
25586000,0
25588000,0
25590000,0
25592000,0
25594000,0
25596000,0
25598000,0
25600000,0
25602000,0
25604000,0
25606000,0
25608000,0
25610000,0
25612000,0
25614000,0
25616000,0
25618000,0
25620000,0
25622000,0
25624000,0
25626000,0
25628000,0
25630000,0
25632000,0
25634000,0
25636000,0
25638000,0
25640000,0
25642000,0
25644000,0
25646000,0
25648000,0
25650000,0
25652000,0
25654000,0
25656000,0
25658000,0
25660000,0
25662000,0
25664000,0
25666000,0
25668000,0
25670000,0
25672000,0
25674000,0
25676000,0
25678000,0
25680000,0
25682000,0
25684000,0
25686000,0
25688000,0
25690000,0
25692000,0
25694000,0
25696000,0
25698000,0
25700000,0
25702000,0
25704000,0
25706000,0
25708000,0
25710000,0
25712000,0
25714000,0
25716000,0
25718000,0
25720000,0
25722000,0
25724000,0
25726000,0
25728000,0
25730000,0
25732000,0
25734000,0
25736000,0
25738000,0
25740000,0
25742000,0
25744000,0
25746000,0
25748000,0
25750000,0
25752000,0
25754000,0
25756000,0
25758000,0
25760000,0
25762000,0
25764000,0
25766000,0
25768000,0
25770000,0
25772000,0
25774000,0
25776000,0
25778000,0
25780000,0
25782000,0
25784000,0
25786000,0
25788000,0
25790000,0
25792000,0
25794000,0
25796000,0
25798000,0
25800000,0
25802000,0
25804000,0
25806000,0
25808000,0
25810000,0
25812000,0
25814000,0
25816000,0
25818000,0
25820000,0
25822000,0
25824000,0
25826000,0
25828000,0
25830000,0
25832000,0
25834000,0
25836000,0
25838000,0
25840000,0
25842000,0
25844000,0
25846000,0
25848000,0
25850000,0
25852000,0
25854000,0
25856000,0
25858000,0
25860000,0
25862000,0
25864000,0
25866000,0
25868000,0
25870000,0
25872000,0
25874000,0
25876000,0
25878000,0
25880000,0
25882000,0
25884000,0
25886000,0
25888000,0
25890000,0
25892000,0
25894000,0
25896000,0
25898000,0
25900000,0
25902000,0
25904000,0
25906000,0
25908000,0
25910000,0
25912000,0
25914000,0
25916000,0
25918000,0
25920000,0
25922000,0
25924000,0
25926000,0
25928000,0
25930000,0
25932000,0
25934000,0
25936000,0
25938000,0
25940000,0
25942000,0
25944000,0
25946000,0
25948000,0
25950000,0
25952000,0
25954000,0
25956000,0
25958000,0
25960000,0
25962000,0
25964000,0
25966000,0
25968000,0
25970000,0
25972000,0
25974000,0
25976000,0
25978000,0
25980000,0
25982000,0
25984000,0
25986000,0
25988000,0
25990000,0
25992000,0
25994000,0
25996000,0
25998000,0
26000000,0
26002000,0
26004000,0
26006000,0
26008000,0
26010000,0
26012000,0
26014000,0
26016000,0
26018000,0
26020000,0
26022000,0
26024000,0
26026000,0
26028000,0
26030000,0
26032000,0
26034000,0
26036000,0
26038000,0
26040000,0
26042000,0
26044000,0
26046000,0
26048000,0
26050000,0
26052000,0
26054000,0
26056000,0
26058000,0
26060000,0
26062000,0
26064000,0
26066000,0
26068000,0
26070000,0
26072000,0
26074000,0
26076000,0
26078000,0
26080000,0
26082000,0
26084000,0
26086000,0
26088000,0
26090000,0
26092000,0
26094000,0
26096000,0
26098000,0
26100000,0
26102000,0
26104000,0
26106000,0
26108000,0
26110000,0
26112000,0
26114000,0
26116000,0
26118000,0
26120000,0
26122000,0
26124000,0
26126000,0
26128000,0
26130000,0
26132000,0
26134000,0
26136000,0
26138000,0
26140000,0
26142000,0
26144000,0
26146000,0
26148000,0
26150000,0
26152000,0
26154000,0
26156000,0
26158000,0
26160000,0
26162000,0
26164000,0
26166000,0
26168000,0
26170000,0
26172000,0
26174000,0
26176000,0
26178000,0
26180000,0
26182000,0
26184000,0
26186000,0
26188000,0
26190000,0
26192000,0
26194000,0
26196000,0
26198000,0
26200000,0
26202000,0
26204000,0
26206000,0
26208000,0
26210000,0
26212000,0
26214000,0
26216000,0
26218000,0
26220000,0
26222000,0
26224000,0
26226000,0
26228000,0
26230000,0
26232000,0
26234000,0
26236000,0
26238000,0
26240000,0
26242000,0
26244000,0
26246000,0
26248000,0
26250000,0
26252000,0
26254000,0
26256000,0
26258000,0
26260000,0
26262000,0
26264000,0
26266000,0
26268000,0
26270000,0
26272000,0
26274000,0
26276000,0
26278000,0
26280000,0
26282000,0
26284000,0
26286000,0
26288000,0
26290000,0
26292000,0
26294000,0
26296000,0
26298000,0
26300000,0
26302000,0
26304000,0
26306000,0
26308000,0
26310000,0
26312000,0
26314000,0
26316000,0
26318000,0
26320000,0
26322000,0
26324000,0
26326000,0
26328000,0
26330000,0
26332000,0
26334000,0
26336000,0
26338000,0
26340000,0
26342000,0
26344000,0
26346000,0
26348000,0
26350000,0
26352000,0
26354000,0
26356000,0
26358000,0
26360000,0
26362000,0
26364000,0
26366000,0
26368000,0
26370000,0
26372000,0
26374000,0
26376000,0
26378000,0
26380000,0
26382000,0
26384000,0
26386000,0
26388000,0
26390000,0
26392000,0
26394000,0
26396000,0
26398000,0
26400000,0
26402000,0
26404000,0
26406000,0
26408000,0
26410000,0
26412000,0
26414000,0
26416000,0
26418000,0
26420000,0
26422000,0
26424000,0
26426000,0
26428000,0
26430000,0
26432000,0
26434000,0
26436000,0
26438000,0
26440000,0
26442000,0
26444000,0
26446000,0
26448000,0
26450000,0
26452000,0
26454000,0
26456000,0
26458000,0
26460000,0
26462000,0
26464000,0
26466000,0
26468000,0
26470000,0
26472000,0
26474000,0
26476000,0
26478000,0
26480000,0
26482000,0
26484000,0
26486000,0
26488000,0
26490000,0
26492000,0
26494000,0
26496000,0
26498000,0
26500000,0
26502000,0
26504000,0
26506000,0
26508000,0
26510000,0
26512000,0
26514000,0
26516000,0
26518000,0
26520000,0
26522000,0
26524000,0
26526000,0
26528000,0
26530000,0
26532000,0
26534000,0
26536000,0
26538000,0
26540000,0
26542000,0
26544000,0
26546000,0
26548000,0
26550000,0
26552000,0
26554000,0
26556000,0
26558000,0
26560000,0
26562000,0
26564000,0
26566000,0
26568000,0
26570000,0
26572000,0
26574000,0
26576000,0
26578000,0
26580000,0
26582000,0
26584000,0
26586000,0
26588000,0
26590000,0
26592000,0
26594000,0
26596000,0
26598000,0
26600000,0
26602000,0
26604000,0
26606000,0
26608000,0
26610000,0
26612000,0
26614000,0
26616000,0
26618000,0
26620000,0
26622000,0
26624000,0
26626000,0
26628000,0
26630000,0
26632000,0
26634000,0
26636000,0
26638000,0
26640000,0
26642000,0
26644000,0
26646000,0
26648000,0
26650000,0
26652000,0
26654000,0
26656000,0
26658000,0
26660000,0
26662000,0
26664000,0
26666000,0
26668000,0
26670000,0
26672000,0
26674000,0
26676000,0
26678000,0
26680000,0
26682000,0
26684000,0
26686000,0
26688000,0
26690000,0
26692000,0
26694000,0
26696000,0
26698000,0
26700000,0
26702000,0
26704000,0
26706000,0
26708000,0
26710000,0
26712000,0
26714000,0
26716000,0
26718000,0
26720000,0
26722000,0
26724000,0
26726000,0
26728000,0
26730000,0
26732000,0
26734000,0
26736000,0
26738000,0
26740000,0
26742000,0
26744000,0
26746000,0
26748000,0
26750000,0
26752000,0
26754000,0
26756000,0
26758000,0
26760000,0
26762000,0
26764000,0
26766000,0
26768000,0
26770000,0
26772000,0
26774000,0
26776000,0
26778000,0
26780000,0
26782000,0
26784000,0
26786000,0
26788000,0
26790000,0
26792000,0
26794000,0
26796000,0
26798000,0
26800000,0
26802000,0
26804000,0
26806000,0
26808000,0
26810000,0
26812000,0
26814000,0
26816000,0
26818000,0
26820000,0
26822000,0
26824000,0
26826000,0
26828000,0
26830000,0
26832000,0
26834000,0
26836000,0
26838000,0
26840000,0
26842000,0
26844000,0
26846000,0
26848000,0
26850000,0
26852000,0
26854000,0
26856000,0
26858000,0
26860000,0
26862000,0
26864000,0
26866000,0
26868000,0
26870000,0
26872000,0
26874000,0
26876000,0
26878000,0
26880000,0
26882000,0
26884000,0
26886000,0
26888000,0
26890000,0
26892000,0
26894000,0
26896000,0
26898000,0
26900000,0
26902000,0
26904000,0
26906000,0
26908000,0
26910000,0
26912000,0
26914000,0
26916000,0
26918000,0
26920000,0
26922000,0
26924000,0
26926000,0
26928000,0
26930000,0
26932000,0
26934000,0
26936000,0
26938000,0
26940000,0
26942000,0
26944000,0
26946000,0
26948000,0
26950000,0
26952000,0
26954000,0
26956000,0
26958000,0
26960000,0
26962000,0
26964000,0
26966000,0
26968000,0
26970000,0
26972000,0
26974000,0
26976000,0
26978000,0
26980000,0
26982000,0
26984000,0
26986000,0
26988000,0
26990000,0
26992000,0
26994000,0
26996000,0
26998000,0
27000000,0
27002000,0
27004000,0
27006000,0
27008000,0
27010000,0
27012000,0
27014000,0
27016000,0
27018000,0
27020000,0
27022000,0
27024000,0
27026000,0
27028000,0
27030000,0
27032000,0
27034000,0
27036000,0
27038000,0
27040000,0
27042000,0
27044000,0
27046000,0
27048000,0
27050000,0
27052000,0
27054000,0
27056000,0
27058000,0
27060000,0
27062000,0
27064000,0
27066000,0
27068000,0
27070000,0
27072000,0
27074000,0
27076000,0
27078000,0
27080000,0
27082000,0
27084000,0
27086000,0
27088000,0
27090000,0
27092000,0
27094000,0
27096000,0
27098000,0
27100000,0
27102000,0
27104000,0
27106000,0
27108000,0
27110000,0
27112000,0
27114000,0
27116000,0
27118000,0
27120000,0
27122000,0
27124000,0
27126000,0
27128000,0
27130000,0
27132000,0
27134000,0
27136000,0
27138000,0
27140000,0
27142000,0
27144000,0
27146000,0
27148000,0
27150000,0
27152000,0
27154000,0
27156000,0
27158000,0
27160000,0
27162000,0
27164000,0
27166000,0
27168000,0
27170000,0
27172000,0
27174000,0
27176000,0
27178000,0
27180000,0
27182000,0
27184000,0
27186000,0
27188000,0
27190000,0
27192000,0
27194000,0
27196000,0
27198000,0
27200000,0
27202000,0
27204000,0
27206000,0
27208000,0
27210000,0
27212000,0
27214000,0
27216000,0
27218000,0
27220000,0
27222000,0
27224000,0
27226000,0
27228000,0
27230000,0
27232000,0
27234000,0
27236000,0
27238000,0
27240000,0
27242000,0
27244000,0
27246000,0
27248000,0
27250000,0
27252000,0
27254000,0
27256000,0
27258000,0
27260000,0
27262000,0
27264000,0
27266000,0
27268000,0
27270000,0
27272000,0
27274000,0
27276000,0
27278000,0
27280000,0
27282000,0
27284000,0
27286000,0
27288000,0
27290000,0
27292000,0
27294000,0
27296000,0
27298000,0
27300000,0
27302000,0
27304000,0
27306000,0
27308000,0
27310000,0
27312000,0
27314000,0
27316000,0
27318000,0
27320000,0
27322000,0
27324000,0
27326000,0
27328000,0
27330000,0
27332000,0
27334000,0
27336000,0
27338000,0
27340000,0
27342000,0
27344000,0
27346000,0
27348000,0
27350000,0
27352000,0
27354000,0
27356000,0
27358000,0
27360000,0
27362000,0
27364000,0
27366000,0
27368000,0
27370000,0
27372000,0
27374000,0
27376000,0
27378000,0
27380000,0
27382000,0
27384000,0
27386000,0
27388000,0
27390000,0
27392000,0
27394000,0
27396000,0
27398000,0
27400000,0
27402000,0
27404000,0
27406000,0
27408000,0
27410000,0
27412000,0
27414000,0
27416000,0
27418000,0
27420000,0
27422000,0
27424000,0
27426000,0
27428000,0
27430000,0
27432000,0
27434000,0
27436000,0
27438000,0
27440000,0
27442000,0
27444000,0
27446000,0
27448000,0
27450000,0
27452000,0
27454000,0
27456000,0
27458000,0
27460000,0
27462000,0
27464000,0
27466000,0
27468000,0
27470000,0
27472000,0
27474000,0
27476000,0
27478000,0
27480000,0
27482000,0
27484000,0
27486000,0
27488000,0
27490000,0
27492000,0
27494000,0
27496000,0
27498000,0
27500000,0
27502000,0
27504000,0
27506000,0
27508000,0
27510000,0
27512000,0
27514000,0
27516000,0
27518000,0
27520000,0
27522000,0
27524000,0
27526000,0
27528000,0
27530000,0
27532000,0
27534000,0
27536000,0
27538000,0
27540000,0
27542000,0
27544000,0
27546000,0
27548000,0
27550000,0
27552000,0
27554000,0
27556000,0
27558000,0
27560000,0
27562000,0
27564000,0
27566000,0
27568000,0
27570000,0
27572000,0
27574000,0
27576000,0
27578000,0
27580000,0
27582000,0
27584000,0
27586000,0
27588000,0
27590000,0
27592000,0
27594000,0
27596000,0
27598000,0
27600000,0
27602000,0
27604000,0
27606000,0
27608000,0
27610000,0
27612000,0
27614000,0
27616000,0
27618000,0
27620000,0
27622000,0
27624000,0
27626000,0
27628000,0
27630000,0
27632000,0
27634000,0
27636000,0
27638000,0
27640000,0
27642000,0
27644000,0
27646000,0
27648000,0
27650000,0
27652000,0
27654000,0
27656000,0
27658000,0
27660000,0
27662000,0
27664000,0
27666000,0
27668000,0
27670000,0
27672000,0
27674000,0
27676000,0
27678000,0
27680000,0
27682000,0
27684000,0
27686000,0
27688000,0
27690000,0
27692000,0
27694000,0
27696000,0
27698000,0
27700000,0
27702000,0
27704000,0
27706000,0
27708000,0
27710000,0
27712000,0
27714000,0
27716000,0
27718000,0
27720000,0
27722000,0
27724000,0
27726000,0
27728000,0
27730000,0
27732000,0
27734000,0
27736000,0
27738000,0
27740000,0
27742000,0
27744000,0
27746000,0
27748000,0
27750000,0
27752000,0
27754000,0
27756000,0
27758000,0
27760000,0
27762000,0
27764000,0
27766000,0
27768000,0
27770000,0
27772000,0
27774000,0
27776000,0
27778000,0
27780000,0
27782000,0
27784000,0
27786000,0
27788000,0
27790000,0
27792000,0
27794000,0
27796000,0
27798000,0
27800000,0
27802000,0
27804000,0
27806000,0
27808000,0
27810000,0
27812000,0
27814000,0
27816000,0
27818000,0
27820000,0
27822000,0
27824000,0
27826000,0
27828000,0
27830000,0
27832000,0
27834000,0
27836000,0
27838000,0
27840000,0
27842000,0
27844000,0
27846000,0
27848000,0
27850000,0
27852000,0
27854000,0
27856000,0
27858000,0
27860000,0
27862000,0
27864000,0
27866000,0
27868000,0
27870000,0
27872000,0
27874000,0
27876000,0
27878000,0
27880000,0
27882000,0
27884000,0
27886000,0
27888000,0
27890000,0
27892000,0
27894000,0
27896000,0
27898000,0
27900000,0
27902000,0
27904000,0
27906000,0
27908000,0
27910000,0
27912000,0
27914000,0
27916000,0
27918000,0
27920000,0
27922000,0
27924000,0
27926000,0
27928000,0
27930000,0
27932000,0
27934000,0
27936000,0
27938000,0
27940000,0
27942000,0
27944000,0
27946000,0
27948000,0
27950000,0
27952000,0
27954000,0
27956000,0
27958000,0
27960000,0
27962000,0
27964000,0
27966000,0
27968000,0
27970000,0
27972000,0
27974000,0
27976000,0
27978000,0
27980000,0
27982000,0
27984000,0
27986000,0
27988000,0
27990000,0
27992000,0
27994000,0
27996000,0
27998000,0
28000000,0
28002000,0
28004000,0
28006000,0
28008000,0
28010000,0
28012000,0
28014000,0
28016000,0
28018000,0
28020000,0
28022000,0
28024000,0
28026000,0
28028000,0
28030000,0
28032000,0
28034000,0
28036000,0
28038000,0
28040000,0
28042000,0
28044000,0
28046000,0
28048000,0
28050000,0
28052000,0
28054000,0
28056000,0
28058000,0
28060000,0
28062000,0
28064000,0
28066000,0
28068000,0
28070000,0
28072000,0
28074000,0
28076000,0
28078000,0
28080000,0
28082000,0
28084000,0
28086000,0
28088000,0
28090000,0
28092000,0
28094000,0
28096000,0
28098000,0
28100000,0
28102000,0
28104000,0
28106000,0
28108000,0
28110000,0
28112000,0
28114000,0
28116000,0
28118000,0
28120000,0
28122000,0
28124000,0
28126000,0
28128000,0
28130000,0
28132000,0
28134000,0
28136000,0
28138000,0
28140000,0
28142000,0
28144000,0
28146000,0
28148000,0
28150000,0
28152000,0
28154000,0
28156000,0
28158000,0
28160000,0
28162000,0
28164000,0
28166000,0
28168000,0
28170000,0
28172000,0
28174000,0
28176000,0
28178000,0
28180000,0
28182000,0
28184000,0
28186000,0
28188000,0
28190000,0
28192000,0
28194000,0
28196000,0
28198000,0
28200000,0
28202000,0
28204000,0
28206000,0
28208000,0
28210000,0
28212000,0
28214000,0
28216000,0
28218000,0
28220000,0
28222000,0
28224000,0
28226000,0
28228000,0
28230000,0
28232000,0
28234000,0
28236000,0
28238000,0
28240000,0
28242000,0
28244000,0
28246000,0
28248000,0
28250000,0
28252000,0
28254000,0
28256000,0
28258000,0
28260000,0
28262000,0
28264000,0
28266000,0
28268000,0
28270000,0
28272000,0
28274000,0
28276000,0
28278000,0
28280000,0
28282000,0
28284000,0
28286000,0
28288000,0
28290000,0
28292000,0
28294000,0
28296000,0
28298000,0
28300000,0
28302000,0
28304000,0
28306000,0
28308000,0
28310000,0
28312000,0
28314000,0
28316000,0
28318000,0
28320000,0
28322000,0
28324000,0
28326000,0
28328000,0
28330000,0
28332000,0
28334000,0
28336000,0
28338000,0
28340000,0
28342000,0
28344000,0
28346000,0
28348000,0
28350000,0
28352000,0
28354000,0
28356000,0
28358000,0
28360000,0
28362000,0
28364000,0
28366000,0
28368000,0
28370000,0
28372000,0
28374000,0
28376000,0
28378000,0
28380000,0
28382000,0
28384000,0
28386000,0
28388000,0
28390000,0
28392000,0
28394000,0
28396000,0
28398000,0
28400000,0
28402000,0
28404000,0
28406000,0
28408000,0
28410000,0
28412000,0
28414000,0
28416000,0
28418000,0
28420000,0
28422000,0
28424000,0
28426000,0
28428000,0
28430000,0
28432000,0
28434000,0
28436000,0
28438000,0
28440000,0
28442000,0
28444000,0
28446000,0
28448000,0
28450000,0
28452000,0
28454000,0
28456000,0
28458000,0
28460000,0
28462000,0
28464000,0
28466000,0
28468000,0
28470000,0
28472000,0
28474000,0
28476000,0
28478000,0
28480000,0
28482000,0
28484000,0
28486000,0
28488000,0
28490000,0
28492000,0
28494000,0
28496000,0
28498000,0
28500000,0
28502000,0
28504000,0
28506000,0
28508000,0
28510000,0
28512000,0
28514000,0
28516000,0
28518000,0
28520000,0
28522000,0
28524000,0
28526000,0
28528000,0
28530000,0
28532000,0
28534000,0
28536000,0
28538000,0
28540000,0
28542000,0
28544000,0
28546000,0
28548000,0
28550000,0
28552000,0
28554000,0
28556000,0
28558000,0
28560000,0
28562000,0
28564000,0
28566000,0
28568000,0
28570000,0
28572000,0
28574000,0
28576000,0
28578000,0
28580000,0
28582000,0
28584000,0
28586000,0
28588000,0
28590000,0
28592000,0
28594000,0
28596000,0
28598000,0
28600000,0
28602000,0
28604000,0
28606000,0
28608000,0
28610000,0
28612000,0
28614000,0
28616000,0
28618000,0
28620000,0
28622000,0
28624000,0
28626000,0
28628000,0
28630000,0
28632000,0
28634000,0
28636000,0
28638000,0
28640000,0
28642000,0
28644000,0
28646000,0
28648000,0
28650000,0
28652000,0
28654000,0
28656000,0
28658000,0
28660000,0
28662000,0
28664000,0
28666000,0
28668000,0
28670000,0
28672000,0
28674000,0
28676000,0
28678000,0
28680000,0
28682000,0
28684000,0
28686000,0
28688000,0
28690000,0
28692000,0
28694000,0
28696000,0
28698000,0
28700000,0
28702000,0
28704000,0
28706000,0
28708000,0
28710000,0
28712000,0
28714000,0
28716000,0
28718000,0
28720000,0
28722000,0
28724000,0
28726000,0
28728000,0
28730000,0
28732000,0
28734000,0
28736000,0
28738000,0
28740000,0
28742000,0
28744000,0
28746000,0
28748000,0
28750000,0
28752000,0
28754000,0
28756000,0
28758000,0
28760000,0
28762000,0
28764000,0
28766000,0
28768000,0
28770000,0
28772000,0
28774000,0
28776000,0
28778000,0
28780000,0
28782000,0
28784000,0
28786000,0
28788000,0
28790000,0
28792000,0
28794000,0
28796000,0
28798000,0
28800000,0
28802000,0
28804000,0
28806000,0
28808000,0
28810000,0
28812000,0
28814000,0
28816000,0
28818000,0
28820000,0
28822000,0
28824000,0
28826000,0
28828000,0
28830000,0
28832000,0
28834000,0
28836000,0
28838000,0
28840000,0
28842000,0
28844000,0
28846000,0
28848000,0
28850000,0
28852000,0
28854000,0
28856000,0
28858000,0
28860000,0
28862000,0
28864000,0
28866000,0
28868000,0
28870000,0
28872000,0
28874000,0
28876000,0
28878000,0
28880000,0
28882000,0
28884000,0
28886000,0
28888000,0
28890000,0
28892000,0
28894000,0
28896000,0
28898000,0
28900000,0
28902000,0
28904000,0
28906000,0
28908000,0
28910000,0
28912000,0
28914000,0
28916000,0
28918000,0
28920000,0
28922000,0
28924000,0
28926000,0
28928000,0
28930000,0
28932000,0
28934000,0
28936000,0
28938000,0
28940000,0
28942000,0
28944000,0
28946000,0
28948000,0
28950000,0
28952000,0
28954000,0
28956000,0
28958000,0
28960000,0
28962000,0
28964000,0
28966000,0
28968000,0
28970000,0
28972000,0
28974000,0
28976000,0
28978000,0
28980000,0
28982000,0
28984000,0
28986000,0
28988000,0
28990000,0
28992000,0
28994000,0
28996000,0
28998000,0
29000000,0
29002000,0
29004000,0
29006000,0
29008000,0
29010000,0
29012000,0
29014000,0
29016000,0
29018000,0
29020000,0
29022000,0
29024000,0
29026000,0
29028000,0
29030000,0
29032000,0
29034000,0
29036000,0
29038000,0
29040000,0
29042000,0
29044000,0
29046000,0
29048000,0
29050000,0
29052000,0
29054000,0
29056000,0
29058000,0
29060000,0
29062000,0
29064000,0
29066000,0
29068000,0
29070000,0
29072000,0
29074000,0
29076000,0
29078000,0
29080000,0
29082000,0
29084000,0
29086000,0
29088000,0
29090000,0
29092000,0
29094000,0
29096000,0
29098000,0
29100000,0
29102000,0
29104000,0
29106000,0
29108000,0
29110000,0
29112000,0
29114000,0
29116000,0
29118000,0
29120000,0
29122000,0
29124000,0
29126000,0
29128000,0
29130000,0
29132000,0
29134000,0
29136000,0
29138000,0
29140000,0
29142000,0
29144000,0
29146000,0
29148000,0
29150000,0
29152000,0
29154000,0
29156000,0
29158000,0
29160000,0
29162000,0
29164000,0
29166000,0
29168000,0
29170000,0
29172000,0
29174000,0
29176000,0
29178000,0
29180000,0
29182000,0
29184000,0
29186000,0
29188000,0
29190000,0
29192000,0
29194000,0
29196000,0
29198000,0
29200000,0
29202000,0
29204000,0
29206000,0
29208000,0
29210000,0
29212000,0
29214000,0
29216000,0
29218000,0
29220000,0
29222000,0
29224000,0
29226000,0
29228000,0
29230000,0
29232000,0
29234000,0
29236000,0
29238000,0
29240000,0
29242000,0
29244000,0
29246000,0
29248000,0
29250000,0
29252000,0
29254000,0
29256000,0
29258000,0
29260000,0
29262000,0
29264000,0
29266000,0
29268000,0
29270000,0
29272000,0
29274000,0
29276000,0
29278000,0
29280000,0
29282000,0
29284000,0
29286000,0
29288000,0
29290000,0
29292000,0
29294000,0
29296000,0
29298000,0
29300000,0
29302000,0
29304000,0
29306000,0
29308000,0
29310000,0
29312000,0
29314000,0
29316000,0
29318000,0
29320000,0
29322000,0
29324000,0
29326000,0
29328000,0
29330000,0
29332000,0
29334000,0
29336000,0
29338000,0
29340000,0
29342000,0
29344000,0
29346000,0
29348000,0
29350000,0
29352000,0
29354000,0
29356000,0
29358000,0
29360000,0
29362000,0
29364000,0
29366000,0
29368000,0
29370000,0
29372000,0
29374000,0
29376000,0
29378000,0
29380000,0
29382000,0
29384000,0
29386000,0
29388000,0
29390000,0
29392000,0
29394000,0
29396000,0
29398000,0
29400000,0
29402000,0
29404000,0
29406000,0
29408000,0
29410000,0
29412000,0
29414000,0
29416000,0
29418000,0
29420000,0
29422000,0
29424000,0
29426000,0
29428000,0
29430000,0
29432000,0
29434000,0
29436000,0
29438000,0
29440000,0
29442000,0
29444000,0
29446000,0
29448000,0
29450000,0
29452000,0
29454000,0
29456000,0
29458000,0
29460000,0
29462000,0
29464000,0
29466000,0
29468000,0
29470000,0
29472000,0
29474000,0
29476000,0
29478000,0
29480000,0
29482000,0
29484000,0
29486000,0
29488000,0
29490000,0
29492000,0
29494000,0
29496000,0
29498000,0
29500000,0
29502000,0
29504000,0
29506000,0
29508000,0
29510000,0
29512000,0
29514000,0
29516000,0
29518000,0
29520000,0
29522000,0
29524000,0
29526000,0
29528000,0
29530000,0
29532000,0
29534000,0
29536000,0
29538000,0
29540000,0
29542000,0
29544000,0
29546000,0
29548000,0
29550000,0
29552000,0
29554000,0
29556000,0
29558000,0
29560000,0
29562000,0
29564000,0
29566000,0
29568000,0
29570000,0
29572000,0
29574000,0
29576000,0
29578000,0
29580000,0
29582000,0
29584000,0
29586000,0
29588000,0
29590000,0
29592000,0
29594000,0
29596000,0
29598000,0
29600000,0
29602000,0
29604000,0
29606000,0
29608000,0
29610000,0
29612000,0
29614000,0
29616000,0
29618000,0
29620000,0
29622000,0
29624000,0
29626000,0
29628000,0
29630000,0
29632000,0
29634000,0
29636000,0
29638000,0
29640000,0
29642000,0
29644000,0
29646000,0
29648000,0
29650000,0
29652000,0
29654000,0
29656000,0
29658000,0
29660000,0
29662000,0
29664000,0
29666000,0
29668000,0
29670000,0
29672000,0
29674000,0
29676000,0
29678000,0
29680000,0
29682000,0
29684000,0
29686000,0
29688000,0
29690000,0
29692000,0
29694000,0
29696000,0
29698000,0
29700000,0
29702000,0
29704000,0
29706000,0
29708000,0
29710000,0
29712000,0
29714000,0
29716000,0
29718000,0
29720000,0
29722000,0
29724000,0
29726000,0
29728000,0
29730000,0
29732000,0
29734000,0
29736000,0
29738000,0
29740000,0
29742000,0
29744000,0
29746000,0
29748000,0
29750000,0
29752000,0
29754000,0
29756000,0
29758000,0
29760000,0
29762000,0
29764000,0
29766000,0
29768000,0
29770000,0
29772000,0
29774000,0
29776000,0
29778000,0
29780000,0
29782000,0
29784000,0
29786000,0
29788000,0
29790000,0
29792000,0
29794000,0
29796000,0
29798000,0
29800000,0
29802000,0
29804000,0
29806000,0
29808000,0
29810000,0
29812000,0
29814000,0
29816000,0
29818000,0
29820000,0
29822000,0
29824000,0
29826000,0
29828000,0
29830000,0
29832000,0
29834000,0
29836000,0
29838000,0
29840000,0
29842000,0
29844000,0
29846000,0
29848000,0
29850000,0
29852000,0
29854000,0
29856000,0
29858000,0
29860000,0
29862000,0
29864000,0
29866000,0
29868000,0
29870000,0
29872000,0
29874000,0
29876000,0
29878000,0
29880000,0
29882000,0
29884000,0
29886000,0
29888000,0
29890000,0
29892000,0
29894000,0
29896000,0
29898000,0
29900000,0
29902000,0
29904000,0
29906000,0
29908000,0
29910000,0
29912000,0
29914000,0
29916000,0
29918000,0
29920000,0
29922000,0
29924000,0
29926000,0
29928000,0
29930000,0
29932000,0
29934000,0
29936000,0
29938000,0
29940000,0
29942000,0
29944000,0
29946000,0
29948000,0
29950000,0
29952000,0
29954000,0
29956000,0
29958000,0
29960000,0
29962000,0
29964000,0
29966000,0
29968000,0
29970000,0
29972000,0
29974000,0
29976000,0
29978000,0
29980000,0
29982000,0
29984000,0
29986000,0
29988000,0
29990000,0
29992000,0
29994000,0
29996000,0
29998000,0
30000000,0
30002000,0
30004000,0
30006000,0
30008000,0
30010000,0
30012000,0
30014000,0
30016000,0
30018000,0
30020000,0
30022000,0
30024000,0
30026000,0
30028000,0
30030000,0
30032000,0
30034000,0
30036000,0
30038000,0
30040000,0
30042000,0
30044000,0
30046000,0
30048000,0
30050000,0
30052000,0
30054000,0
30056000,0
30058000,0
30060000,0
30062000,0
30064000,0
30066000,0
30068000,0
30070000,0
30072000,0
30074000,0
30076000,0
30078000,0
30080000,0
30082000,0
30084000,0
30086000,0
30088000,0
30090000,0
30092000,0
30094000,0
30096000,0
30098000,0
30100000,0
30102000,0
30104000,0
30106000,0
30108000,0
30110000,0
30112000,0
30114000,0
30116000,0
30118000,0
30120000,0
30122000,0
30124000,0
30126000,0
30128000,0
30130000,0
30132000,0
30134000,0
30136000,0
30138000,0
30140000,0
30142000,0
30144000,0
30146000,0
30148000,0
30150000,0
30152000,0
30154000,0
30156000,0
30158000,0
30160000,0
30162000,0
30164000,0
30166000,0
30168000,0
30170000,0
30172000,0
30174000,0
30176000,0
30178000,0
30180000,0
30182000,0
30184000,0
30186000,0
30188000,0
30190000,0
30192000,0
30194000,0
30196000,0
30198000,0
30200000,0
30202000,0
30204000,0
30206000,0
30208000,0
30210000,0
30212000,0
30214000,0
30216000,0
30218000,0
30220000,0
30222000,0
30224000,0
30226000,0
30228000,0
30230000,0
30232000,0
30234000,0
30236000,0
30238000,0
30240000,0
30242000,160
30244000,235
30246000,370
30248000,461
30250000,459
30252000,490
30254000,495
30256000,507
30258000,525
30260000,575
30262000,643
30264000,891
30266000,946
30268000,1129
30270000,1330
30272000,1503
30274000,1597
30276000,1629
30278000,1598
30280000,1632
30282000,1630
30284000,1641
30286000,1641
30288000,1647
30290000,1646
30292000,1597
30294000,1506
30296000,1488
30298000,1493
30300000,1462
30302000,1483
30304000,1530
30306000,1583
30308000,1535
30310000,1493
30312000,1519
30314000,1459
30316000,1460
30318000,1473
30320000,1392
30322000,1522
30324000,1555
30326000,1552
30328000,1584
30330000,1563
30332000,1511
30334000,1535
30336000,1615
30338000,1579
30340000,1616
30342000,1593
30344000,1585
30346000,1575
30348000,1564
30350000,1577
30352000,1660
30354000,1693
30356000,1716
30358000,1712
30360000,1712
30362000,1726
30364000,1725
30366000,1727
30368000,1714
30370000,1728
30372000,1722
30374000,1728
30376000,1733
30378000,1715
30380000,1712
30382000,1697
30384000,1712
30386000,1691
30388000,1697
30390000,1707
30392000,1676
30394000,1712
30396000,1733
30398000,1749
30400000,1729
30402000,1802
30404000,1815
30406000,1903
30408000,1929
30410000,1951
30412000,1956
30414000,1965
30416000,1968
30418000,1984
30420000,1973
30422000,1989
30424000,1999
30426000,1996
30428000,1968
30430000,1980
30432000,2005
30434000,2011
30436000,2009
30438000,1990
30440000,2007
30442000,2017
30444000,2014
30446000,1990
30448000,2007
30450000,2000
30452000,2003
30454000,2007
30456000,2011
30458000,2005
30460000,1984
30462000,2005
30464000,2000
30466000,2015
30468000,1997
30470000,2003
30472000,2003
30474000,2007
30476000,2004
30478000,2000
30480000,2009
30482000,2018
30484000,2001
30486000,1978
30488000,2000
30490000,1987
30492000,1989
30494000,1993
30496000,1993
30498000,1984
30500000,1982
30502000,1986
30504000,1970
30506000,1949
30508000,1954
30510000,1936
30512000,1908
30514000,1866
30516000,1844
30518000,1854
30520000,1851
30522000,1851
30524000,1857
30526000,1887
30528000,1917
30530000,1933
30532000,1957
30534000,1967
30536000,1965
30538000,1971
30540000,1971
30542000,1969
30544000,1962
30546000,1973
30548000,1984
30550000,1979
30552000,1983
30554000,1968
30556000,1982
30558000,1985
30560000,1983
30562000,1999
30564000,2005
30566000,1984
30568000,1998
30570000,1991
30572000,1981
30574000,1981
30576000,1987
30578000,1989
30580000,1978
30582000,1972
30584000,1969
30586000,1951
30588000,1981
30590000,1957
30592000,1970
30594000,1996
30596000,1983
30598000,1980
30600000,1996
30602000,1991
30604000,2011
30606000,2010
30608000,2009
30610000,2032
30612000,2009
30614000,2010
30616000,2032
30618000,2047
30620000,2039
30622000,2100
30624000,2145
30626000,2141
30628000,2151
30630000,2164
30632000,2180
30634000,2192
30636000,2204
30638000,2221
30640000,2243
30642000,2229
30644000,2214
30646000,2218
30648000,2226
30650000,2224
30652000,2242
30654000,2241
30656000,2249
30658000,2252
30660000,2254
30662000,2269
30664000,2290
30666000,2273
30668000,2274
30670000,2287
30672000,2270
30674000,2269
30676000,2285
30678000,2290
30680000,2290
30682000,2304
30684000,2295
30686000,2303
30688000,2306
30690000,2307
30692000,2335
30694000,2324
30696000,2323
30698000,2325
30700000,2331
30702000,2331
30704000,2321
30706000,2335
30708000,2349
30710000,2346
30712000,2343
30714000,2343
30716000,2341
30718000,2355
30720000,2358
30722000,2357
30724000,2369
30726000,2355
30728000,2369
30730000,2386
30732000,2382
30734000,2384
30736000,2393
30738000,2398
30740000,2402
30742000,2388
30744000,2395
30746000,2388
30748000,2379
30750000,2371
30752000,2368
30754000,2374
30756000,2365
30758000,2364
30760000,2361
30762000,2353
30764000,2350
30766000,2342
30768000,2338
30770000,2334
30772000,2326
30774000,2323
30776000,2334
30778000,2338
30780000,2323
30782000,2331
30784000,2336
30786000,2329
30788000,2334
30790000,2338
30792000,2329
30794000,2366
30796000,2333
30798000,2337
30800000,2337
30802000,2326
30804000,2315
30806000,2322
30808000,2321
30810000,2320
30812000,2320
30814000,2326
30816000,2318
30818000,2330
30820000,2319
30822000,2317
30824000,2310
30826000,2321
30828000,2333
30830000,2325
30832000,2326
30834000,2325
30836000,2327
30838000,2326
30840000,2333
30842000,2345
30844000,2343
30846000,2345
30848000,2343
30850000,2350
30852000,2352
30854000,2347
30856000,2361
30858000,2381
30860000,2384
30862000,2371
30864000,2384
30866000,2393
30868000,2390
30870000,2386
30872000,2395
30874000,2412
30876000,2401
30878000,2397
30880000,2395
30882000,2400
30884000,2404
30886000,2403
30888000,2399
30890000,2387
30892000,2395
30894000,2377
30896000,2359
30898000,2357
30900000,2349
30902000,2351
30904000,2343
30906000,2349
30908000,2338
30910000,2347
30912000,2365
30914000,2352
30916000,2354
30918000,2359
30920000,2367
30922000,2362
30924000,2372
30926000,2382
30928000,2384
30930000,2383
30932000,2391
30934000,2402
30936000,2397
30938000,2397
30940000,2412
30942000,2403
30944000,2387
30946000,2405
30948000,2399
30950000,2403
30952000,2409
30954000,2405
30956000,2415
30958000,2405
30960000,2409
30962000,2407
30964000,2416
30966000,2432
30968000,2401
30970000,2393
30972000,2412
30974000,2407
30976000,2405
30978000,2399
30980000,2394
30982000,2415
30984000,2404
30986000,2413
30988000,2415
30990000,2411
30992000,2397
30994000,2416
30996000,2416
30998000,2559
31000000,2597
31002000,2608
31004000,2613
31006000,2640
31008000,2666
31010000,2677
31012000,2701
31014000,2705
31016000,2710
31018000,2768
31020000,2773
31022000,2782
31024000,2801
31026000,2813
31028000,2810
31030000,2817
31032000,2814
31034000,2815
31036000,2827
31038000,2815
31040000,2864
31042000,2855
31044000,2853
31046000,2855
31048000,2864
31050000,2864
31052000,2854
31054000,2867
31056000,2867
31058000,2875
31060000,2867
31062000,2849
31064000,2845
31066000,2823
31068000,2810
31070000,2855
31072000,2828
31074000,2829
31076000,2825
31078000,2835
31080000,2831
31082000,2846
31084000,2854
31086000,2843
31088000,2839
31090000,2826
31092000,2823
31094000,2854
31096000,2864
31098000,2859
31100000,2873
31102000,2869
31104000,2869
31106000,2875
31108000,2878
31110000,2882
31112000,2886
31114000,2893
31116000,2890
31118000,2899
31120000,2891
31122000,2880
31124000,2896
31126000,2893
31128000,2891
31130000,2899
31132000,2900
31134000,2896
31136000,2897
31138000,2898
31140000,2895
31142000,2898
31144000,2895
31146000,2897
31148000,2894
31150000,2893
31152000,2896
31154000,2901
31156000,2897
31158000,2887
31160000,2896
31162000,2896
31164000,2893
31166000,2896
31168000,2898
31170000,2896
31172000,2899
31174000,2891
31176000,2895
31178000,2895
31180000,2895
31182000,2887
31184000,2897
31186000,2897
31188000,2905
31190000,2933
31192000,2933
31194000,2929
31196000,2934
31198000,2942
31200000,2933
31202000,2957
31204000,2943
31206000,2946
31208000,2945
31210000,2944
31212000,2950
31214000,2958
31216000,2950
31218000,2955
31220000,2957
31222000,2942
31224000,2948
31226000,2957
31228000,2955
31230000,2981
31232000,2963
31234000,2957
31236000,2960
31238000,2962
31240000,2962
31242000,2954
31244000,2947
31246000,2959
31248000,2987
31250000,2983
31252000,2981
31254000,2989
31256000,2992
31258000,2987
31260000,2992
31262000,3008
31264000,2999
31266000,3005
31268000,3012
31270000,3007
31272000,3008
31274000,3012
31276000,3017
31278000,3017
31280000,3010
31282000,3003
31284000,3011
31286000,3008
31288000,2999
31290000,3001
31292000,2992
31294000,2990
31296000,2991
31298000,2985
31300000,2992
31302000,2991
31304000,2992
31306000,2992
31308000,2989
31310000,2987
31312000,3002
31314000,2989
31316000,2994
31318000,2962
31320000,2957
31322000,2955
31324000,2950
31326000,2956
31328000,2960
31330000,2965
31332000,2956
31334000,2964
31336000,2992
31338000,2958
31340000,2960
31342000,2953
31344000,2955
31346000,2955
31348000,2959
31350000,2954
31352000,2957
31354000,2957
31356000,2945
31358000,2982
31360000,2961
31362000,2950
31364000,2942
31366000,2929
31368000,2934
31370000,2943
31372000,2960
31374000,2944
31376000,2950
31378000,2943
31380000,2937
31382000,2939
31384000,2943
31386000,2937
31388000,2943
31390000,2955
31392000,2929
31394000,2943
31396000,2940
31398000,2942
31400000,2945
31402000,2931
31404000,2938
31406000,2955
31408000,2939
31410000,2940
31412000,2959
31414000,2947
31416000,2934
31418000,2955
31420000,2954
31422000,2945
31424000,2949
31426000,2947
31428000,2956
31430000,2963
31432000,2962
31434000,2963
31436000,2973
31438000,2962
31440000,2957
31442000,2959
31444000,2983
31446000,2959
31448000,2960
31450000,2962
31452000,2963
31454000,2961
31456000,2959
31458000,2967
31460000,2966
31462000,2966
31464000,2960
31466000,2972
31468000,2960
31470000,2939
31472000,2939
31474000,2931
31476000,2927
31478000,2885
31480000,2880
31482000,2875
31484000,2877
31486000,2873
31488000,2896
31490000,2881
31492000,2871
31494000,2881
31496000,2885
31498000,2882
31500000,2878
31502000,2883
31504000,2878
31506000,2887
31508000,2913
31510000,2878
31512000,2880
31514000,2885
31516000,2874
31518000,2895
31520000,2896
31522000,2894
31524000,2885
31526000,2895
31528000,2890
31530000,2885
31532000,2887
31534000,2895
31536000,2891
31538000,2873
31540000,2874
31542000,2871
31544000,2873
31546000,2864
31548000,2862
31550000,2861
31552000,2851
31554000,2851
31556000,2855
31558000,2858
31560000,2846
31562000,2835
31564000,2833
31566000,2835
31568000,2829
31570000,2820
31572000,2830
31574000,2831
31576000,2800
31578000,2812
31580000,2823
31582000,2817
31584000,2811
31586000,2811
31588000,2803
31590000,2801
31592000,2842
31594000,2793
31596000,2787
31598000,2761
31600000,2729
31602000,2723
31604000,2704
31606000,2709
31608000,2708
31610000,2704
31612000,2693
31614000,2700
31616000,2699
31618000,2686
31620000,2683
31622000,2666
31624000,2624
31626000,2434
31628000,2427
31630000,2431
31632000,2434
31634000,2422
31636000,2418
31638000,2416
31640000,2412
31642000,2412
31644000,2419
31646000,2411
31648000,2406
31650000,2402
31652000,2367
31654000,2386
31656000,2383
31658000,2376
31660000,2359
31662000,2410
31664000,2377
31666000,2366
31668000,2358
31670000,2363
31672000,2347
31674000,2357
31676000,2361
31678000,2352
31680000,2346
31682000,2349
31684000,2352
31686000,2356
31688000,2338
31690000,2335
31692000,2342
31694000,2335
31696000,2321
31698000,2317
31700000,2312
31702000,2299
31704000,2300
31706000,2288
31708000,2283
31710000,2245
31712000,2132
31714000,2090
31716000,2094
31718000,2096
31720000,2070
31722000,2069
31724000,2068
31726000,1952
31728000,1943
31730000,1953
31732000,1961
31734000,1952
31736000,1949
31738000,1945
31740000,1918
31742000,1910
31744000,1889
31746000,1879
31748000,1871
31750000,1865
31752000,1801
31754000,1780
31756000,1782
31758000,1775
31760000,1765
31762000,1755
31764000,1734
31766000,1734
31768000,1718
31770000,1698
31772000,1645
31774000,1555
31776000,1577
31778000,1505
31780000,1478
31782000,1478
31784000,1487
31786000,1474
31788000,1478
31790000,1520
31792000,1491
31794000,1482
31796000,1473
31798000,1477
31800000,1511
31802000,1455
31804000,1445
31806000,1439
31808000,1459
31810000,1388
31812000,1411
31814000,1419
31816000,1391
31818000,1343
31820000,1357
31822000,1343
31824000,1359
31826000,1326
31828000,1289
31830000,1323
31832000,1316
31834000,1264
31836000,1274
31838000,1271
31840000,1208
31842000,1084
31844000,205
31846000,253
31848000,244
31850000,0
31852000,0
31854000,0
31856000,0
31858000,0
31860000,0
31862000,0
31864000,0
31866000,0
31868000,0
31870000,0
31872000,0
31874000,0
31876000,0
31878000,0
31880000,0
31882000,0
31884000,0
31886000,0
31888000,0
31890000,0
31892000,0
31894000,0
31896000,0
31898000,0
31900000,0
31902000,0
31904000,0
31906000,0
31908000,0
31910000,0
31912000,0
31914000,0
31916000,0
31918000,0
31920000,0
31922000,0
31924000,0
31926000,0
31928000,0
31930000,0
31932000,0
31934000,0
31936000,0
31938000,0
31940000,0
31942000,0
31944000,0
31946000,0
31948000,0
31950000,0
31952000,0
31954000,0
31956000,0
31958000,0
31960000,0
31962000,0
31964000,0
31966000,0
31968000,0
31970000,0
31972000,0
31974000,0
31976000,0
31978000,0
31980000,0
31982000,0
31984000,0
31986000,0
31988000,0
31990000,0
31992000,0
31994000,0
31996000,0
31998000,0
32000000,0
32002000,0
32004000,0
32006000,0
32008000,0
32010000,0
32012000,0
32014000,0
32016000,0
32018000,0
32020000,0
32022000,0
32024000,0
32026000,0
32028000,0
32030000,0
32032000,0
32034000,0
32036000,0
32038000,0
32040000,0
32042000,0
32044000,0
32046000,0
32048000,0
32050000,0
32052000,0
32054000,0
32056000,0
32058000,0
32060000,0
32062000,0
32064000,0
32066000,0
32068000,0
32070000,0
32072000,0
32074000,0
32076000,0
32078000,0
32080000,0
32082000,0
32084000,0
32086000,0
32088000,0
32090000,0
32092000,0
32094000,0
32096000,0
32098000,0
32100000,0
32102000,0
32104000,0
32106000,0
32108000,0
32110000,0
32112000,0
32114000,0
32116000,0
32118000,0
32120000,0
32122000,0
32124000,0
32126000,0
32128000,0
32130000,0
32132000,0
32134000,0
32136000,0
32138000,0
32140000,0
32142000,0
32144000,0
32146000,0
32148000,0
32150000,0
32152000,0
32154000,0
32156000,0
32158000,0
32160000,0
32162000,0
32164000,0
32166000,0
32168000,0
32170000,0
32172000,0
32174000,0
32176000,0
32178000,0
32180000,0
32182000,0
32184000,0
32186000,0
32188000,0
32190000,0
32192000,0
32194000,0
32196000,0
32198000,0
32200000,0
32202000,0
32204000,0
32206000,0
32208000,0
32210000,0
32212000,0
32214000,0
32216000,0
32218000,0
32220000,0
32222000,0
32224000,0
32226000,0
32228000,538
32230000,560
32232000,624
32234000,611
32236000,586
32238000,619
32240000,611
32242000,620
32244000,611
32246000,679
32248000,731
32250000,728
32252000,649
32254000,722
32256000,761
32258000,703
32260000,735
32262000,733
32264000,711
32266000,716
32268000,723
32270000,720
32272000,742
32274000,725
32276000,691
32278000,707
32280000,717
32282000,691
32284000,726
32286000,738
32288000,740
32290000,720
32292000,758
32294000,697
32296000,731
32298000,740
32300000,745
32302000,745
32304000,717
32306000,720
32308000,733
32310000,732
32312000,739
32314000,737
32316000,734
32320000,736
32322000,761
32324000,725
32326000,766
32328000,742
32330000,718
32332000,1245
32334000,1391
32336000,1456
32338000,1526
32340000,1535
32342000,1535
32344000,1570
32346000,1639
32348000,1645
32350000,1680
32352000,1696
32354000,1694
32356000,1733
32358000,1726
32360000,1731
32362000,1744
32364000,1733
32366000,1735
32368000,1747
32370000,1751
32372000,1736
32374000,1757
32376000,1762
32378000,1746
32380000,1778
32382000,1803
32384000,1812
32386000,1813
32388000,1808
32390000,1824
32392000,1836
32394000,1826
32396000,1830
32398000,1831
32400000,1833
32402000,1840
32404000,1840
32406000,1843
32408000,1845
32410000,1862
32412000,1861
32414000,1847
32416000,1873
32418000,1859
32420000,1839
32422000,1847
32424000,1834
32426000,1839
32428000,1841
32430000,1833
32432000,1837
32434000,1840
32436000,1847
32438000,1849
32440000,1856
32442000,1860
32444000,1867
32446000,1883
32448000,1877
32450000,1873
32452000,1881
32454000,1888
32456000,1886
32458000,1903
32460000,1904
32462000,1902
32464000,1891
32466000,1890
32468000,1897
32470000,1904
32472000,1910
32474000,1911
32476000,1904
32478000,1903
32480000,1904
32482000,1911
32484000,1905
32486000,1920
32488000,1915
32490000,1911
32492000,1897
32494000,1915
32496000,1908
32498000,1920
32500000,1918
32502000,1883
32504000,1922
32506000,1915
32508000,1915
32510000,1929
32512000,1910
32514000,1923
32516000,1932
32518000,1932
32520000,1923
32522000,1924
32524000,1933
32526000,1931
32528000,1923
32530000,1932
32532000,1907
32534000,1923
32536000,1927
32538000,1933
32540000,1927
32542000,1936
32544000,1931
32546000,1923
32548000,1923
32550000,1938
32552000,1936
32554000,1936
32556000,1927
32558000,1929
32560000,1936
32562000,1926
32564000,1939
32566000,1942
32568000,1941
32570000,1937
32572000,1943
32574000,1951
32576000,1952
32578000,1948
32580000,1958
32582000,1953
32584000,1950
32586000,1942
32588000,1949
32590000,1951
32592000,1943
32594000,1939
32596000,1929
32598000,1932
32600000,1912
32602000,1911
32604000,1934
32606000,1922
32608000,1921
32610000,1921
32612000,1925
32614000,1930
32616000,1949
32618000,1926
32620000,1930
32622000,1916
32624000,1904
32626000,1910
32628000,1906
32630000,1891
32632000,1904
32634000,1918
32636000,1881
32638000,1886
32640000,1886
32642000,1877
32644000,1879
32646000,1875
32648000,1871
32650000,1884
32652000,1849
32654000,1827
32656000,1792
32658000,1799
32660000,1782
32662000,1770
32664000,1783
32666000,1781
32668000,1714
32670000,1712
32672000,1687
32674000,1698
32676000,1674
32678000,1670
32680000,1597
32682000,1586
32684000,1505
32686000,1514
32688000,1491
32690000,1487
32692000,1471
32694000,1441
32696000,1411
32698000,1401
32700000,1362
32702000,1344
32704000,1311
32706000,1271
32708000,1317
32710000,1236
32712000,1257
32714000,1182
32716000,1214
32718000,1209
32720000,1152
32722000,1090
32724000,0
32726000,0
32728000,0
32730000,0
32732000,0
32734000,0
32736000,0
32738000,0
32740000,0
32742000,0
32744000,0
32746000,0
32748000,0
32750000,0
32752000,0
32754000,0
32756000,0
32758000,0
32760000,0
32762000,0
32764000,0
32766000,0
32768000,0
32770000,0
32772000,0
32774000,0
32776000,0
32778000,0
32780000,0
32782000,0
32784000,0
32786000,0
32788000,0
32790000,0
32792000,0
32794000,0
32796000,0
32798000,0
32800000,0
32802000,0
32804000,0
32806000,0
32808000,0
32810000,0
32812000,0
32814000,0
32816000,0
32818000,0
32820000,0
32822000,0
32824000,0
32826000,0
32828000,0
32830000,0
32832000,0
32834000,0
32836000,0
32838000,0
32840000,0
32842000,0
32844000,0
32846000,0
32848000,0
32850000,0
32852000,0
32854000,0
32856000,475
32858000,781
32860000,1100
32862000,1168
32864000,1197
32866000,1230
32868000,1262
32870000,1364
32872000,1403
32874000,1393
32876000,1411
32878000,1427
32880000,1469
32882000,1493
32884000,1572
32886000,1581
32888000,1638
32890000,1663
32892000,1666
32894000,1679
32896000,1667
32898000,1687
32900000,1689
32902000,1680
32904000,1682
32906000,1697
32908000,1709
32910000,1706
32912000,1722
32914000,1744
32916000,1742
32918000,1774
32920000,1793
32922000,1837
32924000,1840
32926000,1840
32928000,1858
32930000,1854
32932000,1870
32934000,1858
32936000,1891
32938000,1888
32940000,1891
32942000,1891
32944000,1903
32946000,1901
32948000,1895
32950000,1905
32952000,1902
32954000,1904
32956000,1905
32958000,1920
32960000,1911
32962000,1921
32964000,1914
32966000,1919
32968000,1937
32970000,1917
32972000,1909
32974000,1919
32976000,1927
32978000,1929
32980000,1936
32982000,1937
32984000,1936
32986000,1941
32988000,1945
32990000,2093
32992000,2318
32994000,2357
32996000,2423
32998000,2448
33000000,2589
33002000,2608
33004000,2647
33006000,2672
33008000,2677
33010000,2770
33012000,2788
33014000,2800
33016000,2831
33018000,2834
33020000,2837
33022000,2853
33024000,2847
33026000,2864
33028000,2867
33030000,2867
33032000,2854
33034000,2863
33036000,2849
33038000,2871
33040000,2869
33042000,2864
33044000,2881
33046000,2887
33048000,2878
33050000,2898
33052000,2903
33054000,2896
33056000,2897
33058000,2900
33060000,2896
33062000,2898
33064000,2898
33066000,2903
33068000,2913
33070000,2907
33072000,2895
33074000,2899
33076000,2912
33078000,2906
33080000,2906
33082000,2915
33084000,2921
33086000,2909
33088000,2915
33090000,2907
33092000,2912
33094000,2911
33096000,2911
33098000,2926
33100000,2912
33102000,2903
33104000,2913
33106000,2914
33108000,2913
33110000,2921
33112000,2913
33114000,2896
33116000,2912
33118000,2919
33120000,2915
33122000,2912
33124000,2914
33126000,2909
33128000,2917
33130000,2907
33132000,2906
33134000,2910
33136000,2904
33138000,2904
33140000,2906
33142000,2916
33144000,2914
33146000,2911
33148000,2919
33150000,2913
33152000,2914
33154000,2914
33156000,2919
33158000,2916
33160000,2907
33162000,2907
33164000,2911
33166000,2879
33168000,2901
33170000,2905
33172000,2899
33174000,2896
33176000,2891
33178000,2887
33180000,2864
33182000,2850
33184000,2832
33186000,2826
33188000,2803
33190000,2800
33192000,2798
33194000,2778
33196000,2762
33198000,2725
33200000,2652
33202000,2627
33204000,2590
33206000,2491
33208000,2336
33210000,2045
33212000,2029
33214000,2027
33216000,1987
33218000,1981
33220000,1975
33222000,1975
33224000,1968
33226000,1954
33228000,1955
33230000,1945
33232000,1925
33234000,1919
33236000,1885
33238000,1875
33240000,1872
33242000,1891
33244000,1878
33246000,1873
33248000,1865
33250000,1854
33252000,1822
33254000,1824
33256000,1776
33258000,1753
33260000,1717
33262000,1613
33264000,1584
33266000,1437
33268000,1407
33270000,1360
33272000,1376
33274000,1328
33276000,1292
33278000,1246
33280000,1174
33282000,0
33284000,0
33286000,0
33288000,0
33290000,0
33292000,0
33294000,0
33296000,0
33298000,0
33300000,0
33302000,0
33304000,0
33306000,0
33308000,0
33310000,0
33312000,0
33314000,0
33316000,0
33318000,0
33320000,0
33322000,0
33324000,0
33326000,0
33328000,0
33330000,0
33332000,0
33334000,0
33336000,0
33338000,0
33340000,0
33342000,0
33344000,0
33346000,0
33348000,0
33350000,0
33352000,0
33354000,0
33356000,0
33358000,0
33360000,0
33362000,0
33364000,0
33366000,0
33368000,0
33370000,0
33372000,0
33374000,0
33376000,0
33378000,0
33380000,0
33382000,0
33384000,0
33386000,0
33388000,0
33390000,0
33392000,0
33394000,0
33396000,0
33398000,0
33400000,0
33402000,0
33404000,0
33406000,0
33408000,0
33410000,0
33412000,0
33414000,0
33416000,0
33418000,0
33420000,0
33422000,0
33424000,0
33426000,0
33428000,0
33430000,0
33432000,0
33434000,0
33436000,0
33438000,0
33440000,0
33442000,0
33444000,0
33446000,0
33448000,0
33450000,0
33452000,0
33454000,0
33456000,0
33458000,0
33460000,0
33462000,0
33464000,0
33466000,0
33468000,0
33470000,0
33472000,0
33474000,0
33476000,0
33478000,0
33480000,0
33482000,0
33484000,0
33486000,695
33488000,610
33490000,1039
33492000,1089
33494000,1133
33496000,1150
33498000,1194
33500000,1217
33502000,1230
33504000,1227
33506000,1235
33508000,1335
33510000,1363
33512000,1360
33514000,1424
33516000,1453
33518000,1479
33520000,1457
33522000,1534
33524000,1643
33526000,1675
33528000,1689
33530000,1704
33532000,1699
33534000,1725
33536000,1749
33538000,1745
33540000,1757
33542000,1746
33544000,1756
33546000,1770
33548000,1759
33550000,1776
33552000,1785
33554000,1795
33556000,1810
33558000,1818
33560000,1824
33562000,1817
33564000,1852
33566000,1844
33568000,1840
33570000,1840
33572000,1827
33574000,1843
33576000,1841
33578000,1843
33580000,1843
33582000,1830
33584000,1841
33586000,1855
33588000,1867
33590000,1866
33592000,1867
33594000,1872
33596000,1877
33598000,1887
33600000,1889
33602000,1872
33604000,1887
33606000,1907
33608000,1887
33610000,1889
33612000,1879
33614000,1878
33616000,1889
33618000,1889
33620000,1884
33622000,1895
33624000,1882
33626000,1898
33628000,1907
33630000,1904
33632000,1908
33634000,1918
33636000,1911
33638000,1904
33640000,1909
33642000,1907
33644000,1911
33646000,1902
33648000,1918
33650000,1899
33652000,1904
33654000,1914
33656000,1927
33658000,1914
33660000,1931
33662000,1933
33664000,1938
33666000,1952
33668000,1947
33670000,1936
33672000,1936
33674000,1944
33676000,1935
33678000,1938
33680000,1948
33682000,2118
33684000,2160
33686000,2189
33688000,2193
33690000,2244
33692000,2256
33694000,2273
33696000,2267
33698000,2270
33700000,2267
33702000,2256
33704000,2241
33706000,2267
33708000,2320
33710000,2321
33712000,2291
33714000,2157
33716000,1950
33718000,1954
33720000,1946
33722000,1939
33724000,1951
33726000,1954
33728000,1942
33730000,1945
33732000,1951
33734000,1950
33736000,1937
33738000,1949
33740000,1936
33742000,1928
33744000,1939
33746000,1943
33748000,1942
33750000,1936
33752000,1936
33754000,1926
33756000,1936
33758000,1948
33760000,1936
33762000,1949
33764000,1948
33766000,1939
33768000,1938
33770000,1955
33772000,2129
33774000,2322
33776000,2349
33778000,2396
33780000,2451
33782000,2475
33784000,2469
33786000,2480
33788000,2498
33790000,2517
33792000,2558
33794000,2609
33796000,2619
33798000,2649
33800000,2736
33802000,2766
33804000,2788
33806000,2806
33808000,2816
33810000,2821
33812000,2833
33814000,2826
33816000,2841
33818000,2843
33820000,2859
33822000,2864
33824000,2876
33826000,2871
33828000,2871
33830000,2878
33832000,2871
33834000,2878
33836000,2881
33838000,2864
33840000,2858
33842000,2873
33844000,2871
33846000,2879
33848000,2882
33850000,2861
33852000,2869
33854000,2864
33856000,2864
33858000,2869
33860000,2843
33862000,2845
33864000,2839
33866000,2834
33868000,2817
33870000,2832
33872000,2817
33874000,2811
33876000,2811
33878000,2814
33880000,2814
33882000,2806
33884000,2819
33886000,2830
33888000,2804
33890000,2786
33892000,2791
33894000,2758
33896000,2730
33898000,2734
33900000,2736
33902000,2738
33904000,2731
33906000,2736
33908000,2727
33910000,2721
33912000,2729
33914000,2736
33916000,2707
33918000,2705
33920000,2699
33922000,2667
33924000,2659
33926000,2622
33928000,2608
33930000,2604
33932000,2555
33934000,2510
33936000,2352
33938000,2355
33940000,2339
33942000,2329
33944000,2333
33946000,2320
33948000,2291
33950000,2278
33952000,2185
33954000,2182
33956000,2172
33958000,1941
33960000,1943
33962000,1938
33964000,1952
33966000,1938
33968000,1930
33970000,1936
33972000,1911
33974000,1921
33976000,1908
33978000,1920
33980000,1913
33982000,1925
33984000,1904
33986000,1891
33988000,1878
33990000,1874
33992000,1877
33994000,1871
33996000,1872
33998000,1873
34000000,1879
34002000,1872
34004000,1879
34006000,1897
34008000,1887
34010000,1893
34012000,1893
34014000,1890
34016000,1904
34018000,1898
34020000,1893
34022000,1904
34024000,1902
34026000,1904
34028000,1886
34030000,1904
34032000,1901
34034000,1898
34036000,1907
34038000,1900
34040000,1907
34042000,1904
34044000,1897
34046000,1911
34048000,1904
34050000,1906
34052000,1910
34054000,1894
34056000,1904
34058000,1899
34060000,1909
34062000,1907
34064000,1899
34066000,1898
34068000,1900
34070000,1894
34072000,1867
34074000,1904
34076000,1910
34078000,1889
34080000,1898
34082000,1902
34084000,1899
34086000,1895
34088000,1905
34090000,1901
34092000,1891
34094000,1885
34096000,1894
34098000,1887
34100000,1902
34102000,1887
34104000,1915
34106000,1920
34108000,1926
34110000,1911
34112000,1931
34114000,1936
34116000,1943
34118000,1942
34120000,1946
34122000,1963
34124000,1959
34126000,2010
34128000,2026
34130000,2043
34132000,2047
34134000,2005
34136000,2155
34138000,2162
34140000,2199
34142000,2211
34144000,2203
34146000,2177
34148000,2217
34150000,2233
34152000,2245
34154000,2247
34156000,2213
34158000,2220
34160000,2217
34162000,2218
34164000,2227
34166000,2235
34168000,2213
34170000,2208
34172000,2119
34174000,2016
34176000,2019
34178000,2021
34180000,1997
34182000,2021
34184000,2055
34186000,2054
34188000,2075
34190000,2061
34192000,2062
34194000,2064
34196000,2071
34198000,2101
34200000,2070
34202000,2081
34204000,2195
34206000,2224
34208000,2224
34210000,2224
34212000,2231
34214000,2223
34216000,2220
34218000,2225
34220000,2225
34222000,2221
34224000,2231
34226000,2233
34228000,2231
34230000,2234
34232000,2235
34234000,2251
34236000,2256
34238000,2256
34240000,2266
34242000,2279
34244000,2274
34246000,2303
34248000,2297
34250000,2310
34252000,2304
34254000,2319
34256000,2328
34258000,2341
34260000,2355
34262000,2352
34264000,2361
34266000,2381
34268000,2370
34270000,2378
34272000,2383
34274000,2403
34276000,2407
34278000,2404
34280000,2411
34282000,2402
34284000,2416
34286000,2410
34288000,2413
34290000,2415
34292000,2421
34294000,2423
34296000,2427
34298000,2419
34300000,2418
34302000,2427
34304000,2427
34306000,2425
34308000,2422
34310000,2423
34312000,2420
34314000,2433
34316000,2429
34318000,2430
34320000,2430
34322000,2416
34324000,2430
34326000,2432
34328000,2425
34330000,2429
34332000,2431
34334000,2434
34336000,2442
34338000,2512
34340000,2527
34342000,2522
34344000,2522
34346000,2582
34348000,2609
34350000,2613
34352000,2625
34354000,2662
34356000,2665
34358000,2663
34360000,2731
34362000,2766
34364000,2783
34366000,2781
34368000,2807
34370000,2793
34372000,2803
34374000,2807
34376000,2810
34378000,2815
34380000,2827
34382000,2819
34384000,2818
34386000,2836
34388000,2829
34390000,2830
34392000,2827
34394000,2819
34396000,2841
34398000,2825
34400000,2834
34402000,2832
34404000,2834
34406000,2832
34408000,2834
34410000,2838
34412000,2827
34414000,2834
34416000,2832
34418000,2834
34420000,2848
34422000,2847
34424000,2848
34426000,2850
34428000,2843
34430000,2853
34432000,2849
34434000,2855
34436000,2845
34438000,2845
34440000,2850
34442000,2858
34444000,2863
34446000,2867
34448000,2846
34450000,2857
34452000,2849
34454000,2855
34456000,2863
34458000,2850
34460000,2855
34462000,2858
34464000,2871
34466000,2870
34468000,2873
34470000,2878
34472000,2869
34474000,2875
34476000,2878
34478000,2882
34480000,2875
34482000,2889
34484000,2884
34486000,2874
34488000,2874
34490000,2866
34492000,2858
34494000,2859
34496000,2869
34498000,2865
34500000,2869
34502000,2858
34504000,2870
34506000,2887
34508000,2891
34510000,2871
34512000,2890
34514000,2882
34516000,2875
34518000,2864
34520000,2860
34522000,2841
34524000,2859
34526000,2843
34528000,2861
34530000,2883
34532000,2884
34534000,2876
34536000,2876
34538000,2881
34540000,2885
34542000,2875
34544000,2886
34546000,2887
34548000,2886
34550000,2874
34552000,2891
34554000,2889
34556000,2892
34558000,2885
34560000,2885
34562000,2886
34564000,2880
34566000,2878
34568000,2881
34570000,2883
34572000,2878
34574000,2877
34576000,2880
34578000,2885
34580000,2874
34582000,2885
34584000,2894
34586000,2880
34588000,2883
34590000,2890
34592000,2887
34594000,2878
34596000,2883
34598000,2887
34600000,2896
34602000,2879
34604000,2879
34606000,2882
34608000,2880
34610000,2875
34612000,2894
34614000,2895
34616000,2890
34618000,2885
34620000,2892
34622000,2891
34624000,2883
34626000,2887
34628000,2892
34630000,2906
34632000,2889
34634000,2882
34636000,2896
34638000,2895
34640000,2880
34642000,2898
34644000,2898
34646000,2895
34648000,2893
34650000,2894
34652000,2896
34654000,2914
34656000,2912
34658000,2910
34660000,2917
34662000,2899
34664000,2903
34666000,2929
34668000,2912
34670000,2912
34672000,2913
34674000,2923
34676000,2931
34678000,2923
34680000,2917
34682000,2941
34684000,2933
34686000,2913
34688000,2921
34690000,2926
34692000,2917
34694000,2913
34696000,2917
34698000,2918
34700000,2918
34702000,2925
34704000,2923
34706000,2909
34708000,2919
34710000,2922
34712000,2914
34714000,2928
34716000,2914
34718000,2918
34720000,2926
34722000,2925
34724000,2918
34726000,2922
34728000,2915
34730000,2915
34732000,2911
34734000,2907
34736000,2917
34738000,2913
34740000,2923
34742000,2912
34744000,2923
34746000,2913
34748000,2918
34750000,2916
34752000,2919
34754000,2913
34756000,2944
34758000,2919
34760000,2917
34762000,2913
34764000,2910
34766000,2913
34768000,2903
34770000,2908
34772000,2912
34774000,2903
34776000,2910
34778000,2911
34780000,2903
34782000,2907
34784000,2911
34786000,2878
34788000,2901
34790000,2891
34792000,2886
34794000,2890
34796000,2896
34798000,2891
34800000,2889
34802000,2891
34804000,2871
34806000,2879
34808000,2882
34810000,2882
34812000,2877
34814000,2881
34816000,2883
34818000,2875
34820000,2886
34822000,2870
34824000,2876
34826000,2868
34828000,2869
34830000,2871
34832000,2882
34834000,2879
34836000,2853
34838000,2885
34840000,2884
34842000,2883
34844000,2879
34846000,2895
34848000,2875
34850000,2871
34852000,2925
34854000,2875
34856000,2881
34858000,2875
34860000,2875
34862000,2877
34864000,2864
34866000,2877
34868000,2834
34870000,2879
34872000,2883
34874000,2881
34876000,2886
34878000,2885
34880000,2876
34882000,2879
34884000,2874
34886000,2875
34888000,2865
34890000,2876
34892000,2890
34894000,2902
34896000,2896
34898000,2883
34900000,2905
34902000,2862
34904000,2885
34906000,2879
34908000,2881
34910000,2871
34912000,2877
34914000,2870
34916000,2885
34918000,2882
34920000,2880
34922000,2864
34924000,2880
34926000,2880
34928000,2887
34930000,2880
34932000,2888
34934000,2880
34936000,2884
34938000,2884
34940000,2881
34942000,2880
34944000,2885
34946000,2893
34948000,2891
34950000,2881
34952000,2881
34954000,2890
34956000,2887
34958000,2869
34960000,2813
34962000,2883
34964000,2882
34966000,2878
34968000,2877
34970000,2880
34972000,2883
34974000,2881
34976000,2877
34978000,2881
34980000,2879
34982000,2880
34984000,2864
34986000,2875
34988000,2870
34990000,2868
34992000,2875
34994000,2880
34996000,2877
34998000,2878
35000000,2878
35002000,2882
35004000,2866
35006000,2873
35008000,2871
35010000,2867
35012000,2870
35014000,2881
35016000,2864
35018000,2881
35020000,2870
35022000,2867
35024000,2870
35026000,2880
35028000,2873
35030000,2889
35032000,2893
35034000,2877
35036000,2883
35038000,2887
35040000,2884
35042000,2874
35044000,2884
35046000,2882
35048000,2870
35050000,2881
35052000,2874
35054000,2875
35056000,2882
35058000,2875
35060000,2883
35062000,2891
35064000,2881
35066000,2878
35068000,2880
35070000,2878
35072000,2865
35074000,2887
35076000,2878
35078000,2882
35080000,2871
35082000,2881
35084000,2873
35086000,2880
35088000,2875
35090000,2878
35092000,2896
35094000,2875
35096000,2883
35098000,2879
35100000,2883
35102000,2892
35104000,2889
35106000,2886
35108000,2881
35110000,2909
35112000,2879
35114000,2886
35116000,2889
35118000,2907
35120000,2880
35122000,2880
35124000,2896
35126000,2875
35128000,2883
35130000,2882
35132000,2880
35134000,2895
35136000,2883
35138000,2881
35140000,2847
35142000,2881
35144000,2877
35146000,2880
35148000,2871
35150000,2882
35152000,2874
35154000,2879
35156000,2887
35158000,2889
35160000,2878
35162000,2885
35164000,2891
35166000,2892
35168000,2894
35170000,2886
35172000,2875
35174000,2887
35176000,2896
35178000,2883
35180000,2875
35182000,2896
35184000,2895
35186000,2896
35188000,2928
35190000,2903
35192000,2898
35194000,2899
35196000,2911
35198000,2910
35200000,2907
35202000,2896
35204000,2910
35206000,2912
35208000,2901
35210000,2896
35212000,2906
35214000,2899
35216000,2890
35218000,2896
35220000,2885
35222000,2866
35224000,2863
35226000,2864
35228000,2858
35230000,2842
35232000,2864
35234000,2861
35236000,2852
35238000,2845
35240000,2836
35242000,2849
35244000,2825
35246000,2846
35248000,2843
35250000,2849
35252000,2842
35254000,2841
35256000,2844
35258000,2847
35260000,2836
35262000,2846
35264000,2838
35266000,2845
35268000,2759
35270000,2833
35272000,2847
35274000,2843
35276000,2831
35278000,2847
35280000,2844
35282000,2852
35284000,2853
35286000,2831
35288000,2844
35290000,2848
35292000,2836
35294000,2841
35296000,2845
35298000,2844
35300000,2833
35302000,2832
35304000,2832
35306000,2832
35308000,2829
35310000,2832
35312000,2827
35314000,2823
35316000,2819
35318000,2813
35320000,2819
35322000,2802
35324000,2799
35326000,2806
35328000,2787
35330000,2783
35332000,2800
35334000,2815
35336000,2817
35338000,2815
35340000,2832
35342000,2830
35344000,2828
35346000,2817
35348000,2837
35350000,2845
35352000,2847
35354000,2839
35356000,2850
35358000,2903
35360000,2864
35362000,2865
35364000,2870
35366000,2879
35368000,2878
35370000,2877
35372000,2880
35374000,2881
35376000,2879
35378000,2881
35380000,2855
35382000,2881
35384000,2885
35386000,2886
35388000,2884
35390000,2893
35392000,2893
35394000,2889
35396000,2883
35398000,2879
35400000,2879
35402000,2877
35404000,2880
35406000,2876
35408000,2863
35410000,2864
35412000,2862
35414000,2845
35416000,2842
35418000,2838
35420000,2825
35422000,2839
35424000,2841
35426000,2834
35428000,2841
35430000,2832
35432000,2845
35434000,2836
35436000,2831
35438000,2843
35440000,2838
35442000,2832
35444000,2832
35446000,2833
35448000,2827
35450000,2832
35452000,2818
35454000,2846
35456000,2832
35458000,2827
35460000,2821
35462000,2815
35464000,2827
35466000,2819
35468000,2822
35470000,2814
35472000,2823
35474000,2815
35476000,2825
35478000,2817
35480000,2806
35482000,2775
35484000,2766
35486000,2704
35488000,2671
35490000,2667
35492000,2673
35494000,2665
35496000,2646
35498000,2626
35500000,2459
35502000,2402
35504000,2414
35506000,2411
35508000,2414
35510000,2416
35512000,2411
35514000,2410
35516000,2400
35518000,2366
35520000,2363
35522000,2373
35524000,2366
35526000,2353
35528000,2351
35530000,2353
35532000,2348
35534000,2337
35536000,2352
35538000,2352
35540000,2359
35542000,2336
35544000,2340
35546000,2337
35548000,2337
35550000,2350
35552000,2336
35554000,2320
35556000,2298
35558000,2289
35560000,2288
35562000,2198
35564000,2165
35566000,2192
35568000,2192
35570000,2169
35572000,1964
35574000,1959
35576000,1946
35578000,1967
35580000,1959
35582000,1961
35584000,1954
35586000,1937
35588000,1933
35590000,1937
35592000,1919
35594000,1917
35596000,1896
35598000,1883
35600000,1895
35602000,1885
35604000,1885
35606000,1889
35608000,1876
35610000,1867
35612000,1774
35614000,1734
35616000,1693
35618000,1744
35620000,1701
35622000,1703
35624000,1694
35626000,1687
35628000,1682
35630000,1686
35632000,1682
35634000,1709
35636000,1683
35638000,1693
35640000,1678
35642000,1686
35644000,1676
35646000,1664
35648000,1659
35650000,1652
35652000,1665
35654000,1662
35656000,1648
35658000,1619
35660000,1606
35662000,1535
35664000,1510
35666000,1497
35668000,1495
35670000,1497
35672000,1485
35674000,1515
35676000,1489
35678000,1526
35680000,1507
35682000,1499
35684000,1466
35686000,1468
35688000,1448
35690000,1447
35692000,1421
35694000,1422
35696000,1455
35698000,1468
35700000,1399
35702000,1391
35704000,1379
35706000,1392
35708000,1382
35710000,1369
35712000,1374
35714000,1387
35716000,1363
35718000,1314
35720000,1328
35722000,1344
35724000,1332
35726000,1347
35728000,1330
35730000,1329
35732000,1328
35734000,1327
35736000,1317
35738000,1333
35740000,1328
35742000,1312
35744000,1333
35746000,1321
35748000,1280
35750000,1312
35752000,1310
35754000,1301
35756000,1310
35758000,1335
35760000,1286
35762000,1281
35764000,1253
35766000,1266
35768000,1261
35770000,1232
35772000,1252
35774000,1314
35776000,1277
35778000,1257
35780000,1275
35782000,1286
35784000,1302
35786000,1297
35788000,1311
35790000,1337
35792000,1330
35794000,1322
35796000,1341
35798000,1366
35800000,1354
35802000,1360
35804000,1372
35806000,1355
35808000,1360
35810000,1370
35812000,1367
35814000,1394
35816000,1374
35818000,1357
35820000,1382
35822000,1392
35824000,1397
35826000,1424
35828000,1456
35830000,1420
35832000,1462
35834000,1455
35836000,1457
35838000,1520
35840000,1590
35842000,1586
35844000,1613
35846000,1618
35848000,1680
35850000,1744
35852000,1675
35854000,1749
35856000,1793
35858000,1770
35860000,1776
35862000,1785
35864000,1794
35866000,1789
35868000,1821
35870000,1827
35872000,1857
35874000,1874
35876000,1867
35878000,1865
35880000,1898
35882000,1889
35884000,1910
35886000,1907
35888000,1913
35890000,1920
35892000,1931
35894000,1930
35896000,1942
35898000,1936
35900000,1936
35902000,1946
35904000,1951
35906000,1943
35908000,1955
35910000,1956
35912000,1953
35914000,1949
35916000,1949
35918000,1959
35920000,1957
35922000,1967
35924000,1968
35926000,1963
35928000,1958
35930000,1962
35932000,1963
35934000,1968
35936000,1936
35938000,1966
35940000,1952
35942000,1962
35944000,1964
35946000,1973
35948000,2112
35950000,2223
35952000,2219
35954000,2224
35956000,2222
35958000,2272
35960000,2278
35962000,2305
35964000,2365
35966000,2534
35968000,2559
35970000,2589
35972000,2607
35974000,2687
35976000,2722
35978000,2733
35980000,2736
35982000,2726
35984000,2732
35986000,2720
35988000,2739
35990000,2734
35992000,2752
35994000,2762
35996000,2798
35998000,2763
36000000,2790
36002000,2772
36004000,2785
36006000,2790
36008000,2811
36010000,2814
36012000,2817
36014000,2855
36016000,2869
36018000,2863
36020000,2869
36022000,2870
36024000,2882
36026000,2882
36028000,2882
36030000,2923
36032000,2896
36034000,2896
36036000,2887
36038000,2892
36040000,2894
36042000,2891
36044000,2896
36046000,2895
36048000,2891
36050000,2896
36052000,2896
36054000,2895
36056000,2903
36058000,2901
36060000,2909
36062000,2903
36064000,2906
36066000,2902
36068000,2903
36070000,2909
36072000,2912
36074000,2887
36076000,2909
36078000,2907
36080000,2902
36082000,2909
36084000,2901
36086000,2901
36088000,2920
36090000,2908
36092000,2915
36094000,2910
36096000,2893
36098000,2899
36100000,2896
36102000,2896
36104000,2897
36106000,2901
36108000,2907
36110000,2929
36112000,2891
36114000,2902
36116000,2928
36118000,2894
36120000,2898
36122000,2903
36124000,2898
36126000,2893
36128000,2906
36130000,2896
36132000,2911
36134000,2896
36136000,2896
36138000,2898
36140000,2895
36142000,2877
36144000,2911
36146000,2905
36148000,2903
36150000,2906
36152000,2914
36154000,2896
36156000,2902
36158000,2896
36160000,2913
36162000,2903
36164000,2895
36166000,2893
36168000,2899
36170000,2896
36172000,2882
36174000,2891
36176000,2895
36178000,2900
36180000,2891
36182000,2895
36184000,2895
36186000,2891
36188000,2889
36190000,2895
36192000,2902
36194000,2893
36196000,2887
36198000,2878
36200000,2886
36202000,2815
36204000,2883
36206000,2881
36208000,2867
36210000,2879
36212000,2884
36214000,2886
36216000,2896
36218000,2880
36220000,2885
36222000,2889
36224000,2871
36226000,2880
36228000,2880
36230000,2880
36232000,2874
36234000,2896
36236000,2889
36238000,2875
36240000,2896
36242000,2926
36244000,2918
36246000,2928
36248000,2917
36250000,2931
36252000,2958
36254000,2970
36256000,2980
36258000,3002
36260000,3007
36262000,2963
36264000,3013
36266000,3019
36268000,3024
36270000,3019
36272000,3021
36274000,3026
36276000,3029
36278000,3017
36280000,3015
36282000,3024
36284000,3015
36286000,3022
36288000,3022
36290000,3027
36292000,3024
36294000,3024
36296000,2991
36298000,2987
36300000,2978
36302000,2992
36304000,2987
36306000,2992
36308000,2991
36310000,2992
36312000,3004
36314000,2997
36316000,2987
36318000,2995
36320000,2992
36322000,2995
36324000,3001
36326000,2981
36328000,2986
36330000,2991
36332000,2971
36334000,2982
36336000,2979
36338000,2975
36340000,2978
36342000,2980
36344000,2978
36346000,2979
36348000,2977
36350000,2977
36352000,2979
36354000,2981
36356000,2983
36358000,2983
36360000,2986
36362000,2986
36364000,2988
36366000,2971
36368000,3007
36370000,2975
36372000,2967
36374000,2939
36376000,2960
36378000,2961
36380000,2966
36382000,2963
36384000,2960
36386000,2958
36388000,2959
36390000,2960
36392000,2951
36394000,2960
36396000,2961
36398000,2960
36400000,2960
36402000,2979
36404000,2959
36406000,2971
36408000,2960
36410000,2966
36412000,2966
36414000,2963
36416000,2973
36418000,2963
36420000,2964
36422000,2959
36424000,2962
36426000,2966
36428000,2961
36430000,2958
36432000,2940
36434000,2967
36436000,2967
36438000,2949
36440000,2951
36442000,2950
36444000,2949
36446000,2907
36448000,2924
36450000,2980
36452000,2903
36454000,2899
36456000,2896
36458000,2901
36460000,2897
36462000,2913
36464000,2921
36466000,2907
36468000,2907
36470000,2921
36472000,2912
36474000,2931
36476000,2922
36478000,2919
36480000,2925
36482000,2929
36484000,2913
36486000,2931
36488000,2920
36490000,2893
36492000,2896
36494000,2897
36496000,2890
36498000,2887
36500000,2887
36502000,2897
36504000,2898
36506000,2894
36508000,2901
36510000,2906
36512000,2898
36514000,2890
36516000,2898
36518000,2898
36520000,2895
36522000,2907
36524000,2907
36526000,2911
36528000,2833
36530000,2902
36532000,2911
36534000,2918
36536000,2911
36538000,2914
36540000,2912
36542000,2917
36544000,2902
36546000,2919
36548000,2913
36550000,2947
36552000,2914
36554000,2904
36556000,2913
36558000,2909
36560000,2919
36562000,2919
36564000,2931
36566000,2928
36568000,2919
36570000,2935
36572000,2928
36574000,2907
36576000,2927
36578000,2921
36580000,2925
36582000,2933
36584000,2938
36586000,2937
36588000,2947
36590000,2967
36592000,2941
36594000,2947
36596000,2939
36598000,2946
36600000,2942
36602000,2931
36604000,2937
36606000,2943
36608000,2947
36610000,2935
36612000,2938
36614000,2929
36616000,2938
36618000,2937
36620000,2938
36622000,2932
36624000,2918
36626000,2942
36628000,2938
36630000,2939
36632000,2932
36634000,2918
36636000,2928
36638000,2922
36640000,2924
36642000,2912
36644000,2919
36646000,2917
36648000,2919
36650000,2917
36652000,2940
36654000,2919
36656000,2926
36658000,2916
36660000,2916
36662000,2928
36664000,2919
36666000,2919
36668000,2915
36670000,2917
36672000,2918
36674000,2907
36676000,2915
36678000,2911
36680000,2916
36682000,2919
36684000,2913
36686000,2919
36688000,2918
36690000,2923
36692000,2929
36694000,2909
36696000,2914
36698000,2913
36700000,2917
36702000,2911
36704000,2911
36706000,2917
36708000,2923
36710000,2919
36712000,2877
36714000,2909
36716000,2902
36718000,2913
36720000,2920
36722000,2907
36724000,2907
36726000,2907
36728000,2905
36730000,2909
36732000,2919
36734000,2926
36736000,2930
36738000,2933
36740000,2942
36742000,2926
36744000,2929
36746000,2924
36748000,2901
36750000,2907
36752000,2901
36754000,2905
36756000,2887
36758000,2899
36760000,2887
36762000,2894
36764000,2896
36766000,2894
36768000,2887
36770000,2928
36772000,2928
36774000,2939
36776000,2934
36778000,2933
36780000,2947
36782000,2955
36784000,2905
36786000,2896
36788000,2898
36790000,2896
36792000,2896
36794000,2882
36796000,2882
36798000,2890
36800000,2888
36802000,2897
36804000,2923
36806000,2942
36808000,2929
36810000,2935
36812000,2893
36814000,2889
36816000,2896
36818000,2900
36820000,2898
36822000,2903
36824000,2899
36826000,2896
36828000,2905
36830000,2897
36832000,2896
36834000,2893
36836000,2895
36838000,2889
36840000,2893
36842000,2891
36844000,2882
36846000,2891
36848000,2884
36850000,2888
36852000,2893
36854000,2889
36856000,2893
36858000,2907
36860000,2885
36862000,2873
36864000,2881
36866000,2881
36868000,2864
36870000,2875
36872000,2869
36874000,2885
36876000,2879
36878000,2857
36880000,2864
36882000,2855
36884000,2871
36886000,2864
36888000,2868
36890000,2869
36892000,2853
36894000,2850
36896000,2861
36898000,2859
36900000,2850
36902000,2807
36904000,2810
36906000,2810
36908000,2806
36910000,2811
36912000,2813
36914000,2800
36916000,2797
36918000,2802
36920000,2787
36922000,2789
36924000,2773
36926000,2761
36928000,2739
36930000,2653
36932000,2618
36934000,2556
36936000,2529
36938000,2506
36940000,2495
36942000,2465
36944000,2448
36946000,2458
36948000,2433
36950000,2405
36952000,2434
36954000,2442
36956000,2391
36958000,2385
36960000,2389
36962000,2384
36964000,2384
36966000,2393
36968000,2395
36970000,2394
36972000,2395
36974000,2381
36976000,2396
36978000,2390
36980000,2402
36982000,2486
36984000,2505
36986000,2512
36988000,2543
36990000,2559
36992000,2581
36994000,2641
36996000,2722
36998000,2739
37000000,2751
37002000,2769
37004000,2785
37006000,2796
37008000,2801
37010000,2807
37012000,2806
37014000,2813
37016000,2809
37018000,2815
37020000,2817
37022000,2830
37024000,2842
37026000,2842
37028000,2863
37030000,2859
37032000,2853
37034000,2855
37036000,2899
37038000,2859
37040000,2875
37042000,2867
37044000,2859
37046000,2927
37048000,2867
37050000,2864
37052000,2855
37054000,2865
37056000,2854
37058000,2863
37060000,2829
37062000,2832
37064000,2828
37066000,2825
37068000,2768
37070000,2830
37072000,2830
37074000,2816
37076000,2823
37078000,2821
37080000,2800
37082000,2827
37084000,2830
37086000,2827
37088000,2825
37090000,2865
37092000,2819
37094000,2819
37096000,2825
37098000,2822
37100000,2827
37102000,2832
37104000,2854
37106000,2864
37108000,2864
37110000,2858
37112000,2869
37114000,2871
37116000,2880
37118000,2866
37120000,2873
37122000,2867
37124000,2878
37126000,2877
37128000,2858
37130000,2874
37132000,2865
37134000,2874
37136000,2865
37138000,2887
37140000,2885
37142000,2896
37144000,2896
37146000,2894
37148000,2891
37150000,2887
37152000,2972
37154000,2889
37156000,2896
37158000,2903
37160000,2898
37162000,2895
37164000,2894
37166000,2891
37168000,2891
37170000,2898
37172000,2906
37174000,2895
37176000,2891
37178000,2896
37180000,2886
37182000,2882
37184000,2893
37186000,2898
37188000,2896
37190000,2899
37192000,2893
37194000,2895
37196000,2895
37198000,2901
37200000,2906
37202000,2900
37204000,2896
37206000,2910
37208000,2905
37210000,2891
37212000,2903
37214000,2896
37216000,2907
37218000,2935
37220000,2896
37222000,2909
37224000,2896
37226000,2896
37228000,2897
37230000,2907
37232000,2902
37234000,2899
37236000,2899
37238000,2896
37240000,2899
37242000,2905
37244000,2899
37246000,2914
37248000,2905
37250000,2891
37252000,2938
37254000,2896
37256000,2887
37258000,2886
37260000,2902
37262000,2883
37264000,2896
37266000,2920
37268000,2915
37270000,2913
37272000,2918
37274000,2914
37276000,2915
37278000,2922
37280000,2906
37282000,2912
37284000,2910
37286000,2899
37288000,2914
37290000,2899
37292000,2897
37294000,2900
37296000,2899
37298000,2893
37300000,2911
37302000,2896
37304000,2906
37306000,2904
37308000,2895
37310000,2879
37312000,2890
37314000,2923
37316000,2928
37318000,2941
37320000,2956
37322000,2976
37324000,2978
37326000,2990
37328000,2986
37330000,2992
37332000,3004
37334000,2999
37336000,3003
37338000,2993
37340000,3010
37342000,2987
37344000,2996
37346000,3003
37348000,3002
37350000,2992
37352000,2921
37354000,2997
37356000,3085
37358000,2994
37360000,2992
37362000,2998
37364000,2993
37366000,2989
37368000,2960
37370000,2961
37372000,2975
37374000,2981
37376000,2975
37378000,2977
37380000,2971
37382000,2963
37384000,2967
37386000,2954
37388000,2933
37390000,2897
37392000,2886
37394000,2915
37396000,2883
37398000,2895
37400000,2938
37402000,2889
37404000,2886
37406000,2883
37408000,2891
37410000,2896
37412000,2890
37414000,2893
37416000,2895
37418000,2896
37420000,2899
37422000,2894
37424000,2895
37426000,2891
37428000,2896
37430000,2893
37432000,2901
37434000,2896
37436000,2880
37438000,2861
37440000,2873
37442000,2873
37444000,2897
37446000,2897
37448000,2903
37450000,2899
37452000,2899
37454000,2915
37456000,2925
37458000,2962
37460000,2953
37462000,2954
37464000,2949
37466000,2959
37468000,2960
37470000,2947
37472000,2960
37474000,2942
37476000,2966
37478000,2970
37480000,2983
37482000,2966
37484000,2961
37486000,2970
37488000,2966
37490000,2964
37492000,2970
37494000,2963
37496000,2960
37498000,2962
37500000,2947
37502000,2965
37504000,2965
37506000,2964
37508000,2973
37510000,2960
37512000,2961
37514000,3006
37516000,2975
37518000,2975
37520000,2992
37522000,2977
37524000,2972
37526000,2978
37528000,2965
37530000,2971
37532000,2970
37534000,2986
37536000,2978
37538000,2978
37540000,2979
37542000,2990
37544000,2977
37546000,2986
37548000,2990
37550000,2973
37552000,2973
37554000,2978
37556000,2986
37558000,2982
37560000,2986
37562000,2989
37564000,2995
37566000,2992
37568000,2983
37570000,2983
37572000,2978
37574000,2987
37576000,2978
37578000,2982
37580000,2970
37582000,2971
37584000,2969
37586000,2967
37588000,2947
37590000,2957
37592000,2967
37594000,2965
37596000,2954
37598000,2960
37600000,2955
37602000,2943
37604000,2954
37606000,2958
37608000,2958
37610000,2948
37612000,2939
37614000,2929
37616000,2948
37618000,2929
37620000,2922
37622000,2927
37624000,2912
37626000,2887
37628000,2890
37630000,2891
37632000,2905
37634000,2898
37636000,2896
37638000,2960
37640000,2961
37642000,2963
37644000,2959
37646000,2960
37648000,2967
37650000,2973
37652000,2992
37654000,2998
37656000,2988
37658000,2981
37660000,2985
37662000,3023
37664000,3003
37666000,2994
37668000,3038
37670000,2974
37672000,2992
37674000,2987
37676000,2991
37678000,3009
37680000,2997
37682000,2997
37684000,2991
37686000,2981
37688000,2983
37690000,2982
37692000,2982
37694000,2928
37696000,3005
37698000,2986
37700000,2994
37702000,2987
37704000,3007
37706000,2988
37708000,2987
37710000,2931
37712000,2981
37714000,2981
37716000,2981
37718000,2963
37720000,2968
37722000,2971
37724000,2970
37726000,2973
37728000,2965
37730000,2967
37732000,2960
37734000,2969
37736000,2962
37738000,2970
37740000,2978
37742000,2959
37744000,2962
37746000,2961
37748000,2969
37750000,2966
37752000,2957
37754000,2955
37756000,2946
37758000,2947
37760000,2942
37762000,2955
37764000,2969
37766000,2958
37768000,2954
37770000,2959
37772000,2962
37774000,2973
37776000,2960
37778000,2975
37780000,2971
37782000,2976
37784000,2971
37786000,2965
37788000,2978
37790000,2960
37792000,3005
37794000,2960
37796000,3002
37798000,2956
37800000,2957
37802000,2940
37804000,2927
37806000,2903
37808000,2903
37810000,2891
37812000,2882
37814000,2891
37816000,2891
37818000,2895
37820000,2889
37822000,2899
37824000,2885
37826000,2887
37828000,2885
37830000,2882
37832000,2896
37834000,2886
37836000,2892
37838000,2886
37840000,2896
37842000,2896
37844000,2895
37846000,2898
37848000,2937
37850000,2915
37852000,2919
37854000,2915
37856000,2924
37858000,2921
37860000,2928
37862000,2919
37864000,2923
37866000,2928
37868000,2928
37870000,2924
37872000,2913
37874000,2919
37876000,2915
37878000,2925
37880000,2919
37882000,2929
37884000,2897
37886000,2902
37888000,2897
37890000,2897
37892000,2899
37894000,2898
37896000,2896
37898000,2903
37900000,2896
37902000,2904
37904000,2896
37906000,2897
37908000,2897
37910000,2922
37912000,2914
37914000,2927
37916000,2938
37918000,2929
37920000,2928
37922000,2950
37924000,2962
37926000,2948
37928000,2957
37930000,2930
37932000,2957
37934000,2959
37936000,2960
37938000,2962
37940000,2973
37942000,2980
37944000,2991
37946000,2976
37948000,2992
37950000,2989
37952000,2981
37954000,2991
37956000,2987
37958000,2992
37960000,2995
37962000,2991
37964000,2975
37966000,2998
37968000,2992
37970000,2992
37972000,2997
37974000,2979
37976000,2992
37978000,2991
37980000,2995
37982000,3005
37984000,2996
37986000,2992
37988000,2992
37990000,2990
37992000,2989
37994000,2992
37996000,3006
37998000,2988
38000000,2999
38002000,3014
38004000,2999
38006000,2965
38008000,3008
38010000,2992
38012000,2991
38014000,2985
38016000,2977
38018000,2996
38020000,2995
38022000,2992
38024000,2995
38026000,2993
38028000,3021
38030000,2983
38032000,2994
38034000,2990
38036000,2982
38038000,2989
38040000,3040
38042000,3008
38044000,2992
38046000,2975
38048000,2990
38050000,2991
38052000,2987
38054000,2993
38056000,2992
38058000,2989
38060000,2992
38062000,3003
38064000,2999
38066000,3009
38068000,2997
38070000,2998
38072000,2990
38074000,3002
38076000,2998
38078000,3002
38080000,3007
38082000,2995
38084000,3006
38086000,3023
38088000,3003
38090000,2992
38092000,3005
38094000,2995
38096000,2998
38098000,2995
38100000,3014
38102000,3006
38104000,3017
38106000,3008
38108000,3010
38110000,3015
38112000,3013
38114000,2963
38116000,3003
38118000,3002
38120000,2995
38122000,3042
38124000,3010
38126000,3001
38128000,3039
38130000,3036
38132000,3053
38134000,3036
38136000,3047
38138000,3046
38140000,3019
38142000,3024
38144000,3017
38146000,3011
38148000,3024
38150000,3021
38152000,3024
38154000,3024
38156000,3015
38158000,3024
38160000,3022
38162000,3013
38164000,3017
38166000,3019
38168000,3024
38170000,3024
38172000,3021
38174000,3021
38176000,3014
38178000,3022
38180000,3021
38182000,3029
38184000,3028
38186000,3025
38188000,3021
38190000,3027
38192000,3013
38194000,3017
38196000,3025
38198000,3008
38200000,2999
38202000,2982
38204000,2992
38206000,2992
38208000,2925
38210000,2928
38212000,2935
38214000,2929
38216000,2930
38218000,2926
38220000,2933
38222000,2932
38224000,2933
38226000,2949
38228000,2928
38230000,2987
38232000,2927
38234000,2950
38236000,2943
38238000,2951
38240000,2941
38242000,2954
38244000,2950
38246000,2944
38248000,2951
38250000,2951
38252000,2967
38254000,2962
38256000,2959
38258000,2963
38260000,2975
38262000,2987
38264000,2975
38266000,2965
38268000,2964
38270000,2960
38272000,2965
38274000,2963
38276000,2975
38278000,2992
38280000,2960
38282000,2970
38284000,2982
38286000,2979
38288000,2984
38290000,2977
38292000,2967
38294000,2960
38296000,2981
38298000,2972
38300000,2980
38302000,2965
38304000,2986
38306000,2960
38308000,2968
38310000,2966
38312000,2965
38314000,2964
38316000,2944
38318000,2947
38320000,2960
38322000,2979
38324000,2963
38326000,2976
38328000,2903
38330000,2983
38332000,2969
38334000,2971
38336000,2970
38338000,2980
38340000,2980
38342000,2992
38344000,2992
38346000,2981
38348000,2971
38350000,2969
38352000,2976
38354000,2990
38356000,2985
38358000,2995
38360000,3003
38362000,2992
38364000,2987
38366000,2989
38368000,2991
38370000,2986
38372000,2989
38374000,2986
38376000,3042
38378000,2999
38380000,2991
38382000,2986
38384000,2991
38386000,2989
38388000,2965
38390000,2991
38392000,2984
38394000,2992
38396000,2997
38398000,2999
38400000,2999
38402000,3003
38404000,3005
38406000,3008
38408000,2992
38410000,2997
38412000,3011
38414000,3012
38416000,2993
38418000,3008
38420000,3021
38422000,3012
38424000,3008
38426000,3006
38428000,3008
38430000,3015
38432000,3011
38434000,3011
38436000,3010
38438000,3008
38440000,3006
38442000,3003
38444000,3007
38446000,3008
38448000,3023
38450000,3014
38452000,3008
38454000,3015
38456000,3007
38458000,3029
38460000,3023
38462000,3006
38464000,2998
38466000,2998
38468000,2995
38470000,2998
38472000,2960
38474000,2990
38476000,2989
38478000,2992
38480000,2989
38482000,2971
38484000,2960
38486000,2957
38488000,2960
38490000,2956
38492000,2977
38494000,2967
38496000,2985
38498000,2976
38500000,2930
38502000,2966
38504000,2973
38506000,2962
38508000,2965
38510000,2963
38512000,2962
38514000,2965
38516000,2960
38518000,3015
38520000,3015
38522000,3002
38524000,3003
38526000,2992
38528000,3003
38530000,3007
38532000,3002
38534000,2992
38536000,3002
38538000,3009
38540000,3022
38542000,3023
38544000,3015
38546000,3017
38548000,3024
38550000,3024
38552000,3038
38554000,3024
38556000,3024
38558000,3024
38560000,3027
38562000,3025
38564000,3014
38566000,3018
38568000,3026
38570000,3028
38572000,3024
38574000,3036
38576000,3022
38578000,3024
38580000,3019
38582000,3012
38584000,3009
38586000,3023
38588000,3018
38590000,3006
38592000,3008
38594000,3023
38596000,3009
38598000,3011
38600000,3011
38602000,3017
38604000,3031
38606000,3033
38608000,3033
38610000,3033
38612000,3035
38614000,3029
38616000,3051
38618000,3043
38620000,3051
38622000,3043
38624000,3046
38626000,3044
38628000,3053
38630000,3056
38632000,3046
38634000,3031
38636000,3041
38638000,3024
38640000,3013
38642000,2992
38644000,2975
38646000,2974
38648000,2961
38650000,2954
38652000,2927
38654000,2915
38656000,2914
38658000,2896
38660000,2913
38662000,2909
38664000,2912
38666000,2891
38668000,2880
38670000,2887
38672000,2890
38674000,2906
38676000,2895
38678000,2901
38680000,2896
38682000,2896
38684000,2893
38686000,2887
38688000,2894
38690000,2891
38692000,2898
38694000,2875
38696000,2896
38698000,2889
38700000,2901
38702000,2899
38704000,2910
38706000,2897
38708000,2906
38710000,2911
38712000,2896
38714000,2898
38716000,2897
38718000,2905
38720000,2907
38722000,2899
38724000,2878
38726000,2894
38728000,2896
38730000,2898
38732000,2906
38734000,2895
38736000,2900
38738000,2906
38740000,2882
38742000,2901
38744000,2906
38746000,2898
38748000,2896
38750000,2898
38752000,2895
38754000,2895
38756000,2901
38758000,2895
38760000,2896
38762000,2911
38764000,2899
38766000,2896
38768000,2894
38770000,2905
38772000,2907
38774000,2896
38776000,2906
38778000,2903
38780000,2887
38782000,2889
38784000,2895
38786000,2897
38788000,2889
38790000,2887
38792000,2896
38794000,2895
38796000,2887
38798000,2895
38800000,2900
38802000,2929
38804000,2932
38806000,2950
38808000,2960
38810000,2970
38812000,2959
38814000,2962
38816000,2970
38818000,2964
38820000,2965
38822000,2986
38824000,2992
38826000,2992
38828000,2992
38830000,2992
38832000,3013
38834000,2999
38836000,3003
38838000,3018
38840000,3004
38842000,2989
38844000,2990
38846000,2963
38848000,2986
38850000,2992
38852000,2985
38854000,2989
38856000,2988
38858000,2997
38860000,2983
38862000,2987
38864000,2984
38866000,2992
38868000,2990
38870000,2978
38872000,2992
38874000,3002
38876000,3002
38878000,3009
38880000,2998
38882000,2990
38884000,2995
38886000,2993
38888000,3001
38890000,3007
38892000,3007
38894000,2995
38896000,3029
38898000,3005
38900000,2995
38902000,2992
38904000,2982
38906000,2988
38908000,2990
38910000,2987
38912000,2992
38914000,2998
38916000,2980
38918000,2983
38920000,3018
38922000,2993
38924000,2991
38926000,2993
38928000,2986
38930000,2980
38932000,2989
38934000,2994
38936000,2992
38938000,2997
38940000,2998
38942000,3006
38944000,3008
38946000,2999
38948000,3010
38950000,2979
38952000,2979
38954000,2989
38956000,2979
38958000,2979
38960000,2960
38962000,2958
38964000,2959
38966000,2947
38968000,2961
38970000,2956
38972000,2950
38974000,2944
38976000,2958
38978000,2955
38980000,2950
38982000,2958
38984000,2959
38986000,2958
38988000,2960
38990000,2960
38992000,2960
38994000,2972
38996000,2962
38998000,2958
39000000,2955
39002000,2953
39004000,2931
39006000,2960
39008000,2959
39010000,2977
39012000,2978
39014000,2979
39016000,2989
39018000,2993
39020000,3011
39022000,3006
39024000,3001
39026000,3008
39028000,3003
39030000,3007
39032000,3019
39034000,3013
39036000,2991
39038000,3008
39040000,2997
39042000,2995
39044000,2998
39046000,2992
39048000,2992
39050000,2982
39052000,2994
39054000,2996
39056000,3002
39058000,2997
39060000,2992
39062000,2994
39064000,3008
39066000,3019
39068000,3051
39070000,3082
39072000,3095
39074000,3138
39076000,3216
39078000,3227
39080000,3246
39082000,3289
39084000,3289
39086000,3299
39088000,3313
39090000,3338
39092000,3326
39094000,3343
39096000,3367
39098000,3350
39100000,3353
39102000,3356
39104000,3369
39106000,3361
39108000,3367
39110000,3375
39112000,3377
39114000,3366
39116000,3376
39118000,3372
39120000,3376
39122000,3364
39124000,3369
39126000,3364
39128000,3360
39130000,3357
39132000,3373
39134000,3361
39136000,3346
39138000,3361
39140000,3351
39142000,3357
39144000,3351
39146000,3354
39148000,3365
39150000,3374
39152000,3378
39154000,3377
39156000,3399
39158000,3391
39160000,3392
39162000,3405
39164000,3403
39166000,3415
39168000,3411
39170000,3401
39172000,3415
39174000,3415
39176000,3419
39178000,3421
39180000,3433
39182000,3425
39184000,3423
39186000,3427
39188000,3419
39190000,3421
39192000,3417
39194000,3316
39196000,3422
39198000,3424
39200000,3425
39202000,3421
39204000,3413
39206000,3411
39208000,3395
39210000,3357
39212000,3350
39214000,3361
39216000,3344
39218000,3323
39220000,3301
39222000,3266
39224000,3247
39226000,3200
39228000,3166
39230000,3147
39232000,3102
39234000,3056
39236000,3050
39238000,2989
39240000,2994
39242000,2976
39244000,2990
39246000,2993
39248000,2976
39250000,2995
39252000,2987
39254000,2996
39256000,3001
39258000,2998
39260000,2991
39262000,2986
39264000,2980
39266000,2990
39268000,2993
39270000,2983
39272000,3003
39274000,2995
39276000,2986
39278000,2921
39280000,3014
39282000,2983
39284000,2999
39286000,2992
39288000,2995
39290000,3003
39292000,2994
39294000,2992
39296000,2992
39298000,2993
39300000,2992
39302000,2994
39304000,2995
39306000,2965
39308000,3005
39310000,2988
39312000,2992
39314000,2992
39316000,2992
39318000,2986
39320000,2959
39322000,2961
39324000,2960
39326000,2955
39328000,2960
39330000,2953
39332000,2960
39334000,2947
39336000,2942
39338000,2947
39340000,2943
39342000,2935
39344000,2960
39346000,3007
39348000,3040
39350000,3029
39352000,3035
39354000,3024
39356000,3024
39358000,2997
39360000,3043
39362000,3044
39364000,3042
39366000,3050
39368000,3122
39370000,3039
39372000,3036
39374000,3050
39376000,3024
39378000,2994
39380000,2969
39382000,2961
39384000,2933
39386000,2957
39388000,2959
39390000,2916
39392000,2928
39394000,2901
39396000,2925
39398000,2914
39400000,2910
39402000,2875
39404000,2861
39406000,2877
39408000,2886
39410000,2901
39412000,2890
39414000,2909
39416000,2890
39418000,2886
39420000,2879
39422000,2886
39424000,2887
39426000,2886
39428000,2881
39430000,2873
39432000,2854
39434000,2819
39436000,2837
39438000,2800
39440000,2807
39442000,2800
39444000,2769
39446000,2762
39448000,2751
39450000,2704
39452000,2725
39454000,2650
39456000,2645
39458000,2626
39460000,2617
39462000,2588
39464000,2559
39466000,2545
39468000,2465
39470000,2207
39472000,1984
39474000,1996
39476000,1984
39478000,1982
39480000,1969
39482000,1982
39484000,1978
39486000,1983
39488000,1981
39490000,1981
39492000,1987
39494000,1975
39496000,1995
39498000,1994
39500000,1984
39502000,1979
39504000,1991
39506000,1988
39508000,1997
39510000,1990
39512000,1985
39514000,1996
39516000,1986
39518000,1985
39520000,1984
39522000,1979
39524000,2019
39526000,1984
39528000,2112
39530000,2186
39532000,2218
39534000,2240
39536000,2299
39538000,2321
39540000,2333
39542000,2339
39544000,2353
39546000,2359
39548000,2350
39550000,2358
39552000,2352
39554000,2354
39556000,2371
39558000,2368
39560000,2365
39562000,2368
39564000,2358
39566000,2365
39568000,2387
39570000,2349
39572000,2307
39574000,2346
39576000,2365
39578000,2351
39580000,2367
39582000,2382
39584000,2394
39586000,2410
39588000,2427
39590000,2436
39592000,2448
39594000,2448
39596000,2452
39598000,2454
39600000,2471
39602000,2533
39604000,2559
39606000,2633
39608000,2717
39610000,2740
39612000,2743
39614000,2757
39616000,2766
39618000,2768
39620000,2781
39622000,2777
39624000,2783
39626000,2783
39628000,2790
39630000,2797
39632000,2799
39634000,2794
39636000,2807
39638000,2801
39640000,2802
39642000,2800
39644000,2803
39646000,2794
39648000,2791
39650000,2801
39652000,2771
39654000,2815
39656000,2800
39658000,2793
39660000,2787
39662000,2784
39664000,2784
39666000,2783
39668000,2781
39670000,2787
39672000,2782
39674000,2779
39676000,2792
39678000,2797
39680000,2798
39682000,2807
39684000,2809
39686000,2811
39688000,2822
39690000,2816
39692000,2813
39694000,2817
39696000,2825
39698000,2811
39700000,2789
39702000,2821
39704000,2813
39706000,2814
39708000,2827
39710000,2816
39712000,2823
39714000,2845
39716000,2836
39718000,2849
39720000,2769
39722000,2847
39724000,2855
39726000,2846
39728000,2864
39730000,2863
39732000,2870
39734000,2874
39736000,2877
39738000,2865
39740000,2863
39742000,2880
39744000,2881
39746000,2884
39748000,2886
39750000,2886
39752000,2881
39754000,2909
39756000,2893
39758000,2891
39760000,2887
39762000,2916
39764000,2896
39766000,2896
39768000,2910
39770000,2907
39772000,2909
39774000,2898
39776000,2907
39778000,2895
39780000,2898
39782000,2903
39784000,2905
39786000,2902
39788000,2879
39790000,2912
39792000,2916
39794000,2926
39796000,2903
39798000,2907
39800000,2917
39802000,2928
39804000,2932
39806000,2944
39808000,2944
39810000,2944
39812000,2938
39814000,2941
39816000,2947
39818000,2957
39820000,2973
39822000,2983
39824000,2978
39826000,2985
39828000,2982
39830000,2992
39832000,2996
39834000,2994
39836000,2989
39838000,2992
39840000,2992
39842000,2982
39844000,2995
39846000,3005
39848000,3006
39850000,2997
39852000,3001
39854000,3006
39856000,3006
39858000,3008
39860000,3006
39862000,3001
39864000,3006
39866000,3002
39868000,3015
39870000,3003
39872000,2995
39874000,3017
39876000,3007
39878000,3009
39880000,3003
39882000,3008
39884000,3016
39886000,3010
39888000,3009
39890000,3018
39892000,3026
39894000,3018
39896000,2970
39898000,2980
39900000,3007
39902000,2999
39904000,3022
39906000,3011
39908000,3022
39910000,3041
39912000,3044
39914000,3041
39916000,3115
39918000,3042
39920000,3046
39922000,3050
39924000,3044
39926000,3037
39928000,3043
39930000,3053
39932000,3019
39934000,3021
39936000,3014
39938000,3003
39940000,2993
39942000,3006
39944000,3009
39946000,3006
39948000,2991
39950000,2992
39952000,2970
39954000,2957
39956000,2949
39958000,2960
39960000,2954
39962000,2992
39964000,2965
39966000,2951
39968000,2951
39970000,2953
39972000,2960
39974000,2950
39976000,2951
39978000,2950
39980000,2947
39982000,2951
39984000,2960
39986000,2997
39988000,2965
39990000,2957
39992000,2960
39994000,2955
39996000,2943
39998000,2946
40000000,2960
40002000,2957
40004000,2963
40006000,2963
40008000,2963
40010000,2962
40012000,2960
40014000,2948
40016000,2963
40018000,2949
40020000,2944
40022000,2954
40024000,2946
40026000,2942
40028000,2954
40030000,2960
40032000,2963
40034000,2962
40036000,2967
40038000,2965
40040000,2971
40042000,2977
40044000,2977
40046000,2987
40048000,2981
40050000,2985
40052000,2967
40054000,2978
40056000,2976
40058000,2972
40060000,2946
40062000,2981
40064000,2977
40066000,2971
40068000,2981
40070000,2975
40072000,2977
40074000,2974
40076000,2987
40078000,2966
40080000,2979
40082000,2986
40084000,2978
40086000,2985
40088000,2987
40090000,2975
40092000,2994
40094000,2982
40096000,2965
40098000,2978
40100000,2962
40102000,2967
40104000,2960
40106000,2928
40108000,2970
40110000,2966
40112000,2981
40114000,2963
40116000,2960
40118000,2960
40120000,2960
40122000,2951
40124000,2946
40126000,2942
40128000,2971
40130000,2949
40132000,2949
40134000,2950
40136000,2963
40138000,2960
40140000,2950
40142000,2951
40144000,2960
40146000,2962
40148000,2961
40150000,2974
40152000,2960
40154000,2960
40156000,2967
40158000,2965
40160000,2960
40162000,2947
40164000,2995
40166000,3001
40168000,3008
40170000,3022
40172000,3012
40174000,3011
40176000,3023
40178000,3015
40180000,3029
40182000,3024
40184000,3026
40186000,3069
40188000,3070
40190000,3067
40192000,3071
40194000,3083
40196000,3082
40198000,3071
40200000,3071
40202000,3081
40204000,3088
40206000,3065
40208000,3083
40210000,3088
40212000,3086
40214000,3085
40216000,3088
40218000,3092
40220000,3071
40222000,3097
40224000,3100
40226000,3119
40228000,3113
40230000,3118
40232000,3101
40234000,3129
40236000,3115
40238000,3131
40240000,3139
40242000,3133
40244000,3123
40246000,3158
40248000,3229
40250000,3216
40252000,3227
40254000,3235
40256000,3238
40258000,3242
40260000,3225
40262000,3248
40264000,3279
40266000,3267
40268000,3297
40270000,3291
40272000,3289
40274000,3284
40276000,3287
40278000,3307
40280000,3318
40282000,3334
40284000,3332
40286000,3331
40288000,3335
40290000,3338
40292000,3344
40294000,3353
40296000,3346
40298000,3348
40300000,3350
40302000,3359
40304000,3365
40306000,3358
40308000,3370
40310000,3386
40312000,3369
40314000,3371
40316000,3377
40318000,3376
40320000,3360
40322000,3360
40324000,3357
40326000,3354
40328000,3355
40330000,3353
40332000,3344
40334000,3349
40336000,3351
40338000,3360
40340000,3366
40342000,3329
40344000,3398
40346000,3409
40348000,3431
40350000,3456
40352000,3456
40354000,3460
40356000,3449
40358000,3472
40360000,3473
40362000,3477
40364000,3491
40366000,3503
40368000,3491
40370000,3502
40372000,3504
40374000,3500
40376000,3504
40378000,3502
40380000,3514
40382000,3511
40384000,3511
40386000,3527
40388000,3517
40390000,3509
40392000,3506
40394000,3509
40396000,3504
40398000,3514
40400000,3519
40402000,3517
40404000,3509
40406000,3499
40408000,3519
40410000,3522
40412000,3522
40414000,3515
40416000,3521
40418000,3523
40420000,3515
40422000,3515
40424000,3520
40426000,3527
40428000,3526
40430000,3527
40432000,3538
40434000,3518
40436000,3525
40438000,3526
40440000,3520
40442000,3511
40444000,3520
40446000,3525
40448000,3506
40450000,3536
40452000,3536
40454000,3546
40456000,3522
40458000,3501
40460000,3527
40462000,3531
40464000,3537
40466000,3527
40468000,3535
40470000,3533
40472000,3536
40474000,3525
40476000,3549
40478000,3542
40480000,3551
40482000,3568
40484000,3645
40486000,3575
40488000,3583
40490000,3600
40492000,3615
40494000,3618
40496000,3619
40498000,3616
40500000,3623
40502000,3627
40504000,3621
40506000,3636
40508000,3653
40510000,3645
40512000,3640
40514000,3649
40516000,3632
40518000,3643
40520000,3664
40522000,3577
40524000,3658
40526000,3651
40528000,3658
40530000,3654
40532000,3664
40534000,3643
40536000,3651
40538000,3655
40540000,3635
40542000,3650
40544000,3647
40546000,3637
40548000,3637
40550000,3636
40552000,3633
40554000,3633
40556000,3644
40558000,3632
40560000,3613
40562000,3597
40564000,3607
40566000,3579
40568000,3568
40570000,3532
40572000,3556
40574000,3552
40576000,3552
40578000,3523
40580000,3536
40582000,3525
40584000,3505
40586000,3507
40588000,3504
40590000,3507
40592000,3495
40594000,3503
40596000,3500
40598000,3504
40600000,3489
40602000,3470
40604000,3491
40606000,3486
40608000,3486
40610000,3477
40612000,3472
40614000,3472
40616000,3477
40618000,3469
40620000,3470
40622000,3452
40624000,3438
40626000,3457
40628000,3461
40630000,3454
40632000,3440
40634000,3428
40636000,3406
40638000,3392
40640000,3411
40642000,3374
40644000,3341
40646000,3335
40648000,3324
40650000,3310
40652000,3305
40654000,3282
40656000,3277
40658000,3270
40660000,3260
40662000,3249
40664000,3245
40666000,3231
40668000,3217
40670000,3210
40672000,3199
40674000,3118
40676000,3087
40678000,3056
40680000,3053
40682000,3051
40684000,3052
40686000,3026
40688000,3017
40690000,3008
40692000,2963
40694000,2992
40696000,3007
40698000,2996
40700000,2981
40702000,2979
40704000,2967
40706000,2965
40708000,2960
40710000,2966
40712000,2974
40714000,2956
40716000,3011
40718000,3001
40720000,3011
40722000,3014
40724000,3015
40726000,3018
40728000,3015
40730000,3009
40732000,3004
40734000,3013
40736000,3019
40738000,3014
40740000,3010
40742000,3021
40744000,3011
40746000,3017
40748000,3013
40750000,3019
40752000,3026
40754000,3021
40756000,3025
40758000,3037
40760000,3030
40762000,3037
40764000,3040
40766000,3008
40768000,3029
40770000,3026
40772000,3040
40774000,3061
40776000,3070
40778000,3079
40780000,3071
40782000,3088
40784000,3089
40786000,3089
40788000,3091
40790000,3103
40792000,3096
40794000,3107
40796000,3099
40798000,3089
40800000,3088
40802000,3083
40804000,3081
40806000,3081
40808000,3104
40810000,3058
40812000,3021
40814000,3024
40816000,2998
40818000,3023
40820000,3019
40822000,3012
40824000,3015
40826000,3015
40828000,3019
40830000,3014
40832000,3008
40834000,3000
40836000,2997
40838000,3005
40840000,2995
40842000,3005
40844000,2996
40846000,2954
40848000,2918
40850000,2921
40852000,2924
40854000,2928
40856000,2919
40858000,2925
40860000,2908
40862000,2909
40864000,2890
40866000,2882
40868000,2827
40870000,2868
40872000,2867
40874000,2852
40876000,2867
40878000,2864
40880000,2864
40882000,2871
40884000,2867
40886000,2864
40888000,2854
40890000,2862
40892000,2860
40894000,2833
40896000,2818
40898000,2804
40900000,2815
40902000,2813
40904000,2786
40906000,2791
40908000,2777
40910000,2770
40912000,2767
40914000,2759
40916000,2759
40918000,2741
40920000,2752
40922000,2751
40924000,2750
40926000,2741
40928000,2739
40930000,2739
40932000,2734
40934000,2736
40936000,2736
40938000,2730
40940000,2729
40942000,2726
40944000,2735
40946000,2744
40948000,2734
40950000,2731
40952000,2730
40954000,2733
40956000,2731
40958000,2735
40960000,2736
40962000,2732
40964000,2739
40966000,2729
40968000,2735
40970000,2741
40972000,2743
40974000,2735
40976000,2746
40978000,2707
40980000,2734
40982000,2736
40984000,2736
40986000,2726
40988000,2736
40990000,2718
40992000,2715
40994000,2720
40996000,2705
40998000,2738
41000000,2747
41002000,2739
41004000,2750
41006000,2768
41008000,2742
41010000,2743
41012000,2748
41014000,2743
41016000,2742
41018000,2740
41020000,2755
41022000,2749
41024000,2753
41026000,2741
41028000,2769
41030000,2774
41032000,2765
41034000,2765
41036000,2768
41038000,2766
41040000,2759
41042000,2768
41044000,2739
41046000,2768
41048000,2770
41050000,2761
41052000,2768
41054000,2768
41056000,2768
41058000,2772
41060000,2785
41062000,2791
41064000,2789
41066000,2800
41068000,2796
41070000,2788
41072000,2797
41074000,2793
41076000,2783
41078000,2790
41080000,2785
41082000,2815
41084000,2794
41086000,2795
41088000,2806
41090000,2815
41092000,2801
41094000,2803
41096000,2802
41098000,2813
41100000,2794
41102000,2812
41104000,2827
41106000,2831
41108000,2855
41110000,2826
41112000,2850
41114000,2832
41116000,2842
41118000,2835
41120000,2849
41122000,2851
41124000,2853
41126000,2866
41128000,2835
41130000,2864
41132000,2864
41134000,2866
41136000,2870
41138000,2864
41140000,2864
41142000,2877
41144000,2867
41146000,2873
41148000,2865
41150000,2875
41152000,2873
41154000,2866
41156000,2864
41158000,2877
41160000,2890
41162000,2898
41164000,2911
41166000,2902
41168000,2923
41170000,2916
41172000,2932
41174000,2931
41176000,2938
41178000,2927
41180000,2926
41182000,2929
41184000,2927
41186000,2929
41188000,2930
41190000,2942
41192000,2927
41194000,2935
41196000,2923
41198000,2926
41200000,2931
41202000,2907
41204000,2960
41206000,2931
41208000,2958
41210000,2986
41212000,2972
41214000,3003
41216000,3009
41218000,3008
41220000,2994
41222000,3002
41224000,3019
41226000,3023
41228000,3023
41230000,3005
41232000,3024
41234000,3024
41236000,3021
41238000,3038
41240000,3025
41242000,3024
41244000,3023
41246000,3031
41248000,3033
41250000,3025
41252000,3018
41254000,3030
41256000,3024
41258000,3024
41260000,3034
41262000,3039
41264000,3051
41266000,3047
41268000,3029
41270000,3042
41272000,3041
41274000,3035
41276000,3047
41278000,3046
41280000,3049
41282000,3071
41284000,3081
41286000,3085
41288000,3071
41290000,3092
41292000,3088
41294000,3094
41296000,3079
41298000,3080
41300000,3070
41302000,3050
41304000,3071
41306000,3071
41308000,3067
41310000,3071
41312000,3081
41314000,3059
41316000,3062
41318000,3088
41320000,3083
41322000,3086
41324000,3088
41326000,3088
41328000,3082
41330000,3070
41332000,3070
41334000,3088
41336000,3090
41338000,3095
41340000,3114
41342000,3101
41344000,3088
41346000,3106
41348000,3117
41350000,3106
41352000,3114
41354000,3125
41356000,3115
41358000,3118
41360000,3113
41362000,3120
41364000,3113
41366000,3121
41368000,3093
41370000,3105
41372000,3117
41374000,3092
41376000,3107
41378000,3109
41380000,3094
41382000,3096
41384000,3091
41386000,3083
41388000,3090
41390000,3093
41392000,3089
41394000,3104
41396000,3089
41398000,3088
41400000,3094
41402000,3105
41404000,3066
41406000,3083
41408000,3088
41410000,3083
41412000,3079
41414000,3086
41416000,3071
41418000,3070
41420000,3059
41422000,3071
41424000,3083
41426000,3071
41428000,3053
41430000,3047
41432000,3027
41434000,3024
41436000,3015
41438000,2984
41440000,2965
41442000,2979
41444000,2997
41446000,3005
41448000,3015
41450000,3002
41452000,3009
41454000,3018
41456000,3004
41458000,3019
41460000,3029
41462000,2999
41464000,3039
41466000,3037
41468000,3038
41470000,3040
41472000,3058
41474000,3053
41476000,3071
41478000,3046
41480000,3066
41482000,3084
41484000,3108
41486000,3098
41488000,3090
41490000,3093
41492000,3084
41494000,3151
41496000,3175
41498000,3207
41500000,3248
41502000,3266
41504000,3271
41506000,3280
41508000,3287
41510000,3299
41512000,3305
41514000,3305
41516000,3326
41518000,3327
41520000,3337
41522000,3344
41524000,3360
41526000,3357
41528000,3353
41530000,3376
41532000,3376
41534000,3381
41536000,3385
41538000,3406
41540000,3415
41542000,3408
41544000,3424
41546000,3419
41548000,3429
41550000,3447
41552000,3457
41554000,3457
41556000,3468
41558000,3473
41560000,3486
41562000,3488
41564000,3504
41566000,3504
41568000,3506
41570000,3516
41572000,3519
41574000,3523
41576000,3525
41578000,3536
41580000,3523
41582000,3525
41584000,3541
41586000,3536
41588000,3536
41590000,3559
41592000,3555
41594000,3573
41596000,3578
41598000,3583
41600000,3583
41602000,3599
41604000,3600
41606000,3613
41608000,3583
41610000,3607
41612000,3583
41614000,3625
41616000,3620
41618000,3635
41620000,3634
41622000,3639
41624000,3647
41626000,3631
41628000,3631
41630000,3632
41632000,3629
41634000,3642
41636000,3631
41638000,3649
41640000,3648
41642000,3671
41644000,3655
41646000,3665
41648000,3665
41650000,3679
41652000,3675
41654000,3691
41656000,3683
41658000,3685
41660000,3719
41662000,3696
41664000,3702
41666000,3669
41668000,3788
41670000,3699
41672000,3666
41674000,3697
41676000,3714
41678000,3712
41680000,3711
41682000,3728
41684000,3754
41686000,3723
41688000,3735
41690000,3737
41692000,3731
41694000,3728
41696000,3751
41698000,3723
41700000,3743
41702000,3746
41704000,3745
41706000,3749
41708000,3743
41710000,3745
41712000,3738
41714000,3745
41716000,3751
41718000,3741
41720000,3721
41722000,3737
41724000,3743
41726000,3751
41728000,3741
41730000,3742
41732000,3745
41734000,3737
41736000,3739
41738000,3742
41740000,3733
41742000,3751
41744000,3743
41746000,3761
41748000,3750
41750000,3739
41752000,3742
41754000,3747
41756000,3728
41758000,3734
41760000,3739
41762000,3739
41764000,3741
41766000,3709
41768000,3743
41770000,3751
41772000,3759
41774000,3747
41776000,3750
41778000,3747
41780000,3745
41782000,3746
41784000,3753
41786000,3746
41788000,3758
41790000,3745
41792000,3745
41794000,3756
41796000,3745
41798000,3747
41800000,3753
41802000,3755
41804000,3733
41806000,3735
41808000,3730
41810000,3729
41812000,3728
41814000,3696
41816000,3719
41818000,3717
41820000,3706
41822000,3718
41824000,3728
41826000,3717
41828000,3702
41830000,3756
41832000,3695
41834000,3697
41836000,3696
41838000,3711
41840000,3696
41842000,3681
41844000,3671
41846000,3659
41848000,3711
41850000,3625
41852000,3602
41854000,3597
41856000,3575
41858000,3573
41860000,3552
41862000,3526
41864000,3520
41866000,3499
41868000,3509
41870000,3494
41872000,3499
41874000,3489
41876000,3479
41878000,3491
41880000,3483
41882000,3491
41884000,3483
41886000,3478
41888000,3469
41890000,3472
41892000,3471
41894000,3472
41896000,3472
41898000,3446
41900000,3457
41902000,3431
41904000,3413
41906000,3413
41908000,3408
41910000,3408
41912000,3411
41914000,3408
41916000,3402
41918000,3391
41920000,3397
41922000,3366
41924000,3365
41926000,3355
41928000,3349
41930000,3328
41932000,3316
41934000,3309
41936000,3312
41938000,3299
41940000,3291
41942000,3262
41944000,3261
41946000,3216
41948000,3196
41950000,3198
41952000,3198
41954000,3199
41956000,3161
41958000,3170
41960000,3149
41962000,3095
41964000,3083
41966000,3085
41968000,3071
41970000,3071
41972000,3071
41974000,3061
41976000,3034
41978000,3041
41980000,3039
41982000,3040
41984000,3029
41986000,3029
41988000,3029
41990000,3026
41992000,3007
41994000,3010
41996000,3009
41998000,3011
42000000,3009
42002000,2992
42004000,2981
42006000,2978
42008000,2982
42010000,2979
42012000,2986
42014000,2992
42016000,2990
42018000,2981
42020000,3006
42022000,3019
42024000,3031
42026000,3023
42028000,3006
42030000,3007
42032000,3063
42034000,3056
42036000,3071
42038000,3090
42040000,3084
42042000,3088
42044000,3071
42046000,3090
42048000,3092
42050000,3087
42052000,3089
42054000,3087
42056000,3071
42058000,3069
42060000,3065
42062000,3026
42064000,3037
42066000,3040
42068000,3041
42070000,3040
42072000,3058
42074000,3049
42076000,3049
42078000,3053
42080000,3056
42082000,3056
42084000,3062
42086000,2995
42088000,3022
42090000,3056
42092000,3053
42094000,3033
42096000,3033
42098000,3038
42100000,3022
42102000,3031
42104000,3023
42106000,3017
42108000,2986
42110000,2950
42112000,2947
42114000,2960
42116000,2945
42118000,2957
42120000,2967
42122000,2928
42124000,2931
42126000,2875
42128000,2871
42130000,2871
42132000,2865
42134000,2847
42136000,2853
42138000,2849
42140000,2841
42142000,2844
42144000,2851
42146000,2837
42148000,2848
42150000,2864
42152000,2864
42154000,2850
42156000,2861
42158000,2863
42160000,2864
42162000,2861
42164000,2832
42166000,2858
42168000,2845
42170000,2846
42172000,2854
42174000,2863
42176000,2849
42178000,2845
42180000,2867
42182000,2845
42184000,2843
42186000,2877
42188000,2841
42190000,2852
42192000,2826
42194000,2859
42196000,2874
42198000,2834
42200000,2939
42202000,2832
42204000,2813
42206000,2804
42208000,2774
42210000,2752
42212000,2781
42214000,2718
42216000,2666
42218000,2662
42220000,2642
42222000,2631
42224000,2608
42226000,2605
42228000,2559
42230000,2547
42232000,2530
42234000,2454
42236000,2243
42238000,2175
42240000,2175
42242000,2175
42244000,2160
42246000,2131
42248000,2007
42250000,2006
42252000,2000
42254000,2000
42256000,2014
42258000,2001
42260000,2010
42262000,2005
42264000,2009
42266000,2009
42268000,1999
42270000,2054
42272000,1985
42274000,2010
42276000,1993
42278000,2003
42280000,2002
42282000,2006
42284000,2005
42286000,1978
42288000,2009
42290000,2003
42292000,2007
42294000,2002
42296000,2015
42298000,2002
42300000,2003
42302000,2013
42304000,1991
42306000,2000
42308000,1995
42310000,1998
42312000,1994
42314000,2004
42316000,2000
42318000,2000
42320000,2009
42322000,2010
42324000,2011
42326000,2006
42328000,2000
42330000,2004
42332000,2010
42334000,2016
42336000,2019
42338000,2005
42340000,2001
42342000,2016
42344000,2000
42346000,2000
42348000,2025
42350000,2011
42352000,2010
42354000,1997
42356000,2047
42358000,2015
42360000,2009
42362000,2018
42364000,2008
42366000,2059
42368000,2003
42370000,2006
42372000,2006
42374000,2017
42376000,2014
42378000,2021
42380000,2007
42382000,2010
42384000,2000
42386000,2002
42388000,2010
42390000,2003
42392000,2015
42394000,2064
42396000,2007
42398000,2010
42400000,2000
42402000,2001
42404000,1989
42406000,1989
42408000,1996
42410000,1986
42412000,1989
42414000,1985
42416000,1998
42418000,2003
42420000,2019
42422000,2007
42424000,2012
42426000,2002
42428000,2000
42430000,2001
42432000,2005
42434000,2003
42436000,2008
42438000,2027
42440000,2017
42442000,2015
42444000,2007
42446000,2003
42448000,2016
42450000,2013
42452000,2001
42454000,2007
42456000,2015
42458000,2006
42460000,2009
42462000,2003
42464000,2027
42466000,1994
42468000,2011
42470000,1988
42472000,1994
42474000,2013
42476000,2026
42478000,2016
42480000,2014
42482000,2000
42484000,2019
42486000,2012
42488000,2005
42490000,2013
42492000,2014
42494000,2016
42496000,2011
42498000,2014
42500000,2013
42502000,2017
42504000,2005
42506000,2015
42508000,2033
42510000,2014
42512000,2010
42514000,2021
42516000,2010
42518000,2004
42520000,2007
42522000,2013
42524000,2000
42526000,2002
42528000,2009
42530000,2005
42532000,1999
42534000,2013
42536000,2018
42538000,2035
42540000,2026
42542000,2006
42544000,2017
42546000,2012
42548000,1948
42550000,2010
42552000,2019
42554000,2012
42556000,2007
42558000,1973
42560000,2009
42562000,2026
42564000,2012
42566000,2013
42568000,2003
42570000,2003
42572000,2005
42574000,2021
42576000,1990
42578000,2003
42580000,2017
42582000,2005
42584000,2045
42586000,2000
42588000,2016
42590000,2007
42592000,2026
42594000,2009
42596000,2020
42598000,2016
42600000,2021
42602000,2016
42604000,2011
42606000,2011
42608000,2014
42610000,2018
42612000,2016
42614000,2023
42616000,2013
42618000,2007
42620000,2018
42622000,2016
42624000,2026
42626000,2023
42628000,2018
42630000,2018
42632000,2023
42634000,2006
42636000,2015
42638000,2007
42640000,2019
42642000,2019
42644000,2023
42646000,2015
42648000,2028
42650000,2029
42652000,2016
42654000,2015
42656000,2018
42658000,2017
42660000,2021
42662000,2011
42664000,2009
42666000,2027
42668000,2009
42670000,2017
42672000,2007
42674000,2019
42676000,2020
42678000,2018
42680000,2013
42682000,2006
42684000,1995
42686000,1995
42688000,1994
42690000,1993
42692000,1986
42694000,1985
42696000,1994
42698000,1989
42700000,1975
42702000,1974
42704000,1984
42706000,1968
42708000,1982
42710000,1968
42712000,1955
42714000,1947
42716000,1931
42718000,1918
42720000,1904
42722000,1889
42724000,1839
42726000,1600
42728000,1303
42730000,1299
42732000,1289
42734000,1267
42736000,1251
42738000,987
42740000,623
42742000,453
42744000,347
42746000,160
42748000,41
42750000,0
42752000,0
42754000,0
42756000,0
42758000,0
42760000,0
42762000,0
42764000,0
42766000,0
42768000,0
42770000,0
42772000,0
42774000,0
42776000,0
42778000,0
42780000,0
42782000,0
42784000,0
42786000,0
42788000,0
42790000,0
42792000,0
42794000,0
42796000,0
42798000,0
42800000,0
42802000,0
42804000,0
42806000,0
42808000,0
42810000,0
42812000,0
42814000,0
42816000,0
42818000,0
42820000,0
42822000,0
42824000,0
42826000,0
42828000,0
42830000,0
42832000,0
42834000,0
42836000,0
42838000,0
42840000,0
42842000,0
42844000,0
42846000,0
42848000,0
42850000,0
42852000,0
42854000,0
42856000,0
42858000,0
42860000,0
42862000,0
42864000,0
42866000,0
42868000,0
42870000,0
42872000,0
42874000,0
42876000,0
42878000,0
42880000,0
42882000,0
42884000,0
42886000,0
42888000,0
42890000,0
42892000,0
42894000,0
42896000,0
42898000,0
42900000,0
42902000,0
42904000,0
42906000,0
42908000,0
42910000,0
42912000,0
42914000,0
42916000,0
42918000,0
42920000,0
42922000,0
42924000,0
42926000,0
42928000,0
42930000,0
42932000,0
42934000,0
42936000,0
42938000,0
42940000,0
42942000,0
42944000,0
42946000,0
42948000,0
42950000,0
42952000,0
42954000,0
42956000,0
42958000,0
42960000,0
42962000,0
42964000,0
42966000,0
42968000,0
42970000,0
42972000,0
42974000,0
42976000,0
42978000,0
42980000,0
42982000,0
42984000,0
42986000,0
42988000,0
42990000,0
42992000,0
42994000,0
42996000,0
42998000,0
43000000,0
43002000,0
43004000,0
43006000,0
43008000,0
43010000,0
43012000,0
43014000,0
43016000,0
43018000,0
43020000,0
43022000,0
43024000,0
43026000,0
43028000,0
43030000,0
43032000,0
43034000,0
43036000,0
43038000,0
43040000,0
43042000,0
43044000,0
43046000,0
43048000,0
43050000,0
43052000,0
43054000,0
43056000,0
43058000,0
43060000,0
43062000,0
43064000,0
43066000,0
43068000,0
43070000,0
43072000,0
43074000,0
43076000,0
43078000,0
43080000,0
43082000,0
43084000,0
43086000,0
43088000,0
43090000,0
43092000,0
43094000,0
43096000,0
43098000,0
43100000,0
43102000,0
43104000,0
43106000,0
43108000,0
43110000,0
43112000,0
43114000,0
43116000,0
43118000,0
43120000,0
43122000,0
43124000,0
43126000,0
43128000,0
43130000,0
43132000,0
43134000,0
43136000,0
43138000,0
43140000,0
43142000,0
43144000,0
43146000,0
43148000,0
43150000,0
43152000,0
43154000,0
43156000,0
43158000,0
43160000,0
43162000,0
43164000,0
43166000,0
43168000,0
43170000,0
43172000,0
43174000,0
43176000,0
43178000,0
43180000,0
43182000,0
43184000,0
43186000,0
43188000,0
43190000,0
43192000,0
43194000,0
43196000,0
43198000,0
43200000,0
43202000,0
43204000,0
43206000,0
43208000,0
43210000,0
43212000,0
43214000,0
43216000,0
43218000,0
43220000,0
43222000,0
43224000,0
43226000,0
43228000,0
43230000,0
43232000,0
43234000,0
43236000,0
43238000,0
43240000,0
43242000,0
43244000,0
43246000,0
43248000,0
43250000,0
43252000,0
43254000,0
43256000,0
43258000,0
43260000,0
43262000,0
43264000,0
43266000,0
43268000,0
43270000,0
43272000,0
43274000,0
43276000,0
43278000,0
43280000,0
43282000,0
43284000,0
43286000,0
43288000,0
43290000,0
43292000,0
43294000,0
43296000,0
43298000,0
43300000,0
43302000,0
43304000,0
43306000,0
43308000,0
43310000,0
43312000,0
43314000,0
43316000,0
43318000,0
43320000,0
43322000,0
43324000,0
43326000,0
43328000,0
43330000,0
43332000,0
43334000,0
43336000,0
43338000,0
43340000,0
43342000,0
43344000,0
43346000,0
43348000,0
43350000,0
43352000,0
43354000,0
43356000,0
43358000,0
43360000,0
43362000,0
43364000,0
43366000,0
43368000,0
43370000,0
43372000,0
43374000,0
43376000,0
43378000,0
43380000,0
43382000,0
43384000,0
43386000,0
43388000,0
43390000,0
43392000,0
43394000,0
43396000,0
43398000,0
43400000,0
43402000,0
43404000,0
43406000,0
43408000,0
43410000,0
43412000,0
43414000,0
43416000,0
43418000,0
43420000,0
43422000,0
43424000,0
43426000,0
43428000,0
43430000,0
43432000,0
43434000,0
43436000,0
43438000,0
43440000,0
43442000,0
43444000,0
43446000,0
43448000,0
43450000,0
43452000,0
43454000,0
43456000,0
43458000,0
43460000,0
43462000,0
43464000,0
43466000,0
43468000,0
43470000,0
43472000,0
43474000,0
43476000,0
43478000,0
43480000,0
43482000,0
43484000,0
43486000,0
43488000,0
43490000,0
43492000,0
43494000,0
43496000,0
43498000,0
43500000,0
43502000,0
43504000,0
43506000,0
43508000,0
43510000,0
43512000,0
43514000,0
43516000,0
43518000,0
43520000,0
43522000,0
43524000,0
43526000,0
43528000,0
43530000,0
43532000,0
43534000,0
43536000,0
43538000,0
43540000,0
43542000,0
43544000,0
43546000,0
43548000,0
43550000,0
43552000,0
43554000,0
43556000,0
43558000,0
43560000,0
43562000,0
43564000,0
43566000,0
43568000,0
43570000,0
43572000,0
43574000,0
43576000,0
43578000,0
43580000,0
43582000,0
43584000,0
43586000,0
43588000,0
43590000,0
43592000,0
43594000,0
43596000,0
43598000,0
43600000,0
43602000,0
43604000,0
43606000,0
43608000,0
43610000,0
43612000,0
43614000,0
43616000,0
43618000,0
43620000,0
43622000,0
43624000,0
43626000,0
43628000,0
43630000,0
43632000,0
43634000,0
43636000,0
43638000,0
43640000,0
43642000,0
43644000,0
43646000,0
43648000,0
43650000,0
43652000,0
43654000,0
43656000,0
43658000,0
43660000,0
43662000,0
43664000,0
43666000,0
43668000,0
43670000,0
43672000,0
43674000,0
43676000,0
43678000,0
43680000,0
43682000,0
43684000,0
43686000,0
43688000,0
43690000,0
43692000,0
43694000,0
43696000,0
43698000,0
43700000,0
43702000,0
43704000,0
43706000,0
43708000,0
43710000,0
43712000,0
43714000,0
43716000,0
43718000,0
43720000,0
43722000,0
43724000,0
43726000,0
43728000,0
43730000,0
43732000,0
43734000,0
43736000,0
43738000,0
43740000,0
43742000,0
43744000,0
43746000,0
43748000,0
43750000,0
43752000,0
43754000,0
43756000,0
43758000,0
43760000,0
43762000,0
43764000,0
43766000,0
43768000,0
43770000,0
43772000,0
43774000,0
43776000,0
43778000,0
43780000,0
43782000,0
43784000,0
43786000,0
43788000,0
43790000,0
43792000,0
43794000,0
43796000,0
43798000,0
43800000,0
43802000,0
43804000,0
43806000,0
43808000,0
43810000,0
43812000,0
43814000,0
43816000,0
43818000,0
43820000,0
43822000,0
43824000,0
43826000,0
43828000,0
43830000,0
43832000,0
43834000,0
43836000,0
43838000,0
43840000,0
43842000,0
43844000,0
43846000,0
43848000,0
43850000,0
43852000,0
43854000,0
43856000,0
43858000,0
43860000,0
43862000,0
43864000,0
43866000,0
43868000,0
43870000,0
43872000,0
43874000,0
43876000,0
43878000,0
43880000,0
43882000,0
43884000,0
43886000,0
43888000,0
43890000,0
43892000,0
43894000,0
43896000,0
43898000,0
43900000,0
43902000,0
43904000,0
43906000,0
43908000,0
43910000,0
43912000,0
43914000,0
43916000,0
43918000,0
43920000,0
43922000,0
43924000,0
43926000,0
43928000,0
43930000,0
43932000,0
43934000,0
43936000,0
43938000,0
43940000,0
43942000,0
43944000,0
43946000,0
43948000,0
43950000,0
43952000,0
43954000,0
43956000,0
43958000,0
43960000,0
43962000,0
43964000,0
43966000,0
43968000,0
43970000,0
43972000,0
43974000,0
43976000,0
43978000,0
43980000,0
43982000,0
43984000,0
43986000,0
43988000,0
43990000,0
43992000,0
43994000,0
43996000,0
43998000,0
44000000,0
44002000,0
44004000,0
44006000,0
44008000,0
44010000,0
44012000,0
44014000,0
44016000,0
44018000,0
44020000,0
44022000,0
44024000,0
44026000,0
44028000,0
44030000,0
44032000,0
44034000,0
44036000,0
44038000,0
44040000,0
44042000,0
44044000,0
44046000,0
44048000,0
44050000,0
44052000,0
44054000,0
44056000,0
44058000,0
44060000,0
44062000,0
44064000,0
44066000,0
44068000,0
44070000,0
44072000,0
44074000,0
44076000,0
44078000,0
44080000,0
44082000,0
44084000,0
44086000,0
44088000,0
44090000,0
44092000,0
44094000,0
44096000,0
44098000,0
44100000,0
44102000,0
44104000,0
44106000,0
44108000,0
44110000,0
44112000,0
44114000,0
44116000,0
44118000,0
44120000,0
44122000,0
44124000,0
44126000,0
44128000,0
44130000,0
44132000,0
44134000,0
44136000,0
44138000,0
44140000,0
44142000,0
44144000,0
44146000,0
44148000,0
44150000,0
44152000,0
44154000,0
44156000,0
44158000,0
44160000,0
44162000,0
44164000,0
44166000,0
44168000,0
44170000,0
44172000,0
44174000,0
44176000,0
44178000,0
44180000,0
44182000,0
44184000,0
44186000,0
44188000,0
44190000,0
44192000,0
44194000,0
44196000,0
44198000,0
44200000,0
44202000,0
44204000,0
44206000,0
44208000,0
44210000,0
44212000,0
44214000,0
44216000,0
44218000,0
44220000,0
44222000,0
44224000,0
44226000,0
44228000,0
44230000,0
44232000,0
44234000,0
44236000,0
44238000,0
44240000,0
44242000,0
44244000,0
44246000,0
44248000,0
44250000,0
44252000,0
44254000,0
44256000,0
44258000,0
44260000,0
44262000,0
44264000,0
44266000,0
44268000,0
44270000,0
44272000,0
44274000,0
44276000,0
44278000,0
44280000,0
44282000,0
44284000,0
44286000,0
44288000,0
44290000,0
44292000,0
44294000,0
44296000,0
44298000,0
44300000,0
44302000,0
44304000,0
44306000,0
44308000,0
44310000,0
44312000,0
44314000,0
44316000,0
44318000,0
44320000,0
44322000,0
44324000,0
44326000,0
44328000,0
44330000,0
44332000,0
44334000,0
44336000,0
44338000,0
44340000,0
44342000,0
44344000,0
44346000,0
44348000,0
44350000,0
44352000,0
44354000,0
44356000,0
44358000,0
44360000,0
44362000,0
44364000,0
44366000,0
44368000,0
44370000,0
44372000,0
44374000,0
44376000,0
44378000,0
44380000,0
44382000,0
44384000,0
44386000,0
44388000,0
44390000,0
44392000,0
44394000,0
44396000,0
44398000,0
44400000,0
44402000,0
44404000,0
44406000,0
44408000,0
44410000,0
44412000,0
44414000,0
44416000,0
44418000,0
44420000,0
44422000,0
44424000,0
44426000,0
44428000,0
44430000,0
44432000,0
44434000,0
44436000,0
44438000,0
44440000,0
44442000,0
44444000,0
44446000,0
44448000,0
44450000,0
44452000,0
44454000,0
44456000,0
44458000,0
44460000,0
44462000,0
44464000,0
44466000,0
44468000,0
44470000,0
44472000,0
44474000,0
44476000,0
44478000,0
44480000,0
44482000,0
44484000,0
44486000,0
44488000,0
44490000,0
44492000,0
44494000,0
44496000,0
44498000,0
44500000,0
44502000,0
44504000,0
44506000,0
44508000,0
44510000,0
44512000,0
44514000,0
44516000,0
44518000,0
44520000,0
44522000,0
44524000,0
44526000,0
44528000,0
44530000,0
44532000,0
44534000,0
44536000,0
44538000,0
44540000,0
44542000,0
44544000,0
44546000,0
44548000,0
44550000,0
44552000,0
44554000,0
44556000,0
44558000,0
44560000,0
44562000,0
44564000,0
44566000,0
44568000,0
44570000,0
44572000,0
44574000,0
44576000,0
44578000,0
44580000,0
44582000,0
44584000,0
44586000,0
44588000,0
44590000,0
44592000,0
44594000,0
44596000,0
44598000,0
44600000,0
44602000,0
44604000,0
44606000,0
44608000,0
44610000,0
44612000,0
44614000,0
44616000,0
44618000,0
44620000,0
44622000,0
44624000,0
44626000,0
44628000,0
44630000,0
44632000,0
44634000,0
44636000,0
44638000,0
44640000,0
44642000,0
44644000,0
44646000,0
44648000,0
44650000,0
44652000,0
44654000,0
44656000,0
44658000,0
44660000,0
44662000,0
44664000,0
44666000,0
44668000,0
44670000,0
44672000,0
44674000,0
44676000,0
44678000,0
44680000,0
44682000,0
44684000,0
44686000,0
44688000,0
44690000,0
44692000,0
44694000,0
44696000,0
44698000,0
44700000,0
44702000,0
44704000,0
44706000,0
44708000,0
44710000,0
44712000,0
44714000,0
44716000,0
44718000,0
44720000,0
44722000,0
44724000,0
44726000,0
44728000,0
44730000,0
44732000,0
44734000,0
44736000,0
44738000,0
44740000,0
44742000,0
44744000,0
44746000,0
44748000,0
44750000,0
44752000,0
44754000,0
44756000,0
44758000,0
44760000,0
44762000,0
44764000,0
44766000,0
44768000,0
44770000,0
44772000,0
44774000,0
44776000,0
44778000,0
44780000,0
44782000,0
44784000,0
44786000,0
44788000,0
44790000,0
44792000,0
44794000,0
44796000,0
44798000,0
44800000,0
44802000,0
44804000,0
44806000,0
44808000,0
44810000,0
44812000,0
44814000,0
44816000,0
44818000,0
44820000,0
44822000,0
44824000,0
44826000,0
44828000,0
44830000,0
44832000,0
44834000,0
44836000,0
44838000,0
44840000,0
44842000,0
44844000,0
44846000,0
44848000,0
44850000,0
44852000,0
44854000,0
44856000,0
44858000,0
44860000,0
44862000,0
44864000,0
44866000,0
44868000,0
44870000,0
44872000,0
44874000,0
44876000,0
44878000,0
44880000,0
44882000,0
44884000,0
44886000,0
44888000,0
44890000,0
44892000,0
44894000,0
44896000,0
44898000,0
44900000,0
44902000,0
44904000,0
44906000,0
44908000,0
44910000,0
44912000,0
44914000,0
44916000,0
44918000,0
44920000,0
44922000,0
44924000,0
44926000,0
44928000,0
44930000,0
44932000,0
44934000,0
44936000,0
44938000,0
44940000,0
44942000,0
44944000,0
44946000,0
44948000,0
44950000,0
44952000,0
44954000,0
44956000,0
44958000,0
44960000,0
44962000,0
44964000,0
44966000,0
44968000,0
44970000,0
44972000,0
44974000,0
44976000,0
44978000,0
44980000,0
44982000,0
44984000,0
44986000,0
44988000,0
44990000,0
44992000,0
44994000,0
44996000,0
44998000,0
45000000,0
45002000,0
45004000,0
45006000,0
45008000,0
45010000,0
45012000,0
45014000,0
45016000,0
45018000,0
45020000,0
45022000,0
45024000,0
45026000,0
45028000,0
45030000,0
45032000,0
45034000,0
45036000,0
45038000,0
45040000,0
45042000,0
45044000,0
45046000,0
45048000,0
45050000,0
45052000,0
45054000,0
45056000,0
45058000,0
45060000,0
45062000,0
45064000,0
45066000,0
45068000,0
45070000,0
45072000,0
45074000,0
45076000,0
45078000,0
45080000,0
45082000,0
45084000,0
45086000,0
45088000,0
45090000,0
45092000,0
45094000,0
45096000,0
45098000,0
45100000,0
45102000,0
45104000,0
45106000,0
45108000,0
45110000,0
45112000,0
45114000,0
45116000,0
45118000,0
45120000,0
45122000,0
45124000,0
45126000,0
45128000,0
45130000,0
45132000,0
45134000,0
45136000,0
45138000,0
45140000,0
45142000,0
45144000,0
45146000,0
45148000,0
45150000,0
45152000,0
45154000,0
45156000,0
45158000,0
45160000,0
45162000,0
45164000,0
45166000,0
45168000,0
45170000,0
45172000,0
45174000,0
45176000,0
45178000,0
45180000,0
45182000,0
45184000,0
45186000,0
45188000,0
45190000,0
45192000,0
45194000,0
45196000,0
45198000,0
45200000,0
45202000,0
45204000,0
45206000,0
45208000,0
45210000,0
45212000,0
45214000,0
45216000,0
45218000,0
45220000,0
45222000,0
45224000,0
45226000,0
45228000,0
45230000,0
45232000,0
45234000,0
45236000,0
45238000,0
45240000,0
45242000,0
45244000,0
45246000,0
45248000,0
45250000,0
45252000,0
45254000,0
45256000,0
45258000,0
45260000,0
45262000,0
45264000,0
45266000,0
45268000,0
45270000,0
45272000,0
45274000,0
45276000,0
45278000,0
45280000,0
45282000,0
45284000,0
45286000,0
45288000,0
45290000,0
45292000,0
45294000,0
45296000,0
45298000,0
45300000,0
45302000,0
45304000,0
45306000,0
45308000,0
45310000,0
45312000,0
45314000,0
45316000,0
45318000,0
45320000,0
45322000,0
45324000,0
45326000,0
45328000,0
45330000,0
45332000,0
45334000,0
45336000,0
45338000,0
45340000,0
45342000,0
45344000,0
45346000,0
45348000,0
45350000,0
45352000,0
45354000,0
45356000,0
45358000,0
45360000,0
45362000,0
45364000,0
45366000,0
45368000,0
45370000,0
45372000,0
45374000,0
45376000,0
45378000,0
45380000,0
45382000,0
45384000,0
45386000,0
45388000,0
45390000,0
45392000,0
45394000,0
45396000,0
45398000,0
45400000,0
45402000,0
45404000,0
45406000,0
45408000,0
45410000,0
45412000,0
45414000,0
45416000,0
45418000,0
45420000,0
45422000,0
45424000,0
45426000,0
45428000,0
45430000,0
45432000,0
45434000,0
45436000,0
45438000,0
45440000,0
45442000,0
45444000,0
45446000,0
45448000,0
45450000,0
45452000,0
45454000,0
45456000,0
45458000,0
45460000,0
45462000,0
45464000,0
45466000,0
45468000,0
45470000,0
45472000,0
45474000,0
45476000,0
45478000,0
45480000,0
45482000,0
45484000,0
45486000,0
45488000,0
45490000,0
45492000,0
45494000,0
45496000,0
45498000,0
45500000,0
45502000,0
45504000,0
45506000,0
45508000,0
45510000,0
45512000,0
45514000,0
45516000,0
45518000,0
45520000,0
45522000,0
45524000,0
45526000,0
45528000,0
45530000,0
45532000,0
45534000,0
45536000,0
45538000,0
45540000,0
45542000,0
45544000,0
45546000,0
45548000,0
45550000,0
45552000,0
45554000,0
45556000,0
45558000,0
45560000,0
45562000,0
45564000,0
45566000,0
45568000,0
45570000,0
45572000,0
45574000,0
45576000,0
45578000,0
45580000,0
45582000,0
45584000,0
45586000,0
45588000,0
45590000,0
45592000,0
45594000,0
45596000,0
45598000,0
45600000,0
45602000,0
45604000,0
45606000,0
45608000,0
45610000,0
45612000,0
45614000,0
45616000,0
45618000,0
45620000,0
45622000,0
45624000,0
45626000,0
45628000,0
45630000,0
45632000,0
45634000,0
45636000,0
45638000,0
45640000,0
45642000,0
45644000,0
45646000,0
45648000,0
45650000,0
45652000,0
45654000,0
45656000,0
45658000,0
45660000,0
45662000,0
45664000,0
45666000,0
45668000,0
45670000,0
45672000,0
45674000,0
45676000,0
45678000,0
45680000,0
45682000,0
45684000,0
45686000,0
45688000,0
45690000,0
45692000,0
45694000,0
45696000,0
45698000,0
45700000,0
45702000,0
45704000,0
45706000,0
45708000,0
45710000,0
45712000,0
45714000,0
45716000,0
45718000,0
45720000,0
45722000,0
45724000,0
45726000,0
45728000,0
45730000,0
45732000,0
45734000,0
45736000,0
45738000,0
45740000,0
45742000,0
45744000,0
45746000,0
45748000,0
45750000,0
45752000,0
45754000,0
45756000,0
45758000,0
45760000,0
45762000,0
45764000,0
45766000,0
45768000,0
45770000,0
45772000,0
45774000,0
45776000,0
45778000,0
45780000,0
45782000,0
45784000,0
45786000,0
45788000,0
45790000,0
45792000,0
45794000,0
45796000,0
45798000,0
45800000,0
45802000,0
45804000,0
45806000,0
45808000,0
45810000,0
45812000,0
45814000,0
45816000,0
45818000,0
45820000,0
45822000,0
45824000,0
45826000,0
45828000,0
45830000,0
45832000,0
45834000,0
45836000,0
45838000,0
45840000,0
45842000,0
45844000,0
45846000,0
45848000,0
45850000,0
45852000,0
45854000,0
45856000,0
45858000,0
45860000,0
45862000,0
45864000,0
45866000,0
45868000,0
45870000,0
45872000,0
45874000,0
45876000,0
45878000,0
45880000,0
45882000,0
45884000,0
45886000,0
45888000,0
45890000,0
45892000,0
45894000,0
45896000,0
45898000,0
45900000,0
45902000,0
45904000,0
45906000,0
45908000,0
45910000,0
45912000,0
45914000,0
45916000,0
45918000,0
45920000,0
45922000,0
45924000,0
45926000,0
45928000,0
45930000,0
45932000,0
45934000,0
45936000,0
45938000,0
45940000,0
45942000,0
45944000,0
45946000,0
45948000,0
45950000,0
45952000,0
45954000,0
45956000,0
45958000,0
45960000,0
45962000,0
45964000,0
45966000,0
45968000,0
45970000,0
45972000,0
45974000,0
45976000,0
45978000,0
45980000,0
45982000,0
45984000,0
45986000,0
45988000,0
45990000,0
45992000,0
45994000,0
45996000,0
45998000,0
46000000,0
46002000,0
46004000,0
46006000,0
46008000,0
46010000,0
46012000,0
46014000,0
46016000,0
46018000,0
46020000,0
46022000,0
46024000,0
46026000,0
46028000,0
46030000,0
46032000,0
46034000,0
46036000,0
46038000,0
46040000,0
46042000,0
46044000,0
46046000,0
46048000,0
46050000,0
46052000,0
46054000,0
46056000,0
46058000,0
46060000,0
46062000,0
46064000,0
46066000,0
46068000,0
46070000,0
46072000,0
46074000,0
46076000,0
46078000,0
46080000,0
46082000,0
46084000,0
46086000,0
46088000,0
46090000,0
46092000,0
46094000,0
46096000,0
46098000,0
46100000,0
46102000,0
46104000,0
46106000,0
46108000,0
46110000,0
46112000,0
46114000,0
46116000,0
46118000,0
46120000,0
46122000,0
46124000,0
46126000,0
46128000,0
46130000,0
46132000,0
46134000,0
46136000,0
46138000,0
46140000,0
46142000,0
46144000,0
46146000,0
46148000,0
46150000,0
46152000,0
46154000,0
46156000,0
46158000,0
46160000,0
46162000,0
46164000,0
46166000,0
46168000,0
46170000,0
46172000,0
46174000,0
46176000,0
46178000,0
46180000,0
46182000,0
46184000,0
46186000,0
46188000,0
46190000,0
46192000,0
46194000,0
46196000,0
46198000,0
46200000,0
46202000,0
46204000,0
46206000,0
46208000,0
46210000,0
46212000,0
46214000,0
46216000,0
46218000,0
46220000,0
46222000,0
46224000,0
46226000,0
46228000,0
46230000,0
46232000,0
46234000,0
46236000,0
46238000,0
46240000,0
46242000,0
46244000,0
46246000,0
46248000,0
46250000,0
46252000,0
46254000,0
46256000,0
46258000,0
46260000,0
46262000,0
46264000,0
46266000,0
46268000,0
46270000,0
46272000,0
46274000,0
46276000,0
46278000,0
46280000,0
46282000,0
46284000,0
46286000,0
46288000,0
46290000,0
46292000,0
46294000,0
46296000,0
46298000,0
46300000,0
46302000,0
46304000,0
46306000,0
46308000,0
46310000,0
46312000,0
46314000,0
46316000,0
46318000,0
46320000,0
46322000,0
46324000,0
46326000,0
46328000,0
46330000,0
46332000,0
46334000,0
46336000,0
46338000,0
46340000,0
46342000,0
46344000,0
46346000,0
46348000,0
46350000,0
46352000,0
46354000,0
46356000,0
46358000,0
46360000,0
46362000,0
46364000,0
46366000,0
46368000,0
46370000,0
46372000,0
46374000,0
46376000,0
46378000,0
46380000,0
46382000,0
46384000,0
46386000,0
46388000,0
46390000,0
46392000,0
46394000,0
46396000,0
46398000,0
46400000,0
46402000,0
46404000,0
46406000,0
46408000,0
46410000,0
46412000,0
46414000,0
46416000,0
46418000,0
46420000,0
46422000,0
46424000,0
46426000,0
46428000,0
46430000,0
46432000,0
46434000,0
46436000,0
46438000,0
46440000,0
46442000,0
46444000,0
46446000,0
46448000,0
46450000,0
46452000,0
46454000,0
46456000,0
46458000,0
46460000,0
46462000,0
46464000,0
46466000,0
46468000,0
46470000,0
46472000,0
46474000,0
46476000,0
46478000,0
46480000,0
46482000,0
46484000,0
46486000,0
46488000,0
46490000,0
46492000,0
46494000,0
46496000,0
46498000,0
46500000,0
46502000,0
46504000,0
46506000,0
46508000,0
46510000,0
46512000,0
46514000,0
46516000,0
46518000,0
46520000,0
46522000,0
46524000,0
46526000,0
46528000,0
46530000,0
46532000,0
46534000,0
46536000,0
46538000,0
46540000,0
46542000,0
46544000,0
46546000,0
46548000,0
46550000,0
46552000,0
46554000,0
46556000,0
46558000,0
46560000,0
46562000,0
46564000,0
46566000,0
46568000,0
46570000,0
46572000,0
46574000,0
46576000,0
46578000,0
46580000,0
46582000,0
46584000,0
46586000,0
46588000,0
46590000,0
46592000,0
46594000,0
46596000,0
46598000,0
46600000,0
46602000,0
46604000,0
46606000,0
46608000,0
46610000,0
46612000,0
46614000,0
46616000,0
46618000,0
46620000,0
46622000,0
46624000,0
46626000,0
46628000,0
46630000,0
46632000,0
46634000,0
46636000,0
46638000,0
46640000,0
46642000,0
46644000,0
46646000,0
46648000,0
46650000,0
46652000,0
46654000,0
46656000,0
46658000,0
46660000,0
46662000,0
46664000,0
46666000,0
46668000,0
46670000,0
46672000,0
46674000,0
46676000,0
46678000,0
46680000,0
46682000,0
46684000,0
46686000,0
46688000,0
46690000,0
46692000,0
46694000,0
46696000,0
46698000,0
46700000,0
46702000,0
46704000,0
46706000,0
46708000,0
46710000,0
46712000,0
46714000,0
46716000,0
46718000,0
46720000,0
46722000,0
46724000,0
46726000,0
46728000,0
46730000,0
46732000,0
46734000,0
46736000,0
46738000,0
46740000,0
46742000,0
46744000,0
46746000,0
46748000,0
46750000,0
46752000,0
46754000,0
46756000,0
46758000,0
46760000,0
46762000,0
46764000,0
46766000,0
46768000,0
46770000,0
46772000,0
46774000,0
46776000,0
46778000,0
46780000,0
46782000,0
46784000,0
46786000,0
46788000,0
46790000,0
46792000,0
46794000,0
46796000,0
46798000,0
46800000,0
46802000,0
46804000,0
46806000,0
46808000,0
46810000,0
46812000,0
46814000,0
46816000,0
46818000,0
46820000,0
46822000,0
46824000,0
46826000,0
46828000,0
46830000,0
46832000,0
46834000,0
46836000,0
46838000,0
46840000,0
46842000,0
46844000,0
46846000,0
46848000,0
46850000,0
46852000,0
46854000,0
46856000,0
46858000,0
46860000,0
46862000,0
46864000,0
46866000,0
46868000,0
46870000,0
46872000,0
46874000,0
46876000,0
46878000,0
46880000,0
46882000,0
46884000,0
46886000,0
46888000,0
46890000,0
46892000,0
46894000,0
46896000,0
46898000,0
46900000,0
46902000,0
46904000,0
46906000,0
46908000,0
46910000,0
46912000,0
46914000,0
46916000,0
46918000,0
46920000,0
46922000,0
46924000,0
46926000,0
46928000,0
46930000,0
46932000,0
46934000,0
46936000,0
46938000,0
46940000,0
46942000,0
46944000,0
46946000,0
46948000,0
46950000,0
46952000,0
46954000,0
46956000,0
46958000,0
46960000,0
46962000,0
46964000,0
46966000,0
46968000,0
46970000,0
46972000,0
46974000,0
46976000,0
46978000,0
46980000,0
46982000,0
46984000,0
46986000,0
46988000,0
46990000,0
46992000,0
46994000,0
46996000,0
46998000,0
47000000,0
47002000,0
47004000,0
47006000,0
47008000,0
47010000,0
47012000,0
47014000,0
47016000,0
47018000,0
47020000,0
47022000,0
47024000,0
47026000,0
47028000,0
47030000,0
47032000,0
47034000,0
47036000,0
47038000,0
47040000,0
47042000,0
47044000,0
47046000,0
47048000,0
47050000,0
47052000,0
47054000,0
47056000,0
47058000,0
47060000,0
47062000,0
47064000,0
47066000,0
47068000,0
47070000,0
47072000,0
47074000,0
47076000,0
47078000,0
47080000,0
47082000,0
47084000,0
47086000,0
47088000,0
47090000,0
47092000,0
47094000,0
47096000,0
47098000,0
47100000,0
47102000,0
47104000,0
47106000,0
47108000,0
47110000,0
47112000,0
47114000,0
47116000,0
47118000,0
47120000,0
47122000,0
47124000,0
47126000,0
47128000,0
47130000,0
47132000,0
47134000,0
47136000,0
47138000,0
47140000,0
47142000,0
47144000,0
47146000,0
47148000,0
47150000,0
47152000,0
47154000,0
47156000,0
47158000,0
47160000,0
47162000,0
47164000,0
47166000,0
47168000,0
47170000,0
47172000,0
47174000,0
47176000,0
47178000,0
47180000,0
47182000,0
47184000,0
47186000,0
47188000,0
47190000,0
47192000,0
47194000,0
47196000,0
47198000,0
47200000,0
47202000,0
47204000,0
47206000,0
47208000,0
47210000,0
47212000,0
47214000,0
47216000,0
47218000,0
47220000,0
47222000,0
47224000,0
47226000,0
47228000,0
47230000,0
47232000,0
47234000,0
47236000,0
47238000,0
47240000,0
47242000,0
47244000,0
47246000,0
47248000,0
47250000,0
47252000,0
47254000,0
47256000,0
47258000,0
47260000,0
47262000,0
47264000,0
47266000,0
47268000,0
47270000,0
47272000,0
47274000,0
47276000,0
47278000,0
47280000,0
47282000,0
47284000,0
47286000,0
47288000,0
47290000,0
47292000,0
47294000,0
47296000,0
47298000,0
47300000,0
47302000,0
47304000,0
47306000,0
47308000,0
47310000,0
47312000,0
47314000,0
47316000,0
47318000,0
47320000,0
47322000,0
47324000,0
47326000,0
47328000,0
47330000,0
47332000,0
47334000,0
47336000,0
47338000,0
47340000,0
47342000,0
47344000,0
47346000,0
47348000,0
47350000,0
47352000,0
47354000,0
47356000,0
47358000,0
47360000,0
47362000,0
47364000,0
47366000,0
47368000,0
47370000,0
47372000,0
47374000,0
47376000,0
47378000,0
47380000,0
47382000,0
47384000,0
47386000,0
47388000,0
47390000,0
47392000,0
47394000,0
47396000,0
47398000,0
47400000,0
47402000,0
47404000,0
47406000,0
47408000,0
47410000,0
47412000,0
47414000,0
47416000,0
47418000,0
47420000,0
47422000,0
47424000,0
47426000,0
47428000,0
47430000,0
47432000,0
47434000,0
47436000,0
47438000,0
47440000,0
47442000,0
47444000,0
47446000,0
47448000,0
47450000,0
47452000,0
47454000,0
47456000,0
47458000,0
47460000,0
47462000,0
47464000,0
47466000,0
47468000,0
47470000,0
47472000,0
47474000,0
47476000,0
47478000,0
47480000,0
47482000,0
47484000,0
47486000,0
47488000,0
47490000,0
47492000,0
47494000,0
47496000,0
47498000,0
47500000,0
47502000,0
47504000,0
47506000,0
47508000,0
47510000,0
47512000,0
47514000,0
47516000,0
47518000,0
47520000,0
47522000,0
47524000,0
47526000,0
47528000,0
47530000,0
47532000,0
47534000,0
47536000,0
47538000,0
47540000,0
47542000,0
47544000,0
47546000,0
47548000,0
47550000,0
47552000,0
47554000,0
47556000,0
47558000,0
47560000,0
47562000,0
47564000,0
47566000,0
47568000,0
47570000,0
47572000,0
47574000,0
47576000,0
47578000,0
47580000,0
47582000,0
47584000,0
47586000,0
47588000,0
47590000,0
47592000,0
47594000,0
47596000,0
47598000,0
47600000,0
47602000,0
47604000,0
47606000,0
47608000,0
47610000,0
47612000,0
47614000,0
47616000,0
47618000,0
47620000,0
47622000,0
47624000,0
47626000,0
47628000,0
47630000,0
47632000,0
47634000,0
47636000,0
47638000,0
47640000,0
47642000,0
47644000,0
47646000,0
47648000,0
47650000,0
47652000,0
47654000,0
47656000,0
47658000,0
47660000,0
47662000,0
47664000,0
47666000,0
47668000,0
47670000,0
47672000,0
47674000,0
47676000,0
47678000,0
47680000,0
47682000,0
47684000,0
47686000,0
47688000,0
47690000,0
47692000,0
47694000,0
47696000,0
47698000,0
47700000,0
47702000,0
47704000,0
47706000,0
47708000,0
47710000,0
47712000,0
47714000,0
47716000,0
47718000,0
47720000,0
47722000,0
47724000,0
47726000,0
47728000,0
47730000,0
47732000,0
47734000,0
47736000,0
47738000,0
47740000,0
47742000,0
47744000,0
47746000,0
47748000,0
47750000,0
47752000,0
47754000,0
47756000,0
47758000,0
47760000,0
47762000,0
47764000,0
47766000,0
47768000,0
47770000,0
47772000,0
47774000,0
47776000,0
47778000,0
47780000,0
47782000,0
47784000,0
47786000,0
47788000,0
47790000,0
47792000,0
47794000,0
47796000,0
47798000,0
47800000,0
47802000,0
47804000,0
47806000,0
47808000,0
47810000,0
47812000,0
47814000,0
47816000,0
47818000,0
47820000,0
47822000,0
47824000,0
47826000,0
47828000,0
47830000,0
47832000,0
47834000,0
47836000,0
47838000,0
47840000,0
47842000,0
47844000,0
47846000,0
47848000,0
47850000,0
47852000,0
47854000,0
47856000,0
47858000,0
47860000,0
47862000,0
47864000,0
47866000,0
47868000,0
47870000,0
47872000,0
47874000,0
47876000,0
47878000,0
47880000,0
47882000,0
47884000,0
47886000,0
47888000,0
47890000,0
47892000,0
47894000,0
47896000,0
47898000,0
47900000,0
47902000,0
47904000,0
47906000,0
47908000,0
47910000,0
47912000,0
47914000,0
47916000,0
47918000,0
47920000,0
47922000,0
47924000,0
47926000,0
47928000,0
47930000,0
47932000,0
47934000,0
47936000,0
47938000,0
47940000,0
47942000,0
47944000,0
47946000,0
47948000,0
47950000,0
47952000,0
47954000,0
47956000,0
47958000,0
47960000,0
47962000,0
47964000,0
47966000,0
47968000,0
47970000,0
47972000,0
47974000,0
47976000,0
47978000,0
47980000,0
47982000,0
47984000,0
47986000,0
47988000,0
47990000,0
47992000,0
47994000,0
47996000,0
47998000,0
48000000,0
48002000,0
48004000,0
48006000,0
48008000,0
48010000,0
48012000,0
48014000,0
48016000,0
48018000,0
48020000,0
48022000,0
48024000,0
48026000,0
48028000,0
48030000,0
48032000,0
48034000,0
48036000,0
48038000,0
48040000,0
48042000,0
48044000,0
48046000,0
48048000,0
48050000,0
48052000,0
48054000,0
48056000,0
48058000,0
48060000,0
48062000,0
48064000,0
48066000,0
48068000,0
48070000,0
48072000,0
48074000,0
48076000,0
48078000,0
48080000,0
48082000,0
48084000,0
48086000,0
48088000,0
48090000,0
48092000,0
48094000,0
48096000,0
48098000,0
48100000,0
48102000,0
48104000,0
48106000,0
48108000,0
48110000,0
48112000,0
48114000,0
48116000,0
48118000,0
48120000,0
48122000,0
48124000,0
48126000,0
48128000,0
48130000,0
48132000,0
48134000,0
48136000,0
48138000,0
48140000,0
48142000,0
48144000,0
48146000,0
48148000,0
48150000,0
48152000,0
48154000,0
48156000,0
48158000,0
48160000,0
48162000,0
48164000,0
48166000,0
48168000,0
48170000,0
48172000,0
48174000,0
48176000,0
48178000,0
48180000,0
48182000,0
48184000,0
48186000,0
48188000,0
48190000,0
48192000,0
48194000,0
48196000,0
48198000,0
48200000,0
48202000,0
48204000,0
48206000,0
48208000,0
48210000,0
48212000,0
48214000,0
48216000,0
48218000,0
48220000,0
48222000,0
48224000,0
48226000,0
48228000,0
48230000,0
48232000,0
48234000,0
48236000,0
48238000,0
48240000,0
48242000,0
48244000,0
48246000,0
48248000,0
48250000,0
48252000,0
48254000,0
48256000,0
48258000,0
48260000,0
48262000,0
48264000,0
48266000,0
48268000,0
48270000,0
48272000,0
48274000,0
48276000,0
48278000,0
48280000,0
48282000,0
48284000,0
48286000,0
48288000,0
48290000,0
48292000,0
48294000,0
48296000,0
48298000,0
48300000,0
48302000,0
48304000,0
48306000,0
48308000,0
48310000,0
48312000,0
48314000,0
48316000,0
48318000,0
48320000,0
48322000,0
48324000,0
48326000,0
48328000,0
48330000,0
48332000,0
48334000,0
48336000,0
48338000,0
48340000,0
48342000,0
48344000,0
48346000,0
48348000,0
48350000,0
48352000,0
48354000,0
48356000,0
48358000,0
48360000,0
48362000,0
48364000,0
48366000,0
48368000,0
48370000,0
48372000,0
48374000,0
48376000,0
48378000,0
48380000,0
48382000,0
48384000,0
48386000,0
48388000,0
48390000,0
48392000,0
48394000,0
48396000,0
48398000,0
48400000,0
48402000,0
48404000,0
48406000,0
48408000,0
48410000,0
48412000,0
48414000,0
48416000,0
48418000,0
48420000,0
48422000,0
48424000,0
48426000,0
48428000,0
48430000,0
48432000,0
48434000,0
48436000,0
48438000,0
48440000,0
48442000,0
48444000,0
48446000,0
48448000,0
48450000,0
48452000,0
48454000,0
48456000,0
48458000,0
48460000,0
48462000,0
48464000,0
48466000,0
48468000,0
48470000,0
48472000,0
48474000,0
48476000,0
48478000,0
48480000,0
48482000,0
48484000,0
48486000,0
48488000,0
48490000,0
48492000,0
48494000,0
48496000,0
48498000,0
48500000,0
48502000,0
48504000,0
48506000,0
48508000,0
48510000,0
48512000,0
48514000,0
48516000,0
48518000,0
48520000,0
48522000,0
48524000,0
48526000,0
48528000,0
48530000,0
48532000,0
48534000,0
48536000,0
48538000,0
48540000,0
48542000,0
48544000,0
48546000,0
48548000,0
48550000,0
48552000,0
48554000,0
48556000,0
48558000,0
48560000,0
48562000,0
48564000,0
48566000,0
48568000,0
48570000,0
48572000,0
48574000,0
48576000,0
48578000,0
48580000,0
48582000,0
48584000,0
48586000,0
48588000,0
48590000,0
48592000,0
48594000,0
48596000,0
48598000,0
48600000,0
48602000,0
48604000,0
48606000,0
48608000,0
48610000,0
48612000,0
48614000,0
48616000,0
48618000,0
48620000,0
48622000,0
48624000,0
48626000,0
48628000,0
48630000,0
48632000,0
48634000,0
48636000,0
48638000,0
48640000,0
48642000,0
48644000,0
48646000,0
48648000,0
48650000,0
48652000,0
48654000,0
48656000,0
48658000,0
48660000,0
48662000,0
48664000,0
48666000,0
48668000,0
48670000,0
48672000,0
48674000,0
48676000,0
48678000,0
48680000,0
48682000,0
48684000,0
48686000,0
48688000,0
48690000,0
48692000,0
48694000,0
48696000,0
48698000,0
48700000,0
48702000,0
48704000,0
48706000,0
48708000,0
48710000,0
48712000,0
48714000,0
48716000,0
48718000,0
48720000,0
48722000,0
48724000,0
48726000,0
48728000,0
48730000,0
48732000,0
48734000,0
48736000,0
48738000,0
48740000,0
48742000,0
48744000,0
48746000,0
48748000,0
48750000,0
48752000,0
48754000,0
48756000,0
48758000,0
48760000,0
48762000,0
48764000,0
48766000,0
48768000,0
48770000,0
48772000,0
48774000,0
48776000,0
48778000,0
48780000,0
48782000,0
48784000,0
48786000,0
48788000,0
48790000,0
48792000,0
48794000,0
48796000,0
48798000,0
48800000,0
48802000,0
48804000,0
48806000,0
48808000,0
48810000,0
48812000,0
48814000,0
48816000,0
48818000,0
48820000,0
48822000,0
48824000,0
48826000,0
48828000,0
48830000,0
48832000,0
48834000,0
48836000,0
48838000,0
48840000,0
48842000,0
48844000,0
48846000,0
48848000,0
48850000,0
48852000,0
48854000,0
48856000,0
48858000,0
48860000,0
48862000,0
48864000,0
48866000,0
48868000,0
48870000,0
48872000,0
48874000,0
48876000,0
48878000,0
48880000,0
48882000,0
48884000,0
48886000,0
48888000,0
48890000,0
48892000,0
48894000,0
48896000,0
48898000,0
48900000,0
48902000,0
48904000,0
48906000,0
48908000,0
48910000,0
48912000,0
48914000,0
48916000,0
48918000,0
48920000,0
48922000,0
48924000,0
48926000,0
48928000,0
48930000,0
48932000,0
48934000,0
48936000,0
48938000,0
48940000,0
48942000,0
48944000,0
48946000,0
48948000,0
48950000,0
48952000,0
48954000,0
48956000,0
48958000,0
48960000,0
48962000,0
48964000,0
48966000,0
48968000,0
48970000,0
48972000,0
48974000,0
48976000,0
48978000,0
48980000,0
48982000,0
48984000,0
48986000,0
48988000,0
48990000,0
48992000,0
48994000,0
48996000,0
48998000,0
49000000,0
49002000,0
49004000,0
49006000,0
49008000,0
49010000,0
49012000,0
49014000,0
49016000,0
49018000,0
49020000,0
49022000,0
49024000,0
49026000,0
49028000,0
49030000,0
49032000,0
49034000,0
49036000,0
49038000,0
49040000,0
49042000,0
49044000,0
49046000,0
49048000,0
49050000,0
49052000,0
49054000,0
49056000,0
49058000,0
49060000,0
49062000,0
49064000,0
49066000,0
49068000,0
49070000,0
49072000,0
49074000,0
49076000,0
49078000,0
49080000,0
49082000,0
49084000,0
49086000,0
49088000,0
49090000,0
49092000,0
49094000,0
49096000,0
49098000,0
49100000,0
49102000,0
49104000,0
49106000,0
49108000,0
49110000,0
49112000,0
49114000,0
49116000,0
49118000,0
49120000,0
49122000,0
49124000,0
49126000,0
49128000,0
49130000,0
49132000,0
49134000,0
49136000,0
49138000,0
49140000,0
49142000,0
49144000,0
49146000,0
49148000,0
49150000,0
49152000,0
49154000,0
49156000,0
49158000,0
49160000,0
49162000,0
49164000,0
49166000,0
49168000,0
49170000,0
49172000,0
49174000,0
49176000,0
49178000,0
49180000,0
49182000,0
49184000,0
49186000,0
49188000,0
49190000,0
49192000,0
49194000,0
49196000,0
49198000,0
49200000,0
49202000,0
49204000,0
49206000,0
49208000,0
49210000,0
49212000,0
49214000,0
49216000,0
49218000,0
49220000,0
49222000,0
49224000,0
49226000,0
49228000,0
49230000,0
49232000,0
49234000,0
49236000,0
49238000,0
49240000,0
49242000,0
49244000,0
49246000,0
49248000,0
49250000,0
49252000,0
49254000,0
49256000,0
49258000,0
49260000,0
49262000,0
49264000,0
49266000,0
49268000,0
49270000,0
49272000,0
49274000,0
49276000,0
49278000,0
49280000,0
49282000,0
49284000,0
49286000,0
49288000,0
49290000,0
49292000,0
49294000,0
49296000,0
49298000,0
49300000,0
49302000,0
49304000,0
49306000,0
49308000,0
49310000,0
49312000,0
49314000,0
49316000,0
49318000,0
49320000,0
49322000,0
49324000,0
49326000,0
49328000,0
49330000,0
49332000,0
49334000,0
49336000,0
49338000,0
49340000,0
49342000,0
49344000,0
49346000,0
49348000,0
49350000,0
49352000,0
49354000,0
49356000,0
49358000,0
49360000,0
49362000,0
49364000,0
49366000,0
49368000,0
49370000,0
49372000,0
49374000,0
49376000,0
49378000,0
49380000,0
49382000,0
49384000,0
49386000,0
49388000,0
49390000,0
49392000,0
49394000,0
49396000,0
49398000,0
49400000,0
49402000,0
49404000,0
49406000,0
49408000,0
49410000,0
49412000,0
49414000,0
49416000,0
49418000,0
49420000,0
49422000,0
49424000,0
49426000,0
49428000,0
49430000,0
49432000,0
49434000,0
49436000,0
49438000,0
49440000,0
49442000,0
49444000,0
49446000,0
49448000,0
49450000,0
49452000,0
49454000,0
49456000,0
49458000,0
49460000,0
49462000,0
49464000,0
49466000,0
49468000,0
49470000,0
49472000,0
49474000,0
49476000,0
49478000,0
49480000,0
49482000,0
49484000,0
49486000,0
49488000,0
49490000,0
49492000,0
49494000,0
49496000,0
49498000,0
49500000,0
49502000,0
49504000,0
49506000,0
49508000,0
49510000,0
49512000,0
49514000,0
49516000,0
49518000,0
49520000,0
49522000,0
49524000,0
49526000,0
49528000,0
49530000,0
49532000,0
49534000,0
49536000,0
49538000,0
49540000,0
49542000,0
49544000,0
49546000,0
49548000,0
49550000,0
49552000,0
49554000,0
49556000,0
49558000,0
49560000,0
49562000,0
49564000,0
49566000,0
49568000,0
49570000,0
49572000,0
49574000,0
49576000,0
49578000,0
49580000,0
49582000,0
49584000,0
49586000,0
49588000,0
49590000,0
49592000,0
49594000,0
49596000,0
49598000,0
49600000,0
49602000,0
49604000,0
49606000,0
49608000,0
49610000,0
49612000,0
49614000,0
49616000,0
49618000,0
49620000,0
49622000,0
49624000,0
49626000,0
49628000,0
49630000,0
49632000,0
49634000,0
49636000,0
49638000,0
49640000,0
49642000,0
49644000,0
49646000,0
49648000,0
49650000,0
49652000,0
49654000,0
49656000,0
49658000,0
49660000,0
49662000,0
49664000,0
49666000,0
49668000,0
49670000,0
49672000,0
49674000,0
49676000,0
49678000,0
49680000,0
49682000,0
49684000,0
49686000,0
49688000,0
49690000,0
49692000,0
49694000,0
49696000,0
49698000,0
49700000,0
49702000,0
49704000,0
49706000,0
49708000,0
49710000,0
49712000,0
49714000,0
49716000,0
49718000,0
49720000,0
49722000,0
49724000,0
49726000,0
49728000,0
49730000,0
49732000,0
49734000,0
49736000,0
49738000,0
49740000,0
49742000,0
49744000,0
49746000,0
49748000,0
49750000,0
49752000,0
49754000,0
49756000,0
49758000,0
49760000,0
49762000,0
49764000,0
49766000,0
49768000,0
49770000,0
49772000,0
49774000,0
49776000,0
49778000,0
49780000,0
49782000,0
49784000,0
49786000,0
49788000,0
49790000,0
49792000,0
49794000,0
49796000,0
49798000,0
49800000,0
49802000,0
49804000,0
49806000,0
49808000,0
49810000,0
49812000,0
49814000,0
49816000,0
49818000,0
49820000,0
49822000,0
49824000,0
49826000,0
49828000,0
49830000,0
49832000,0
49834000,0
49836000,0
49838000,0
49840000,0
49842000,0
49844000,0
49846000,0
49848000,0
49850000,0
49852000,0
49854000,0
49856000,0
49858000,0
49860000,0
49862000,0
49864000,0
49866000,0
49868000,0
49870000,0
49872000,0
49874000,0
49876000,0
49878000,0
49880000,0
49882000,0
49884000,0
49886000,0
49888000,0
49890000,0
49892000,0
49894000,0
49896000,0
49898000,0
49900000,0
49902000,0
49904000,0
49906000,0
49908000,0
49910000,0
49912000,0
49914000,0
49916000,0
49918000,0
49920000,0
49922000,0
49924000,0
49926000,0
49928000,0
49930000,0
49932000,0
49934000,0
49936000,0
49938000,0
49940000,0
49942000,0
49944000,0
49946000,0
49948000,0
49950000,0
49952000,0
49954000,0
49956000,0
49958000,0
49960000,0
49962000,0
49964000,0
49966000,0
49968000,0
49970000,0
49972000,0
49974000,0
49976000,0
49978000,0
49980000,0
49982000,0
49984000,0
49986000,0
49988000,0
49990000,0
49992000,0
49994000,0
49996000,0
49998000,0
50000000,0
50002000,0
50004000,0
50006000,0
50008000,0
50010000,0
50012000,0
50014000,0
50016000,0
50018000,0
50020000,0
50022000,0
50024000,0
50026000,0
50028000,0
50030000,0
50032000,0
50034000,0
50036000,0
50038000,0
50040000,0
50042000,0
50044000,0
50046000,0
50048000,0
50050000,0
50052000,0
50054000,0
50056000,0
50058000,0
50060000,0
50062000,0
50064000,0
50066000,0
50068000,0
50070000,0
50072000,0
50074000,0
50076000,0
50078000,0
50080000,0
50082000,0
50084000,0
50086000,0
50088000,0
50090000,0
50092000,0
50094000,0
50096000,0
50098000,0
50100000,0
50102000,0
50104000,0
50106000,0
50108000,0
50110000,0
50112000,0
50114000,0
50116000,0
50118000,0
50120000,0
50122000,0
50124000,0
50126000,0
50128000,0
50130000,0
50132000,0
50134000,0
50136000,0
50138000,0
50140000,0
50142000,0
50144000,0
50146000,0
50148000,0
50150000,0
50152000,0
50154000,0
50156000,0
50158000,0
50160000,0
50162000,0
50164000,0
50166000,0
50168000,0
50170000,0
50172000,0
50174000,0
50176000,0
50178000,0
50180000,0
50182000,0
50184000,0
50186000,0
50188000,0
50190000,0
50192000,0
50194000,0
50196000,0
50198000,0
50200000,0
50202000,0
50204000,0
50206000,0
50208000,0
50210000,0
50212000,0
50214000,0
50216000,0
50218000,0
50220000,0
50222000,0
50224000,0
50226000,0
50228000,0
50230000,0
50232000,0
50234000,0
50236000,0
50238000,0
50240000,0
50242000,0
50244000,0
50246000,0
50248000,0
50250000,0
50252000,0
50254000,0
50256000,0
50258000,0
50260000,0
50262000,0
50264000,0
50266000,0
50268000,0
50270000,0
50272000,0
50274000,0
50276000,0
50278000,0
50280000,0
50282000,0
50284000,0
50286000,0
50288000,0
50290000,0
50292000,0
50294000,0
50296000,0
50298000,0
50300000,0
50302000,0
50304000,0
50306000,0
50308000,0
50310000,0
50312000,0
50314000,0
50316000,0
50318000,0
50320000,0
50322000,0
50324000,0
50326000,0
50328000,0
50330000,0
50332000,0
50334000,0
50336000,0
50338000,0
50340000,0
50342000,0
50344000,0
50346000,0
50348000,0
50350000,0
50352000,0
50354000,0
50356000,0
50358000,0
50360000,0
50362000,0
50364000,0
50366000,0
50368000,0
50370000,0
50372000,0
50374000,0
50376000,0
50378000,0
50380000,0
50382000,0
50384000,0
50386000,0
50388000,0
50390000,0
50392000,0
50394000,0
50396000,0
50398000,0
50400000,0
50402000,0
50404000,0
50406000,0
50408000,0
50410000,0
50412000,0
50414000,0
50416000,0
50418000,0
50420000,0
50422000,0
50424000,0
50426000,0
50428000,0
50430000,0
50432000,0
50434000,0
50436000,0
50438000,0
50440000,0
50442000,0
50444000,0
50446000,0
50448000,0
50450000,0
50452000,0
50454000,0
50456000,0
50458000,0
50460000,0
50462000,0
50464000,0
50466000,0
50468000,0
50470000,0
50472000,0
50474000,0
50476000,0
50478000,0
50480000,0
50482000,0
50484000,0
50486000,0
50488000,0
50490000,0
50492000,0
50494000,0
50496000,0
50498000,0
50500000,0
50502000,0
50504000,0
50506000,0
50508000,0
50510000,0
50512000,0
50514000,0
50516000,0
50518000,0
50520000,0
50522000,0
50524000,0
50526000,0
50528000,0
50530000,0
50532000,0
50534000,0
50536000,0
50538000,0
50540000,0
50542000,0
50544000,0
50546000,0
50548000,0
50550000,0
50552000,0
50554000,0
50556000,0
50558000,0
50560000,0
50562000,0
50564000,0
50566000,0
50568000,0
50570000,0
50572000,0
50574000,0
50576000,0
50578000,0
50580000,0
50582000,0
50584000,0
50586000,0
50588000,0
50590000,0
50592000,0
50594000,0
50596000,0
50598000,0
50600000,0
50602000,0
50604000,0
50606000,0
50608000,0
50610000,0
50612000,0
50614000,0
50616000,0
50618000,0
50620000,0
50622000,0
50624000,0
50626000,0
50628000,0
50630000,0
50632000,0
50634000,0
50636000,0
50638000,0
50640000,0
50642000,0
50644000,0
50646000,0
50648000,0
50650000,0
50652000,0
50654000,0
50656000,0
50658000,0
50660000,0
50662000,0
50664000,0
50666000,0
50668000,0
50670000,0
50672000,0
50674000,0
50676000,0
50678000,0
50680000,0
50682000,0
50684000,0
50686000,0
50688000,0
50690000,0
50692000,0
50694000,0
50696000,0
50698000,0
50700000,0
50702000,0
50704000,0
50706000,0
50708000,0
50710000,0
50712000,0
50714000,0
50716000,0
50718000,0
50720000,0
50722000,0
50724000,0
50726000,0
50728000,0
50730000,0
50732000,0
50734000,0
50736000,0
50738000,0
50740000,0
50742000,0
50744000,0
50746000,0
50748000,0
50750000,0
50752000,0
50754000,0
50756000,0
50758000,0
50760000,0
50762000,0
50764000,0
50766000,0
50768000,0
50770000,0
50772000,0
50774000,0
50776000,0
50778000,0
50780000,0
50782000,0
50784000,0
50786000,0
50788000,0
50790000,0
50792000,0
50794000,0
50796000,0
50798000,0
50800000,0
50802000,0
50804000,0
50806000,0
50808000,0
50810000,0
50812000,0
50814000,0
50816000,0
50818000,0
50820000,0
50822000,0
50824000,0
50826000,0
50828000,0
50830000,0
50832000,0
50834000,0
50836000,0
50838000,0
50840000,0
50842000,0
50844000,0
50846000,0
50848000,0
50850000,0
50852000,0
50854000,0
50856000,0
50858000,0
50860000,0
50862000,0
50864000,0
50866000,0
50868000,0
50870000,0
50872000,0
50874000,0
50876000,0
50878000,0
50880000,0
50882000,0
50884000,0
50886000,0
50888000,0
50890000,0
50892000,0
50894000,0
50896000,0
50898000,0
50900000,0
50902000,0
50904000,0
50906000,0
50908000,0
50910000,0
50912000,0
50914000,0
50916000,0
50918000,0
50920000,0
50922000,0
50924000,0
50926000,0
50928000,0
50930000,0
50932000,0
50934000,0
50936000,0
50938000,0
50940000,0
50942000,0
50944000,0
50946000,0
50948000,0
50950000,0
50952000,0
50954000,0
50956000,0
50958000,0
50960000,0
50962000,0
50964000,0
50966000,0
50968000,0
50970000,0
50972000,0
50974000,0
50976000,0
50978000,0
50980000,0
50982000,0
50984000,0
50986000,0
50988000,0
50990000,0
50992000,0
50994000,0
50996000,0
50998000,0
51000000,0
51002000,0
51004000,0
51006000,0
51008000,0
51010000,0
51012000,0
51014000,0
51016000,0
51018000,0
51020000,0
51022000,0
51024000,0
51026000,0
51028000,0
51030000,0
51032000,0
51034000,0
51036000,0
51038000,0
51040000,0
51042000,0
51044000,0
51046000,0
51048000,0
51050000,0
51052000,0
51054000,0
51056000,0
51058000,0
51060000,0
51062000,0
51064000,0
51066000,0
51068000,0
51070000,0
51072000,0
51074000,0
51076000,0
51078000,0
51080000,0
51082000,0
51084000,0
51086000,0
51088000,0
51090000,0
51092000,0
51094000,0
51096000,0
51098000,0
51100000,0
51102000,0
51104000,0
51106000,0
51108000,0
51110000,0
51112000,0
51114000,0
51116000,0
51118000,0
51120000,0
51122000,0
51124000,0
51126000,0
51128000,0
51130000,0
51132000,0
51134000,0
51136000,0
51138000,0
51140000,0
51142000,0
51144000,0
51146000,0
51148000,0
51150000,0
51152000,0
51154000,0
51156000,0
51158000,0
51160000,0
51162000,0
51164000,0
51166000,0
51168000,0
51170000,0
51172000,0
51174000,0
51176000,0
51178000,0
51180000,0
51182000,0
51184000,0
51186000,0
51188000,0
51190000,0
51192000,0
51194000,0
51196000,0
51198000,0
51200000,0
51202000,0
51204000,0
51206000,0
51208000,0
51210000,0
51212000,0
51214000,0
51216000,0
51218000,0
51220000,0
51222000,0
51224000,0
51226000,0
51228000,0
51230000,0
51232000,0
51234000,0
51236000,0
51238000,0
51240000,0
51242000,0
51244000,0
51246000,0
51248000,0
51250000,0
51252000,0
51254000,0
51256000,0
51258000,0
51260000,0
51262000,0
51264000,0
51266000,0
51268000,0
51270000,0
51272000,0
51274000,0
51276000,0
51278000,0
51280000,0
51282000,0
51284000,0
51286000,0
51288000,0
51290000,0
51292000,0
51294000,0
51296000,0
51298000,0
51300000,0
51302000,0
51304000,0
51306000,0
51308000,0
51310000,0
51312000,0
51314000,0
51316000,0
51318000,0
51320000,0
51322000,0
51324000,0
51326000,0
51328000,0
51330000,0
51332000,0
51334000,0
51336000,0
51338000,0
51340000,0
51342000,0
51344000,0
51346000,0
51348000,0
51350000,0
51352000,0
51354000,0
51356000,0
51358000,0
51360000,0
51362000,0
51364000,0
51366000,0
51368000,0
51370000,0
51372000,0
51374000,0
51376000,0
51378000,0
51380000,0
51382000,0
51384000,0
51386000,0
51388000,0
51390000,0
51392000,0
51394000,0
51396000,0
51398000,0
51400000,0
51402000,0
51404000,0
51406000,0
51408000,0
51410000,0
51412000,0
51414000,0
51416000,0
51418000,0
51420000,0
51422000,0
51424000,0
51426000,0
51428000,0
51430000,0
51432000,0
51434000,0
51436000,0
51438000,0
51440000,0
51442000,0
51444000,0
51446000,0
51448000,0
51450000,0
51452000,0
51454000,0
51456000,0
51458000,0
51460000,0
51462000,0
51464000,0
51466000,0
51468000,0
51470000,0
51472000,0
51474000,0
51476000,0
51478000,0
51480000,0
51482000,0
51484000,0
51486000,0
51488000,0
51490000,0
51492000,0
51494000,0
51496000,0
51498000,0
51500000,0
51502000,0
51504000,0
51506000,0
51508000,0
51510000,0
51512000,0
51514000,0
51516000,0
51518000,0
51520000,0
51522000,0
51524000,0
51526000,0
51528000,0
51530000,0
51532000,0
51534000,0
51536000,0
51538000,0
51540000,0
51542000,0
51544000,0
51546000,0
51548000,0
51550000,0
51552000,0
51554000,0
51556000,0
51558000,0
51560000,0
51562000,0
51564000,0
51566000,0
51568000,0
51570000,0
51572000,0
51574000,0
51576000,0
51578000,0
51580000,0
51582000,0
51584000,0
51586000,0
51588000,0
51590000,0
51592000,0
51594000,0
51596000,0
51598000,0
51600000,0
51602000,0
51604000,0
51606000,0
51608000,0
51610000,0
51612000,0
51614000,0
51616000,0
51618000,0
51620000,0
51622000,0
51624000,0
51626000,0
51628000,0
51630000,0
51632000,0
51634000,0
51636000,0
51638000,0
51640000,0
51642000,0
51644000,0
51646000,0
51648000,0
51650000,0
51652000,0
51654000,0
51656000,0
51658000,0
51660000,0
51662000,0
51664000,0
51666000,0
51668000,0
51670000,0
51672000,0
51674000,0
51676000,0
51678000,0
51680000,0
51682000,0
51684000,0
51686000,0
51688000,0
51690000,0
51692000,0
51694000,0
51696000,0
51698000,0
51700000,0
51702000,0
51704000,0
51706000,0
51708000,0
51710000,0
51712000,0
51714000,0
51716000,0
51718000,0
51720000,0
51722000,0
51724000,0
51726000,0
51728000,0
51730000,0
51732000,0
51734000,0
51736000,0
51738000,0
51740000,0
51742000,0
51744000,0
51746000,0
51748000,0
51750000,0
51752000,0
51754000,0
51756000,0
51758000,0
51760000,0
51762000,0
51764000,0
51766000,0
51768000,0
51770000,0
51772000,0
51774000,0
51776000,0
51778000,0
51780000,0
51782000,0
51784000,0
51786000,0
51788000,0
51790000,0
51792000,0
51794000,0
51796000,0
51798000,0
51800000,0
51802000,0
51804000,0
51806000,0
51808000,0
51810000,0
51812000,0
51814000,0
51816000,0
51818000,0
51820000,0
51822000,0
51824000,0
51826000,0
51828000,0
51830000,0
51832000,0
51834000,0
51836000,0
51838000,0
51840000,0
51842000,0
51844000,0
51846000,0
51848000,0
51850000,0
51852000,0
51854000,0
51856000,0
51858000,0
51860000,0
51862000,0
51864000,0
51866000,0
51868000,0
51870000,0
51872000,0
51874000,0
51876000,0
51878000,0
51880000,0
51882000,0
51884000,0
51886000,0
51888000,0
51890000,0
51892000,0
51894000,0
51896000,0
51898000,0
51900000,0
51902000,0
51904000,0
51906000,0
51908000,0
51910000,0
51912000,0
51914000,0
51916000,0
51918000,0
51920000,0
51922000,0
51924000,0
51926000,0
51928000,0
51930000,0
51932000,0
51934000,0
51936000,0
51938000,0
51940000,0
51942000,0
51944000,0
51946000,0
51948000,0
51950000,0
51952000,0
51954000,0
51956000,0
51958000,0
51960000,0
51962000,0
51964000,0
51966000,0
51968000,0
51970000,0
51972000,0
51974000,0
51976000,0
51978000,0
51980000,0
51982000,0
51984000,0
51986000,0
51988000,0
51990000,0
51992000,0
51994000,0
51996000,0
51998000,0
52000000,0
52002000,0
52004000,0
52006000,0
52008000,0
52010000,0
52012000,0
52014000,0
52016000,0
52018000,0
52020000,0
52022000,0
52024000,0
52026000,0
52028000,0
52030000,0
52032000,0
52034000,0
52036000,0
52038000,0
52040000,0
52042000,0
52044000,0
52046000,0
52048000,0
52050000,0
52052000,0
52054000,0
52056000,0
52058000,0
52060000,0
52062000,0
52064000,0
52066000,0
52068000,0
52070000,0
52072000,0
52074000,0
52076000,0
52078000,0
52080000,0
52082000,0
52084000,0
52086000,0
52088000,0
52090000,0
52092000,0
52094000,0
52096000,0
52098000,0
52100000,0
52102000,0
52104000,0
52106000,0
52108000,0
52110000,0
52112000,0
52114000,0
52116000,0
52118000,0
52120000,0
52122000,0
52124000,0
52126000,0
52128000,0
52130000,0
52132000,0
52134000,0
52136000,0
52138000,0
52140000,0
52142000,0
52144000,0
52146000,0
52148000,0
52150000,0
52152000,0
52154000,0
52156000,0
52158000,0
52160000,0
52162000,0
52164000,0
52166000,0
52168000,0
52170000,0
52172000,0
52174000,0
52176000,0
52178000,0
52180000,0
52182000,0
52184000,0
52186000,0
52188000,0
52190000,0
52192000,0
52194000,0
52196000,0
52198000,0
52200000,0
52202000,0
52204000,0
52206000,0
52208000,0
52210000,0
52212000,0
52214000,0
52216000,0
52218000,0
52220000,0
52222000,0
52224000,0
52226000,0
52228000,0
52230000,0
52232000,0
52234000,0
52236000,0
52238000,0
52240000,0
52242000,0
52244000,0
52246000,0
52248000,0
52250000,0
52252000,0
52254000,0
52256000,0
52258000,0
52260000,0
52262000,0
52264000,0
52266000,0
52268000,0
52270000,0
52272000,0
52274000,0
52276000,0
52278000,0
52280000,0
52282000,0
52284000,0
52286000,0
52288000,0
52290000,0
52292000,0
52294000,0
52296000,0
52298000,0
52300000,0
52302000,0
52304000,0
52306000,0
52308000,0
52310000,0
52312000,0
52314000,0
52316000,0
52318000,0
52320000,0
52322000,0
52324000,0
52326000,0
52328000,0
52330000,0
52332000,0
52334000,0
52336000,0
52338000,0
52340000,0
52342000,0
52344000,0
52346000,0
52348000,0
52350000,0
52352000,0
52354000,0
52356000,0
52358000,0
52360000,0
52362000,0
52364000,0
52366000,0
52368000,0
52370000,0
52372000,0
52374000,0
52376000,0
52378000,0
52380000,0
52382000,0
52384000,0
52386000,0
52388000,0
52390000,0
52392000,0
52394000,0
52396000,0
52398000,0
52400000,0
52402000,0
52404000,0
52406000,0
52408000,0
52410000,0
52412000,0
52414000,0
52416000,0
52418000,0
52420000,0
52422000,0
52424000,0
52426000,0
52428000,0
52430000,0
52432000,0
52434000,0
52436000,0
52438000,0
52440000,0
52442000,0
52444000,0
52446000,0
52448000,0
52450000,0
52452000,0
52454000,0
52456000,0
52458000,0
52460000,0
52462000,0
52464000,0
52466000,0
52468000,0
52470000,0
52472000,0
52474000,0
52476000,0
52478000,0
52480000,0
52482000,0
52484000,0
52486000,0
52488000,0
52490000,0
52492000,0
52494000,0
52496000,0
52498000,0
52500000,0
52502000,0
52504000,0
52506000,0
52508000,0
52510000,0
52512000,0
52514000,0
52516000,0
52518000,0
52520000,0
52522000,0
52524000,0
52526000,0
52528000,0
52530000,0
52532000,0
52534000,0
52536000,0
52538000,0
52540000,0
52542000,0
52544000,0
52546000,0
52548000,0
52550000,0
52552000,0
52554000,0
52556000,0
52558000,0
52560000,0
52562000,0
52564000,0
52566000,0
52568000,0
52570000,0
52572000,0
52574000,0
52576000,0
52578000,0
52580000,0
52582000,0
52584000,0
52586000,0
52588000,0
52590000,0
52592000,0
52594000,0
52596000,0
52598000,0
52600000,0
52602000,0
52604000,0
52606000,0
52608000,0
52610000,0
52612000,0
52614000,0
52616000,0
52618000,0
52620000,0
52622000,0
52624000,0
52626000,0
52628000,0
52630000,0
52632000,0
52634000,0
52636000,0
52638000,0
52640000,0
52642000,0
52644000,0
52646000,0
52648000,0
52650000,0
52652000,0
52654000,0
52656000,0
52658000,0
52660000,0
52662000,0
52664000,0
52666000,0
52668000,0
52670000,0
52672000,0
52674000,0
52676000,0
52678000,0
52680000,0
52682000,0
52684000,0
52686000,0
52688000,0
52690000,0
52692000,0
52694000,0
52696000,0
52698000,0
52700000,0
52702000,0
52704000,0
52706000,0
52708000,0
52710000,0
52712000,0
52714000,0
52716000,0
52718000,0
52720000,0
52722000,0
52724000,0
52726000,0
52728000,0
52730000,0
52732000,0
52734000,0
52736000,0
52738000,0
52740000,0
52742000,0
52744000,0
52746000,0
52748000,0
52750000,0
52752000,0
52754000,0
52756000,0
52758000,0
52760000,0
52762000,0
52764000,0
52766000,0
52768000,0
52770000,0
52772000,0
52774000,0
52776000,0
52778000,0
52780000,0
52782000,0
52784000,0
52786000,0
52788000,0
52790000,0
52792000,0
52794000,0
52796000,0
52798000,0
52800000,0
52802000,0
52804000,0
52806000,0
52808000,0
52810000,0
52812000,0
52814000,0
52816000,0
52818000,0
52820000,0
52822000,0
52824000,0
52826000,0
52828000,0
52830000,0
52832000,0
52834000,0
52836000,0
52838000,0
52840000,0
52842000,0
52844000,0
52846000,0
52848000,0
52850000,0
52852000,0
52854000,0
52856000,0
52858000,0
52860000,0
52862000,0
52864000,0
52866000,0
52868000,0
52870000,0
52872000,0
52874000,0
52876000,0
52878000,0
52880000,0
52882000,0
52884000,0
52886000,0
52888000,0
52890000,0
52892000,0
52894000,0
52896000,0
52898000,0
52900000,0
52902000,0
52904000,0
52906000,0
52908000,0
52910000,0
52912000,0
52914000,0
52916000,0
52918000,0
52920000,0
52922000,0
52924000,0
52926000,0
52928000,0
52930000,0
52932000,0
52934000,0
52936000,0
52938000,0
52940000,0
52942000,0
52944000,0
52946000,0
52948000,0
52950000,0
52952000,0
52954000,0
52956000,0
52958000,0
52960000,0
52962000,0
52964000,0
52966000,0
52968000,0
52970000,0
52972000,0
52974000,0
52976000,0
52978000,0
52980000,0
52982000,0
52984000,0
52986000,0
52988000,0
52990000,0
52992000,0
52994000,0
52996000,0
52998000,0
53000000,0
53002000,0
53004000,0
53006000,0
53008000,0
53010000,0
53012000,0
53014000,0
53016000,0
53018000,0
53020000,0
53022000,0
53024000,0
53026000,0
53028000,0
53030000,0
53032000,0
53034000,0
53036000,0
53038000,0
53040000,0
53042000,0
53044000,0
53046000,0
53048000,0
53050000,0
53052000,0
53054000,0
53056000,0
53058000,0
53060000,0
53062000,0
53064000,0
53066000,0
53068000,0
53070000,0
53072000,0
53074000,0
53076000,0
53078000,0
53080000,0
53082000,0
53084000,0
53086000,0
53088000,0
53090000,0
53092000,0
53094000,0
53096000,0
53098000,0
53100000,0
53102000,0
53104000,0
53106000,0
53108000,0
53110000,0
53112000,0
53114000,0
53116000,0
53118000,0
53120000,0
53122000,0
53124000,0
53126000,0
53128000,0
53130000,0
53132000,0
53134000,0
53136000,0
53138000,0
53140000,0
53142000,0
53144000,0
53146000,0
53148000,0
53150000,0
53152000,0
53154000,0
53156000,0
53158000,0
53160000,0
53162000,0
53164000,0
53166000,0
53168000,0
53170000,0
53172000,0
53174000,0
53176000,0
53178000,0
53180000,0
53182000,0
53184000,0
53186000,0
53188000,0
53190000,0
53192000,0
53194000,0
53196000,0
53198000,0
53200000,0
53202000,0
53204000,0
53206000,0
53208000,0
53210000,0
53212000,0
53214000,0
53216000,0
53218000,0
53220000,0
53222000,0
53224000,0
53226000,0
53228000,0
53230000,0
53232000,0
53234000,0
53236000,0
53238000,0
53240000,0
53242000,0
53244000,0
53246000,0
53248000,0
53250000,0
53252000,0
53254000,0
53256000,0
53258000,0
53260000,0
53262000,0
53264000,0
53266000,0
53268000,0
53270000,0
53272000,0
53274000,0
53276000,0
53278000,0
53280000,0
53282000,0
53284000,0
53286000,0
53288000,0
53290000,0
53292000,0
53294000,0
53296000,0
53298000,0
53300000,0
53302000,0
53304000,0
53306000,0
53308000,0
53310000,0
53312000,0
53314000,0
53316000,0
53318000,0
53320000,0
53322000,0
53324000,0
53326000,0
53328000,0
53330000,0
53332000,0
53334000,0
53336000,0
53338000,0
53340000,0
53342000,0
53344000,0
53346000,0
53348000,0
53350000,0
53352000,0
53354000,0
53356000,0
53358000,0
53360000,0
53362000,0
53364000,0
53366000,0
53368000,0
53370000,0
53372000,0
53374000,0
53376000,0
53378000,0
53380000,0
53382000,0
53384000,0
53386000,0
53388000,0
53390000,0
53392000,0
53394000,0
53396000,0
53398000,0
53400000,0
53402000,0
53404000,0
53406000,0
53408000,0
53410000,0
53412000,0
53414000,0
53416000,0
53418000,0
53420000,0
53422000,0
53424000,0
53426000,0
53428000,0
53430000,0
53432000,0
53434000,0
53436000,0
53438000,0
53440000,0
53442000,0
53444000,0
53446000,0
53448000,0
53450000,0
53452000,0
53454000,0
53456000,0
53458000,0
53460000,0
53462000,0
53464000,0
53466000,0
53468000,0
53470000,0
53472000,0
53474000,0
53476000,0
53478000,0
53480000,0
53482000,0
53484000,0
53486000,0
53488000,0
53490000,0
53492000,0
53494000,0
53496000,0
53498000,0
53500000,0
53502000,0
53504000,0
53506000,0
53508000,0
53510000,0
53512000,0
53514000,0
53516000,0
53518000,0
53520000,0
53522000,0
53524000,0
53526000,0
53528000,0
53530000,0
53532000,0
53534000,0
53536000,0
53538000,0
53540000,0
53542000,0
53544000,0
53546000,0
53548000,0
53550000,0
53552000,0
53554000,0
53556000,0
53558000,0
53560000,0
53562000,0
53564000,0
53566000,0
53568000,0
53570000,0
53572000,0
53574000,0
53576000,0
53578000,0
53580000,0
53582000,0
53584000,0
53586000,0
53588000,0
53590000,0
53592000,0
53594000,0
53596000,0
53598000,0
53600000,0
53602000,0
53604000,0
53606000,0
53608000,0
53610000,0
53612000,0
53614000,0
53616000,0
53618000,0
53620000,0
53622000,0
53624000,0
53626000,0
53628000,0
53630000,0
53632000,0
53634000,0
53636000,0
53638000,0
53640000,0
53642000,0
53644000,0
53646000,0
53648000,0
53650000,0
53652000,0
53654000,0
53656000,0
53658000,0
53660000,0
53662000,0
53664000,0
53666000,0
53668000,0
53670000,0
53672000,0
53674000,0
53676000,0
53678000,0
53680000,0
53682000,0
53684000,0
53686000,0
53688000,0
53690000,0
53692000,0
53694000,0
53696000,0
53698000,0
53700000,0
53702000,0
53704000,0
53706000,0
53708000,0
53710000,0
53712000,0
53714000,0
53716000,0
53718000,0
53720000,0
53722000,0
53724000,0
53726000,0
53728000,0
53730000,0
53732000,0
53734000,0
53736000,0
53738000,0
53740000,0
53742000,0
53744000,0
53746000,0
53748000,0
53750000,0
53752000,0
53754000,0
53756000,0
53758000,0
53760000,0
53762000,0
53764000,0
53766000,0
53768000,0
53770000,0
53772000,0
53774000,0
53776000,0
53778000,0
53780000,0
53782000,0
53784000,0
53786000,0
53788000,0
53790000,0
53792000,0
53794000,0
53796000,0
53798000,0
53800000,0
53802000,0
53804000,0
53806000,0
53808000,0
53810000,0
53812000,0
53814000,0
53816000,0
53818000,0
53820000,0
53822000,0
53824000,0
53826000,0
53828000,0
53830000,0
53832000,0
53834000,0
53836000,0
53838000,0
53840000,0
53842000,0
53844000,0
53846000,0
53848000,0
53850000,0
53852000,0
53854000,0
53856000,0
53858000,0
53860000,0
53862000,0
53864000,0
53866000,0
53868000,0
53870000,0
53872000,0
53874000,0
53876000,0
53878000,0
53880000,0
53882000,0
53884000,0
53886000,0
53888000,0
53890000,0
53892000,0
53894000,0
53896000,0
53898000,0
53900000,0
53902000,0
53904000,0
53906000,0
53908000,0
53910000,0
53912000,0
53914000,0
53916000,0
53918000,0
53920000,0
53922000,0
53924000,0
53926000,0
53928000,0
53930000,0
53932000,0
53934000,0
53936000,0
53938000,0
53940000,0
53942000,0
53944000,0
53946000,0
53948000,0
53950000,0
53952000,0
53954000,0
53956000,0
53958000,0
53960000,0
53962000,0
53964000,0
53966000,0
53968000,0
53970000,0
53972000,0
53974000,0
53976000,0
53978000,0
53980000,0
53982000,0
53984000,0
53986000,0
53988000,0
53990000,0
53992000,0
53994000,0
53996000,0
53998000,0
54000000,0
54002000,0
54004000,0
54006000,0
54008000,0
54010000,0
54012000,0
54014000,0
54016000,0
54018000,0
54020000,0
54022000,0
54024000,0
54026000,0
54028000,0
54030000,0
54032000,0
54034000,0
54036000,0
54038000,0
54040000,0
54042000,0
54044000,0
54046000,0
54048000,0
54050000,0
54052000,0
54054000,0
54056000,0
54058000,0
54060000,0
54062000,0
54064000,0
54066000,0
54068000,0
54070000,0
54072000,0
54074000,0
54076000,0
54078000,0
54080000,0
54082000,0
54084000,0
54086000,0
54088000,0
54090000,0
54092000,0
54094000,0
54096000,0
54098000,0
54100000,0
54102000,0
54104000,0
54106000,0
54108000,0
54110000,0
54112000,0
54114000,0
54116000,0
54118000,0
54120000,0
54122000,0
54124000,0
54126000,0
54128000,0
54130000,0
54132000,0
54134000,0
54136000,0
54138000,0
54140000,0
54142000,0
54144000,0
54146000,0
54148000,0
54150000,0
54152000,0
54154000,0
54156000,0
54158000,0
54160000,0
54162000,0
54164000,0
54166000,0
54168000,0
54170000,0
54172000,0
54174000,0
54176000,0
54178000,0
54180000,0
54182000,0
54184000,0
54186000,0
54188000,0
54190000,0
54192000,0
54194000,0
54196000,0
54198000,0
54200000,0
54202000,0
54204000,0
54206000,0
54208000,0
54210000,0
54212000,0
54214000,0
54216000,0
54218000,0
54220000,0
54222000,0
54224000,0
54226000,0
54228000,0
54230000,0
54232000,0
54234000,0
54236000,0
54238000,0
54240000,0
54242000,0
54244000,0
54246000,0
54248000,0
54250000,0
54252000,0
54254000,0
54256000,0
54258000,0
54260000,0
54262000,0
54264000,0
54266000,0
54268000,0
54270000,0
54272000,0
54274000,0
54276000,0
54278000,0
54280000,0
54282000,0
54284000,0
54286000,0
54288000,0
54290000,0
54292000,0
54294000,0
54296000,0
54298000,0
54300000,0
54302000,0
54304000,0
54306000,0
54308000,0
54310000,0
54312000,0
54314000,0
54316000,0
54318000,0
54320000,0
54322000,0
54324000,0
54326000,0
54328000,0
54330000,0
54332000,0
54334000,0
54336000,0
54338000,0
54340000,0
54342000,0
54344000,0
54346000,0
54348000,0
54350000,0
54352000,0
54354000,0
54356000,0
54358000,0
54360000,0
54362000,0
54364000,0
54366000,0
54368000,0
54370000,0
54372000,0
54374000,0
54376000,0
54378000,0
54380000,0
54382000,0
54384000,0
54386000,0
54388000,0
54390000,0
54392000,0
54394000,0
54396000,0
54398000,0
54400000,0
54402000,0
54404000,0
54406000,0
54408000,0
54410000,0
54412000,0
54414000,0
54416000,0
54418000,0
54420000,0
54422000,0
54424000,0
54426000,0
54428000,0
54430000,0
54432000,0
54434000,0
54436000,0
54438000,0
54440000,0
54442000,0
54444000,0
54446000,0
54448000,0
54450000,0
54452000,0
54454000,543
54456000,642
54458000,675
54460000,686
54462000,687
54464000,711
54466000,688
54468000,705
54470000,741
54472000,765
54474000,829
54476000,854
54478000,931
54480000,965
54482000,1033
54484000,1104
54486000,1079
54488000,1232
54490000,1276
54492000,1306
54494000,1351
54496000,1366
54498000,1355
54500000,1368
54502000,1381
54504000,1378
54506000,1407
54508000,1406
54510000,1393
54512000,1392
54514000,1409
54516000,1451
54518000,1431
54520000,1447
54522000,1429
54524000,1451
54526000,1456
54528000,1429
54530000,1472
54532000,1488
54534000,1458
54536000,1499
54538000,1475
54540000,1466
54542000,1489
54544000,1498
54546000,1499
54548000,1481
54550000,1729
54552000,1872
54554000,1908
54556000,1923
54558000,2055
54560000,2112
54562000,2117
54564000,2245
54566000,2285
54568000,2302
54570000,2307
54572000,2326
54574000,2330
54576000,2335
54578000,2382
54580000,2387
54582000,2393
54584000,2405
54586000,2419
54588000,2431
54590000,2442
54592000,2448
54594000,2475
54596000,2544
54598000,2549
54600000,2559
54602000,2551
54604000,2559
54606000,2545
54608000,2595
54610000,2594
54612000,2594
54614000,2600
54616000,2605
54618000,2628
54620000,2615
54622000,2631
54624000,2614
54626000,2608
54628000,2611
54630000,2614
54632000,2645
54634000,2670
54636000,2685
54638000,2697
54640000,2689
54642000,2693
54644000,2704
54646000,2727
54648000,2742
54650000,2767
54652000,2787
54654000,2803
54656000,2832
54658000,2835
54660000,2843
54662000,2867
54664000,2879
54666000,2880
54668000,2879
54670000,2877
54672000,2889
54674000,2887
54676000,2898
54678000,2906
54680000,2897
54682000,2903
54684000,2919
54686000,2928
54688000,2929
54690000,2949
54692000,2944
54694000,2939
54696000,2930
54698000,2959
54700000,2973
54702000,2989
54704000,2980
54706000,2981
54708000,2998
54710000,2985
54712000,2976
54714000,2967
54716000,2992
54718000,3039
54720000,3097
54722000,3119
54724000,3149
54726000,3152
54728000,3162
54730000,3152
54732000,3165
54734000,3162
54736000,3178
54738000,3171
54740000,3167
54742000,3173
54744000,3165
54746000,3180
54748000,3174
54750000,3179
54752000,3178
54754000,3172
54756000,3169
54758000,3184
54760000,3181
54762000,3179
54764000,3178
54766000,3177
54768000,3177
54770000,3184
54772000,3185
54774000,3200
54776000,3200
54778000,3229
54780000,3234
54782000,3269
54784000,3253
54786000,3257
54788000,3261
54790000,3270
54792000,3261
54794000,3381
54796000,3293
54798000,3301
54800000,3308
54802000,3314
54804000,3315
54806000,3339
54808000,3335
54810000,3344
54812000,3353
54814000,3365
54816000,3369
54818000,3370
54820000,3361
54822000,3385
54824000,3360
54826000,3366
54828000,3374
54830000,3362
54832000,3367
54834000,3370
54836000,3382
54838000,3377
54840000,3386
54842000,3378
54844000,3367
54846000,3384
54848000,3380
54850000,3379
54852000,3378
54854000,3379
54856000,3373
54858000,3377
54860000,3367
54862000,3370
54864000,3377
54866000,3377
54868000,3383
54870000,3382
54872000,3379
54874000,3392
54876000,3392
54878000,3393
54880000,3397
54882000,3410
54884000,3485
54886000,3403
54888000,3408
54890000,3413
54892000,3419
54894000,3413
54896000,3418
54898000,3419
54900000,3424
54902000,3423
54904000,3422
54906000,3417
54908000,3418
54910000,3401
54912000,3408
54914000,3409
54916000,3394
54918000,3397
54920000,3392
54922000,3397
54924000,3405
54926000,3404
54928000,3398
54930000,3392
54932000,3407
54934000,3411
54936000,3399
54938000,3404
54940000,3399
54942000,3403
54944000,3406
54946000,3410
54948000,3391
54950000,3414
54952000,3415
54954000,3407
54956000,3403
54958000,3422
54960000,3378
54962000,3397
54964000,3395
54966000,3392
54968000,3391
54970000,3381
54972000,3377
54974000,3376
54976000,3375
54978000,3369
54980000,3344
54982000,3357
54984000,3343
54986000,3344
54988000,3335
54990000,3335
54992000,3312
54994000,3328
54996000,3333
54998000,3345
55000000,3337
55002000,3342
55004000,3342
55006000,3344
55008000,3337
55010000,3344
55012000,3344
55014000,3331
55016000,3344
55018000,3335
55020000,3342
55022000,3334
55024000,3337
55026000,3322
55028000,3323
55030000,3325
55032000,3324
55034000,3333
55036000,3315
55038000,3328
55040000,3328
55042000,3314
55044000,3301
55046000,3312
55048000,3313
55050000,3301
55052000,3299
55054000,3327
55056000,3301
55058000,3283
55060000,3280
55062000,3265
55064000,3282
55066000,3273
55068000,3238
55070000,3229
55072000,3216
55074000,3219
55076000,3187
55078000,3144
55080000,3140
55082000,3138
55084000,3139
55086000,3136
55088000,3127
55090000,3124
55092000,3118
55094000,3121
55096000,3121
55098000,3123
55100000,3110
55102000,3095
55104000,3063
55106000,3086
55108000,3071
55110000,3057
55112000,2971
55114000,2987
55116000,2985
55118000,2972
55120000,2974
55122000,2966
55124000,2970
55126000,2979
55128000,2966
55130000,2976
55132000,2975
55134000,2975
55136000,2969
55138000,2976
55140000,2974
55142000,2974
55144000,2964
55146000,2960
55148000,2967
55150000,2976
55152000,2970
55154000,2969
55156000,2966
55158000,2958
55160000,2960
55162000,2957
55164000,2950
55166000,2950
55168000,2960
55170000,2945
55172000,2958
55174000,2934
55176000,2932
55178000,2911
55180000,2902
55182000,2910
55184000,2905
55186000,2885
55188000,2815
55190000,2787
55192000,2751
55194000,2727
55196000,2714
55198000,2709
55200000,2726
55202000,2714
55204000,2703
55206000,2685
55208000,2685
55210000,2645
55212000,2633
55214000,2639
55216000,2615
55218000,2608
55220000,2595
55222000,2532
55224000,2533
55226000,2516
55228000,2495
55230000,2496
55232000,2473
55234000,2384
55236000,2101
55238000,1981
55240000,1955
55242000,1978
55244000,1961
55246000,1957
55248000,1955
55250000,1941
55252000,1929
55254000,1931
55256000,1934
55258000,1913
55260000,1903
55262000,1895
55264000,1847
55266000,1851
55268000,1842
55270000,1855
55272000,1863
55274000,1839
55276000,1845
55278000,1829
55280000,1822
55282000,1807
55284000,1833
55286000,1776
55288000,1781
55290000,1773
55292000,1776
55294000,1731
55296000,1710
55298000,1723
55300000,1711
55302000,1670
55304000,1663
55306000,1645
55308000,1616
55310000,1618
55312000,1559
55314000,1446
55316000,1269
55318000,801
55320000,224
55322000,0
55324000,0
55326000,0
55328000,0
55330000,0
55332000,0
55334000,0
55336000,0
55338000,0
55340000,0
55342000,0
55344000,0
55346000,0
55348000,0
55350000,0
55352000,0
55354000,0
55356000,0
55358000,0
55360000,0
55362000,0
55364000,0
55366000,0
55368000,0
55370000,0
55372000,0
55374000,0
55376000,0
55378000,0
55380000,0
55382000,0
55384000,0
55386000,0
55388000,0
55390000,0
55392000,0
55394000,0
55396000,0
55398000,0
55400000,0
55402000,0
55404000,0
55406000,0
55408000,0
55410000,0
55412000,0
55414000,0
55416000,0
55418000,0
55420000,0
55422000,0
55424000,0
55426000,0
55428000,0
55430000,0
55432000,0
55434000,0
55436000,0
55438000,0
55440000,0
55442000,0
55444000,0
55446000,0
55448000,0
55450000,0
55452000,0
55454000,0
55456000,0
55458000,0
55460000,0
55462000,0
55464000,0
55466000,0
55468000,0
55470000,0
55472000,0
55474000,0
55476000,0
55478000,0
55480000,0
55482000,0
55484000,0
55486000,0
55488000,0
55490000,0
55492000,0
55494000,0
55496000,0
55498000,0
55500000,0
55502000,0
55504000,0
55506000,0
55508000,0
55510000,0
55512000,0
55514000,0
55516000,0
55518000,0
55520000,0
55522000,0
55524000,0
55526000,0
55528000,0
55530000,0
55532000,0
55534000,0
55536000,0
55538000,0
55540000,0
55542000,0
55544000,0
55546000,0
55548000,0
55550000,0
55552000,0
55554000,0
55556000,0
55558000,0
55560000,0
55562000,0
55564000,0
55566000,0
55568000,0
55570000,0
55572000,0
55574000,0
55576000,0
55578000,0
55580000,0
55582000,0
55584000,0
55586000,0
55588000,0
55590000,0
55592000,0
55594000,0
55596000,0
55598000,0
55600000,0
55602000,0
55604000,0
55606000,0
55608000,0
55610000,0
55612000,0
55614000,0
55616000,0
55618000,0
55620000,0
55622000,0
55624000,0
55626000,0
55628000,0
55630000,0
55632000,0
55634000,0
55636000,0
55638000,0
55640000,0
55642000,0
55644000,0
55646000,0
55648000,0
55650000,0
55652000,0
55654000,0
55656000,0
55658000,0
55660000,0
55662000,0
55664000,0
55666000,0
55668000,0
55670000,0
55672000,0
55674000,0
55676000,0
55678000,0
55680000,0
55682000,0
55684000,0
55686000,0
55688000,0
55690000,0
55692000,339
55694000,303
55696000,291
55698000,330
55700000,335
55702000,393
55704000,334
55706000,458
55708000,695
55710000,741
55712000,710
55714000,833
55716000,893
55718000,907
55720000,907
55722000,931
55724000,881
55726000,862
55728000,991
55730000,1072
55732000,911
55734000,973
55736000,999
55738000,1325
55740000,1328
55742000,1483
55744000,1562
55746000,1597
55748000,1753
55750000,1824
55752000,2172
55754000,2257
55756000,2310
55758000,2326
55760000,2357
55762000,2390
55764000,2416
55766000,2439
55768000,2422
55770000,2439
55772000,2470
55774000,2482
55776000,2480
55778000,2493
55780000,2474
55782000,2502
55784000,2501
55786000,2531
55788000,2512
55790000,2518
55792000,2497
55794000,2523
55796000,2518
55798000,2544
55800000,2546
55802000,2555
55804000,2559
55806000,2583
55808000,2582
55810000,2609
55812000,2619
55814000,2623
55816000,2625
55818000,2631
55820000,2653
55822000,2657
55824000,2670
55826000,2684
55828000,2689
55830000,2704
55832000,2701
55834000,2705
55836000,2701
55838000,2724
55840000,2726
55842000,2735
55844000,2731
55846000,2739
55848000,2743
55850000,2753
55852000,2738
55854000,2741
55856000,2755
55858000,2750
55860000,2762
55862000,2774
55864000,2781
55866000,2795
55868000,2800
55870000,2805
55872000,2803
55874000,2798
55876000,2847
55878000,2860
55880000,2881
55882000,2893
55884000,2889
55886000,2911
55888000,2927
55890000,2926
55892000,2919
55894000,2928
55896000,2929
55898000,2960
55900000,2964
55902000,2975
55904000,2986
55906000,2985
55908000,2992
55910000,2982
55912000,2993
55914000,2994
55916000,2996
55918000,2992
55920000,3006
55922000,2993
55924000,3006
55926000,2998
55928000,3008
55930000,3011
55932000,3005
55934000,3001
55936000,3008
55938000,2989
55940000,2992
55942000,2960
55944000,2997
55946000,3008
55948000,2998
55950000,3005
55952000,2998
55954000,2998
55956000,2999
55958000,2992
55960000,3008
55962000,3004
55964000,3003
55966000,3009
55968000,3015
55970000,3030
55972000,3006
55974000,3005
55976000,3006
55978000,3002
55980000,3008
55982000,3006
55984000,2998
55986000,3004
55988000,3006
55990000,3005
55992000,2997
55994000,3039
55996000,3059
55998000,3065
56000000,3071
56002000,3088
56004000,3095
56006000,3103
56008000,3107
56010000,3089
56012000,3143
56014000,3152
56016000,3204
56018000,3173
56020000,3190
56022000,3184
56024000,3184
56026000,3189
56028000,3187
56030000,3199
56032000,3191
56034000,3194
56036000,3187
56038000,3195
56040000,3183
56042000,3189
56044000,3186
56046000,3187
56048000,3189
56050000,3214
56052000,3184
56054000,3187
56056000,3189
56058000,3193
56060000,3186
56062000,3189
56064000,3184
56066000,3194
56068000,3228
56070000,3217
56072000,3222
56074000,3264
56076000,3280
56078000,3296
56080000,3311
56082000,3306
56084000,3294
56086000,3323
56088000,3325
56090000,3321
56092000,3327
56094000,3327
56096000,3331
56098000,3328
56100000,3331
56102000,3333
56104000,3335
56106000,3339
56108000,3335
56110000,3341
56112000,3347
56114000,3349
56116000,3341
56118000,3343
56120000,3344
56122000,3346
56124000,3346
56126000,3367
56128000,3376
56130000,3367
56132000,3371
56134000,3376
56136000,3373
56138000,3373
56140000,3378
56142000,3375
56144000,3379
56146000,3373
56148000,3375
56150000,3379
56152000,3376
56154000,3376
56156000,3374
56158000,3369
56160000,3378
56162000,3378
56164000,3378
56166000,3382
56168000,3394
56170000,3387
56172000,3415
56174000,3391
56176000,3377
56178000,3377
56180000,3367
56182000,3362
56184000,3365
56186000,3371
56188000,3376
56190000,3375
56192000,3376
56194000,3408
56196000,3342
56198000,3377
56200000,3382
56202000,3370
56204000,3377
56206000,3382
56208000,3381
56210000,3371
56212000,3392
56214000,3387
56216000,3379
56218000,3379
56220000,3379
56222000,3385
56224000,3388
56226000,3363
56228000,3376
56230000,3415
56232000,3383
56234000,3382
56236000,3391
56238000,3402
56240000,3394
56242000,3391
56244000,3401
56246000,3382
56248000,3395
56250000,3383
56252000,3423
56254000,3392
56256000,3392
56258000,3400
56260000,3407
56262000,3411
56264000,3410
56266000,3425
56268000,3414
56270000,3409
56272000,3414
56274000,3429
56276000,3434
56278000,3429
56280000,3427
56282000,3440
56284000,3466
56286000,3466
56288000,3435
56290000,3470
56292000,3451
56294000,3472
56296000,3463
56298000,3478
56300000,3481
56302000,3479
56304000,3475
56306000,3491
56308000,3500
56310000,3497
56312000,3517
56314000,3523
56316000,3527
56318000,3509
56320000,3521
56322000,3534
56324000,3536
56326000,3539
56328000,3536
56330000,3539
56332000,3533
56334000,3541
56336000,3554
56338000,3564
56340000,3554
56342000,3555
56344000,3562
56346000,3557
56348000,3561
56350000,3554
56352000,3569
56354000,3567
56356000,3550
56358000,3574
56360000,3571
56362000,3565
56364000,3571
56366000,3579
56368000,3583
56370000,3577
56372000,3601
56374000,3579
56376000,3604
56378000,3610
56380000,3639
56382000,3669
56384000,3661
56386000,3666
56388000,3673
56390000,3686
56392000,3691
56394000,3699
56396000,3696
56398000,3717
56400000,3705
56402000,3715
56404000,3715
56406000,3714
56408000,3726
56410000,3729
56412000,3726
56414000,3727
56416000,3731
56418000,3731
56420000,3727
56422000,3728
56424000,3728
56426000,3729
56428000,3728
56430000,3721
56432000,3728
56434000,3720
56436000,3712
56438000,3719
56440000,3775
56442000,3718
56444000,3712
56446000,3729
56448000,3716
56450000,3727
56452000,3728
56454000,3728
56456000,3750
56458000,3729
56460000,3728
56462000,3725
56464000,3728
56466000,3728
56468000,3722
56470000,3726
56472000,3728
56474000,3734
56476000,3712
56478000,3710
56480000,3728
56482000,3738
56484000,3731
56486000,3728
56488000,3732
56490000,3731
56492000,3730
56494000,3707
56496000,3729
56498000,3732
56500000,3730
56502000,3730
56504000,3731
56506000,3735
56508000,3733
56510000,3729
56512000,3719
56514000,3728
56516000,3709
56518000,3719
56520000,3709
56522000,3703
56524000,3702
56526000,3693
56528000,3690
56530000,3681
56532000,3665
56534000,3665
56536000,3674
56538000,3697
56540000,3651
56542000,3653
56544000,3647
56546000,3637
56548000,3646
56550000,3643
56552000,3631
56554000,3627
56556000,3627
56558000,3630
56560000,3622
56562000,3619
56564000,3626
56566000,3618
56568000,3614
56570000,3605
56572000,3597
56574000,3583
56576000,3600
56578000,3581
56580000,3568
56582000,3582
56584000,3583
56586000,3580
56588000,3579
56590000,3583
56592000,3570
56594000,3573
56596000,3578
56598000,3568
56600000,3568
56602000,3563
56604000,3568
56606000,3559
56608000,3579
56610000,3562
56612000,3567
56614000,3559
56616000,3568
56618000,3566
56620000,3568
56622000,3568
56624000,3561
56626000,3562
56628000,3559
56630000,3565
56632000,3563
56634000,3569
56636000,3568
56638000,3573
56640000,3573
56642000,3568
56644000,3571
56646000,3569
56648000,3569
56650000,3567
56652000,3560
56654000,3558
56656000,3553
56658000,3558
56660000,3568
56662000,3568
56664000,3562
56666000,3554
56668000,3561
56670000,3553
56672000,3557
56674000,3562
56676000,3553
56678000,3551
56680000,3536
56682000,3537
56684000,3533
56686000,3525
56688000,3522
56690000,3515
56692000,3507
56694000,3505
56696000,3503
56698000,3509
56700000,3520
56702000,3510
56704000,3501
56706000,3490
56708000,3509
56710000,3504
56712000,3504
56714000,3504
56716000,3517
56718000,3504
56720000,3499
56722000,3517
56724000,3514
56726000,3510
56728000,3489
56730000,3505
56732000,3511
56734000,3513
56736000,3492
56738000,3489
56740000,3486
56742000,3485
56744000,3499
56746000,3493
56748000,3489
56750000,3492
56752000,3478
56754000,3481
56756000,3479
56758000,3494
56760000,3500
56762000,3492
56764000,3525
56766000,3505
56768000,3509
56770000,3498
56772000,3502
56774000,3504
56776000,3507
56778000,3530
56780000,3503
56782000,3505
56784000,3504
56786000,3517
56788000,3509
56790000,3520
56792000,3520
56794000,3520
56796000,3511
56798000,3510
56800000,3523
56802000,3504
56804000,3507
56806000,3509
56808000,3504
56810000,3501
56812000,3490
56814000,3499
56816000,3453
56818000,3494
56820000,3497
56822000,3536
56824000,3505
56826000,3516
56828000,3508
56830000,3502
56832000,3506
56834000,3505
56836000,3504
56838000,3497
56840000,3503
56842000,3493
56844000,3472
56846000,3506
56848000,3504
56850000,3501
56852000,3503
56854000,3505
56856000,3504
56858000,3501
56860000,3504
56862000,3501
56864000,3511
56866000,3503
56868000,3489
56870000,3497
56872000,3511
56874000,3481
56876000,3484
56878000,3483
56880000,3485
56882000,3484
56884000,3507
56886000,3485
56888000,3489
56890000,3511
56892000,3489
56894000,3495
56896000,3487
56898000,3485
56900000,3481
56902000,3495
56904000,3478
56906000,3486
56908000,3485
56910000,3490
56912000,3459
56914000,3487
56916000,3494
56918000,3492
56920000,3487
56922000,3493
56924000,3493
56926000,3487
56928000,3482
56930000,3475
56932000,3485
56934000,3479
56936000,3485
56938000,3505
56940000,3491
56942000,3478
56944000,3491
56946000,3436
56948000,3484
56950000,3475
56952000,3472
56954000,3507
56956000,3472
56958000,3459
56960000,3463
56962000,3466
56964000,3458
56966000,3467
56968000,3471
56970000,3461
56972000,3461
56974000,3455
56976000,3465
56978000,3469
56980000,3454
56982000,3477
56984000,3495
56986000,3472
56988000,3493
56990000,3471
56992000,3472
56994000,3469
56996000,3473
56998000,3460
57000000,3467
57002000,3413
57004000,3483
57006000,3473
57008000,3474
57010000,3483
57012000,3484
57014000,3484
57016000,3479
57018000,3495
57020000,3486
57022000,3483
57024000,3487
57026000,3494
57028000,3489
57030000,3484
57032000,3474
57034000,3493
57036000,3497
57038000,3486
57040000,3478
57042000,3479
57044000,3495
57046000,3485
57048000,3489
57050000,3499
57052000,3495
57054000,3494
57056000,3491
57058000,3504
57060000,3487
57062000,3504
57064000,3517
57066000,3494
57068000,3485
57070000,3494
57072000,3487
57074000,3495
57076000,3497
57078000,3488
57080000,3497
57082000,3499
57084000,3499
57086000,3504
57088000,3505
57090000,3507
57092000,3495
57094000,3504
57096000,3501
57098000,3500
57100000,3503
57102000,3495
57104000,3478
57106000,3494
57108000,3510
57110000,3475
57112000,3502
57114000,3489
57116000,3500
57118000,3500
57120000,3489
57122000,3504
57124000,3495
57126000,3511
57128000,3502
57130000,3504
57132000,3499
57134000,3506
57136000,3504
57138000,3509
57140000,3504
57142000,3505
57144000,3509
57146000,3494
57148000,3511
57150000,3490
57152000,3504
57154000,3501
57156000,3501
57158000,3503
57160000,3526
57162000,3506
57164000,3605
57166000,3535
57168000,3494
57170000,3483
57172000,3478
57174000,3473
57176000,3491
57178000,3487
57180000,3485
57182000,3491
57184000,3472
57186000,3491
57188000,3476
57190000,3481
57192000,3483
57194000,3479
57196000,3499
57198000,3504
57200000,3507
57202000,3563
57204000,3488
57206000,3500
57208000,3504
57210000,3503
57212000,3503
57214000,3501
57216000,3508
57218000,3511
57220000,3513
57222000,3568
57224000,3510
57226000,3504
57228000,3502
57230000,3511
57232000,3504
57234000,3513
57236000,3512
57238000,3506
57240000,3521
57242000,3522
57244000,3522
57246000,3523
57248000,3527
57250000,3543
57252000,3516
57254000,3518
57256000,3521
57258000,3525
57260000,3520
57262000,3518
57264000,3514
57266000,3529
57268000,3519
57270000,3523
57272000,3527
57274000,3508
57276000,3521
57278000,3525
57280000,3531
57282000,3525
57284000,3530
57286000,3504
57288000,3522
57290000,3532
57292000,3530
57294000,3531
57296000,3536
57298000,3536
57300000,3533
57302000,3536
57304000,3536
57306000,3534
57308000,3537
57310000,3539
57312000,3533
57314000,3538
57316000,3536
57318000,3529
57320000,3539
57322000,3542
57324000,3534
57326000,3538
57328000,3536
57330000,3542
57332000,3554
57334000,3554
57336000,3568
57338000,3547
57340000,3561
57342000,3567
57344000,3559
57346000,3555
57348000,3568
57350000,3568
57352000,3566
57354000,3568
57356000,3565
57358000,3568
57360000,3568
57362000,3559
57364000,3570
57366000,3568
57368000,3570
57370000,3575
57372000,3580
57374000,3605
57376000,3576
57378000,3582
57380000,3573
57382000,3583
57384000,3579
57386000,3583
57388000,3581
57390000,3575
57392000,3583
57394000,3583
57396000,3582
57398000,3583
57400000,3578
57402000,3583
57404000,3600
57406000,3583
57408000,3597
57410000,3577
57412000,3598
57414000,3603
57416000,3601
57418000,3597
57420000,3600
57422000,3600
57424000,3600
57426000,3597
57428000,3596
57430000,3602
57432000,3583
57434000,3599
57436000,3600
57438000,3609
57440000,3605
57442000,3601
57444000,3601
57446000,3600
57448000,3583
57450000,3603
57452000,3606
57454000,3609
57456000,3605
57458000,3605
57460000,3607
57462000,3583
57464000,3613
57466000,3610
57468000,3621
57470000,3582
57472000,3610
57474000,3601
57476000,3602
57478000,3642
57480000,3602
57482000,3614
57484000,3613
57486000,3616
57488000,3610
57490000,3613
57492000,3607
57494000,3612
57496000,3611
57498000,3613
57500000,3613
57502000,3612
57504000,3613
57506000,3625
57508000,3612
57510000,3610
57512000,3615
57514000,3616
57516000,3602
57518000,3627
57520000,3621
57522000,3618
57524000,3617
57526000,3627
57528000,3625
57530000,3626
57532000,3627
57534000,3629
57536000,3583
57538000,3623
57540000,3631
57542000,3641
57544000,3631
57546000,3632
57548000,3632
57550000,3638
57552000,3639
57554000,3637
57556000,3638
57558000,3650
57560000,3663
57562000,3647
57564000,3660
57566000,3647
57568000,3647
57570000,3648
57572000,3655
57574000,3648
57576000,3649
57578000,3647
57580000,3645
57582000,3651
57584000,3657
57586000,3653
57588000,3655
57590000,3657
57592000,3663
57594000,3663
57596000,3649
57598000,3666
57600000,3666
57602000,3669
57604000,3695
57606000,3658
57608000,3648
57610000,3675
57612000,3735
57614000,3690
57616000,3699
57618000,3695
57620000,3704
57622000,3706
57624000,3699
57626000,3707
57628000,3710
57630000,3711
57632000,3711
57634000,3717
57636000,3721
57638000,3709
57640000,3700
57642000,3719
57644000,3727
57646000,3716
57648000,3713
57650000,3726
57652000,3725
57654000,3751
57656000,3690
57658000,3728
57660000,3729
57662000,3716
57664000,3709
57666000,3728
57668000,3727
57670000,3725
57672000,3730
57674000,3728
57676000,3719
57678000,3727
57680000,3747
57682000,3728
57684000,3735
57686000,3725
57688000,3731
57690000,3725
57692000,3730
57694000,3727
57696000,3722
57698000,3729
57700000,3725
57702000,3735
57704000,3731
57706000,3727
57708000,3733
57710000,3728
57712000,3728
57714000,3739
57716000,3738
57718000,3734
57720000,3750
57722000,3731
57724000,3728
57726000,3735
57728000,3735
57730000,3734
57732000,3738
57734000,3767
57736000,3737
57738000,3738
57740000,3742
57742000,3741
57744000,3746
57746000,3747
57748000,3742
57750000,3734
57752000,3735
57754000,3741
57756000,3735
57758000,3728
57760000,3734
57762000,3735
57764000,3728
57766000,3749
57768000,3722
57770000,3728
57772000,3727
57774000,3727
57776000,3723
57778000,3728
57780000,3728
57782000,3728
57784000,3733
57786000,3740
57788000,3727
57790000,3735
57792000,3734
57794000,3729
57796000,3739
57798000,3763
57800000,3760
57802000,3738
57804000,3741
57806000,3728
57808000,3734
57810000,3733
57812000,3731
57814000,3748
57816000,3753
57818000,3729
57820000,3744
57822000,3744
57824000,3729
57826000,3743
57828000,3733
57830000,3744
57832000,3735
57834000,3729
57836000,3744
57838000,3733
57840000,3723
57842000,3731
57844000,3729
57846000,3719
57848000,3698
57850000,3694
57852000,3706
57854000,3682
57856000,3682
57858000,3673
57860000,3681
57862000,3667
57864000,3670
57866000,3659
57868000,3651
57870000,3646
57872000,3637
57874000,3634
57876000,3633
57878000,3636
57880000,3633
57882000,3630
57884000,3624
57886000,3627
57888000,3632
57890000,3634
57892000,3611
57894000,3629
57896000,3625
57898000,3630
57900000,3626
57902000,3629
57904000,3602
57906000,3617
57908000,3615
57910000,3621
57912000,3613
57914000,3648
57916000,3610
57918000,3604
57920000,3611
57922000,3610
57924000,3601
57926000,3577
57928000,3599
57930000,3583
57932000,3599
57934000,3598
57936000,3583
57938000,3600
57940000,3599
57942000,3583
57944000,3600
57946000,3598
57948000,3595
57950000,3582
57952000,3599
57954000,3600
57956000,3597
57958000,3600
57960000,3601
57962000,3600
57964000,3603
57966000,3607
57968000,3600
57970000,3600
57972000,3611
57974000,3600
57976000,3611
57978000,3622
57980000,3607
57982000,3606
57984000,3611
57986000,3607
57988000,3611
57990000,3602
57992000,3607
57994000,3610
57996000,3601
57998000,3607
58000000,3622
58002000,3602
58004000,3599
58006000,3600
58008000,3616
58010000,3605
58012000,3600
58014000,3604
58016000,3615
58018000,3606
58020000,3613
58022000,3607
58024000,3607
58026000,3614
58028000,3607
58030000,3617
58032000,3613
58034000,3597
58036000,3617
58038000,3623
58040000,3616
58042000,3606
58044000,3599
58046000,3602
58048000,3616
58050000,3583
58052000,3606
58054000,3612
58056000,3612
58058000,3610
58060000,3613
58062000,3665
58064000,3603
58066000,3612
58068000,3621
58070000,3609
58072000,3614
58074000,3626
58076000,3615
58078000,3614
58080000,3616
58082000,3616
58084000,3618
58086000,3613
58088000,3607
58090000,3618
58092000,3617
58094000,3625
58096000,3619
58098000,3623
58100000,3621
58102000,3619
58104000,3619
58106000,3630
58108000,3617
58110000,3627
58112000,3615
58114000,3621
58116000,3618
58118000,3601
58120000,3618
58122000,3600
58124000,3619
58126000,3606
58128000,3616
58130000,3616
58132000,3611
58134000,3602
58136000,3652
58138000,3627
58140000,3628
58142000,3575
58144000,3624
58146000,3622
58148000,3632
58150000,3619
58152000,3629
58154000,3629
58156000,3623
58158000,3622
58160000,3615
58162000,3632
58164000,3618
58166000,3616
58168000,3619
58170000,3626
58172000,3631
58174000,3621
58176000,3631
58178000,3628
58180000,3626
58182000,3620
58184000,3625
58186000,3623
58188000,3628
58190000,3625
58192000,3632
58194000,3611
58196000,3615
58198000,3621
58200000,3616
58202000,3583
58204000,3617
58206000,3616
58208000,3610
58210000,3622
58212000,3611
58214000,3625
58216000,3607
58218000,3608
58220000,3582
58222000,3597
58224000,3601
58226000,3607
58228000,3609
58230000,3617
58232000,3607
58234000,3615
58236000,3614
58238000,3603
58240000,3616
58242000,3601
58244000,3612
58246000,3628
58248000,3605
58250000,3603
58252000,3603
58254000,3607
58256000,3606
58258000,3618
58260000,3615
58262000,3609
58264000,3611
58266000,3600
58268000,3606
58270000,3611
58272000,3606
58274000,3609
58276000,3610
58278000,3610
58280000,3618
58282000,3621
58284000,3612
58286000,3600
58288000,3617
58290000,3614
58292000,3615
58294000,3612
58296000,3617
58298000,3610
58300000,3603
58302000,3603
58304000,3602
58306000,3629
58308000,3610
58310000,3605
58312000,3607
58314000,3607
58316000,3603
58318000,3617
58320000,3607
58322000,3616
58324000,3613
58326000,3610
58328000,3600
58330000,3605
58332000,3615
58334000,3613
58336000,3621
58338000,3617
58340000,3610
58342000,3607
58344000,3597
58346000,3619
58348000,3615
58350000,3618
58352000,3629
58354000,3617
58356000,3632
58358000,3610
58360000,3614
58362000,3626
58364000,3621
58366000,3616
58368000,3617
58370000,3643
58372000,3618
58374000,3631
58376000,3615
58378000,3626
58380000,3622
58382000,3626
58384000,3633
58386000,3621
58388000,3621
58390000,3619
58392000,3627
58394000,3631
58396000,3631
58398000,3618
58400000,3632
58402000,3627
58404000,3619
58406000,3618
58408000,3632
58410000,3629
58412000,3627
58414000,3629
58416000,3621
58418000,3631
58420000,3627
58422000,3626
58424000,3632
58426000,3632
58428000,3629
58430000,3629
58432000,3630
58434000,3631
58436000,3618
58438000,3632
58440000,3623
58442000,3626
58444000,3631
58446000,3632
58448000,3629
58450000,3630
58452000,3621
58454000,3634
58456000,3632
58458000,3641
58460000,3626
58462000,3627
58464000,3627
58466000,3623
58468000,3632
58470000,3626
58472000,3632
58474000,3632
58476000,3633
58478000,3627
58480000,3638
58482000,3625
58484000,3633
58486000,3638
58488000,3632
58490000,3632
58492000,3639
58494000,3639
58496000,3690
58498000,3641
58500000,3639
58502000,3641
58504000,3632
58506000,3616
58508000,3633
58510000,3603
58512000,3635
58514000,3642
58516000,3645
58518000,3643
58520000,3632
58522000,3641
58524000,3637
58526000,3631
58528000,3634
58530000,3637
58532000,3637
58534000,3636
58536000,3631
58538000,3631
58540000,3628
58542000,3622
58544000,3622
58546000,3644
58548000,3618
58550000,3632
58552000,3632
58554000,3632
58556000,3629
58558000,3632
58560000,3611
58562000,3623
58564000,3617
58566000,3623
58568000,3626
58570000,3626
58572000,3618
58574000,3632
58576000,3617
58578000,3615
58580000,3628
58582000,3625
58584000,3617
58586000,3618
58588000,3613
58590000,3623
58592000,3619
58594000,3619
58596000,3632
58598000,3628
58600000,3621
58602000,3621
58604000,3617
58606000,3583
58608000,3626
58610000,3626
58612000,3629
58614000,3623
58616000,3621
58618000,3623
58620000,3613
58622000,3615
58624000,3607
58626000,3622
58628000,3623
58630000,3611
58632000,3616
58634000,3606
58636000,3606
58638000,3611
58640000,3611
58642000,3606
58644000,3605
58646000,3605
58648000,3606
58650000,3603
58652000,3583
58654000,3597
58656000,3583
58658000,3583
58660000,3600
58662000,3599
58664000,3600
58666000,3598
58668000,3583
58670000,3620
58672000,3583
58674000,3567
58676000,3582
58678000,3581
58680000,3580
58682000,3575
58684000,3583
58686000,3568
58688000,3568
58690000,3569
58692000,3572
58694000,3568
58696000,3568
58698000,3547
58700000,3561
58702000,3568
58704000,3569
58706000,3571
58708000,3570
58710000,3579
58712000,3571
58714000,3578
58716000,3568
58718000,3523
58720000,3574
58722000,3572
58724000,3579
58726000,3597
58728000,3582
58730000,3583
58732000,3582
58734000,3601
58736000,3583
58738000,3579
58740000,3600
58742000,3599
58744000,3583
58746000,3583
58748000,3583
58750000,3600
58752000,3600
58754000,3609
58756000,3613
58758000,3595
58760000,3571
58762000,3599
58764000,3596
58766000,3583
58768000,3601
58770000,3601
58772000,3583
58774000,3600
58776000,3583
58778000,3685
58780000,3583
58782000,3598
58784000,3599
58786000,3579
58788000,3573
58790000,3577
58792000,3581
58794000,3583
58796000,3575
58798000,3597
58800000,3574
58802000,3570
58804000,3565
58806000,3555
58808000,3555
58810000,3568
58812000,3536
58814000,3531
58816000,3536
58818000,3504
58820000,3494
58822000,3493
58824000,3501
58826000,3499
58828000,3499
58830000,3502
58832000,3503
58834000,3515
58836000,3549
58838000,3513
58840000,3515
58842000,3515
58844000,3513
58846000,3520
58848000,3507
58850000,3511
58852000,3504
58854000,3523
58856000,3491
58858000,3551
58860000,3523
58862000,3526
58864000,3520
58866000,3503
58868000,3534
58870000,3532
58872000,3527
58874000,3525
58876000,3533
58878000,3520
58880000,3523
58882000,3518
58884000,3533
58886000,3536
58888000,3543
58890000,3537
58892000,3527
58894000,3530
58896000,3533
58898000,3533
58900000,3534
58902000,3536
58904000,3527
58906000,3536
58908000,3521
58910000,3526
58912000,3534
58914000,3524
58916000,3536
58918000,3529
58920000,3525
58922000,3535
58924000,3523
58926000,3536
58928000,3531
58930000,3533
58932000,3538
58934000,3531
58936000,3536
58938000,3526
58940000,3520
58942000,3507
58944000,3522
58946000,3522
58948000,3511
58950000,3509
58952000,3514
58954000,3523
58956000,3503
58958000,3505
58960000,3499
58962000,3514
58964000,3504
58966000,3503
58968000,3506
58970000,3517
58972000,3502
58974000,3499
58976000,3504
58978000,3498
58980000,3503
58982000,3499
58984000,3493
58986000,3489
58988000,3505
58990000,3495
58992000,3495
58994000,3501
58996000,3497
58998000,3507
59000000,3497
59002000,3489
59004000,3501
59006000,3501
59008000,3509
59010000,3494
59012000,3493
59014000,3494
59016000,3495
59018000,3487
59020000,3485
59022000,3483
59024000,3479
59026000,3476
59028000,3474
59030000,3483
59032000,3481
59034000,3472
59036000,3487
59038000,3472
59040000,3471
59042000,3472
59044000,3486
59046000,3489
59048000,3472
59050000,3482
59052000,3450
59054000,3478
59056000,3462
59058000,3473
59060000,3474
59062000,3477
59064000,3472
59066000,3477
59068000,3450
59070000,3475
59072000,3472
59074000,3486
59076000,3487
59078000,3478
59080000,3479
59082000,3475
59084000,3472
59086000,3474
59088000,3478
59090000,3487
59092000,3483
59094000,3492
59096000,3483
59098000,3474
59100000,3484
59102000,3487
59104000,3491
59106000,3490
59108000,3483
59110000,3485
59112000,3486
59114000,3483
59116000,3482
59118000,3484
59120000,3488
59122000,3489
59124000,3488
59126000,3490
59128000,3509
59130000,3488
59132000,3503
59134000,3459
59136000,3492
59138000,3483
59140000,3485
59142000,3482
59144000,3487
59146000,3486
59148000,3494
59150000,3488
59152000,3499
59154000,3492
59156000,3478
59158000,3486
59160000,3535
59162000,3489
59164000,3488
59166000,3498
59168000,3504
59170000,3489
59172000,3475
59174000,3493
59176000,3491
59178000,3495
59180000,3501
59182000,3495
59184000,3490
59186000,3499
59188000,3503
59190000,3495
59192000,3506
59194000,3504
59196000,3507
59198000,3515
59200000,3513
59202000,3515
59204000,3532
59206000,3536
59208000,3541
59210000,3537
59212000,3519
59214000,3504
59216000,3497
59218000,3502
59220000,3505
59222000,3502
59224000,3500
59226000,3502
59228000,3498
59230000,3489
59232000,3494
59234000,3500
59236000,3494
59238000,3485
59240000,3471
59242000,3479
59244000,3475
59246000,3495
59248000,3472
59250000,3482
59252000,3483
59254000,3474
59256000,3474
59258000,3474
59260000,3474
59262000,3462
59264000,3474
59266000,3472
59268000,3477
59270000,3467
59272000,3472
59274000,3472
59276000,3483
59278000,3479
59280000,3471
59282000,3486
59284000,3483
59286000,3478
59288000,3473
59290000,3474
59292000,3453
59294000,3431
59296000,3482
59298000,3479
59300000,3475
59302000,3489
59304000,3475
59306000,3486
59308000,3479
59310000,3483
59312000,3482
59314000,3485
59316000,3485
59318000,3487
59320000,3485
59322000,3485
59324000,3495
59326000,3477
59328000,3499
59330000,3475
59332000,3506
59334000,3487
59336000,3491
59338000,3502
59340000,3505
59342000,3489
59344000,3497
59346000,3499
59348000,3502
59350000,3499
59352000,3500
59354000,3497
59356000,3495
59358000,3494
59360000,3494
59362000,3495
59364000,3493
59366000,3488
59368000,3486
59370000,3491
59372000,3489
59374000,3502
59376000,3475
59378000,3484
59380000,3472
59382000,3488
59384000,3485
59386000,3472
59388000,3486
59390000,3493
59392000,3502
59394000,3493
59396000,3500
59398000,3487
59400000,3497
59402000,3529
59404000,3499
59406000,3499
59408000,3502
59410000,3629
59412000,3495
59414000,3503
59416000,3506
59418000,3495
59420000,3504
59422000,3498
59424000,3504
59426000,3535
59428000,3514
59430000,3504
59432000,3504
59434000,3505
59436000,3498
59438000,3503
59440000,3497
59442000,3489
59444000,3494
59446000,3504
59448000,3487
59450000,3488
59452000,3486
59454000,3483
59456000,3479
59458000,3489
59460000,3477
59462000,3474
59464000,3472
59466000,3468
59468000,3465
59470000,3472
59472000,3474
59474000,3460
59476000,3459
59478000,3463
59480000,3484
59482000,3445
59484000,3463
59486000,3468
59488000,3457
59490000,3471
59492000,3461
59494000,3463
59496000,3465
59498000,3458
59500000,3407
59502000,3459
59504000,3458
59506000,3467
59508000,3472
59510000,3466
59512000,3455
59514000,3472
59516000,3459
59518000,3465
59520000,3471
59522000,3471
59524000,3467
59526000,3455
59528000,3459
59530000,3460
59532000,3472
59534000,3456
59536000,3463
59538000,3463
59540000,3463
59542000,3455
59544000,3455
59546000,3456
59548000,3459
59550000,3456
59552000,3461
59554000,3473
59556000,3470
59558000,3459
59560000,3452
59562000,3459
59564000,3463
59566000,3457
59568000,3457
59570000,3462
59572000,3455
59574000,3447
59576000,3443
59578000,3451
59580000,3451
59582000,3440
59584000,3464
59586000,3442
59588000,3465
59590000,3461
59592000,3456
59594000,3446
59596000,3451
59598000,3443
59600000,3443
59602000,3450
59604000,3452
59606000,3451
59608000,3462
59610000,3453
59612000,3459
59614000,3472
59616000,3457
59618000,3457
59620000,3451
59622000,3440
59624000,3455
59626000,3459
59628000,3462
59630000,3468
59632000,3459
59634000,3450
59636000,3459
59638000,3456
59640000,3464
59642000,3459
59644000,3456
59646000,3462
59648000,3460
59650000,3460
59652000,3451
59654000,3449
59656000,3461
59658000,3458
59660000,3466
59662000,3451
59664000,3457
59666000,3457
59668000,3469
59670000,3473
59672000,3472
59674000,3460
59676000,3443
59678000,3467
59680000,3472
59682000,3461
59684000,3473
59686000,3469
59688000,3468
59690000,3472
59692000,3463
59694000,3471
59696000,3460
59698000,3459
59700000,3476
59702000,3472
59704000,3466
59706000,3461
59708000,3478
59710000,3472
59712000,3472
59714000,3477
59716000,3471
59718000,3469
59720000,3465
59722000,3473
59724000,3472
59726000,3443
59728000,3456
59730000,3467
59732000,3466
59734000,3457
59736000,3456
59738000,3452
59740000,3458
59742000,3447
59744000,3458
59746000,3454
59748000,3443
59750000,3463
59752000,3459
59754000,3456
59756000,3473
59758000,3461
59760000,3457
59762000,3404
59764000,3465
59766000,3450
59768000,3460
59770000,3445
59772000,3466
59774000,3461
59776000,3459
59778000,3463
59780000,3440
59782000,3470
59784000,3472
59786000,3472
59788000,3506
59790000,3475
59792000,3469
59794000,3472
59796000,3472
59798000,3466
59800000,3457
59802000,3472
59804000,3461
59806000,3472
59808000,3479
59810000,3463
59812000,3472
59814000,3466
59816000,3461
59818000,3449
59820000,3472
59822000,3471
59824000,3476
59826000,3457
59828000,3463
59830000,3465
59832000,3484
59834000,3491
59836000,3463
59838000,3472
59840000,3478
59842000,3472
59844000,3447
59846000,3466
59848000,3472
59850000,3467
59852000,3463
59854000,3471
59856000,3474
59858000,3472
59860000,3459
59862000,3472
59864000,3485
59866000,3472
59868000,3483
59870000,3547
59872000,3475
59874000,3471
59876000,3473
59878000,3472
59880000,3452
59882000,3474
59884000,3472
59886000,3479
59888000,3478
59890000,3477
59892000,3472
59894000,3469
59896000,3473
59898000,3475
59900000,3471
59902000,3473
59904000,3472
59906000,3467
59908000,3474
59910000,3462
59912000,3476
59914000,3467
59916000,3479
59918000,3469
59920000,3471
59922000,3467
59924000,3501
59926000,3475
59928000,3487
59930000,3483
59932000,3473
59934000,3472
59936000,3474
59938000,3477
59940000,3486
59942000,3482
59944000,3473
59946000,3486
59948000,3477
59950000,3487
59952000,3486
59954000,3447
59956000,3495
59958000,3505
59960000,3486
59962000,3499
59964000,3495
59966000,3503
59968000,3516
59970000,3501
59972000,3503
59974000,3505
59976000,3505
59978000,3513
59980000,3519
59982000,3521
59984000,3536
59986000,3536
59988000,3543
59990000,3543
59992000,3554
59994000,3536
59996000,3555
59998000,3551
60000000,3604
60002000,3566
60004000,3559
60006000,3568
60008000,3566
60010000,3558
60012000,3566
60014000,3561
60016000,3557
60018000,3554
60020000,3546
60022000,3558
60024000,3554
60026000,3553
60028000,3553
60030000,3555
60032000,3543
60034000,3551
60036000,3551
60038000,3538
60040000,3543
60042000,3555
60044000,3549
60046000,3547
60048000,3553
60050000,3547
60052000,3547
60054000,3543
60056000,3547
60058000,3549
60060000,3555
60062000,3565
60064000,3561
60066000,3558
60068000,3562
60070000,3536
60072000,3552
60074000,3547
60076000,3559
60078000,3552
60080000,3547
60082000,3559
60084000,3550
60086000,3561
60088000,3570
60090000,3583
60092000,3577
60094000,3583
60096000,3583
60098000,3583
60100000,3598
60102000,3580
60104000,3601
60106000,3595
60108000,3602
60110000,3600
60112000,3597
60114000,3583
60116000,3583
60118000,3583
60120000,3609
60122000,3583
60124000,3599
60126000,3601
60128000,3612
60130000,3583
60132000,3600
60134000,3596
60136000,3600
60138000,3554
60140000,3618
60142000,3601
60144000,3595
60146000,3600
60148000,3606
60150000,3600
60152000,3595
60154000,3579
60156000,3595
60158000,3583
60160000,3565
60162000,3599
60164000,3581
60166000,3598
60168000,3583
60170000,3583
60172000,3599
60174000,3598
60176000,3582
60178000,3595
60180000,3602
60182000,3599
60184000,3601
60186000,3610
60188000,3596
60190000,3600
60192000,3600
60194000,3603
60196000,3583
60198000,3600
60200000,3583
60202000,3583
60204000,3583
60206000,3583
60208000,3599
60210000,3583
60212000,3574
60214000,3569
60216000,3557
60218000,3545
60220000,3550
60222000,3547
60224000,3535
60226000,3533
60228000,3517
60230000,3501
60232000,3505
60234000,3510
60236000,3506
60238000,3493
60240000,3517
60242000,3498
60244000,3502
60246000,3521
60248000,3513
60250000,3533
60252000,3540
60254000,3541
60256000,3539
60258000,3540
60260000,3535
60262000,3538
60264000,3538
60266000,3539
60268000,3554
60270000,3536
60272000,3549
60274000,3551
60276000,3520
60278000,3527
60280000,3527
60282000,3534
60284000,3521
60286000,3520
60288000,3600
60290000,3534
60292000,3520
60294000,3507
60296000,3507
60298000,3504
60300000,3503
60302000,3507
60304000,3527
60306000,3508
60308000,3503
60310000,3502
60312000,3505
60314000,3504
60316000,3514
60318000,3517
60320000,3520
60322000,3514
60324000,3527
60326000,3547
60328000,3535
60330000,3539
60332000,3538
60334000,3578
60336000,3552
60338000,3547
60340000,3556
60342000,3570
60344000,3564
60346000,3567
60348000,3575
60350000,3583
60352000,3575
60354000,3581
60356000,3579
60358000,3573
60360000,3583
60362000,3579
60364000,3579
60366000,3583
60368000,3582
60370000,3568
60372000,3573
60374000,3581
60376000,3555
60378000,3539
60380000,3540
60382000,3536
60384000,3521
60386000,3520
60388000,3527
60390000,3525
60392000,3519
60394000,3518
60396000,3536
60398000,3541
60400000,3553
60402000,3538
60404000,3539
60406000,3553
60408000,3555
60410000,3553
60412000,3554
60414000,3554
60416000,3547
60418000,3562
60420000,3555
60422000,3538
60424000,3543
60426000,3543
60428000,3546
60430000,3548
60432000,3546
60434000,3554
60436000,3543
60438000,3567
60440000,3550
60442000,3551
60444000,3555
60446000,3545
60448000,3549
60450000,3559
60452000,3550
60454000,3549
60456000,3539
60458000,3536
60460000,3507
60462000,3515
60464000,3507
60466000,3513
60468000,3531
60470000,3497
60472000,3505
60474000,3498
60476000,3511
60478000,3510
60480000,3501
60482000,3506
60484000,3504
60486000,3489
60488000,3503
60490000,3504
60492000,3504
60494000,3506
60496000,3521
60498000,3509
60500000,3516
60502000,3504
60504000,3506
60506000,3504
60508000,3503
60510000,3505
60512000,3502
60514000,3506
60516000,3536
60518000,3498
60520000,3502
60522000,3489
60524000,3501
60526000,3494
60528000,3494
60530000,3485
60532000,3472
60534000,3477
60536000,3481
60538000,3500
60540000,3471
60542000,3481
60544000,3472
60546000,3471
60548000,3459
60550000,3467
60552000,3470
60554000,3472
60556000,3454
60558000,3457
60560000,3472
60562000,3505
60564000,3465
60566000,3456
60568000,3442
60570000,3466
60572000,3463
60574000,3472
60576000,3463
60578000,3472
60580000,3469
60582000,3470
60584000,3462
60586000,3477
60588000,3467
60590000,3472
60592000,3472
60594000,3472
60596000,3473
60598000,3483
60600000,3479
60602000,3485
60604000,3478
60606000,3486
60608000,3488
60610000,3475
60612000,3482
60614000,3483
60616000,3484
60618000,3474
60620000,3469
60622000,3483
60624000,3483
60626000,3479
60628000,3479
60630000,3488
60632000,3472
60634000,3479
60636000,3481
60638000,3484
60640000,3488
60642000,3485
60644000,3489
60646000,3491
60648000,3489
60650000,3497
60652000,3500
60654000,3487
60656000,3486
60658000,3488
60660000,3490
60662000,3483
60664000,3483
60666000,3489
60668000,3487
60670000,3472
60672000,3481
60674000,3471
60676000,3475
60678000,3478
60680000,3473
60682000,3472
60684000,3475
60686000,3469
60688000,3472
60690000,3469
60692000,3470
60694000,3474
60696000,3477
60698000,3482
60700000,3479
60702000,3474
60704000,3479
60706000,3479
60708000,3488
60710000,3485
60712000,3499
60714000,3502
60716000,3495
60718000,3506
60720000,3465
60722000,3505
60724000,3499
60726000,3518
60728000,3506
60730000,3509
60732000,3503
60734000,3499
60736000,3451
60738000,3501
60740000,3495
60742000,3501
60744000,3506
60746000,3497
60748000,3494
60750000,3499
60752000,3497
60754000,3495
60756000,3499
60758000,3479
60760000,3481
60762000,3483
60764000,3478
60766000,3489
60768000,3489
60770000,3481
60772000,3483
60774000,3481
60776000,3488
60778000,3484
60780000,3486
60782000,3489
60784000,3490
60786000,3486
60788000,3477
60790000,3485
60792000,3477
60794000,3500
60796000,3486
60798000,3482
60800000,3488
60802000,3485
60804000,3500
60806000,3491
60808000,3506
60810000,3502
60812000,3507
60814000,3507
60816000,3472
60818000,3504
60820000,3506
60822000,3520
60824000,3536
60826000,3510
60828000,3520
60830000,3486
60832000,3508
60834000,3510
60836000,3536
60838000,3569
60840000,3563
60842000,3553
60844000,3560
60846000,3534
60848000,3552
60850000,3579
60852000,3538
60854000,3551
60856000,3558
60858000,3565
60860000,3562
60862000,3583
60864000,3568
60866000,3552
60868000,3582
60870000,3583
60872000,3568
60874000,3571
60876000,3583
60878000,3597
60880000,3600
60882000,3597
60884000,3600
60886000,3610
60888000,3600
60890000,3603
60892000,3601
60894000,3602
60896000,3692
60898000,3568
60900000,3571
60902000,3583
60904000,3597
60906000,3600
60908000,3583
60910000,3583
60912000,3596
60914000,3621
60916000,3601
60918000,3602
60920000,3581
60922000,3600
60924000,3606
60926000,3601
60928000,3600
60930000,3574
60932000,3583
60934000,3600
60936000,3595
60938000,3602
60940000,3597
60942000,3595
60944000,3600
60946000,3606
60948000,3579
60950000,3599
60952000,3605
60954000,3602
60956000,3601
60958000,3602
60960000,3606
60962000,3598
60964000,3607
60966000,3583
60968000,3572
60970000,3603
60972000,3599
60974000,3583
60976000,3609
60978000,3579
60980000,3600
60982000,3607
60984000,3614
60986000,3609
60988000,3605
60990000,3600
60992000,3606
60994000,3611
60996000,3583
60998000,3599
61000000,3613
61002000,3600
61004000,3611
61006000,3601
61008000,3614
61010000,3596
61012000,3611
61014000,3583
61016000,3612
61018000,3599
61020000,3603
61022000,3635
61024000,3604
61026000,3604
61028000,3613
61030000,3601
61032000,3609
61034000,3602
61036000,3597
61038000,3610
61040000,3607
61042000,3610
61044000,3616
61046000,3606
61048000,3583
61050000,3600
61052000,3611
61054000,3622
61056000,3601
61058000,3609
61060000,3616
61062000,3600
61064000,3643
61066000,3597
61068000,3614
61070000,3607
61072000,3620
61074000,3614
61076000,3619
61078000,3619
61080000,3625
61082000,3611
61084000,3624
61086000,3618
61088000,3632
61090000,3618
61092000,3613
61094000,3625
61096000,3603
61098000,3633
61100000,3617
61102000,3618
61104000,3686
61106000,3618
61108000,3603
61110000,3619
61112000,3619
61114000,3629
61116000,3623
61118000,3632
61120000,3618
61122000,3627
61124000,3614
61126000,3621
61128000,3621
61130000,3621
61132000,3632
61134000,3622
61136000,3614
61138000,3632
61140000,3633
61142000,3625
61144000,3633
61146000,3628
61148000,3621
61150000,3621
61152000,3632
61154000,3633
61156000,3625
61158000,3635
61160000,3639
61162000,3627
61164000,3643
61166000,3638
61168000,3634
61170000,3636
61172000,3632
61174000,3637
61176000,3647
61178000,3641
61180000,3641
61182000,3661
61184000,3642
61186000,3650
61188000,3639
61190000,3643
61192000,3639
61194000,3648
61196000,3632
61198000,3650
61200000,3664
61202000,3664
61204000,3654
61206000,3657
61208000,3660
61210000,3656
61212000,3664
61214000,3645
61216000,3643
61218000,3642
61220000,3638
61222000,3633
61224000,3643
61226000,3637
61228000,3636
61230000,3642
61232000,3636
61234000,3657
61236000,3647
61238000,3638
61240000,3643
61242000,3648
61244000,3639
61246000,3637
61248000,3638
61250000,3627
61252000,3648
61254000,3638
61256000,3648
61258000,3647
61260000,3648
61262000,3653
61264000,3648
61266000,3649
61268000,3664
61270000,3648
61272000,3653
61274000,3641
61276000,3639
61278000,3639
61280000,3650
61282000,3645
61284000,3654
61286000,3654
61288000,3653
61290000,3654
61292000,3661
61294000,3662
61296000,3655
61298000,3661
61300000,3664
61302000,3661
61304000,3664
61306000,3655
61308000,3709
61310000,3663
61312000,3674
61314000,3662
61316000,3667
61318000,3667
61320000,3664
61322000,3679
61324000,3669
61326000,3675
61328000,3664
61330000,3673
61332000,3664
61334000,3664
61336000,3666
61338000,3664
61340000,3664
61342000,3673
61344000,3670
61346000,3664
61348000,3664
61350000,3663
61352000,3665
61354000,3670
61356000,3677
61358000,3667
61360000,3674
61362000,3663
61364000,3677
61366000,3664
61368000,3670
61370000,3667
61372000,3696
61374000,3676
61376000,3673
61378000,3670
61380000,3674
61382000,3681
61384000,3678
61386000,3670
61388000,3683
61390000,3687
61392000,3677
61394000,3686
61396000,3685
61398000,3675
61400000,3679
61402000,3686
61404000,3682
61406000,3693
61408000,3680
61410000,3682
61412000,3664
61414000,3664
61416000,3671
61418000,3668
61420000,3701
61422000,3669
61424000,3675
61426000,3669
61428000,3653
61430000,3659
61432000,3669
61434000,3696
61436000,3666
61438000,3687
61440000,3678
61442000,3669
61444000,3668
61446000,3670
61448000,3667
61450000,3674
61452000,3671
61454000,3671
61456000,3675
61458000,3681
61460000,3671
61462000,3667
61464000,3669
61466000,3667
61468000,3670
61470000,3665
61472000,3677
61474000,3667
61476000,3674
61478000,3671
61480000,3674
61482000,3689
61484000,3673
61486000,3666
61488000,3669
61490000,3667
61492000,3679
61494000,3671
61496000,3665
61498000,3664
61500000,3671
61502000,3665
61504000,3667
61506000,3685
61508000,3671
61510000,3682
61512000,3683
61514000,3680
61516000,3682
61518000,3681
61520000,3687
61522000,3683
61524000,3696
61526000,3696
61528000,3663
61530000,3709
61532000,3709
61534000,3711
61536000,3697
61538000,3705
61540000,3717
61542000,3712
61544000,3707
61546000,3715
61548000,3712
61550000,3712
61552000,3699
61554000,3712
61556000,3699
61558000,3696
61560000,3690
61562000,3694
61564000,3687
61566000,3651
61568000,3679
61570000,3666
61572000,3677
61574000,3664
61576000,3669
61578000,3678
61580000,3684
61582000,3677
61584000,3668
61586000,3683
61588000,3671
61590000,3665
61592000,3670
61594000,3674
61596000,3664
61598000,3664
61600000,3669
61602000,3661
61604000,3663
61606000,3681
61608000,3650
61610000,3682
61612000,3660
61614000,3679
61616000,3696
61618000,3662
61620000,3696
61622000,3709
61624000,3721
61626000,3718
61628000,3718
61630000,3728
61632000,3728
61634000,3738
61636000,3758
61638000,3733
61640000,3759
61642000,3751
61644000,3774
61646000,3747
61648000,3761
61650000,3751
61652000,3751
61654000,3760
61656000,3766
61658000,3755
61660000,3767
61662000,3761
61664000,3770
61666000,3761
61668000,3762
61670000,3765
61672000,3760
61674000,3760
61676000,3751
61678000,3769
61680000,3759
61682000,3760
61684000,3761
61686000,3758
61688000,3766
61690000,3761
61692000,3746
61694000,3745
61696000,3744
61698000,3786
61700000,3753
61702000,3743
61704000,3749
61706000,3714
61708000,3733
61710000,3719
61712000,3730
61714000,3731
61716000,3723
61718000,3713
61720000,3703
61722000,3699
61724000,3696
61726000,3697
61728000,3695
61730000,3697
61732000,3669
61734000,3675
61736000,3675
61738000,3664
61740000,3668
61742000,3674
61744000,3670
61746000,3664
61748000,3682
61750000,3665
61752000,3665
61754000,3662
61756000,3678
61758000,3675
61760000,3671
61762000,3669
61764000,3674
61766000,3665
61768000,3665
61770000,3662
61772000,3666
61774000,3674
61776000,3670
61778000,3667
61780000,3664
61782000,3667
61784000,3677
61786000,3675
61788000,3674
61790000,3671
61792000,3687
61794000,3688
61796000,3666
61798000,3681
61800000,3670
61802000,3677
61804000,3670
61806000,3668
61808000,3671
61810000,3664
61812000,3674
61814000,3653
61816000,3662
61818000,3661
61820000,3660
61822000,3658
61824000,3653
61826000,3632
61828000,3647
61830000,3649
61832000,3644
61834000,3646
61836000,3648
61838000,3652
61840000,3641
61842000,3635
61844000,3641
61846000,3645
61848000,3642
61850000,3645
61852000,3645
61854000,3647
61856000,3648
61858000,3645
61860000,3643
61862000,3655
61864000,3647
61866000,3642
61868000,3648
61870000,3649
61872000,3648
61874000,3649
61876000,3697
61878000,3655
61880000,3655
61882000,3649
61884000,3642
61886000,3651
61888000,3662
61890000,3663
61892000,3655
61894000,3655
61896000,3664
61898000,3664
61900000,3653
61902000,3655
61904000,3652
61906000,3652
61908000,3643
61910000,3650
61912000,3650
61914000,3658
61916000,3643
61918000,3653
61920000,3634
61922000,3631
61924000,3648
61926000,3637
61928000,3633
61930000,3621
61932000,3632
61934000,3632
61936000,3619
61938000,3619
61940000,3632
61942000,3618
61944000,3621
61946000,3607
61948000,3600
61950000,3611
61952000,3611
61954000,3603
61956000,3603
61958000,3615
61960000,3611
61962000,3611
61964000,3608
61966000,3603
61968000,3629
61970000,3617
61972000,3631
61974000,3615
61976000,3617
61978000,3602
61980000,3617
61982000,3621
61984000,3598
61986000,3611
61988000,3602
61990000,3610
61992000,3622
61994000,3614
61996000,3621
61998000,3626
62000000,3623
62002000,3617
62004000,3619
62006000,3610
62008000,3626
62010000,3622
62012000,3615
62014000,3601
62016000,3617
62018000,3614
62020000,3618
62022000,3626
62024000,3616
62026000,3629
62028000,3624
62030000,3617
62032000,3611
62034000,3617
62036000,3622
62038000,3614
62040000,3625
62042000,3616
62044000,3619
62046000,3629
62048000,3632
62050000,3628
62052000,3642
62054000,3631
62056000,3634
62058000,3649
62060000,3642
62062000,3646
62064000,3664
62066000,3649
62068000,3647
62070000,3649
62072000,3642
62074000,3646
62076000,3663
62078000,3648
62080000,3646
62082000,3661
62084000,3657
62086000,3661
62088000,3650
62090000,3650
62092000,3654
62094000,3651
62096000,3659
62098000,3648
62100000,3654
62102000,3649
62104000,3647
62106000,3642
62108000,3648
62110000,3651
62112000,3644
62114000,3633
62116000,3632
62118000,3637
62120000,3641
62122000,3625
62124000,3647
62126000,3647
62128000,3637
62130000,3657
62132000,3626
62134000,3647
62136000,3655
62138000,3661
62140000,3648
62142000,3664
62144000,3653
62146000,3663
62148000,3653
62150000,3661
62152000,3670
62154000,3659
62156000,3667
62158000,3659
62160000,3667
62162000,3643
62164000,3657
62166000,3665
62168000,3678
62170000,3665
62172000,3670
62174000,3659
62176000,3664
62178000,3663
62180000,3663
62182000,3674
62184000,3728
62186000,3663
62188000,3661
62190000,3666
62192000,3667
62194000,3659
62196000,3659
62198000,3664
62200000,3665
62202000,3664
62204000,3657
62206000,3667
62208000,3667
62210000,3664
62212000,3664
62214000,3664
62216000,3659
62218000,3670
62220000,3664
62222000,3665
62224000,3664
62226000,3664
62228000,3718
62230000,3696
62232000,3661
62234000,3663
62236000,3663
62238000,3659
62240000,3667
62242000,3653
62244000,3663
62246000,3659
62248000,3520
62250000,3657
62252000,3659
62254000,3664
62256000,3664
62258000,3658
62260000,3655
62262000,3665
62264000,3658
62266000,3648
62268000,3659
62270000,3554
62272000,3661
62274000,3665
62276000,3654
62278000,3651
62280000,3649
62282000,3654
62284000,3655
62286000,3651
62288000,3654
62290000,3657
62292000,3649
62294000,3647
62296000,3638
62298000,3646
62300000,3645
62302000,3637
62304000,3651
62306000,3547
62308000,3641
62310000,3635
62312000,3632
62314000,3645
62316000,3661
62318000,3633
62320000,3606
62322000,3638
62324000,3636
62326000,3638
62328000,3643
62330000,3648
62332000,3648
62334000,3647
62336000,3647
62338000,3641
62340000,3654
62342000,3646
62344000,3648
62346000,3648
62348000,3650
62350000,3643
62352000,3648
62354000,3649
62356000,3657
62358000,3657
62360000,3658
62362000,3655
62364000,3648
62366000,3665
62368000,3651
62370000,3661
62372000,3664
62374000,3659
62376000,3662
62378000,3651
62380000,3655
62382000,3664
62384000,3663
62386000,3654
62388000,3658
62390000,3652
62392000,3646
62394000,3647
62396000,3647
62398000,3646
62400000,3648
62402000,3637
62404000,3648
62406000,3641
62408000,3653
62410000,3649
62412000,3638
62414000,3639
62416000,3637
62418000,3632
62420000,3646
62422000,3638
62424000,3637
62426000,3639
62428000,3647
62430000,3671
62432000,3648
62434000,3645
62436000,3664
62438000,3648
62440000,3669
62442000,3677
62444000,3647
62446000,3639
62448000,3662
62450000,3645
62452000,3653
62454000,3644
62456000,3662
62458000,3645
62460000,3643
62462000,3655
62464000,3648
62466000,3645
62468000,3660
62470000,3665
62472000,3648
62474000,3638
62476000,3647
62478000,3649
62480000,3653
62482000,3647
62484000,3646
62486000,3647
62488000,3647
62490000,3657
62492000,3654
62494000,3657
62496000,3658
62498000,3661
62500000,3631
62502000,3684
62504000,3664
62506000,3647
62508000,3659
62510000,3665
62512000,3656
62514000,3646
62516000,3671
62518000,3707
62520000,3655
62522000,3654
62524000,3642
62526000,3666
62528000,3661
62530000,3669
62532000,3665
62534000,3659
62536000,3687
62538000,3664
62540000,3648
62542000,3677
62544000,3673
62546000,3663
62548000,3674
62550000,3664
62552000,3661
62554000,3667
62556000,3666
62558000,3670
62560000,3665
62562000,3665
62564000,3661
62566000,3696
62568000,3670
62570000,3664
62572000,3667
62574000,3666
62576000,3657
62578000,3665
62580000,3669
62582000,3663
62584000,3660
62586000,3681
62588000,3664
62590000,3664
62592000,3664
62594000,3655
62596000,3661
62598000,3665
62600000,3655
62602000,3650
62604000,3663
62606000,3651
62608000,3664
62610000,3664
62612000,3657
62614000,3651
62616000,3664
62618000,3655
62620000,3666
62622000,3659
62624000,3648
62626000,3659
62628000,3655
62630000,3657
62632000,3662
62634000,3659
62636000,3648
62638000,3649
62640000,3646
62642000,3658
62644000,3645
62646000,3672
62648000,3647
62650000,3657
62652000,3648
62654000,3643
62656000,3642
62658000,3642
62660000,3637
62662000,3637
62664000,3648
62666000,3642
62668000,3635
62670000,3633
62672000,3636
62674000,3631
62676000,3634
62678000,3638
62680000,3635
62682000,3639
62684000,3621
62686000,3650
62688000,3639
62690000,3643
62692000,3637
62694000,3648
62696000,3644
62698000,3639
62700000,3637
62702000,3620
62704000,3643
62706000,3638
62708000,3642
62710000,3636
62712000,3625
62714000,3655
62716000,3633
62718000,3646
62720000,3630
62722000,3628
62724000,3636
62726000,3631
62728000,3625
62730000,3623
62732000,3618
62734000,3617
62736000,3616
62738000,3606
62740000,3619
62742000,3614
62744000,3616
62746000,3603
62748000,3614
62750000,3616
62752000,3618
62754000,3616
62756000,3609
62758000,3622
62760000,3610
62762000,3613
62764000,3614
62766000,3616
62768000,3610
62770000,3614
62772000,3612
62774000,3622
62776000,3600
62778000,3610
62780000,3607
62782000,3606
62784000,3613
62786000,3604
62788000,3615
62790000,3606
62792000,3614
62794000,3617
62796000,3616
62798000,3601
62800000,3602
62802000,3610
62804000,3612
62806000,3609
62808000,3600
62810000,3616
62812000,3611
62814000,3613
62816000,3607
62818000,3600
62820000,3600
62822000,3600
62824000,3610
62826000,3601
62828000,3603
62830000,3598
62832000,3604
62834000,3598
62836000,3613
62838000,3602
62840000,3583
62842000,3583
62844000,3599
62846000,3583
62848000,3600
62850000,3583
62852000,3610
62854000,3601
62856000,3583
62858000,3605
62860000,3598
62862000,3596
62864000,3595
62866000,3602
62868000,3600
62870000,3616
62872000,3600
62874000,3600
62876000,3601
62878000,3607
62880000,3598
62882000,3599
62884000,3598
62886000,3601
62888000,3609
62890000,3601
62892000,3610
62894000,3583
62896000,3611
62898000,3600
62900000,3601
62902000,3599
62904000,3615
62906000,3601
62908000,3601
62910000,3599
62912000,3601
62914000,3596
62916000,3607
62918000,3583
62920000,3551
62922000,3609
62924000,3599
62926000,3613
62928000,3602
62930000,3601
62932000,3604
62934000,3583
62936000,3600
62938000,3583
62940000,3581
62942000,3583
62944000,3599
62946000,3597
62948000,3665
62950000,3597
62952000,3613
62954000,3600
62956000,3600
62958000,3605
62960000,3600
62962000,3600
62964000,3603
62966000,3600
62968000,3583
62970000,3596
62972000,3583
62974000,3583
62976000,3597
62978000,3581
62980000,3597
62982000,3581
62984000,3562
62986000,3583
62988000,3575
62990000,3583
62992000,3583
62994000,3577
62996000,3569
62998000,3558
63000000,3563
63002000,3555
63004000,3562
63006000,3549
63008000,3561
63010000,3548
63012000,3551
63014000,3542
63016000,3538
63018000,3550
63020000,3548
63022000,3543
63024000,3542
63026000,3539
63028000,3550
63030000,3553
63032000,3548
63034000,3520
63036000,3544
63038000,3550
63040000,3551
63042000,3552
63044000,3550
63046000,3545
63048000,3554
63050000,3557
63052000,3557
63054000,3553
63056000,3558
63058000,3583
63060000,3553
63062000,3554
63064000,3554
63066000,3571
63068000,3554
63070000,3574
63072000,3571
63074000,3568
63076000,3583
63078000,3581
63080000,3594
63082000,3604
63084000,3583
63086000,3582
63088000,3578
63090000,3609
63092000,3601
63094000,3600
63096000,3603
63098000,3606
63100000,3605
63102000,3607
63104000,3606
63106000,3617
63108000,3667
63110000,3615
63112000,3621
63114000,3629
63116000,3615
63118000,3617
63120000,3597
63122000,3604
63124000,3630
63126000,3607
63128000,3610
63130000,3612
63132000,3619
63134000,3606
63136000,3628
63138000,3613
63140000,3618
63142000,3607
63144000,3617
63146000,3605
63148000,3618
63150000,3621
63152000,3617
63154000,3622
63156000,3626
63158000,3623
63160000,3618
63162000,3632
63164000,3627
63166000,3631
63168000,3627
63170000,3633
63172000,3632
63174000,3627
63176000,3628
63178000,3631
63180000,3627
63182000,3629
63184000,3630
63186000,3619
63188000,3633
63190000,3637
63192000,3637
63194000,3637
63196000,3637
63198000,3627
63200000,3643
63202000,3649
63204000,3633
63206000,3635
63208000,3618
63210000,3639
63212000,3631
63214000,3648
63216000,3633
63218000,3642
63220000,3642
63222000,3648
63224000,3647
63226000,3651
63228000,3652
63230000,3650
63232000,3639
63234000,3646
63236000,3632
63238000,3647
63240000,3643
63242000,3648
63244000,3648
63246000,3635
63248000,3647
63250000,3640
63252000,3647
63254000,3648
63256000,3649
63258000,3665
63260000,3639
63262000,3642
63264000,3646
63266000,3648
63268000,3671
63270000,3647
63272000,3645
63274000,3648
63276000,3643
63278000,3639
63280000,3639
63282000,3637
63284000,3647
63286000,3637
63288000,3638
63290000,3638
63292000,3637
63294000,3632
63296000,3637
63298000,3696
63300000,3632
63302000,3632
63304000,3632
63306000,3602
63308000,3627
63310000,3629
63312000,3616
63314000,3629
63316000,3618
63318000,3611
63320000,3581
63322000,3613
63324000,3606
63326000,3614
63328000,3612
63330000,3614
63332000,3613
63334000,3615
63336000,3603
63338000,3611
63340000,3610
63342000,3599
63344000,3605
63346000,3615
63348000,3601
63350000,3605
63352000,3606
63354000,3600
63356000,3604
63358000,3607
63360000,3601
63362000,3605
63364000,3606
63366000,3607
63368000,3610
63370000,3615
63372000,3583
63374000,3605
63376000,3602
63378000,3599
63380000,3600
63382000,3599
63384000,3599
63386000,3578
63388000,3569
63390000,3559
63392000,3551
63394000,3568
63396000,3565
63398000,3559
63400000,3565
63402000,3558
63404000,3556
63406000,3549
63408000,3551
63410000,3552
63412000,3551
63414000,3537
63416000,3544
63418000,3549
63420000,3540
63422000,3555
63424000,3561
63426000,3554
63428000,3553
63430000,3567
63432000,3539
63434000,3554
63436000,3542
63438000,3541
63440000,3550
63442000,3529
63444000,3529
63446000,3520
63448000,3523
63450000,3507
63452000,3513
63454000,3514
63456000,3506
63458000,3510
63460000,3506
63462000,3511
63464000,3498
63466000,3505
63468000,3503
63470000,3517
63472000,3507
63474000,3519
63476000,3521
63478000,3527
63480000,3523
63482000,3541
63484000,3541
63486000,3539
63488000,3549
63490000,3554
63492000,3559
63494000,3542
63496000,3553
63498000,3549
63500000,3549
63502000,3562
63504000,3549
63506000,3550
63508000,3544
63510000,3559
63512000,3549
63514000,3534
63516000,3554
63518000,3542
63520000,3553
63522000,3548
63524000,3543
63526000,3548
63528000,3552
63530000,3554
63532000,3547
63534000,3536
63536000,3542
63538000,3538
63540000,3547
63542000,3519
63544000,3537
63546000,3483
63548000,3536
63550000,3533
63552000,3534
63554000,3523
63556000,3534
63558000,3568
63560000,3541
63562000,3554
63564000,3547
63566000,3546
63568000,3553
63570000,3568
63572000,3563
63574000,3559
63576000,3554
63578000,3567
63580000,3551
63582000,3556
63584000,3550
63586000,3554
63588000,3561
63590000,3558
63592000,3563
63594000,3510
63596000,3557
63598000,3558
63600000,3567
63602000,3562
63604000,3556
63606000,3568
63608000,3557
63610000,3553
63612000,3552
63614000,3566
63616000,3568
63618000,3561
63620000,3558
63622000,3552
63624000,3559
63626000,3553
63628000,3542
63630000,3546
63632000,3561
63634000,3546
63636000,3556
63638000,3545
63640000,3557
63642000,3544
63644000,3549
63646000,3542
63648000,3525
63650000,3520
63652000,3509
63654000,3502
63656000,3504
63658000,3492
63660000,3493
63662000,3491
63664000,3478
63666000,3473
63668000,3478
63670000,3490
63672000,3491
63674000,3481
63676000,3482
63678000,3472
63680000,3489
63682000,3483
63684000,3463
63686000,3488
63688000,3451
63690000,3472
63692000,3480
63694000,3535
63696000,3467
63698000,3462
63700000,3459
63702000,3479
63704000,3449
63706000,3451
63708000,3440
63710000,3446
63712000,3442
63714000,3440
63716000,3452
63718000,3445
63720000,3442
63722000,3447
63724000,3437
63726000,3440
63728000,3442
63730000,3429
63732000,3430
63734000,3416
63736000,3422
63738000,3416
63740000,3435
63742000,3426
63744000,3412
63746000,3418
63748000,3423
63750000,3419
63752000,3389
63754000,3423
63756000,3421
63758000,3408
63760000,3402
63762000,3408
63764000,3396
63766000,3390
63768000,3380
63770000,3376
63772000,3375
63774000,3376
63776000,3352
63778000,3375
63780000,3362
63782000,3376
63784000,3375
63786000,3377
63788000,3380
63790000,3372
63792000,3344
63794000,3373
63796000,3369
63798000,3377
63800000,3377
63802000,3379
63804000,3382
63806000,3378
63808000,3377
63810000,3381
63812000,3383
63814000,3383
63816000,3414
63818000,3376
63820000,3385
63822000,3351
63824000,3391
63826000,3379
63828000,3369
63830000,3380
63832000,3393
63834000,3374
63836000,3366
63838000,3386
63840000,3393
63842000,3386
63844000,3393
63846000,3507
63848000,3407
63850000,3387
63852000,3393
63854000,3394
63856000,3386
63858000,3405
63860000,3379
63862000,3404
63864000,3391
63866000,3377
63868000,3395
63870000,3395
63872000,3379
63874000,3387
63876000,3393
63878000,3395
63880000,3360
63882000,3391
63884000,3404
63886000,3408
63888000,3403
63890000,3406
63892000,3408
63894000,3408
63896000,3408
63898000,3420
63900000,3408
63902000,3413
63904000,3415
63906000,3434
63908000,3415
63910000,3426
63912000,3427
63914000,3427
63916000,3418
63918000,3427
63920000,3431
63922000,3435
63924000,3424
63926000,3424
63928000,3408
63930000,3424
63932000,3436
63934000,3422
63936000,3427
63938000,3419
63940000,3431
63942000,3440
63944000,3424
63946000,3434
63948000,3429
63950000,3431
63952000,3421
63954000,3418
63956000,3415
63958000,3427
63960000,3421
63962000,3425
63964000,3426
63966000,3418
63968000,3431
63970000,3430
63972000,3425
63974000,3423
63976000,3427
63978000,3434
63980000,3440
63982000,3439
63984000,3440
63986000,3441
63988000,3440
63990000,3463
63992000,3443
63994000,3440
63996000,3429
63998000,3443
64000000,3414
64002000,3453
64004000,3440
64006000,3444
64008000,3440
64010000,3429
64012000,3441
64014000,3440
64016000,3440
64018000,3440
64020000,3411
64022000,3437
64024000,3442
64026000,3443
64028000,3447
64030000,3440
64032000,3439
64034000,3447
64036000,3446
64038000,3440
64040000,3443
64042000,3445
64044000,3436
64046000,3440
64048000,3440
64050000,3444
64052000,3438
64054000,3437
64056000,3438
64058000,3443
64060000,3438
64062000,3444
64064000,3438
64066000,3440
64068000,3441
64070000,3436
64072000,3437
64074000,3432
64076000,3434
64078000,3427
64080000,3421
64082000,3408
64084000,3418
64086000,3409
64088000,3409
64090000,3414
64092000,3414
64094000,3381
64096000,3408
64098000,3403
64100000,3408
64102000,3395
64104000,3376
64106000,3423
64108000,3363
64110000,3424
64112000,3415
64114000,3413
64116000,3418
64118000,3429
64120000,3427
64122000,3419
64124000,3431
64126000,3428
64128000,3440
64130000,3431
64132000,3425
64134000,3429
64136000,3431
64138000,3426
64140000,3436
64142000,3463
64144000,3429
64146000,3440
64148000,3444
64150000,3440
64152000,3438
64154000,3442
64156000,3435
64158000,3441
64160000,3453
64162000,3453
64164000,3450
64166000,3455
64168000,3441
64170000,3451
64172000,3440
64174000,3440
64176000,3443
64178000,3451
64180000,3451
64182000,3445
64184000,3440
64186000,3451
64188000,3440
64190000,3446
64192000,3445
64194000,3445
64196000,3453
64198000,3441
64200000,3445
64202000,3453
64204000,3453
64206000,3451
64208000,3459
64210000,3457
64212000,3443
64214000,3469
64216000,3447
64218000,3452
64220000,3450
64222000,3455
64224000,3427
64226000,3472
64228000,3456
64230000,3455
64232000,3462
64234000,3453
64236000,3467
64238000,3453
64240000,3445
64242000,3454
64244000,3450
64246000,3440
64248000,3441
64250000,3438
64252000,3439
64254000,3455
64256000,3451
64258000,3444
64260000,3440
64262000,3447
64264000,3457
64266000,3456
64268000,3449
64270000,3443
64272000,3441
64274000,3440
64276000,3440
64278000,3439
64280000,3446
64282000,3445
64284000,3449
64286000,3449
64288000,3447
64290000,3441
64292000,3455
64294000,3449
64296000,3498
64298000,3450
64300000,3447
64302000,3447
64304000,3456
64306000,3459
64308000,3462
64310000,3456
64312000,3459
64314000,3447
64316000,3450
64318000,3454
64320000,3460
64322000,3459
64324000,3470
64326000,3459
64328000,3440
64330000,3453
64332000,3465
64334000,3453
64336000,3459
64338000,3471
64340000,3474
64342000,3463
64344000,3463
64346000,3461
64348000,3460
64350000,3461
64352000,3466
64354000,3454
64356000,3462
64358000,3450
64360000,3449
64362000,3453
64364000,3459
64366000,3458
64368000,3452
64370000,3449
64372000,3447
64374000,3451
64376000,3454
64378000,3447
64380000,3449
64382000,3446
64384000,3447
64386000,3457
64388000,3459
64390000,3447
64392000,3457
64394000,3450
64396000,3453
64398000,3457
64400000,3455
64402000,3449
64404000,3455
64406000,3472
64408000,3451
64410000,3455
64412000,3457
64414000,3453
64416000,3451
64418000,3449
64420000,3441
64422000,3446
64424000,3457
64426000,3439
64428000,3454
64430000,3455
64432000,3440
64434000,3447
64436000,3449
64438000,3443
64440000,3451
64442000,3444
64444000,3430
64446000,3455
64448000,3442
64450000,3427
64452000,3440
64454000,3463
64456000,3439
64458000,3440
64460000,3439
64462000,3431
64464000,3434
64466000,3437
64468000,3431
64470000,3433
64472000,3423
64474000,3429
64476000,3424
64478000,3411
64480000,3421
64482000,3429
64484000,3427
64486000,3421
64488000,3431
64490000,3429
64492000,3427
64494000,3427
64496000,3425
64498000,3421
64500000,3434
64502000,3419
64504000,3415
64506000,3423
64508000,3413
64510000,3414
64512000,3421
64514000,3429
64516000,3423
64518000,3437
64520000,3417
64522000,3425
64524000,3424
64526000,3433
64528000,3437
64530000,3414
64532000,3423
64534000,3419
64536000,3428
64538000,3430
64540000,3439
64542000,3425
64544000,3431
64546000,3440
64548000,3425
64550000,3422
64552000,3424
64554000,3430
64556000,3458
64558000,3427
64560000,3436
64562000,3430
64564000,3426
64566000,3422
64568000,3425
64570000,3425
64572000,3426
64574000,3457
64576000,3425
64578000,3425
64580000,3439
64582000,3438
64584000,3441
64586000,3439
64588000,3455
64590000,3445
64592000,3440
64594000,3434
64596000,3440
64598000,3433
64600000,3450
64602000,3440
64604000,3447
64606000,3444
64608000,3438
64610000,3440
64612000,3439
64614000,3472
64616000,3429
64618000,3440
64620000,3440
64622000,3426
64624000,3417
64626000,3420
64628000,3419
64630000,3434
64632000,3440
64634000,3423
64636000,3443
64638000,3435
64640000,3443
64642000,3440
64644000,3443
64646000,3442
64648000,3442
64650000,3430
64652000,3424
64654000,3389
64656000,3437
64658000,3440
64660000,3438
64662000,3435
64664000,3442
64666000,3441
64668000,3439
64670000,3440
64672000,3451
64674000,3440
64676000,3456
64678000,3443
64680000,3446
64682000,3466
64684000,3456
64686000,3452
64688000,3445
64690000,3455
64692000,3442
64694000,3459
64696000,3450
64698000,3450
64700000,3458
64702000,3458
64704000,3461
64706000,3463
64708000,3461
64710000,3447
64712000,3455
64714000,3445
64716000,3456
64718000,3454
64720000,3456
64722000,3458
64724000,3445
64726000,3473
64728000,3450
64730000,3455
64732000,3461
64734000,3446
64736000,3457
64738000,3457
64740000,3452
64742000,3455
64744000,3447
64746000,3458
64748000,3458
64750000,3452
64752000,3454
64754000,3463
64756000,3455
64758000,3457
64760000,3455
64762000,3455
64764000,3455
64766000,3455
64768000,3450
64770000,3453
64772000,3462
64774000,3447
64776000,3458
64778000,3479
64780000,3427
64782000,3435
64784000,3459
64786000,3449
64788000,3456
64790000,3461
64792000,3456
64794000,3461
64796000,3458
64798000,3465
64800000,3469
64802000,3463
64804000,3471
64806000,3463
64808000,3460
64810000,3453
64812000,3461
64814000,3468
64816000,3459
64818000,3469
64820000,3454
64822000,3454
64824000,3461
64826000,3455
64828000,3459
64830000,3468
64832000,3453
64834000,3465
64836000,3445
64838000,3450
64840000,3455
64842000,3456
64844000,3456
64846000,3455
64848000,3455
64850000,3440
64852000,3444
64854000,3456
64856000,3445
64858000,3457
64860000,3458
64862000,3457
64864000,3470
64866000,3459
64868000,3456
64870000,3454
64872000,3456
64874000,3450
64876000,3463
64878000,3456
64880000,3444
64882000,3450
64884000,3454
64886000,3506
64888000,3456
64890000,3455
64892000,3458
64894000,3458
64896000,3453
64898000,3452
64900000,3440
64902000,3461
64904000,3472
64906000,3450
64908000,3427
64910000,3390
64912000,3459
64914000,3409
64916000,3425
64918000,3415
64920000,3419
64922000,3419
64924000,3427
64926000,3410
64928000,3408
64930000,3414
64932000,3419
64934000,3407
64936000,3419
64938000,3444
64940000,3411
64942000,3400
64944000,3411
64946000,3409
64948000,3410
64950000,3414
64952000,3411
64954000,3408
64956000,3408
64958000,3408
64960000,3421
64962000,3411
64964000,3410
64966000,3419
64968000,3410
64970000,3408
64972000,3404
64974000,3417
64976000,3408
64978000,3431
64980000,3411
64982000,3433
64984000,3408
64986000,3425
64988000,3405
64990000,3411
64992000,3408
64994000,3411
64996000,3411
64998000,3410
65000000,3408
65002000,3407
65004000,3407
65006000,3410
65008000,3404
65010000,3398
65012000,3389
65014000,3392
65016000,3387
65018000,3391
65020000,3387
65022000,3406
65024000,3390
65026000,3381
65028000,3379
65030000,3385
65032000,3377
65034000,3383
65036000,3376
65038000,3375
65040000,3374
65042000,3360
65044000,3373
65046000,3375
65048000,3360
65050000,3379
65052000,3363
65054000,3369
65056000,3362
65058000,3376
65060000,3370
65062000,3358
65064000,3366
65066000,3364
65068000,3365
65070000,3385
65072000,3366
65074000,3362
65076000,3359
65078000,3367
65080000,3366
65082000,3361
65084000,3351
65086000,3356
65088000,3351
65090000,3347
65092000,3342
65094000,3346
65096000,3338
65098000,3344
65100000,3341
65102000,3321
65104000,3312
65106000,3293
65108000,3287
65110000,3271
65112000,3254
65114000,3211
65116000,3225
65118000,3202
65120000,3211
65122000,3203
65124000,3197
65126000,3170
65128000,3159
65130000,3163
65132000,3158
65134000,3161
65136000,3149
65138000,3150
65140000,3149
65142000,3155
65144000,3146
65146000,3152
65148000,3133
65150000,3142
65152000,3121
65154000,3137
65156000,3146
65158000,3126
65160000,3121
65162000,3069
65164000,3105
65166000,3107
65168000,3104
65170000,3098
65172000,3106
65174000,3098
65176000,3103
65178000,3106
65180000,3101
65182000,3102
65184000,3104
65186000,3102
65188000,3103
65190000,3101
65192000,3105
65194000,3099
65196000,3106
65198000,3104
65200000,3083
65202000,3106
65204000,3098
65206000,3111
65208000,3106
65210000,3092
65212000,3093
65214000,3097
65216000,3106
65218000,3092
65220000,3107
65222000,3094
65224000,3099
65226000,3085
65228000,3034
65230000,3001
65232000,3007
65234000,2991
65236000,2995
65238000,3003
65240000,3006
65242000,3009
65244000,2999
65246000,3005
65248000,2993
65250000,3004
65252000,2993
65254000,2997
65256000,2994
65258000,2993
65260000,2997
65262000,2998
65264000,3005
65266000,3008
65268000,2999
65270000,2992
65272000,2999
65274000,2995
65276000,2997
65278000,3006
65280000,3003
65282000,2998
65284000,3008
65286000,2999
65288000,3001
65290000,3029
65292000,2985
65294000,3006
65296000,3002
65298000,3005
65300000,3010
65302000,3007
65304000,2999
65306000,3003
65308000,2996
65310000,2993
65312000,2999
65314000,2995
65316000,3006
65318000,2992
65320000,3003
65322000,2999
65324000,2983
65326000,2991
65328000,2993
65330000,2992
65332000,3001
65334000,2993
65336000,3007
65338000,2998
65340000,3006
65342000,3006
65344000,3010
65346000,3004
65348000,2998
65350000,2999
65352000,2997
65354000,3014
65356000,3086
65358000,3086
65360000,3071
65362000,3071
65364000,3088
65366000,3025
65368000,3088
65370000,3086
65372000,3056
65374000,3090
65376000,3093
65378000,3090
65380000,3091
65382000,3095
65384000,3083
65386000,3082
65388000,3101
65390000,3055
65392000,3025
65394000,3001
65396000,2997
65398000,2993
65400000,3005
65402000,2993
65404000,2997
65406000,2994
65408000,2992
65410000,3002
65412000,2993
65414000,3005
65416000,2994
65418000,2995
65420000,3003
65422000,3005
65424000,2992
65426000,3002
65428000,2994
65430000,2992
65432000,2991
65434000,2994
65436000,2995
65438000,2997
65440000,3044
65442000,2995
65444000,2995
65446000,2996
65448000,3003
65450000,3010
65452000,3045
65454000,3061
65456000,3069
65458000,3113
65460000,3071
65462000,3081
65464000,3086
65466000,3082
65468000,3083
65470000,3079
65472000,3088
65474000,3082
65476000,3088
65478000,3071
65480000,3071
65482000,3088
65484000,3091
65486000,3098
65488000,3094
65490000,3099
65492000,3087
65494000,3094
65496000,3092
65498000,3084
65500000,3093
65502000,3088
65504000,3071
65506000,3088
65508000,3083
65510000,3061
65512000,3071
65514000,3058
65516000,3007
65518000,2998
65520000,3007
65522000,2997
65524000,2999
65526000,3004
65528000,2996
65530000,3007
65532000,3002
65534000,3008
65536000,3006
65538000,3006
65540000,2992
65542000,3014
65544000,3001
65546000,3027
65548000,2999
65550000,3005
65552000,2999
65554000,3011
65556000,3002
65558000,3015
65560000,3005
65562000,3002
65564000,2999
65566000,2969
65568000,3007
65570000,2999
65572000,3000
65574000,2999
65576000,3003
65578000,3025
65580000,3018
65582000,3002
65584000,3014
65586000,3005
65588000,3007
65590000,3001
65592000,3005
65594000,2993
65596000,3007
65598000,2999
65600000,3002
65602000,3009
65604000,3002
65606000,3003
65608000,3006
65610000,3008
65612000,2997
65614000,3011
65616000,3030
65618000,3030
65620000,3039
65622000,3045
65624000,3056
65626000,3047
65628000,3003
65630000,2992
65632000,2998
65634000,3001
65636000,2992
65638000,3006
65640000,2992
65642000,2997
65644000,3001
65646000,2994
65648000,3004
65650000,3003
65652000,2999
65654000,2998
65656000,3006
65658000,3003
65660000,2999
65662000,3001
65664000,2998
65666000,3004
65668000,3001
65670000,2997
65672000,3003
65674000,2997
65676000,2995
65678000,2993
65680000,2998
65682000,3003
65684000,3006
65686000,2995
65688000,2998
65690000,3007
65692000,2998
65694000,3006
65696000,3001
65698000,2995
65700000,2992
65702000,2998
65704000,2995
65706000,2987
65708000,2978
65710000,2990
65712000,2993
65714000,2982
65716000,3007
65718000,2992
65720000,2995
65722000,2993
65724000,2992
65726000,2992
65728000,2992
65730000,2986
65732000,2993
65734000,2981
65736000,2991
65738000,2985
65740000,2990
65742000,2987
65744000,2980
65746000,2992
65748000,2986
65750000,2986
65752000,2982
65754000,2990
65756000,2982
65758000,2992
65760000,2988
65762000,2971
65764000,2971
65766000,2976
65768000,2971
65770000,2973
65772000,2973
65774000,2977
65776000,2976
65778000,2983
65780000,2978
65782000,2978
65784000,2975
65786000,2987
65788000,2963
65790000,2987
65792000,2977
65794000,2985
65796000,2989
65798000,2979
65800000,2990
65802000,2976
65804000,2987
65806000,2981
65808000,2966
65810000,2975
65812000,2985
65814000,2985
65816000,2988
65818000,2997
65820000,2987
65822000,2986
65824000,2983
65826000,2973
65828000,2979
65830000,2977
65832000,2981
65834000,2977
65836000,2983
65838000,2987
65840000,2979
65842000,2979
65844000,2967
65846000,2975
65848000,2971
65850000,2976
65852000,2982
65854000,2989
65856000,2987
65858000,2992
65860000,2998
65862000,2995
65864000,2985
65866000,2988
65868000,2991
65870000,2992
65872000,2986
65874000,2992
65876000,2992
65878000,2995
65880000,2982
65882000,2990
65884000,2999
65886000,2981
65888000,2990
65890000,2991
65892000,2992
65894000,2991
65896000,2989
65898000,3011
65900000,2998
65902000,2999
65904000,2982
65906000,3009
65908000,3002
65910000,2987
65912000,2995
65914000,2995
65916000,2998
65918000,2993
65920000,3005
65922000,2997
65924000,2992
65926000,2987
65928000,3003
65930000,2992
65932000,2993
65934000,2991
65936000,2991
65938000,2997
65940000,2989
65942000,2995
65944000,2994
65946000,2994
65948000,2982
65950000,2995
65952000,3005
65954000,2997
65956000,2992
65958000,2985
65960000,2994
65962000,2991
65964000,2983
65966000,2990
65968000,2994
65970000,2991
65972000,2992
65974000,3040
65976000,3068
65978000,3081
65980000,3071
65982000,3087
65984000,3088
65986000,3089
65988000,3087
65990000,3095
65992000,3085
65994000,3102
65996000,3095
65998000,3115
66000000,3105
66002000,3099
66004000,3102
66006000,3108
66008000,3104
66010000,3114
66012000,3120
66014000,3114
66016000,3113
66018000,3110
66020000,3126
66022000,3136
66024000,3152
66026000,3158
66028000,3177
66030000,3183
66032000,3182
66034000,3185
66036000,3177
66038000,3170
66040000,3133
66042000,3135
66044000,3145
66046000,3183
66048000,3190
66050000,3183
66052000,3190
66054000,3184
66056000,3191
66058000,3187
66060000,3150
66062000,3136
66064000,3134
66066000,3183
66068000,3184
66070000,3207
66072000,3195
66074000,3200
66076000,3214
66078000,3237
66080000,3248
66082000,3249
66084000,3259
66086000,3248
66088000,3251
66090000,3260
66092000,3255
66094000,3263
66096000,3270
66098000,3270
66100000,3283
66102000,3290
66104000,3292
66106000,3283
66108000,3278
66110000,3280
66112000,3280
66114000,3276
66116000,3267
66118000,3261
66120000,3268
66122000,3250
66124000,3254
66126000,3259
66128000,3274
66130000,3267
66132000,3269
66134000,3250
66136000,3216
66138000,3222
66140000,3217
66142000,3215
66144000,3248
66146000,3258
66148000,3266
66150000,3281
66152000,3264
66154000,3271
66156000,3265
66158000,3280
66160000,3283
66162000,3286
66164000,3283
66166000,3289
66168000,3298
66170000,3291
66172000,3294
66174000,3299
66176000,3309
66178000,3309
66180000,3303
66182000,3307
66184000,3314
66186000,3312
66188000,3319
66190000,3309
66192000,3302
66194000,3307
66196000,3306
66198000,3281
66200000,3280
66202000,3281
66204000,3282
66206000,3280
66208000,3281
66210000,3290
66212000,3289
66214000,3299
66216000,3289
66218000,3301
66220000,3283
66222000,3280
66224000,3280
66226000,3289
66228000,3280
66230000,3290
66232000,3290
66234000,3293
66236000,3311
66238000,3311
66240000,3315
66242000,3318
66244000,3312
66246000,3322
66248000,3307
66250000,3319
66252000,3325
66254000,3321
66256000,3327
66258000,3328
66260000,3318
66262000,3312
66264000,3322
66266000,3317
66268000,3315
66270000,3318
66272000,3321
66274000,3317
66276000,3311
66278000,3325
66280000,3312
66282000,3312
66284000,3315
66286000,3319
66288000,3316
66290000,3291
66292000,3301
66294000,3278
66296000,3274
66298000,3273
66300000,3280
66302000,3279
66304000,3281
66306000,3278
66308000,3291
66310000,3319
66312000,3295
66314000,3318
66316000,3333
66318000,3313
66320000,3325
66322000,3322
66324000,3321
66326000,3324
66328000,3317
66330000,3322
66332000,3328
66334000,3324
66336000,3326
66338000,3340
66340000,3328
66342000,3335
66344000,3328
66346000,3333
66348000,3334
66350000,3336
66352000,3341
66354000,3346
66356000,3339
66358000,3333
66360000,3352
66362000,3342
66364000,3342
66366000,3335
66368000,3345
66370000,3343
66372000,3340
66374000,3330
66376000,3325
66378000,3332
66380000,3322
66382000,3325
66384000,3318
66386000,3312
66388000,3312
66390000,3328
66392000,3289
66394000,3289
66396000,3280
66398000,3261
66400000,3269
66402000,3312
66404000,3286
66406000,3281
66408000,3291
66410000,3303
66412000,3293
66414000,3306
66416000,3300
66418000,3309
66420000,3299
66422000,3303
66424000,3309
66426000,3313
66428000,3324
66430000,3327
66432000,3338
66434000,3328
66436000,3333
66438000,3328
66440000,3332
66442000,3328
66444000,3323
66446000,3344
66448000,3333
66450000,3329
66452000,3333
66454000,3338
66456000,3340
66458000,3335
66460000,3333
66462000,3326
66464000,3329
66466000,3312
66468000,3309
66470000,3312
66472000,3305
66474000,3295
66476000,3291
66478000,3303
66480000,3294
66482000,3298
66484000,3295
66486000,3333
66488000,3314
66490000,3307
66492000,3315
66494000,3323
66496000,3322
66498000,3325
66500000,3318
66502000,3314
66504000,3316
66506000,3323
66508000,3328
66510000,3334
66512000,3327
66514000,3341
66516000,3334
66518000,3337
66520000,3332
66522000,3344
66524000,3358
66526000,3344
66528000,3347
66530000,3347
66532000,3347
66534000,3341
66536000,3350
66538000,3335
66540000,3340
66542000,3347
66544000,3335
66546000,3350
66548000,3344
66550000,3345
66552000,3353
66554000,3365
66556000,3353
66558000,3347
66560000,3349
66562000,3344
66564000,3338
66566000,3346
66568000,3345
66570000,3339
66572000,3349
66574000,3344
66576000,3343
66578000,3350
66580000,3350
66582000,3346
66584000,3357
66586000,3339
66588000,3344
66590000,3357
66592000,3360
66594000,3353
66596000,3365
66598000,3357
66600000,3360
66602000,3346
66604000,3345
66606000,3321
66608000,3376
66610000,3355
66612000,3360
66614000,3364
66616000,3354
66618000,3366
66620000,3359
66622000,3351
66624000,3358
66626000,3367
66628000,3360
66630000,3357
66632000,3370
66634000,3375
66636000,3358
66638000,3350
66640000,3357
66642000,3355
66644000,3359
66646000,3346
66648000,3350
66650000,3339
66652000,3344
66654000,3339
66656000,3347
66658000,3348
66660000,3347
66662000,3317
66664000,3344
66666000,3339
66668000,3323
66670000,3329
66672000,3313
66674000,3317
66676000,3326
66678000,3317
66680000,3311
66682000,3298
66684000,3281
66686000,3281
66688000,3280
66690000,3275
66692000,3280
66694000,3273
66696000,3255
66698000,3225
66700000,3221
66702000,3213
66704000,3226
66706000,3218
66708000,3216
66710000,3223
66712000,3226
66714000,3235
66716000,3219
66718000,3223
66720000,3213
66722000,3210
66724000,3187
66726000,3145
66728000,3120
66730000,3127
66732000,3129
66734000,3103
66736000,3111
66738000,3113
66740000,3115
66742000,3105
66744000,3101
66746000,3103
66748000,3120
66750000,3105
66752000,3102
66754000,3089
66756000,3094
66758000,3081
66760000,3056
66762000,2997
66764000,2998
66766000,2976
66768000,2992
66770000,2995
66772000,3011
66774000,3006
66776000,2992
66778000,2989
66780000,3006
66782000,2999
66784000,2997
66786000,3011
66788000,3010
66790000,3006
66792000,3005
66794000,3003
66796000,3007
66798000,2992
66800000,3001
66802000,2992
66804000,3002
66806000,2992
66808000,2989
66810000,2994
66812000,3001
66814000,3007
66816000,3010
66818000,2999
66820000,2999
66822000,3002
66824000,3006
66826000,2999
66828000,3031
66830000,3005
66832000,2995
66834000,3007
66836000,3004
66838000,2997
66840000,2999
66842000,2998
66844000,2992
66846000,2994
66848000,2993
66850000,2993
66852000,3006
66854000,3003
66856000,3002
66858000,2989
66860000,3011
66862000,2992
66864000,2994
66866000,2989
66868000,3001
66870000,2993
66872000,2998
66874000,3008
66876000,2999
66878000,2989
66880000,2997
66882000,2997
66884000,2994
66886000,2995
66888000,2994
66890000,2992
66892000,3029
66894000,2993
66896000,2997
66898000,2993
66900000,2997
66902000,2999
66904000,2993
66906000,2995
66908000,2997
66910000,3001
66912000,3002
66914000,2997
66916000,2999
66918000,2991
66920000,2990
66922000,2983
66924000,3003
66926000,2994
66928000,2971
66930000,2998
66932000,2992
66934000,2993
66936000,2992
66938000,3001
66940000,2997
66942000,2992
66944000,2994
66946000,2999
66948000,2995
66950000,2997
66952000,2987
66954000,3003
66956000,3004
66958000,2997
66960000,2994
66962000,2971
66964000,2983
66966000,3001
66968000,3001
66970000,3001
66972000,2997
66974000,2992
66976000,3003
66978000,2997
66980000,2992
66982000,2992
66984000,2998
66986000,3005
66988000,2992
66990000,2998
66992000,2997
66994000,2998
66996000,2995
66998000,2995
67000000,3020
67002000,2991
67004000,2992
67006000,2975
67008000,2991
67010000,2990
67012000,2960
67014000,2992
67016000,2981
67018000,2976
67020000,2983
67022000,2997
67024000,2965
67026000,2973
67028000,2970
67030000,2962
67032000,2961
67034000,2960
67036000,2963
67038000,2959
67040000,2953
67042000,2941
67044000,2947
67046000,2942
67048000,2941
67050000,2947
67052000,2960
67054000,2960
67056000,2955
67058000,2960
67060000,2963
67062000,2975
67064000,2991
67066000,2992
67068000,2991
67070000,2991
67072000,2983
67074000,3003
67076000,2986
67078000,3002
67080000,2994
67082000,2999
67084000,2999
67086000,2992
67088000,2993
67090000,2993
67092000,3002
67094000,2992
67096000,2997
67098000,2995
67100000,3004
67102000,2991
67104000,2990
67106000,2995
67108000,2994
67110000,2989
67112000,3014
67114000,2994
67116000,2996
67118000,2998
67120000,2981
67122000,2995
67124000,2992
67126000,3006
67128000,3005
67130000,3004
67132000,3027
67134000,3046
67136000,3049
67138000,3038
67140000,2993
67142000,2992
67144000,2999
67146000,2998
67148000,2992
67150000,2995
67152000,3002
67154000,2993
67156000,2998
67158000,3001
67160000,2995
67162000,2994
67164000,2999
67166000,2999
67168000,2995
67170000,2997
67172000,2995
67174000,3001
67176000,2993
67178000,2998
67180000,2992
67182000,2999
67184000,2995
67186000,2994
67188000,2998
67190000,2995
67192000,2998
67194000,2980
67196000,2991
67198000,2999
67200000,3005
67202000,2999
67204000,2994
67206000,2999
67208000,2995
67210000,2989
67212000,2992
67214000,2993
67216000,2991
67218000,2992
67220000,2992
67222000,2980
67224000,2973
67226000,2979
67228000,2967
67230000,2970
67232000,2949
67234000,2957
67236000,2922
67238000,2918
67240000,2906
67242000,2899
67244000,2874
67246000,2848
67248000,2835
67250000,2827
67252000,2829
67254000,2821
67256000,2814
67258000,2791
67260000,2736
67262000,2713
67264000,2718
67266000,2713
67268000,2691
67270000,2687
67272000,2661
67274000,2661
67276000,2652
67278000,2647
67280000,2642
67282000,2650
67284000,2638
67286000,2637
67288000,2608
67290000,2558
67292000,2532
67294000,2529
67296000,2511
67298000,2481
67300000,2452
67302000,2384
67304000,2367
67306000,2256
67308000,1760
67310000,1771
67312000,1759
67314000,1741
67316000,1765
67318000,1713
67320000,1730
67322000,1686
67324000,1682
67326000,1660
67328000,1638
67330000,1535
67332000,1392
67334000,1337
67336000,1232
67338000,723
67340000,0
67342000,0
67344000,0
67346000,0
67348000,0
67350000,0
67352000,0
67354000,0
67356000,0
67358000,0
67360000,0
67362000,0
67364000,0
67366000,0
67368000,0
67370000,0
67372000,0
67374000,0
67376000,0
67378000,0
67380000,0
67382000,0
67384000,0
67386000,0
67388000,0
67390000,0
67392000,0
67394000,0
67396000,0
67398000,0
67400000,0
67402000,0
67404000,0
67406000,0
67408000,0
67410000,0
67412000,0
67414000,0
67416000,0
67418000,0
67420000,0
67422000,0
67424000,0
67426000,0
67428000,0
67430000,0
67432000,0
67434000,0
67436000,0
67438000,0
67440000,0
67442000,0
67444000,0
67446000,0
67448000,0
67450000,0
67452000,0
67454000,0
67456000,0
67458000,0
67460000,0
67462000,0
67464000,0
67466000,0
67468000,0
67470000,0
67472000,0
67474000,0
67476000,0
67478000,0
67480000,0
67482000,0
67484000,0
67486000,0
67488000,0
67490000,0
67492000,0
67494000,0
67496000,0
67498000,0
67500000,0
67502000,0
67504000,0
67506000,0
67508000,0
67510000,0
67512000,0
67514000,0
67516000,0
67518000,0
67520000,0
67522000,0
67524000,0
67526000,0
67528000,0
67530000,0
67532000,0
67534000,0
67536000,0
67538000,0
67540000,0
67542000,0
67544000,0
67546000,0
67548000,0
67550000,0
67552000,0
67554000,0
67556000,0
67558000,0
67560000,0
67562000,0
67564000,0
67566000,0
67568000,0
67570000,0
67572000,0
67574000,0
67576000,0
67578000,0
67580000,0
67582000,0
67584000,0
67586000,0
67588000,0
67590000,0
67592000,0
67594000,0
67596000,0
67598000,0
67600000,0
67602000,0
67604000,0
67606000,0
67608000,0
67610000,0
67612000,0
67614000,0
67616000,0
67618000,0
67620000,0
67622000,0
67624000,0
67626000,0
67628000,0
67630000,0
67632000,0
67634000,0
67636000,0
67638000,0
67640000,0
67642000,0
67644000,0
67646000,0
67648000,0
67650000,0
67652000,0
67654000,0
67656000,0
67658000,0
67660000,0
67662000,0
67664000,0
67666000,0
67668000,0
67670000,0
67672000,0
67674000,0
67676000,0
67678000,0
67680000,0
67682000,0
67684000,0
67686000,0
67688000,0
67690000,0
67692000,0
67694000,0
67696000,0
67698000,0
67700000,0
67702000,0
67704000,0
67706000,0
67708000,0
67710000,0
67712000,0
67714000,0
67716000,0
67718000,0
67720000,0
67722000,0
67724000,0
67726000,0
67728000,0
67730000,0
67732000,0
67734000,0
67736000,0
67738000,0
67740000,0
67742000,0
67744000,0
67746000,0
67748000,0
67750000,0
67752000,0
67754000,0
67756000,0
67758000,0
67760000,0
67762000,0
67764000,0
67766000,0
67768000,0
67770000,0
67772000,0
67774000,0
67776000,0
67778000,0
67780000,0
67782000,0
67784000,0
67786000,0
67788000,0
67790000,0
67792000,0
67794000,0
67796000,0
67798000,0
67800000,0
67802000,0
67804000,0
67806000,0
67808000,0
67810000,0
67812000,0
67814000,0
67816000,0
67818000,0
67820000,0
67822000,0
67824000,0
67826000,0
67828000,0
67830000,0
67832000,0
67834000,0
67836000,0
67838000,0
67840000,0
67842000,0
67844000,0
67846000,0
67848000,0
67850000,0
67852000,0
67854000,0
67856000,0
67858000,0
67860000,0
67862000,0
67864000,0
67866000,0
67868000,0
67870000,0
67872000,0
67874000,0
67876000,0
67878000,0
67880000,0
67882000,0
67884000,0
67886000,0
67888000,0
67890000,0
67892000,0
67894000,0
67896000,0
67898000,0
67900000,0
67902000,0
67904000,0
67906000,0
67908000,0
67910000,0
67912000,0
67914000,0
67916000,0
67918000,0
67920000,0
67922000,0
67924000,0
67926000,0
67928000,0
67930000,0
67932000,0
67934000,0
67936000,0
67938000,0
67940000,0
67942000,0
67944000,0
67946000,0
67948000,0
67950000,0
67952000,0
67954000,0
67956000,0
67958000,0
67960000,0
67962000,0
67964000,0
67966000,0
67968000,0
67970000,0
67972000,0
67974000,0
67976000,0
67978000,0
67980000,0
67982000,0
67984000,0
67986000,0
67988000,0
67990000,0
67992000,0
67994000,0
67996000,0
67998000,0
68000000,0
68002000,0
68004000,0
68006000,0
68008000,0
68010000,0
68012000,0
68014000,0
68016000,0
68018000,0
68020000,0
68022000,0
68024000,0
68026000,0
68028000,0
68030000,0
68032000,0
68034000,0
68036000,0
68038000,0
68040000,0
68042000,0
68044000,0
68046000,0
68048000,0
68050000,0
68052000,0
68054000,0
68056000,0
68058000,0
68060000,0
68062000,0
68064000,0
68066000,0
68068000,0
68070000,0
68072000,0
68074000,0
68076000,0
68078000,0
68080000,0
68082000,0
68084000,0
68086000,0
68088000,0
68090000,0
68092000,0
68094000,0
68096000,0
68098000,0
68100000,0
68102000,0
68104000,0
68106000,0
68108000,0
68110000,0
68112000,0
68114000,0
68116000,0
68118000,0
68120000,0
68122000,0
68124000,0
68126000,0
68128000,0
68130000,0
68132000,0
68134000,0
68136000,0
68138000,0
68140000,0
68142000,0
68144000,0
68146000,0
68148000,0
68150000,0
68152000,0
68154000,0
68156000,0
68158000,0
68160000,0
68162000,0
68164000,0
68166000,0
68168000,0
68170000,0
68172000,0
68174000,0
68176000,0
68178000,0
68180000,0
68182000,0
68184000,0
68186000,0
68188000,0
68190000,0
68192000,0
68194000,0
68196000,0
68198000,0
68200000,0
68202000,0
68204000,0
68206000,0
68208000,0
68210000,0
68212000,0
68214000,0
68216000,0
68218000,0
68220000,0
68222000,0
68224000,0
68226000,0
68228000,0
68230000,0
68232000,0
68234000,0
68236000,0
68238000,0
68240000,0
68242000,0
68244000,0
68246000,0
68248000,0
68250000,0
68252000,0
68254000,0
68256000,0
68258000,0
68260000,0
68262000,0
68264000,0
68266000,0
68268000,0
68270000,0
68272000,0
68274000,0
68276000,0
68278000,0
68280000,0
68282000,0
68284000,0
68286000,0
68288000,0
68290000,0
68292000,0
68294000,0
68296000,0
68298000,0
68300000,0
68302000,0
68304000,0
68306000,0
68308000,0
68310000,0
68312000,0
68314000,0
68316000,0
68318000,0
68320000,0
68322000,0
68324000,0
68326000,0
68328000,0
68330000,0
68332000,0
68334000,0
68336000,0
68338000,0
68340000,0
68342000,0
68344000,0
68346000,0
68348000,0
68350000,0
68352000,0
68354000,0
68356000,0
68358000,0
68360000,0
68362000,0
68364000,0
68366000,0
68368000,0
68370000,0
68372000,0
68374000,0
68376000,0
68378000,0
68380000,0
68382000,0
68384000,0
68386000,0
68388000,0
68390000,0
68392000,0
68394000,0
68396000,0
68398000,0
68400000,0
68402000,0
68404000,0
68406000,0
68408000,0
68410000,0
68412000,0
68414000,0
68416000,0
68418000,0
68420000,0
68422000,0
68424000,0
68426000,0
68428000,0
68430000,0
68432000,0
68434000,0
68436000,0
68438000,0
68440000,0
68442000,0
68444000,0
68446000,0
68448000,0
68450000,0
68452000,0
68454000,0
68456000,0
68458000,0
68460000,0
68462000,0
68464000,0
68466000,0
68468000,0
68470000,0
68472000,0
68474000,0
68476000,0
68478000,0
68480000,0
68482000,0
68484000,0
68486000,0
68488000,0
68490000,0
68492000,0
68494000,0
68496000,0
68498000,0
68500000,0
68502000,0
68504000,0
68506000,0
68508000,0
68510000,0
68512000,0
68514000,0
68516000,0
68518000,0
68520000,0
68522000,0
68524000,0
68526000,0
68528000,0
68530000,0
68532000,0
68534000,0
68536000,0
68538000,0
68540000,0
68542000,0
68544000,0
68546000,0
68548000,0
68550000,0
68552000,0
68554000,0
68556000,0
68558000,0
68560000,0
68562000,0
68564000,0
68566000,0
68568000,0
68570000,0
68572000,0
68574000,0
68576000,0
68578000,0
68580000,0
68582000,0
68584000,0
68586000,0
68588000,0
68590000,0
68592000,0
68594000,0
68596000,0
68598000,0
68600000,0
68602000,0
68604000,0
68606000,0
68608000,0
68610000,0
68612000,0
68614000,0
68616000,0
68618000,0
68620000,0
68622000,0
68624000,0
68626000,0
68628000,0
68630000,0
68632000,0
68634000,0
68636000,0
68638000,0
68640000,0
68642000,0
68644000,0
68646000,0
68648000,0
68650000,0
68652000,0
68654000,0
68656000,0
68658000,0
68660000,0
68662000,0
68664000,0
68666000,0
68668000,0
68670000,0
68672000,0
68674000,0
68676000,0
68678000,0
68680000,0
68682000,0
68684000,0
68686000,0
68688000,0
68690000,0
68692000,0
68694000,0
68696000,0
68698000,0
68700000,0
68702000,0
68704000,0
68706000,0
68708000,0
68710000,0
68712000,0
68714000,0
68716000,0
68718000,0
68720000,0
68722000,0
68724000,0
68726000,0
68728000,0
68730000,0
68732000,0
68734000,0
68736000,0
68738000,0
68740000,0
68742000,0
68744000,0
68746000,0
68748000,0
68750000,0
68752000,0
68754000,0
68756000,0
68758000,0
68760000,0
68762000,0
68764000,0
68766000,0
68768000,0
68770000,0
68772000,0
68774000,0
68776000,0
68778000,0
68780000,0
68782000,0
68784000,0
68786000,0
68788000,0
68790000,0
68792000,0
68794000,0
68796000,0
68798000,0
68800000,0
68802000,0
68804000,0
68806000,0
68808000,0
68810000,0
68812000,0
68814000,0
68816000,0
68818000,0
68820000,0
68822000,0
68824000,0
68826000,0
68828000,0
68830000,0
68832000,0
68834000,0
68836000,0
68838000,0
68840000,0
68842000,0
68844000,0
68846000,0
68848000,0
68850000,0
68852000,0
68854000,0
68856000,0
68858000,0
68860000,0
68862000,0
68864000,0
68866000,0
68868000,0
68870000,0
68872000,0
68874000,0
68876000,0
68878000,0
68880000,0
68882000,0
68884000,0
68886000,0
68888000,0
68890000,0
68892000,0
68894000,0
68896000,0
68898000,0
68900000,0
68902000,0
68904000,0
68906000,0
68908000,0
68910000,0
68912000,0
68914000,0
68916000,0
68918000,0
68920000,0
68922000,0
68924000,0
68926000,0
68928000,0
68930000,0
68932000,0
68934000,0
68936000,0
68938000,0
68940000,0
68942000,0
68944000,0
68946000,0
68948000,0
68950000,0
68952000,0
68954000,0
68956000,0
68958000,0
68960000,0
68962000,0
68964000,0
68966000,0
68968000,0
68970000,0
68972000,0
68974000,0
68976000,0
68978000,0
68980000,0
68982000,0
68984000,0
68986000,0
68988000,0
68990000,0
68992000,0
68994000,0
68996000,0
68998000,0
69000000,0
69002000,0
69004000,0
69006000,0
69008000,0
69010000,0
69012000,0
69014000,0
69016000,0
69018000,0
69020000,0
69022000,0
69024000,0
69026000,0
69028000,0
69030000,0
69032000,0
69034000,0
69036000,0
69038000,0
69040000,0
69042000,0
69044000,0
69046000,0
69048000,0
69050000,0
69052000,0
69054000,0
69056000,0
69058000,0
69060000,0
69062000,0
69064000,0
69066000,0
69068000,0
69070000,0
69072000,0
69074000,0
69076000,0
69078000,0
69080000,0
69082000,0
69084000,0
69086000,0
69088000,0
69090000,0
69092000,0
69094000,0
69096000,0
69098000,0
69100000,0
69102000,0
69104000,0
69106000,0
69108000,0
69110000,0
69112000,0
69114000,0
69116000,0
69118000,0
69120000,0
69122000,0
69124000,0
69126000,0
69128000,0
69130000,0
69132000,0
69134000,0
69136000,0
69138000,0
69140000,0
69142000,0
69144000,0
69146000,0
69148000,0
69150000,0
69152000,0
69154000,0
69156000,0
69158000,0
69160000,0
69162000,0
69164000,0
69166000,0
69168000,0
69170000,0
69172000,0
69174000,0
69176000,0
69178000,0
69180000,0
69182000,0
69184000,0
69186000,0
69188000,0
69190000,0
69192000,0
69194000,0
69196000,0
69198000,0
69200000,0
69202000,0
69204000,0
69206000,0
69208000,0
69210000,0
69212000,0
69214000,0
69216000,0
69218000,0
69220000,0
69222000,0
69224000,0
69226000,0
69228000,0
69230000,0
69232000,0
69234000,0
69236000,0
69238000,0
69240000,0
69242000,0
69244000,0
69246000,0
69248000,0
69250000,0
69252000,0
69254000,0
69256000,0
69258000,0
69260000,0
69262000,0
69264000,0
69266000,0
69268000,0
69270000,0
69272000,0
69274000,0
69276000,0
69278000,0
69280000,0
69282000,0
69284000,0
69286000,0
69288000,0
69290000,0
69292000,0
69294000,0
69296000,0
69298000,0
69300000,0
69302000,0
69304000,0
69306000,0
69308000,0
69310000,0
69312000,0
69314000,0
69316000,0
69318000,0
69320000,0
69322000,0
69324000,0
69326000,0
69328000,0
69330000,0
69332000,0
69334000,0
69336000,0
69338000,0
69340000,0
69342000,0
69344000,0
69346000,0
69348000,0
69350000,0
69352000,0
69354000,0
69356000,0
69358000,0
69360000,0
69362000,0
69364000,0
69366000,0
69368000,0
69370000,0
69372000,0
69374000,0
69376000,0
69378000,0
69380000,0
69382000,0
69384000,0
69386000,0
69388000,0
69390000,0
69392000,0
69394000,0
69396000,0
69398000,0
69400000,0
69402000,0
69404000,0
69406000,0
69408000,0
69410000,0
69412000,0
69414000,0
69416000,0
69418000,0
69420000,0
69422000,0
69424000,0
69426000,0
69428000,0
69430000,0
69432000,0
69434000,0
69436000,0
69438000,0
69440000,0
69442000,0
69444000,0
69446000,0
69448000,0
69450000,0
69452000,0
69454000,0
69456000,0
69458000,0
69460000,0
69462000,0
69464000,0
69466000,0
69468000,0
69470000,0
69472000,0
69474000,0
69476000,0
69478000,0
69480000,0
69482000,0
69484000,0
69486000,0
69488000,0
69490000,0
69492000,0
69494000,0
69496000,0
69498000,0
69500000,0
69502000,0
69504000,0
69506000,0
69508000,0
69510000,0
69512000,0
69514000,0
69516000,0
69518000,0
69520000,0
69522000,0
69524000,0
69526000,0
69528000,0
69530000,0
69532000,0
69534000,0
69536000,0
69538000,0
69540000,0
69542000,0
69544000,0
69546000,0
69548000,0
69550000,0
69552000,0
69554000,0
69556000,0
69558000,0
69560000,0
69562000,0
69564000,0
69566000,0
69568000,0
69570000,0
69572000,0
69574000,0
69576000,0
69578000,0
69580000,0
69582000,0
69584000,0
69586000,0
69588000,0
69590000,0
69592000,0
69594000,0
69596000,0
69598000,0
69600000,0
69602000,0
69604000,0
69606000,0
69608000,0
69610000,0
69612000,0
69614000,0
69616000,0
69618000,0
69620000,0
69622000,0
69624000,0
69626000,0
69628000,0
69630000,0
69632000,0
69634000,0
69636000,0
69638000,0
69640000,0
69642000,0
69644000,0
69646000,0
69648000,0
69650000,0
69652000,0
69654000,0
69656000,0
69658000,0
69660000,0
69662000,0
69664000,0
69666000,0
69668000,0
69670000,0
69672000,0
69674000,0
69676000,0
69678000,0
69680000,0
69682000,0
69684000,0
69686000,0
69688000,0
69690000,0
69692000,0
69694000,0
69696000,0
69698000,0
69700000,0
69702000,0
69704000,0
69706000,0
69708000,0
69710000,0
69712000,0
69714000,0
69716000,0
69718000,0
69720000,0
69722000,0
69724000,0
69726000,0
69728000,0
69730000,0
69732000,0
69734000,0
69736000,0
69738000,0
69740000,0
69742000,0
69744000,0
69746000,0
69748000,0
69750000,0
69752000,0
69754000,0
69756000,0
69758000,0
69760000,0
69762000,0
69764000,0
69766000,0
69768000,0
69770000,0
69772000,0
69774000,0
69776000,0
69778000,0
69780000,0
69782000,0
69784000,0
69786000,0
69788000,0
69790000,0
69792000,0
69794000,0
69796000,0
69798000,0
69800000,0
69802000,0
69804000,0
69806000,0
69808000,0
69810000,0
69812000,0
69814000,0
69816000,0
69818000,0
69820000,0
69822000,0
69824000,0
69826000,0
69828000,0
69830000,0
69832000,0
69834000,0
69836000,0
69838000,0
69840000,0
69842000,0
69844000,0
69846000,0
69848000,0
69850000,0
69852000,0
69854000,0
69856000,0
69858000,0
69860000,0
69862000,0
69864000,0
69866000,0
69868000,0
69870000,0
69872000,0
69874000,0
69876000,0
69878000,0
69880000,0
69882000,0
69884000,0
69886000,0
69888000,0
69890000,0
69892000,0
69894000,0
69896000,0
69898000,0
69900000,0
69902000,0
69904000,0
69906000,0
69908000,0
69910000,0
69912000,0
69914000,0
69916000,0
69918000,0
69920000,0
69922000,0
69924000,0
69926000,0
69928000,0
69930000,0
69932000,0
69934000,0
69936000,0
69938000,0
69940000,0
69942000,0
69944000,0
69946000,0
69948000,0
69950000,0
69952000,0
69954000,0
69956000,0
69958000,0
69960000,0
69962000,0
69964000,0
69966000,0
69968000,0
69970000,0
69972000,0
69974000,0
69976000,0
69978000,0
69980000,0
69982000,0
69984000,0
69986000,0
69988000,0
69990000,0
69992000,0
69994000,0
69996000,0
69998000,0
70000000,0
70002000,0
70004000,0
70006000,0
70008000,0
70010000,0
70012000,0
70014000,0
70016000,0
70018000,0
70020000,0
70022000,0
70024000,0
70026000,0
70028000,0
70030000,0
70032000,0
70034000,0
70036000,0
70038000,0
70040000,0
70042000,0
70044000,0
70046000,0
70048000,0
70050000,0
70052000,0
70054000,0
70056000,0
70058000,0
70060000,0
70062000,0
70064000,0
70066000,0
70068000,0
70070000,0
70072000,0
70074000,0
70076000,0
70078000,0
70080000,0
70082000,0
70084000,0
70086000,0
70088000,0
70090000,0
70092000,0
70094000,0
70096000,0
70098000,0
70100000,0
70102000,0
70104000,0
70106000,0
70108000,0
70110000,0
70112000,0
70114000,0
70116000,0
70118000,0
70120000,0
70122000,0
70124000,0
70126000,0
70128000,0
70130000,0
70132000,0
70134000,0
70136000,0
70138000,0
70140000,0
70142000,0
70144000,0
70146000,0
70148000,0
70150000,0
70152000,0
70154000,0
70156000,0
70158000,0
70160000,0
70162000,0
70164000,0
70166000,0
70168000,0
70170000,0
70172000,0
70174000,0
70176000,0
70178000,0
70180000,0
70182000,0
70184000,0
70186000,0
70188000,0
70190000,0
70192000,0
70194000,0
70196000,0
70198000,0
70200000,0
70202000,0
70204000,0
70206000,0
70208000,0
70210000,0
70212000,0
70214000,0
70216000,0
70218000,0
70220000,0
70222000,0
70224000,0
70226000,0
70228000,0
70230000,0
70232000,0
70234000,0
70236000,0
70238000,0
70240000,0
70242000,0
70244000,0
70246000,0
70248000,0
70250000,0
70252000,0
70254000,0
70256000,0
70258000,0
70260000,0
70262000,0
70264000,0
70266000,0
70268000,0
70270000,0
70272000,0
70274000,0
70276000,0
70278000,0
70280000,0
70282000,0
70284000,0
70286000,0
70288000,0
70290000,0
70292000,0
70294000,0
70296000,0
70298000,0
70300000,0
70302000,0
70304000,0
70306000,0
70308000,0
70310000,0
70312000,0
70314000,0
70316000,0
70318000,0
70320000,0
70322000,0
70324000,0
70326000,0
70328000,0
70330000,0
70332000,0
70334000,0
70336000,0
70338000,0
70340000,0
70342000,0
70344000,0
70346000,0
70348000,0
70350000,0
70352000,0
70354000,0
70356000,0
70358000,0
70360000,0
70362000,0
70364000,0
70366000,0
70368000,0
70370000,0
70372000,0
70374000,0
70376000,0
70378000,0
70380000,0
70382000,0
70384000,0
70386000,0
70388000,0
70390000,0
70392000,0
70394000,0
70396000,0
70398000,0
70400000,0
70402000,0
70404000,0
70406000,0
70408000,0
70410000,0
70412000,0
70414000,0
70416000,0
70418000,0
70420000,0
70422000,0
70424000,0
70426000,0
70428000,0
70430000,0
70432000,0
70434000,0
70436000,0
70438000,0
70440000,0
70442000,0
70444000,0
70446000,0
70448000,0
70450000,0
70452000,0
70454000,0
70456000,0
70458000,0
70460000,0
70462000,0
70464000,0
70466000,0
70468000,0
70470000,0
70472000,0
70474000,0
70476000,0
70478000,0
70480000,0
70482000,0
70484000,0
70486000,0
70488000,0
70490000,0
70492000,0
70494000,0
70496000,0
70498000,0
70500000,0
70502000,0
70504000,0
70506000,0
70508000,0
70510000,0
70512000,0
70514000,0
70516000,0
70518000,0
70520000,0
70522000,0
70524000,0
70526000,0
70528000,0
70530000,0
70532000,0
70534000,0
70536000,0
70538000,0
70540000,0
70542000,0
70544000,0
70546000,0
70548000,0
70550000,0
70552000,0
70554000,0
70556000,0
70558000,0
70560000,0
70562000,0
70564000,0
70566000,0
70568000,0
70570000,0
70572000,0
70574000,0
70576000,0
70578000,0
70580000,0
70582000,0
70584000,0
70586000,0
70588000,0
70590000,0
70592000,0
70594000,0
70596000,0
70598000,0
70600000,0
70602000,0
70604000,0
70606000,0
70608000,0
70610000,0
70612000,0
70614000,0
70616000,0
70618000,0
70620000,0
70622000,0
70624000,0
70626000,0
70628000,0
70630000,0
70632000,0
70634000,0
70636000,0
70638000,0
70640000,0
70642000,0
70644000,0
70646000,0
70648000,0
70650000,0
70652000,0
70654000,0
70656000,0
70658000,0
70660000,0
70662000,0
70664000,0
70666000,0
70668000,0
70670000,0
70672000,0
70674000,0
70676000,0
70678000,0
70680000,0
70682000,0
70684000,0
70686000,0
70688000,0
70690000,0
70692000,0
70694000,0
70696000,0
70698000,0
70700000,0
70702000,0
70704000,0
70706000,0
70708000,0
70710000,0
70712000,0
70714000,0
70716000,0
70718000,0
70720000,0
70722000,0
70724000,0
70726000,0
70728000,0
70730000,0
70732000,0
70734000,0
70736000,0
70738000,0
70740000,0
70742000,0
70744000,0
70746000,0
70748000,0
70750000,0
70752000,0
70754000,0
70756000,0
70758000,0
70760000,0
70762000,0
70764000,0
70766000,0
70768000,0
70770000,0
70772000,0
70774000,0
70776000,0
70778000,0
70780000,0
70782000,0
70784000,0
70786000,0
70788000,0
70790000,0
70792000,0
70794000,0
70796000,0
70798000,0
70800000,0
70802000,0
70804000,0
70806000,0
70808000,0
70810000,0
70812000,0
70814000,0
70816000,0
70818000,0
70820000,0
70822000,0
70824000,0
70826000,0
70828000,0
70830000,0
70832000,0
70834000,0
70836000,0
70838000,0
70840000,0
70842000,0
70844000,0
70846000,0
70848000,0
70850000,0
70852000,0
70854000,0
70856000,0
70858000,0
70860000,0
70862000,0
70864000,0
70866000,0
70868000,0
70870000,0
70872000,0
70874000,0
70876000,0
70878000,0
70880000,0
70882000,0
70884000,0
70886000,0
70888000,0
70890000,0
70892000,0
70894000,0
70896000,0
70898000,0
70900000,0
70902000,0
70904000,0
70906000,0
70908000,0
70910000,0
70912000,0
70914000,0
70916000,0
70918000,0
70920000,0
70922000,0
70924000,0
70926000,0
70928000,0
70930000,0
70932000,0
70934000,0
70936000,0
70938000,0
70940000,0
70942000,0
70944000,0
70946000,0
70948000,0
70950000,0
70952000,0
70954000,0
70956000,0
70958000,0
70960000,0
70962000,0
70964000,0
70966000,0
70968000,0
70970000,0
70972000,0
70974000,0
70976000,0
70978000,0
70980000,0
70982000,0
70984000,0
70986000,0
70988000,0
70990000,0
70992000,0
70994000,0
70996000,0
70998000,0
71000000,0
71002000,0
71004000,0
71006000,0
71008000,0
71010000,0
71012000,0
71014000,0
71016000,0
71018000,0
71020000,0
71022000,0
71024000,0
71026000,0
71028000,0
71030000,0
71032000,0
71034000,0
71036000,0
71038000,0
71040000,0
71042000,0
71044000,0
71046000,0
71048000,0
71050000,0
71052000,0
71054000,0
71056000,0
71058000,0
71060000,0
71062000,0
71064000,0
71066000,0
71068000,0
71070000,0
71072000,0
71074000,0
71076000,0
71078000,0
71080000,0
71082000,0
71084000,0
71086000,0
71088000,0
71090000,0
71092000,0
71094000,0
71096000,0
71098000,0
71100000,0
71102000,0
71104000,0
71106000,0
71108000,0
71110000,0
71112000,0
71114000,0
71116000,0
71118000,0
71120000,0
71122000,0
71124000,0
71126000,0
71128000,0
71130000,0
71132000,0
71134000,0
71136000,0
71138000,0
71140000,0
71142000,0
71144000,0
71146000,0
71148000,0
71150000,0
71152000,0
71154000,0
71156000,0
71158000,0
71160000,0
71162000,0
71164000,0
71166000,0
71168000,0
71170000,0
71172000,0
71174000,0
71176000,0
71178000,0
71180000,0
71182000,0
71184000,0
71186000,0
71188000,0
71190000,0
71192000,0
71194000,0
71196000,0
71198000,0
71200000,0
71202000,0
71204000,0
71206000,0
71208000,0
71210000,0
71212000,0
71214000,0
71216000,0
71218000,0
71220000,0
71222000,0
71224000,0
71226000,0
71228000,0
71230000,0
71232000,0
71234000,0
71236000,0
71238000,0
71240000,0
71242000,0
71244000,0
71246000,0
71248000,0
71250000,0
71252000,0
71254000,0
71256000,0
71258000,0
71260000,0
71262000,0
71264000,0
71266000,0
71268000,0
71270000,0
71272000,0
71274000,0
71276000,0
71278000,0
71280000,0
71282000,0
71284000,0
71286000,0
71288000,0
71290000,0
71292000,0
71294000,0
71296000,0
71298000,0
71300000,0
71302000,0
71304000,0
71306000,0
71308000,0
71310000,0
71312000,0
71314000,0
71316000,0
71318000,0
71320000,0
71322000,0
71324000,0
71326000,0
71328000,0
71330000,0
71332000,0
71334000,0
71336000,0
71338000,0
71340000,0
71342000,0
71344000,0
71346000,0
71348000,0
71350000,0
71352000,0
71354000,0
71356000,0
71358000,0
71360000,0
71362000,0
71364000,0
71366000,0
71368000,0
71370000,0
71372000,0
71374000,0
71376000,0
71378000,0
71380000,0
71382000,0
71384000,0
71386000,0
71388000,0
71390000,0
71392000,0
71394000,0
71396000,0
71398000,0
71400000,0
71402000,0
71404000,0
71406000,0
71408000,0
71410000,0
71412000,0
71414000,0
71416000,0
71418000,0
71420000,0
71422000,0
71424000,0
71426000,0
71428000,0
71430000,0
71432000,0
71434000,0
71436000,0
71438000,0
71440000,0
71442000,0
71444000,0
71446000,0
71448000,0
71450000,0
71452000,0
71454000,0
71456000,0
71458000,0
71460000,0
71462000,0
71464000,0
71466000,0
71468000,0
71470000,0
71472000,0
71474000,0
71476000,0
71478000,0
71480000,0
71482000,0
71484000,0
71486000,0
71488000,0
71490000,0
71492000,0
71494000,0
71496000,0
71498000,0
71500000,0
71502000,0
71504000,0
71506000,0
71508000,0
71510000,0
71512000,0
71514000,0
71516000,0
71518000,0
71520000,0
71522000,0
71524000,0
71526000,0
71528000,0
71530000,0
71532000,0
71534000,0
71536000,0
71538000,0
71540000,0
71542000,0
71544000,0
71546000,0
71548000,0
71550000,0
71552000,0
71554000,0
71556000,0
71558000,0
71560000,0
71562000,0
71564000,0
71566000,0
71568000,0
71570000,0
71572000,0
71574000,0
71576000,0
71578000,0
71580000,0
71582000,0
71584000,0
71586000,0
71588000,0
71590000,0
71592000,0
71594000,0
71596000,0
71598000,0
71600000,0
71602000,0
71604000,0
71606000,0
71608000,0
71610000,0
71612000,0
71614000,0
71616000,0
71618000,0
71620000,0
71622000,0
71624000,0
71626000,0
71628000,0
71630000,0
71632000,0
71634000,0
71636000,0
71638000,0
71640000,0
71642000,0
71644000,0
71646000,0
71648000,0
71650000,0
71652000,0
71654000,0
71656000,0
71658000,0
71660000,0
71662000,0
71664000,0
71666000,0
71668000,0
71670000,0
71672000,0
71674000,0
71676000,0
71678000,0
71680000,0
71682000,0
71684000,0
71686000,0
71688000,0
71690000,0
71692000,0
71694000,0
71696000,0
71698000,0
71700000,0
71702000,0
71704000,0
71706000,0
71708000,0
71710000,0
71712000,0
71714000,0
71716000,0
71718000,0
71720000,0
71722000,0
71724000,0
71726000,0
71728000,0
71730000,0
71732000,0
71734000,0
71736000,0
71738000,0
71740000,0
71742000,0
71744000,0
71746000,0
71748000,0
71750000,0
71752000,0
71754000,0
71756000,0
71758000,0
71760000,0
71762000,0
71764000,0
71766000,0
71768000,0
71770000,0
71772000,0
71774000,0
71776000,0
71778000,0
71780000,0
71782000,0
71784000,0
71786000,0
71788000,0
71790000,0
71792000,0
71794000,0
71796000,0
71798000,0
71800000,0
71802000,0
71804000,0
71806000,0
71808000,0
71810000,0
71812000,0
71814000,0
71816000,0
71818000,0
71820000,0
71822000,0
71824000,0
71826000,0
71828000,0
71830000,0
71832000,0
71834000,0
71836000,0
71838000,0
71840000,0
71842000,0
71844000,0
71846000,0
71848000,0
71850000,0
71852000,0
71854000,0
71856000,0
71858000,0
71860000,0
71862000,0
71864000,0
71866000,0
71868000,0
71870000,0
71872000,0
71874000,0
71876000,0
71878000,0
71880000,0
71882000,0
71884000,0
71886000,0
71888000,0
71890000,0
71892000,0
71894000,0
71896000,0
71898000,0
71900000,0
71902000,0
71904000,0
71906000,0
71908000,0
71910000,0
71912000,0
71914000,0
71916000,0
71918000,0
71920000,0
71922000,0
71924000,0
71926000,0
71928000,0
71930000,0
71932000,0
71934000,0
71936000,0
71938000,0
71940000,0
71942000,0
71944000,0
71946000,0
71948000,0
71950000,0
71952000,0
71954000,0
71956000,0
71958000,0
71960000,0
71962000,0
71964000,0
71966000,0
71968000,0
71970000,0
71972000,0
71974000,0
71976000,0
71978000,0
71980000,0
71982000,0
71984000,0
71986000,0
71988000,0
71990000,0
71992000,0
71994000,0
71996000,0
71998000,0
72000000,0
72002000,0
72004000,0
72006000,0
72008000,0
72010000,0
72012000,0
72014000,0
72016000,0
72018000,0
72020000,0
72022000,0
72024000,0
72026000,0
72028000,0
72030000,0
72032000,0
72034000,0
72036000,0
72038000,0
72040000,0
72042000,0
72044000,0
72046000,0
72048000,0
72050000,0
72052000,0
72054000,0
72056000,0
72058000,0
72060000,0
72062000,0
72064000,0
72066000,0
72068000,0
72070000,0
72072000,0
72074000,0
72076000,0
72078000,0
72080000,0
72082000,0
72084000,0
72086000,0
72088000,0
72090000,0
72092000,0
72094000,0
72096000,0
72098000,0
72100000,0
72102000,0
72104000,0
72106000,0
72108000,0
72110000,0
72112000,0
72114000,0
72116000,0
72118000,0
72120000,0
72122000,0
72124000,0
72126000,0
72128000,0
72130000,0
72132000,0
72134000,0
72136000,0
72138000,0
72140000,0
72142000,0
72144000,0
72146000,0
72148000,0
72150000,0
72152000,0
72154000,0
72156000,0
72158000,0
72160000,0
72162000,0
72164000,0
72166000,0
72168000,0
72170000,0
72172000,0
72174000,0
72176000,0
72178000,0
72180000,0
72182000,0
72184000,0
72186000,0
72188000,0
72190000,0
72192000,0
72194000,0
72196000,0
72198000,0
72200000,0
72202000,0
72204000,0
72206000,0
72208000,0
72210000,0
72212000,0
72214000,0
72216000,0
72218000,0
72220000,0
72222000,0
72224000,0
72226000,0
72228000,0
72230000,0
72232000,0
72234000,0
72236000,0
72238000,0
72240000,0
72242000,0
72244000,0
72246000,0
72248000,0
72250000,0
72252000,0
72254000,0
72256000,0
72258000,0
72260000,0
72262000,0
72264000,0
72266000,0
72268000,0
72270000,0
72272000,0
72274000,0
72276000,0
72278000,0
72280000,0
72282000,0
72284000,0
72286000,0
72288000,0
72290000,0
72292000,0
72294000,0
72296000,0
72298000,0
72300000,0
72302000,0
72304000,0
72306000,0
72308000,0
72310000,0
72312000,0
72314000,0
72316000,0
72318000,0
72320000,0
72322000,0
72324000,0
72326000,0
72328000,0
72330000,0
72332000,0
72334000,0
72336000,0
72338000,0
72340000,0
72342000,0
72344000,0
72346000,0
72348000,0
72350000,0
72352000,0
72354000,0
72356000,0
72358000,0
72360000,0
72362000,0
72364000,0
72366000,0
72368000,0
72370000,0
72372000,0
72374000,0
72376000,0
72378000,0
72380000,0
72382000,0
72384000,0
72386000,0
72388000,0
72390000,0
72392000,0
72394000,0
72396000,0
72398000,0
72400000,0
72402000,0
72404000,0
72406000,0
72408000,0
72410000,0
72412000,0
72414000,0
72416000,0
72418000,0
72420000,0
72422000,0
72424000,0
72426000,0
72428000,0
72430000,0
72432000,0
72434000,0
72436000,0
72438000,0
72440000,0
72442000,0
72444000,0
72446000,0
72448000,0
72450000,0
72452000,0
72454000,0
72456000,0
72458000,0
72460000,0
72462000,0
72464000,0
72466000,0
72468000,0
72470000,0
72472000,0
72474000,0
72476000,0
72478000,0
72480000,0
72482000,0
72484000,0
72486000,0
72488000,0
72490000,0
72492000,0
72494000,0
72496000,0
72498000,0
72500000,0
72502000,0
72504000,0
72506000,0
72508000,0
72510000,0
72512000,0
72514000,0
72516000,0
72518000,0
72520000,0
72522000,0
72524000,0
72526000,0
72528000,0
72530000,0
72532000,0
72534000,0
72536000,0
72538000,0
72540000,0
72542000,0
72544000,0
72546000,0
72548000,0
72550000,0
72552000,0
72554000,0
72556000,0
72558000,0
72560000,0
72562000,0
72564000,0
72566000,0
72568000,0
72570000,0
72572000,0
72574000,0
72576000,0
72578000,0
72580000,0
72582000,0
72584000,0
72586000,0
72588000,0
72590000,0
72592000,0
72594000,0
72596000,0
72598000,0
72600000,0
72602000,0
72604000,0
72606000,0
72608000,0
72610000,0
72612000,0
72614000,0
72616000,0
72618000,0
72620000,0
72622000,0
72624000,0
72626000,0
72628000,0
72630000,0
72632000,0
72634000,0
72636000,0
72638000,0
72640000,0
72642000,0
72644000,0
72646000,0
72648000,0
72650000,0
72652000,0
72654000,0
72656000,0
72658000,0
72660000,0
72662000,0
72664000,0
72666000,0
72668000,0
72670000,0
72672000,0
72674000,0
72676000,0
72678000,0
72680000,0
72682000,0
72684000,0
72686000,0
72688000,0
72690000,0
72692000,0
72694000,0
72696000,0
72698000,0
72700000,0
72702000,0
72704000,0
72706000,0
72708000,0
72710000,0
72712000,0
72714000,0
72716000,0
72718000,0
72720000,0
72722000,0
72724000,0
72726000,0
72728000,0
72730000,0
72732000,0
72734000,0
72736000,0
72738000,0
72740000,0
72742000,0
72744000,0
72746000,0
72748000,0
72750000,0
72752000,0
72754000,0
72756000,0
72758000,0
72760000,0
72762000,0
72764000,0
72766000,0
72768000,0
72770000,0
72772000,0
72774000,0
72776000,0
72778000,0
72780000,0
72782000,0
72784000,0
72786000,0
72788000,0
72790000,0
72792000,0
72794000,0
72796000,0
72798000,0
72800000,0
72802000,0
72804000,0
72806000,0
72808000,0
72810000,0
72812000,0
72814000,0
72816000,0
72818000,0
72820000,0
72822000,0
72824000,0
72826000,0
72828000,0
72830000,0
72832000,0
72834000,0
72836000,0
72838000,0
72840000,0
72842000,0
72844000,0
72846000,0
72848000,0
72850000,0
72852000,0
72854000,0
72856000,0
72858000,0
72860000,0
72862000,0
72864000,0
72866000,0
72868000,0
72870000,0
72872000,0
72874000,0
72876000,0
72878000,0
72880000,0
72882000,0
72884000,0
72886000,0
72888000,0
72890000,0
72892000,0
72894000,0
72896000,0
72898000,0
72900000,0
72902000,0
72904000,0
72906000,0
72908000,0
72910000,0
72912000,0
72914000,0
72916000,0
72918000,0
72920000,0
72922000,0
72924000,0
72926000,0
72928000,0
72930000,0
72932000,0
72934000,0
72936000,0
72938000,0
72940000,0
72942000,0
72944000,0
72946000,0
72948000,0
72950000,0
72952000,0
72954000,0
72956000,0
72958000,0
72960000,0
72962000,0
72964000,0
72966000,0
72968000,0
72970000,0
72972000,0
72974000,0
72976000,0
72978000,0
72980000,0
72982000,0
72984000,0
72986000,0
72988000,0
72990000,0
72992000,0
72994000,0
72996000,0
72998000,0
73000000,0
73002000,0
73004000,0
73006000,0
73008000,0
73010000,0
73012000,0
73014000,0
73016000,0
73018000,0
73020000,0
73022000,0
73024000,0
73026000,0
73028000,0
73030000,0
73032000,0
73034000,0
73036000,0
73038000,0
73040000,0
73042000,0
73044000,0
73046000,0
73048000,0
73050000,0
73052000,0
73054000,0
73056000,0
73058000,0
73060000,0
73062000,0
73064000,0
73066000,0
73068000,0
73070000,0
73072000,0
73074000,0
73076000,0
73078000,0
73080000,0
73082000,0
73084000,0
73086000,0
73088000,0
73090000,0
73092000,0
73094000,0
73096000,0
73098000,0
73100000,0
73102000,0
73104000,0
73106000,0
73108000,0
73110000,0
73112000,0
73114000,0
73116000,0
73118000,0
73120000,0
73122000,0
73124000,0
73126000,0
73128000,0
73130000,0
73132000,0
73134000,0
73136000,0
73138000,0
73140000,0
73142000,0
73144000,0
73146000,0
73148000,0
73150000,0
73152000,0
73154000,0
73156000,0
73158000,0
73160000,0
73162000,0
73164000,0
73166000,0
73168000,0
73170000,0
73172000,0
73174000,0
73176000,0
73178000,0
73180000,0
73182000,0
73184000,0
73186000,0
73188000,0
73190000,0
73192000,0
73194000,0
73196000,0
73198000,0
73200000,0
73202000,0
73204000,0
73206000,0
73208000,0
73210000,0
73212000,0
73214000,0
73216000,0
73218000,0
73220000,0
73222000,0
73224000,0
73226000,0
73228000,0
73230000,0
73232000,0
73234000,0
73236000,0
73238000,0
73240000,0
73242000,0
73244000,0
73246000,0
73248000,0
73250000,0
73252000,0
73254000,0
73256000,0
73258000,0
73260000,0
73262000,0
73264000,0
73266000,0
73268000,0
73270000,0
73272000,0
73274000,0
73276000,0
73278000,0
73280000,0
73282000,0
73284000,0
73286000,0
73288000,0
73290000,0
73292000,0
73294000,0
73296000,0
73298000,0
73300000,0
73302000,0
73304000,0
73306000,0
73308000,0
73310000,0
73312000,0
73314000,0
73316000,0
73318000,0
73320000,0
73322000,0
73324000,0
73326000,0
73328000,0
73330000,0
73332000,0
73334000,0
73336000,0
73338000,0
73340000,0
73342000,0
73344000,0
73346000,0
73348000,0
73350000,0
73352000,0
73354000,0
73356000,0
73358000,0
73360000,0
73362000,0
73364000,0
73366000,0
73368000,0
73370000,0
73372000,0
73374000,0
73376000,0
73378000,0
73380000,0
73382000,0
73384000,0
73386000,0
73388000,0
73390000,0
73392000,0
73394000,0
73396000,0
73398000,0
73400000,0
73402000,0
73404000,0
73406000,0
73408000,0
73410000,0
73412000,0
73414000,0
73416000,0
73418000,0
73420000,0
73422000,0
73424000,0
73426000,0
73428000,0
73430000,0
73432000,0
73434000,0
73436000,0
73438000,0
73440000,0
73442000,0
73444000,0
73446000,0
73448000,0
73450000,0
73452000,0
73454000,0
73456000,0
73458000,0
73460000,0
73462000,0
73464000,0
73466000,0
73468000,0
73470000,0
73472000,0
73474000,0
73476000,0
73478000,0
73480000,0
73482000,0
73484000,0
73486000,0
73488000,0
73490000,0
73492000,0
73494000,0
73496000,0
73498000,0
73500000,0
73502000,0
73504000,0
73506000,0
73508000,0
73510000,0
73512000,0
73514000,0
73516000,0
73518000,0
73520000,0
73522000,0
73524000,0
73526000,0
73528000,0
73530000,0
73532000,0
73534000,0
73536000,0
73538000,0
73540000,0
73542000,0
73544000,0
73546000,0
73548000,0
73550000,0
73552000,0
73554000,0
73556000,0
73558000,0
73560000,0
73562000,0
73564000,0
73566000,0
73568000,0
73570000,0
73572000,0
73574000,0
73576000,0
73578000,0
73580000,0
73582000,0
73584000,0
73586000,0
73588000,0
73590000,0
73592000,0
73594000,0
73596000,0
73598000,0
73600000,0
73602000,0
73604000,0
73606000,0
73608000,0
73610000,0
73612000,0
73614000,0
73616000,0
73618000,0
73620000,0
73622000,0
73624000,0
73626000,0
73628000,0
73630000,0
73632000,0
73634000,0
73636000,0
73638000,0
73640000,0
73642000,0
73644000,0
73646000,0
73648000,0
73650000,0
73652000,0
73654000,0
73656000,0
73658000,0
73660000,0
73662000,0
73664000,0
73666000,0
73668000,0
73670000,0
73672000,0
73674000,0
73676000,0
73678000,0
73680000,0
73682000,0
73684000,0
73686000,0
73688000,0
73690000,0
73692000,0
73694000,0
73696000,0
73698000,0
73700000,0
73702000,0
73704000,0
73706000,0
73708000,0
73710000,0
73712000,0
73714000,0
73716000,0
73718000,0
73720000,0
73722000,0
73724000,0
73726000,0
73728000,0
73730000,0
73732000,0
73734000,0
73736000,0
73738000,0
73740000,0
73742000,0
73744000,0
73746000,0
73748000,0
73750000,0
73752000,0
73754000,0
73756000,0
73758000,0
73760000,0
73762000,0
73764000,0
73766000,0
73768000,0
73770000,0
73772000,0
73774000,0
73776000,0
73778000,0
73780000,0
73782000,0
73784000,0
73786000,0
73788000,0
73790000,0
73792000,0
73794000,0
73796000,0
73798000,0
73800000,0
73802000,0
73804000,0
73806000,0
73808000,0
73810000,0
73812000,0
73814000,0
73816000,0
73818000,0
73820000,0
73822000,0
73824000,0
73826000,0
73828000,0
73830000,0
73832000,0
73834000,0
73836000,0
73838000,0
73840000,0
73842000,0
73844000,0
73846000,0
73848000,0
73850000,0
73852000,0
73854000,0
73856000,0
73858000,0
73860000,0
73862000,0
73864000,0
73866000,0
73868000,0
73870000,0
73872000,0
73874000,0
73876000,0
73878000,0
73880000,0
73882000,0
73884000,0
73886000,0
73888000,0
73890000,0
73892000,0
73894000,0
73896000,0
73898000,0
73900000,0
73902000,0
73904000,0
73906000,0
73908000,0
73910000,0
73912000,0
73914000,0
73916000,0
73918000,0
73920000,0
73922000,0
73924000,0
73926000,0
73928000,0
73930000,0
73932000,0
73934000,0
73936000,0
73938000,0
73940000,0
73942000,0
73944000,0
73946000,0
73948000,0
73950000,0
73952000,0
73954000,0
73956000,0
73958000,0
73960000,0
73962000,0
73964000,0
73966000,0
73968000,0
73970000,0
73972000,0
73974000,0
73976000,0
73978000,0
73980000,0
73982000,0
73984000,0
73986000,0
73988000,0
73990000,0
73992000,0
73994000,0
73996000,0
73998000,0
74000000,0
74002000,0
74004000,0
74006000,0
74008000,0
74010000,0
74012000,0
74014000,0
74016000,0
74018000,0
74020000,0
74022000,0
74024000,0
74026000,0
74028000,0
74030000,0
74032000,0
74034000,0
74036000,0
74038000,0
74040000,0
74042000,0
74044000,0
74046000,0
74048000,0
74050000,0
74052000,0
74054000,0
74056000,0
74058000,0
74060000,0
74062000,0
74064000,0
74066000,0
74068000,0
74070000,0
74072000,0
74074000,0
74076000,0
74078000,0
74080000,0
74082000,0
74084000,0
74086000,0
74088000,0
74090000,0
74092000,0
74094000,0
74096000,0
74098000,0
74100000,0
74102000,0
74104000,0
74106000,0
74108000,0
74110000,0
74112000,0
74114000,0
74116000,0
74118000,0
74120000,0
74122000,0
74124000,0
74126000,0
74128000,0
74130000,0
74132000,0
74134000,0
74136000,0
74138000,0
74140000,0
74142000,0
74144000,0
74146000,0
74148000,0
74150000,0
74152000,0
74154000,0
74156000,0
74158000,0
74160000,0
74162000,0
74164000,0
74166000,0
74168000,0
74170000,0
74172000,0
74174000,0
74176000,0
74178000,0
74180000,0
74182000,0
74184000,0
74186000,0
74188000,0
74190000,0
74192000,0
74194000,0
74196000,0
74198000,0
74200000,0
74202000,0
74204000,0
74206000,0
74208000,0
74210000,0
74212000,0
74214000,0
74216000,0
74218000,0
74220000,0
74222000,0
74224000,0
74226000,0
74228000,0
74230000,0
74232000,0
74234000,0
74236000,0
74238000,0
74240000,0
74242000,0
74244000,0
74246000,0
74248000,0
74250000,0
74252000,0
74254000,0
74256000,0
74258000,0
74260000,0
74262000,0
74264000,0
74266000,0
74268000,0
74270000,0
74272000,0
74274000,0
74276000,0
74278000,0
74280000,0
74282000,0
74284000,0
74286000,0
74288000,0
74290000,0
74292000,0
74294000,0
74296000,0
74298000,0
74300000,0
74302000,0
74304000,0
74306000,0
74308000,0
74310000,0
74312000,0
74314000,0
74316000,0
74318000,0
74320000,0
74322000,0
74324000,0
74326000,0
74328000,0
74330000,0
74332000,0
74334000,0
74336000,0
74338000,0
74340000,0
74342000,0
74344000,0
74346000,0
74348000,0
74350000,0
74352000,0
74354000,0
74356000,0
74358000,0
74360000,0
74362000,0
74364000,0
74366000,0
74368000,0
74370000,0
74372000,0
74374000,0
74376000,0
74378000,0
74380000,0
74382000,0
74384000,0
74386000,0
74388000,0
74390000,0
74392000,0
74394000,0
74396000,0
74398000,0
74400000,0
74402000,0
74404000,0
74406000,0
74408000,0
74410000,0
74412000,0
74414000,0
74416000,0
74418000,0
74420000,0
74422000,0
74424000,0
74426000,0
74428000,0
74430000,0
74432000,0
74434000,0
74436000,0
74438000,0
74440000,0
74442000,0
74444000,0
74446000,0
74448000,0
74450000,0
74452000,0
74454000,0
74456000,0
74458000,0
74460000,0
74462000,0
74464000,0
74466000,0
74468000,0
74470000,0
74472000,0
74474000,0
74476000,0
74478000,0
74480000,0
74482000,0
74484000,0
74486000,0
74488000,0
74490000,0
74492000,0
74494000,0
74496000,0
74498000,0
74500000,0
74502000,0
74504000,0
74506000,0
74508000,0
74510000,0
74512000,0
74514000,0
74516000,0
74518000,0
74520000,0
74522000,0
74524000,0
74526000,0
74528000,0
74530000,0
74532000,0
74534000,0
74536000,0
74538000,0
74540000,0
74542000,0
74544000,0
74546000,0
74548000,0
74550000,0
74552000,0
74554000,0
74556000,0
74558000,0
74560000,0
74562000,0
74564000,0
74566000,0
74568000,0
74570000,0
74572000,0
74574000,0
74576000,0
74578000,0
74580000,0
74582000,0
74584000,0
74586000,0
74588000,0
74590000,0
74592000,0
74594000,0
74596000,0
74598000,0
74600000,0
74602000,0
74604000,0
74606000,0
74608000,0
74610000,0
74612000,0
74614000,0
74616000,0
74618000,0
74620000,0
74622000,0
74624000,0
74626000,0
74628000,0
74630000,0
74632000,0
74634000,0
74636000,0
74638000,0
74640000,0
74642000,0
74644000,0
74646000,0
74648000,0
74650000,0
74652000,0
74654000,0
74656000,0
74658000,0
74660000,0
74662000,0
74664000,0
74666000,0
74668000,0
74670000,0
74672000,0
74674000,0
74676000,0
74678000,0
74680000,0
74682000,0
74684000,0
74686000,0
74688000,0
74690000,0
74692000,0
74694000,0
74696000,0
74698000,0
74700000,0
74702000,0
74704000,0
74706000,0
74708000,0
74710000,0
74712000,0
74714000,0
74716000,0
74718000,0
74720000,0
74722000,0
74724000,0
74726000,0
74728000,0
74730000,0
74732000,0
74734000,0
74736000,0
74738000,0
74740000,0
74742000,0
74744000,0
74746000,0
74748000,0
74750000,0
74752000,0
74754000,0
74756000,0
74758000,0
74760000,0
74762000,0
74764000,0
74766000,0
74768000,0
74770000,0
74772000,0
74774000,0
74776000,0
74778000,0
74780000,0
74782000,0
74784000,0
74786000,0
74788000,0
74790000,0
74792000,0
74794000,0
74796000,0
74798000,0
74800000,0
74802000,0
74804000,0
74806000,0
74808000,0
74810000,0
74812000,0
74814000,0
74816000,0
74818000,0
74820000,0
74822000,0
74824000,0
74826000,0
74828000,0
74830000,0
74832000,0
74834000,0
74836000,0
74838000,0
74840000,0
74842000,0
74844000,0
74846000,0
74848000,0
74850000,0
74852000,0
74854000,0
74856000,0
74858000,0
74860000,0
74862000,0
74864000,0
74866000,0
74868000,0
74870000,0
74872000,0
74874000,0
74876000,0
74878000,0
74880000,0
74882000,0
74884000,0
74886000,0
74888000,0
74890000,0
74892000,0
74894000,0
74896000,0
74898000,0
74900000,0
74902000,0
74904000,0
74906000,0
74908000,0
74910000,0
74912000,0
74914000,0
74916000,0
74918000,0
74920000,0
74922000,0
74924000,0
74926000,0
74928000,0
74930000,0
74932000,0
74934000,0
74936000,0
74938000,0
74940000,0
74942000,0
74944000,0
74946000,0
74948000,0
74950000,0
74952000,0
74954000,0
74956000,0
74958000,0
74960000,0
74962000,0
74964000,0
74966000,0
74968000,0
74970000,0
74972000,0
74974000,0
74976000,0
74978000,0
74980000,0
74982000,0
74984000,0
74986000,0
74988000,0
74990000,0
74992000,0
74994000,0
74996000,0
74998000,0
75000000,0
75002000,0
75004000,0
75006000,0
75008000,0
75010000,0
75012000,0
75014000,0
75016000,0
75018000,0
75020000,0
75022000,0
75024000,0
75026000,0
75028000,0
75030000,0
75032000,0
75034000,0
75036000,0
75038000,0
75040000,0
75042000,0
75044000,0
75046000,0
75048000,0
75050000,0
75052000,0
75054000,0
75056000,0
75058000,0
75060000,0
75062000,0
75064000,0
75066000,0
75068000,0
75070000,0
75072000,0
75074000,0
75076000,0
75078000,0
75080000,0
75082000,0
75084000,0
75086000,0
75088000,0
75090000,0
75092000,0
75094000,0
75096000,0
75098000,0
75100000,0
75102000,0
75104000,0
75106000,0
75108000,0
75110000,0
75112000,0
75114000,0
75116000,0
75118000,0
75120000,0
75122000,0
75124000,0
75126000,0
75128000,0
75130000,0
75132000,0
75134000,0
75136000,0
75138000,0
75140000,0
75142000,0
75144000,0
75146000,0
75148000,0
75150000,0
75152000,0
75154000,0
75156000,0
75158000,0
75160000,0
75162000,0
75164000,0
75166000,0
75168000,0
75170000,0
75172000,0
75174000,0
75176000,0
75178000,0
75180000,0
75182000,0
75184000,0
75186000,0
75188000,0
75190000,0
75192000,0
75194000,0
75196000,0
75198000,0
75200000,0
75202000,0
75204000,0
75206000,0
75208000,0
75210000,0
75212000,0
75214000,0
75216000,0
75218000,0
75220000,0
75222000,0
75224000,0
75226000,0
75228000,0
75230000,0
75232000,0
75234000,0
75236000,0
75238000,0
75240000,0
75242000,0
75244000,0
75246000,0
75248000,0
75250000,0
75252000,0
75254000,0
75256000,0
75258000,0
75260000,0
75262000,0
75264000,0
75266000,0
75268000,0
75270000,0
75272000,0
75274000,0
75276000,0
75278000,0
75280000,0
75282000,0
75284000,0
75286000,0
75288000,0
75290000,0
75292000,0
75294000,0
75296000,0
75298000,0
75300000,0
75302000,0
75304000,0
75306000,0
75308000,0
75310000,0
75312000,0
75314000,0
75316000,0
75318000,0
75320000,0
75322000,0
75324000,0
75326000,0
75328000,0
75330000,0
75332000,0
75334000,0
75336000,0
75338000,0
75340000,0
75342000,0
75344000,0
75346000,0
75348000,0
75350000,0
75352000,0
75354000,0
75356000,0
75358000,0
75360000,0
75362000,0
75364000,0
75366000,0
75368000,0
75370000,0
75372000,0
75374000,0
75376000,0
75378000,0
75380000,0
75382000,0
75384000,0
75386000,0
75388000,0
75390000,0
75392000,0
75394000,0
75396000,0
75398000,0
75400000,0
75402000,0
75404000,0
75406000,0
75408000,0
75410000,0
75412000,0
75414000,0
75416000,0
75418000,0
75420000,0
75422000,0
75424000,0
75426000,0
75428000,0
75430000,0
75432000,0
75434000,0
75436000,0
75438000,0
75440000,0
75442000,0
75444000,0
75446000,0
75448000,0
75450000,0
75452000,0
75454000,0
75456000,0
75458000,0
75460000,0
75462000,0
75464000,0
75466000,0
75468000,0
75470000,0
75472000,0
75474000,0
75476000,0
75478000,0
75480000,0
75482000,0
75484000,0
75486000,0
75488000,0
75490000,0
75492000,0
75494000,0
75496000,0
75498000,0
75500000,0
75502000,0
75504000,0
75506000,0
75508000,0
75510000,0
75512000,0
75514000,0
75516000,0
75518000,0
75520000,0
75522000,0
75524000,0
75526000,0
75528000,0
75530000,0
75532000,0
75534000,0
75536000,0
75538000,0
75540000,0
75542000,0
75544000,0
75546000,0
75548000,0
75550000,0
75552000,0
75554000,0
75556000,0
75558000,0
75560000,0
75562000,0
75564000,0
75566000,0
75568000,0
75570000,0
75572000,0
75574000,0
75576000,0
75578000,0
75580000,0
75582000,0
75584000,0
75586000,0
75588000,0
75590000,0
75592000,0
75594000,0
75596000,0
75598000,0
75600000,0
75602000,0
75604000,0
75606000,0
75608000,0
75610000,0
75612000,0
75614000,0
75616000,0
75618000,0
75620000,0
75622000,0
75624000,0
75626000,0
75628000,0
75630000,0
75632000,0
75634000,0
75636000,0
75638000,0
75640000,0
75642000,0
75644000,0
75646000,0
75648000,0
75650000,0
75652000,0
75654000,0
75656000,0
75658000,0
75660000,0
75662000,0
75664000,0
75666000,0
75668000,0
75670000,0
75672000,0
75674000,0
75676000,0
75678000,0
75680000,0
75682000,0
75684000,0
75686000,0
75688000,0
75690000,0
75692000,0
75694000,0
75696000,0
75698000,0
75700000,0
75702000,0
75704000,0
75706000,0
75708000,0
75710000,0
75712000,0
75714000,0
75716000,0
75718000,0
75720000,0
75722000,0
75724000,0
75726000,0
75728000,0
75730000,0
75732000,0
75734000,0
75736000,0
75738000,0
75740000,0
75742000,0
75744000,0
75746000,0
75748000,0
75750000,0
75752000,0
75754000,0
75756000,0
75758000,0
75760000,0
75762000,0
75764000,0
75766000,0
75768000,0
75770000,0
75772000,0
75774000,0
75776000,0
75778000,0
75780000,0
75782000,0
75784000,0
75786000,0
75788000,0
75790000,0
75792000,0
75794000,0
75796000,0
75798000,0
75800000,0
75802000,0
75804000,0
75806000,0
75808000,0
75810000,0
75812000,0
75814000,0
75816000,0
75818000,0
75820000,0
75822000,0
75824000,0
75826000,0
75828000,0
75830000,0
75832000,0
75834000,0
75836000,0
75838000,0
75840000,0
75842000,0
75844000,0
75846000,0
75848000,0
75850000,0
75852000,0
75854000,0
75856000,0
75858000,0
75860000,0
75862000,0
75864000,0
75866000,0
75868000,0
75870000,0
75872000,0
75874000,0
75876000,0
75878000,0
75880000,0
75882000,0
75884000,0
75886000,0
75888000,0
75890000,0
75892000,0
75894000,0
75896000,0
75898000,0
75900000,0
75902000,0
75904000,0
75906000,0
75908000,0
75910000,0
75912000,0
75914000,0
75916000,0
75918000,0
75920000,0
75922000,0
75924000,0
75926000,0
75928000,0
75930000,0
75932000,0
75934000,0
75936000,0
75938000,0
75940000,0
75942000,0
75944000,0
75946000,0
75948000,0
75950000,0
75952000,0
75954000,0
75956000,0
75958000,0
75960000,0
75962000,0
75964000,0
75966000,0
75968000,0
75970000,0
75972000,0
75974000,0
75976000,0
75978000,0
75980000,0
75982000,0
75984000,0
75986000,0
75988000,0
75990000,0
75992000,0
75994000,0
75996000,0
75998000,0
76000000,0
76002000,0
76004000,0
76006000,0
76008000,0
76010000,0
76012000,0
76014000,0
76016000,0
76018000,0
76020000,0
76022000,0
76024000,0
76026000,0
76028000,0
76030000,0
76032000,0
76034000,0
76036000,0
76038000,0
76040000,0
76042000,0
76044000,0
76046000,0
76048000,0
76050000,0
76052000,0
76054000,0
76056000,0
76058000,0
76060000,0
76062000,0
76064000,0
76066000,0
76068000,0
76070000,0
76072000,0
76074000,0
76076000,0
76078000,0
76080000,0
76082000,0
76084000,0
76086000,0
76088000,0
76090000,0
76092000,0
76094000,0
76096000,0
76098000,0
76100000,0
76102000,0
76104000,0
76106000,0
76108000,0
76110000,0
76112000,0
76114000,0
76116000,0
76118000,0
76120000,0
76122000,0
76124000,0
76126000,0
76128000,0
76130000,0
76132000,0
76134000,0
76136000,0
76138000,0
76140000,0
76142000,0
76144000,0
76146000,0
76148000,0
76150000,0
76152000,0
76154000,0
76156000,0
76158000,0
76160000,0
76162000,0
76164000,0
76166000,0
76168000,0
76170000,0
76172000,0
76174000,0
76176000,0
76178000,0
76180000,0
76182000,0
76184000,0
76186000,0
76188000,0
76190000,0
76192000,0
76194000,0
76196000,0
76198000,0
76200000,0
76202000,0
76204000,0
76206000,0
76208000,0
76210000,0
76212000,0
76214000,0
76216000,0
76218000,0
76220000,0
76222000,0
76224000,0
76226000,0
76228000,0
76230000,0
76232000,0
76234000,0
76236000,0
76238000,0
76240000,0
76242000,0
76244000,0
76246000,0
76248000,0
76250000,0
76252000,0
76254000,0
76256000,0
76258000,0
76260000,0
76262000,0
76264000,0
76266000,0
76268000,0
76270000,0
76272000,0
76274000,0
76276000,0
76278000,0
76280000,0
76282000,0
76284000,0
76286000,0
76288000,0
76290000,0
76292000,0
76294000,0
76296000,0
76298000,0
76300000,0
76302000,0
76304000,0
76306000,0
76308000,0
76310000,0
76312000,0
76314000,0
76316000,0
76318000,0
76320000,0
76322000,0
76324000,0
76326000,0
76328000,0
76330000,0
76332000,0
76334000,0
76336000,0
76338000,0
76340000,0
76342000,0
76344000,0
76346000,0
76348000,0
76350000,0
76352000,0
76354000,0
76356000,0
76358000,0
76360000,0
76362000,0
76364000,0
76366000,0
76368000,0
76370000,0
76372000,0
76374000,0
76376000,0
76378000,0
76380000,0
76382000,0
76384000,0
76386000,0
76388000,0
76390000,0
76392000,0
76394000,0
76396000,0
76398000,0
76400000,0
76402000,0
76404000,0
76406000,0
76408000,0
76410000,0
76412000,0
76414000,0
76416000,0
76418000,0
76420000,0
76422000,0
76424000,0
76426000,0
76428000,0
76430000,0
76432000,0
76434000,0
76436000,0
76438000,0
76440000,0
76442000,0
76444000,0
76446000,0
76448000,0
76450000,0
76452000,0
76454000,0
76456000,0
76458000,0
76460000,0
76462000,0
76464000,0
76466000,0
76468000,0
76470000,0
76472000,0
76474000,0
76476000,0
76478000,0
76480000,0
76482000,0
76484000,0
76486000,0
76488000,0
76490000,0
76492000,0
76494000,0
76496000,0
76498000,0
76500000,0
76502000,0
76504000,0
76506000,0
76508000,0
76510000,0
76512000,0
76514000,0
76516000,0
76518000,0
76520000,0
76522000,0
76524000,0
76526000,0
76528000,0
76530000,0
76532000,0
76534000,0
76536000,0
76538000,0
76540000,0
76542000,0
76544000,0
76546000,0
76548000,0
76550000,0
76552000,0
76554000,0
76556000,0
76558000,0
76560000,0
76562000,0
76564000,0
76566000,0
76568000,0
76570000,0
76572000,0
76574000,0
76576000,0
76578000,0
76580000,0
76582000,0
76584000,0
76586000,0
76588000,0
76590000,0
76592000,0
76594000,0
76596000,0
76598000,0
76600000,0
76602000,0
76604000,0
76606000,0
76608000,0
76610000,0
76612000,0
76614000,0
76616000,0
76618000,0
76620000,0
76622000,0
76624000,0
76626000,0
76628000,0
76630000,0
76632000,0
76634000,0
76636000,0
76638000,0
76640000,0
76642000,0
76644000,0
76646000,0
76648000,0
76650000,0
76652000,0
76654000,0
76656000,0
76658000,0
76660000,0
76662000,0
76664000,0
76666000,0
76668000,0
76670000,0
76672000,0
76674000,0
76676000,0
76678000,0
76680000,0
76682000,0
76684000,0
76686000,0
76688000,0
76690000,0
76692000,0
76694000,0
76696000,0
76698000,0
76700000,0
76702000,0
76704000,0
76706000,0
76708000,0
76710000,0
76712000,0
76714000,0
76716000,0
76718000,0
76720000,0
76722000,0
76724000,0
76726000,0
76728000,0
76730000,0
76732000,0
76734000,0
76736000,0
76738000,0
76740000,0
76742000,0
76744000,0
76746000,0
76748000,0
76750000,0
76752000,0
76754000,0
76756000,0
76758000,0
76760000,0
76762000,0
76764000,0
76766000,0
76768000,0
76770000,0
76772000,0
76774000,0
76776000,0
76778000,0
76780000,0
76782000,0
76784000,0
76786000,0
76788000,0
76790000,0
76792000,0
76794000,0
76796000,0
76798000,0
76800000,0
76802000,0
76804000,0
76806000,0
76808000,0
76810000,0
76812000,0
76814000,0
76816000,0
76818000,0
76820000,0
76822000,0
76824000,0
76826000,0
76828000,0
76830000,0
76832000,0
76834000,0
76836000,0
76838000,0
76840000,0
76842000,0
76844000,0
76846000,0
76848000,0
76850000,0
76852000,0
76854000,0
76856000,0
76858000,0
76860000,0
76862000,0
76864000,0
76866000,0
76868000,0
76870000,0
76872000,0
76874000,0
76876000,0
76878000,0
76880000,0
76882000,0
76884000,0
76886000,0
76888000,0
76890000,0
76892000,0
76894000,0
76896000,0
76898000,0
76900000,0
76902000,0
76904000,0
76906000,0
76908000,0
76910000,0
76912000,0
76914000,0
76916000,0
76918000,0
76920000,0
76922000,0
76924000,0
76926000,0
76928000,0
76930000,0
76932000,0
76934000,0
76936000,0
76938000,0
76940000,0
76942000,0
76944000,0
76946000,0
76948000,0
76950000,0
76952000,0
76954000,0
76956000,0
76958000,0
76960000,0
76962000,0
76964000,0
76966000,0
76968000,0
76970000,0
76972000,0
76974000,0
76976000,0
76978000,0
76980000,0
76982000,0
76984000,0
76986000,0
76988000,0
76990000,0
76992000,0
76994000,0
76996000,0
76998000,0
77000000,0
77002000,0
77004000,0
77006000,0
77008000,0
77010000,0
77012000,0
77014000,0
77016000,0
77018000,0
77020000,0
77022000,0
77024000,0
77026000,0
77028000,0
77030000,0
77032000,0
77034000,0
77036000,0
77038000,0
77040000,0
77042000,0
77044000,0
77046000,0
77048000,0
77050000,0
77052000,0
77054000,0
77056000,0
77058000,0
77060000,0
77062000,0
77064000,0
77066000,0
77068000,0
77070000,0
77072000,0
77074000,0
77076000,0
77078000,0
77080000,0
77082000,0
77084000,0
77086000,0
77088000,0
77090000,0
77092000,0
77094000,0
77096000,0
77098000,0
77100000,0
77102000,0
77104000,0
77106000,0
77108000,0
77110000,0
77112000,0
77114000,0
77116000,0
77118000,0
77120000,0
77122000,0
77124000,0
77126000,0
77128000,0
77130000,0
77132000,0
77134000,0
77136000,0
77138000,0
77140000,0
77142000,0
77144000,0
77146000,0
77148000,0
77150000,0
77152000,0
77154000,0
77156000,0
77158000,0
77160000,0
77162000,0
77164000,0
77166000,0
77168000,0
77170000,0
77172000,0
77174000,0
77176000,0
77178000,0
77180000,0
77182000,0
77184000,0
77186000,0
77188000,0
77190000,0
77192000,0
77194000,0
77196000,0
77198000,0
77200000,0
77202000,0
77204000,0
77206000,0
77208000,0
77210000,0
77212000,0
77214000,0
77216000,0
77218000,0
77220000,0
77222000,0
77224000,0
77226000,0
77228000,0
77230000,0
77232000,0
77234000,0
77236000,0
77238000,0
77240000,0
77242000,0
77244000,0
77246000,0
77248000,0
77250000,0
77252000,0
77254000,0
77256000,0
77258000,0
77260000,0
77262000,0
77264000,0
77266000,0
77268000,0
77270000,0
77272000,0
77274000,0
77276000,0
77278000,0
77280000,0
77282000,0
77284000,0
77286000,0
77288000,0
77290000,0
77292000,0
77294000,0
77296000,0
77298000,0
77300000,0
77302000,0
77304000,0
77306000,0
77308000,0
77310000,0
77312000,0
77314000,0
77316000,0
77318000,0
77320000,0
77322000,0
77324000,0
77326000,0
77328000,0
77330000,0
77332000,0
77334000,0
77336000,0
77338000,0
77340000,0
77342000,0
77344000,0
77346000,0
77348000,0
77350000,0
77352000,0
77354000,0
77356000,0
77358000,0
77360000,0
77362000,0
77364000,0
77366000,0
77368000,0
77370000,0
77372000,0
77374000,0
77376000,0
77378000,0
77380000,0
77382000,0
77384000,0
77386000,0
77388000,0
77390000,0
77392000,0
77394000,0
77396000,0
77398000,0
77400000,0
77402000,0
77404000,0
77406000,0
77408000,0
77410000,0
77412000,0
77414000,0
77416000,0
77418000,0
77420000,0
77422000,0
77424000,0
77426000,0
77428000,0
77430000,0
77432000,0
77434000,0
77436000,0
77438000,0
77440000,0
77442000,0
77444000,0
77446000,0
77448000,0
77450000,0
77452000,0
77454000,0
77456000,0
77458000,0
77460000,0
77462000,0
77464000,0
77466000,0
77468000,0
77470000,0
77472000,0
77474000,0
77476000,0
77478000,0
77480000,0
77482000,0
77484000,0
77486000,0
77488000,0
77490000,0
77492000,0
77494000,0
77496000,0
77498000,0
77500000,0
77502000,0
77504000,0
77506000,0
77508000,0
77510000,0
77512000,0
77514000,0
77516000,0
77518000,0
77520000,0
77522000,0
77524000,0
77526000,0
77528000,0
77530000,0
77532000,0
77534000,0
77536000,0
77538000,0
77540000,0
77542000,0
77544000,0
77546000,0
77548000,0
77550000,0
77552000,0
77554000,0
77556000,0
77558000,0
77560000,0
77562000,0
77564000,0
77566000,0
77568000,0
77570000,0
77572000,0
77574000,0
77576000,0
77578000,0
77580000,0
77582000,0
77584000,0
77586000,0
77588000,0
77590000,0
77592000,0
77594000,0
77596000,0
77598000,0
77600000,0
77602000,0
77604000,0
77606000,0
77608000,0
77610000,0
77612000,0
77614000,0
77616000,0
77618000,0
77620000,0
77622000,0
77624000,0
77626000,0
77628000,0
77630000,0
77632000,0
77634000,0
77636000,0
77638000,0
77640000,0
77642000,0
77644000,0
77646000,0
77648000,0
77650000,0
77652000,0
77654000,0
77656000,0
77658000,0
77660000,0
77662000,0
77664000,0
77666000,0
77668000,0
77670000,0
77672000,0
77674000,0
77676000,0
77678000,0
77680000,0
77682000,0
77684000,0
77686000,0
77688000,0
77690000,0
77692000,0
77694000,0
77696000,0
77698000,0
77700000,0
77702000,0
77704000,0
77706000,0
77708000,0
77710000,0
77712000,0
77714000,0
77716000,0
77718000,0
77720000,0
77722000,0
77724000,0
77726000,0
77728000,0
77730000,0
77732000,0
77734000,0
77736000,0
77738000,0
77740000,0
77742000,0
77744000,0
77746000,0
77748000,0
77750000,0
77752000,0
77754000,0
77756000,0
77758000,0
77760000,0
77762000,0
77764000,0
77766000,0
77768000,0
77770000,0
77772000,0
77774000,0
77776000,0
77778000,0
77780000,0
77782000,0
77784000,0
77786000,0
77788000,0
77790000,0
77792000,0
77794000,0
77796000,0
77798000,0
77800000,0
77802000,0
77804000,0
77806000,0
77808000,0
77810000,0
77812000,0
77814000,0
77816000,0
77818000,0
77820000,0
77822000,0
77824000,0
77826000,0
77828000,0
77830000,0
77832000,0
77834000,0
77836000,0
77838000,0
77840000,0
77842000,0
77844000,0
77846000,0
77848000,0
77850000,0
77852000,0
77854000,0
77856000,0
77858000,0
77860000,0
77862000,0
77864000,0
77866000,0
77868000,0
77870000,0
77872000,0
77874000,0
77876000,0
77878000,0
77880000,0
77882000,0
77884000,0
77886000,0
77888000,0
77890000,0
77892000,0
77894000,0
77896000,0
77898000,0
77900000,0
77902000,0
77904000,0
77906000,0
77908000,0
77910000,0
77912000,0
77914000,0
77916000,0
77918000,0
77920000,0
77922000,0
77924000,0
77926000,0
77928000,0
77930000,0
77932000,0
77934000,0
77936000,0
77938000,0
77940000,0
77942000,0
77944000,0
77946000,0
77948000,0
77950000,0
77952000,0
77954000,0
77956000,0
77958000,0
77960000,0
77962000,0
77964000,0
77966000,0
77968000,0
77970000,0
77972000,0
77974000,0
77976000,0
77978000,0
77980000,0
77982000,0
77984000,0
77986000,0
77988000,0
77990000,0
77992000,0
77994000,0
77996000,0
77998000,0
78000000,0
78002000,0
78004000,0
78006000,0
78008000,0
78010000,0
78012000,0
78014000,0
78016000,0
78018000,0
78020000,0
78022000,0
78024000,0
78026000,0
78028000,0
78030000,0
78032000,0
78034000,0
78036000,0
78038000,0
78040000,0
78042000,0
78044000,0
78046000,0
78048000,0
78050000,0
78052000,0
78054000,0
78056000,0
78058000,0
78060000,0
78062000,0
78064000,0
78066000,0
78068000,0
78070000,0
78072000,0
78074000,0
78076000,0
78078000,0
78080000,0
78082000,0
78084000,0
78086000,0
78088000,0
78090000,0
78092000,0
78094000,0
78096000,0
78098000,0
78100000,0
78102000,0
78104000,0
78106000,0
78108000,0
78110000,0
78112000,0
78114000,0
78116000,0
78118000,0
78120000,0
78122000,0
78124000,0
78126000,0
78128000,0
78130000,0
78132000,0
78134000,0
78136000,0
78138000,0
78140000,0
78142000,0
78144000,0
78146000,0
78148000,0
78150000,0
78152000,0
78154000,0
78156000,0
78158000,0
78160000,0
78162000,0
78164000,0
78166000,0
78168000,0
78170000,0
78172000,0
78174000,0
78176000,0
78178000,0
78180000,0
78182000,0
78184000,0
78186000,0
78188000,0
78190000,0
78192000,0
78194000,0
78196000,0
78198000,0
78200000,0
78202000,0
78204000,0
78206000,0
78208000,0
78210000,0
78212000,0
78214000,0
78216000,0
78218000,0
78220000,0
78222000,0
78224000,0
78226000,0
78228000,0
78230000,0
78232000,0
78234000,0
78236000,0
78238000,0
78240000,0
78242000,0
78244000,0
78246000,0
78248000,0
78250000,0
78252000,0
78254000,0
78256000,0
78258000,0
78260000,0
78262000,0
78264000,0
78266000,0
78268000,0
78270000,0
78272000,0
78274000,0
78276000,0
78278000,0
78280000,0
78282000,0
78284000,0
78286000,0
78288000,0
78290000,0
78292000,0
78294000,0
78296000,0
78298000,0
78300000,0
78302000,0
78304000,0
78306000,0
78308000,0
78310000,0
78312000,0
78314000,0
78316000,0
78318000,0
78320000,0
78322000,0
78324000,0
78326000,0
78328000,0
78330000,0
78332000,0
78334000,0
78336000,0
78338000,0
78340000,0
78342000,0
78344000,0
78346000,0
78348000,0
78350000,0
78352000,0
78354000,0
78356000,0
78358000,0
78360000,0
78362000,0
78364000,0
78366000,0
78368000,0
78370000,0
78372000,0
78374000,0
78376000,0
78378000,0
78380000,0
78382000,0
78384000,0
78386000,0
78388000,0
78390000,0
78392000,0
78394000,0
78396000,0
78398000,0
78400000,0
78402000,0
78404000,0
78406000,0
78408000,0
78410000,0
78412000,0
78414000,0
78416000,0
78418000,0
78420000,0
78422000,0
78424000,0
78426000,0
78428000,0
78430000,0
78432000,0
78434000,0
78436000,0
78438000,0
78440000,0
78442000,0
78444000,0
78446000,0
78448000,0
78450000,0
78452000,0
78454000,0
78456000,0
78458000,0
78460000,0
78462000,0
78464000,0
78466000,0
78468000,0
78470000,0
78472000,0
78474000,0
78476000,0
78478000,0
78480000,0
78482000,0
78484000,0
78486000,0
78488000,0
78490000,0
78492000,0
78494000,0
78496000,0
78498000,0
78500000,0
78502000,0
78504000,0
78506000,0
78508000,0
78510000,0
78512000,0
78514000,0
78516000,0
78518000,0
78520000,0
78522000,0
78524000,0
78526000,0
78528000,0
78530000,0
78532000,0
78534000,0
78536000,0
78538000,0
78540000,0
78542000,0
78544000,0
78546000,0
78548000,0
78550000,0
78552000,0
78554000,0
78556000,0
78558000,0
78560000,0
78562000,0
78564000,0
78566000,0
78568000,0
78570000,0
78572000,0
78574000,0
78576000,0
78578000,0
78580000,0
78582000,0
78584000,0
78586000,0
78588000,0
78590000,0
78592000,0
78594000,0
78596000,0
78598000,0
78600000,0
78602000,0
78604000,0
78606000,0
78608000,0
78610000,0
78612000,0
78614000,0
78616000,0
78618000,0
78620000,0
78622000,0
78624000,0
78626000,0
78628000,0
78630000,0
78632000,0
78634000,0
78636000,0
78638000,0
78640000,0
78642000,0
78644000,0
78646000,0
78648000,0
78650000,0
78652000,0
78654000,0
78656000,0
78658000,0
78660000,0
78662000,0
78664000,0
78666000,0
78668000,0
78670000,0
78672000,0
78674000,0
78676000,0
78678000,0
78680000,0
78682000,0
78684000,0
78686000,0
78688000,0
78690000,0
78692000,0
78694000,0
78696000,0
78698000,0
78700000,0
78702000,0
78704000,0
78706000,0
78708000,0
78710000,0
78712000,0
78714000,0
78716000,0
78718000,0
78720000,0
78722000,0
78724000,0
78726000,0
78728000,0
78730000,0
78732000,0
78734000,0
78736000,0
78738000,0
78740000,0
78742000,0
78744000,0
78746000,0
78748000,0
78750000,0
78752000,0
78754000,0
78756000,0
78758000,0
78760000,0
78762000,0
78764000,0
78766000,0
78768000,0
78770000,0
78772000,0
78774000,0
78776000,0
78778000,0
78780000,0
78782000,0
78784000,0
78786000,0
78788000,0
78790000,0
78792000,0
78794000,0
78796000,0
78798000,0
78800000,0
78802000,0
78804000,0
78806000,0
78808000,0
78810000,0
78812000,0
78814000,0
78816000,0
78818000,0
78820000,0
78822000,0
78824000,0
78826000,0
78828000,0
78830000,0
78832000,0
78834000,0
78836000,0
78838000,0
78840000,0
78842000,0
78844000,0
78846000,0
78848000,0
78850000,0
78852000,0
78854000,0
78856000,0
78858000,0
78860000,0
78862000,0
78864000,0
78866000,0
78868000,0
78870000,0
78872000,0
78874000,0
78876000,0
78878000,0
78880000,0
78882000,0
78884000,0
78886000,0
78888000,0
78890000,0
78892000,0
78894000,0
78896000,0
78898000,0
78900000,0
78902000,0
78904000,0
78906000,0
78908000,0
78910000,0
78912000,0
78914000,0
78916000,0
78918000,0
78920000,0
78922000,0
78924000,0
78926000,0
78928000,0
78930000,0
78932000,0
78934000,0
78936000,0
78938000,0
78940000,0
78942000,0
78944000,0
78946000,0
78948000,0
78950000,0
78952000,0
78954000,0
78956000,0
78958000,0
78960000,0
78962000,0
78964000,0
78966000,0
78968000,0
78970000,0
78972000,0
78974000,0
78976000,0
78978000,0
78980000,0
78982000,0
78984000,0
78986000,0
78988000,0
78990000,0
78992000,0
78994000,0
78996000,0
78998000,0
79000000,0
79002000,0
79004000,0
79006000,0
79008000,0
79010000,0
79012000,0
79014000,0
79016000,0
79018000,0
79020000,0
79022000,0
79024000,0
79026000,0
79028000,0
79030000,0
79032000,0
79034000,0
79036000,0
79038000,0
79040000,0
79042000,0
79044000,0
79046000,0
79048000,0
79050000,0
79052000,0
79054000,0
79056000,0
79058000,0
79060000,0
79062000,0
79064000,0
79066000,0
79068000,0
79070000,0
79072000,0
79074000,0
79076000,0
79078000,0
79080000,0
79082000,0
79084000,0
79086000,0
79088000,0
79090000,0
79092000,0
79094000,0
79096000,0
79098000,0
79100000,0
79102000,0
79104000,0
79106000,0
79108000,0
79110000,0
79112000,0
79114000,0
79116000,0
79118000,0
79120000,0
79122000,0
79124000,0
79126000,0
79128000,0
79130000,0
79132000,0
79134000,0
79136000,0
79138000,0
79140000,0
79142000,0
79144000,0
79146000,0
79148000,0
79150000,0
79152000,0
79154000,0
79156000,0
79158000,0
79160000,0
79162000,0
79164000,0
79166000,0
79168000,0
79170000,0
79172000,0
79174000,1570
79176000,1726
79178000,1860
79180000,1921
79182000,1967
79184000,2080
79186000,2068
79188000,2117
79190000,2128
79192000,2114
79194000,2157
79196000,2160
79198000,2179
79200000,2191
79202000,2194
79204000,2165
79206000,2199
79208000,2208
79210000,2235
79212000,2257
79214000,2261
79216000,2270
79218000,2279
79220000,2272
79222000,2288
79224000,2285
79226000,2273
79228000,2276
79230000,2294
79232000,2294
79234000,2289
79236000,2284
79238000,2295
79240000,2304
79242000,2319
79244000,2365
79246000,2417
79248000,2448
79250000,2441
79252000,2457
79254000,2461
79256000,2470
79258000,2472
79260000,2468
79262000,2469
79264000,2497
79266000,2481
79268000,2497
79270000,2481
79272000,2485
79274000,2495
79276000,2499
79278000,2503
79280000,2499
79282000,2513
79284000,2516
79286000,2514
79288000,2512
79290000,2547
79292000,2559
79294000,2559
79296000,2592
79298000,2638
79300000,2672
79302000,2685
79304000,2694
79306000,2704
79308000,2714
79310000,2711
79312000,2822
79314000,2898
79316000,2947
79318000,2943
79320000,2976
79322000,3018
79324000,3089
79326000,3111
79328000,3142
79330000,3152
79332000,3168
79334000,3158
79336000,3167
79338000,3184
79340000,3175
79342000,3189
79344000,3187
79346000,3193
79348000,3200
79350000,3200
79352000,3195
79354000,3189
79356000,3198
79358000,3198
79360000,3200
79362000,3198
79364000,3215
79366000,3206
79368000,3214
79370000,3210
79372000,3216
79374000,3226
79376000,3222
79378000,3212
79380000,3231
79382000,3225
79384000,3235
79386000,3238
79388000,3229
79390000,3246
79392000,3238
79394000,3239
79396000,3242
79398000,3246
79400000,3237
79402000,3238
79404000,3241
79406000,3244
79408000,3246
79410000,3246
79412000,3249
79414000,3242
79416000,3242
79418000,3242
79420000,3260
79422000,3246
79424000,3248
79426000,3248
79428000,3248
79430000,3246
79432000,3227
79434000,3248
79436000,3249
79438000,3248
79440000,3247
79442000,3253
79444000,3250
79446000,3247
79448000,3250
79450000,3261
79452000,3254
79454000,3283
79456000,3293
79458000,3295
79460000,3283
79462000,3295
79464000,3299
79466000,3326
79468000,3328
79470000,3315
79472000,3319
79474000,3329
79476000,3328
79478000,3330
79480000,3344
79482000,3366
79484000,3350
79486000,3357
79488000,3360
79490000,3371
79492000,3369
79494000,3365
79496000,3362
79498000,3367
79500000,3372
79502000,3371
79504000,3376
79506000,3376
79508000,3391
79510000,3381
79512000,3376
79514000,3373
79516000,3385
79518000,3391
79520000,3402
79522000,3442
79524000,3440
79526000,3438
79528000,3427
79530000,3449
79532000,3442
79534000,3456
79536000,3473
79538000,3475
79540000,3485
79542000,3487
79544000,3487
79546000,3504
79548000,3495
79550000,3515
79552000,3519
79554000,3517
79556000,3533
79558000,3531
79560000,3536
79562000,3520
79564000,3542
79566000,3536
79568000,3553
79570000,3556
79572000,3563
79574000,3569
79576000,3570
79578000,3583
79580000,3581
79582000,3581
79584000,3578
79586000,3583
79588000,3583
79590000,3583
79592000,3583
79594000,3583
79596000,3599
79598000,3574
79600000,3600
79602000,3583
79604000,3602
79606000,3619
79608000,3611
79610000,3615
79612000,3617
79614000,3632
79616000,3641
79618000,3657
79620000,3650
79622000,3655
79624000,3653
79626000,3665
79628000,3665
79630000,3664
79632000,3664
79634000,3664
79636000,3654
79638000,3664
79640000,3669
79642000,3673
79644000,3666
79646000,3654
79648000,3665
79650000,3671
79652000,3671
79654000,3679
79656000,3685
79658000,3679
79660000,3686
79662000,3680
79664000,3687
79666000,3665
79668000,3683
79670000,3690
79672000,3685
79674000,3682
79676000,3694
79678000,3696
79680000,3689
79682000,3689
79684000,3633
79686000,3695
79688000,3689
79690000,3692
79692000,3691
79694000,3687
79696000,3686
79698000,3695
79700000,3696
79702000,3684
79704000,3695
79706000,3680
79708000,3712
79710000,3694
79712000,3693
79714000,3695
79716000,3692
79718000,3691
79720000,3697
79722000,3696
79724000,3697
79726000,3707
79728000,3703
79730000,3707
79732000,3713
79734000,3714
79736000,3712
79738000,3717
79740000,3721
79742000,3718
79744000,3713
79746000,3728
79748000,3711
79750000,3716
79752000,3715
79754000,3713
79756000,3722
79758000,3718
79760000,3715
79762000,3731
79764000,3729
79766000,3728
79768000,3734
79770000,3765
79772000,3747
79774000,3751
79776000,3763
79778000,3765
79780000,3773
79782000,3770
79784000,3772
79786000,3766
79788000,3769
79790000,3772
79792000,3778
79794000,3772
79796000,3766
79798000,3779
79800000,3790
79802000,3781
79804000,3788
79806000,3805
79808000,3785
79810000,3787
79812000,3780
79814000,3780
79816000,3781
79818000,3783
79820000,3790
79822000,3794
79824000,3789
79826000,3792
79828000,3795
79830000,3788
79832000,3792
79834000,3787
79836000,3779
79838000,3787
79840000,3774
79842000,3781
79844000,3782
79846000,3775
79848000,3786
79850000,3785
79852000,3789
79854000,3770
79856000,3792
79858000,3815
79860000,3786
79862000,3794
79864000,3802
79866000,3791
79868000,3805
79870000,3798
79872000,3799
79874000,3794
79876000,3811
79878000,3796
79880000,3792
79882000,3807
79884000,3793
79886000,3791
79888000,3807
79890000,3815
79892000,3806
79894000,3799
79896000,3799
79898000,3807
79900000,3807
79902000,3806
79904000,3804
79906000,3809
79908000,3810
79910000,3815
79912000,3824
79914000,3814
79916000,3819
79918000,3833
79920000,3820
79922000,3829
79924000,3839
79926000,3845
79928000,3853
79930000,3846
79932000,3854
79934000,3860
79936000,3854
79938000,3856
79940000,3863
79942000,3871
79944000,3858
79946000,3872
79948000,3867
79950000,3873
79952000,3872
79954000,3882
79956000,3866
79958000,3861
79960000,3868
79962000,3866
79964000,3857
79966000,3867
79968000,3857
79970000,3860
79972000,3866
79974000,3850
79976000,3849
79978000,3847
79980000,3841
79982000,3843
79984000,3856
79986000,3838
79988000,3823
79990000,3839
79992000,3824
79994000,3813
79996000,3820
79998000,3819
80000000,3818
80002000,3818
80004000,3824
80006000,3810
80008000,3819
80010000,3799
80012000,3824
80014000,3815
80016000,3818
80018000,3818
80020000,3822
80022000,3824
80024000,3820
80026000,3823
80028000,3816
80030000,3798
80032000,3824
80034000,3827
80036000,3821
80038000,3824
80040000,3821
80042000,3824
80044000,3855
80046000,3811
80048000,3819
80050000,3799
80052000,3827
80054000,3826
80056000,3824
80058000,3824
80060000,3807
80062000,3787
80064000,3824
80066000,3824
80068000,3819
80070000,3822
80072000,3821
80074000,3824
80076000,3809
80078000,3822
80080000,3824
80082000,3822
80084000,3824
80086000,3827
80088000,3813
80090000,3818
80092000,3819
80094000,3819
80096000,3821
80098000,3825
80100000,3813
80102000,3815
80104000,3809
80106000,3820
80108000,3815
80110000,3824
80112000,3820
80114000,3824
80116000,3828
80118000,3814
80120000,3818
80122000,3823
80124000,3827
80126000,3826
80128000,3817
80130000,3809
80132000,3819
80134000,3821
80136000,3815
80138000,3823
80140000,3807
80142000,3817
80144000,3837
80146000,3824
80148000,3817
80150000,3821
80152000,3824
80154000,3821
80156000,3818
80158000,3821
80160000,3824
80162000,3818
80164000,3823
80166000,3821
80168000,3820
80170000,3824
80172000,3823
80174000,3811
80176000,3827
80178000,3827
80180000,3825
80182000,3819
80184000,3818
80186000,3824
80188000,3825
80190000,3811
80192000,3823
80194000,3832
80196000,3821
80198000,3824
80200000,3830
80202000,3824
80204000,3843
80206000,3828
80208000,3829
80210000,3827
80212000,3834
80214000,3822
80216000,3837
80218000,3828
80220000,3824
80222000,3824
80224000,3839
80226000,3824
80228000,3827
80230000,3826
80232000,3824
80234000,3824
80236000,3821
80238000,3824
80240000,3826
80242000,3829
80244000,3818
80246000,3834
80248000,3824
80250000,3824
80252000,3824
80254000,3829
80256000,3824
80258000,3824
80260000,3825
80262000,3823
80264000,3829
80266000,3828
80268000,3824
80270000,3821
80272000,3821
80274000,3815
80276000,3825
80278000,3823
80280000,3821
80282000,3824
80284000,3835
80286000,3818
80288000,3818
80290000,3855
80292000,3819
80294000,3824
80296000,3825
80298000,3839
80300000,3825
80302000,3827
80304000,3842
80306000,3833
80308000,3825
80310000,3827
80312000,3835
80314000,3823
80316000,3835
80318000,3827
80320000,3818
80322000,3824
80324000,3817
80326000,3825
80328000,3815
80330000,3817
80332000,3822
80334000,3819
80336000,3818
80338000,3825
80340000,3829
80342000,3824
80344000,3823
80346000,3824
80348000,3826
80350000,3821
80352000,3825
80354000,3827
80356000,3827
80358000,3843
80360000,3839
80362000,3847
80364000,3853
80366000,3844
80368000,3842
80370000,3852
80372000,3856
80374000,3856
80376000,3854
80378000,3850
80380000,3851
80382000,3841
80384000,3845
80386000,3855
80388000,3856
80390000,3856
80392000,3846
80394000,3847
80396000,3856
80398000,3856
80400000,3860
80402000,3869
80404000,3864
80406000,3857
80408000,3857
80410000,3853
80412000,3855
80414000,3863
80416000,3860
80418000,3851
80420000,3856
80422000,3851
80424000,3850
80426000,3856
80428000,3853
80430000,3856
80432000,3851
80434000,3856
80436000,3856
80438000,3857
80440000,3856
80442000,3858
80444000,3857
80446000,3863
80448000,3856
80450000,3875
80452000,3875
80454000,3866
80456000,3869
80458000,3882
80460000,3876
80462000,3888
80464000,3884
80466000,3872
80468000,3872
80470000,3881
80472000,3875
80474000,3878
80476000,3869
80478000,3886
80480000,3879
80482000,3881
80484000,3877
80486000,3882
80488000,3874
80490000,3882
80492000,3872
80494000,3880
80496000,3883
80498000,3883
80500000,3863
80502000,3879
80504000,3888
80506000,3873
80508000,3892
80510000,3881
80512000,3888
80514000,3885
80516000,3886
80518000,3884
80520000,3913
80522000,3887
80524000,3875
80526000,3888
80528000,3886
80530000,3888
80532000,3881
80534000,3890
80536000,3889
80538000,3877
80540000,3884
80542000,3897
80544000,3888
80546000,3889
80548000,3872
80550000,3894
80552000,3898
80554000,3890
80556000,3889
80558000,3903
80560000,3883
80562000,3907
80564000,3904
80566000,3911
80568000,3907
80570000,3905
80572000,3899
80574000,3909
80576000,3905
80578000,3907
80580000,3919
80582000,3911
80584000,3918
80586000,3914
80588000,3920
80590000,3925
80592000,3911
80594000,3920
80596000,3911
80598000,3919
80600000,3920
80602000,3911
80604000,3910
80606000,3919
80608000,3923
80610000,3910
80612000,3917
80614000,3911
80616000,3918
80618000,3920
80620000,3916
80622000,3917
80624000,3931
80626000,3913
80628000,3913
80630000,3914
80632000,3920
80634000,3927
80636000,3920
80638000,3916
80640000,3920
80642000,3918
80644000,3919
80646000,3919
80648000,3957
80650000,3987
80652000,3920
80654000,3930
80656000,3914
80658000,3926
80660000,3938
80662000,3927
80664000,3927
80666000,3934
80668000,3927
80670000,3934
80672000,3942
80674000,3944
80676000,3942
80678000,3951
80680000,3935
80682000,3954
80684000,3946
80686000,3942
80688000,3961
80690000,3966
80692000,3963
80694000,3964
80696000,3954
80698000,3956
80700000,3969
80702000,3952
80704000,3962
80706000,3969
80708000,3965
80710000,3967
80712000,3965
80714000,3973
80716000,3975
80718000,3974
80720000,3973
80722000,3962
80724000,3968
80726000,3965
80728000,3962
80730000,3963
80732000,3963
80734000,3965
80736000,3974
80738000,3971
80740000,3973
80742000,3984
80744000,3968
80746000,3984
80748000,3973
80750000,3973
80752000,3975
80754000,3977
80756000,3981
80758000,3977
80760000,3973
80762000,3984
80764000,3966
80766000,3968
80768000,3981
80770000,3963
80772000,3973
80774000,3974
80776000,3969
80778000,3977
80780000,3982
80782000,3975
80784000,3983
80786000,3979
80788000,3975
80790000,3975
80792000,3999
80794000,3979
80796000,3965
80798000,3984
80800000,3983
80802000,3983
80804000,3985
80806000,3985
80808000,3984
80810000,3987
80812000,3984
80814000,3970
80816000,3985
80818000,3983
80820000,3983
80822000,3984
80824000,3986
80826000,3984
80828000,3991
80830000,3993
80832000,4000
80834000,3986
80836000,4000
80838000,3920
80840000,3981
80842000,3984
80844000,3983
80846000,4002
80848000,3986
80850000,3991
80852000,3987
80854000,3989
80856000,3984
80858000,3991
80860000,3997
80862000,3987
80864000,3983
80866000,3987
80868000,3985
80870000,3994
80872000,3981
80874000,3995
80876000,3986
80878000,3984
80880000,3986
80882000,3995
80884000,3984
80886000,3984
80888000,3989
80890000,3985
80892000,3983
80894000,3984
80896000,3984
80898000,3987
80900000,3984
80902000,3979
80904000,3984
80906000,3987
80908000,3985
80910000,3982
80912000,3987
80914000,3995
80916000,3989
80918000,3990
80920000,3994
80922000,3995
80924000,3973
80926000,3984
80928000,3997
80930000,3993
80932000,3985
80934000,3999
80936000,3996
80938000,4017
80940000,3999
80942000,4003
80944000,3989
80946000,3999
80948000,4001
80950000,4001
80952000,4015
80954000,3997
80956000,4013
80958000,4003
80960000,4002
80962000,4001
80964000,4005
80966000,4002
80968000,4002
80970000,4011
80972000,4016
80974000,4014
80976000,4002
80978000,4006
80980000,4007
80982000,4015
80984000,4013
80986000,4003
80988000,4011
80990000,4016
80992000,4007
80994000,4015
80996000,4007
80998000,4005
81000000,4010
81002000,3997
81004000,4000
81006000,4005
81008000,4011
81010000,4002
81012000,4009
81014000,4012
81016000,4012
81018000,4016
81020000,4009
81022000,3955
81024000,4003
81026000,4009
81028000,4010
81030000,4001
81032000,4006
81034000,4007
81036000,4001
81038000,4018
81040000,3998
81042000,4016
81044000,4005
81046000,4007
81048000,4005
81050000,4003
81052000,4013
81054000,4014
81056000,3999
81058000,4013
81060000,4005
81062000,4010
81064000,4006
81066000,4005
81068000,4024
81070000,4007
81072000,4010
81074000,3999
81076000,4007
81078000,4003
81080000,4000
81082000,4023
81084000,4019
81086000,4014
81088000,4010
81090000,4014
81092000,4007
81094000,4047
81096000,4007
81098000,3955
81100000,4009
81102000,4009
81104000,3997
81106000,3995
81108000,3981
81110000,3998
81112000,4000
81114000,3937
81116000,4005
81118000,3984
81120000,3990
81122000,3963
81124000,4012
81126000,4006
81128000,3985
81130000,3993
81132000,3931
81134000,3966
81136000,4000
81138000,4005
81140000,4003
81142000,3990
81144000,3994
81146000,4005
81148000,3990
81150000,3984
81152000,3991
81154000,4003
81156000,3999
81158000,4013
81160000,3971
81162000,3993
81164000,3991
81166000,3991
81168000,3927
81170000,3995
81172000,3995
81174000,3991
81176000,3975
81178000,4065
81180000,3920
81182000,3989
81184000,3963
81186000,3981
81188000,4014
81190000,3973
81192000,4055
81194000,3962
81196000,3993
81198000,3998
81200000,3991
81202000,3985
81204000,3984
81206000,3993
81208000,3883
81210000,3999
81212000,3980
81214000,3982
81216000,3965
81218000,4012
81220000,3982
81222000,3980
81224000,3970
81226000,4001
81228000,4023
81230000,3954
81232000,3952
81234000,3977
81236000,3978
81238000,3973
81240000,3981
81242000,3970
81244000,3971
81246000,3969
81248000,3984
81250000,3963
81252000,3981
81254000,3966
81256000,3979
81258000,3985
81260000,3978
81262000,3967
81264000,3971
81266000,3977
81268000,3949
81270000,3989
81272000,3959
81274000,3973
81276000,3957
81278000,3968
81280000,3946
81282000,3967
81284000,3984
81286000,3973
81288000,3959
81290000,3957
81292000,3973
81294000,3963
81296000,3959
81298000,3947
81300000,3967
81302000,3964
81304000,3969
81306000,3962
81308000,3967
81310000,3961
81312000,3963
81314000,3963
81316000,3952
81318000,3973
81320000,3966
81322000,3964
81324000,3966
81326000,3959
81328000,3967
81330000,3979
81332000,3973
81334000,3971
81336000,3978
81338000,3978
81340000,3973
81342000,3987
81344000,3980
81346000,3984
81348000,3984
81350000,3982
81352000,3982
81354000,3984
81356000,3984
81358000,3987
81360000,3993
81362000,3989
81364000,3978
81366000,3986
81368000,3984
81370000,3996
81372000,3987
81374000,3984
81376000,3983
81378000,3984
81380000,3980
81382000,3985
81384000,3986
81386000,3985
81388000,3983
81390000,3979
81392000,3978
81394000,3981
81396000,3986
81398000,3984
81400000,3984
81402000,3986
81404000,3980
81406000,3977
81408000,3984
81410000,3987
81412000,3984
81414000,3981
81416000,3983
81418000,3991
81420000,3988
81422000,3986
81424000,3963
81426000,3984
81428000,3975
81430000,3986
81432000,3989
81434000,3983
81436000,3983
81438000,3984
81440000,3975
81442000,3991
81444000,3979
81446000,3978
81448000,3959
81450000,3984
81452000,3991
81454000,3979
81456000,4001
81458000,3984
81460000,3978
81462000,3983
81464000,3981
81466000,3979
81468000,3983
81470000,3979
81472000,3973
81474000,3993
81476000,3981
81478000,3982
81480000,3984
81482000,3979
81484000,3964
81486000,3975
81488000,3979
81490000,3968
81492000,3964
81494000,3961
81496000,3959
81498000,3961
81500000,3956
81502000,3954
81504000,3955
81506000,3952
81508000,3959
81510000,3964
81512000,3954
81514000,3958
81516000,3961
81518000,3955
81520000,3958
81522000,3951
81524000,3958
81526000,3951
81528000,3953
81530000,3947
81532000,3938
81534000,3938
81536000,3934
81538000,3935
81540000,3936
81542000,3915
81544000,3937
81546000,3938
81548000,3932
81550000,3932
81552000,3921
81554000,3919
81556000,3938
81558000,3930
81560000,3933
81562000,3922
81564000,3915
81566000,3899
81568000,3905
81570000,3902
81572000,3905
81574000,3899
81576000,3899
81578000,3859
81580000,3885
81582000,3879
81584000,3871
81586000,3870
81588000,3858
81590000,3862
81592000,3856
81594000,3854
81596000,3857
81598000,3856
81600000,3847
81602000,3852
81604000,3840
81606000,3834
81608000,3827
81610000,3834
81612000,3822
81614000,3829
81616000,3833
81618000,3833
81620000,3827
81622000,3824
81624000,3822
81626000,3829
81628000,3829
81630000,3824
81632000,3831
81634000,3825
81636000,3819
81638000,3824
81640000,3816
81642000,3815
81644000,3819
81646000,3810
81648000,3815
81650000,3803
81652000,3799
81654000,3806
81656000,3809
81658000,3806
81660000,3801
81662000,3801
81664000,3792
81666000,3797
81668000,3793
81670000,3794
81672000,3792
81674000,3794
81676000,3799
81678000,3795
81680000,3793
81682000,3793
81684000,3781
81686000,3790
81688000,3792
81690000,3782
81692000,3792
81694000,3789
81696000,3796
81698000,3788
81700000,3789
81702000,3792
81704000,3789
81706000,3779
81708000,3790
81710000,3795
81712000,3791
81714000,3793
81716000,3787
81718000,3788
81720000,3790
81722000,3778
81724000,3787
81726000,3790
81728000,3782
81730000,3782
81732000,3786
81734000,3783
81736000,3785
81738000,3787
81740000,3774
81742000,3782
81744000,3777
81746000,3774
81748000,3787
81750000,3786
81752000,3760
81754000,3774
81756000,3783
81758000,3770
81760000,3784
81762000,3783
81764000,3773
81766000,3767
81768000,3773
81770000,3776
81772000,3776
81774000,3772
81776000,3773
81778000,3769
81780000,3759
81782000,3761
81784000,3760
81786000,3766
81788000,3758
81790000,3761
81792000,3760
81794000,3754
81796000,3745
81798000,3744
81800000,3737
81802000,3742
81804000,3735
81806000,3731
81808000,3731
81810000,3746
81812000,3729
81814000,3726
81816000,3730
81818000,3723
81820000,3731
81822000,3728
81824000,3725
81826000,3725
81828000,3725
81830000,3733
81832000,3730
81834000,3722
81836000,3728
81838000,3729
81840000,3728
81842000,3728
81844000,3728
81846000,3727
81848000,3725
81850000,3723
81852000,3728
81854000,3732
81856000,3721
81858000,3728
81860000,3725
81862000,3731
81864000,3728
81866000,3734
81868000,3733
81870000,3729
81872000,3729
81874000,3728
81876000,3728
81878000,3728
81880000,3732
81882000,3728
81884000,3728
81886000,3723
81888000,3723
81890000,3724
81892000,3730
81894000,3729
81896000,3742
81898000,3723
81900000,3723
81902000,3730
81904000,3722
81906000,3731
81908000,3734
81910000,3728
81912000,3728
81914000,3728
81916000,3728
81918000,3728
81920000,3728
81922000,3728
81924000,3725
81926000,3728
81928000,3728
81930000,3723
81932000,3722
81934000,3728
81936000,3709
81938000,3718
81940000,3728
81942000,3717
81944000,3728
81946000,3717
81948000,3709
81950000,3719
81952000,3714
81954000,3712
81956000,3723
81958000,3721
81960000,3726
81962000,3711
81964000,3715
81966000,3727
81968000,3728
81970000,3713
81972000,3719
81974000,3714
81976000,3723
81978000,3723
81980000,3719
81982000,3713
81984000,3725
81986000,3714
81988000,3723
81990000,3713
81992000,3713
81994000,3727
81996000,3717
81998000,3700
82000000,3710
82002000,3712
82004000,3719
82006000,3725
82008000,3714
82010000,3718
82012000,3717
82014000,3723
82016000,3719
82018000,3718
82020000,3723
82022000,3727
82024000,3723
82026000,3708
82028000,3714
82030000,3714
82032000,3717
82034000,3713
82036000,3725
82038000,3709
82040000,3713
82042000,3715
82044000,3719
82046000,3710
82048000,3724
82050000,3712
82052000,3718
82054000,3717
82056000,3721
82058000,3708
82060000,3709
82062000,3714
82064000,3709
82066000,3713
82068000,3716
82070000,3717
82072000,3714
82074000,3722
82076000,3712
82078000,3701
82080000,3715
82082000,3703
82084000,3710
82086000,3710
82088000,3710
82090000,3711
82092000,3717
82094000,3711
82096000,3718
82098000,3715
82100000,3709
82102000,3714
82104000,3714
82106000,3720
82108000,3708
82110000,3709
82112000,3711
82114000,3715
82116000,3711
82118000,3707
82120000,3717
82122000,3715
82124000,3723
82126000,3713
82128000,3712
82130000,3691
82132000,3713
82134000,3717
82136000,3712
82138000,3712
82140000,3715
82142000,3713
82144000,3714
82146000,3707
82148000,3712
82150000,3712
82152000,3709
82154000,3711
82156000,3714
82158000,3710
82160000,3716
82162000,3711
82164000,3710
82166000,3711
82168000,3711
82170000,3712
82172000,3701
82174000,3706
82176000,3710
82178000,3712
82180000,3712
82182000,3710
82184000,3714
82186000,3714
82188000,3714
82190000,3716
82192000,3714
82194000,3715
82196000,3726
82198000,3722
82200000,3711
82202000,3723
82204000,3719
82206000,3719
82208000,3712
82210000,3717
82212000,3725
82214000,3718
82216000,3717
82218000,3711
82220000,3715
82222000,3711
82224000,3712
82226000,3714
82228000,3723
82230000,3711
82232000,3706
82234000,3714
82236000,3707
82238000,3706
82240000,3705
82242000,3709
82244000,3701
82246000,3711
82248000,3711
82250000,3715
82252000,3719
82254000,3715
82256000,3718
82258000,3711
82260000,3709
82262000,3709
82264000,3709
82266000,3714
82268000,3719
82270000,3711
82272000,3713
82274000,3710
82276000,3745
82278000,3707
82280000,3714
82282000,3718
82284000,3710
82286000,3715
82288000,3711
82290000,3709
82292000,3696
82294000,3711
82296000,3712
82298000,3725
82300000,3707
82302000,3703
82304000,3710
82306000,3711
82308000,3717
82310000,3719
82312000,3723
82314000,3720
82316000,3710
82318000,3718
82320000,3713
82322000,3715
82324000,3711
82326000,3713
82328000,3711
82330000,3714
82332000,3705
82334000,3706
82336000,3709
82338000,3714
82340000,3710
82342000,3699
82344000,3711
82346000,3710
82348000,3710
82350000,3712
82352000,3698
82354000,3708
82356000,3696
82358000,3696
82360000,3697
82362000,3694
82364000,3697
82366000,3706
82368000,3702
82370000,3709
82372000,3706
82374000,3707
82376000,3705
82378000,3713
82380000,3707
82382000,3709
82384000,3706
82386000,3706
82388000,3708
82390000,3725
82392000,3724
82394000,3713
82396000,3712
82398000,3718
82400000,3713
82402000,3715
82404000,3707
82406000,3711
82408000,3722
82410000,3714
82412000,3712
82414000,3716
82416000,3717
82418000,3706
82420000,3721
82422000,3714
82424000,3711
82426000,3712
82428000,3710
82430000,3703
82432000,3707
82434000,3709
82436000,3711
82438000,3702
82440000,3716
82442000,3712
82444000,3718
82446000,3717
82448000,3715
82450000,3728
82452000,3691
82454000,3706
82456000,3714
82458000,3699
82460000,3709
82462000,3724
82464000,3696
82466000,3709
82468000,3719
82470000,3721
82472000,3713
82474000,3719
82476000,3707
82478000,3713
82480000,3719
82482000,3719
82484000,3723
82486000,3715
82488000,3724
82490000,3713
82492000,3731
82494000,3728
82496000,3734
82498000,3743
82500000,3744
82502000,3735
82504000,3731
82506000,3744
82508000,3738
82510000,3747
82512000,3743
82514000,3754
82516000,3735
82518000,3745
82520000,3750
82522000,3755
82524000,3741
82526000,3749
82528000,3760
82530000,3755
82532000,3757
82534000,3754
82536000,3755
82538000,3747
82540000,3753
82542000,3740
82544000,3762
82546000,3747
82548000,3745
82550000,3757
82552000,3758
82554000,3755
82556000,3761
82558000,3751
82560000,3773
82562000,3759
82564000,3744
82566000,3742
82568000,3750
82570000,3754
82572000,3754
82574000,3763
82576000,3755
82578000,3749
82580000,3759
82582000,3755
82584000,3750
82586000,3758
82588000,3754
82590000,3761
82592000,3757
82594000,3760
82596000,3749
82598000,3759
82600000,3759
82602000,3760
82604000,3759
82606000,3769
82608000,3765
82610000,3760
82612000,3773
82614000,3765
82616000,3760
82618000,3762
82620000,3767
82622000,3763
82624000,3760
82626000,3775
82628000,3775
82630000,3770
82632000,3774
82634000,3762
82636000,3773
82638000,3773
82640000,3771
82642000,3766
82644000,3774
82646000,3766
82648000,3765
82650000,3771
82652000,3773
82654000,3769
82656000,3766
82658000,3770
82660000,3764
82662000,3766
82664000,3767
82666000,3777
82668000,3779
82670000,3792
82672000,3783
82674000,3799
82676000,3804
82678000,3789
82680000,3789
82682000,3798
82684000,3794
82686000,3804
82688000,3806
82690000,3807
82692000,3803
82694000,3806
82696000,3805
82698000,3803
82700000,3815
82702000,3797
82704000,3811
82706000,3807
82708000,3808
82710000,3801
82712000,3819
82714000,3819
82716000,3820
82718000,3825
82720000,3827
82722000,3835
82724000,3827
82726000,3840
82728000,3839
82730000,3841
82732000,3838
82734000,3837
82736000,3843
82738000,3835
82740000,3837
82742000,3839
82744000,3826
82746000,3841
82748000,3839
82750000,3843
82752000,3837
82754000,3828
82756000,3827
82758000,3838
82760000,3837
82762000,3839
82764000,3822
82766000,3836
82768000,3828
82770000,3824
82772000,3838
82774000,3827
82776000,3828
82778000,3831
82780000,3824
82782000,3824
82784000,3823
82786000,3827
82788000,3824
82790000,3839
82792000,3838
82794000,3824
82796000,3813
82798000,3815
82800000,3819
82802000,3821
82804000,3824
82806000,3822
82808000,3824
82810000,3826
82812000,3813
82814000,3810
82816000,3808
82818000,3810
82820000,3817
82822000,3819
82824000,3822
82826000,3824
82828000,3821
82830000,3808
82832000,3823
82834000,3771
82836000,3819
82838000,3818
82840000,3824
82842000,3818
82844000,3821
82846000,3827
82848000,3824
82850000,3825
82852000,3820
82854000,3824
82856000,3829
82858000,3824
82860000,3813
82862000,3831
82864000,3827
82866000,3783
82868000,3835
82870000,3843
82872000,3824
82874000,3835
82876000,3836
82878000,3837
82880000,3824
82882000,3815
82884000,3824
82886000,3824
82888000,3888
82890000,3824
82892000,3829
82894000,3823
82896000,3824
82898000,3821
82900000,3823
82902000,3820
82904000,3815
82906000,3813
82908000,3821
82910000,3803
82912000,3798
82914000,3805
82916000,3803
82918000,3805
82920000,3803
82922000,3811
82924000,3803
82926000,3807
82928000,3804
82930000,3804
82932000,3803
82934000,3802
82936000,3793
82938000,3786
82940000,3787
82942000,3782
82944000,3781
82946000,3780
82948000,3790
82950000,3786
82952000,3792
82954000,3783
82956000,3775
82958000,3777
82960000,3773
82962000,3782
82964000,3809
82966000,3785
82968000,3787
82970000,3776
82972000,3779
82974000,3775
82976000,3781
82978000,3781
82980000,3790
82982000,3789
82984000,3782
82986000,3785
82988000,3792
82990000,3777
82992000,3799
82994000,3792
82996000,3793
82998000,3794
83000000,3807
83002000,3799
83004000,3812
83006000,3822
83008000,3819
83010000,3823
83012000,3807
83014000,3808
83016000,3809
83018000,3809
83020000,3803
83022000,3809
83024000,3795
83026000,3806
83028000,3803
83030000,3808
83032000,3793
83034000,3787
83036000,3792
83038000,3792
83040000,3787
83042000,3787
83044000,3792
83046000,3785
83048000,3791
83050000,3781
83052000,3797
83054000,3782
83056000,3779
83058000,3774
83060000,3779
83062000,3788
83064000,3776
83066000,3773
83068000,3782
83070000,3763
83072000,3762
83074000,3773
83076000,3767
83078000,3773
83080000,3761
83082000,3770
83084000,3797
83086000,3767
83088000,3757
83090000,3772
83092000,3766
83094000,3763
83096000,3767
83098000,3770
83100000,3776
83102000,3767
83104000,3765
83106000,3762
83108000,3778
83110000,3765
83112000,3766
83114000,3761
83116000,3771
83118000,3761
83120000,3765
83122000,3762
83124000,3773
83126000,3774
83128000,3771
83130000,3767
83132000,3763
83134000,3763
83136000,3767
83138000,3775
83140000,3762
83142000,3766
83144000,3771
83146000,3765
83148000,3770
83150000,3766
83152000,3750
83154000,3761
83156000,3762
83158000,3773
83160000,3766
83162000,3760
83164000,3770
83166000,3762
83168000,3773
83170000,3760
83172000,3760
83174000,3771
83176000,3767
83178000,3771
83180000,3771
83182000,3772
83184000,3763
83186000,3766
83188000,3775
83190000,3793
83192000,3771
83194000,3773
83196000,3771
83198000,3781
83200000,3775
83202000,3771
83204000,3784
83206000,3760
83208000,3765
83210000,3775
83212000,3770
83214000,3761
83216000,3756
83218000,3769
83220000,3770
83222000,3760
83224000,3767
83226000,3773
83228000,3766
83230000,3761
83232000,3767
83234000,3775
83236000,3777
83238000,3760
83240000,3777
83242000,3776
83244000,3784
83246000,3783
83248000,3781
83250000,3790
83252000,3783
83254000,3781
83256000,3786
83258000,3792
83260000,3776
83262000,3792
83264000,3792
83266000,3804
83268000,3809
83270000,3801
83272000,3803
83274000,3806
83276000,3797
83278000,3797
83280000,3803
83282000,3805
83284000,3811
83286000,3802
83288000,3814
83290000,3801
83292000,3802
83294000,3811
83296000,3805
83298000,3814
83300000,3813
83302000,3809
83304000,3813
83306000,3822
83308000,3807
83310000,3823
83312000,3808
83314000,3823
83316000,3808
83318000,3863
83320000,3821
83322000,3795
83324000,3824
83326000,3782
83328000,3780
83330000,3805
83332000,3769
83334000,3722
83336000,3847
83338000,3872
83340000,3835
83342000,3746
83344000,3824
83346000,3835
83348000,3825
83350000,3883
83352000,3839
83354000,3846
83356000,3826
83358000,3838
83360000,3802
83362000,3939
83364000,3798
83366000,3840
83368000,3838
83370000,3838
83372000,3846
83374000,3835
83376000,3835
83378000,3831
83380000,3854
83382000,3847
83384000,3859
83386000,3851
83388000,3850
83390000,3851
83392000,3847
83394000,3855
83396000,3827
83398000,3860
83400000,3841
83402000,3811
83404000,3856
83406000,3792
83408000,3863
83410000,3867
83412000,3881
83414000,3895
83416000,3942
83418000,3898
83420000,3846
83422000,3876
83424000,3897
83426000,3890
83428000,3839
83430000,3969
83432000,3883
83434000,3924
83436000,3899
83438000,3865
83440000,3891
83442000,3881
83444000,3897
83446000,3858
83448000,3788
83450000,3888
83452000,3839
83454000,3884
83456000,3888
83458000,3883
83460000,3885
83462000,3888
83464000,3888
83466000,3879
83468000,3879
83470000,3890
83472000,3874
83474000,3888
83476000,3887
83478000,3895
83480000,3888
83482000,3887
83484000,3885
83486000,3897
83488000,3891
83490000,3885
83492000,3874
83494000,3883
83496000,3873
83498000,3882
83500000,3870
83502000,3880
83504000,3839
83506000,3888
83508000,3886
83510000,3859
83512000,3802
83514000,3856
83516000,3815
83518000,3885
83520000,3867
83522000,3870
83524000,3872
83526000,3873
83528000,3861
83530000,3882
83532000,3863
83534000,3857
83536000,3853
83538000,3866
83540000,3863
83542000,3859
83544000,3856
83546000,3862
83548000,3858
83550000,3845
83552000,3853
83554000,3856
83556000,3852
83558000,3855
83560000,3853
83562000,3853
83564000,3861
83566000,3850
83568000,3856
83570000,3846
83572000,3853
83574000,3848
83576000,3842
83578000,3846
83580000,3854
83582000,3856
83584000,3847
83586000,3850
83588000,3851
83590000,3854
83592000,3853
83594000,3843
83596000,3838
83598000,3854
83600000,3855
83602000,3857
83604000,3847
83606000,3856
83608000,3851
83610000,3861
83612000,3859
83614000,3856
83616000,3866
83618000,3869
83620000,3869
83622000,3886
83624000,3885
83626000,3871
83628000,3895
83630000,3882
83632000,3893
83634000,3888
83636000,3889
83638000,3892
83640000,3905
83642000,3904
83644000,3895
83646000,3895
83648000,3888
83650000,3888
83652000,3892
83654000,3896
83656000,3888
83658000,3895
83660000,3887
83662000,3893
83664000,3897
83666000,3902
83668000,3890
83670000,3894
83672000,3882
83674000,3883
83676000,3891
83678000,3877
83680000,3893
83682000,3897
83684000,3889
83686000,3900
83688000,3916
83690000,3899
83692000,3884
83694000,3878
83696000,3886
83698000,3893
83700000,3889
83702000,3888
83704000,3888
83706000,3898
83708000,3891
83710000,3891
83712000,3883
83714000,3893
83716000,3888
83718000,3907
83720000,3893
83722000,3888
83724000,3875
83726000,3879
83728000,3895
83730000,3888
83732000,3891
83734000,3901
83736000,3903
83738000,3887
83740000,3888
83742000,3903
83744000,3899
83746000,3906
83748000,3894
83750000,3890
83752000,3887
83754000,3888
83756000,3890
83758000,3898
83760000,3889
83762000,3887
83764000,3894
83766000,3891
83768000,3902
83770000,3889
83772000,3889
83774000,3886
83776000,3899
83778000,3890
83780000,3891
83782000,3895
83784000,3897
83786000,3895
83788000,3906
83790000,3893
83792000,3904
83794000,3899
83796000,3894
83798000,3901
83800000,3931
83802000,3898
83804000,3899
83806000,3904
83808000,3901
83810000,3888
83812000,3909
83814000,3899
83816000,3898
83818000,3909
83820000,3907
83822000,3901
83824000,3907
83826000,3894
83828000,3907
83830000,3892
83832000,3903
83834000,3893
83836000,3904
83838000,3898
83840000,3910
83842000,3908
83844000,3911
83846000,3915
83848000,3910
83850000,3902
83852000,3921
83854000,3903
83856000,3904
83858000,3905
83860000,3907
83862000,3915
83864000,3920
83866000,3911
83868000,3906
83870000,3910
83872000,3920
83874000,3916
83876000,3915
83878000,3920
83880000,3923
83882000,3915
83884000,3911
83886000,3910
83888000,3921
83890000,3905
83892000,3913
83894000,3911
83896000,3914
83898000,3913
83900000,3915
83902000,3906
83904000,3920
83906000,3914
83908000,3915
83910000,3909
83912000,3903
83914000,3909
83916000,3915
83918000,3911
83920000,3901
83922000,3902
83924000,3904
83926000,3895
83928000,3890
83930000,3915
83932000,3902
83934000,3904
83936000,3900
83938000,3887
83940000,3897
83942000,3907
83944000,3905
83946000,3917
83948000,3918
83950000,3905
83952000,3918
83954000,3914
83956000,3919
83958000,3905
83960000,3919
83962000,3905
83964000,3918
83966000,3913
83968000,3873
83970000,3917
83972000,3908
83974000,3904
83976000,3915
83978000,3906
83980000,3922
83982000,3915
83984000,3919
83986000,3907
83988000,3901
83990000,3904
83992000,3906
83994000,3907
83996000,3894
83998000,3905
84000000,3899
84002000,3903
84004000,3909
84006000,3899
84008000,3897
84010000,3903
84012000,3905
84014000,3913
84016000,3919
84018000,3911
84020000,3914
84022000,3903
84024000,3907
84026000,3902
84028000,3894
84030000,3902
84032000,3898
84034000,3895
84036000,3898
84038000,3899
84040000,3889
84042000,3899
84044000,3891
84046000,3905
84048000,3896
84050000,3889
84052000,3892
84054000,3919
84056000,3894
84058000,3892
84060000,3906
84062000,3892
84064000,3893
84066000,3888
84068000,3903
84070000,3893
84072000,3890
84074000,3898
84076000,3900
84078000,3895
84080000,3895
84082000,3903
84084000,3915
84086000,3903
84088000,3900
84090000,3895
84092000,3894
84094000,3899
84096000,3893
84098000,3901
84100000,3907
84102000,3899
84104000,3923
84106000,3911
84108000,3894
84110000,3895
84112000,3888
84114000,3895
84116000,3889
84118000,3892
84120000,3902
84122000,3894
84124000,3889
84126000,3889
84128000,3882
84130000,3893
84132000,3890
84134000,3888
84136000,3901
84138000,3895
84140000,3892
84142000,3894
84144000,3889
84146000,3905
84148000,3887
84150000,3899
84152000,3888
84154000,3919
84156000,3883
84158000,3887
84160000,3891
84162000,3886
84164000,3888
84166000,3895
84168000,3887
84170000,3905
84172000,3889
84174000,3877
84176000,3887
84178000,3893
84180000,3888
84182000,3888
84184000,3886
84186000,3881
84188000,3874
84190000,3889
84192000,3879
84194000,3883
84196000,3885
84198000,3880
84200000,3882
84202000,3874
84204000,3869
84206000,3876
84208000,3842
84210000,3857
84212000,3857
84214000,3856
84216000,3837
84218000,3850
84220000,3853
84222000,3855
84224000,3854
84226000,3843
84228000,3835
84230000,3835
84232000,3839
84234000,3835
84236000,3842
84238000,3835
84240000,3838
84242000,3845
84244000,3846
84246000,3851
84248000,3856
84250000,3856
84252000,3869
84254000,3870
84256000,3874
84258000,3867
84260000,3871
84262000,3872
84264000,3874
84266000,3867
84268000,3874
84270000,3871
84272000,3863
84274000,3867
84276000,3861
84278000,3868
84280000,3859
84282000,3867
84284000,3861
84286000,3854
84288000,3845
84290000,3841
84292000,3843
84294000,3841
84296000,3856
84298000,3851
84300000,3849
84302000,3843
84304000,3845
84306000,3849
84308000,3839
84310000,3840
84312000,3847
84314000,3839
84316000,3837
84318000,3846
84320000,3843
84322000,3846
84324000,3839
84326000,3843
84328000,3842
84330000,3851
84332000,3838
84334000,3843
84336000,3838
84338000,3845
84340000,3850
84342000,3841
84344000,3839
84346000,3849
84348000,3841
84350000,3836
84352000,3844
84354000,3853
84356000,3847
84358000,3875
84360000,3853
84362000,3863
84364000,3857
84366000,3875
84368000,3873
84370000,3872
84372000,3878
84374000,3876
84376000,3878
84378000,3888
84380000,3878
84382000,3888
84384000,3881
84386000,3878
84388000,3888
84390000,3888
84392000,3888
84394000,3891
84396000,3886
84398000,3883
84400000,3889
84402000,3905
84404000,3878
84406000,3889
84408000,3882
84410000,3888
84412000,3887
84414000,3883
84416000,3888
84418000,3888
84420000,3887
84422000,3885
84424000,3890
84426000,3873
84428000,3873
84430000,3879
84432000,3874
84434000,3879
84436000,3864
84438000,3871
84440000,3863
84442000,3875
84444000,3855
84446000,3859
84448000,3856
84450000,3866
84452000,3877
84454000,3866
84456000,3861
84458000,3859
84460000,3874
84462000,3875
84464000,3861
84466000,3869
84468000,3870
84470000,3862
84472000,3874
84474000,3856
84476000,3857
84478000,3865
84480000,3888
84482000,3860
84484000,3873
84486000,3866
84488000,3874
84490000,3866
84492000,3879
84494000,3875
84496000,3866
84498000,3872
84500000,3870
84502000,3874
84504000,3871
84506000,3855
84508000,3879
84510000,3874
84512000,3873
84514000,3877
84516000,3875
84518000,3871
84520000,3879
84522000,3874
84524000,3890
84526000,3895
84528000,3888
84530000,3882
84532000,3895
84534000,3885
84536000,3888
84538000,3889
84540000,3889
84542000,3893
84544000,3893
84546000,3895
84548000,3890
84550000,3892
84552000,3889
84554000,3903
84556000,3883
84558000,3890
84560000,3889
84562000,3892
84564000,3885
84566000,3895
84568000,3886
84570000,3889
84572000,3891
84574000,3888
84576000,3893
84578000,3888
84580000,3874
84582000,3890
84584000,3893
84586000,3893
84588000,3888
84590000,3892
84592000,3887
84594000,3891
84596000,3881
84598000,3884
84600000,3907
84602000,3886
84604000,3888
84606000,3889
84608000,3882
84610000,3887
84612000,3889
84614000,3893
84616000,3890
84618000,3894
84620000,3888
84622000,3893
84624000,3889
84626000,3888
84628000,3890
84630000,3886
84632000,3891
84634000,3886
84636000,3893
84638000,3893
84640000,3903
84642000,3900
84644000,3895
84646000,3902
84648000,3887
84650000,3887
84652000,3887
84654000,3891
84656000,3885
84658000,3888
84660000,3888
84662000,3884
84664000,3886
84666000,3889
84668000,3888
84670000,3886
84672000,3893
84674000,3888
84676000,3891
84678000,3899
84680000,3881
84682000,3893
84684000,3888
84686000,3889
84688000,3888
84690000,3873
84692000,3891
84694000,3887
84696000,3881
84698000,3889
84700000,3898
84702000,3869
84704000,3898
84706000,3891
84708000,3888
84710000,3891
84712000,3891
84714000,3888
84716000,3888
84718000,3891
84720000,3904
84722000,3888
84724000,3882
84726000,3895
84728000,3894
84730000,3894
84732000,3888
84734000,3879
84736000,3882
84738000,3887
84740000,3882
84742000,3872
84744000,3869
84746000,3863
84748000,3856
84750000,3856
84752000,3865
84754000,3857
84756000,3866
84758000,3842
84760000,3847
84762000,3839
84764000,3844
84766000,3831
84768000,3835
84770000,3825
84772000,3833
84774000,3830
84776000,3833
84778000,3825
84780000,3818
84782000,3823
84784000,3824
84786000,3821
84788000,3824
84790000,3833
84792000,3822
84794000,3821
84796000,3818
84798000,3814
84800000,3831
84802000,3835
84804000,3849
84806000,3819
84808000,3829
84810000,3821
84812000,3836
84814000,3834
84816000,3827
84818000,3835
84820000,3827
84822000,3840
84824000,3824
84826000,3834
84828000,3826
84830000,3831
84832000,3824
84834000,3855
84836000,3835
84838000,3835
84840000,3824
84842000,3835
84844000,3824
84846000,3825
84848000,3831
84850000,3835
84852000,3829
84854000,3825
84856000,3824
84858000,3834
84860000,3824
84862000,3823
84864000,3828
84866000,3815
84868000,3818
84870000,3803
84872000,3823
84874000,3823
84876000,3811
84878000,3824
84880000,3821
84882000,3809
84884000,3819
84886000,3815
84888000,3811
84890000,3815
84892000,3807
84894000,3806
84896000,3824
84898000,3812
84900000,3817
84902000,3815
84904000,3822
84906000,3818
84908000,3820
84910000,3827
84912000,3829
84914000,3824
84916000,3827
84918000,3826
84920000,3828
84922000,3830
84924000,3833
84926000,3842
84928000,3834
84930000,3835
84932000,3844
84934000,3845
84936000,3843
84938000,3844
84940000,3850
84942000,3840
84944000,3841
84946000,3849
84948000,3849
84950000,3855
84952000,3843
84954000,3842
84956000,3855
84958000,3856
84960000,3855
84962000,3869
84964000,3856
84966000,3856
84968000,3862
84970000,3856
84972000,3854
84974000,3849
84976000,3854
84978000,3856
84980000,3858
84982000,3855
84984000,3856
84986000,3863
84988000,3856
84990000,3852
84992000,3856
84994000,3859
84996000,3859
84998000,3869
85000000,3856
85002000,3865
85004000,3872
85006000,3858
85008000,3857
85010000,3867
85012000,3856
85014000,3865
85016000,3872
85018000,3869
85020000,3877
85022000,3883
85024000,3873
85026000,3872
85028000,3874
85030000,3824
85032000,3878
85034000,3886
85036000,3879
85038000,3889
85040000,3891
85042000,3888
85044000,3884
85046000,3880
85048000,3888
85050000,3883
85052000,3887
85054000,3893
85056000,3888
85058000,3879
85060000,3875
85062000,3889
85064000,3888
85066000,3888
85068000,3886
85070000,3892
85072000,3888
85074000,3890
85076000,3895
85078000,3894
85080000,3891
85082000,3890
85084000,3888
85086000,3888
85088000,3895
85090000,3963
85092000,3909
85094000,3895
85096000,3899
85098000,3891
85100000,3893
85102000,3898
85104000,3895
85106000,3926
85108000,3909
85110000,3898
85112000,3889
85114000,3895
85116000,3905
85118000,3903
85120000,3904
85122000,3888
85124000,3891
85126000,3895
85128000,3892
85130000,3895
85132000,3893
85134000,3898
85136000,3888
85138000,3931
85140000,3888
85142000,3888
85144000,3899
85146000,3888
85148000,3888
85150000,3889
85152000,3898
85154000,3893
85156000,3895
85158000,3894
85160000,3893
85162000,3899
85164000,3888
85166000,3888
85168000,3894
85170000,3895
85172000,3893
85174000,3905
85176000,3898
85178000,3899
85180000,3888
85182000,3895
85184000,3894
85186000,3901
85188000,3893
85190000,3899
85192000,3893
85194000,3896
85196000,3894
85198000,3905
85200000,3891
85202000,3910
85204000,3895
85206000,3910
85208000,3910
85210000,3905
85212000,3907
85214000,3920
85216000,3906
85218000,3909
85220000,3910
85222000,3912
85224000,3910
85226000,3906
85228000,3904
85230000,3910
85232000,3905
85234000,3906
85236000,3911
85238000,3915
85240000,3909
85242000,3905
85244000,3913
85246000,3915
85248000,3909
85250000,3913
85252000,3917
85254000,3905
85256000,3906
85258000,3904
85260000,3912
85262000,3907
85264000,3901
85266000,3907
85268000,3912
85270000,3897
85272000,3906
85274000,3891
85276000,3909
85278000,3919
85280000,3920
85282000,3918
85284000,3914
85286000,3916
85288000,3899
85290000,3918
85292000,3921
85294000,3920
85296000,3920
85298000,3923
85300000,3920
85302000,3937
85304000,3921
85306000,3920
85308000,3922
85310000,3920
85312000,3923
85314000,3923
85316000,3925
85318000,3925
85320000,3931
85322000,3911
85324000,3931
85326000,3927
85328000,3924
85330000,3927
85332000,3920
85334000,3923
85336000,3925
85338000,3927
85340000,3920
85342000,3936
85344000,3932
85346000,3923
85348000,3925
85350000,3930
85352000,3919
85354000,3915
85356000,3919
85358000,3920
85360000,3920
85362000,3929
85364000,3921
85366000,3917
85368000,3923
85370000,3920
85372000,3930
85374000,3929
85376000,3925
85378000,3926
85380000,3926
85382000,3929
85384000,3926
85386000,3920
85388000,3920
85390000,3935
85392000,3930
85394000,3922
85396000,3926
85398000,3932
85400000,3918
85402000,3933
85404000,3933
85406000,3921
85408000,3923
85410000,3920
85412000,3921
85414000,3921
85416000,3933
85418000,3921
85420000,3925
85422000,3924
85424000,3927
85426000,3919
85428000,3922
85430000,3924
85432000,3921
85434000,3932
85436000,3934
85438000,3927
85440000,3935
85442000,3931
85444000,3924
85446000,3934
85448000,3926
85450000,3935
85452000,3925
85454000,3927
85456000,3935
85458000,3915
85460000,3921
85462000,3920
85464000,3927
85466000,3922
85468000,3929
85470000,3887
85472000,3925
85474000,3933
85476000,3920
85478000,3925
85480000,3938
85482000,3925
85484000,3931
85486000,3931
85488000,3921
85490000,3920
85492000,3925
85494000,3924
85496000,3927
85498000,3921
85500000,3925
85502000,3925
85504000,3929
85506000,3904
85508000,3932
85510000,3934
85512000,3922
85514000,3921
85516000,3944
85518000,3921
85520000,3923
85522000,3920
85524000,3927
85526000,3927
85528000,3920
85530000,3924
85532000,3927
85534000,3919
85536000,3923
85538000,3908
85540000,3915
85542000,3919
85544000,3897
85546000,3963
85548000,3918
85550000,3897
85552000,4016
85554000,3921
85556000,3978
85558000,4032
85560000,3914
85562000,3885
85564000,3907
85566000,3907
85568000,3927
85570000,3919
85572000,4079
85574000,3856
85576000,3927
85578000,3925
85580000,3845
85582000,3914
85584000,3955
85586000,3951
85588000,3923
85590000,3926
85592000,3949
85594000,3909
85596000,3918
85598000,3927
85600000,3926
85602000,3927
85604000,3913
85606000,3927
85608000,3927
85610000,3920
85612000,3911
85614000,3924
85616000,3939
85618000,3919
85620000,3920
85622000,3952
85624000,3886
85626000,3915
85628000,3930
85630000,3777
85632000,3939
85634000,3888
85636000,3909
85638000,3920
85640000,3920
85642000,3935
85644000,3888
85646000,3870
85648000,3918
85650000,3931
85652000,3885
85654000,3898
85656000,3968
85658000,3921
85660000,3861
85662000,3924
85664000,3984
85666000,3932
85668000,3920
85670000,3895
85672000,3901
85674000,3941
85676000,3950
85678000,3913
85680000,3951
85682000,3945
85684000,3996
85686000,3917
85688000,3925
85690000,3934
85692000,3923
85694000,3920
85696000,3930
85698000,3987
85700000,3920
85702000,3915
85704000,3906
85706000,3919
85708000,3930
85710000,3917
85712000,3915
85714000,3917
85716000,3915
85718000,3927
85720000,3921
85722000,3905
85724000,3916
85726000,3915
85728000,3953
85730000,3950
85732000,3892
85734000,3915
85736000,3918
85738000,3927
85740000,3920
85742000,3920
85744000,3913
85746000,3936
85748000,3949
85750000,3911
85752000,3933
85754000,3920
85756000,3920
85758000,3929
85760000,3911
85762000,3919
85764000,3921
85766000,3909
85768000,3921
85770000,3914
85772000,3917
85774000,3920
85776000,3921
85778000,3920
85780000,3919
85782000,3920
85784000,3924
85786000,3920
85788000,3920
85790000,3927
85792000,3920
85794000,3925
85796000,3931
85798000,3929
85800000,3923
85802000,3921
85804000,3924
85806000,3927
85808000,3922
85810000,3930
85812000,3925
85814000,3945
85816000,3935
85818000,3932
85820000,3928
85822000,3941
85824000,3921
85826000,3927
85828000,3940
85830000,3931
85832000,3935
85834000,3936
85836000,3939
85838000,3922
85840000,3927
85842000,3931
85844000,3935
85846000,3941
85848000,3920
85850000,3927
85852000,3941
85854000,3943
85856000,3929
85858000,3933
85860000,3920
85862000,3924
85864000,3909
85866000,3935
85868000,3920
85870000,3920
85872000,3920
85874000,3920
85876000,3931
85878000,3919
85880000,3923
85882000,3920
85884000,3922
85886000,3921
85888000,3921
85890000,3914
85892000,3906
85894000,3920
85896000,3923
85898000,3923
85900000,3923
85902000,3920
85904000,3933
85906000,3926
85908000,3920
85910000,3917
85912000,3931
85914000,3931
85916000,3921
85918000,3925
85920000,3906
85922000,3920
85924000,3919
85926000,3926
85928000,3923
85930000,3920
85932000,3911
85934000,3925
85936000,3920
85938000,3915
85940000,3922
85942000,3923
85944000,3920
85946000,3918
85948000,3921
85950000,3910
85952000,3925
85954000,3914
85956000,3920
85958000,3919
85960000,3934
85962000,3923
85964000,3920
85966000,3921
85968000,3920
85970000,3915
85972000,3922
85974000,3921
85976000,3920
85978000,3916
85980000,3921
85982000,3907
85984000,3920
85986000,3926
85988000,3915
85990000,3920
85992000,3916
85994000,3920
85996000,3922
85998000,3923
86000000,3920
86002000,3911
86004000,3917
86006000,3914
86008000,3918
86010000,3920
86012000,3920
86014000,3920
86016000,3918
86018000,3919
86020000,3913
86022000,3910
86024000,3920
86026000,3920
86028000,3909
86030000,3919
86032000,3911
86034000,3916
86036000,3903
86038000,3910
86040000,3911
86042000,3895
86044000,3901
86046000,3905
86048000,3893
86050000,3895
86052000,3899
86054000,3886
86056000,3890
86058000,3886
86060000,3872
86062000,3882
86064000,3881
86066000,3850
86068000,3872
86070000,3871
86072000,3859
86074000,3869
86076000,3877
86078000,3875
86080000,3869
86082000,3862
86084000,3863
86086000,3867
86088000,3868
86090000,3863
86092000,3866
86094000,3869
86096000,3866
86098000,3859
86100000,3862
86102000,3860
86104000,3859
86106000,3856
86108000,3853
86110000,3872
86112000,3868
86114000,3868
86116000,3859
86118000,3859
86120000,3856
86122000,3863
86124000,3865
86126000,3863
86128000,3859
86130000,3867
86132000,3873
86134000,3861
86136000,3857
86138000,3873
86140000,3871
86142000,3859
86144000,3856
86146000,3856
86148000,3857
86150000,3856
86152000,3855
86154000,3861
86156000,3856
86158000,3855
86160000,3853
86162000,3859
86164000,3858
86166000,3853
86168000,3856
86170000,3858
86172000,3856
86174000,3846
86176000,3854
86178000,3842
86180000,3839
86182000,3839
86184000,3846
86186000,3838
86188000,3847
86190000,3845
86192000,3840
86194000,3839
86196000,3831
86198000,3838
86200000,3840
86202000,3829
86204000,3831
86206000,3829
86208000,3825
86210000,3825
86212000,3828
86214000,3823
86216000,3823
86218000,3824
86220000,3814
86222000,3819
86224000,3824
86226000,3830
86228000,3823
86230000,3837
86232000,3829
86234000,3829
86236000,3829
86238000,3820
86240000,3824
86242000,3826
86244000,3824
86246000,3827
86248000,3835
86250000,3831
86252000,3825
86254000,3824
86256000,3824
86258000,3831
86260000,3832
86262000,3839
86264000,3845
86266000,3835
86268000,3840
86270000,3842
86272000,3841
86274000,3837
86276000,3837
86278000,3833
86280000,3841
86282000,3842
86284000,3843
86286000,3837
86288000,3841
86290000,3842
86292000,3841
86294000,3839
86296000,3840
86298000,3837
86300000,3837
86302000,3830
86304000,3834
86306000,3836
86308000,3839
86310000,3836
86312000,3838
86314000,3839
86316000,3830
86318000,3839
86320000,3839
86322000,3844
86324000,3829
86326000,3842
86328000,3838
86330000,3829
86332000,3826
86334000,3844
86336000,3823
86338000,3825
86340000,3815
86342000,3817
86344000,3815
86346000,3813
86348000,3819
86350000,3821
86352000,3823
86354000,3813
86356000,3829
86358000,3819
86360000,3812
86362000,3822
86364000,3811
86366000,3835
86368000,3824
86370000,3823
86372000,3820
86374000,3830
86376000,3823
86378000,3820
86380000,3827
86382000,3839
86384000,3824
86386000,3849
86388000,3824
86390000,3826
86392000,3833
86394000,3837
86396000,3830
86398000,3834
86400000,3845
86402000,3834
86404000,3831
86406000,3838
86408000,3840
86410000,3840
86412000,3849
86414000,3831
86416000,3845
86418000,3844
86420000,3841
86422000,3853
86424000,3839
86426000,3843
86428000,3853
86430000,3848
86432000,3846
86434000,3856
86436000,3842
86438000,3840
86440000,3845
86442000,3842
86444000,3841
86446000,3846
86448000,3844
86450000,3850
86452000,3835
86454000,3853
86456000,3843
86458000,3851
86460000,3840
86462000,3855
86464000,3845
86466000,3845
86468000,3846
86470000,3856
86472000,3856
86474000,3847
86476000,3852
86478000,3843
86480000,3850
86482000,3851
86484000,3841
86486000,3840
86488000,3856
86490000,3854
86492000,3854
86494000,3857
86496000,3853
86498000,3853
86500000,3851
86502000,3854
86504000,3855
86506000,3851
86508000,3856
86510000,3857
86512000,3856
86514000,3846
86516000,3835
86518000,3852
86520000,3860
86522000,3849
86524000,3846
86526000,3853
86528000,3849
86530000,3852
86532000,3844
86534000,3852
86536000,3835
86538000,3837
86540000,3838
86542000,3844
86544000,3841
86546000,3824
86548000,3821
86550000,3830
86552000,3825
86554000,3821
86556000,3819
86558000,3797
86560000,3795
86562000,3799
86564000,3813
86566000,3815
86568000,3805
86570000,3815
86572000,3800
86574000,3808
86576000,3811
86578000,3819
86580000,3800
86582000,3806
86584000,3808
86586000,3807
86588000,3811
86590000,3814
86592000,3810
86594000,3818
86596000,3815
86598000,3809
86600000,3815
86602000,3824
86604000,3812
86606000,3823
86608000,3811
86610000,3829
86612000,3821
86614000,3809
86616000,3822
86618000,3812
86620000,3819
86622000,3821
86624000,3810
86626000,3816
86628000,3803
86630000,3802
86632000,3813
86634000,3803
86636000,3809
86638000,3805
86640000,3791
86642000,3774
86644000,3792
86646000,3806
86648000,3802
86650000,3804
86652000,3797
86654000,3803
86656000,3803
86658000,3799
86660000,3794
86662000,3806
86664000,3798
86666000,3793
86668000,3798
86670000,3813
86672000,3794
86674000,3799
86676000,3793
86678000,3792
86680000,3799
86682000,3800
86684000,3803
86686000,3802
86688000,3802
86690000,3792
86692000,3796
86694000,3790
86696000,3792
86698000,3784
86700000,3781
86702000,3786
86704000,3779
86706000,3786
86708000,3783
86710000,3785
86712000,3783
86714000,3783
86716000,3781
86718000,3778
86720000,3766
86722000,3782
86724000,3786
86726000,3788
86728000,3778
86730000,3783
86732000,3775
86734000,3777
86736000,3778
86738000,3774
86740000,3777
86742000,3767
86744000,3778
86746000,3779
86748000,3776
86750000,3778
86752000,3776
86754000,3775
86756000,3774
86758000,3776
86760000,3777
86762000,3776
86764000,3771
86766000,3775
86768000,3777
86770000,3766
86772000,3776
86774000,3771
86776000,3771
86778000,3772
86780000,3771
86782000,3775
86784000,3767
86786000,3773
86788000,3764
86790000,3760
86792000,3771
86794000,3760
86796000,3764
86798000,3770
86800000,3773
86802000,3767
86804000,3767
86806000,3773
86808000,3772
86810000,3776
86812000,3775
86814000,3766
86816000,3771
86818000,3774
86820000,3775
86822000,3767
86824000,3776
86826000,3767
86828000,3767
86830000,3781
86832000,3770
86834000,3777
86836000,3776
86838000,3767
86840000,3770
86842000,3770
86844000,3771
86846000,3778
86848000,3787
86850000,3773
86852000,3789
86854000,3779
86856000,3773
86858000,3784
86860000,3786
86862000,3786
86864000,3783
86866000,3808
86868000,3783
86870000,3792
86872000,3786
86874000,3787
86876000,3791
86878000,3786
86880000,3781
86882000,3793
86884000,3803
86886000,3792
86888000,3787
86890000,3809
86892000,3802
86894000,3799
86896000,3797
86898000,3797
86900000,3805
86902000,3792
86904000,3797
86906000,3793
86908000,3792
86910000,3787
86912000,3797
86914000,3795
86916000,3783
86918000,3770
86920000,3786
86922000,3788
86924000,3771
86926000,3790
86928000,3790
86930000,3779
86932000,3790
86934000,3785
86936000,3779
86938000,3778
86940000,3776
86942000,3781
86944000,3778
86946000,3777
86948000,3780
86950000,3785
86952000,3785
86954000,3791
86956000,3789
86958000,3789
86960000,3784
86962000,3776
86964000,3775
86966000,3786
86968000,3782
86970000,3789
86972000,3781
86974000,3781
86976000,3779
86978000,3779
86980000,3786
86982000,3787
86984000,3777
86986000,3786
86988000,3777
86990000,3779
86992000,3781
86994000,3774
86996000,3779
86998000,3783
87000000,3789
87002000,3775
87004000,3777
87006000,3774
87008000,3773
87010000,3781
87012000,3780
87014000,3779
87016000,3774
87018000,3792
87020000,3790
87022000,3781
87024000,3782
87026000,3783
87028000,3783
87030000,3786
87032000,3785
87034000,3787
87036000,3783
87038000,3773
87040000,3769
87042000,3778
87044000,3775
87046000,3776
87048000,3781
87050000,3774
87052000,3775
87054000,3783
87056000,3773
87058000,3785
87060000,3775
87062000,3775
87064000,3778
87066000,3777
87068000,3776
87070000,3773
87072000,3775
87074000,3775
87076000,3773
87078000,3766
87080000,3775
87082000,3778
87084000,3767
87086000,3767
87088000,3777
87090000,3770
87092000,3776
87094000,3776
87096000,3770
87098000,3778
87100000,3776
87102000,3774
87104000,3780
87106000,3763
87108000,3774
87110000,3775
87112000,3783
87114000,3775
87116000,3776
87118000,3783
87120000,3786
87122000,3781
87124000,3790
87126000,3786
87128000,3786
87130000,3783
87132000,3779
87134000,3787
87136000,3785
87138000,3775
87140000,3799
87142000,3800
87144000,3798
87146000,3792
87148000,3806
87150000,3809
87152000,3808
87154000,3812
87156000,3803
87158000,3822
87160000,3813
87162000,3809
87164000,3823
87166000,3838
87168000,3809
87170000,3824
87172000,3817
87174000,3819
87176000,3824
87178000,3823
87180000,3840
87182000,3824
87184000,3824
87186000,3824
87188000,3825
87190000,3815
87192000,3811
87194000,3819
87196000,3819
87198000,3814
87200000,3820
87202000,3807
87204000,3781
87206000,3786
87208000,3789
87210000,3776
87212000,3783
87214000,3778
87216000,3771
87218000,3782
87220000,3763
87222000,3763
87224000,3765
87226000,3760
87228000,3761
87230000,3772
87232000,3769
87234000,3760
87236000,3759
87238000,3760
87240000,3774
87242000,3769
87244000,3763
87246000,3763
87248000,3760
87250000,3754
87252000,3764
87254000,3751
87256000,3774
87258000,3744
87260000,3743
87262000,3748
87264000,3760
87266000,3737
87268000,3755
87270000,3757
87272000,3730
87274000,3748
87276000,3744
87278000,3751
87280000,3745
87282000,3744
87284000,3749
87286000,3739
87288000,3745
87290000,3738
87292000,3705
87294000,3725
87296000,3697
87298000,3707
87300000,3717
87302000,3712
87304000,3702
87306000,3696
87308000,3683
87310000,3683
87312000,3664
87314000,3667
87316000,3649
87318000,3649
87320000,3648
87322000,3637
87324000,3632
87326000,3642
87328000,3627
87330000,3623
87332000,3616
87334000,3609
87336000,3610
87338000,3602
87340000,3614
87342000,3603
87344000,3602
87346000,3583
87348000,3583
87350000,3573
87352000,3575
87354000,3572
87356000,3571
87358000,3549
87360000,3542
87362000,3547
87364000,3543
87366000,3553
87368000,3542
87370000,3518
87372000,3516
87374000,3505
87376000,3495
87378000,3472
87380000,3441
87382000,3445
87384000,3441
87386000,3421
87388000,3423
87390000,3426
87392000,3431
87394000,3429
87396000,3429
87398000,3434
87400000,3429
87402000,3431
87404000,3425
87406000,3426
87408000,3431
87410000,3408
87412000,3418
87414000,3410
87416000,3409
87418000,3410
87420000,3415
87422000,3414
87424000,3411
87426000,3407
87428000,3398
87430000,3424
87432000,3409
87434000,3412
87436000,3408
87438000,3418
87440000,3406
87442000,3408
87444000,3411
87446000,3419
87448000,3403
87450000,3408
87452000,3408
87454000,3398
87456000,3394
87458000,3402
87460000,3393
87462000,3387
87464000,3376
87466000,3376
87468000,3347
87470000,3349
87472000,3344
87474000,3344
87476000,3341
87478000,3319
87480000,3318
87482000,3325
87484000,3315
87486000,3323
87488000,3326
87490000,3312
87492000,3315
87494000,3323
87496000,3328
87498000,3308
87500000,3323
87502000,3328
87504000,3340
87506000,3344
87508000,3339
87510000,3343
87512000,3363
87514000,3360
87516000,3363
87518000,3367
87520000,3380
87522000,3378
87524000,3405
87526000,3408
87528000,3409
87530000,3408
87532000,3403
87534000,3418
87536000,3420
87538000,3405
87540000,3411
87542000,3419
87544000,3419
87546000,3431
87548000,3419
87550000,3427
87552000,3421
87554000,3423
87556000,3425
87558000,3430
87560000,3430
87562000,3418
87564000,3435
87566000,3437
87568000,3427
87570000,3425
87572000,3433
87574000,3426
87576000,3418
87578000,3440
87580000,3425
87582000,3422
87584000,3452
87586000,3403
87588000,3438
87590000,3425
87592000,3411
87594000,3425
87596000,3425
87598000,3422
87600000,3429
87602000,3428
87604000,3425
87606000,3443
87608000,3440
87610000,3434
87612000,3438
87614000,3438
87616000,3446
87618000,3453
87620000,3442
87622000,3440
87624000,3451
87626000,3454
87628000,3442
87630000,3450
87632000,3447
87634000,3453
87636000,3450
87638000,3454
87640000,3454
87642000,3458
87644000,3456
87646000,3456
87648000,3467
87650000,3470
87652000,3459
87654000,3471
87656000,3475
87658000,3474
87660000,3473
87662000,3465
87664000,3479
87666000,3487
87668000,3491
87670000,3479
87672000,3499
87674000,3498
87676000,3495
87678000,3504
87680000,3494
87682000,3497
87684000,3507
87686000,3507
87688000,3511
87690000,3510
87692000,3504
87694000,3512
87696000,3506
87698000,3504
87700000,3479
87702000,3504
87704000,3493
87706000,3497
87708000,3502
87710000,3491
87712000,3478
87714000,3479
87716000,3500
87718000,3504
87720000,3507
87722000,3511
87724000,3519
87726000,3521
87728000,3529
87730000,3536
87732000,3543
87734000,3542
87736000,3553
87738000,3554
87740000,3565
87742000,3555
87744000,3559
87746000,3570
87748000,3583
87750000,3578
87752000,3572
87754000,3570
87756000,3579
87758000,3574
87760000,3583
87762000,3583
87764000,3583
87766000,3583
87768000,3567
87770000,3583
87772000,3583
87774000,3578
87776000,3575
87778000,3602
87780000,3595
87782000,3629
87784000,3568
87786000,3568
87788000,3567
87790000,3579
87792000,3622
87794000,3609
87796000,3581
87798000,3602
87800000,3529
87802000,3630
87804000,3583
87806000,3563
87808000,3575
87810000,3600
87812000,3617
87814000,3635
87816000,3613
87818000,3601
87820000,3595
87822000,3610
87824000,3711
87826000,3623
87828000,3605
87830000,3597
87832000,3602
87834000,3615
87836000,3607
87838000,3610
87840000,3611
87842000,3609
87844000,3616
87846000,3613
87848000,3627
87850000,3609
87852000,3617
87854000,3626
87856000,3599
87858000,3687
87860000,3664
87862000,3606
87864000,3618
87866000,3619
87868000,3623
87870000,3570
87872000,3616
87874000,3634
87876000,3630
87878000,3636
87880000,3603
87882000,3626
87884000,3595
87886000,3578
87888000,3490
87890000,3619
87892000,3621
87894000,3613
87896000,3600
87898000,3607
87900000,3569
87902000,3626
87904000,3504
87906000,3631
87908000,3625
87910000,3621
87912000,3650
87914000,3631
87916000,3638
87918000,3614
87920000,3583
87922000,3648
87924000,3621
87926000,3620
87928000,3633
87930000,3626
87932000,3626
87934000,3607
87936000,3632
87938000,3628
87940000,3600
87942000,3575
87944000,3631
87946000,3626
87948000,3615
87950000,3613
87952000,3614
87954000,3630
87956000,3623
87958000,3638
87960000,3595
87962000,3632
87964000,3648
87966000,3601
87968000,3625
87970000,3619
87972000,3632
87974000,3625
87976000,3611
87978000,3617
87980000,3628
87982000,3621
87984000,3619
87986000,3609
87988000,3613
87990000,3632
87992000,3621
87994000,3623
87996000,3624
87998000,3619
88000000,3622
88002000,3632
88004000,3629
88006000,3632
88008000,3623
88010000,3618
88012000,3619
88014000,3618
88016000,3602
88018000,3615
88020000,3619
88022000,3621
88024000,3620
88026000,3623
88028000,3622
88030000,3627
88032000,3621
88034000,3625
88036000,3623
88038000,3616
88040000,3617
88042000,3626
88044000,3625
88046000,3623
88048000,3631
88050000,3630
88052000,3619
88054000,3620
88056000,3625
88058000,3621
88060000,3625
88062000,3614
88064000,3618
88066000,3629
88068000,3623
88070000,3613
88072000,3631
88074000,3630
88076000,3615
88078000,3626
88080000,3622
88082000,3610
88084000,3625
88086000,3619
88088000,3600
88090000,3616
88092000,3600
88094000,3600
88096000,3605
88098000,3599
88100000,3600
88102000,3597
88104000,3582
88106000,3577
88108000,3600
88110000,3575
88112000,3572
88114000,3571
88116000,3568
88118000,3575
88120000,3577
88122000,3566
88124000,3574
88126000,3583
88128000,3574
88130000,3558
88132000,3555
88134000,3566
88136000,3550
88138000,3549
88140000,3541
88142000,3551
88144000,3530
88146000,3539
88148000,3536
88150000,3537
88152000,3529
88154000,3522
88156000,3531
88158000,3518
88160000,3516
88162000,3489
88164000,3509
88166000,3519
88168000,3495
88170000,3479
88172000,3473
88174000,3471
88176000,3462
88178000,3461
88180000,3461
88182000,3466
88184000,3456
88186000,3441
88188000,3426
88190000,3439
88192000,3431
88194000,3437
88196000,3435
88198000,3433
88200000,3439
88202000,3431
88204000,3434
88206000,3426
88208000,3411
88210000,3431
88212000,3431
88214000,3425
88216000,3429
88218000,3430
88220000,3426
88222000,3408
88224000,3428
88226000,3424
88228000,3419
88230000,3393
88232000,3419
88234000,3428
88236000,3424
88238000,3424
88240000,3423
88242000,3427
88244000,3418
88246000,3426
88248000,3415
88250000,3418
88252000,3408
88254000,3419
88256000,3427
88258000,3425
88260000,3425
88262000,3429
88264000,3423
88266000,3434
88268000,3439
88270000,3429
88272000,3436
88274000,3430
88276000,3439
88278000,3427
88280000,3425
88282000,3426
88284000,3431
88286000,3439
88288000,3429
88290000,3426
88292000,3428
88294000,3429
88296000,3429
88298000,3434
88300000,3439
88302000,3441
88304000,3445
88306000,3451
88308000,3455
88310000,3456
88312000,3479
88314000,3491
88316000,3494
88318000,3487
88320000,3503
88322000,3508
88324000,3511
88326000,3507
88328000,3517
88330000,3506
88332000,3527
88334000,3520
88336000,3527
88338000,3536
88340000,3523
88342000,3533
88344000,3533
88346000,3529
88348000,3534
88350000,3535
88352000,3535
88354000,3536
88356000,3552
88358000,3536
88360000,3536
88362000,3539
88364000,3541
88366000,3550
88368000,3546
88370000,3537
88372000,3541
88374000,3539
88376000,3547
88378000,3555
88380000,3555
88382000,3537
88384000,3556
88386000,3566
88388000,3549
88390000,3553
88392000,3560
88394000,3546
88396000,3553
88398000,3558
88400000,3553
88402000,3565
88404000,3547
88406000,3553
88408000,3551
88410000,3562
88412000,3547
88414000,3561
88416000,3545
88418000,3557
88420000,3567
88422000,3563
88424000,3538
88426000,3554
88428000,3553
88430000,3565
88432000,3562
88434000,3468
88436000,3561
88438000,3562
88440000,3547
88442000,3554
88444000,3547
88446000,3559
88448000,3565
88450000,3568
88452000,3565
88454000,3563
88456000,3571
88458000,3563
88460000,3565
88462000,3563
88464000,3549
88466000,3568
88468000,3566
88470000,3555
88472000,3563
88474000,3567
88476000,3566
88478000,3563
88480000,3568
88482000,3569
88484000,3568
88486000,3569
88488000,3562
88490000,3579
88492000,3568
88494000,3559
88496000,3569
88498000,3569
88500000,3566
88502000,3553
88504000,3568
88506000,3570
88508000,3567
88510000,3519
88512000,3554
88514000,3562
88516000,3563
88518000,3558
88520000,3567
88522000,3568
88524000,3570
88526000,3577
88528000,3579
88530000,3574
88532000,3575
88534000,3583
88536000,3579
88538000,3599
88540000,3579
88542000,3582
88544000,3610
88546000,3578
88548000,3583
88550000,3579
88552000,3583
88554000,3583
88556000,3599
88558000,3601
88560000,3614
88562000,3600
88564000,3599
88566000,3598
88568000,3606
88570000,3600
88572000,3601
88574000,3600
88576000,3601
88578000,3600
88580000,3606
88582000,3577
88584000,3577
88586000,3600
88588000,3600
88590000,3600
88592000,3598
88594000,3611
88596000,3599
88598000,3601
88600000,3600
88602000,3583
88604000,3602
88606000,3594
88608000,3600
88610000,3597
88612000,3600
88614000,3599
88616000,3606
88618000,3600
88620000,3607
88622000,3604
88624000,3600
88626000,3605
88628000,3602
88630000,3610
88632000,3601
88634000,3602
88636000,3619
88638000,3608
88640000,3609
88642000,3614
88644000,3581
88646000,3617
88648000,3606
88650000,3617
88652000,3609
88654000,3602
88656000,3616
88658000,3617
88660000,3627
88662000,3623
88664000,3613
88666000,3612
88668000,3617
88670000,3601
88672000,3615
88674000,3622
88676000,3631
88678000,3632
88680000,3638
88682000,3632
88684000,3632
88686000,3634
88688000,3632
88690000,3634
88692000,3632
88694000,3636
88696000,3633
88698000,3617
88700000,3611
88702000,3632
88704000,3629
88706000,3618
88708000,3626
88710000,3646
88712000,3619
88714000,3622
88716000,3626
88718000,3622
88720000,3626
88722000,3630
88724000,3627
88726000,3622
88728000,3622
88730000,3607
88732000,3618
88734000,3622
88736000,3612
88738000,3614
88740000,3631
88742000,3616
88744000,3619
88746000,3615
88748000,3613
88750000,3621
88752000,3612
88754000,3619
88756000,3621
88758000,3617
88760000,3613
88762000,3625
88764000,3615
88766000,3617
88768000,3617
88770000,3625
88772000,3625
88774000,3631
88776000,3635
88778000,3627
88780000,3639
88782000,3635
88784000,3639
88786000,3629
88788000,3638
88790000,3645
88792000,3637
88794000,3645
88796000,3634
88798000,3643
88800000,3645
88802000,3628
88804000,3632
88806000,3639
88808000,3642
88810000,3647
88812000,3645
88814000,3651
88816000,3662
88818000,3659
88820000,3697
88822000,3664
88824000,3661
88826000,3664
88828000,3659
88830000,3664
88832000,3669
88834000,3675
88836000,3664
88838000,3678
88840000,3663
88842000,3664
88844000,3669
88846000,3677
88848000,3681
88850000,3650
88852000,3675
88854000,3667
88856000,3673
88858000,3673
88860000,3663
88862000,3683
88864000,3666
88866000,3675
88868000,3692
88870000,3682
88872000,3681
88874000,3685
88876000,3679
88878000,3677
88880000,3691
88882000,3678
88884000,3681
88886000,3684
88888000,3681
88890000,3680
88892000,3685
88894000,3676
88896000,3686
88898000,3686
88900000,3694
88902000,3696
88904000,3689
88906000,3699
88908000,3691
88910000,3677
88912000,3681
88914000,3684
88916000,3680
88918000,3693
88920000,3680
88922000,3696
88924000,3695
88926000,3691
88928000,3689
88930000,3689
88932000,3694
88934000,3691
88936000,3693
88938000,3696
88940000,3691
88942000,3686
88944000,3696
88946000,3701
88948000,3695
88950000,3696
88952000,3696
88954000,3696
88956000,3695
88958000,3686
88960000,3709
88962000,3710
88964000,3703
88966000,3697
88968000,3682
88970000,3696
88972000,3695
88974000,3696
88976000,3695
88978000,3696
88980000,3696
88982000,3689
88984000,3678
88986000,3696
88988000,3691
88990000,3694
88992000,3692
88994000,3685
88996000,3693
88998000,3685
89000000,3684
89002000,3698
89004000,3691
89006000,3659
89008000,3687
89010000,3681
89012000,3679
89014000,3687
89016000,3683
89018000,3668
89020000,3685
89022000,3679
89024000,3680
89026000,3683
89028000,3675
89030000,3681
89032000,3685
89034000,3684
89036000,3679
89038000,3691
89040000,3679
89042000,3709
89044000,3682
89046000,3681
89048000,3681
89050000,3694
89052000,3696
89054000,3691
89056000,3695
89058000,3710
89060000,3696
89062000,3694
89064000,3696
89066000,3690
89068000,3709
89070000,3690
89072000,3706
89074000,3697
89076000,3697
89078000,3701
89080000,3701
89082000,3702
89084000,3707
89086000,3701
89088000,3702
89090000,3710
89092000,3712
89094000,3705
89096000,3710
89098000,3711
89100000,3703
89102000,3711
89104000,3710
89106000,3712
89108000,3708
89110000,3721
89112000,3710
89114000,3718
89116000,3712
89118000,3712
89120000,3715
89122000,3712
89124000,3725
89126000,3711
89128000,3714
89130000,3712
89132000,3714
89134000,3715
89136000,3717
89138000,3716
89140000,3716
89142000,3716
89144000,3712
89146000,3717
89148000,3711
89150000,3714
89152000,3715
89154000,3713
89156000,3725
89158000,3714
89160000,3713
89162000,3719
89164000,3721
89166000,3715
89168000,3721
89170000,3721
89172000,3715
89174000,3728
89176000,3717
89178000,3719
89180000,3724
89182000,3727
89184000,3723
89186000,3711
89188000,3726
89190000,3727
89192000,3725
89194000,3726
89196000,3728
89198000,3727
89200000,3722
89202000,3722
89204000,3734
89206000,3728
89208000,3723
89210000,3727
89212000,3725
89214000,3719
89216000,3719
89218000,3728
89220000,3727
89222000,3727
89224000,3723
89226000,3725
89228000,3746
89230000,3715
89232000,3723
89234000,3707
89236000,3726
89238000,3745
89240000,3726
89242000,3727
89244000,3722
89246000,3717
89248000,3723
89250000,3725
89252000,3726
89254000,3719
89256000,3718
89258000,3714
89260000,3721
89262000,3730
89264000,3722
89266000,3715
89268000,3726
89270000,3721
89272000,3727
89274000,3721
89276000,3715
89278000,3723
89280000,3733
89282000,3716
89284000,3717
89286000,3721
89288000,3734
89290000,3730
89292000,3729
89294000,3732
89296000,3738
89298000,3738
89300000,3734
89302000,3749
89304000,3735
89306000,3737
89308000,3734
89310000,3786
89312000,3750
89314000,3742
89316000,3751
89318000,3744
89320000,3750
89322000,3754
89324000,3747
89326000,3753
89328000,3754
89330000,3737
89332000,3749
89334000,3755
89336000,3747
89338000,3759
89340000,3757
89342000,3755
89344000,3749
89346000,3744
89348000,3750
89350000,3739
89352000,3760
89354000,3755
89356000,3760
89358000,3758
89360000,3751
89362000,3760
89364000,3759
89366000,3751
89368000,3760
89370000,3759
89372000,3759
89374000,3760
89376000,3754
89378000,3760
89380000,3754
89382000,3757
89384000,3750
89386000,3744
89388000,3755
89390000,3755
89392000,3753
89394000,3754
89396000,3755
89398000,3759
89400000,3755
89402000,3759
89404000,3757
89406000,3760
89408000,3760
89410000,3759
89412000,3760
89414000,3762
89416000,3756
89418000,3751
89420000,3750
89422000,3756
89424000,3759
89426000,3744
89428000,3758
89430000,3760
89432000,3758
89434000,3757
89436000,3747
89438000,3759
89440000,3759
89442000,3760
89444000,3754
89446000,3760
89448000,3757
89450000,3754
89452000,3757
89454000,3755
89456000,3761
89458000,3752
89460000,3761
89462000,3759
89464000,3747
89466000,3751
89468000,3760
89470000,3746
89472000,3756
89474000,3757
89476000,3759
89478000,3737
89480000,3753
89482000,3743
89484000,3751
89486000,3757
89488000,3755
89490000,3758
89492000,3760
89494000,3775
89496000,3728
89498000,3760
89500000,3763
89502000,3751
89504000,3755
89506000,3748
89508000,3751
89510000,3743
89512000,3753
89514000,3747
89516000,3757
89518000,3742
89520000,3759
89522000,3748
89524000,3752
89526000,3746
89528000,3749
89530000,3748
89532000,3746
89534000,3755
89536000,3759
89538000,3761
89540000,3747
89542000,3747
89544000,3742
89546000,3754
89548000,3738
89550000,3742
89552000,3746
89554000,3741
89556000,3750
89558000,3759
89560000,3755
89562000,3724
89564000,3751
89566000,3745
89568000,3745
89570000,3747
89572000,3744
89574000,3740
89576000,3739
89578000,3717
89580000,3745
89582000,3742
89584000,3740
89586000,3734
89588000,3747
89590000,3740
89592000,3744
89594000,3752
89596000,3746
89598000,3751
89600000,3754
89602000,3743
89604000,3753
89606000,3759
89608000,3748
89610000,3760
89612000,3759
89614000,3759
89616000,3759
89618000,3756
89620000,3740
89622000,3755
89624000,3751
89626000,3743
89628000,3758
89630000,3753
89632000,3750
89634000,3757
89636000,3754
89638000,3754
89640000,3754
89642000,3758
89644000,3760
89646000,3755
89648000,3750
89650000,3753
89652000,3767
89654000,3759
89656000,3749
89658000,3767
89660000,3745
89662000,3755
89664000,3757
89666000,3757
89668000,3755
89670000,3753
89672000,3758
89674000,3760
89676000,3739
89678000,3759
89680000,3754
89682000,3751
89684000,3744
89686000,3751
89688000,3757
89690000,3752
89692000,3754
89694000,3743
89696000,3750
89698000,3747
89700000,3745
89702000,3745
89704000,3747
89706000,3751
89708000,3742
89710000,3760
89712000,3754
89714000,3753
89716000,3747
89718000,3758
89720000,3755
89722000,3755
89724000,3749
89726000,3746
89728000,3743
89730000,3746
89732000,3759
89734000,3755
89736000,3748
89738000,3755
89740000,3754
89742000,3751
89744000,3760
89746000,3756
89748000,3754
89750000,3749
89752000,3759
89754000,3746
89756000,3758
89758000,3757
89760000,3751
89762000,3757
89764000,3751
89766000,3732
89768000,3755
89770000,3766
89772000,3756
89774000,3760
89776000,3747
89778000,3760
89780000,3759
89782000,3761
89784000,3757
89786000,3758
89788000,3761
89790000,3759
89792000,3758
89794000,3773
89796000,3745
89798000,3758
89800000,3759
89802000,3755
89804000,3757
89806000,3750
89808000,3753
89810000,3760
89812000,3745
89814000,3755
89816000,3759
89818000,3758
89820000,3760
89822000,3760
89824000,3762
89826000,3759
89828000,3752
89830000,3760
89832000,3755
89834000,3762
89836000,3761
89838000,3755
89840000,3759
89842000,3751
89844000,3759
89846000,3761
89848000,3761
89850000,3749
89852000,3759
89854000,3769
89856000,3747
89858000,3762
89860000,3760
89862000,3760
89864000,3760
89866000,3753
89868000,3760
89870000,3761
89872000,3760
89874000,3759
89876000,3760
89878000,3761
89880000,3760
89882000,3760
89884000,3759
89886000,3762
89888000,3760
89890000,3760
89892000,3760
89894000,3760
89896000,3751
89898000,3760
89900000,3747
89902000,3755
89904000,3755
89906000,3766
89908000,3757
89910000,3759
89912000,3767
89914000,3755
89916000,3760
89918000,3763
89920000,3769
89922000,3760
89924000,3763
89926000,3751
89928000,3760
89930000,3761
89932000,3760
89934000,3767
89936000,3757
89938000,3760
89940000,3765
89942000,3759
89944000,3764
89946000,3791
89948000,3766
89950000,3761
89952000,3762
89954000,3773
89956000,3760
89958000,3760
89960000,3760
89962000,3760
89964000,3762
89966000,3760
89968000,3765
89970000,3767
89972000,3763
89974000,3759
89976000,3765
89978000,3761
89980000,3751
89982000,3750
89984000,3770
89986000,3757
89988000,3758
89990000,3764
89992000,3760
89994000,3765
89996000,3755
89998000,3759
90000000,3777
90002000,3762
90004000,3760
90006000,3765
90008000,3749
90010000,3760
90012000,3785
90014000,3755
90016000,3742
90018000,3807
90020000,3812
90022000,3770
90024000,3850
90026000,3735
90028000,3743
90030000,3724
90032000,3791
90034000,3752
90036000,3732
90038000,3694
90040000,3792
90042000,3824
90044000,3696
90046000,3743
90048000,3764
90050000,3771
90052000,3755
90054000,3745
90056000,3759
90058000,3760
90060000,3767
90062000,3717
90064000,3762
90066000,3760
90068000,3728
90070000,3763
90072000,3765
90074000,3772
90076000,3766
90078000,3763
90080000,3721
90082000,3759
90084000,3766
90086000,3765
90088000,3753
90090000,3759
90092000,3732
90094000,3791
90096000,3766
90098000,3759
90100000,3728
90102000,3748
90104000,3773
90106000,3765
90108000,3729
90110000,3775
90112000,3761
90114000,3781
90116000,3761
90118000,3792
90120000,3771
90122000,3742
90124000,3755
90126000,3765
90128000,3778
90130000,3792
90132000,3734
90134000,3786
90136000,3707
90138000,3829
90140000,3753
90142000,3751
90144000,3728
90146000,3731
90148000,3779
90150000,3787
90152000,3734
90154000,3798
90156000,3747
90158000,3771
90160000,3789
90162000,3763
90164000,3775
90166000,3751
90168000,3783
90170000,3793
90172000,3760
90174000,3787
90176000,3767
90178000,3753
90180000,3761
90182000,3773
90184000,3762
90186000,3767
90188000,3776
90190000,3769
90192000,3792
90194000,3789
90196000,3729
90198000,3758
90200000,3771
90202000,3762
90204000,3757
90206000,3782
90208000,3760
90210000,3759
90212000,3775
90214000,3769
90216000,3795
90218000,3775
90220000,3767
90222000,3761
90224000,3773
90226000,3781
90228000,3777
90230000,3765
90232000,3760
90234000,3775
90236000,3769
90238000,3766
90240000,3763
90242000,3775
90244000,3762
90246000,3760
90248000,3767
90250000,3770
90252000,3770
90254000,3761
90256000,3775
90258000,3769
90260000,3767
90262000,3760
90264000,3792
90266000,3776
90268000,3771
90270000,3762
90272000,3770
90274000,3773
90276000,3766
90278000,3767
90280000,3760
90282000,3783
90284000,3758
90286000,3760
90288000,3760
90290000,3760
90292000,3758
90294000,3777
90296000,3753
90298000,3762
90300000,3766
90302000,3774
90304000,3767
90306000,3771
90308000,3767
90310000,3762
90312000,3775
90314000,3785
90316000,3767
90318000,3770
90320000,3764
90322000,3776
90324000,3774
90326000,3772
90328000,3773
90330000,3773
90332000,3776
90334000,3771
90336000,3765
90338000,3778
90340000,3770
90342000,3775
90344000,3769
90346000,3763
90348000,3774
90350000,3773
90352000,3759
90354000,3777
90356000,3775
90358000,3769
90360000,3771
90362000,3761
90364000,3775
90366000,3773
90368000,3776
90370000,3776
90372000,3774
90374000,3773
90376000,3789
90378000,3780
90380000,3776
90382000,3774
90384000,3779
90386000,3772
90388000,3775
90390000,3783
90392000,3778
90394000,3783
90396000,3783
90398000,3777
90400000,3776
90402000,3792
90404000,3790
90406000,3781
90408000,3785
90410000,3792
90412000,3791
90414000,3783
90416000,3763
90418000,3801
90420000,3824
90422000,3792
90424000,3799
90426000,3809
90428000,3807
90430000,3799
90432000,3809
90434000,3802
90436000,3796
90438000,3799
90440000,3793
90442000,3801
90444000,3804
90446000,3802
90448000,3802
90450000,3822
90452000,3811
90454000,3814
90456000,3811
90458000,3812
90460000,3801
90462000,3819
90464000,3810
90466000,3821
90468000,3822
90470000,3824
90472000,3817
90474000,3806
90476000,3824
90478000,3821
90480000,3822
90482000,3818
90484000,3821
90486000,3817
90488000,3811
90490000,3814
90492000,3813
90494000,3807
90496000,3805
90498000,3804
90500000,3807
90502000,3803
90504000,3809
90506000,3814
90508000,3813
90510000,3818
90512000,3813
90514000,3818
90516000,3813
90518000,3816
90520000,3812
90522000,3819
90524000,3823
90526000,3819
90528000,3814
90530000,3825
90532000,3812
90534000,3788
90536000,3819
90538000,3819
90540000,3811
90542000,3821
90544000,3818
90546000,3821
90548000,3824
90550000,3823
90552000,3823
90554000,3814
90556000,3827
90558000,3797
90560000,3834
90562000,3824
90564000,3819
90566000,3824
90568000,3824
90570000,3829
90572000,3827
90574000,3798
90576000,3831
90578000,3823
90580000,3823
90582000,3824
90584000,3834
90586000,3824
90588000,3822
90590000,3843
90592000,3830
90594000,3825
90596000,3829
90598000,3830
90600000,3834
90602000,3819
90604000,3821
90606000,3829
90608000,3831
90610000,3835
90612000,3839
90614000,3870
90616000,3826
90618000,3849
90620000,3831
90622000,3836
90624000,3828
90626000,3832
90628000,3833
90630000,3829
90632000,3824
90634000,3828
90636000,3829
90638000,3830
90640000,3830
90642000,3836
90644000,3830
90646000,3811
90648000,3847
90650000,3836
90652000,3837
90654000,3830
90656000,3825
90658000,3845
90660000,3833
90662000,3822
90664000,3829
90666000,3834
90668000,3824
90670000,3829
90672000,3826
90674000,3827
90676000,3827
90678000,3813
90680000,3805
90682000,3807
90684000,3825
90686000,3820
90688000,3827
90690000,3824
90692000,3823
90694000,3831
90696000,3824
90698000,3824
90700000,3828
90702000,3830
90704000,3823
90706000,3827
90708000,3824
90710000,3822
90712000,3834
90714000,3823
90716000,3821
90718000,3819
90720000,3822
90722000,3829
90724000,3822
90726000,3808
90728000,3818
90730000,3812
90732000,3815
90734000,3816
90736000,3822
90738000,3818
90740000,3823
90742000,3825
90744000,3815
90746000,3812
90748000,3815
90750000,3817
90752000,3813
90754000,3821
90756000,3813
90758000,3814
90760000,3810
90762000,3819
90764000,3809
90766000,3818
90768000,3812
90770000,3809
90772000,3822
90774000,3817
90776000,3813
90778000,3819
90780000,3811
90782000,3813
90784000,3809
90786000,3815
90788000,3824
90790000,3811
90792000,3815
90794000,3811
90796000,3821
90798000,3812
90800000,3809
90802000,3815
90804000,3814
90806000,3808
90808000,3812
90810000,3824
90812000,3825
90814000,3813
90816000,3811
90818000,3792
90820000,3817
90822000,3818
90824000,3819
90826000,3820
90828000,3829
90830000,3839
90832000,3824
90834000,3825
90836000,3824
90838000,3824
90840000,3821
90842000,3824
90844000,3824
90846000,3818
90848000,3831
90850000,3822
90852000,3820
90854000,3821
90856000,3829
90858000,3823
90860000,3822
90862000,3824
90864000,3825
90866000,3824
90868000,3826
90870000,3827
90872000,3827
90874000,3821
90876000,3823
90878000,3824
90880000,3827
90882000,3792
90884000,3827
90886000,3824
90888000,3843
90890000,3818
90892000,3828
90894000,3824
90896000,3838
90898000,3824
90900000,3828
90902000,3829
90904000,3833
90906000,3831
90908000,3858
90910000,3835
90912000,3837
90914000,3835
90916000,3827
90918000,3835
90920000,3827
90922000,3831
90924000,3824
90926000,3824
90928000,3829
90930000,3834
90932000,3832
90934000,3823
90936000,3829
90938000,3837
90940000,3839
90942000,3837
90944000,3831
90946000,3830
90948000,3826
90950000,3824
90952000,3825
90954000,3828
90956000,3823
90958000,3821
90960000,3819
90962000,3822
90964000,3823
90966000,3815
90968000,3821
90970000,3828
90972000,3822
90974000,3815
90976000,3819
90978000,3824
90980000,3812
90982000,3825
90984000,3822
90986000,3823
90988000,3817
90990000,3821
90992000,3813
90994000,3813
90996000,3808
90998000,3817
91000000,3821
91002000,3818
91004000,3807
91006000,3811
91008000,3850
91010000,3815
91012000,3815
91014000,3814
91016000,3810
91018000,3813
91020000,3802
91022000,3818
91024000,3814
91026000,3811
91028000,3810
91030000,3821
91032000,3822
91034000,3811
91036000,3815
91038000,3817
91040000,3811
91042000,3813
91044000,3806
91046000,3803
91048000,3813
91050000,3796
91052000,3803
91054000,3792
91056000,3792
91058000,3792
91060000,3792
91062000,3799
91064000,3802
91066000,3803
91068000,3815
91070000,3813
91072000,3806
91074000,3812
91076000,3819
91078000,3821
91080000,3809
91082000,3825
91084000,3824
91086000,3835
91088000,3826
91090000,3829
91092000,3824
91094000,3827
91096000,3830
91098000,3825
91100000,3831
91102000,3826
91104000,3838
91106000,3831
91108000,3836
91110000,3823
91112000,3825
91114000,3835
91116000,3834
91118000,3824
91120000,3849
91122000,3835
91124000,3823
91126000,3836
91128000,3838
91130000,3837
91132000,3829
91134000,3830
91136000,3831
91138000,3840
91140000,3835
91142000,3831
91144000,3835
91146000,3824
91148000,3833
91150000,3839
91152000,3825
91154000,3829
91156000,3843
91158000,3835
91160000,3845
91162000,3837
91164000,3830
91166000,3831
91168000,3834
91170000,3836
91172000,3834
91174000,3830
91176000,3846
91178000,3824
91180000,3835
91182000,3835
91184000,3845
91186000,3825
91188000,3830
91190000,3841
91192000,3831
91194000,3834
91196000,3835
91198000,3837
91200000,3834
91202000,3837
91204000,3834
91206000,3841
91208000,3839
91210000,3835
91212000,3840
91214000,3842
91216000,3840
91218000,3838
91220000,3840
91222000,3843
91224000,3837
91226000,3840
91228000,3846
91230000,3844
91232000,3842
91234000,3840
91236000,3839
91238000,3837
91240000,3838
91242000,3833
91244000,3846
91246000,3851
91248000,3846
91250000,3845
91252000,3843
91254000,3846
91256000,3864
91258000,3847
91260000,3843
91262000,3843
91264000,3840
91266000,3845
91268000,3842
91270000,3839
91272000,3851
91274000,3845
91276000,3837
91278000,3842
91280000,3845
91282000,3827
91284000,3853
91286000,3847
91288000,3847
91290000,3840
91292000,3842
91294000,3841
91296000,3851
91298000,3843
91300000,3839
91302000,3841
91304000,3840
91306000,3844
91308000,3853
91310000,3854
91312000,3853
91314000,3842
91316000,3846
91318000,3845
91320000,3843
91322000,3851
91324000,3843
91326000,3854
91328000,3837
91330000,3842
91332000,3841
91334000,3840
91336000,3839
91338000,3831
91340000,3851
91342000,3856
91344000,3847
91346000,3839
91348000,3852
91350000,3840
91352000,3853
91354000,3849
91356000,3853
91358000,3850
91360000,3855
91362000,3847
91364000,3847
91366000,3873
91368000,3845
91370000,3847
91372000,3846
91374000,3851
91376000,3843
91378000,3854
91380000,3851
91382000,3855
91384000,3859
91386000,3857
91388000,3855
91390000,3853
91392000,3847
91394000,3844
91396000,3851
91398000,3842
91400000,3847
91402000,3852
91404000,3851
91406000,3851
91408000,3855
91410000,3846
91412000,3851
91414000,3839
91416000,3856
91418000,3852
91420000,3849
91422000,3856
91424000,3851
91426000,3850
91428000,3851
91430000,3855
91432000,3850
91434000,3839
91436000,3846
91438000,3845
91440000,3850
91442000,3845
91444000,3857
91446000,3843
91448000,3855
91450000,3845
91452000,3842
91454000,3856
91456000,3854
91458000,3826
91460000,3845
91462000,3850
91464000,3854
91466000,3852
91468000,3817
91470000,3846
91472000,3850
91474000,3842
91476000,3847
91478000,3863
91480000,3854
91482000,3849
91484000,3847
91486000,3856
91488000,3843
91490000,3858
91492000,3851
91494000,3851
91496000,3847
91498000,3846
91500000,3852
91502000,3856
91504000,3859
91506000,3854
91508000,3869
91510000,3847
91512000,3879
91514000,3856
91516000,3867
91518000,3856
91520000,3869
91522000,3859
91524000,3855
91526000,3866
91528000,3862
91530000,3867
91532000,3860
91534000,3856
91536000,3856
91538000,3850
91540000,3858
91542000,3856
91544000,3843
91546000,3863
91548000,3857
91550000,3855
91552000,3857
91554000,3859
91556000,3863
91558000,3856
91560000,3857
91562000,3863
91564000,3856
91566000,3865
91568000,3851
91570000,3863
91572000,3858
91574000,3861
91576000,3860
91578000,3856
91580000,3859
91582000,3856
91584000,3862
91586000,3861
91588000,3847
91590000,3856
91592000,3860
91594000,3856
91596000,3863
91598000,3856
91600000,3859
91602000,3863
91604000,3859
91606000,3870
91608000,3859
91610000,3871
91612000,3862
91614000,3863
91616000,3861
91618000,3861
91620000,3862
91622000,3862
91624000,3863
91626000,3860
91628000,3861
91630000,3862
91632000,3867
91634000,3867
91636000,3869
91638000,3878
91640000,3875
91642000,3873
91644000,3879
91646000,3873
91648000,3878
91650000,3871
91652000,3872
91654000,3887
91656000,3863
91658000,3877
91660000,3879
91662000,3882
91664000,3871
91666000,3875
91668000,3883
91670000,3906
91672000,3871
91674000,3881
91676000,3883
91678000,3884
91680000,3869
91682000,3888
91684000,3887
91686000,3888
91688000,3885
91690000,3887
91692000,3888
91694000,3883
91696000,3911
91698000,3894
91700000,3904
91702000,3888
91704000,3895
91706000,3891
91708000,3887
91710000,3856
91712000,3888
91714000,3895
91716000,3888
91718000,3895
91720000,3888
91722000,3888
91724000,3904
91726000,3903
91728000,3909
91730000,3897
91732000,3902
91734000,3907
91736000,3915
91738000,3909
91740000,3906
91742000,3879
91744000,3889
91746000,3900
91748000,3918
91750000,3909
91752000,3902
91754000,3888
91756000,3906
91758000,3910
91760000,3910
91762000,3915
91764000,3909
91766000,3913
91768000,3911
91770000,3901
91772000,3909
91774000,3901
91776000,3898
91778000,3911
91780000,3917
91782000,3909
91784000,3914
91786000,3908
91788000,3917
91790000,3911
91792000,3919
91794000,3914
91796000,3921
91798000,3922
91800000,3910
91802000,3919
91804000,3927
91806000,3915
91808000,3917
91810000,3917
91812000,3915
91814000,3888
91816000,3911
91818000,3911
91820000,3918
91822000,3920
91824000,3913
91826000,3916
91828000,3904
91830000,3915
91832000,3919
91834000,3925
91836000,3905
91838000,3920
91840000,3911
91842000,3924
91844000,3922
91846000,3913
91848000,3920
91850000,3916
91852000,3917
91854000,3907
91856000,3917
91858000,3920
91860000,3920
91862000,3919
91864000,3925
91866000,3925
91868000,3922
91870000,3921
91872000,3931
91874000,3921
91876000,3924
91878000,3930
91880000,3926
91882000,3930
91884000,3926
91886000,3929
91888000,3929
91890000,3923
91892000,3931
91894000,3929
91896000,3934
91898000,3922
91900000,3925
91902000,3929
91904000,3921
91906000,3922
91908000,3933
91910000,3923
91912000,3924
91914000,3920
91916000,3923
91918000,3920
91920000,3920
91922000,3914
91924000,3923
91926000,3933
91928000,3930
91930000,3920
91932000,3914
91934000,3920
91936000,3913
91938000,3918
91940000,3888
91942000,3917
91944000,3912
91946000,3914
91948000,3910
91950000,3916
91952000,3911
91954000,3923
91956000,3929
91958000,3922
91960000,3923
91962000,3921
91964000,3917
91966000,3920
91968000,3920
91970000,3925
91972000,3920
91974000,3897
91976000,3922
91978000,3920
91980000,3921
91982000,3932
91984000,3930
91986000,3925
91988000,3920
91990000,3923
91992000,3935
91994000,3934
91996000,3925
91998000,3924
92000000,3914
92002000,3920
92004000,3915
92006000,3923
92008000,3925
92010000,3939
92012000,3903
92014000,3899
92016000,3907
92018000,3901
92020000,3893
92022000,3904
92024000,3887
92026000,3890
92028000,3879
92030000,3873
92032000,3881
92034000,3868
92036000,3882
92038000,3871
92040000,3877
92042000,3871
92044000,3865
92046000,3861
92048000,3855
92050000,3857
92052000,3855
92054000,3866
92056000,3856
92058000,3856
92060000,3856
92062000,3861
92064000,3870
92066000,3863
92068000,3865
92070000,3854
92072000,3850
92074000,3838
92076000,3856
92078000,3852
92080000,3861
92082000,3839
92084000,3856
92086000,3858
92088000,3853
92090000,3854
92092000,3856
92094000,3850
92096000,3852
92098000,3854
92100000,3856
92102000,3846
92104000,3856
92106000,3855
92108000,3852
92110000,3857
92112000,3850
92114000,3859
92116000,3850
92118000,3856
92120000,3857
92122000,3859
92124000,3856
92126000,3849
92128000,3853
92130000,3856
92132000,3857
92134000,3852
92136000,3856
92138000,3854
92140000,3856
92142000,3846
92144000,3863
92146000,3859
92148000,3861
92150000,3856
92152000,3866
92154000,3853
92156000,3851
92158000,3863
92160000,3856
92162000,3858
92164000,3851
92166000,3853
92168000,3859
92170000,3859
92172000,3847
92174000,3856
92176000,3856
92178000,3847
92180000,3856
92182000,3849
92184000,3855
92186000,3850
92188000,3854
92190000,3856
92192000,3861
92194000,3856
92196000,3857
92198000,3855
92200000,3857
92202000,3854
92204000,3856
92206000,3860
92208000,3853
92210000,3855
92212000,3851
92214000,3856
92216000,3858
92218000,3856
92220000,3856
92222000,3856
92224000,3854
92226000,3858
92228000,3861
92230000,3856
92232000,3861
92234000,3849
92236000,3869
92238000,3842
92240000,3847
92242000,3823
92244000,3856
92246000,3867
92248000,3856
92250000,3835
92252000,3831
92254000,3853
92256000,3847
92258000,3806
92260000,3823
92262000,3915
92264000,3728
92266000,3888
92268000,3797
92270000,3760
92272000,3786
92274000,3815
92276000,3855
92278000,3763
92280000,3771
92282000,3767
92284000,3746
92286000,3748
92288000,3760
92290000,3746
92292000,3739
92294000,3728
92296000,3600
92298000,3722
92300000,3710
92302000,3685
92304000,3705
92306000,3696
92308000,3677
92310000,3659
92312000,3626
92314000,3605
92316000,3577
92318000,3569
92320000,3551
92322000,3483
92324000,3488
92326000,3446
92328000,3417
92330000,3123
92332000,3121
92334000,3102
92336000,3017
92338000,2914
92340000,2790
92342000,2810
92344000,2810
92346000,2743
92348000,2510
92350000,2432
92352000,2347
92354000,1883
92356000,1903
92358000,1854
92360000,1831
92362000,1507
92364000,533
92366000,142
92368000,0
92370000,0
92372000,0
92374000,0
92376000,0
92378000,0
92380000,0
92382000,0
92384000,0
92386000,0
92388000,0
92390000,0
92392000,0
92394000,0
92396000,0
92398000,0
92400000,0
92402000,0
92404000,0
92406000,0
92408000,0
92410000,0
92412000,0
92414000,0
92416000,0
92418000,0
92420000,0
92422000,0
92424000,0
92426000,0
92428000,0
92430000,0
92432000,0
92434000,0
92436000,0
92438000,0
92440000,0
92442000,0
92444000,0
92446000,0
92448000,0
92450000,0
92452000,0
92454000,0
92456000,0
92458000,0
92460000,0
92462000,0
92464000,0
92466000,0
92468000,0
92470000,0
92472000,0
92474000,0
92476000,0
92478000,0
92480000,0
92482000,0
92484000,0
92486000,0
92488000,0
92490000,0
92492000,0
92494000,0
92496000,0
92498000,0
92500000,0
92502000,0
92504000,0
92506000,0
92508000,0
92510000,0
92512000,0
92514000,0
92516000,0
92518000,0
92520000,0
92522000,0
92524000,0
92526000,0
92528000,0
92530000,0
92532000,0
92534000,0
92536000,0
92538000,0
92540000,0
92542000,0
92544000,0
92546000,0
92548000,0
92550000,0
92552000,0
92554000,0
92556000,0
92558000,0
92560000,0
92562000,0
92564000,0
92566000,0
92568000,0
92570000,0
92572000,0
92574000,0
92576000,0
92578000,0
92580000,0
92582000,0
92584000,0
92586000,0
92588000,0
92590000,0
92592000,0
92594000,0
92596000,0
92598000,0
92600000,0
92602000,0
92604000,0
92606000,0
92608000,0
92610000,0
92612000,0
92614000,0
92616000,0
92618000,0
92620000,0
92622000,0
92624000,0
92626000,0
92628000,0
92630000,0
92632000,0
92634000,0
92636000,0
92638000,0
92640000,0
92642000,0
92644000,0
92646000,0
92648000,0
92650000,0
92652000,0
92654000,0
92656000,0
92658000,0
92660000,0
92662000,0
92664000,0
92666000,0
92668000,0
92670000,0
92672000,0
92674000,0
92676000,0
92678000,0
92680000,0
92682000,0
92684000,0
92686000,0
92688000,0
92690000,0
92692000,0
92694000,0
92696000,0
92698000,0
92700000,0
92702000,0
92704000,0
92706000,0
92708000,0
92710000,0
92712000,0
92714000,0
92716000,0
92718000,0
92720000,0
92722000,0
92724000,0
92726000,0
92728000,0
92730000,0
92732000,0
92734000,0
92736000,0
92738000,0
92740000,0
92742000,0
92744000,0
92746000,0
92748000,0
92750000,0
92752000,0
92754000,0
92756000,0
92758000,0
92760000,0
92762000,0
92764000,0
92766000,0
92768000,0
92770000,0
92772000,0
92774000,0
92776000,0
92778000,0
92780000,0
92782000,0
92784000,0
92786000,0
92788000,0
92790000,0
92792000,0
92794000,0
92796000,0
92798000,0
92800000,0
92802000,0
92804000,0
92806000,0
92808000,0
92810000,0
92812000,0
92814000,0
92816000,0
92818000,0
92820000,0
92822000,0
92824000,0
92826000,0
92828000,0
92830000,0
92832000,0
92834000,0
92836000,0
92838000,0
92840000,0
92842000,0
92844000,0
92846000,0
92848000,0
92850000,0
92852000,0
92854000,0
92856000,0
92858000,0
92860000,0
92862000,0
92864000,0
92866000,0
92868000,0
92870000,0
92872000,0
92874000,0
92876000,0
92878000,0
92880000,0
92882000,0
92884000,0
92886000,0
92888000,0
92890000,0
92892000,0
92894000,0
92896000,0
92898000,0
92900000,0
92902000,0
92904000,0
92906000,0
92908000,0
92910000,0
92912000,0
92914000,0
92916000,0
92918000,0
92920000,0
92922000,0
92924000,0
92926000,0
92928000,0
92930000,0
92932000,0
92934000,0
92936000,0
92938000,0
92940000,0
92942000,0
92944000,0
92946000,0
92948000,0
92950000,0
92952000,0
92954000,0
92956000,0
92958000,0
92960000,0
92962000,0
92964000,0
92966000,0
92968000,0
92970000,0
92972000,0
92974000,0
92976000,0
92978000,0
92980000,0
92982000,0
92984000,0
92986000,0
92988000,0
92990000,0
92992000,0
92994000,0
92996000,0
92998000,0
93000000,0
93002000,0
93004000,0
93006000,0
93008000,0
93010000,0
93012000,0
93014000,0
93016000,0
93018000,0
93020000,0
93022000,0
93024000,0
93026000,0
93028000,0
93030000,0
93032000,0
93034000,0
93036000,0
93038000,0
93040000,0
93042000,0
93044000,0
93046000,0
93048000,0
93050000,0
93052000,0
93054000,0
93056000,0
93058000,0
93060000,0
93062000,0
93064000,0
93066000,0
93068000,0
93070000,0
93072000,0
93074000,0
93076000,0
93078000,0
93080000,0
93082000,0
93084000,0
93086000,0
93088000,0
93090000,0
93092000,0
93094000,0
93096000,0
93098000,0
93100000,0
93102000,0
93104000,0
93106000,0
93108000,0
93110000,0
93112000,0
93114000,0
93116000,0
93118000,0
93120000,0
93122000,0
93124000,0
93126000,0
93128000,0
93130000,0
93132000,0
93134000,0
93136000,0
93138000,0
93140000,0
93142000,0
93144000,0
93146000,0
93148000,0
93150000,0
93152000,0
93154000,0
93156000,0
93158000,0
93160000,0
93162000,0
93164000,0
93166000,0
93168000,0
93170000,0
93172000,0
93174000,0
93176000,0
93178000,0
93180000,0
93182000,0
93184000,0
93186000,0
93188000,0
93190000,0
93192000,0
93194000,0
93196000,0
93198000,0
93200000,0
93202000,0
93204000,0
93206000,0
93208000,0
93210000,0
93212000,0
93214000,0
93216000,0
93218000,0
93220000,0
93222000,0
93224000,0
93226000,0
93228000,0
93230000,0
93232000,0
93234000,0
93236000,0
93238000,0
93240000,0
93242000,0
93244000,0
93246000,0
93248000,0
93250000,0
93252000,0
93254000,0
93256000,0
93258000,0
93260000,0
93262000,0
93264000,0
93266000,0
93268000,0
93270000,0
93272000,0
93274000,0
93276000,0
93278000,0
93280000,0
93282000,0
93284000,0
93286000,0
93288000,0
93290000,0
93292000,0
93294000,0
93296000,0
93298000,0
93300000,0
93302000,0
93304000,0
93306000,0
93308000,0
93310000,0
93312000,0
93314000,0
93316000,0
93318000,0
93320000,0
93322000,0
93324000,0
93326000,0
93328000,0
93330000,0
93332000,0
93334000,0
93336000,0
93338000,0
93340000,0
93342000,0
93344000,0
93346000,0
93348000,0
93350000,0
93352000,0
93354000,0
93356000,0
93358000,0
93360000,0
93362000,0
93364000,0
93366000,0
93368000,0
93370000,0
93372000,0
93374000,0
93376000,0
93378000,0
93380000,0
93382000,0
93384000,0
93386000,0
93388000,0
93390000,0
93392000,0
93394000,0
93396000,0
93398000,0
93400000,0
93402000,0
93404000,0
93406000,0
93408000,0
93410000,0
93412000,0
93414000,0
93416000,0
93418000,0
93420000,0
93422000,0
93424000,0
93426000,0
93428000,0
93430000,0
93432000,0
93434000,0
93436000,0
93438000,0
93440000,0
93442000,0
93444000,0
93446000,0
93448000,0
93450000,0
93452000,0
93454000,0
93456000,0
93458000,0
93460000,0
93462000,0
93464000,0
93466000,0
93468000,0
93470000,0
93472000,0
93474000,0
93476000,0
93478000,0
93480000,0
93482000,0
93484000,0
93486000,0
93488000,0
93490000,0
93492000,0
93494000,0
93496000,0
93498000,0
93500000,0
93502000,0
93504000,0
93506000,0
93508000,0
93510000,0
93512000,0
93514000,0
93516000,0
93518000,0
93520000,0
93522000,0
93524000,0
93526000,0
93528000,0
93530000,0
93532000,0
93534000,0
93536000,0
93538000,0
93540000,0
93542000,0
93544000,0
93546000,0
93548000,0
93550000,0
93552000,0
93554000,0
93556000,0
93558000,0
93560000,0
93562000,0
93564000,0
93566000,0
93568000,0
93570000,0
93572000,0
93574000,0
93576000,0
93578000,0
93580000,0
93582000,0
93584000,0
93586000,0
93588000,0
93590000,0
93592000,0
93594000,0
93596000,0
93598000,0
93600000,0
93602000,0
93604000,0
93606000,0
93608000,0
93610000,0
93612000,0
93614000,0
93616000,0
93618000,0
93620000,0
93622000,0
93624000,0
93626000,0
93628000,0
93630000,0
93632000,0
93634000,0
93636000,0
93638000,0
93640000,0
93642000,0
93644000,0
93646000,0
93648000,0
93650000,0
93652000,0
93654000,0
93656000,0
93658000,0
93660000,0
93662000,0
93664000,0
93666000,0
93668000,0
93670000,0
93672000,0
93674000,0
93676000,0
93678000,0
93680000,0
93682000,0
93684000,0
93686000,0
93688000,0
93690000,0
93692000,0
93694000,0
93696000,0
93698000,0
93700000,0
93702000,0
93704000,0
93706000,0
93708000,0
93710000,0
93712000,0
93714000,0
93716000,0
93718000,0
93720000,0
93722000,0
93724000,0
93726000,0
93728000,0
93730000,0
93732000,0
93734000,0
93736000,0
93738000,0
93740000,0
93742000,0
93744000,0
93746000,0
93748000,0
93750000,0
93752000,0
93754000,0
93756000,0
93758000,0
93760000,0
93762000,0
93764000,0
93766000,0
93768000,0
93770000,0
93772000,0
93774000,0
93776000,0
93778000,0
93780000,0
93782000,0
93784000,0
93786000,0
93788000,0
93790000,0
93792000,0
93794000,0
93796000,0
93798000,0
93800000,0
93802000,0
93804000,0
93806000,0
93808000,0
93810000,0
93812000,0
93814000,0
93816000,0
93818000,0
93820000,0
93822000,0
93824000,0
93826000,0
93828000,0
93830000,0
93832000,0
93834000,0
93836000,0
93838000,0
93840000,0
93842000,0
93844000,0
93846000,0
93848000,0
93850000,0
93852000,0
93854000,0
93856000,0
93858000,0
93860000,0
93862000,0
93864000,0
93866000,0
93868000,0
93870000,0
93872000,0
93874000,0
93876000,0
93878000,0
93880000,0
93882000,0
93884000,0
93886000,0
93888000,0
93890000,0
93892000,0
93894000,0
93896000,0
93898000,0
93900000,0
93902000,0
93904000,0
93906000,0
93908000,0
93910000,0
93912000,0
93914000,0
93916000,0
93918000,0
93920000,0
93922000,0
93924000,0
93926000,0
93928000,0
93930000,0
93932000,0
93934000,0
93936000,0
93938000,0
93940000,0
93942000,0
93944000,0
93946000,0
93948000,0
93950000,0
93952000,0
93954000,0
93956000,0
93958000,0
93960000,0
93962000,0
93964000,0
93966000,0
93968000,0
93970000,0
93972000,0
93974000,0
93976000,0
93978000,0
93980000,0
93982000,0
93984000,0
93986000,0
93988000,0
93990000,0
93992000,0
93994000,0
93996000,0
93998000,0
94000000,0
94002000,0
94004000,0
94006000,0
94008000,0
94010000,0
94012000,0
94014000,0
94016000,0
94018000,0
94020000,0
94022000,0
94024000,0
94026000,0
94028000,0
94030000,0
94032000,0
94034000,0
94036000,0
94038000,0
94040000,0
94042000,0
94044000,0
94046000,0
94048000,0
94050000,0
94052000,0
94054000,0
94056000,0
94058000,0
94060000,0
94062000,0
94064000,0
94066000,0
94068000,0
94070000,0
94072000,0
94074000,0
94076000,0
94078000,0
94080000,0
94082000,0
94084000,0
94086000,0
94088000,0
94090000,0
94092000,0
94094000,0
94096000,0
94098000,0
94100000,0
94102000,0
94104000,0
94106000,0
94108000,0
94110000,0
94112000,0
94114000,0
94116000,0
94118000,0
94120000,0
94122000,0
94124000,0
94126000,0
94128000,0
94130000,0
94132000,0
94134000,0
94136000,0
94138000,0
94140000,0
94142000,0
94144000,0
94146000,0
94148000,0
94150000,0
94152000,0
94154000,0
94156000,0
94158000,0
94160000,0
94162000,0
94164000,0
94166000,0
94168000,0
94170000,0
94172000,0
94174000,0
94176000,0
94178000,0
94180000,0
94182000,0
94184000,0
94186000,0
94188000,0
94190000,0
94192000,0
94194000,0
94196000,0
94198000,0
94200000,0
94202000,0
94204000,0
94206000,0
94208000,0
94210000,0
94212000,0
94214000,0
94216000,0
94218000,0
94220000,0
94222000,0
94224000,0
94226000,0
94228000,0
94230000,0
94232000,0
94234000,0
94236000,0
94238000,0
94240000,0
94242000,0
94244000,0
94246000,0
94248000,0
94250000,0
94252000,0
94254000,0
94256000,0
94258000,0
94260000,0
94262000,0
94264000,0
94266000,0
94268000,0
94270000,0
94272000,0
94274000,0
94276000,0
94278000,0
94280000,0
94282000,0
94284000,0
94286000,0
94288000,0
94290000,0
94292000,0
94294000,0
94296000,0
94298000,0
94300000,0
94302000,0
94304000,0
94306000,0
94308000,0
94310000,0
94312000,0
94314000,0
94316000,0
94318000,0
94320000,0
94322000,0
94324000,0
94326000,0
94328000,0
94330000,0
94332000,0
94334000,0
94336000,0
94338000,0
94340000,0
94342000,0
94344000,0
94346000,0
94348000,0
94350000,0
94352000,0
94354000,0
94356000,0
94358000,0
94360000,0
94362000,0
94364000,0
94366000,0
94368000,0
94370000,0
94372000,0
94374000,0
94376000,0
94378000,0
94380000,0
94382000,0
94384000,0
94386000,0
94388000,0
94390000,0
94392000,0
94394000,0
94396000,0
94398000,0
94400000,0
94402000,0
94404000,0
94406000,0
94408000,0
94410000,0
94412000,0
94414000,0
94416000,0
94418000,0
94420000,0
94422000,0
94424000,0
94426000,0
94428000,0
94430000,0
94432000,0
94434000,0
94436000,0
94438000,0
94440000,0
94442000,0
94444000,0
94446000,0
94448000,0
94450000,0
94452000,0
94454000,0
94456000,0
94458000,0
94460000,0
94462000,0
94464000,0
94466000,0
94468000,0
94470000,0
94472000,0
94474000,0
94476000,0
94478000,0
94480000,0
94482000,0
94484000,0
94486000,0
94488000,0
94490000,0
94492000,0
94494000,0
94496000,0
94498000,0
94500000,0
94502000,0
94504000,0
94506000,0
94508000,0
94510000,0
94512000,0
94514000,0
94516000,0
94518000,0
94520000,0
94522000,0
94524000,0
94526000,0
94528000,0
94530000,0
94532000,0
94534000,0
94536000,0
94538000,0
94540000,0
94542000,0
94544000,0
94546000,0
94548000,0
94550000,0
94552000,0
94554000,0
94556000,0
94558000,0
94560000,0
94562000,0
94564000,0
94566000,0
94568000,0
94570000,0
94572000,0
94574000,0
94576000,0
94578000,0
94580000,0
94582000,0
94584000,0
94586000,0
94588000,0
94590000,0
94592000,0
94594000,0
94596000,0
94598000,0
94600000,0
94602000,0
94604000,0
94606000,0
94608000,0
94610000,0
94612000,0
94614000,0
94616000,0
94618000,0
94620000,0
94622000,0
94624000,0
94626000,0
94628000,0
94630000,0
94632000,0
94634000,0
94636000,0
94638000,0
94640000,0
94642000,0
94644000,0
94646000,0
94648000,0
94650000,0
94652000,0
94654000,0
94656000,0
94658000,0
94660000,0
94662000,0
94664000,0
94666000,0
94668000,0
94670000,0
94672000,0
94674000,0
94676000,0
94678000,0
94680000,0
94682000,0
94684000,0
94686000,0
94688000,0
94690000,0
94692000,0
94694000,0
94696000,0
94698000,0
94700000,0
94702000,0
94704000,0
94706000,0
94708000,0
94710000,0
94712000,0
94714000,0
94716000,0
94718000,0
94720000,0
94722000,0
94724000,0
94726000,0
94728000,0
94730000,0
94732000,0
94734000,0
94736000,0
94738000,0
94740000,0
94742000,0
94744000,0
94746000,0
94748000,0
94750000,0
94752000,0
94754000,0
94756000,0
94758000,0
94760000,0
94762000,0
94764000,0
94766000,0
94768000,0
94770000,0
94772000,0
94774000,0
94776000,0
94778000,0
94780000,0
94782000,0
94784000,0
94786000,0
94788000,0
94790000,0
94792000,0
94794000,0
94796000,0
94798000,0
94800000,0
94802000,0
94804000,0
94806000,0
94808000,0
94810000,0
94812000,0
94814000,0
94816000,0
94818000,0
94820000,0
94822000,0
94824000,0
94826000,0
94828000,0
94830000,0
94832000,0
94834000,0
94836000,0
94838000,0
94840000,0
94842000,0
94844000,0
94846000,0
94848000,0
94850000,0
94852000,0
94854000,0
94856000,0
94858000,0
94860000,0
94862000,0
94864000,0
94866000,0
94868000,0
94870000,0
94872000,0
94874000,0
94876000,0
94878000,0
94880000,0
94882000,0
94884000,0
94886000,0
94888000,0
94890000,0
94892000,0
94894000,0
94896000,0
94898000,0
94900000,0
94902000,0
94904000,0
94906000,0
94908000,0
94910000,0
94912000,0
94914000,0
94916000,0
94918000,0
94920000,0
94922000,0
94924000,0
94926000,0
94928000,0
94930000,0
94932000,0
94934000,0
94936000,0
94938000,0
94940000,0
94942000,0
94944000,0
94946000,0
94948000,0
94950000,0
94952000,0
94954000,0
94956000,0
94958000,0
94960000,0
94962000,0
94964000,0
94966000,0
94968000,0
94970000,0
94972000,0
94974000,0
94976000,0
94978000,0
94980000,0
94982000,0
94984000,0
94986000,0
94988000,0
94990000,0
94992000,0
94994000,0
94996000,0
94998000,0
95000000,0
95002000,0
95004000,0
95006000,0
95008000,0
95010000,0
95012000,0
95014000,0
95016000,0
95018000,0
95020000,0
95022000,0
95024000,0
95026000,0
95028000,0
95030000,0
95032000,0
95034000,0
95036000,0
95038000,0
95040000,0
95042000,0
95044000,0
95046000,0
95048000,0
95050000,0
95052000,0
95054000,0
95056000,0
95058000,0
95060000,0
95062000,0
95064000,0
95066000,0
95068000,0
95070000,0
95072000,0
95074000,0
95076000,0
95078000,0
95080000,0
95082000,0
95084000,0
95086000,0
95088000,0
95090000,0
95092000,0
95094000,0
95096000,0
95098000,0
95100000,0
95102000,0
95104000,0
95106000,0
95108000,0
95110000,0
95112000,0
95114000,0
95116000,0
95118000,0
95120000,0
95122000,0
95124000,0
95126000,0
95128000,0
95130000,0
95132000,0
95134000,0
95136000,0
95138000,0
95140000,0
95142000,0
95144000,0
95146000,0
95148000,0
95150000,0
95152000,0
95154000,0
95156000,0
95158000,0
95160000,0
95162000,0
95164000,0
95166000,0
95168000,0
95170000,0
95172000,0
95174000,0
95176000,0
95178000,0
95180000,0
95182000,0
95184000,0
95186000,0
95188000,0
95190000,0
95192000,0
95194000,0
95196000,0
95198000,0
95200000,0
95202000,0
95204000,0
95206000,0
95208000,0
95210000,0
95212000,0
95214000,0
95216000,0
95218000,0
95220000,0
95222000,0
95224000,0
95226000,0
95228000,0
95230000,0
95232000,0
95234000,0
95236000,0
95238000,0
95240000,0
95242000,0
95244000,0
95246000,0
95248000,0
95250000,0
95252000,0
95254000,0
95256000,0
95258000,0
95260000,0
95262000,0
95264000,0
95266000,0
95268000,0
95270000,0
95272000,0
95274000,0
95276000,0
95278000,0
95280000,0
95282000,0
95284000,0
95286000,0
95288000,0
95290000,0
95292000,0
95294000,0
95296000,0
95298000,0
95300000,0
95302000,0
95304000,0
95306000,0
95308000,0
95310000,0
95312000,0
95314000,0
95316000,0
95318000,0
95320000,0
95322000,0
95324000,0
95326000,0
95328000,0
95330000,0
95332000,0
95334000,0
95336000,0
95338000,0
95340000,0
95342000,0
95344000,0
95346000,0
95348000,0
95350000,0
95352000,0
95354000,0
95356000,0
95358000,0
95360000,0
95362000,0
95364000,0
95366000,0
95368000,0
95370000,0
95372000,0
95374000,0
95376000,0
95378000,0
95380000,0
95382000,0
95384000,0
95386000,0
95388000,0
95390000,0
95392000,0
95394000,0
95396000,0
95398000,0
95400000,0
95402000,0
95404000,0
95406000,0
95408000,0
95410000,0
95412000,0
95414000,0
95416000,0
95418000,0
95420000,0
95422000,0
95424000,0
95426000,0
95428000,0
95430000,0
95432000,0
95434000,0
95436000,0
95438000,0
95440000,0
95442000,0
95444000,0
95446000,0
95448000,0
95450000,0
95452000,0
95454000,0
95456000,0
95458000,0
95460000,0
95462000,0
95464000,0
95466000,0
95468000,0
95470000,0
95472000,0
95474000,0
95476000,0
95478000,0
95480000,0
95482000,0
95484000,0
95486000,0
95488000,0
95490000,0
95492000,0
95494000,0
95496000,0
95498000,0
95500000,0
95502000,0
95504000,0
95506000,0
95508000,0
95510000,0
95512000,0
95514000,0
95516000,0
95518000,0
95520000,0
95522000,0
95524000,0
95526000,0
95528000,0
95530000,0
95532000,0
95534000,0
95536000,0
95538000,0
95540000,0
95542000,0
95544000,0
95546000,0
95548000,0
95550000,0
95552000,0
95554000,0
95556000,0
95558000,0
95560000,0
95562000,0
95564000,0
95566000,0
95568000,0
95570000,0
95572000,0
95574000,0
95576000,0
95578000,0
95580000,0
95582000,0
95584000,0
95586000,0
95588000,0
95590000,0
95592000,0
95594000,0
95596000,0
95598000,0
95600000,0
95602000,0
95604000,0
95606000,0
95608000,0
95610000,0
95612000,0
95614000,0
95616000,0
95618000,0
95620000,0
95622000,0
95624000,0
95626000,0
95628000,0
95630000,0
95632000,0
95634000,0
95636000,0
95638000,0
95640000,0
95642000,0
95644000,0
95646000,0
95648000,0
95650000,0
95652000,0
95654000,0
95656000,0
95658000,0
95660000,0
95662000,0
95664000,0
95666000,0
95668000,0
95670000,0
95672000,0
95674000,0
95676000,0
95678000,0
95680000,0
95682000,0
95684000,0
95686000,0
95688000,0
95690000,0
95692000,0
95694000,0
95696000,0
95698000,0
95700000,0
95702000,0
95704000,0
95706000,0
95708000,0
95710000,0
95712000,0
95714000,0
95716000,0
95718000,0
95720000,0
95722000,0
95724000,0
95726000,0
95728000,0
95730000,0
95732000,0
95734000,0
95736000,0
95738000,0
95740000,0
95742000,0
95744000,0
95746000,0
95748000,0
95750000,0
95752000,0
95754000,0
95756000,0
95758000,0
95760000,0
95762000,0
95764000,0
95766000,0
95768000,0
95770000,0
95772000,0
95774000,0
95776000,0
95778000,0
95780000,0
95782000,0
95784000,0
95786000,0
95788000,0
95790000,0
95792000,0
95794000,0
95796000,0
95798000,0
95800000,0
95802000,0
95804000,0
95806000,0
95808000,0
95810000,0
95812000,0
95814000,0
95816000,0
95818000,0
95820000,0
95822000,0
95824000,0
95826000,0
95828000,0
95830000,0
95832000,0
95834000,0
95836000,0
95838000,0
95840000,0
95842000,0
95844000,0
95846000,0
95848000,0
95850000,0
95852000,0
95854000,0
95856000,0
95858000,0
95860000,0
95862000,0
95864000,0
95866000,0
95868000,0
95870000,0
95872000,0
95874000,0
95876000,0
95878000,0
95880000,0
95882000,0
95884000,0
95886000,0
95888000,0
95890000,0
95892000,0
95894000,0
95896000,0
95898000,0
95900000,0
95902000,0
95904000,0
95906000,0
95908000,0
95910000,0
95912000,0
95914000,0
95916000,0
95918000,0
95920000,0
95922000,0
95924000,0
95926000,0
95928000,0
95930000,0
95932000,0
95934000,0
95936000,0
95938000,0
95940000,0
95942000,0
95944000,0
95946000,0
95948000,0
95950000,0
95952000,0
95954000,0
95956000,0
95958000,0
95960000,0
95962000,0
95964000,0
95966000,0
95968000,0
95970000,0
95972000,0
95974000,0
95976000,0
95978000,0
95980000,0
95982000,0
95984000,0
95986000,0
95988000,0
95990000,0
95992000,0
95994000,0
95996000,0
95998000,0
96000000,0
96002000,0
96004000,0
96006000,0
96008000,0
96010000,0
96012000,0
96014000,0
96016000,0
96018000,0
96020000,0
96022000,0
96024000,0
96026000,0
96028000,0
96030000,0
96032000,0
96034000,0
96036000,0
96038000,0
96040000,0
96042000,0
96044000,0
96046000,0
96048000,0
96050000,0
96052000,0
96054000,0
96056000,0
96058000,0
96060000,0
96062000,0
96064000,0
96066000,0
96068000,0
96070000,0
96072000,0
96074000,0
96076000,0
96078000,0
96080000,0
96082000,0
96084000,0
96086000,0
96088000,0
96090000,0
96092000,0
96094000,0
96096000,0
96098000,0
96100000,0
96102000,0
96104000,0
96106000,0
96108000,0
96110000,0
96112000,0
96114000,0
96116000,0
96118000,0
96120000,0
96122000,0
96124000,0
96126000,0
96128000,0
96130000,0
96132000,0
96134000,0
96136000,0
96138000,0
96140000,0
96142000,0
96144000,0
96146000,0
96148000,0
96150000,0
96152000,0
96154000,0
96156000,0
96158000,0
96160000,0
96162000,0
96164000,0
96166000,0
96168000,0
96170000,0
96172000,0
96174000,0
96176000,0
96178000,0
96180000,0
96182000,0
96184000,0
96186000,0
96188000,0
96190000,0
96192000,0
96194000,0
96196000,0
96198000,0
96200000,0
96202000,0
96204000,0
96206000,0
96208000,0
96210000,0
96212000,0
96214000,0
96216000,0
96218000,0
96220000,0
96222000,0
96224000,0
96226000,0
96228000,0
96230000,0
96232000,0
96234000,0
96236000,0
96238000,0
96240000,0
96242000,0
96244000,0
96246000,0
96248000,0
96250000,0
96252000,0
96254000,0
96256000,0
96258000,0
96260000,0
96262000,0
96264000,0
96266000,0
96268000,0
96270000,0
96272000,0
96274000,0
96276000,0
96278000,0
96280000,0
96282000,0
96284000,0
96286000,0
96288000,0
96290000,0
96292000,0
96294000,0
96296000,0
96298000,0
96300000,0
96302000,0
96304000,0
96306000,0
96308000,0
96310000,0
96312000,0
96314000,0
96316000,0
96318000,0
96320000,0
96322000,0
96324000,0
96326000,0
96328000,0
96330000,0
96332000,0
96334000,0
96336000,0
96338000,0
96340000,0
96342000,0
96344000,0
96346000,0
96348000,0
96350000,0
96352000,0
96354000,0
96356000,0
96358000,0
96360000,0
96362000,0
96364000,0
96366000,0
96368000,0
96370000,0
96372000,0
96374000,0
96376000,0
96378000,0
96380000,0
96382000,0
96384000,0
96386000,0
96388000,0
96390000,0
96392000,0
96394000,0
96396000,0
96398000,0
96400000,0
96402000,0
96404000,0
96406000,0
96408000,0
96410000,0
96412000,0
96414000,0
96416000,0
96418000,0
96420000,0
96422000,0
96424000,0
96426000,0
96428000,0
96430000,0
96432000,0
96434000,0
96436000,0
96438000,0
96440000,0
96442000,0
96444000,0
96446000,0
96448000,0
96450000,0
96452000,0
96454000,0
96456000,0
96458000,0
96460000,0
96462000,0
96464000,0
96466000,0
96468000,0
96470000,0
96472000,0
96474000,0
96476000,0
96478000,0
96480000,0
96482000,0
96484000,0
96486000,0
96488000,0
96490000,0
96492000,0
96494000,0
96496000,0
96498000,0
96500000,0
96502000,0
96504000,0
96506000,0
96508000,0
96510000,0
96512000,0
96514000,0
96516000,0
96518000,0
96520000,0
96522000,0
96524000,0
96526000,0
96528000,0
96530000,0
96532000,0
96534000,0
96536000,0
96538000,0
96540000,0
96542000,0
96544000,0
96546000,0
96548000,0
96550000,0
96552000,0
96554000,0
96556000,0
96558000,0
96560000,0
96562000,0
96564000,0
96566000,0
96568000,0
96570000,0
96572000,0
96574000,0
96576000,0
96578000,0
96580000,0
96582000,0
96584000,0
96586000,0
96588000,0
96590000,0
96592000,0
96594000,0
96596000,0
96598000,0
96600000,0
96602000,0
96604000,0
96606000,0
96608000,0
96610000,0
96612000,0
96614000,0
96616000,0
96618000,0
96620000,0
96622000,0
96624000,0
96626000,0
96628000,0
96630000,0
96632000,0
96634000,0
96636000,0
96638000,0
96640000,0
96642000,0
96644000,0
96646000,0
96648000,0
96650000,0
96652000,0
96654000,0
96656000,0
96658000,0
96660000,0
96662000,0
96664000,0
96666000,0
96668000,0
96670000,0
