t_s,uc
0.126000,1094.1520
0.376000,1094.2320
0.626000,1094.3360
0.876000,1093.6480
1.126000,1094.4080
1.376000,1094.5840
1.626000,1094.1840
1.876000,1087.4080
2.126000,1083.0160
2.376000,1080.6560
2.626000,1079.8000
2.876000,1079.5200
3.126000,1079.9040
3.376000,1080.0720
3.626000,1079.3680
3.876000,1079.3600
4.126000,1079.5440
4.376000,1079.5520
4.626000,1079.2160
4.876000,1078.7840
5.126000,1074.0640
5.376000,1073.7840
5.626000,1073.7200
5.876000,1073.7760
6.126000,1074.0080
6.376000,1073.3920
6.626000,1073.6080
6.876000,1072.8160
7.126000,1073.9200
7.376000,1073.5280
7.626000,1073.3360
7.876000,1073.1200
8.126000,1073.2160
8.376000,1073.4880
8.626000,1073.1600
8.876000,1074.5120
9.126000,1073.4400
9.376000,1073.5440
9.626000,1072.7200
9.876000,1072.7280
10.126000,1072.8080
10.376000,1072.4720
10.626000,1073.2880
10.876000,1072.9360
11.126000,1072.6800
11.376000,1072.8000
11.626000,1073.4960
11.876000,1074.2800
12.126000,1073.8960
12.376000,1073.4560
12.626000,1073.4640
12.876000,1073.4320
13.126000,1073.7920
13.376000,1073.7280
13.626000,1073.7360
13.876000,1073.8400
14.126000,1074.2720
14.376000,1074.1440
14.626000,1073.7040
14.876000,1073.6800
15.126000,1073.8800
15.376000,1073.4240
15.626000,1073.5280
15.876000,1073.6080
16.126000,1073.6400
16.376000,1073.8000
16.626000,1073.8240
16.876000,1073.7760
17.126000,1074.1920
17.376000,1074.0800
17.626000,1073.9920
17.876000,1074.6960
18.126000,1074.6800
18.376000,1074.5600
18.626000,1075.0640
18.876000,1076.3680
19.126000,1076.0880
19.376000,1076.7840
19.626000,1076.3520
19.876000,1076.7600
20.126000,1076.3440
20.376000,1076.8480
20.626000,1076.4400
20.876000,1075.9920
21.126000,1077.9680
21.376000,1077.5520
21.626000,1078.1040
21.876000,1077.5760
22.126000,1078.5040
22.376000,1077.7760
22.626000,1077.0080
22.876000,1077.8320
23.126000,1077.8560
23.376000,1077.5840
23.626000,1078.3760
23.876000,1077.8080
24.126000,1078.7520
24.376000,1078.2240
24.626000,1078.6800
24.876000,1077.6320
25.126000,1078.2000
25.376000,1078.1040
25.626001,1078.7520
25.876000,1078.5920
26.126000,1078.9520
26.376000,1078.9120
26.626000,1078.1520
26.876001,1078.7920
27.126000,1078.0240
27.376000,1077.8800
27.626000,1077.5600
27.876000,1078.6960
28.126000,1077.4240
28.376000,1078.4000
28.626000,1078.1920
28.876000,1077.2560
29.126000,1077.4160
29.376000,1079.0720
29.626000,1077.8400
29.876000,1077.8640
30.126000,1078.2080
30.376000,1077.3600
30.626000,1077.4000
30.876000,1079.1120
31.126000,1078.8320
31.376000,1078.0640
31.626000,1078.6880
31.876000,1077.2640
32.126000,1078.1040
32.376000,1076.8000
32.626000,1077.1760
32.876000,1077.8000
33.126000,1077.9600
33.376000,1078.6240
33.626000,1078.9920
33.876000,1078.3200
34.126000,1078.2960
34.376000,1078.2240
34.626000,1078.7440
34.876000,1077.4240
35.126000,1078.0400
35.376000,1078.0880
35.626000,1077.5120
35.876000,1077.6640
36.126000,1077.5280
36.376000,1078.0400
36.626000,1077.0880
36.876000,1077.1920
37.126000,1077.8240
37.376000,1076.5280
37.626000,1076.5120
37.876000,1076.9040
38.126000,1076.4080
38.376000,1077.0720
38.626000,1076.6080
38.876000,1076.6080
39.126000,1075.9280
39.376000,1076.6480
39.626000,1077.0800
39.876000,1077.2160
40.126000,1076.5120
40.376000,1075.9280
40.626000,1076.9200
40.876000,1076.2960
41.126000,1076.5360
41.376000,1076.2480
41.626000,1076.6480
41.876000,1076.3120
42.126000,1075.9920
42.376000,1076.8400
42.626000,1076.5120
42.876000,1077.4320
43.126000,1076.8080
43.376000,1077.6000
43.626000,1076.9680
43.876000,1076.9520
44.126000,1078.2320
44.376000,1077.7280
44.626000,1076.6640
44.876000,1079.3520
45.126000,1077.2320
45.376000,1077.4320
45.626000,1077.1600
45.876000,1076.6400
46.126000,1077.0960
46.376000,1076.9840
46.626000,1078.5520
46.876000,1077.0640
47.126000,1077.0960
47.376001,1077.5440
47.626000,1077.4880
47.876000,1078.0560
48.126000,1076.7920
48.376000,1077.6880
48.626000,1077.9440
48.876000,1076.6880
49.126000,1077.6800
49.376000,1077.1760
49.626000,1077.3840
49.876001,1077.6720
50.126000,1077.6000
50.376000,1078.4800
50.626000,1078.1440
50.876000,1078.0800
51.126000,1077.2000
51.376000,1077.9600
51.626000,1077.9920
51.876000,1078.0080
52.126000,1077.5760
52.376000,1078.4320
52.626000,1077.6720
52.876000,1077.9200
53.126000,1078.0640
53.376000,1078.2080
53.626000,1078.3040
53.876000,1077.7520
54.126000,1076.9040
54.376000,1077.3840
54.626000,1077.1280
54.876000,1077.5680
55.126000,1077.9120
55.376000,1078.0720
55.626000,1078.0800
55.876000,1078.9440
56.126000,1077.5360
56.376000,1078.9840
56.626000,1076.9440
56.876000,1076.9760
57.126000,1077.7120
57.376000,1075.8880
57.626000,1076.4400
57.876000,1077.4640
58.126000,1077.6160
58.376000,1077.3120
58.626000,1077.1600
58.876000,1077.7280
59.126000,1076.1360
59.376000,1076.9040
59.626000,1077.5600
59.876000,1076.7760
60.126000,1077.3040
60.376000,1078.1120
60.626000,1076.7440
60.876000,1076.6320
61.126000,1077.6880
61.376000,1076.4400
61.626000,1077.7280
61.876000,1077.4960
62.126000,1076.5760
62.376000,1076.7600
62.626000,1076.0960
62.876000,1088.4320
63.126000,1447.5200
63.376000,1537.4400
63.626000,1600.2560
63.876000,1613.7280
64.126000,1712.0960
64.376000,1725.9520
64.626000,1737.7120
64.876000,1759.0640
65.126000,1753.7040
65.376000,1753.2240
65.626000,1817.1520
65.876000,1852.3040
66.126000,1862.4160
66.376000,1910.9520
66.626000,1954.9280
66.876000,2053.9840
67.126000,2030.2640
67.376000,2048.9840
67.626000,2046.0080
67.876000,1952.4800
68.126000,1943.1440
68.376000,1944.7360
68.626000,1953.2480
68.876000,1958.0400
69.126000,1957.1680
69.376000,1958.4080
69.626000,1935.5680
69.876000,1972.3120
70.126000,1961.5840
70.376000,1973.5360
70.626000,1969.4800
70.876001,1986.6080
71.126000,2079.3600
71.376000,2119.4240
71.626000,2148.6800
71.876000,2185.5280
72.126000,2196.8880
72.376000,2202.8080
72.626000,2216.1440
72.876000,2230.7440
73.126000,2234.9840
73.376000,2234.9600
73.626000,2256.7520
73.876000,2257.1840
74.126000,2226.8560
74.376000,2198.2800
74.626000,2226.1120
74.876000,2251.2080
75.126000,2250.9440
75.376000,2254.6800
75.626000,2255.2480
75.876000,2256.9920
76.126000,2282.0400
76.376000,2276.7920
76.626000,2271.8560
76.876000,2288.7600
77.126000,2302.1840
77.376000,2337.8080
77.626000,2350.6160
77.876000,2353.1120
78.126000,2348.5120
78.376000,2346.8480
78.626000,2329.6080
78.876000,2343.9760
79.126000,2350.2720
79.376000,2350.7120
79.626000,2350.8400
79.876000,2383.2400
80.126000,2402.3040
80.376000,2410.0480
80.626000,2411.7280
80.876000,2422.2080
81.126000,2422.3440
81.376000,2433.3440
81.626000,2398.3680
81.876000,2391.5200
82.126000,2399.9280
82.376000,2398.8880
82.626000,2377.6640
82.876000,2277.1760
83.126000,2288.6320
83.376000,2302.2880
83.626000,2284.7920
83.876000,2277.7920
84.126000,2260.3280
84.376000,2251.2000
84.626000,2242.8560
84.876000,2231.9280
85.126000,2271.6400
85.376000,2235.9840
85.626000,2225.0480
85.876000,2256.6080
86.126000,2269.9600
86.376000,2156.2640
86.626000,2202.2640
86.876000,2328.8160
87.126000,2339.6080
87.376000,2324.0320
87.626000,2331.3120
87.876000,2312.8400
88.126000,2301.4560
88.376000,2295.3600
88.626000,2295.8880
88.876000,2231.2320
89.126000,2229.9920
89.376000,2255.9200
89.626000,2279.4000
89.876000,2352.1760
90.126000,2371.2800
90.376000,2338.7600
90.626000,2269.4000
90.876000,2261.0240
91.126000,2355.9680
91.376000,2318.0240
91.626000,2299.2640
91.876000,2296.3920
92.126000,2266.3760
92.376000,2260.6160
92.626000,2236.6160
92.876000,2238.2480
93.126000,2255.4640
93.376000,2258.9120
93.626000,2242.4880
93.876000,2253.9200
94.126000,2252.7920
94.376000,2255.6240
94.626000,2254.1280
94.876000,2233.9200
95.126000,2198.7280
95.376000,2183.3120
95.626000,2172.6000
95.876000,2165.7760
96.126000,2056.5680
96.376000,1953.0720
96.626000,1907.6720
96.876000,1804.1520
97.126000,1780.2400
97.376000,1820.3280
97.626000,1884.6400
97.876000,1928.4960
98.126000,2029.1520
98.376000,2090.5680
98.626000,2138.6800
98.876000,2124.6240
99.126000,2093.0240
99.376000,2016.6640
99.626000,1953.1760
99.876000,1946.0640
100.126000,1943.5120
100.376000,1950.3280
100.626000,2051.9040
100.876000,2106.6960
101.126000,2156.7760
101.376000,2154.6400
101.626000,2214.3040
101.876000,2213.9520
102.126000,2222.6320
102.376000,2187.2560
102.626000,2143.1440
102.876000,2196.1120
103.126000,2150.3280
103.376000,2131.7920
103.626000,2163.9760
103.876000,2133.4400
104.126000,2151.9520
104.376000,2143.2800
104.626000,2099.6320
104.876000,2142.4880
105.126000,2054.6400
105.376000,2009.0960
105.626000,1958.6160
105.876000,1815.0400
106.126000,1765.7440
106.376000,1778.9440
106.626000,1748.9200
106.876000,1685.1040
107.126000,1753.1520
107.376000,1704.6000
107.626000,1730.5440
107.876000,1679.6480
108.126000,1608.0640
108.376000,1586.8800
108.626000,1428.6480
108.876000,1517.6400
109.126000,1479.1680
109.376000,1388.0960
109.626000,1456.3680
109.876000,1299.8240
110.126000,1480.7520
110.376000,1625.7520
110.626000,1667.1520
110.876000,1648.7040
111.126000,1641.5360
111.376000,1645.7840
111.626000,1608.3840
111.876000,1570.9120
112.126000,1450.8720
112.376000,1354.1040
112.626000,1129.6240
112.876000,1061.1680
113.126000,1157.0160
113.376000,1153.8240
113.626000,1093.3200
113.876000,1073.1200
114.126000,1077.4640
114.376000,1124.6560
114.626000,1126.0960
114.876000,1114.4320
115.126000,1127.1920
115.376000,1134.7600
115.626000,1145.9520
115.876000,1219.6240
116.126000,1443.8000
116.376000,1525.3040
116.626000,1560.6960
116.876000,1561.3040
117.126000,1384.5440
117.376000,1551.3760
117.626000,1580.0800
117.876000,1578.2960
118.126000,1585.7520
118.376000,1601.0240
118.626000,1538.5360
118.876000,1591.6560
119.126000,1501.9520
119.376000,1357.7840
119.626000,1394.3440
119.876000,1353.9200
120.126000,1367.5120
120.376000,1401.6160
120.626000,1240.4080
120.876000,1268.9600
121.126000,1270.9680
121.376000,1246.6880
121.626000,1332.2800
121.876000,1317.9920
122.126000,1292.8320
122.376000,1321.1200
122.626000,1283.6000
122.876000,1288.5040
123.126000,1280.2880
123.376000,1263.7920
123.626000,1271.9600
123.876000,1282.9920
124.126000,1263.9680
124.376000,1257.9120
124.626000,1219.5120
124.876000,1147.0800
125.126000,1216.9600
125.376000,1148.2320
125.626000,1096.5360
125.876000,1166.9200
126.126000,1148.4640
126.376000,1111.7040
126.626000,1077.8000
126.876000,1112.6880
127.126000,1121.0080
127.376000,1121.3360
127.626000,1122.2400
127.876000,1120.4640
128.126000,1120.5920
128.376000,1120.4720
128.626000,1122.9040
128.876000,1123.2560
129.126000,1122.0800
129.376000,1119.1360
129.626000,1117.4480
129.876000,1117.0480
130.126000,1114.6720
130.376000,1111.6560
130.626000,1109.8960
130.876000,1108.8720
131.126000,1105.1440
131.376000,1104.0560
131.626000,1104.0000
131.876000,1094.8160
132.126000,1093.2960
132.376000,1093.9200
132.626000,1094.5680
132.876000,1095.6240
133.126000,1095.4560
133.376000,1096.1040
133.626000,1096.8720
133.876000,1097.8720
134.126000,1099.4880
134.376000,1100.6480
134.626000,1100.8720
134.876000,1101.3360
135.126000,1102.9120
135.376000,1104.4720
135.626000,1105.2160
135.876000,1105.2320
136.126000,1106.0160
136.376000,1106.2960
136.626000,1106.6400
136.876000,1107.3520
137.126000,1106.5680
137.376000,1107.5520
137.626000,1107.4480
137.876000,1107.1520
138.126000,1118.8160
138.376000,1127.6000
138.626000,1130.3600
138.876000,1131.3600
139.126000,1131.6560
139.376000,1131.8480
139.626001,1133.5440
139.876000,1133.8160
140.126000,1135.0480
140.376000,1138.4560
140.626000,1146.2560
140.876000,1147.9600
141.126000,1148.8640
141.376000,1149.4160
141.626000,1151.8640
141.876000,1153.1280
142.126000,1153.8400
142.376000,1153.6320
142.626000,1154.4960
142.876000,1155.4640
143.126000,1156.4640
143.376000,1157.4240
143.626000,1157.1520
143.876000,1157.4400
144.126000,1158.4560
144.376000,1158.8480
144.626000,1158.6080
144.876000,1159.4320
145.126000,1160.2480
145.376000,1159.5520
145.626000,1161.4240
145.876000,1160.4000
146.126000,1161.9440
146.376000,1161.8400
146.626001,1162.2240
146.876000,1156.8720
147.126000,1150.1520
147.376000,1150.4240
147.626000,1151.8960
147.876000,1154.5120
148.126000,1153.7840
148.376000,1154.0240
148.626000,1154.8720
148.876000,1154.3360
149.126001,1155.5040
149.376000,1154.6880
149.626000,1156.0800
149.876000,1155.7680
150.126000,1156.7280
150.376000,1156.4320
150.626000,1156.2880
150.876000,1157.7360
151.126000,1158.4240
151.376000,1158.1440
151.626000,1158.0480
151.876000,1158.6160
152.126000,1159.3680
152.376000,1160.4160
152.626000,1161.0880
152.876000,1160.9920
153.126000,1160.5120
153.376000,1161.8640
153.626000,1161.2000
153.876000,1161.2880
154.126000,1161.6320
154.376000,1162.2480
154.626000,1161.9040
154.876000,1162.7200
155.126000,1163.3840
155.376000,1162.9920
155.626000,1163.0800
155.876000,1164.4400
156.126000,1164.8640
156.376000,1167.0720
156.626000,1167.3840
156.876000,1168.0960
157.126000,1168.4080
157.376000,1168.4160
157.626000,1168.9680
157.876000,1169.0080
158.126000,1169.0240
158.376000,1169.4400
158.626000,1169.8800
158.876000,1169.1440
159.126000,1168.7440
159.376000,1170.3280
159.626000,1170.0640
159.876000,1170.0560
160.126000,1170.4800
160.376000,1170.1360
160.626000,1171.0640
160.876000,1171.3840
161.126000,1171.9360
161.376000,1171.5120
161.626000,1171.0400
161.876000,1172.4320
162.126000,1172.8080
162.376000,1173.0560
162.626000,1172.6960
162.876000,1172.8720
163.126000,1172.2640
163.376000,1172.5760
163.626000,1171.9120
163.876000,1172.8320
164.126000,1172.9760
164.376000,1173.8240
164.626000,1173.5040
164.876000,1173.5120
165.126000,1173.5440
165.376000,1173.9120
165.626000,1173.3680
165.876000,1173.0160
166.126000,1173.5280
166.376000,1173.6000
166.626000,1173.3600
166.876000,1173.7040
167.126000,1175.0720
167.376000,1173.9680
167.626000,1174.0160
167.876000,1173.6960
168.126000,1174.2560
168.376000,1174.2960
168.626000,1173.8720
168.876000,1174.0400
169.126000,1173.5280
169.376000,1174.3360
169.626000,1174.0960
169.876000,1174.5520
170.126000,1175.0000
170.376000,1176.0480
170.626000,1175.6400
170.876000,1176.2240
171.126000,1176.0720
171.376000,1176.0560
171.626000,1176.1440
171.876000,1176.1840
172.126000,1175.9600
172.376000,1175.9200
172.626000,1176.6320
172.876000,1176.1920
173.126000,1176.8480
173.376000,1176.8880
173.626000,1176.5280
173.876000,1177.0800
174.126000,1176.5680
174.376000,1176.7440
174.626000,1176.9360
174.876000,1178.1600
175.126000,1177.8480
175.376000,1177.8080
175.626000,1176.9600
175.876000,1177.5360
176.126000,1177.8160
176.376000,1179.0080
176.626000,1179.0800
176.876000,1178.6480
177.126000,1179.2320
177.376000,1179.0880
177.626000,1180.0560
177.876000,1179.0160
178.126000,1179.4800
178.376000,1179.0800
178.626000,1180.0880
178.876000,1179.5200
179.126000,1180.2160
179.376000,1179.9360
179.626000,1179.4960
179.876000,1179.4960
180.126000,1180.3920
180.376000,1181.2320
180.626000,1180.9360
180.876000,1180.6080
181.126000,1179.8480
181.376000,1179.9520
181.626000,1180.7760
181.876000,1180.7520
182.126000,1181.3120
182.376000,1180.2480
182.626000,1179.9840
182.876000,1179.4640
183.126000,1180.8400
183.376000,1180.2160
183.626000,1180.6480
183.876000,1181.3600
184.126000,1180.5360
184.376000,1181.1600
184.626000,1181.1520
184.876000,1180.2800
185.126000,1180.8960
185.376000,1182.2560
185.626000,1181.7520
185.876001,1182.0080
186.126000,1181.6160
186.376000,1181.1440
186.626000,1181.6160
186.876000,1181.1040
187.126000,1180.9600
187.376000,1180.8160
187.626000,1181.3200
187.876000,1180.8080
188.126000,1180.2960
188.376000,1180.6400
188.626000,1180.2400
188.876000,1180.9760
189.126000,1180.8000
189.376000,1181.4720
189.626000,1181.4160
189.876000,1181.8080
190.126000,1182.0560
190.376000,1181.7200
190.626000,1182.0320
190.876000,1181.7520
191.126000,1182.2640
191.376000,1181.3760
191.626000,1182.0160
191.876000,1182.4960
192.126000,1182.2640
192.376000,1182.4320
192.626000,1182.8320
192.876000,1182.8640
193.126000,1182.6560
193.376000,1182.8400
193.626000,1182.7280
193.876000,1182.7360
194.126000,1182.4000
194.376000,1182.8960
194.626000,1182.3600
194.876000,1182.6720
195.126000,1182.8400
195.376000,1182.7600
195.626000,1183.2480
195.876000,1183.9760
196.126000,1183.6160
196.376000,1183.4880
196.626000,1183.7360
196.876000,1183.5040
197.126000,1183.6560
197.376000,1183.8640
197.626000,1183.5360
197.876000,1184.1280
198.126000,1183.4000
198.376000,1183.4880
198.626000,1184.0240
198.876000,1184.3120
199.126000,1184.0080
199.376000,1183.9120
199.626000,1183.5040
199.876000,1183.6720
200.126000,1183.9440
200.376000,1183.7120
200.626000,1183.8400
200.876000,1183.8800
201.126000,1184.1200
201.376000,1184.7920
201.626000,1185.0240
201.876000,1185.2560
202.126000,1185.2720
202.376000,1184.3840
202.626000,1184.6800
202.876000,1184.7440
203.126000,1184.9120
203.376000,1185.2240
203.626000,1184.5920
203.876000,1183.1920
204.126000,1184.8560
204.376000,1185.3040
204.626000,1185.4320
204.876000,1185.3440
205.126000,1184.7280
205.376000,1184.8000
205.626000,1184.7040
205.876000,1185.2480
206.126000,1184.8880
206.376000,1187.0000
206.626000,1184.8560
206.876000,1184.5680
207.126000,1184.4640
207.376000,1184.1360
207.626001,1184.5040
207.876000,1184.9120
208.126000,1184.3840
208.376000,1184.7760
208.626000,1184.7120
208.876000,1185.3200
209.126000,1184.4640
209.376000,1184.6160
209.626000,1184.2320
209.876000,1184.2080
210.126000,1184.1680
210.376000,1184.7440
210.626000,1184.2240
210.876000,1184.1120
211.126000,1184.0160
211.376000,1184.5600
211.626000,1185.4000
211.876000,1184.5040
212.126000,1184.6480
212.376001,1184.3680
212.626000,1184.1280
212.876000,1184.5760
213.126001,1184.4880
213.376000,1184.2320
213.626000,1184.3120
213.876000,1184.3840
214.126000,1184.3920
214.376000,1185.0720
214.626000,1184.7520
214.876000,1185.3280
215.126000,1185.3040
215.376000,1186.1600
215.626000,1185.8480
215.876000,1186.6160
216.126000,1186.3840
216.376000,1185.8160
216.626000,1186.6400
216.876000,1186.6720
217.126000,1186.3680
217.376000,1186.9040
217.626000,1186.8720
217.876000,1186.6000
218.126000,1186.6720
218.376000,1187.0160
218.626000,1186.8400
218.876000,1186.4480
219.126000,1186.7840
219.376000,1186.8400
219.626000,1187.6720
219.876000,1187.3840
220.126000,1187.2960
220.376000,1187.0720
220.626000,1187.4320
220.876000,1187.4320
221.126000,1187.4160
221.376000,1187.7520
221.626000,1187.7760
221.876000,1187.8080
222.126000,1188.0240
222.376000,1187.8720
222.626000,1187.5200
222.876000,1187.4000
223.126000,1187.5120
223.376000,1187.5920
223.626000,1187.9280
223.876000,1187.5440
224.126000,1186.8880
224.376000,1188.2960
224.626000,1188.5680
224.876000,1188.0800
225.126000,1188.0480
225.376000,1188.6240
225.626000,1188.7120
225.876000,1187.6800
226.126000,1188.7120
226.376000,1188.4320
226.626000,1188.2160
226.876000,1188.4080
227.126000,1187.5680
227.376000,1187.9840
227.626000,1189.0640
227.876000,1189.1760
228.126000,1189.2000
228.376000,1189.6160
228.626000,1187.8320
228.876000,1385.8480
229.126000,1624.7040
229.376000,1679.3760
229.626000,1743.0880
229.876000,1819.8240
230.126000,2015.8880
230.376000,2095.3360
230.626000,2137.5680
230.876000,2172.5920
231.126000,2235.1360
231.376000,2252.1120
231.626000,2289.9680
231.876000,2301.0480
232.126000,2299.3040
232.376000,2315.8480
232.626000,2316.0560
232.876000,2290.3200
233.126000,2344.0320
233.376000,2348.6800
233.626000,2353.0480
233.876000,2356.4720
234.126000,2352.7600
234.376000,2357.1200
234.626000,2358.3360
234.876000,2347.8240
235.126000,2354.6560
235.376000,2359.5520
235.626000,2368.7120
235.876000,2375.5120
236.126000,2375.4720
236.376000,2382.9920
236.626000,2394.3440
236.876000,2408.4560
237.126000,2398.9200
237.376000,2406.4800
237.626000,2406.9680
237.876000,2413.7200
238.126000,2415.5280
238.376000,2423.9760
238.626000,2424.1520
238.876000,2403.3200
239.126000,2410.1120
239.376000,2432.6720
239.626000,2449.8000
239.876000,2452.9840
240.126000,2458.8240
240.376000,2460.6800
240.626000,2458.2000
240.876000,2460.7760
241.126000,2465.4720
241.376000,2465.4080
241.626000,2463.8160
241.876000,2474.2320
242.126000,2479.5040
242.376000,2480.0480
242.626000,2482.3840
242.876000,2484.6960
243.126000,2489.9600
243.376000,2486.9520
243.626000,2480.8320
243.876000,2482.7760
244.126000,2488.0240
244.376000,2488.2560
244.626000,2482.5360
244.876000,2484.6080
245.126000,2479.1040
245.376000,2480.6880
245.626000,2488.4000
245.876000,2489.9600
246.126000,2466.8240
246.376000,2460.0160
246.626000,2459.9760
246.876000,2451.9280
247.126000,2450.8400
247.376000,2451.2240
247.626000,2451.0480
247.876000,2450.1600
248.126000,2451.9280
248.376000,2446.6960
248.626000,2454.2320
248.876000,2454.3040
249.126000,2462.0320
249.376000,2463.2560
249.626000,2465.1920
249.876000,2464.5280
250.126000,2464.9440
250.376000,2467.1200
250.626000,2468.2240
250.876000,2466.4080
251.126000,2464.4320
251.376000,2462.4960
251.626000,2464.1120
251.876000,2461.9760
252.126000,2462.0960
252.376000,2457.4800
252.626000,2456.2720
252.876000,2444.3920
253.126000,2449.7920
253.376000,2441.1040
253.626000,2440.5760
253.876000,2414.3920
254.126000,2388.8560
254.376000,2418.4320
254.626000,2431.7440
254.876000,2426.7440
255.126000,2432.2720
255.376000,2447.7120
255.626000,2456.1920
255.876000,2455.2160
256.126000,2426.2320
256.376000,2353.8160
256.626000,2348.6800
256.876000,2317.9040
257.126000,2289.4080
257.376000,2249.3680
257.626000,2248.9040
257.876000,2248.2880
258.126000,2252.5600
258.376000,2241.4560
258.626000,2200.2160
258.876000,2160.1920
259.126000,2120.9440
259.376000,2152.3200
259.626000,2161.9760
259.876000,2175.6960
260.126000,2241.6320
260.376001,2231.2880
260.626000,2255.1760
260.876000,2286.5040
261.126000,2284.8080
261.376000,2277.5520
261.626000,2275.7040
261.876000,2252.5280
262.126000,2263.0080
262.376000,2274.0560
262.626000,2304.2480
262.876000,2255.5920
263.126000,2240.4000
263.376000,2237.0720
263.626000,2266.0640
263.876000,2280.6000
264.126000,2279.4080
264.376000,2230.3760
264.626000,2207.9040
264.876000,2190.6480
265.126000,2189.7840
265.376000,2200.2560
265.626000,2225.3840
265.876000,2207.5760
266.126000,2186.0640
266.376000,2170.0880
266.626000,2183.4160
266.876000,2183.5680
267.126000,2229.6000
267.376000,2184.3280
267.626000,2145.6960
267.876000,2115.8880
268.126000,2169.5600
268.376000,2116.6880
268.626000,2153.9040
268.876000,2182.1120
269.126000,2185.6080
269.376000,2118.8480
269.626000,2184.1840
269.876000,2154.8720
270.126000,2124.0560
270.376000,2116.8240
270.626000,2068.2000
270.876000,2053.6240
271.126000,2091.7440
271.376000,2051.1600
271.626000,2072.0080
271.876000,2067.3920
272.126000,2157.1280
272.376000,2214.7760
272.626000,2195.1680
272.876000,2053.1520
273.126000,2062.3360
273.376000,1914.2400
273.626000,1882.3760
273.876000,1814.3440
274.126000,1809.0800
274.376000,1789.4640
274.626000,1760.8320
274.876000,1752.4080
275.126000,1792.6000
275.376000,1767.5040
275.626000,1823.5200
275.876000,1807.3680
276.126000,1828.4480
276.376000,1849.8320
276.626000,1878.0960
276.876000,1815.4240
277.126000,1750.0880
277.376000,1725.0640
277.626000,1688.3920
277.876000,1752.5760
278.126000,1887.6320
278.376000,1885.0560
278.626000,1794.4320
278.876000,1672.4640
279.126000,1651.6240
279.376000,1530.8080
279.626000,1434.5040
279.876000,1402.7840
280.126000,1380.3280
280.376000,1336.8400
280.626000,1302.1680
280.876000,1137.7520
281.126000,1137.6960
281.376000,1137.1520
281.626000,1159.5680
281.876000,1236.6560
282.126000,1223.6960
282.376000,1437.4960
282.626000,1488.5440
282.876000,1598.1680
283.126000,1661.2640
283.376000,1479.8960
283.626000,1455.3680
283.876000,1475.9520
284.126000,1473.3200
284.376000,1481.6000
284.626000,1466.2880
284.876000,1453.8880
285.126000,1465.7920
285.376000,1521.6960
285.626000,1526.4400
285.876000,1550.7040
286.126000,1733.5120
286.376000,1759.7440
286.626000,1798.2560
286.876000,1857.5360
287.126000,1898.2560
287.376000,1880.5280
287.626000,1839.0240
287.876000,1874.5360
288.126000,1865.1520
288.376000,1850.4880
288.626000,1868.7360
288.876000,1830.1520
289.126000,1682.1360
289.376000,1685.3520
289.626000,1834.5200
289.876000,1854.7840
290.126000,1827.9280
290.376000,1776.8320
290.626000,1646.7200
290.876000,1440.9440
291.126000,1329.1840
291.376000,1213.9600
291.626000,1145.3040
291.876000,1165.3200
292.126000,1185.9520
292.376000,1204.3520
292.626000,1198.1120
292.876000,1192.0000
293.126000,1195.1120
293.376000,1198.4240
293.626000,1198.1840
293.876000,1199.3440
294.126000,1198.6960
294.376000,1198.3280
294.626000,1197.0240
294.876000,1197.8240
295.126000,1198.5520
295.376000,1197.0080
295.626000,1196.1200
295.876000,1196.5120
296.126000,1196.5600
296.376000,1196.2000
296.626000,1194.1920
296.876000,1193.3520
297.126000,1191.7760
297.376000,1191.4960
297.626000,1191.0000
297.876000,1191.1840
298.126000,1191.0800
298.376000,1191.5600
298.626000,1191.4400
298.876000,1190.7680
299.126000,1191.0240
299.376000,1190.9440
299.626000,1191.0240
299.876000,1191.3040
300.126000,1192.5200
300.376000,1192.6800
300.626000,1191.6240
300.876000,1190.5840
301.126000,1190.6080
301.376000,1190.1600
301.626000,1189.8000
301.876001,1187.7520
302.126001,1187.2640
302.376000,1187.4800
302.626000,1187.3280
302.876000,1186.2000
303.126000,1184.8240
303.376000,1183.4880
303.626000,1180.5520
303.876001,1177.6320
304.126000,1175.7840
304.376000,1173.5200
304.626000,1172.4560
304.876000,1170.2560
305.126000,1168.3200
305.376000,1168.7440
305.626000,1167.1200
305.876001,1166.9600
306.126000,1166.4000
306.376000,1164.9840
306.626000,1162.0800
306.876000,1161.7520
307.126000,1163.9280
307.376000,1160.3600
307.626000,1156.2080
307.876000,1158.1760
308.126000,1156.4960
308.376000,1156.7760
308.626001,1156.9600
308.876000,1156.2160
309.126000,1156.0640
309.376000,1143.2080
309.626000,1138.2880
309.876000,1137.0560
310.126000,1137.0640
310.376000,1138.0480
310.626000,1138.2240
310.876000,1137.8560
311.126000,1137.7200
311.376000,1137.6720
311.626000,1137.9360
311.876000,1137.5600
312.126000,1138.2240
312.376000,1137.6000
312.626001,1137.3120
312.876000,1137.3360
313.126000,1137.1760
313.376000,1136.6640
313.626000,1136.6240
313.876000,1136.3920
314.126000,1135.5600
314.376000,1132.0480
314.626000,1131.8000
314.876000,1131.9840
315.126000,1129.8800
315.376000,1127.0400
315.626000,1128.4320
315.876000,1129.3600
316.126000,1129.3680
316.376000,1129.5840
316.626000,1131.5200
316.876000,1131.8240
317.126000,1132.4400
317.376000,1133.1520
317.626000,1132.9440
317.876000,1132.5520
318.126000,1131.0560
318.376000,1149.5200
318.626000,1162.3920
318.876000,1162.6240
319.126000,1162.7920
319.376000,1163.1520
319.626000,1162.7440
319.876000,1162.9760
320.126000,1162.9360
320.376000,1163.0240
320.626000,1163.1280
320.876000,1163.2480
321.126000,1163.9920
321.376000,1163.8800
321.626001,1164.3200
321.876000,1164.6160
322.126000,1164.4640
322.376000,1164.2720
322.626000,1163.6080
322.876000,1164.1200
323.126000,1163.6480
323.376000,1163.8080
323.626000,1163.7840
323.876000,1164.3680
324.126000,1164.0400
324.376000,1163.4720
324.626000,1162.6000
324.876000,1162.7760
325.126000,1162.2560
325.376000,1162.3360
325.626000,1161.7040
325.876000,1161.8640
326.126000,1161.6240
326.376000,1161.8320
326.626000,1159.5360
326.876000,1159.9680
327.126000,1159.6960
327.376000,1158.7920
327.626000,1159.4480
327.876000,1157.9920
328.126000,1159.2480
328.376000,1158.3120
328.626000,1157.8000
328.876000,1157.7120
329.126000,1157.0800
329.376000,1155.7920
329.626000,1153.7440
329.876000,1154.3280
330.126000,1153.6160
330.376000,1153.7280
330.626000,1153.6560
330.876000,1151.0800
331.126000,1139.9760
331.376000,1139.1680
331.626000,1139.8160
331.876000,1139.1600
332.126000,1140.3520
332.376000,1139.9280
332.626000,1140.5760
332.876000,1140.2960
333.126000,1140.6160
333.376000,1140.7680
333.626000,1142.3520
333.876000,1143.3360
334.126000,1144.5920
334.376000,1146.2400
334.626000,1147.4480
334.876000,1148.6160
335.126000,1150.4960
335.376000,1149.5680
335.626000,1149.5440
335.876000,1148.9120
336.126000,1149.3680
336.376000,1149.9920
336.626000,1150.9920
336.876000,1150.6560
337.126000,1151.5280
337.376000,1150.8160
337.626000,1151.2080
337.876001,1152.3920
338.126000,1151.5840
338.376000,1152.1440
338.626000,1151.5120
338.876000,1152.1200
339.126000,1152.9600
339.376000,1152.2720
339.626000,1152.7040
339.876000,1154.0720
340.126000,1153.9280
340.376000,1154.0000
340.626000,1154.4000
340.876000,1153.4080
341.126000,1154.0560
341.376000,1153.9120
341.626000,1154.8240
341.876000,1155.5680
342.126000,1155.2480
342.376000,1155.6000
342.626000,1154.8800
342.876000,1155.8240
343.126000,1155.8160
343.376000,1156.3040
343.626000,1155.9440
343.876000,1156.5520
344.126000,1156.1840
344.376000,1156.9200
344.626000,1156.9440
344.876000,1157.1360
345.126000,1157.1440
345.376000,1158.1600
345.626000,1160.7680
345.876000,1162.3440
346.126000,1162.8320
346.376000,1164.3120
346.626000,1165.4560
346.876000,1166.2320
347.126000,1167.1520
347.376000,1166.2960
347.626000,1166.7920
347.876000,1168.2080
348.126000,1167.2960
348.376000,1168.1920
348.626000,1168.3680
348.876000,1168.6800
349.126000,1167.8960
349.376000,1168.5440
349.626000,1168.2800
349.876000,1168.1440
350.126000,1168.5360
350.376000,1168.7600
350.626000,1168.4320
350.876000,1168.4000
351.126000,1168.4000
351.376000,1169.1200
351.626000,1169.0640
351.876000,1169.2480
352.126000,1168.6960
352.376000,1168.7840
352.626000,1170.1200
352.876000,1168.7440
353.126000,1169.1040
353.376000,1169.2640
353.626000,1168.6320
353.876000,1168.4400
354.126000,1168.2800
354.376000,1168.2560
354.626000,1168.3280
354.876000,1168.6160
355.126000,1169.0000
355.376000,1169.6320
355.626000,1169.7920
355.876000,1170.5200
356.126000,1171.4880
356.376000,1171.3920
356.626000,1171.4880
356.876000,1171.8320
357.126000,1172.1440
357.376000,1172.1840
357.626000,1172.0320
357.876000,1172.6560
358.126000,1172.2320
358.376000,1172.4960
358.626000,1173.2320
358.876000,1173.4720
359.126000,1172.4080
359.376000,1173.1280
359.626000,1173.2400
359.876000,1173.5120
360.126000,1172.6560
360.376000,1173.1280
360.626000,1173.3120
360.876000,1173.6240
361.126000,1174.8640
361.376000,1174.5600
361.626000,1173.2800
361.876000,1174.3680
362.126000,1174.1360
362.376000,1174.5280
362.626000,1173.5120
362.876000,1173.5680
363.126000,1173.8640
363.376000,1173.5600
363.626000,1174.1520
363.876000,1174.1760
364.126000,1174.2160
364.376000,1173.9040
364.626000,1173.5200
364.876000,1172.8880
365.126000,1174.0160
365.376000,1174.3280
365.626000,1173.5840
365.876000,1174.2160
366.126000,1174.3840
366.376000,1173.4160
366.626000,1174.0080
366.876000,1174.3200
367.126000,1174.7200
367.376000,1175.9840
367.626000,1173.9280
367.876000,1174.4400
368.126000,1174.8240
368.376000,1175.8400
368.626000,1176.4880
368.876000,1175.6640
369.126000,1175.5600
369.376000,1175.0640
369.626000,1175.2240
369.876000,1176.1920
370.126000,1175.4800
370.376000,1176.9600
370.626000,1176.4640
370.876000,1176.3360
371.126000,1177.7920
371.376000,1177.0640
371.626000,1177.0480
371.876000,1177.3360
372.126000,1177.5120
372.376000,1177.6560
372.626000,1177.5680
372.876000,1177.7200
373.126000,1177.5680
373.376000,1177.9680
373.626000,1178.1520
373.876000,1178.1200
374.126000,1177.8320
374.376000,1178.0720
374.626000,1177.1520
374.876000,1177.8880
375.126000,1177.5200
375.376000,1178.2400
375.626000,1178.3360
375.876000,1177.7680
376.126000,1177.8640
376.376000,1177.5120
376.626000,1177.4240
376.876000,1178.5280
377.126000,1178.7760
377.376000,1178.9520
377.626000,1178.8800
377.876000,1179.3920
378.126000,1179.4400
378.376000,1179.6560
378.626000,1180.0160
378.876000,1179.7200
379.126000,1179.3840
379.376000,1181.5120
379.626000,1180.2560
379.876000,1180.1120
380.126000,1181.0880
380.376000,1181.3440
380.626000,1181.1280
380.876000,1181.0080
381.126000,1181.3520
381.376000,1181.4640
381.626000,1181.0800
381.876000,1181.6080
382.126000,1181.9680
382.376000,1181.7440
382.626000,1181.3360
382.876001,1181.9200
383.126000,1182.3760
383.376000,1182.3760
383.626000,1182.6400
383.876000,1182.2800
384.126000,1182.9840
384.376000,1184.5680
384.626000,1182.9840
384.876000,1181.5440
385.126000,1183.6720
385.376000,1183.7840
385.626000,1183.3840
385.876000,1183.7040
386.126000,1182.4080
386.376000,1183.6320
386.626000,1184.2400
386.876000,1184.4800
387.126000,1184.5040
387.376000,1183.9680
387.626000,1185.4080
387.876000,1184.9920
388.126000,1185.8720
388.376000,1185.2800
388.626000,1186.2080
388.876000,1184.1200
389.126000,1185.2640
389.376000,1185.0240
389.626000,1185.1600
389.876000,1184.9120
390.126000,1184.8720
390.376000,1184.8640
390.626000,1184.6400
390.876000,1185.5280
391.126000,1185.7200
391.376000,1185.0560
391.626000,1184.4560
391.876000,1184.5600
392.126000,1183.6800
392.376000,1184.5040
392.626000,1184.5680
392.876000,1183.7280
393.126000,1184.3520
393.376000,1183.1120
393.626000,1183.5520
393.876000,1184.6480
394.126000,1183.4320
394.376000,1183.4640
394.626000,1183.4640
394.876000,1184.1120
395.126000,1184.0800
395.376000,1184.3680
395.626000,1214.5600
395.876000,1483.9280
396.126001,1678.1360
396.376000,1711.3760
396.626000,1748.3920
396.876000,1806.4640
397.126000,1878.5280
397.376000,1911.4160
397.626000,1949.5680
397.876000,1951.8320
398.126000,1955.1360
398.376000,1972.4960
398.626000,2003.3280
398.876000,2077.7120
399.126000,2055.2640
399.376000,2104.7280
399.626000,2172.1680
399.876000,2196.6880
400.126000,2140.7600
400.376000,2153.5680
400.626000,2197.8400
400.876000,2289.2880
401.126000,2322.3040
401.376000,2308.6320
401.626000,2291.9840
401.876000,2303.2880
402.126000,2291.0880
402.376000,2242.1040
402.626000,2211.9200
402.876000,2209.9040
403.126000,2227.5680
403.376000,2247.1520
403.626000,2232.6640
403.876000,2247.6560
404.126000,2274.8240
404.376000,2288.7920
404.626000,2278.1040
404.876000,2327.2720
405.126000,2347.5040
405.376000,2351.7200
405.626000,2353.1840
405.876000,2359.6240
406.126000,2357.3120
406.376000,2353.0320
406.626000,2362.2960
406.876000,2365.6080
407.126000,2368.0000
407.376000,2359.5840
407.626000,2359.8400
407.876000,2360.1840
408.126000,2360.8960
408.376000,2396.6160
408.626000,2433.3440
408.876000,2441.4880
409.126000,2383.0240
409.376000,2390.2160
409.626000,2436.9360
409.876000,2453.0960
410.126000,2459.1280
410.376000,2459.7040
410.626000,2456.7280
410.876000,2442.2720
411.126000,2458.2320
411.376000,2472.0080
411.626000,2481.6160
411.876000,2475.2240
412.126000,2473.5600
412.376000,2469.6240
412.626000,2476.1360
412.876000,2484.0880
413.126000,2477.7520
413.376000,2482.6720
413.626000,2492.9280
413.876000,2491.0800
414.126000,2480.0560
414.376000,2469.7280
414.626000,2468.4720
414.876000,2469.6160
415.126000,2459.3360
415.376000,2467.9520
415.626000,2462.6640
415.876000,2432.3600
416.126000,2404.1440
416.376000,2425.1600
416.626000,2469.1600
416.876000,2479.4080
417.126000,2473.6960
417.376000,2459.0240
417.626000,2459.4640
417.876000,2457.3920
418.126000,2473.8880
418.376000,2484.2400
418.626000,2468.9520
418.876000,2473.9520
419.126000,2473.7120
419.376000,2461.3840
419.626000,2457.8640
419.876000,2462.6640
420.126000,2460.7840
420.376001,2466.1280
420.626000,2471.9920
420.876000,2473.0720
421.126000,2468.5520
421.376000,2475.9920
421.626000,2477.6640
421.876000,2481.0800
422.126000,2480.9440
422.376000,2483.3200
422.626000,2427.5520
422.876001,2345.1920
423.126000,2351.5440
423.376000,2354.4960
423.626000,2250.6960
423.876000,2225.5120
424.126000,2234.4160
424.376000,2252.3680
424.626000,2282.9840
424.876000,2347.4880
425.126001,2361.5760
425.376000,2338.6160
425.626000,2359.7920
425.876000,2370.0800
426.126000,2367.6480
426.376000,2370.1680
426.626000,2368.4000
426.876000,2378.3680
427.126000,2381.0560
427.376000,2377.8560
427.626000,2379.6000
427.876000,2380.1360
428.126000,2339.5200
428.376000,2341.6320
428.626000,2297.6800
428.876000,2319.9680
429.126000,2331.0720
429.376000,2347.1920
429.626000,2368.5200
429.876000,2339.1200
430.126000,2330.3440
430.376000,2350.0240
430.626000,2338.2480
430.876000,2358.2960
431.126000,2363.1360
431.376000,2337.0000
431.626000,2246.0720
431.876000,2240.2880
432.126000,2239.4240
432.376000,2236.3200
432.626000,2249.9360
432.876000,2232.2400
433.126000,2239.8960
433.376000,2244.1520
433.626000,2242.7920
433.876000,2251.8320
434.126001,2239.5280
434.376000,2232.8560
434.626000,2231.3200
434.876000,2257.5840
435.126000,2245.3840
435.376001,2241.7920
435.626000,2242.7840
435.876000,2236.8080
436.126000,2223.9840
436.376000,2145.6880
436.626000,2087.1600
436.876000,2064.8240
437.126000,2026.7440
437.376000,1912.7920
437.626000,1914.4800
437.876000,1941.3920
438.126000,1940.9520
438.376000,1895.8080
438.626000,1865.5360
438.876000,1790.4080
439.126000,1771.9600
439.376000,1758.5600
439.626000,1730.1200
439.876000,1700.2960
440.126000,1604.0800
440.376000,1549.1200
440.626000,1504.5200
440.876000,1482.2960
441.126000,1480.3600
441.376000,1455.1520
441.626000,1444.1600
441.876000,1393.6880
442.126000,1381.4000
442.376000,1390.5920
442.626000,1393.8560
442.876000,1364.1280
443.126000,1356.7600
443.376000,1340.4640
443.626000,1349.5120
443.876000,1362.2640
444.126000,1373.9360
444.376000,1393.8560
444.626000,1390.2000
444.876000,1383.5600
445.126000,1450.6160
445.376000,1578.6000
445.626000,1740.5840
445.876000,1681.3680
446.126000,1592.3280
446.376000,1478.3120
446.626000,1422.6720
446.876000,1379.5520
447.126000,1387.2080
447.376000,1397.5600
447.626000,1398.1920
447.876000,1373.9600
448.126000,1349.5040
448.376000,1345.1760
448.626000,1342.2000
448.876000,1348.4640
449.126000,1350.2960
449.376000,1345.9280
449.626000,1357.5760
449.876000,1351.6560
450.126000,1353.6240
450.376000,1357.8640
450.626000,1335.4320
450.876000,1355.9600
451.126000,1381.5600
451.376000,1381.0160
451.626000,1271.1760
451.876000,1242.7360
452.126000,1248.2480
452.376000,1249.8400
452.626000,1257.4400
452.876000,1256.4560
453.126000,1264.0640
453.376000,1366.4080
453.626000,1467.5280
453.876000,1453.6000
454.126000,1502.1360
454.376000,1573.4160
454.626000,1390.5280
454.876000,1417.3920
455.126000,1371.4240
455.376000,1275.4240
455.626000,1277.8880
455.876000,1266.5200
456.126000,1265.2480
456.376000,1264.0080
456.626000,1263.1440
456.876000,1261.2400
457.126000,1263.0080
457.376000,1262.3600
457.626000,1263.8960
457.876000,1262.6240
458.126000,1262.4160
458.376000,1262.7440
458.626000,1263.7040
458.876000,1263.4560
459.126000,1262.4080
459.376000,1262.9600
459.626000,1263.5520
459.876000,1266.0080
460.126000,1266.9840
460.376000,1266.1120
460.626000,1266.0960
460.876000,1266.4080
461.126000,1266.7680
461.376000,1267.6480
461.626000,1267.7920
461.876000,1266.9600
462.126000,1267.6640
462.376000,1267.8640
462.626000,1267.4640
462.876001,1267.2320
463.126000,1268.8640
463.376000,1267.3920
463.626000,1268.0160
463.876000,1268.0240
464.126000,1267.9520
464.376000,1268.4160
464.626000,1268.9280
464.876000,1269.1200
465.126000,1268.6880
465.376000,1269.3680
465.626000,1269.8160
465.876000,1268.0480
466.126000,1268.1120
466.376000,1268.7040
466.626000,1268.0080
466.876000,1268.8720
467.126000,1269.5200
467.376000,1270.1360
467.626000,1271.4320
467.876000,1272.0480
468.126000,1273.3600
468.376000,1273.3600
468.626000,1275.1760
468.876000,1274.2480
469.126000,1274.8240
469.376000,1275.1360
469.626000,1273.7920
469.876000,1275.2160
470.126000,1275.2480
470.376000,1275.7120
470.626000,1275.6880
470.876000,1275.7200
471.126000,1273.9040
471.376000,1275.0560
471.626000,1274.3360
471.876000,1274.6320
472.126000,1273.3120
472.376000,1273.7600
472.626000,1274.3120
472.876000,1274.0480
473.126000,1273.3120
473.376000,1274.6240
473.626000,1273.8960
473.876000,1274.2560
474.126000,1273.9600
474.376000,1274.1680
474.626000,1274.1600
474.876000,1273.7360
475.126000,1273.3920
475.376000,1274.4960
475.626000,1273.6880
475.876000,1274.2960
476.126000,1274.1280
476.376000,1273.8400
476.626000,1273.7040
476.876000,1274.2640
477.126000,1273.9920
477.376000,1273.0640
477.626000,1273.4800
477.876000,1273.3600
478.126000,1274.4000
478.376000,1273.7600
478.626000,1273.0560
478.876000,1272.4960
479.126000,1273.3440
479.376000,1273.9120
479.626000,1275.6640
479.876000,1279.8400
480.126000,1293.9280
480.376000,1296.0800
480.626000,1295.7520
480.876000,1297.1120
481.126000,1297.1360
481.376000,1296.5680
481.626000,1296.6800
481.876000,1296.2400
482.126000,1297.0800
482.376000,1296.7840
482.626000,1297.0320
482.876000,1296.1360
483.126000,1296.2800
483.376000,1296.6400
483.626000,1296.4320
483.876000,1297.3920
484.126000,1296.5120
484.376000,1296.9440
484.626000,1296.3200
484.876000,1296.0320
485.126000,1296.7760
485.376000,1297.0320
485.626000,1297.0800
485.876000,1296.9600
486.126000,1296.9440
486.376000,1297.2560
486.626000,1297.6560
486.876000,1298.2720
487.126000,1299.1840
487.376000,1298.6080
487.626000,1298.0000
487.876000,1299.0800
488.126000,1299.2400
488.376000,1300.0160
488.626000,1300.2320
488.876000,1300.6000
489.126000,1300.7920
489.376000,1301.3520
489.626000,1300.7040
489.876000,1301.0960
490.126000,1301.9120
490.376000,1301.6240
490.626000,1302.1760
490.876000,1301.4240
491.126000,1301.0880
491.376000,1302.3200
491.626000,1301.8240
491.876000,1301.5200
492.126000,1302.1040
492.376000,1301.3120
492.626000,1303.8400
492.876000,1301.9360
493.126000,1301.3760
493.376000,1301.5920
493.626000,1300.9840
493.876000,1300.6800
494.126000,1300.2480
494.376000,1300.3840
494.626000,1299.4320
494.876000,1299.1680
495.126000,1299.3520
495.376000,1299.4080
495.626000,1298.8960
495.876000,1299.0160
496.126000,1298.2880
496.376000,1297.8800
496.626000,1297.4560
496.876000,1297.3520
497.126000,1297.6720
497.376000,1296.9840
497.626000,1297.1680
497.876000,1297.4480
498.126000,1296.9360
498.376000,1296.6560
498.626000,1296.4400
498.876000,1296.4720
499.126000,1296.9120
499.376000,1296.3840
499.626000,1297.8960
499.876000,1297.0560
500.126000,1297.2320
500.376000,1297.3520
500.626000,1295.9440
500.876000,1295.9600
501.126000,1295.9200
501.376000,1295.7360
501.626000,1296.4400
501.876000,1295.8000
502.126000,1295.5840
502.376000,1295.7440
502.626000,1293.1840
502.876000,1290.9520
503.126000,1290.8880
503.376000,1289.8240
503.626000,1289.3120
503.876000,1287.8640
504.126000,1287.3840
504.376000,1286.3200
504.626000,1285.3840
504.876000,1282.9120
505.126000,1283.3600
505.376000,1283.1120
505.626000,1282.4640
505.876000,1282.2880
506.126000,1280.6240
506.376000,1279.6320
506.626000,1278.8560
506.876000,1279.8160
507.126000,1279.5360
507.376000,1280.2480
507.626000,1280.5600
507.876000,1279.8240
508.126000,1280.1920
508.376000,1279.1760
508.626000,1278.0320
508.876000,1278.4400
509.126000,1278.0880
509.376000,1277.5280
509.626000,1277.8480
509.876000,1276.6880
510.126000,1276.4160
510.376000,1273.3600
510.626000,1274.2880
510.876000,1273.8480
511.126000,1273.5200
511.376000,1273.6720
511.626000,1272.3040
511.876000,1273.2160
512.126000,1271.7840
512.376000,1272.5280
512.626000,1272.1360
512.876000,1270.9280
513.126000,1270.6560
513.376000,1270.9040
513.626000,1269.2240
513.876000,1268.1200
514.126000,1268.3680
514.376000,1268.9840
514.626000,1267.7600
514.876000,1267.0320
515.126000,1267.1600
515.376000,1266.8720
515.626000,1267.0000
515.876000,1265.6240
516.126000,1265.2720
516.376000,1263.9600
516.626001,1264.2400
516.876000,1264.0000
517.126000,1263.6320
517.376000,1262.5360
517.626000,1262.2960
517.876000,1259.8240
518.126000,1246.1360
518.376000,1243.8880
518.626000,1243.7760
518.876000,1243.6720
519.126000,1243.4400
519.376000,1243.5920
519.626000,1243.3760
519.876000,1240.6320
520.126000,1239.4720
520.376000,1239.7680
520.626000,1240.5520
520.876000,1238.0560
521.126000,1238.6880
521.376000,1237.8000
521.626000,1235.9040
521.876000,1234.1840
522.126000,1232.7440
522.376000,1231.2160
522.626000,1230.9920
522.876000,1229.9440
523.126000,1229.6640
523.376000,1229.1280
523.626000,1228.1200
523.876000,1226.6480
524.126000,1221.5600
524.376000,1216.5440
524.626000,1216.2480
524.876000,1216.2800
525.126000,1216.1760
525.376000,1215.8160
525.626000,1215.5680
525.876000,1215.5680
526.126000,1215.9440
526.376000,1215.7360
526.626000,1216.0800
526.876000,1215.9840
527.126000,1215.6720
527.376000,1216.0560
527.626000,1215.7520
527.876000,1215.8960
528.126000,1216.9920
528.376000,1216.4960
528.626000,1216.1120
528.876000,1215.9840
529.126000,1215.4320
529.376000,1216.8560
529.626000,1215.7040
529.876000,1216.3360
530.126000,1216.0240
530.376000,1215.7840
530.626000,1215.6480
530.876000,1216.0080
531.126000,1215.9840
531.376000,1215.0720
531.626000,1215.7520
531.876000,1216.3840
532.126000,1215.1840
532.376000,1215.7600
532.626000,1215.6640
532.876001,1216.4080
533.126000,1224.0880
533.376000,1226.8000
533.626000,1227.8080
533.876000,1228.7600
534.126000,1228.7600
534.376000,1228.6240
534.626000,1229.4720
534.876000,1229.7280
535.126000,1229.2960
535.376000,1229.8880
535.626000,1229.8960
535.876000,1229.5600
536.126000,1229.6880
536.376000,1229.5440
536.626000,1229.7120
536.876000,1228.8800
537.126000,1229.6320
537.376000,1230.8080
537.626000,1229.5440
537.876000,1229.2640
538.126000,1229.5120
538.376000,1229.5040
538.626000,1229.8400
538.876000,1229.9520
539.126000,1230.2880
539.376000,1229.9840
539.626000,1230.1360
539.876000,1230.4320
540.126000,1229.9440
540.376000,1229.8800
540.626000,1229.5120
540.876000,1230.1840
541.126000,1230.1440
541.376001,1230.4480
541.626000,1229.8160
541.876000,1230.2480
542.126000,1230.0720
542.376000,1230.4000
542.626000,1229.6960
542.876000,1230.0960
543.126000,1229.8240
543.376000,1231.1280
543.626000,1231.0720
543.876000,1230.5760
544.126000,1231.1520
544.376000,1231.1280
544.626000,1231.8480
544.876000,1231.2240
545.126000,1231.7920
545.376000,1231.2240
545.626000,1231.5520
545.876000,1230.3120
546.126000,1231.3680
546.376000,1232.4880
546.626000,1230.8400
546.876000,1231.9520
547.126000,1232.5200
547.376000,1232.2000
547.626000,1231.9600
547.876000,1231.5440
548.126000,1227.6640
548.376000,1228.1040
548.626000,1228.3120
548.876000,1227.6800
549.126000,1228.5920
549.376000,1228.8960
549.626000,1228.3760
549.876000,1228.8000
550.126000,1228.4880
550.376000,1229.5280
550.626000,1228.7440
550.876000,1228.0640
551.126000,1228.6800
551.376000,1228.8880
551.626000,1228.7520
551.876000,1229.1040
552.126000,1227.8240
552.376000,1228.4160
552.626000,1227.6400
552.876000,1227.6960
553.126000,1228.4000
553.376000,1228.3920
553.626000,1228.7680
553.876000,1228.5280
554.126000,1228.0400
554.376000,1227.8000
554.626000,1228.6720
554.876000,1228.0800
555.126000,1227.9920
555.376000,1228.7120
555.626000,1228.3360
555.876000,1228.4160
556.126000,1227.7920
556.376000,1228.2720
556.626000,1229.0960
556.876000,1228.0240
557.126000,1228.9680
557.376000,1227.6640
557.626000,1227.8560
557.876000,1228.1280
558.126000,1227.6960
558.376000,1228.1840
558.626000,1228.1920
558.876000,1227.0080
559.126000,1227.4320
559.376000,1227.7120
559.626000,1227.7680
559.876001,1228.0960
560.126000,1227.3440
560.376000,1227.6160
560.626000,1227.0080
560.876000,1227.4000
561.126000,1227.9120
561.376000,1397.6160
561.626000,1465.7200
561.876000,1502.7280
562.126000,1701.8000
562.376000,1737.5600
562.626000,1805.4560
562.876000,1876.4400
563.126000,1955.9040
563.376000,1980.2640
563.626000,2008.7840
563.876000,2022.3520
564.126000,2010.7600
564.376001,2022.4000
564.626000,2030.3520
564.876000,2055.7920
565.126000,2123.8000
565.376000,2136.3360
565.626000,2145.0000
565.876000,2132.2640
566.126000,2143.5680
566.376000,2147.7120
566.626000,2158.4080
566.876000,2173.1840
567.126000,2188.6800
567.376000,2193.4320
567.626000,2215.7600
567.876000,2210.3200
568.126000,2223.1920
568.376000,2233.9680
568.626000,2235.9440
568.876000,2239.5120
569.126000,2252.0400
569.376000,2226.2400
569.626000,2239.4880
569.876000,2250.7760
570.126000,2266.3840
570.376000,2275.2800
570.626000,2281.4960
570.876000,2291.3680
571.126000,2291.9840
571.376000,2278.6640
571.626000,2293.6560
571.876000,2288.7600
572.126000,2287.3200
572.376000,2273.3600
572.626000,2294.8160
572.876000,2290.6400
573.126000,2291.5840
573.376000,2291.1440
573.626000,2283.3520
573.876000,2285.9520
574.126000,2289.0880
574.376000,2305.6160
574.626000,2303.0960
574.876000,2294.3120
575.126000,2305.3120
575.376000,2300.8000
575.626000,2288.9680
575.876000,2298.4160
576.126001,2299.0160
576.376000,2281.0800
576.626000,2247.0960
576.876000,2229.6400
577.126000,2238.6240
577.376000,2240.0000
577.626000,2213.7200
577.876000,2221.6560
578.126000,2223.3600
578.376000,2226.8480
578.626000,2214.3280
578.876000,2225.5760
579.126000,2208.0960
579.376000,2166.3200
579.626000,2159.3120
579.876000,2170.9680
580.126000,2202.0640
580.376000,2188.4080
580.626000,2183.8960
580.876000,2163.6560
581.126000,2145.0880
581.376000,2151.4560
581.626000,2140.2240
581.876000,2139.6880
582.126000,2155.7040
582.376000,2163.5920
582.626000,2160.2560
582.876000,2149.3360
583.126000,2144.7040
583.376000,2149.3520
583.626000,2151.4800
583.876000,2149.3840
584.126000,2153.9840
584.376000,2158.2960
584.626000,2152.9680
584.876000,2164.5280
585.126000,2157.2560
585.376000,2154.2560
585.626000,2151.1760
585.876000,2149.0000
586.126000,2149.9680
586.376000,2145.3920
586.626000,2146.9760
586.876000,2143.5680
587.126000,2153.8880
587.376000,2158.6720
587.626000,2155.9840
587.876000,2156.1360
588.126000,2136.0400
588.376000,2146.7280
588.626000,2139.7920
588.876000,2150.4480
589.126000,2146.7120
589.376000,2158.9840
589.626000,2148.3040
589.876000,2152.5920
590.126000,2146.0240
590.376000,2141.9840
590.626000,2158.3200
590.876000,2137.6880
591.126000,2122.5120
591.376000,2149.4080
591.626000,2130.0960
591.876000,2142.8960
592.126000,2136.2080
592.376000,2157.1360
592.626000,2125.9920
592.876000,2112.7760
593.126000,2113.7040
593.376000,2111.6160
593.626000,2125.8480
593.876000,2115.0320
594.126000,2154.5120
594.376000,2156.9200
594.626000,2159.1440
594.876000,2143.9200
595.126000,2161.2320
595.376000,2157.1280
595.626000,2147.1280
595.876000,2143.0720
596.126000,2121.4800
596.376000,2132.7680
596.626000,2151.3280
596.876000,2155.4800
597.126000,2155.1040
597.376000,2166.7280
597.626000,2166.8480
597.876000,2169.0960
598.126000,2167.1760
598.376000,2166.2240
598.626000,2156.9680
598.876000,2158.2560
599.126000,2153.7840
599.376000,2152.2240
599.626000,2161.7120
599.876000,2162.3680
600.126000,2164.1360
600.376000,2161.8000
600.626000,2148.7360
600.876000,2148.6880
601.126000,2160.5520
601.376000,2139.4480
601.626000,2095.0720
601.876000,2067.8640
602.126000,1935.5520
602.376000,1918.8160
602.626000,2016.5680
602.876000,2102.2000
603.126000,2026.8720
603.376000,1873.4400
603.626000,1803.5680
603.876000,1744.1840
604.126000,1684.0320
604.376000,1663.1520
604.626000,1529.9680
604.876000,1497.1600
605.126000,1463.9200
605.376000,1445.1920
605.626000,1439.3920
605.876000,1430.2480
606.126000,1401.4960
606.376000,1434.1920
606.626000,1477.0320
606.876000,1450.8400
607.126000,1408.1280
607.376000,1419.2160
607.626000,1375.6400
607.876000,1389.6000
608.126000,1386.1440
608.376000,1346.7520
608.626000,1441.4720
608.876000,1538.6160
609.126000,1691.4160
609.376000,1708.9680
609.626000,1644.4560
609.876000,1619.9440
610.126000,1548.9680
610.376000,1522.5920
610.626000,1519.4800
610.876000,1514.9280
611.126000,1487.6000
611.376000,1429.4480
611.626000,1426.8560
611.876000,1426.4800
612.126000,1406.2720
612.376000,1421.5520
612.626000,1410.6160
612.876000,1403.6720
613.126000,1403.1200
613.376000,1403.9120
613.626000,1410.1840
613.876000,1386.0800
614.126000,1371.9440
614.376000,1371.1440
614.626000,1374.4960
614.876000,1386.0880
615.126000,1380.9120
615.376000,1403.2800
615.626000,1430.7440
615.876000,1425.7680
616.126000,1429.2080
616.376000,1428.2160
616.626000,1435.9360
616.876000,1430.0160
617.126000,1404.9280
617.376000,1399.4880
617.626000,1397.4880
617.876000,1396.0560
618.126000,1396.2080
618.376000,1401.6160
618.626000,1406.3840
618.876000,1410.4480
619.126000,1424.1760
619.376000,1438.2880
619.626000,1417.6720
619.876000,1433.5440
620.126000,1434.6160
620.376000,1429.1360
620.626000,1426.5120
620.876001,1339.2080
621.126000,1241.8080
621.376000,1241.5840
621.626000,1274.8960
621.876000,1292.5280
622.126000,1307.9520
622.376000,1317.7360
622.626000,1314.6480
622.876000,1315.4480
623.126000,1320.3200
623.376000,1323.4880
623.626000,1321.5360
623.876000,1328.0240
624.126000,1328.4640
624.376000,1327.6400
624.626000,1327.7040
624.876000,1327.9040
625.126000,1328.3440
625.376000,1327.3440
625.626000,1325.7040
625.876000,1326.0000
626.126000,1325.4560
626.376000,1325.5600
626.626000,1324.8400
626.876000,1318.6800
627.126000,1309.5600
627.376000,1309.5760
627.626000,1309.6720
627.876000,1309.9520
628.126000,1310.2640
628.376000,1310.7520
628.626000,1310.5280
628.876000,1311.3360
629.126000,1310.7840
629.376000,1311.4880
629.626000,1311.6560
629.876000,1310.8000
630.126000,1311.7120
630.376000,1311.3680
630.626000,1311.8000
630.876000,1311.1920
631.126000,1311.2160
631.376000,1311.0640
631.626000,1311.0960
631.876000,1312.1040
632.126000,1310.5360
632.376000,1310.2480
632.626000,1310.5760
632.876000,1310.5120
633.126000,1310.6400
633.376000,1310.3920
633.626000,1310.0240
633.876001,1310.0320
634.126001,1310.1040
634.376000,1309.1840
634.626000,1308.2320
634.876000,1308.1840
635.126000,1308.0720
635.376000,1307.8320
635.626000,1307.7600
635.876001,1307.7680
636.126000,1307.4560
636.376000,1307.9520
636.626001,1308.0480
636.876000,1307.4320
637.126000,1306.6880
637.376000,1308.4800
637.626000,1308.0240
637.876000,1308.4400
638.126000,1308.9440
638.376000,1308.0880
638.626000,1307.8800
638.876000,1307.9600
639.126000,1306.6720
639.376000,1305.8000
639.626000,1305.3040
639.876000,1304.5040
640.126000,1301.8560
640.376000,1305.7760
640.626000,1316.1520
640.876000,1314.9360
641.126000,1305.0720
641.376000,1299.4320
641.626000,1298.5680
641.876000,1298.9680
642.126000,1299.3280
642.376000,1300.6320
642.626000,1297.8960
642.876000,1299.7760
643.126000,1300.1840
643.376000,1299.9600
643.626000,1299.2640
643.876000,1299.6080
644.126000,1299.6800
644.376000,1300.1680
644.626000,1299.5760
644.876000,1299.1280
645.126000,1299.5440
645.376000,1300.1120
645.626000,1299.8800
645.876000,1300.2960
646.126000,1299.8000
646.376000,1299.1280
646.626000,1299.2080
646.876000,1299.6720
647.126000,1299.2480
647.376000,1299.2240
647.626000,1298.4960
647.876000,1300.4000
648.126000,1300.9280
648.376000,1299.1520
648.626000,1299.1760
648.876000,1299.2880
649.126000,1298.9440
649.376000,1298.9600
649.626000,1300.1680
649.876000,1299.1360
650.126000,1298.6960
650.376000,1299.0320
650.626000,1298.9840
650.876000,1298.9600
651.126000,1299.5520
651.376000,1298.8080
651.626000,1298.5600
651.876000,1298.0000
652.126000,1299.5040
652.376000,1300.2240
652.626000,1300.4240
652.876000,1301.3840
653.126000,1299.9600
653.376000,1300.8960
653.626000,1301.9680
653.876000,1302.5440
654.126000,1300.6960
654.376000,1300.8080
654.626000,1300.7760
654.876000,1299.6400
655.126000,1300.9600
655.376000,1301.3040
655.626000,1300.8160
655.876000,1300.6640
656.126000,1300.3280
656.376000,1300.8880
656.626000,1300.4240
656.876000,1300.5760
657.126000,1300.7280
657.376000,1300.5360
657.626000,1301.2480
657.876000,1299.9440
658.126000,1299.7680
658.376000,1299.9440
658.626000,1299.9920
658.876000,1298.9520
659.126000,1300.6560
659.376000,1299.8240
659.626000,1298.9680
659.876000,1299.6720
660.126000,1299.4240
660.376000,1300.3680
660.626000,1300.7120
660.876000,1300.5120
661.126000,1300.2080
661.376000,1301.0480
661.626000,1299.4800
661.876000,1300.2880
662.126000,1299.8240
662.376000,1300.5360
662.626000,1299.1840
662.876000,1299.1440
663.126000,1298.3120
663.376000,1298.7760
663.626000,1299.9440
663.876000,1299.3520
664.126000,1299.0800
664.376000,1299.1520
664.626000,1298.3760
664.876000,1298.9760
665.126000,1298.6000
665.376000,1297.6240
665.626000,1298.7360
665.876000,1297.4800
666.126000,1297.6560
666.376000,1297.4160
666.626000,1297.3200
666.876000,1297.6320
667.126000,1297.8160
667.376000,1297.3280
667.626000,1296.8400
667.876000,1297.4320
668.126001,1297.2000
668.376000,1297.7360
668.626000,1296.7600
668.876000,1299.9680
669.126000,1303.6240
669.376000,1305.0800
669.626000,1304.8240
669.876000,1305.6640
670.126000,1306.1840
670.376000,1305.8800
670.626000,1305.1280
670.876000,1307.5280
671.126000,1307.0240
671.376000,1307.4000
671.626000,1308.0880
671.876000,1307.9920
672.126000,1307.0640
672.376000,1308.2240
672.626000,1308.0880
672.876000,1307.0320
673.126000,1305.6080
673.376000,1306.4560
673.626000,1305.5040
673.876000,1304.6640
674.126000,1305.5600
674.376000,1305.0960
674.626000,1304.7600
674.876000,1305.1920
675.126000,1305.2000
675.376000,1304.6560
675.626000,1306.1200
675.876000,1306.1360
676.126000,1307.3120
676.376000,1306.1440
676.626000,1307.0160
676.876000,1307.0480
677.126000,1306.6000
677.376000,1307.0560
677.626000,1306.3920
677.876000,1306.8720
678.126000,1307.1600
678.376000,1307.3440
678.626000,1306.6800
678.876000,1306.0640
679.126000,1307.1280
679.376000,1306.4560
679.626000,1307.7600
679.876000,1307.4000
680.126000,1307.5040
680.376000,1305.8400
680.626000,1306.8160
680.876001,1307.4400
681.126000,1306.9520
681.376000,1306.5920
681.626000,1308.3280
681.876000,1307.7120
682.126000,1306.8960
682.376000,1307.2560
682.626000,1306.7120
682.876000,1306.9360
683.126000,1307.6480
683.376000,1308.0880
683.626000,1307.8960
683.876000,1306.7680
684.126000,1306.9360
684.376000,1305.9040
684.626000,1306.5760
684.876000,1306.6480
685.126000,1306.2720
685.376000,1306.0160
685.626000,1305.9920
685.876000,1306.4720
686.126000,1305.6880
686.376000,1307.5760
686.626000,1306.7200
686.876000,1306.0480
687.126000,1306.0800
687.376000,1307.1680
687.626000,1306.3200
687.876000,1307.1120
688.126000,1307.8480
688.376000,1308.6560
688.626000,1310.4240
688.876000,1310.0480
689.126000,1310.3920
689.376000,1309.9600
689.626000,1310.3280
689.876000,1310.4800
690.126000,1310.7680
690.376000,1310.4720
690.626000,1310.4400
690.876000,1310.2640
691.126000,1308.9280
691.376000,1309.5120
691.626000,1309.5040
691.876000,1306.5120
692.126000,1308.5360
692.376000,1308.4080
692.626000,1309.3760
692.876000,1309.7280
693.126000,1309.4960
693.376000,1308.7440
693.626000,1309.0960
693.876000,1309.3680
694.126000,1307.8000
694.376000,1308.9920
694.626000,1308.7680
694.876000,1308.9840
695.126000,1309.0080
695.376000,1308.5520
695.626000,1308.7440
695.876000,1308.9760
696.126000,1309.9600
696.376000,1310.1440
696.626000,1309.1520
696.876000,1310.7200
697.126000,1310.8320
697.376000,1309.9040
697.626000,1311.3520
697.876000,1310.5760
698.126000,1310.6720
698.376000,1311.5520
698.626000,1310.7200
698.876000,1311.4080
699.126000,1311.7760
699.376000,1312.1520
699.626000,1311.3520
699.876000,1311.2320
700.126000,1310.7760
700.376000,1311.4800
700.626000,1311.6000
700.876000,1312.5680
701.126000,1311.3360
701.376000,1311.4800
701.626000,1311.5760
701.876000,1310.2400
702.126000,1311.1120
702.376000,1309.9360
702.626000,1309.7280
702.876000,1310.5040
703.126000,1311.0960
703.376000,1310.7120
703.626000,1310.7440
703.876000,1309.6880
704.126000,1309.2720
704.376000,1308.6880
704.626000,1310.4800
704.876000,1308.9680
705.126000,1309.5360
705.376001,1309.1680
705.626000,1309.3520
705.876000,1309.8080
706.126000,1310.0800
706.376000,1309.5920
706.626000,1309.4320
706.876000,1308.9760
707.126000,1309.3520
707.376000,1310.2480
707.626000,1310.4800
707.876000,1310.4720
708.126000,1310.3040
708.376000,1309.4880
708.626000,1309.3440
708.876000,1310.2160
709.126000,1309.6800
709.376000,1311.4720
709.626000,1310.2640
709.876000,1309.8880
710.126000,1309.4960
710.376000,1309.9760
710.626000,1309.6240
710.876000,1309.9920
711.126000,1309.5360
711.376000,1309.1360
711.626000,1309.1120
711.876000,1308.5680
712.126000,1307.8400
712.376000,1307.3440
712.626000,1306.2800
712.876000,1305.2000
713.126000,1304.6960
713.376000,1303.9760
713.626000,1303.4640
713.876000,1303.9600
714.126000,1304.0560
714.376000,1304.8480
714.626000,1304.5600
714.876000,1304.7840
715.126000,1305.3840
715.376000,1305.3360
715.626000,1305.8880
715.876000,1305.3760
716.126000,1304.6240
716.376000,1305.2320
716.626000,1305.9200
716.876000,1306.9040
717.126000,1304.3520
717.376000,1305.2320
717.626000,1305.3360
717.876000,1305.5600
718.126000,1305.8240
718.376000,1305.5600
718.626000,1305.6960
718.876000,1305.7360
719.126000,1305.6560
719.376000,1309.2480
719.626000,1305.2080
719.876000,1304.9760
720.126000,1304.4480
720.376000,1304.5360
720.626000,1303.9200
720.876000,1304.2160
721.126000,1303.4160
721.376000,1303.5360
721.626000,1303.6000
721.876000,1302.2720
722.126001,1302.1840
722.376000,1303.5360
722.626000,1303.3680
722.876000,1303.4000
723.126000,1303.4560
723.376000,1303.7680
723.626000,1303.8480
723.876000,1303.1840
724.126000,1302.3840
724.376000,1315.6640
724.626000,1438.2800
724.876000,1564.3440
725.126000,1705.5920
725.376000,1737.7280
725.626000,1805.5040
725.876000,1824.5280
726.126000,1882.6240
726.376000,1862.7680
726.626000,1891.4080
726.876000,1980.1520
727.126000,2030.3680
727.376000,2087.2160
727.626000,2134.3520
727.876000,2142.5760
728.126000,2159.9520
728.376000,2188.0240
728.626000,2175.6640
728.876000,2215.1040
729.126000,2261.7600
729.376000,2252.7840
729.626000,2295.5760
729.876000,2318.6320
730.126000,2326.8400
730.376000,2338.7680
730.626000,2365.5200
730.876000,2360.6800
731.126000,2386.5680
731.376000,2405.8480
731.626000,2406.5520
731.876000,2435.1840
732.126000,2444.1440
732.376000,2442.9280
732.626000,2431.6800
732.876000,2422.7760
733.126000,2420.4160
733.376000,2419.3040
733.626000,2439.2400
733.876000,2444.0720
734.126000,2440.0320
734.376000,2436.0080
734.626000,2426.4160
734.876000,2438.8160
735.126000,2461.1600
735.376000,2458.2240
735.626000,2454.6880
735.876000,2458.4880
736.126000,2446.9680
736.376000,2452.3840
736.626000,2449.1440
736.876000,2436.5520
737.126000,2442.8800
737.376000,2442.4720
737.626000,2457.1760
737.876000,2461.4320
738.126000,2462.7360
738.376000,2462.8480
738.626000,2463.9280
738.876000,2465.4480
739.126000,2465.4960
739.376000,2466.8160
739.626000,2478.7280
739.876000,2481.0480
740.126000,2484.1200
740.376000,2485.5600
740.626000,2487.5520
740.876000,2486.5920
741.126000,2484.7280
741.376000,2485.2320
741.626000,2485.3040
741.876000,2490.4720
742.126000,2485.9760
742.376000,2487.7600
742.626000,2469.0320
742.876000,2439.5440
743.126001,2426.2240
743.376000,2398.6320
743.626000,2420.4880
743.876000,2396.6800
744.126000,2409.4400
744.376000,2405.9360
744.626000,2445.3040
744.876000,2385.8560
745.126000,2375.0960
745.376000,2364.3440
745.626000,2356.0080
745.876000,2358.7040
746.126000,2259.8400
746.376000,2263.2720
746.626000,2242.0400
746.876000,2247.5920
747.126000,2232.9440
747.376000,2238.0400
747.626000,2249.3920
747.876000,2242.1760
748.126000,2267.2160
748.376000,2304.4480
748.626000,2285.4400
748.876000,2288.8560
749.126000,2288.0000
749.376000,2287.4720
749.626000,2240.3920
749.876000,2236.9840
750.126000,2245.9200
750.376000,2253.5840
750.626000,2253.5280
750.876000,2257.3040
751.126000,2256.7680
751.376000,2252.6800
751.626000,2253.7600
751.876000,2251.5200
752.126001,2252.4960
752.376000,2248.3040
752.626000,2234.8000
752.876000,2179.3520
753.126000,2151.4640
753.376000,2094.4240
753.626000,2076.6800
753.876000,2057.6400
754.126000,2050.0640
754.376001,2056.5280
754.626000,2066.1200
754.876000,2065.4400
755.126000,2078.5120
755.376000,2080.9680
755.626000,2078.7680
755.876000,2053.8480
756.126000,2079.7200
756.376000,2069.5840
756.626000,2081.7280
756.876000,2078.3840
757.126000,2074.1200
757.376000,2090.4240
757.626000,2103.2480
757.876000,2149.7120
758.126000,2097.1440
758.376000,2073.1360
758.626000,2056.8560
758.876000,2059.8960
759.126000,2057.1920
759.376000,2061.5280
759.626000,2064.9440
759.876000,2058.8800
760.126000,2082.4880
760.376000,2068.6560
760.626000,2048.2800
760.876000,2078.4240
761.126000,2109.7680
761.376000,2113.8880
761.626000,2118.4720
761.876000,2107.7920
762.126000,2096.6640
762.376000,2093.6880
762.626000,2079.0320
762.876000,2057.4560
763.126000,2052.9680
763.376000,2051.9360
763.626000,2081.0000
763.876000,2101.8000
764.126000,2108.0880
764.376000,2081.2160
764.626000,2105.8560
764.876000,2119.7920
765.126000,2121.2480
765.376000,2087.8400
765.626000,2085.5040
765.876000,2117.1280
766.126000,2129.9120
766.376000,2127.5680
766.626000,2112.9920
766.876000,2108.9600
767.126000,2109.3840
767.376000,2087.4240
767.626000,2070.1520
767.876000,2092.1680
768.126000,2104.9200
768.376000,2097.1920
768.626000,1999.9520
768.876000,2049.5360
769.126000,2095.6640
769.376000,2097.0000
769.626000,2091.7600
769.876000,2083.3360
770.126000,2085.1360
770.376000,2076.9200
770.626000,2075.8720
770.876000,2083.9040
771.126000,2085.9440
771.376000,2070.1760
771.626000,1991.9520
771.876000,1916.4400
772.126000,1778.7200
772.376000,1697.5040
772.626000,1544.5280
772.876000,1449.8400
773.126000,1464.2160
773.376000,1402.7680
773.626000,1328.5920
773.876000,1164.8320
774.126000,1128.0400
774.376000,1134.9840
774.626000,1315.1600
774.876000,1484.6720
775.126000,1561.6800
775.376000,1802.5360
775.626000,1732.3760
775.876000,1655.5440
776.126000,1547.9040
776.376000,1518.6320
776.626000,1653.2800
776.876000,1891.3920
777.126000,1893.1840
777.376000,1707.3920
777.626000,1573.0960
777.876000,1383.6560
778.126000,1397.4160
778.376000,1359.0000
778.626000,1391.8480
778.876000,1297.3440
779.126000,1288.6080
779.376000,1314.2160
779.626000,1288.2240
779.876000,1254.6640
780.126000,1245.2320
780.376000,1304.6320
780.626000,1380.9520
780.876000,1436.9920
781.126000,1607.8880
781.376000,1715.2880
781.626000,1737.7280
781.876000,1607.9120
782.126000,1660.6880
782.376000,1531.3680
782.626000,1417.5680
782.876000,1421.2320
783.126000,1383.2560
783.376000,1315.5280
783.626000,1312.4800
783.876000,1314.9520
784.126000,1320.5920
784.376000,1325.0000
784.626000,1303.9840
784.876000,1313.5680
785.126000,1297.9440
785.376000,1215.5120
785.626000,1299.4880
785.876000,1206.3120
786.126000,1226.4880
786.376000,1234.2160
786.626000,1245.5360
786.876000,1259.7040
787.126000,1265.1360
787.376000,1271.4400
787.626000,1271.8960
787.876000,1275.8640
788.126000,1277.3280
788.376000,1285.6000
788.626000,1284.6560
788.876000,1290.5440
789.126000,1286.6400
789.376000,1281.7840
789.626000,1292.9440
789.876000,1291.6960
790.126000,1293.7440
790.376000,1294.0720
790.626000,1293.4800
790.876000,1293.7920
791.126000,1293.6960
791.376000,1294.9280
791.626000,1294.6880
791.876000,1294.9760
792.126001,1295.6000
792.376000,1295.9040
792.626000,1295.4480
792.876000,1296.2480
793.126000,1296.3280
793.376000,1297.3200
793.626000,1298.7360
793.876000,1299.0240
794.126000,1300.1520
794.376000,1300.0400
794.626000,1299.9280
794.876000,1302.9520
795.126000,1303.3520
795.376000,1304.2320
795.626000,1305.1040
795.876000,1305.7360
796.126000,1307.0880
796.376000,1307.8960
796.626000,1307.5920
796.876000,1307.0560
797.126000,1307.4800
797.376000,1307.0240
797.626000,1308.4640
797.876000,1309.1760
798.126000,1310.7120
798.376000,1309.6320
798.626000,1309.5600
798.876000,1310.7360
799.126000,1311.0320
799.376000,1311.2320
799.626000,1311.3440
799.876000,1311.3680
800.126000,1312.0800
800.376000,1312.2480
800.626000,1312.8880
800.876000,1312.4080
801.126000,1312.5280
801.376000,1311.4800
801.626000,1311.3600
801.876000,1312.1200
802.126000,1312.0640
802.376000,1311.8480
802.626000,1311.2720
802.876000,1310.1600
803.126000,1309.7520
803.376000,1308.2000
803.626000,1308.1280
803.876000,1307.7920
804.126000,1307.4560
804.376000,1307.9840
804.626000,1307.2800
804.876000,1308.2400
805.126000,1307.6000
805.376000,1308.6480
805.626000,1308.7440
805.876000,1308.6320
806.126000,1309.3360
806.376000,1309.8160
806.626000,1310.1200
806.876000,1310.3200
807.126000,1309.6000
807.376000,1309.6400
807.626000,1311.6480
807.876000,1311.7440
808.126000,1311.8160
808.376000,1313.6160
808.626000,1314.2640
808.876000,1313.8640
809.126000,1314.5360
809.376000,1313.2880
809.626000,1312.7760
809.876000,1315.3840
810.126000,1314.3760
810.376000,1314.1680
810.626000,1314.1920
810.876000,1314.3040
811.126000,1315.1120
811.376000,1314.6880
811.626000,1314.0640
811.876000,1313.2160
812.126000,1314.1040
812.376000,1311.7920
812.626000,1312.6240
812.876000,1312.3040
813.126000,1312.5840
813.376000,1313.0480
813.626000,1312.9200
813.876000,1310.1840
814.126000,1294.1920
814.376000,1294.1360
814.626000,1294.2880
814.876000,1293.1920
815.126000,1292.5520
815.376000,1292.3840
815.626000,1292.3360
815.876000,1292.4480
816.126001,1292.0160
816.376000,1290.8880
816.626000,1291.0640
816.876000,1290.7600
817.126000,1289.6080
817.376000,1291.9440
817.626000,1290.0960
817.876000,1290.2160
818.126000,1290.6960
818.376000,1289.5280
818.626000,1290.2640
818.876000,1290.3280
819.126000,1290.7680
819.376000,1290.1360
819.626000,1290.1520
819.876000,1289.3120
820.126000,1290.0480
820.376000,1289.2480
820.626000,1288.7440
820.876000,1288.8000
821.126000,1288.8160
821.376000,1288.8480
821.626000,1289.3040
821.876000,1289.1200
822.126000,1289.6640
822.376000,1288.9120
822.626000,1289.5840
822.876000,1289.7600
823.126000,1289.8640
823.376000,1292.1200
823.626000,1292.7040
823.876000,1292.5760
824.126000,1292.4240
824.376000,1292.0960
824.626000,1291.9120
824.876000,1291.0080
825.126000,1289.4560
825.376000,1289.6320
825.626000,1289.4480
825.876000,1289.6640
826.126000,1289.9840
826.376000,1289.3120
826.626000,1289.3840
826.876000,1290.5840
827.126000,1290.7680
827.376000,1290.8000
827.626001,1290.7440
827.876000,1291.3200
828.126000,1291.4400
828.376000,1292.1440
828.626000,1292.5120
828.876000,1293.7920
829.126000,1294.2000
829.376000,1294.4720
829.626000,1294.4240
829.876000,1294.1920
830.126000,1293.2720
830.376000,1294.4720
830.626000,1294.2720
830.876000,1294.0240
831.126000,1294.7200
831.376000,1293.8400
831.626000,1294.5920
831.876000,1294.6320
832.126000,1294.1040
832.376000,1294.2240
832.626000,1294.2640
832.876000,1294.0240
833.126000,1294.2000
833.376000,1294.5040
833.626000,1294.1200
833.876000,1294.9600
834.126000,1295.3360
834.376000,1294.1280
834.626000,1294.3840
834.876000,1294.2880
835.126000,1294.7840
835.376000,1293.5920
835.626000,1294.1760
835.876000,1294.3360
836.126000,1294.3440
836.376000,1294.0640
836.626000,1294.3920
836.876000,1294.4960
837.126000,1295.2880
837.376000,1294.7600
837.626000,1295.5440
837.876000,1295.3840
838.126000,1295.7600
838.376000,1295.1440
838.626000,1309.1920
838.876000,1309.0640
839.126000,1309.5920
839.376000,1308.8800
839.626000,1309.2720
839.876000,1309.4080
840.126000,1309.3520
840.376000,1308.7120
840.626001,1308.7680
840.876000,1309.2080
841.126000,1310.4320
841.376000,1311.2320
841.626000,1310.7680
841.876000,1310.6480
842.126000,1311.0000
842.376000,1310.5520
842.626000,1310.5840
842.876000,1309.5040
843.126000,1309.9760
843.376000,1310.7120
843.626000,1310.3200
843.876000,1309.8640
844.126000,1309.8880
844.376000,1311.0800
844.626000,1311.3760
844.876000,1311.1840
845.126000,1311.5520
845.376000,1311.2800
845.626000,1312.5120
845.876000,1316.1840
846.126000,1323.0960
846.376000,1323.5760
846.626000,1323.4000
846.876000,1323.4880
847.126000,1324.1520
847.376000,1325.9440
847.626000,1326.7920
847.876000,1326.9040
848.126000,1327.3520
848.376000,1327.0240
848.626000,1326.6080
848.876001,1327.3040
849.126000,1326.3120
849.376000,1327.9760
849.626000,1328.3440
849.876000,1328.3120
850.126000,1328.2080
850.376000,1328.1920
850.626000,1328.2080
850.876000,1328.9040
851.126000,1328.0400
851.376000,1328.6160
851.626000,1328.4880
851.876000,1328.5440
852.126000,1329.7040
852.376000,1328.4320
852.626000,1327.9520
852.876000,1328.3760
853.126000,1328.6160
853.376000,1327.9760
853.626000,1328.4640
853.876000,1327.8240
854.126000,1328.2480
854.376000,1328.3120
854.626000,1329.2320
854.876000,1328.5120
855.126000,1329.3920
855.376000,1327.6240
855.626000,1329.6720
855.876000,1327.2000
856.126000,1327.7120
856.376000,1327.9440
856.626000,1329.8720
856.876000,1328.2160
857.126000,1328.1840
857.376000,1327.1280
857.626000,1326.7520
857.876000,1326.9440
858.126000,1326.8000
858.376000,1327.4480
858.626000,1327.9760
858.876000,1328.3920
859.126000,1327.0640
859.376000,1327.6560
859.626000,1327.7840
859.876000,1327.3920
860.126000,1327.2880
860.376000,1327.6000
860.626000,1327.4640
860.876000,1326.7840
861.126000,1328.0080
861.376000,1328.0160
861.626000,1327.9520
861.876000,1328.1440
862.126000,1328.6960
862.376000,1328.2480
862.626000,1328.5280
862.876000,1330.3360
863.126000,1329.1680
863.376000,1329.6320
863.626000,1329.5200
863.876000,1329.1440
864.126000,1328.6480
864.376000,1330.1360
864.626000,1329.4560
864.876000,1329.9520
865.126000,1328.7680
865.376000,1329.4960
865.626000,1331.3360
865.876000,1331.3680
866.126000,1330.7200
866.376000,1331.5600
866.626000,1331.0080
866.876000,1330.0240
867.126000,1330.8400
867.376000,1330.5920
867.626000,1330.2960
867.876000,1330.5360
868.126000,1330.0320
868.376000,1329.8960
868.626000,1330.6720
868.876000,1330.3520
869.126000,1331.1360
869.376000,1332.0080
869.626000,1332.6720
869.876000,1332.5120
870.126000,1333.0400
870.376000,1333.2960
870.626000,1333.2160
870.876000,1333.0400
871.126000,1332.7600
871.376000,1332.1840
871.626000,1332.1200
871.876000,1333.9840
872.126000,1331.3200
872.376001,1333.1040
872.626000,1331.0320
872.876000,1331.7040
873.126000,1331.8080
873.376000,1332.4160
873.626000,1333.0400
873.876001,1332.2400
874.126000,1331.7600
874.376000,1332.2240
874.626000,1331.1280
874.876000,1331.5520
875.126000,1332.0320
875.376000,1331.8080
875.626000,1331.5280
875.876000,1331.9360
876.126000,1331.7280
876.376000,1334.0640
876.626000,1332.7360
876.876000,1332.3200
877.126000,1331.9440
877.376000,1333.3120
877.626000,1333.6400
877.876000,1332.7200
878.126000,1333.0160
878.376000,1332.9600
878.626000,1332.9520
878.876000,1333.2560
879.126000,1333.1920
879.376000,1332.9680
879.626000,1333.5840
879.876000,1333.1440
880.126000,1333.6400
880.376000,1332.9200
880.626000,1333.9120
880.876000,1332.5840
881.126000,1332.3440
881.376000,1333.2000
881.626000,1332.0560
881.876000,1332.2480
882.126000,1332.8640
882.376000,1333.8640
882.626000,1334.5760
882.876000,1333.3440
883.126000,1333.6000
883.376000,1333.9520
883.626000,1333.3920
883.876000,1332.7520
884.126000,1333.4400
884.376000,1331.8640
884.626000,1332.8240
884.876000,1331.9600
885.126000,1332.4160
885.376000,1332.6720
885.626000,1331.4640
885.876000,1331.2480
886.126000,1330.3040
886.376000,1329.0560
886.626000,1329.4640
886.876000,1329.4880
887.126000,1329.4640
887.376000,1329.3280
887.626000,1329.6160
887.876000,1329.6480
888.126000,1329.6960
888.376000,1330.7040
888.626000,1330.2880
888.876000,1330.6160
889.126000,1330.3600
889.376000,1329.7440
889.626000,1333.2560
889.876000,1416.8240
890.126000,1438.4400
890.376000,1492.3360
890.626001,1626.0080
890.876000,1747.3840
891.126000,1776.1520
891.376000,1747.9040
891.626000,1760.1280
891.876000,1792.1600
892.126000,1838.8720
892.376000,1811.4800
892.626000,1846.4960
892.876000,1937.5120
893.126000,1898.3840
893.376000,1918.4320
893.626000,1953.0320
893.876000,2004.5760
894.126001,2022.3280
894.376000,2053.7920
894.626000,2111.4080
894.876000,2117.5680
895.126000,2159.0640
895.376000,2178.2320
895.626000,2183.5680
895.876000,2203.2080
896.126000,2208.0000
896.376000,2183.1520
896.626000,2169.4000
896.876000,2195.2640
897.126000,2192.0320
897.376000,2212.6080
897.626000,2266.7040
897.876000,2287.3920
898.126000,2300.9440
898.376000,2296.7360
898.626000,2307.8880
898.876000,2310.6560
899.126000,2310.9280
899.376000,2336.9760
899.626000,2333.0960
899.876000,2344.3120
900.126000,2341.8160
900.376000,2348.0960
900.626000,2356.6720
900.876000,2361.0160
901.126000,2360.9120
901.376000,2365.4640
901.626000,2365.4960
901.876000,2359.0640
902.126000,2360.7120
902.376000,2362.2240
902.626000,2373.7040
902.876000,2381.5440
903.126000,2388.8880
903.376000,2382.5920
903.626000,2382.1680
903.876000,2392.9120
904.126000,2394.6080
904.376000,2398.6080
904.626000,2397.7680
904.876000,2394.4320
905.126001,2403.9440
905.376000,2398.2640
905.626000,2398.6320
905.876000,2403.8720
906.126000,2410.4960
906.376000,2407.2640
906.626000,2386.6880
906.876000,2346.2240
907.126000,2304.4240
907.376000,2289.6480
907.626000,2268.1600
907.876000,2266.1920
908.126000,2255.9680
908.376000,2239.3360
908.626000,2249.2960
908.876000,2219.3440
909.126000,2194.7600
909.376000,2209.3040
909.626000,2230.5760
909.876000,2220.6240
910.126000,2214.2560
910.376000,2207.6080
910.626000,2213.6320
910.876000,2228.2800
911.126000,2252.6640
911.376000,2235.2960
911.626000,2159.1360
911.876000,2158.9120
912.126000,2171.7520
912.376000,2171.8800
912.626000,2204.7600
912.876000,2150.2240
913.126000,2141.4320
913.376000,2136.7680
913.626000,2142.0640
913.876000,2167.5360
914.126000,2208.6960
914.376000,2212.0640
914.626000,2218.2800
914.876000,2226.6080
915.126000,2240.1600
915.376000,2239.7200
915.626000,2232.5520
915.876001,2241.0080
916.126000,2226.1200
916.376000,2194.2400
916.626000,2176.4320
916.876000,2164.9840
917.126000,2153.4720
917.376000,2155.0800
917.626000,2182.6480
917.876000,2191.6800
918.126000,2223.4880
918.376000,2231.1440
918.626000,2215.0800
918.876000,2209.3520
919.126000,2210.6160
919.376000,2169.8960
919.626000,2164.6080
919.876000,2157.8800
920.126000,2162.7440
920.376000,2157.4160
920.626000,2140.7680
920.876000,2126.1360
921.126000,2140.9520
921.376000,2120.5760
921.626000,2119.9440
921.876000,2092.3840
922.126000,2067.9280
922.376000,2106.7280
922.626000,2063.5600
922.876000,2097.8960
923.126000,2115.6160
923.376000,2123.7840
923.626000,2116.6640
923.876000,2118.0480
924.126000,2086.3200
924.376000,2086.8160
924.626000,2080.4400
924.876000,2088.7760
925.126000,2107.7680
925.376000,2087.1040
925.626000,2105.0240
925.876000,2131.1200
926.126000,2100.4080
926.376000,2080.6400
926.626000,2084.9360
926.876000,2102.6480
927.126000,2113.1760
927.376000,2098.3520
927.626000,2101.1920
927.876000,2122.9360
928.126000,2062.7200
928.376000,2071.8160
928.626000,2109.1600
928.876000,2110.9600
929.126000,2047.8000
929.376000,2033.1280
929.626000,2048.5440
929.876000,2053.3600
930.126000,2063.0400
930.376000,2079.3280
930.626000,2046.0480
930.876000,2034.5280
931.126000,2036.3040
931.376000,2023.9440
931.626000,2014.7200
931.876000,2011.0640
932.126000,2040.2000
932.376000,2089.7840
932.626000,2123.1840
932.876000,2125.2480
933.126000,2111.4320
933.376000,2112.4400
933.626000,2112.3680
933.876000,2101.9680
934.126000,2121.3520
934.376000,2131.8240
934.626000,2125.3920
934.876000,2130.7760
935.126000,2133.7680
935.376000,2128.4000
935.626000,2128.6960
935.876000,2101.6880
936.126000,2094.0720
936.376000,2048.5920
936.626000,1984.6480
936.876000,1926.0800
937.126000,1850.3920
937.376000,1863.0880
937.626000,1807.5120
937.876000,1767.6880
938.126000,1776.9200
938.376000,1685.4400
938.626000,1593.1520
938.876000,1592.2480
939.126000,1581.6240
939.376000,1532.8160
939.626000,1539.1200
939.876000,1534.9440
940.126000,1571.2400
940.376000,1574.4880
940.626000,1526.3600
940.876000,1545.0960
941.126000,1590.1360
941.376000,1552.8320
941.626000,1513.3280
941.876000,1523.7200
942.126000,1530.2320
942.376000,1509.4960
942.626000,1469.6160
942.876000,1489.0400
943.126000,1514.1040
943.376000,1496.0880
943.626000,1460.2480
943.876000,1428.0080
944.126000,1445.6160
944.376000,1449.0000
944.626000,1452.2800
944.876000,1456.9360
945.126000,1490.7520
945.376000,1560.3040
945.626000,1624.4080
945.876000,1779.2080
946.126000,1868.8880
946.376000,1713.5040
946.626000,1539.6560
946.876000,1494.2080
947.126000,1498.3200
947.376000,1495.2480
947.626000,1485.4880
947.876000,1486.5360
948.126000,1482.7200
948.376000,1486.1600
948.626000,1487.8240
948.876000,1488.4800
949.126000,1476.4560
949.376000,1469.0880
949.626000,1490.4320
949.876000,1481.6000
950.126000,1459.5200
950.376000,1477.3600
950.626000,1484.0480
950.876000,1485.0000
951.126000,1483.9120
951.376000,1475.7280
951.626001,1378.8240
951.876001,1290.7680
952.126000,1212.0400
952.376000,1159.8400
952.626000,1183.2720
952.876000,1193.8400
953.126000,1208.6960
953.376000,1218.2160
953.626000,1221.4080
953.876000,1229.1520
954.126000,1243.5840
954.376000,1245.4000
954.626000,1252.5920
954.876000,1259.5760
955.126000,1264.4560
955.376000,1265.0240
955.626000,1269.8640
955.876000,1274.7920
956.126000,1278.2000
956.376000,1278.2640
956.626000,1280.0480
956.876000,1281.1680
957.126000,1280.7840
957.376000,1281.9120
957.626000,1281.7520
957.876000,1283.0640
958.126000,1283.5840
958.376000,1284.3280
958.626000,1284.9520
958.876000,1284.2560
959.126000,1287.1920
959.376000,1288.1280
959.626000,1289.1040
959.876000,1290.4960
960.126000,1292.0400
960.376000,1292.9440
960.626000,1294.0000
960.876000,1294.6400
961.126000,1294.3840
961.376000,1295.5600
961.626000,1296.1600
961.876000,1295.2960
962.126000,1295.8080
962.376000,1297.3760
962.626000,1298.1200
962.876000,1299.9440
963.126000,1299.4640
963.376000,1300.4160
963.626000,1300.3040
963.876000,1301.8320
964.126000,1302.0800
964.376000,1302.0080
964.626000,1301.8320
964.876000,1301.3760
965.126000,1301.4640
965.376000,1302.3360
965.626000,1300.8000
965.876000,1301.8960
966.126000,1303.0240
966.376000,1301.5760
966.626000,1303.3440
966.876000,1302.7200
967.126001,1303.5440
967.376000,1304.1120
967.626000,1304.7840
967.876000,1305.7040
968.126000,1304.8080
968.376000,1306.1840
968.626000,1305.4160
968.876000,1305.6240
969.126000,1307.9680
969.376000,1307.5840
969.626000,1307.2720
969.876000,1307.8000
970.126000,1307.1360
970.376000,1307.8880
970.626000,1308.5200
970.876000,1307.9840
971.126000,1307.1680
971.376000,1307.5440
971.626000,1309.1440
971.876000,1308.3760
972.126000,1309.8320
972.376000,1311.5840
972.626000,1310.9600
972.876000,1310.7440
973.126000,1311.8560
973.376000,1311.8880
973.626000,1311.6960
973.876000,1311.8240
974.126000,1312.0560
974.376000,1312.2160
974.626000,1312.0560
974.876000,1311.8640
975.126001,1312.1600
975.376000,1312.7440
975.626000,1313.6640
975.876000,1313.2080
976.126000,1312.7760
976.376000,1313.3520
976.626000,1312.5840
976.876000,1311.9760
977.126000,1312.2720
977.376000,1313.0240
977.626000,1312.9120
977.876000,1311.9840
978.126000,1312.9440
978.376000,1313.5040
978.626000,1314.1920
978.876000,1314.1040
979.126000,1314.1680
979.376000,1316.0080
979.626000,1316.0640
979.876000,1316.4400
980.126000,1317.3200
980.376000,1317.4800
980.626000,1317.7200
980.876000,1319.1040
981.126000,1319.3680
981.376000,1318.6960
981.626000,1321.1840
981.876000,1321.2400
982.126000,1321.0080
982.376000,1321.3680
982.626000,1321.0400
982.876000,1321.5840
983.126000,1322.0720
983.376000,1322.2400
983.626000,1323.5120
983.876000,1322.8800
984.126000,1323.4800
984.376000,1323.7040
984.626000,1323.8960
984.876000,1323.6080
985.126000,1323.2160
985.376000,1323.0640
985.626000,1323.3600
985.876000,1322.8000
986.126000,1322.6640
986.376000,1323.9600
986.626000,1322.4640
986.876000,1322.6080
987.126000,1322.1040
987.376000,1321.3440
987.626001,1321.3120
987.876000,1321.3600
988.126000,1319.6720
988.376000,1320.3760
988.626000,1320.1680
988.876000,1320.4320
989.126000,1320.6720
989.376000,1321.1600
989.626000,1321.2240
989.876000,1321.7120
990.126000,1321.2560
990.376000,1320.7440
990.626000,1319.9600
990.876000,1320.6880
991.126000,1320.9280
991.376000,1326.2160
991.626001,1328.4720
991.876000,1327.8480
992.126000,1328.0240
992.376000,1329.6800
992.626000,1329.5840
992.876000,1330.3040
993.126000,1330.5680
993.376000,1331.5440
993.626000,1331.3040
993.876000,1331.8400
994.126000,1331.8320
994.376000,1333.3840
994.626000,1333.4160
994.876000,1334.0080
995.126000,1334.5920
995.376000,1334.8000
995.626000,1334.9280
995.876000,1336.5440
996.126000,1337.0160
996.376000,1338.0320
996.626000,1338.3280
996.876000,1339.1520
997.126000,1339.6400
997.376000,1339.3760
997.626000,1340.0880
997.876000,1340.2080
998.126000,1339.9200
998.376000,1340.9440
998.626000,1340.1920
998.876000,1339.6960
999.126000,1339.9200
999.376000,1340.3840
999.626000,1340.4400
999.876000,1340.4560
1000.126000,1340.7600
1000.376000,1340.7600
1000.626000,1340.0960
1000.876000,1340.3760
1001.126000,1340.6080
1001.376000,1340.6640
1001.626000,1340.2720
1001.876000,1340.6240
1002.126000,1340.9360
1002.376000,1339.8080
1002.626000,1340.4000
1002.876000,1340.3280
1003.126000,1339.0720
1003.376000,1339.7120
1003.626000,1339.9760
1003.876000,1339.0800
1004.126000,1338.8640
1004.376000,1338.2160
1004.626000,1338.3280
1004.876000,1342.5040
1005.126000,1341.2560
1005.376000,1341.6160
1005.626000,1340.7200
1005.876000,1340.8080
1006.126000,1340.1840
1006.376000,1340.7920
1006.626000,1340.5840
1006.876000,1340.2640
1007.126000,1340.1680
1007.376000,1340.3120
1007.626000,1341.4720
1007.876000,1340.3600
1008.126000,1340.9040
1008.376000,1340.8240
1008.626000,1341.1760
1008.876000,1341.4160
1009.126000,1340.4320
1009.376000,1340.3280
1009.626000,1340.2640
1009.876000,1341.6960
1010.126000,1338.2560
1010.376000,1338.8480
1010.626000,1338.6960
1010.876000,1337.7840
1011.126000,1338.5040
1011.376000,1339.1760
1011.626000,1338.2560
1011.876000,1338.3040
1012.126000,1337.3040
1012.376000,1336.7760
1012.626000,1336.3440
1012.876000,1336.1200
1013.126000,1336.3360
1013.376000,1335.6000
1013.626000,1336.2080
1013.876000,1335.7120
1014.126000,1334.6320
1014.376000,1335.1600
1014.626000,1335.0320
1014.876000,1335.3760
1015.126000,1334.7760
1015.376000,1334.8320
1015.626000,1335.8000
1015.876000,1336.1440
1016.126000,1336.8640
1016.376000,1336.9680
1016.626000,1337.0480
1016.876000,1337.0160
1017.126000,1336.9280
1017.376000,1337.4400
1017.626000,1336.3120
1017.876000,1337.1440
1018.126000,1336.7600
1018.376000,1337.1440
1018.626000,1336.6240
1018.876000,1336.7120
1019.126000,1336.1840
1019.376000,1336.2800
1019.626000,1335.5840
1019.876000,1336.3840
1020.126000,1334.8480
1020.376000,1335.6560
1020.626000,1334.7920
1020.876000,1335.0400
1021.126000,1334.0000
1021.376000,1333.8160
1021.626000,1332.9280
1021.876000,1332.8560
1022.126000,1332.4720
1022.376000,1332.2560
1022.626000,1334.1440
1022.876000,1333.3840
1023.126000,1333.9600
1023.376000,1321.7520
1023.626000,1315.2800
1023.876000,1315.3920
1024.126000,1315.6240
1024.376000,1315.3440
1024.626000,1316.2640
1024.876000,1316.8240
1025.126001,1317.2800
1025.376000,1316.5040
1025.626000,1316.7760
1025.876000,1317.0080
1026.126000,1316.6480
1026.376000,1317.1280
1026.626000,1316.8240
1026.876000,1317.3440
1027.126000,1317.3120
1027.376000,1317.2080
1027.626000,1318.3440
1027.876000,1317.8720
1028.126000,1318.9120
1028.376000,1318.8240
1028.626000,1318.2160
1028.876000,1317.4320
1029.126000,1318.4000
1029.376000,1317.4960
1029.626001,1318.2880
1029.876000,1317.9440
1030.126000,1317.9120
1030.376001,1319.0640
1030.626000,1317.8400
1030.876000,1318.5040
1031.126000,1318.6080
1031.376000,1319.1760
1031.626000,1319.4640
1031.876000,1317.6400
1032.126000,1317.9680
1032.376000,1317.7200
1032.626000,1317.4240
1032.876000,1317.0880
1033.126000,1317.0400
1033.376000,1317.6240
1033.626000,1317.5760
1033.876000,1318.1040
1034.126000,1318.0800
1034.376000,1318.5920
1034.626000,1317.8080
1034.876000,1318.0400
1035.126000,1319.1840
1035.376000,1319.1760
1035.626000,1318.8640
1035.876000,1317.7600
1036.126000,1319.1920
1036.376000,1320.2480
1036.626000,1319.5360
1036.876000,1318.2480
1037.126000,1319.2480
1037.376000,1319.2560
1037.626000,1320.2000
1037.876000,1320.2720
1038.126000,1319.9760
1038.376000,1320.7520
1038.626000,1320.6640
1038.876000,1320.7120
1039.126000,1320.8000
1039.376000,1319.6720
1039.626000,1319.6240
1039.876000,1320.2720
1040.126000,1319.6800
1040.376000,1319.7920
1040.626000,1320.3920
1040.876000,1319.6400
1041.126000,1319.2800
1041.376000,1319.5920
1041.626000,1319.7520
1041.876000,1319.9600
1042.126000,1321.3840
1042.376000,1321.7760
1042.626000,1322.6160
1042.876000,1322.3760
1043.126000,1322.1440
1043.376000,1322.0720
1043.626000,1321.9280
1043.876000,1322.0000
1044.126000,1322.4480
1044.376000,1323.2000
1044.626000,1323.1760
1044.876000,1322.0080
1045.126000,1322.3520
1045.376000,1321.5760
1045.626000,1321.7440
1045.876000,1322.1600
1046.126001,1320.4400
1046.376000,1319.9040
1046.626000,1320.7760
1046.876000,1319.9440
1047.126000,1320.4320
1047.376000,1319.8960
1047.626000,1319.1600
1047.876000,1320.7120
1048.126000,1319.7520
1048.376000,1320.3440
1048.626000,1319.4720
1048.876000,1320.6720
1049.126000,1320.8400
1049.376000,1320.7760
1049.626000,1320.9360
1049.876000,1320.8640
1050.126000,1321.6800
1050.376000,1321.7760
1050.626000,1322.6880
1050.876001,1323.1040
1051.126000,1322.6160
1051.376000,1323.0640
1051.626000,1322.5040
1051.876000,1324.0720
1052.126000,1324.2720
1052.376000,1324.1120
1052.626000,1325.0960
1052.876000,1325.9520
1053.126000,1326.4960
1053.376000,1326.1120
1053.626000,1326.4800
1053.876000,1323.8960
1054.126000,1325.5440
1054.376000,1424.9280
1054.626000,1662.8720
1054.876000,1679.8080
1055.126000,1835.8080
1055.376000,1936.1520
1055.626000,1969.3520
1055.876000,1986.3440
1056.126000,2055.2160
1056.376000,2071.0640
1056.626000,2080.1760
1056.876000,2042.4000
1057.126000,2059.7840
1057.376000,2059.4240
1057.626000,2059.3920
1057.876000,2060.6480
1058.126000,2081.9840
1058.376000,2098.2000
1058.626000,2139.4640
1058.876000,2158.7120
1059.126000,2176.9360
1059.376000,2223.8080
1059.626000,2201.7680
1059.876000,2257.1360
1060.126000,2284.1360
1060.376000,2296.2400
1060.626000,2310.4800
1060.876000,2357.8640
1061.126000,2355.7520
1061.376000,2395.3840
1061.626000,2386.5600
1061.876000,2388.0560
1062.126000,2425.0640
1062.376000,2395.9280
1062.626001,2377.2640
1062.876000,2376.2320
1063.126000,2360.8640
1063.376000,2352.5280
1063.626000,2351.4240
1063.876000,2379.5600
1064.126000,2377.4480
1064.376000,2364.7440
1064.626000,2350.6320
1064.876000,2360.3760
1065.126000,2367.3120
1065.376000,2352.8720
1065.626000,2363.8400
1065.876000,2385.0000
1066.126000,2388.9600
1066.376000,2397.6320
1066.626000,2404.7760
1066.876000,2428.6240
1067.126000,2424.8560
1067.376000,2456.3280
1067.626000,2460.4000
1067.876000,2462.3440
1068.126000,2469.0640
1068.376000,2463.6800
1068.626000,2452.9280
1068.876000,2462.9680
1069.126000,2465.6800
1069.376000,2461.8640
1069.626000,2442.3760
1069.876000,2436.6640
1070.126000,2423.9120
1070.376000,2428.2560
1070.626000,2428.1040
1070.876000,2427.0480
1071.126000,2428.0480
1071.376000,2420.2240
1071.626000,2416.7600
1071.876000,2407.8000
1072.126000,2369.9440
1072.376000,2346.2640
1072.626000,2338.0720
1072.876000,2358.3040
1073.126000,2369.7280
1073.376000,2348.4560
1073.626000,2349.3200
1073.876000,2318.7200
1074.126000,2343.3120
1074.376000,2348.1520
1074.626000,2348.3520
1074.876000,2329.7360
1075.126000,2340.3840
1075.376000,2307.0480
1075.626000,2309.3520
1075.876000,2348.4080
1076.126000,2327.8320
1076.376000,2281.6800
1076.626000,2260.2960
1076.876000,2255.4880
1077.126000,2256.4160
1077.376000,2260.5360
1077.626000,2274.6880
1077.876000,2283.1120
1078.126000,2301.4960
1078.376000,2324.0240
1078.626000,2335.7120
1078.876000,2352.6320
1079.126000,2360.4160
1079.376000,2365.2000
1079.626000,2362.3920
1079.876000,2354.1680
1080.126000,2357.2000
1080.376000,2348.5280
1080.626000,2361.8160
1080.876000,2354.1440
1081.126000,2357.1120
1081.376000,2355.7920
1081.626000,2348.2640
1081.876000,2343.2240
1082.126000,2310.8000
1082.376000,2325.7840
1082.626000,2339.1840
1082.876000,2352.0080
1083.126000,2349.6080
1083.376000,2335.2400
1083.626000,2324.2160
1083.876000,2316.6240
1084.126000,2310.8880
1084.376000,2247.6720
1084.626000,2265.3760
1084.876000,2284.0480
1085.126000,2305.3120
1085.376000,2299.9520
1085.626000,2318.8160
1085.876000,2328.3440
1086.126000,2308.7360
1086.376001,2242.3600
1086.626000,2220.3200
1086.876000,2217.2480
1087.126000,2229.3520
1087.376000,2230.2160
1087.626000,2232.0960
1087.876000,2217.7200
1088.126000,2186.3840
1088.376000,2182.7840
1088.626000,2169.8720
1088.876000,2168.0640
1089.126000,2158.9760
1089.376000,2159.7040
1089.626000,2158.1760
1089.876000,2178.3680
1090.126000,2195.6640
1090.376000,2194.5920
1090.626000,2188.4560
1090.876000,2178.6720
1091.126000,2190.1600
1091.376000,2184.3200
1091.626000,2187.8800
1091.876000,2157.6320
1092.126000,2112.5120
1092.376000,2126.2400
1092.626000,2139.7360
1092.876000,2151.8800
1093.126000,2165.6240
1093.376000,2170.4240
1093.626000,2183.7040
1093.876000,2190.6320
1094.126000,2191.7840
1094.376000,2185.2080
1094.626000,2185.6400
1094.876000,2188.3360
1095.126000,2188.2080
1095.376000,2175.1680
1095.626000,2157.7600
1095.876001,2147.9280
1096.126000,2126.0400
1096.376000,2110.9360
1096.626000,2078.9920
1096.876000,2079.0320
1097.126000,2049.0880
1097.376000,2033.1920
1097.626000,2039.6960
1097.876000,2085.7680
1098.126000,2076.5600
1098.376000,2153.9840
1098.626000,2091.7600
1098.876000,1980.1520
1099.126000,1958.5600
1099.376000,1939.3760
1099.626000,1918.3520
1099.876000,1913.3200
1100.126000,1759.2400
1100.376000,1613.6160
1100.626000,1422.8960
1100.876000,1537.9600
1101.126000,1644.6400
1101.376000,1610.5840
1101.626000,1626.8240
1101.876000,1656.7840
1102.126000,1644.9760
1102.376000,1608.1120
1102.626000,1611.7120
1102.876000,1538.8560
1103.126000,1496.9440
1103.376000,1584.5600
1103.626000,1612.3680
1103.876000,1628.8560
1104.126000,1622.7680
1104.376000,1615.9680
1104.626000,1589.8400
1104.876000,1619.6800
1105.126000,1648.4400
1105.376000,1630.3680
1105.626000,1633.0640
1105.876000,1605.4800
1106.126000,1613.1040
1106.376000,1633.1840
1106.626000,1623.1600
1106.876001,1607.3440
1107.126000,1626.4960
1107.376000,1595.7360
1107.626000,1610.8400
1107.876000,1603.0880
1108.126000,1602.2000
1108.376000,1598.9280
1108.626000,1591.8400
1108.876000,1514.4720
1109.126000,1431.4720
1109.376000,1564.3920
1109.626000,1548.5920
1109.876000,1498.2560
1110.126000,1519.4800
1110.376000,1495.5040
1110.626000,1458.5760
1110.876000,1464.1840
1111.126000,1520.8560
1111.376000,1500.1440
1111.626000,1526.0800
1111.876000,1542.2320
1112.126000,1517.4880
1112.376000,1441.0800
1112.626000,1412.4880
1112.876000,1386.8240
1113.126000,1385.3440
1113.376000,1409.8880
1113.626000,1428.0000
1113.876000,1401.4960
1114.126000,1397.8320
1114.376000,1372.8000
1114.626000,1370.9360
1114.876000,1356.0400
1115.126000,1304.0240
1115.376000,1325.7120
1115.626000,1193.5520
1115.876000,1112.4480
1116.126000,1125.2880
1116.376000,1122.0880
1116.626000,1119.1680
1116.876000,1130.2480
1117.126000,1125.5520
1117.376000,1125.4400
1117.626000,1122.0880
1117.876000,1127.6240
1118.126000,1132.7200
1118.376000,1132.6480
1118.626000,1145.6960
1118.876000,1162.1600
1119.126000,1164.5040
1119.376000,1171.3120
1119.626000,1179.0400
1119.876000,1182.2400
1120.126000,1184.1040
1120.376000,1185.8400
1120.626000,1187.7680
1120.876000,1200.8800
1121.126000,1205.8480
1121.376000,1208.2800
1121.626000,1210.0880
1121.876000,1210.5280
1122.126000,1211.4000
1122.376000,1211.8800
1122.626000,1217.8400
1122.876000,1219.0240
1123.126000,1221.4800
1123.376000,1225.2720
1123.626000,1225.8240
1123.876000,1226.9520
1124.126000,1226.7360
1124.376000,1228.0640
1124.626000,1230.6480
1124.876000,1231.4880
1125.126000,1232.2080
1125.376000,1233.2480
1125.626000,1234.2480
1125.876000,1236.4960
1126.126000,1237.7040
1126.376000,1238.8160
1126.626000,1239.2720
1126.876000,1239.6480
1127.126000,1242.1920
1127.376000,1243.6800
1127.626000,1245.2640
1127.876000,1246.5440
1128.126000,1247.0880
1128.376000,1247.8080
1128.626000,1249.1200
1128.876000,1251.7120
1129.126000,1252.8880
1129.376000,1258.1440
1129.626000,1259.2800
1129.876001,1261.6880
1130.126000,1262.9440
1130.376000,1264.6560
1130.626000,1265.2480
1130.876000,1265.7440
1131.126000,1267.1920
1131.376000,1266.1600
1131.626000,1267.2880
1131.876000,1268.2560
1132.126000,1268.2720
1132.376000,1269.1840
1132.626000,1268.8880
1132.876000,1269.8400
1133.126000,1269.3680
1133.376000,1269.6320
1133.626000,1269.6400
1133.876000,1270.2560
1134.126000,1270.6160
1134.376000,1270.8080
1134.626000,1270.7600
1134.876000,1271.6400
1135.126000,1271.4080
1135.376000,1272.0320
1135.626000,1272.0720
1135.876000,1271.8640
1136.126000,1272.4640
1136.376000,1273.8000
1136.626000,1274.1600
1136.876000,1274.0080
1137.126000,1274.0720
1137.376000,1275.1360
1137.626000,1275.2640
1137.876000,1274.9200
1138.126000,1273.5440
1138.376000,1274.2640
1138.626000,1274.8480
1138.876000,1275.5280
1139.126000,1275.8080
1139.376000,1275.0800
1139.626000,1276.3600
1139.876000,1276.2080
1140.126000,1275.0880
1140.376000,1275.7040
1140.626000,1275.2800
1140.876000,1275.4240
1141.126000,1275.8080
1141.376000,1275.9440
1141.626000,1276.2400
1141.876000,1275.5440
1142.126000,1276.7680
1142.376000,1276.7920
1142.626000,1277.1760
1142.876001,1277.8240
1143.126000,1278.0320
1143.376000,1278.6560
1143.626000,1277.3920
1143.876000,1277.7840
1144.126000,1277.5440
1144.376000,1277.9840
1144.626000,1277.5520
1144.876000,1278.6400
1145.126000,1277.5840
1145.376000,1277.6080
1145.626000,1279.0880
1145.876000,1278.1360
1146.126000,1276.0480
1146.376000,1277.1840
1146.626000,1276.7200
1146.876000,1277.2080
1147.126000,1276.3920
1147.376000,1277.0480
1147.626000,1277.6320
1147.876000,1278.2000
1148.126000,1278.3280
1148.376000,1278.4160
1148.626000,1278.6880
1148.876000,1279.0640
1149.126000,1277.8880
1149.376000,1278.5280
1149.626000,1278.9520
1149.876000,1278.4000
1150.126000,1278.9040
1150.376000,1279.0400
1150.626000,1279.2000
1150.876000,1278.9920
1151.126000,1279.0560
1151.376000,1280.2800
1151.626000,1279.2080
1151.876000,1279.1920
1152.126000,1279.4640
1152.376000,1278.4640
1152.626000,1280.1680
1152.876000,1279.3920
1153.126000,1279.8240
1153.376000,1279.5520
1153.626000,1279.8480
1153.876000,1281.2240
1154.126000,1280.4720
1154.376000,1280.0080
1154.626000,1279.4240
1154.876000,1280.4960
1155.126000,1279.6160
1155.376000,1280.1840
1155.626000,1279.4960
1155.876000,1279.8320
1156.126000,1281.5760
1156.376000,1280.7600
1156.626000,1281.6320
1156.876000,1280.8080
1157.126000,1280.4000
1157.376000,1281.3600
1157.626000,1280.8400
1157.876000,1280.8480
1158.126000,1281.2080
1158.376000,1281.3360
1158.626000,1282.2160
1158.876000,1280.9120
1159.126000,1281.9680
1159.376000,1281.0160
1159.626000,1281.4640
1159.876000,1281.4320
1160.126000,1281.5520
1160.376000,1282.0240
1160.626000,1282.6160
1160.876000,1282.2240
1161.126000,1283.0320
1161.376000,1283.2720
1161.626000,1283.5040
1161.876000,1283.3280
1162.126000,1283.8240
1162.376000,1283.3600
1162.626000,1283.9600
1162.876000,1284.3440
1163.126000,1282.8480
1163.376000,1283.4080
1163.626000,1283.4800
1163.876000,1284.3760
1164.126000,1283.6240
1164.376000,1284.2240
1164.626000,1283.8720
1164.876000,1283.7600
1165.126000,1283.9760
1165.376000,1283.7120
1165.626000,1283.4720
1165.876000,1284.8800
1166.126000,1284.7920
1166.376000,1284.2640
1166.626000,1284.2960
1166.876000,1285.0400
1167.126000,1284.6240
1167.376000,1285.7200
1167.626000,1284.9920
1167.876000,1286.8000
1168.126000,1285.4560
1168.376000,1285.1760
1168.626000,1284.1680
1168.876000,1285.0080
1169.126000,1284.9280
1169.376000,1286.4400
1169.626000,1285.9600
1169.876000,1284.8080
1170.126000,1285.7360
1170.376000,1286.6000
1170.626000,1285.5920
1170.876000,1287.6240
1171.126000,1285.5680
1171.376000,1286.0480
1171.626000,1286.9520
1171.876000,1287.0000
1172.126000,1286.6320
1172.376000,1287.0720
1172.626000,1287.4560
1172.876000,1286.4720
1173.126000,1286.5360
1173.376000,1286.9600
1173.626000,1286.4160
1173.876000,1287.3280
1174.126000,1287.7760
1174.376000,1287.8880
1174.626000,1289.1440
1174.876000,1288.5920
1175.126000,1288.5280
1175.376000,1287.7200
1175.626000,1287.9520
1175.876000,1288.4560
1176.126000,1287.8400
1176.376000,1287.7840
1176.626000,1288.0160
1176.876000,1287.7120
1177.126000,1287.4880
1177.376000,1287.6640
1177.626000,1287.7760
1177.876000,1289.3760
1178.126000,1288.2880
1178.376000,1288.4240
1178.626000,1287.9360
1178.876000,1288.0800
1179.126000,1288.6400
1179.376000,1289.0400
1179.626000,1288.1040
1179.876000,1288.7520
1180.126000,1288.8560
1180.376000,1288.8880
1180.626000,1288.6320
1180.876000,1289.2560
1181.126000,1290.6800
1181.376000,1289.4880
1181.626000,1288.9920
1181.876000,1289.2000
1182.126000,1289.6480
1182.376000,1289.4000
1182.626000,1290.9200
1182.876000,1290.0320
1183.126000,1290.2640
1183.376000,1290.4640
1183.626000,1290.1760
1183.876000,1290.5120
1184.126000,1289.8160
1184.376000,1289.7920
1184.626000,1290.3520
1184.876000,1290.6320
1185.126000,1291.3760
1185.376000,1290.4640
1185.626000,1290.1120
1185.876000,1291.2640
1186.126000,1289.9680
1186.376000,1290.5840
1186.626000,1290.9520
1186.876000,1290.5360
1187.126000,1290.5680
1187.376000,1290.3440
1187.626000,1299.1040
1187.876000,1307.5600
1188.126000,1308.2560
1188.376000,1308.6560
1188.626000,1308.8640
1188.876000,1309.2000
1189.126000,1308.7200
1189.376000,1308.9920
1189.626000,1309.1200
1189.876000,1308.6720
1190.126000,1309.0240
1190.376000,1308.9520
1190.626000,1309.2240
1190.876000,1308.7200
1191.126000,1308.6800
1191.376000,1309.7520
1191.626001,1310.9680
1191.876000,1311.8160
1192.126000,1312.8160
1192.376000,1313.2320
1192.626000,1313.3200
1192.876000,1313.7280
1193.126000,1315.3840
1193.376000,1315.4000
1193.626000,1314.5360
1193.876000,1315.8640
1194.126000,1314.8000
1194.376000,1315.0880
1194.626000,1314.7120
1194.876000,1315.0640
1195.126000,1315.5760
1195.376000,1316.1440
1195.626000,1316.1120
1195.876000,1316.4480
1196.126000,1316.1920
1196.376000,1316.1200
1196.626000,1316.3280
1196.876000,1316.8240
1197.126000,1316.1840
1197.376000,1316.6000
1197.626000,1316.8880
1197.876000,1316.8160
1198.126000,1316.9920
1198.376000,1317.0000
1198.626000,1316.6080
1198.876000,1315.9680
1199.126000,1316.5920
1199.376000,1316.9680
1199.626000,1315.5600
1199.876000,1316.2000
1200.126000,1315.7120
1200.376000,1315.0320
1200.626000,1315.5280
1200.876000,1315.8000
1201.126000,1315.7200
1201.376000,1315.4880
1201.626000,1315.3600
1201.876000,1314.6080
1202.126000,1314.8080
1202.376000,1315.8080
1202.626000,1315.7120
1202.876000,1315.5120
1203.126000,1315.4000
1203.376000,1316.0240
1203.626000,1315.7200
1203.876000,1316.0160
1204.126000,1315.6800
1204.376000,1315.0880
1204.626000,1315.6480
1204.876000,1315.3760
1205.126000,1315.7120
1205.376000,1315.6960
1205.626000,1315.5680
1205.876000,1316.2080
1206.126000,1315.5360
1206.376000,1315.0160
1206.626000,1316.4000
1206.876000,1316.0400
1207.126000,1315.4000
1207.376000,1315.8880
1207.626000,1316.0800
1207.876000,1315.4000
1208.126000,1315.5200
1208.376000,1315.3840
1208.626000,1314.4320
1208.876000,1314.0000
1209.126000,1315.0960
1209.376000,1313.8880
1209.626000,1315.2320
1209.876000,1314.0480
1210.126000,1314.5680
1210.376000,1314.4320
1210.626000,1314.9440
1210.876000,1314.9280
1211.126000,1314.7280
1211.376000,1314.5200
1211.626000,1314.2000
1211.876000,1313.8640
1212.126000,1314.6000
1212.376000,1315.0880
1212.626000,1314.8000
1212.876000,1314.9120
1213.126000,1314.9840
1213.376000,1315.4000
1213.626000,1315.0480
1213.876000,1314.8000
1214.126000,1315.3600
1214.376000,1315.1840
1214.626000,1313.8240
1214.876000,1314.8400
