t_s,uc
0.126000,1416.1840
0.376000,1416.7680
0.626000,1415.3600
0.876000,1415.7680
1.126000,1415.7040
1.376000,1414.4480
1.626000,1413.4000
1.876000,1414.0960
2.126000,1414.3520
2.376000,1414.8640
2.626000,1414.4720
2.876000,1413.8960
3.126000,1414.1440
3.376000,1413.1280
3.626000,1413.3360
3.876000,1413.2800
4.126000,1413.7040
4.376000,1413.5920
4.626000,1413.1280
4.876000,1412.2800
5.126000,1412.3600
5.376000,1413.8160
5.626000,1412.3120
5.876000,1412.5920
6.126000,1412.7760
6.376000,1412.0480
6.626000,1411.0720
6.876000,1411.1200
7.126000,1412.4480
7.376000,1412.2800
7.626000,1410.5760
7.876000,1410.5920
8.126000,1410.6320
8.376000,1411.0160
8.626000,1410.0800
8.876000,1409.2240
9.126000,1409.3040
9.376000,1409.4560
9.626000,1409.4640
9.876000,1409.6400
10.126000,1410.0080
10.376000,1409.7520
10.626000,1409.4960
10.876000,1409.7280
11.126000,1410.0720
11.376000,1414.0720
11.626000,1417.9040
11.876000,1418.0320
12.126000,1417.6720
12.376000,1417.8640
12.626000,1417.7600
12.876000,1418.0800
13.126000,1417.5200
13.376000,1417.9680
13.626000,1417.6560
13.876000,1417.2400
14.126000,1417.6240
14.376000,1417.4000
14.626000,1417.8960
14.876000,1417.6800
15.126000,1417.4000
15.376000,1417.4160
15.626000,1417.4400
15.876000,1415.8720
16.126000,1416.5760
16.376000,1416.9360
16.626000,1416.6160
16.876000,1415.9840
17.126000,1416.3280
17.376000,1416.1760
17.626000,1416.1200
17.876000,1416.3360
18.126000,1415.8240
18.376000,1415.7760
18.626000,1416.6000
18.876000,1416.0960
19.126000,1415.4080
19.376000,1414.5120
19.626000,1414.2560
19.876000,1414.0240
20.126000,1414.5120
20.376000,1413.6560
20.626000,1413.7440
20.876000,1413.6960
21.126000,1413.4880
21.376000,1413.2240
21.626000,1413.8800
21.876000,1413.6160
22.126000,1413.4320
22.376000,1413.4720
22.626000,1414.1440
22.876000,1413.7760
23.126000,1413.7040
23.376000,1413.6880
23.626000,1413.7120
23.876000,1413.2960
24.126000,1412.9440
24.376000,1413.5760
24.626000,1413.8720
24.876000,1412.4800
25.126000,1411.8800
25.376000,1412.6480
25.626000,1412.2720
25.876000,1411.8960
26.126000,1411.9440
26.376000,1412.7680
26.626000,1412.3600
26.876000,1412.5120
27.126000,1412.3360
27.376000,1413.7760
27.626000,1411.7280
27.876000,1411.9280
28.126000,1412.5200
28.376000,1412.2000
28.626000,1411.9760
28.876000,1411.9360
29.126000,1411.8960
29.376000,1411.2880
29.626000,1411.1280
29.876000,1411.6480
30.126000,1412.3840
30.376000,1411.5120
30.626000,1411.1120
30.876000,1411.2320
31.126000,1410.7280
31.376000,1410.4480
31.626000,1411.2720
31.876000,1410.6000
32.126001,1409.8320
32.376000,1410.2080
32.626000,1410.1200
32.876000,1409.8640
33.126000,1408.8960
33.376000,1408.7840
33.626000,1409.2640
33.876000,1409.1360
34.126000,1409.5200
34.376000,1408.3200
34.626000,1408.4160
34.876000,1408.3040
35.126000,1407.4000
35.376000,1407.2480
35.626000,1407.1520
35.876000,1408.0000
36.126000,1407.1920
36.376000,1407.2640
36.626000,1407.5920
36.876000,1407.7680
37.126000,1407.6800
37.376000,1407.2240
37.626000,1407.4800
37.876000,1406.2400
38.126000,1406.3040
38.376000,1404.7120
38.626000,1405.7040
38.876000,1405.8320
39.126000,1405.3920
39.376000,1404.8800
39.626000,1403.8880
39.876000,1403.6880
40.126000,1404.2080
40.376000,1403.5280
40.626000,1403.3040
40.876000,1403.1360
41.126000,1402.6000
41.376000,1402.4240
41.626000,1401.7280
41.876000,1400.8800
42.126000,1401.4480
42.376000,1401.3360
42.626000,1401.6400
42.876000,1401.0000
43.126000,1402.8720
43.376000,1400.1760
43.626000,1401.0400
43.876000,1401.3040
44.126000,1400.7440
44.376000,1400.6000
44.626000,1401.0160
44.876000,1400.6960
45.126000,1400.5680
45.376000,1400.4000
45.626000,1400.4480
45.876000,1400.6080
46.126000,1400.3280
46.376000,1400.4720
46.626000,1399.8880
46.876000,1399.6160
47.126000,1399.1440
47.376000,1400.1520
47.626000,1399.3120
47.876000,1397.6640
48.126000,1397.5120
48.376000,1397.6800
48.626000,1397.7840
48.876000,1397.0320
49.126000,1396.6320
49.376000,1397.1120
49.626000,1395.0720
49.876000,1388.2560
50.126000,1384.9360
50.376000,1385.4240
50.626000,1383.6480
50.876000,1383.6800
51.126000,1381.8560
51.376000,1379.0320
51.626000,1377.4000
51.876001,1371.1760
52.126000,1369.6720
52.376000,1367.3760
52.626000,1366.8800
52.876000,1364.9520
53.126000,1367.2000
53.376001,1367.1440
53.626000,1366.8800
53.876000,1367.0080
54.126000,1367.6400
54.376000,1367.4880
54.626000,1367.5760
54.876000,1367.0800
55.126000,1366.6320
55.376000,1366.4080
55.626000,1366.6800
55.876000,1366.8160
56.126000,1366.8240
56.376000,1367.1040
56.626000,1366.8560
56.876000,1366.0960
57.126000,1365.0160
57.376000,1364.6400
57.626000,1365.7200
57.876000,1362.5680
58.126000,1359.9440
58.376000,1360.0400
58.626000,1359.9840
58.876000,1359.8000
59.126000,1359.8160
59.376000,1359.6160
59.626000,1359.4000
59.876000,1359.3200
60.126000,1357.1040
60.376000,1349.4160
60.626000,1342.8400
60.876000,1341.8720
61.126000,1341.0000
61.376000,1340.1760
61.626000,1338.4000
61.876000,1338.6080
62.126000,1338.5040
62.376000,1339.7760
62.626000,1338.4480
62.876000,1337.6480
63.126000,1337.3120
63.376000,1337.3360
63.626000,1336.5680
63.876000,1337.2080
64.126000,1337.2320
64.376000,1337.5680
64.626000,1387.5120
64.876000,1480.5840
65.126000,1505.5760
65.376000,1634.5120
65.626000,1666.8080
65.876000,1766.5600
66.126000,1767.1440
66.376000,1836.9520
66.626000,1888.9200
66.876000,1905.5040
67.126000,1907.8000
67.376000,1939.1120
67.626000,1918.0880
67.876000,1930.6960
68.126000,1968.0960
68.376000,1940.4480
68.626000,1992.4640
68.876000,1929.0960
69.126000,1983.4960
69.376000,1982.2640
69.626000,1973.4000
69.876000,1963.9920
70.126000,1900.0400
70.376000,1972.4320
70.626000,1986.2400
70.876000,2023.2000
71.126000,2070.9760
71.376000,2151.3840
71.626000,2151.6720
71.876000,2137.8240
72.126000,2161.7680
72.376000,2177.5280
72.626000,2244.1520
72.876000,2213.2240
73.126000,2220.1760
73.376000,2235.3120
73.626000,2241.3200
73.876000,2236.9440
74.126000,2243.1360
74.376000,2244.5120
74.626000,2246.9200
74.876000,2257.2240
75.126000,2254.4400
75.376000,2255.8320
75.626001,2252.0960
75.876000,2256.9120
76.126000,2269.7280
76.376000,2299.0480
76.626000,2280.3760
76.876000,2279.4640
77.126000,2283.5840
77.376000,2275.6800
77.626000,2272.7840
77.876000,2282.4800
78.126000,2292.3120
78.376000,2280.6720
78.626000,2295.6720
78.876000,2305.1440
79.126000,2299.4720
79.376000,2299.9360
79.626000,2313.0800
79.876000,2317.6080
80.126000,2324.1360
80.376000,2323.3520
80.626000,2315.2400
80.876000,2290.9040
81.126000,2309.6960
81.376000,2317.0560
81.626000,2323.2960
81.876000,2328.6320
82.126000,2331.8320
82.376000,2328.7280
82.626000,2330.9920
82.876000,2332.0000
83.126000,2323.5120
83.376000,2328.7440
83.626000,2323.9280
83.876000,2321.5680
84.126000,2317.7120
84.376000,2317.4160
84.626000,2314.1840
84.876000,2308.0080
85.126000,2294.0800
85.376000,2307.6720
85.626000,2307.3280
85.876000,2309.5680
86.126000,2307.4960
86.376000,2314.8800
86.626000,2316.1440
86.876000,2321.9120
87.126000,2325.1680
87.376000,2326.4320
87.626000,2325.9280
87.876000,2324.5120
88.126000,2329.2320
88.376000,2326.4240
88.626000,2327.8080
88.876000,2327.0080
89.126000,2326.3280
89.376000,2326.1920
89.626000,2329.2000
89.876000,2327.9440
90.126000,2324.9760
90.376000,2328.4080
90.626000,2332.6400
90.876000,2331.3840
91.126000,2328.9840
91.376000,2328.7360
91.626000,2322.3920
91.876000,2325.0160
92.126000,2327.8400
92.376000,2328.7280
92.626000,2320.4960
92.876000,2326.8960
93.126000,2328.7520
93.376000,2332.3440
93.626000,2334.5440
93.876000,2323.7520
94.126000,2338.4480
94.376000,2341.1600
94.626000,2335.9200
94.876000,2343.6400
95.126000,2347.2880
95.376000,2346.4640
95.626000,2352.9760
95.876000,2353.0400
96.126000,2348.2800
96.376000,2351.6560
96.626000,2347.6160
96.876000,2341.7360
97.126000,2341.1120
97.376000,2342.3520
97.626000,2343.1520
97.876000,2338.1680
98.126000,2341.3360
98.376000,2346.2240
98.626000,2351.4400
98.876000,2350.0320
99.126000,2348.5600
99.376000,2346.0240
99.626000,2343.3200
99.876000,2342.9840
100.126000,2344.0720
100.376000,2342.8400
100.626000,2343.3520
100.876000,2346.2000
101.126000,2348.7360
101.376000,2349.9360
101.626000,2356.6960
101.876000,2365.7120
102.126000,2364.7600
102.376000,2356.0000
102.626000,2351.4960
102.876000,2352.7520
103.126000,2351.9280
103.376000,2345.4640
103.626000,2350.9200
103.876000,2353.1520
104.126000,2351.7840
104.376000,2353.3840
104.626000,2353.7600
104.876000,2353.0800
105.126000,2352.3040
105.376000,2340.0480
105.626000,1780.7840
105.876000,1400.1920
106.126000,2033.1280
106.376000,1974.7120
106.626000,1694.7200
106.876000,1488.8000
107.126000,1402.4880
107.376000,1469.4480
107.626000,1472.2400
107.876000,1439.8720
108.126000,1450.6960
108.376000,1466.2320
108.626000,1469.8240
108.876000,1475.1520
109.126000,1477.4720
109.376000,1480.7760
109.626000,1481.0080
109.876000,1481.2080
110.126000,1480.7760
110.376000,1478.2560
110.626000,1478.9280
110.876000,1484.8800
111.126000,1485.8880
111.376000,1485.0320
111.626000,1482.1680
111.876000,1477.9760
112.126000,1480.9840
112.376000,1479.5600
112.626000,1479.7280
112.876000,1478.7760
113.126000,1477.7360
113.376000,1477.6640
113.626000,1477.2320
113.876000,1475.9360
114.126000,1472.4560
114.376000,1471.0640
114.626000,1470.3280
114.876000,1469.7760
115.126000,1469.6000
115.376000,1470.5680
115.626000,1468.5040
115.876000,1468.5760
116.126000,1471.4880
116.376000,1471.2000
116.626000,1469.8160
116.876000,1469.4480
117.126000,1468.7120
117.376000,1467.5840
117.626000,1466.3600
117.876000,1467.7200
118.126000,1463.7520
118.376000,1460.2080
118.626000,1457.5360
118.876000,1457.0720
119.126000,1458.0400
119.376000,1459.9600
119.626000,1456.7200
119.876000,1454.5680
120.126000,1451.9120
120.376000,1447.8960
120.626000,1447.3760
120.876000,1447.1760
121.126000,1447.6880
121.376000,1444.9200
121.626000,1442.7280
121.876000,1439.7920
122.126000,1438.1280
122.376000,1436.7280
122.626000,1436.9200
122.876000,1436.6560
123.126000,1436.4960
123.376000,1438.6000
123.626000,1439.0640
123.876000,1438.5680
124.126000,1439.5520
124.376000,1440.0640
124.626000,1438.9440
124.876000,1439.4960
125.126000,1439.6800
125.376000,1440.4720
125.626000,1442.7520
125.876000,1444.2640
126.126000,1445.0240
126.376000,1445.3040
126.626000,1445.1120
126.876000,1444.7760
127.126000,1446.1920
127.376000,1445.1920
127.626000,1445.7680
127.876000,1446.0640
128.126000,1446.6320
128.376000,1449.2800
128.626000,1449.1120
128.876000,1451.1600
129.126000,1452.2560
129.376000,1452.5840
129.626000,1452.0720
129.876000,1452.8080
130.126000,1454.2720
130.376000,1454.5440
130.626000,1454.4880
130.876000,1455.0960
131.126000,1455.0320
131.376000,1454.5360
131.626000,1454.6240
131.876000,1454.7520
132.126000,1454.8880
132.376000,1455.0000
132.626000,1455.4880
132.876000,1455.1280
133.126000,1455.2160
133.376000,1455.1120
133.626000,1455.6400
133.876000,1454.9440
134.126000,1455.1840
134.376000,1454.7440
134.626000,1454.2400
134.876000,1454.5040
135.126000,1454.7600
135.376000,1454.7360
135.626000,1454.8000
135.876000,1455.2640
136.126000,1455.3840
136.376000,1456.5760
136.626000,1456.1040
136.876000,1456.2080
137.126000,1457.1680
137.376000,1456.8880
137.626000,1456.8240
137.876000,1457.1920
138.126000,1457.5840
138.376000,1457.8560
138.626000,1457.1360
138.876000,1457.1520
139.126000,1457.7200
139.376000,1457.1360
139.626000,1456.9760
139.876000,1457.2640
140.126000,1457.2240
140.376000,1457.2560
140.626000,1456.3840
140.876000,1456.8960
141.126000,1456.8080
141.376000,1456.5920
141.626000,1456.5600
141.876000,1455.5680
142.126000,1456.1680
142.376000,1456.5040
142.626000,1457.2160
142.876000,1456.2640
143.126000,1456.0480
143.376000,1456.2960
143.626000,1456.0400
143.876000,1455.9440
144.126000,1455.7600
144.376000,1456.6160
144.626000,1455.6800
144.876000,1456.1280
145.126000,1455.8560
145.376000,1455.7280
145.626000,1455.3280
145.876000,1456.2640
146.126000,1456.3520
146.376000,1455.2960
146.626000,1456.0880
146.876000,1456.5840
147.126000,1455.5040
147.376000,1455.4240
147.626000,1454.9040
147.876000,1454.7520
148.126000,1454.6320
148.376000,1454.1600
148.626000,1455.2480
148.876000,1452.6800
149.126000,1452.0000
149.376000,1451.1520
149.626000,1451.0800
149.876000,1450.9040
150.126000,1450.8240
150.376000,1450.3600
150.626000,1450.7680
150.876000,1451.1280
151.126000,1451.1360
151.376000,1450.5760
151.626000,1450.5440
151.876000,1450.8960
152.126000,1450.9760
152.376000,1451.5760
152.626000,1451.1920
152.876000,1451.3040
153.126000,1451.6560
153.376000,1451.7520
153.626000,1450.6240
153.876000,1451.4880
154.126000,1453.2720
154.376000,1451.7920
154.626000,1451.8240
154.876000,1451.7680
155.126000,1452.4240
155.376000,1452.1920
155.626000,1451.8880
155.876000,1451.9760
156.126000,1451.3840
156.376000,1450.5840
156.626000,1452.4080
156.876000,1451.5840
157.126000,1452.3840
157.376000,1452.1600
157.626000,1452.6960
157.876000,1452.5040
158.126000,1452.6000
158.376000,1452.2720
158.626000,1452.2400
158.876000,1451.2880
159.126000,1451.5680
159.376000,1452.1200
159.626000,1451.9840
159.876000,1451.5680
160.126000,1452.1040
160.376000,1451.4320
160.626000,1452.0240
160.876000,1451.7120
161.126000,1450.7840
161.376000,1449.9760
161.626000,1451.1920
161.876000,1451.2640
162.126000,1451.2960
162.376000,1450.7200
162.626000,1451.5200
162.876000,1451.1520
163.126000,1450.1840
163.376000,1449.5520
163.626000,1449.2240
163.876000,1449.3520
164.126000,1449.6560
164.376000,1449.5280
164.626000,1448.8960
164.876000,1448.9920
165.126000,1448.3520
165.376000,1448.7280
165.626000,1447.9600
165.876000,1448.5120
166.126000,1447.0160
166.376000,1448.7520
166.626000,1448.4320
166.876000,1447.7600
167.126000,1447.9840
167.376000,1447.2320
167.626000,1447.3440
167.876000,1447.1440
168.126000,1447.3200
168.376000,1445.9360
168.626000,1446.2400
168.876000,1446.4800
169.126000,1444.9120
169.376000,1445.9360
169.626000,1444.3360
169.876000,1444.3360
170.126000,1443.0160
170.376000,1442.7120
170.626000,1442.8240
170.876000,1443.1360
171.126000,1443.1120
171.376000,1443.0480
171.626000,1442.1440
171.876000,1440.8720
172.126000,1440.7280
172.376000,1440.6800
172.626000,1439.8320
172.876000,1440.2320
173.126000,1440.0720
173.376000,1441.1360
173.626000,1440.1600
173.876000,1439.8320
174.126000,1439.8160
174.376000,1439.8160
174.626000,1439.4720
174.876000,1438.4640
175.126000,1437.4080
175.376000,1438.1280
175.626000,1437.7600
175.876000,1437.7680
176.126000,1441.1040
176.376000,1443.5520
176.626000,1445.1360
176.876000,1443.9040
177.126000,1444.6720
177.376000,1444.7600
177.626000,1443.9120
177.876000,1444.3360
178.126000,1444.7840
178.376000,1445.3440
178.626000,1444.5440
178.876000,1444.7360
179.126000,1444.2480
179.376000,1444.6400
179.626000,1445.2160
179.876000,1446.8240
180.126000,1445.6640
180.376000,1445.6400
180.626000,1445.3760
180.876000,1443.8000
181.126000,1442.5360
181.376000,1443.5200
181.626000,1443.3520
181.876000,1444.9520
182.126000,1445.2720
182.376000,1446.5280
182.626000,1442.5520
182.876000,1442.5840
183.126000,1442.1760
183.376000,1442.4480
183.626000,1441.8240
183.876000,1442.6800
184.126000,1442.3600
184.376000,1442.8480
184.626000,1442.4640
184.876000,1441.8800
185.126000,1442.5920
185.376000,1442.2880
185.626000,1442.5440
185.876000,1442.5120
186.126000,1443.3840
186.376000,1443.4880
186.626000,1444.7200
186.876000,1445.6080
187.126000,1446.5200
187.376000,1444.5040
187.626000,1445.3520
187.876000,1446.3760
188.126000,1446.7200
188.376000,1446.2640
188.626000,1445.8240
188.876000,1446.3680
189.126000,1447.0640
189.376000,1447.1200
189.626000,1446.8320
189.876000,1446.4240
190.126000,1445.7760
190.376000,1445.8400
190.626000,1446.3520
190.876000,1446.5440
191.126000,1446.5680
191.376000,1447.0560
191.626000,1446.4880
191.876000,1448.1840
192.126000,1446.1680
192.376000,1445.8640
192.626000,1444.9600
192.876000,1445.2880
193.126000,1446.4880
193.376000,1444.2880
193.626000,1444.9920
193.876000,1445.9600
194.126000,1445.1520
194.376000,1445.5520
194.626000,1445.5040
194.876000,1445.2720
195.126000,1445.3360
195.376000,1447.0640
195.626000,1446.1600
195.876000,1446.3680
196.126000,1446.1760
196.376000,1447.9440
196.626000,1447.6480
196.876000,1448.3200
197.126000,1448.9840
197.376000,1448.5040
197.626000,1448.5760
197.876000,1447.3360
198.126000,1447.4240
198.376000,1448.1200
198.626000,1447.2800
198.876000,1446.9440
199.126000,1447.9600
199.376000,1447.8960
199.626000,1448.1360
199.876000,1446.4080
200.126000,1446.9520
200.376000,1446.6000
200.626000,1447.1040
200.876000,1447.6240
201.126000,1447.4320
201.376000,1447.1520
201.626000,1446.6240
201.876000,1447.0480
202.126000,1447.2160
202.376000,1447.0320
202.626000,1447.8160
202.876000,1447.6320
203.126000,1447.7840
203.376000,1447.6400
203.626000,1447.6080
203.876000,1447.2160
204.126000,1447.6400
204.376000,1448.2240
204.626000,1447.7920
204.876000,1448.5440
205.126000,1447.8080
205.376000,1446.9440
205.626000,1447.8560
205.876000,1448.1120
206.126000,1447.4880
206.376000,1447.2880
206.626000,1447.2080
206.876000,1446.5840
207.126000,1446.8480
207.376000,1446.2000
207.626000,1446.4000
207.876000,1447.4800
208.126000,1446.9520
208.376000,1447.2960
208.626000,1446.7200
208.876000,1447.6400
209.126000,1447.3840
209.376000,1448.0160
209.626000,1448.4800
209.876000,1447.7040
210.126000,1447.3040
210.376000,1445.2960
210.626000,1447.2560
210.876000,1447.0960
211.126000,1448.1760
211.376000,1448.8080
211.626000,1448.2400
211.876000,1449.1680
212.126000,1448.2640
212.376000,1447.6800
212.626000,1447.8800
212.876000,1448.2080
213.126000,1450.2800
213.376000,1448.9840
213.626000,1448.8080
213.876000,1447.9280
214.126000,1447.9840
214.376000,1447.9440
214.626000,1448.5680
214.876000,1448.5840
215.126000,1448.0960
215.376000,1447.6880
215.626000,1448.1920
215.876000,1448.3520
216.126000,1448.6720
216.376000,1448.8480
216.626000,1447.3680
216.876000,1447.4240
217.126000,1447.3120
217.376000,1448.6160
217.626000,1448.3120
217.876000,1447.5280
218.126000,1446.9520
218.376000,1447.3920
218.626000,1447.7200
218.876000,1447.7280
219.126000,1446.5600
219.376000,1446.3280
219.626000,1447.1760
219.876000,1447.6960
220.126000,1446.7360
220.376000,1447.5920
220.626000,1447.5200
220.876000,1448.1280
221.126000,1447.0720
221.376000,1447.1360
221.626000,1447.5920
221.876000,1447.4960
222.126000,1448.5760
222.376000,1446.8160
222.626000,1446.7360
222.876000,1446.1760
223.126000,1446.3040
223.376000,1445.9920
223.626000,1446.9200
223.876000,1445.8080
224.126000,1445.9840
224.376000,1446.6880
224.626000,1445.1040
224.876000,1446.4160
225.126000,1444.6240
225.376000,1444.5520
225.626000,1444.9120
225.876000,1444.7360
226.126000,1443.5280
226.376000,1443.0240
226.626000,1444.9040
226.876000,1444.8720
227.126000,1444.1200
227.376000,1444.8160
227.626000,1444.7200
227.876000,1447.9040
228.126000,1478.6160
228.376000,1450.2240
228.626000,1500.7520
228.876000,1630.8080
229.126000,1654.3200
229.376000,1748.5520
229.626000,1853.5360
229.876000,1861.7600
230.126000,1898.6640
230.376000,1883.6880
230.626000,1957.5360
230.876000,1950.2880
231.126000,1949.6560
231.376000,1910.5040
231.626000,1891.6000
231.876000,1918.9200
232.126000,1984.2480
232.376000,1974.6240
232.626000,1976.3280
232.876000,1937.2320
233.126000,1945.6080
233.376000,1948.2240
233.626000,1993.1280
233.876000,1925.4000
234.126000,1921.8800
234.376000,1919.2240
234.626000,1916.5200
234.876000,1919.4240
235.126000,1897.6000
235.376000,1925.4240
235.626000,1920.0640
235.876000,1904.5440
236.126000,1892.7120
236.376000,1911.8240
236.626000,1923.9520
236.876000,1910.4400
237.126000,1935.9120
237.376000,1925.5200
237.626000,1925.7440
237.876000,1915.6240
238.126000,1929.8880
238.376000,1954.9360
238.626000,1937.7680
238.876000,1941.7520
239.126000,1949.9040
239.376000,1949.3120
239.626000,1939.0160
239.876000,1943.0400
240.126000,1969.5840
240.376000,1989.3040
240.626000,1988.2720
240.876000,1960.2640
241.126000,1963.3040
241.376000,1976.3680
241.626000,1982.0560
241.876000,1974.9920
242.126000,1976.6400
242.376000,1985.1760
242.626000,1985.3120
242.876000,1972.4000
243.126000,1977.3680
243.376000,1983.7440
243.626000,1965.0400
243.876000,1996.9520
244.126000,2012.2560
244.376000,2000.3840
244.626000,2003.2480
244.876000,2021.2800
245.126000,2004.0960
245.376000,1986.4240
245.626000,1999.4320
245.876000,1992.8880
246.126000,1966.0800
246.376000,1950.8880
246.626000,1953.5440
246.876000,1957.0560
247.126000,2011.6640
247.376000,2015.6480
247.626000,2018.2400
247.876000,2013.4240
248.126000,2032.2240
248.376000,2050.5200
248.626000,2035.6000
248.876000,2060.7120
249.126000,2066.9760
249.376000,2091.7760
249.626000,2091.2960
249.876000,2083.1600
250.126000,2089.6240
250.376000,2084.7200
250.626000,2090.0400
250.876000,2071.6960
251.126000,2039.4960
251.376000,2064.2960
251.626000,2048.4400
251.876000,2078.1840
252.126000,2082.8880
252.376000,2020.1600
252.626000,2077.4640
252.876000,2092.1840
253.126000,2094.9600
253.376000,2100.2800
253.626000,2085.5600
253.876000,2075.6480
254.126000,2075.7280
254.376000,2102.9520
254.626000,2066.9200
254.876000,2066.1840
255.126000,2053.6560
255.376000,2044.4000
255.626000,2051.9920
255.876000,2071.1440
256.126000,2088.4080
256.376000,2094.2000
256.626000,2092.2320
256.876000,2100.0080
257.126000,2108.3440
257.376000,2110.1280
257.626000,2105.1680
257.876000,2101.0480
258.126000,2100.1600
258.376000,2094.7840
258.626000,2097.9360
258.876000,2095.6800
259.126000,2108.8000
259.376000,2114.7600
259.626000,2095.2480
259.876000,2096.7520
260.126000,2097.1920
260.376000,2105.6080
260.626000,2127.3600
260.876000,2113.9120
261.126000,2100.7920
261.376000,2093.3840
261.626000,2102.4080
261.876000,2112.2400
262.126000,2090.0160
262.376000,2124.0160
262.626000,2104.7200
262.876000,2110.1600
263.126000,2108.9680
263.376000,2105.3600
263.626000,2130.0800
263.876000,2130.4000
264.126000,2128.4800
264.376000,2140.0160
264.626000,2133.9200
264.876000,2147.6080
265.126000,2138.3200
265.376000,2164.9280
265.626000,2173.2400
265.876000,2167.9840
266.126000,2158.5360
266.376000,2152.1840
266.626000,2147.8960
266.876000,2145.5600
267.126000,2142.5680
267.376000,2139.8720
267.626000,2132.1040
267.876000,2122.6640
268.126000,2139.2560
268.376000,2146.1840
268.626000,2144.7520
268.876000,2142.0400
269.126000,2133.3840
269.376000,2137.9360
269.626000,2140.8240
269.876000,2141.0560
270.126000,2139.5920
270.376000,2132.5120
270.626000,2107.4400
270.876000,2113.5600
271.126000,2129.8960
271.376000,2123.9280
271.626000,2101.9360
271.876000,2069.3680
272.126000,2075.3600
272.376000,2073.6400
272.626000,2027.6560
272.876000,2078.0800
273.126000,2088.4320
273.376000,2095.6800
273.626000,2114.6880
273.876000,2110.0240
274.126000,2088.1840
274.376000,2081.8720
274.626000,2087.8800
274.876000,2103.0880
275.126000,2113.1440
275.376000,2118.8000
275.626000,2116.0960
275.876000,2115.5120
276.126000,2152.5360
276.376000,2146.7200
276.626000,2151.8080
276.876000,2149.4400
277.126000,2124.7520
277.376000,1910.6800
277.626000,1546.4160
277.876000,1472.7120
278.126000,1460.4320
278.376000,1485.5600
278.626000,1489.1200
278.876000,1458.4160
279.126000,1447.2960
279.376000,1442.4000
279.626000,1436.9760
279.876000,1437.3200
280.126000,1448.1360
280.376000,1449.4960
280.626000,1451.4240
280.876000,1453.9360
281.126000,1453.8480
281.376000,1453.7680
281.626000,1455.2160
281.876000,1456.6960
282.126000,1456.2880
282.376000,1457.5680
282.626000,1457.8160
282.876000,1458.2080
283.126000,1463.1520
283.376000,1464.1280
283.626000,1463.5840
283.876000,1463.5520
284.126000,1462.5520
284.376000,1461.1120
284.626000,1457.5120
284.876000,1457.8160
285.126000,1458.1360
285.376000,1458.3760
285.626000,1458.4960
285.876000,1457.6400
286.126000,1457.8400
286.376000,1456.6320
286.626000,1455.4320
286.876000,1455.6320
287.126000,1454.7760
287.376000,1454.8720
287.626000,1453.1280
287.876000,1453.6960
288.126000,1454.3200
288.376000,1451.1120
288.626000,1449.7600
288.876000,1448.2880
289.126000,1448.3200
289.376000,1449.5760
289.626000,1451.4320
289.876000,1451.8560
290.126000,1451.2480
290.376000,1451.1920
290.626000,1445.0640
290.876000,1445.3520
291.126000,1445.4160
291.376000,1445.1920
291.626000,1445.5200
291.876000,1445.2400
292.126000,1445.1360
292.376000,1445.5600
292.626000,1444.7520
292.876000,1443.3840
293.126000,1444.5680
293.376000,1442.8480
293.626000,1444.3600
293.876000,1443.6800
294.126000,1445.3040
294.376000,1444.8160
294.626000,1444.3920
294.876000,1444.8640
295.126000,1444.3600
295.376000,1445.2880
295.626000,1446.0160
295.876000,1445.1360
296.126000,1445.6000
296.376000,1445.9920
296.626000,1445.0960
296.876000,1445.0160
297.126000,1445.8080
297.376000,1446.5680
297.626000,1445.0320
297.876000,1443.8720
298.126000,1443.6320
298.376000,1444.2080
298.626000,1444.4000
298.876000,1446.3760
299.126000,1447.3040
299.376000,1447.2160
299.626000,1447.0240
299.876000,1446.0640
300.126000,1446.2560
300.376000,1446.3760
300.626000,1448.1680
300.876000,1447.3200
301.126000,1448.3360
301.376000,1449.0720
301.626000,1449.2240
301.876000,1448.8560
302.126000,1449.1200
302.376000,1449.2800
302.626000,1448.6320
302.876000,1449.2400
303.126000,1448.6480
303.376000,1449.2880
303.626000,1449.7840
303.876000,1449.4160
304.126000,1448.6560
304.376000,1447.8800
304.626000,1447.2800
304.876000,1447.3840
305.126000,1448.8880
305.376000,1447.0240
305.626000,1448.4800
305.876000,1447.3040
306.126000,1446.7920
306.376000,1448.0160
306.626000,1447.1760
306.876000,1446.9840
307.126000,1446.6640
307.376000,1447.3440
307.626000,1447.8240
307.876000,1447.9840
308.126000,1447.8640
308.376000,1447.5280
308.626000,1447.0240
308.876000,1447.9040
309.126000,1447.7120
309.376000,1448.1760
309.626000,1448.0960
309.876000,1448.0160
310.126000,1447.7680
310.376000,1446.8880
310.626000,1446.8640
310.876000,1447.5440
311.126000,1447.4320
311.376000,1447.3760
311.626000,1447.9760
311.876000,1447.2320
312.126000,1448.3520
312.376000,1447.1520
312.626000,1448.4880
312.876000,1448.9760
313.126000,1448.7600
313.376000,1451.5520
313.626000,1451.0080
313.876000,1451.8960
314.126000,1451.3680
314.376000,1451.4560
314.626000,1450.6720
314.876000,1451.6080
315.126000,1451.5840
315.376000,1451.6320
315.626000,1451.4080
315.876000,1450.8160
316.126000,1452.2080
316.376000,1452.0320
316.626000,1452.8000
316.876000,1452.6640
317.126000,1452.3280
317.376000,1453.3760
317.626000,1453.0800
317.876000,1453.3520
318.126000,1453.9040
318.376000,1454.8800
318.626000,1454.4240
318.876000,1454.2960
319.126000,1454.1520
319.376000,1455.0240
319.626000,1454.8880
319.876000,1454.8160
320.126000,1454.8320
320.376000,1454.8320
320.626000,1454.2000
320.876000,1456.3200
321.126000,1455.0160
321.376000,1454.6560
321.626000,1455.1600
321.876000,1454.6240
322.126000,1454.8640
322.376000,1454.7520
322.626000,1455.3840
322.876000,1455.1840
323.126000,1455.9760
323.376000,1456.1760
323.626000,1456.1040
323.876000,1456.2720
324.126000,1456.6400
324.376000,1456.6560
324.626000,1456.3600
324.876000,1455.8320
325.126000,1455.8640
325.376000,1456.2000
325.626000,1456.8560
325.876000,1456.1920
326.126000,1456.8000
326.376000,1456.4080
326.626000,1457.6240
326.876000,1456.6720
327.126000,1457.7920
327.376000,1459.4640
327.626000,1467.9440
327.876000,1467.2080
328.126000,1466.7520
328.376000,1467.5040
328.626000,1467.8080
328.876000,1468.3840
329.126000,1469.0320
329.376000,1469.0800
329.626000,1469.3120
329.876000,1469.0480
330.126000,1469.6400
330.376001,1468.9120
330.626000,1469.1760
330.876000,1470.4320
331.126000,1469.7600
331.376000,1469.3040
331.626000,1468.9280
331.876000,1471.0640
332.126000,1469.4240
332.376000,1471.1280
332.626000,1470.2160
332.876000,1469.6160
333.126000,1470.1200
333.376000,1471.4000
333.626000,1470.2400
333.876000,1470.5760
334.126000,1470.0240
334.376000,1469.6160
334.626000,1470.2320
334.876000,1469.9840
335.126000,1469.9760
335.376000,1469.8640
335.626000,1471.0560
335.876000,1468.6960
336.126000,1470.2640
336.376000,1470.4400
336.626000,1470.5520
336.876000,1470.9680
337.126000,1470.7840
337.376000,1470.5200
337.626000,1470.3120
337.876000,1469.4880
338.126000,1468.5120
338.376000,1468.3520
338.626000,1469.6240
338.876000,1469.1520
339.126000,1469.5200
339.376000,1468.9520
339.626000,1469.2080
339.876000,1469.9760
340.126000,1469.4400
340.376000,1469.3280
340.626000,1469.7440
340.876000,1470.0160
341.126000,1470.5120
341.376000,1470.7840
341.626000,1470.7920
341.876000,1471.1120
342.126000,1471.6400
342.376000,1471.4080
342.626000,1471.1760
342.876000,1471.9920
343.126000,1472.6080
343.376000,1472.6880
343.626000,1472.2480
343.876000,1472.3920
344.126000,1472.8800
344.376000,1472.9680
344.626000,1472.6880
344.876000,1471.9600
345.126000,1472.7360
345.376000,1472.8000
345.626000,1474.0080
345.876000,1473.9040
346.126000,1472.5280
346.376000,1471.9280
346.626000,1472.8480
346.876000,1471.8560
347.126000,1472.9520
347.376000,1472.9440
347.626000,1473.6640
347.876000,1470.6640
348.126000,1473.3280
348.376000,1472.7920
348.626000,1473.2480
348.876000,1473.3040
349.126000,1473.2160
349.376000,1473.3040
349.626000,1472.9120
349.876000,1473.4800
350.126000,1473.0160
350.376000,1472.2720
350.626000,1473.8000
350.876000,1473.4000
351.126000,1473.9920
351.376000,1473.7520
351.626000,1473.7200
351.876000,1474.5920
352.126000,1475.0160
352.376000,1474.6800
352.626000,1474.7840
352.876000,1474.5760
353.126000,1474.5920
353.376000,1474.6400
353.626000,1474.7360
353.876000,1474.8720
354.126000,1475.1280
354.376000,1475.3520
354.626000,1475.4320
354.876000,1474.9760
355.126000,1476.5280
355.376000,1475.4160
355.626000,1475.7200
355.876000,1475.8480
356.126000,1476.3920
356.376000,1476.1760
356.626000,1475.5360
356.876000,1475.7120
357.126000,1475.6960
357.376000,1476.1200
357.626000,1477.0880
357.876000,1476.1600
358.126000,1475.9520
358.376000,1475.6800
358.626000,1475.4320
358.876000,1475.8800
359.126000,1475.8240
359.376000,1475.4240
359.626000,1475.6880
359.876001,1476.0960
360.126000,1476.4240
360.376000,1477.0080
360.626000,1475.9840
360.876000,1476.3120
361.126000,1475.9600
361.376000,1476.3520
361.626000,1476.5840
361.876000,1476.2000
362.126000,1475.6880
362.376000,1474.1360
362.626000,1475.7200
362.876000,1477.0880
363.126000,1475.1200
363.376000,1476.5760
363.626000,1476.2880
363.876000,1476.6800
364.126000,1476.4640
364.376000,1475.6000
364.626000,1475.7680
364.876000,1476.0400
365.126000,1475.8800
365.376000,1475.9200
365.626000,1476.2160
365.876001,1475.6400
366.126000,1475.5840
366.376000,1475.1840
366.626000,1475.4720
366.876000,1475.5840
367.126000,1475.9440
367.376000,1475.2080
367.626000,1474.9600
367.876000,1474.6640
368.126000,1474.3440
368.376000,1475.0400
368.626000,1474.9760
368.876000,1475.0000
369.126000,1475.1360
369.376000,1474.7040
369.626000,1473.9760
369.876000,1474.0320
370.126000,1474.6880
370.376000,1473.6560
370.626000,1474.5360
370.876000,1473.8400
371.126000,1472.8720
371.376000,1473.0240
371.626000,1472.7280
371.876000,1472.6720
372.126000,1472.4640
372.376000,1473.2640
372.626000,1473.2240
372.876000,1473.8800
373.126000,1473.6640
373.376000,1473.5920
373.626000,1473.5600
373.876000,1473.1360
374.126000,1473.4640
374.376000,1473.5360
374.626000,1473.7440
374.876000,1472.4720
375.126000,1473.1040
375.376000,1473.8560
375.626000,1472.1600
375.876000,1473.2640
376.126000,1473.9360
376.376000,1473.3200
376.626000,1472.6880
376.876000,1473.4880
377.126000,1473.2720
377.376000,1474.0400
377.626000,1472.7520
377.876000,1471.9760
378.126000,1472.2080
378.376000,1472.5280
378.626000,1472.5360
378.876000,1472.1360
379.126000,1473.1200
379.376000,1472.1760
379.626000,1472.6640
379.876000,1472.9280
380.126000,1473.3280
380.376000,1472.9440
380.626000,1471.8640
380.876000,1472.5840
381.126000,1472.3840
381.376000,1471.7280
381.626000,1471.5600
381.876000,1472.2640
382.126000,1472.0640
382.376001,1472.6320
382.626000,1471.8320
382.876000,1471.9760
383.126000,1471.8640
383.376000,1471.7280
383.626000,1472.1680
383.876000,1471.7760
384.126000,1471.5520
384.376000,1471.2160
384.626000,1471.0880
384.876000,1471.7440
385.126000,1471.8640
385.376000,1472.3920
385.626000,1472.0960
385.876000,1472.6560
386.126000,1472.1920
386.376000,1472.3760
386.626000,1471.9600
386.876000,1471.4160
387.126000,1472.6320
387.376000,1471.8080
387.626000,1472.2800
387.876000,1471.2080
388.126000,1471.5360
388.376000,1471.5120
388.626000,1471.0000
388.876000,1471.8960
389.126000,1471.5680
389.376000,1472.2160
389.626000,1470.0320
389.876000,1470.8400
390.126000,1472.1760
390.376000,1471.4080
390.626000,1471.2960
390.876000,1471.0240
391.126000,1471.2480
391.376000,1471.5280
391.626000,1471.5040
391.876000,1471.0720
392.126000,1470.7040
392.376000,1470.8160
392.626000,1466.3440
392.876000,1457.9920
393.126000,1480.6160
393.376000,1570.6160
393.626000,1764.0880
393.876000,1792.3200
394.126000,1882.8960
394.376000,1965.3040
394.626000,2032.2240
394.876000,2061.6880
395.126000,2108.9440
395.376000,2083.9520
395.626000,2127.7760
395.876000,2119.2320
396.126000,2005.2400
396.376000,2019.1120
396.626000,2000.6000
396.876000,1994.2160
397.126000,1968.4320
397.376000,1881.5520
397.626000,1927.2560
397.876000,1934.7600
398.126000,1964.9360
398.376000,1970.6400
398.626000,1964.4880
398.876000,1927.7680
399.126000,1943.3280
399.376000,1906.4720
399.626000,1980.8720
399.876000,2034.0000
400.126001,2028.6320
400.376000,2000.2320
400.626000,1977.6320
400.876000,1980.6400
401.126000,1983.3040
401.376000,1973.6720
401.626000,1978.6720
401.876000,2000.9200
402.126000,1986.0720
402.376000,1935.0320
402.626000,1920.7680
402.876000,1949.3200
403.126000,1990.5440
403.376000,1987.8320
403.626000,1988.3120
403.876000,1987.8640
404.126000,1986.7840
404.376000,1982.7280
404.626000,1982.1680
404.876000,1979.1520
405.126000,2049.1440
405.376000,2024.8720
405.626000,2037.9680
405.876000,2065.3280
406.126000,2067.7840
406.376000,2068.7520
406.626000,2056.6000
406.876000,2057.6320
407.126000,2060.4720
407.376000,2063.1120
407.626000,2063.7760
407.876000,2069.4320
408.126000,2065.7920
408.376000,2067.6640
408.626000,2080.3040
408.876000,2081.6560
409.126000,2067.0720
409.376000,2070.3120
409.626000,2066.7600
409.876000,2078.2240
410.126000,2070.5680
410.376000,2072.5040
410.626000,2094.6800
410.876000,2102.3680
411.126000,2107.1920
411.376000,2105.9200
411.626000,2090.7280
411.876000,2099.7040
412.126000,2099.2240
412.376000,2104.1760
412.626000,2113.4400
412.876000,2108.1920
413.126000,2104.8720
413.376000,2115.9120
413.626000,2116.2880
413.876000,2103.9920
414.126000,2093.1760
414.376000,2090.6160
414.626000,2104.7680
414.876000,2106.7680
415.126000,2093.6800
415.376000,2098.5280
415.626000,2113.5920
415.876000,2106.5440
416.126000,2109.7280
416.376000,2113.5360
416.626000,2096.3680
416.876000,2085.9040
417.126000,2092.8640
417.376000,2068.8800
417.626000,2089.7200
417.876000,2107.3440
418.126000,2133.1520
418.376000,2152.1120
418.626000,2113.5360
418.876000,2090.5920
419.126000,2035.2000
419.376000,2046.5520
419.626000,2060.2960
419.876000,2068.0400
420.126000,2062.1920
420.376000,2058.3520
420.626000,2041.9280
420.876000,2053.0640
421.126000,2060.2880
421.376000,2043.5120
421.626000,2048.9920
421.876000,2056.9920
422.126000,2052.0160
422.376000,2060.5280
422.626000,2060.6240
422.876000,2066.9120
423.126000,2063.7040
423.376000,2063.5120
423.626000,2065.3200
423.876000,2066.6000
424.126000,2057.3360
424.376000,2061.0320
424.626000,2061.7840
424.876000,2058.5600
425.126000,2037.8000
425.376000,2060.7120
425.626000,2070.4480
425.876000,2126.1200
426.126000,2167.2080
426.376000,2170.0320
426.626000,2171.1040
426.876000,2167.7600
427.126000,2163.7440
427.376000,2159.7520
427.626000,2151.7440
427.876000,2144.6640
428.126000,2120.6640
428.376000,2071.8960
428.626000,2058.8480
428.876000,2024.6160
429.126000,2029.5600
429.376000,2020.9600
429.626000,2018.7840
429.876000,2016.0880
430.126000,2020.2880
430.376000,1996.0320
430.626000,1996.7840
430.876000,1995.4000
431.126000,1991.2240
431.376000,1994.7680
431.626000,1995.7760
431.876000,1993.5280
432.126000,2013.4160
432.376000,2014.9280
432.626000,2009.6080
432.876000,2006.4320
433.126000,2009.1840
433.376000,2010.9600
433.626000,2012.5600
433.876000,2003.0960
434.126000,1990.9200
434.376000,1979.0240
434.626000,1988.0400
434.876000,1967.7120
435.126000,1899.9680
435.376000,1872.5440
435.626000,1834.1680
435.876000,1603.1440
436.126000,1522.2160
436.376000,1490.8800
436.626000,1467.4960
436.876000,1451.2880
437.126000,1466.9680
437.376000,1474.4800
437.626000,1476.1600
437.876000,1485.0400
438.126000,1463.3760
438.376000,1463.0320
438.626000,1464.2320
438.876000,1464.4080
439.126000,1464.7280
439.376000,1466.4400
439.626000,1466.4000
439.876000,1466.8720
440.126000,1466.6400
440.376000,1465.1440
440.626000,1464.0720
440.876000,1464.8560
441.126000,1466.7040
441.376000,1466.5680
441.626000,1468.1680
441.876000,1466.4480
442.126000,1465.0480
442.376000,1465.3680
442.626000,1463.1120
442.876000,1460.8640
443.126000,1457.9120
443.376000,1456.9040
443.626000,1456.3360
443.876000,1455.1520
444.126000,1454.7680
444.376000,1452.7760
444.626000,1452.6720
444.876000,1453.9840
445.126000,1454.0160
445.376000,1454.0640
445.626000,1454.3760
445.876000,1454.7680
446.126000,1454.7920
446.376000,1455.2240
446.626000,1455.1600
446.876000,1454.3360
447.126000,1453.8400
447.376000,1453.5360
447.626000,1453.4720
447.876000,1453.0240
448.126000,1453.0800
448.376000,1453.7280
448.626000,1453.7120
448.876000,1453.0000
449.126000,1452.8960
449.376000,1451.2480
449.626000,1452.0800
449.876000,1453.3680
450.126000,1454.0720
450.376000,1454.9920
450.626000,1454.6560
450.876000,1453.9920
451.126000,1452.8560
451.376000,1448.9680
451.626000,1448.6960
451.876000,1446.3520
452.126000,1445.2480
452.376000,1445.2240
452.626000,1445.3920
452.876000,1446.0480
453.126000,1447.0480
453.376000,1447.3440
453.626000,1447.7360
453.876000,1448.4800
454.126000,1448.2320
454.376000,1450.0160
454.626000,1450.3440
454.876000,1450.3840
455.126000,1451.6160
455.376000,1451.9840
455.626000,1452.0240
455.876000,1452.5200
456.126000,1451.8240
456.376000,1451.2960
456.626000,1452.9600
456.876000,1452.9440
457.126000,1453.4960
457.376000,1452.9600
457.626000,1452.3520
457.876000,1452.6800
458.126000,1452.5760
458.376000,1452.2720
458.626000,1452.3520
458.876000,1449.9920
459.126000,1452.0080
459.376000,1452.1360
459.626000,1451.8960
459.876000,1451.7120
460.126000,1451.5840
460.376000,1451.6800
460.626000,1451.1600
460.876000,1452.0000
461.126000,1451.9120
461.376000,1451.9360
461.626000,1450.6640
461.876000,1447.6960
462.126000,1448.0560
462.376000,1447.9280
462.626000,1449.4720
462.876000,1449.7280
463.126000,1449.8880
463.376000,1450.4640
463.626000,1450.6800
463.876000,1450.2640
464.126000,1451.2720
464.376000,1450.5680
464.626000,1451.0320
464.876000,1450.6240
465.126000,1450.8000
465.376000,1451.3040
465.626000,1451.4240
465.876000,1451.4640
466.126000,1451.6320
466.376000,1452.5360
466.626000,1452.2800
466.876000,1452.3920
467.126000,1452.1360
467.376000,1452.3200
467.626000,1453.0880
467.876000,1452.6960
468.126000,1452.8080
468.376000,1453.5680
468.626000,1452.9600
468.876000,1454.1040
469.126000,1453.1600
469.376000,1453.3680
469.626000,1453.8400
469.876000,1454.2240
470.126000,1454.0560
470.376000,1453.8160
470.626000,1453.3440
470.876000,1452.3840
471.126000,1453.4560
471.376000,1453.5840
471.626000,1453.3840
471.876000,1453.4320
472.126000,1452.2720
472.376000,1453.5680
472.626000,1453.0080
472.876000,1453.3200
473.126000,1453.5040
473.376000,1453.9440
473.626000,1452.6160
473.876000,1453.5440
474.126000,1453.4000
474.376000,1454.0960
474.626000,1454.6720
474.876000,1454.5760
475.126000,1454.3920
475.376000,1454.6400
475.626000,1454.8960
475.876000,1454.4640
476.126000,1453.6720
476.376000,1455.0720
476.626000,1454.8320
476.876000,1454.6720
477.126000,1455.0960
477.376000,1455.2160
477.626000,1454.5920
477.876000,1454.1200
478.126000,1455.2960
478.376000,1455.0400
478.626000,1455.6480
478.876000,1457.5600
479.126000,1459.9840
479.376000,1462.3920
479.626000,1463.1440
479.876000,1463.6720
480.126000,1463.6000
480.376000,1461.7760
480.626000,1462.6800
480.876000,1462.5440
481.126000,1463.6560
481.376000,1463.1600
481.626000,1464.0240
481.876000,1464.5200
482.126000,1468.0160
482.376000,1469.8240
482.626000,1468.9360
482.876000,1470.2000
483.126000,1470.5680
483.376000,1471.0000
483.626000,1470.9840
483.876000,1470.5520
484.126000,1470.5200
484.376000,1471.0720
484.626000,1470.3600
484.876000,1471.2560
485.126000,1471.3680
485.376000,1470.8160
485.626000,1472.0160
485.876000,1470.5840
486.126000,1471.9680
486.376000,1470.8560
486.626000,1471.0400
486.876000,1471.0960
487.126000,1471.9680
487.376000,1471.2400
487.626000,1471.7600
487.876000,1471.4160
488.126000,1471.8240
488.376000,1471.5360
488.626000,1471.2400
488.876000,1471.2240
489.126000,1471.4640
489.376000,1471.5440
489.626000,1471.4800
489.876000,1471.1600
490.126000,1471.0800
490.376000,1471.4800
490.626000,1471.3360
490.876000,1471.3520
491.126000,1471.1920
491.376000,1471.3760
491.626000,1471.0400
491.876000,1471.0240
492.126000,1471.2640
492.376000,1471.2480
492.626000,1470.9920
492.876000,1471.3920
493.126000,1471.1520
493.376000,1471.0320
493.626000,1471.3680
493.876000,1471.0160
494.126000,1471.4640
494.376000,1471.6640
494.626000,1472.1360
494.876000,1472.3680
495.126000,1471.9440
495.376000,1470.9200
495.626000,1471.4400
495.876000,1471.1360
496.126000,1472.6560
496.376000,1471.9040
496.626000,1472.9760
496.876000,1472.1360
497.126001,1471.2800
497.376000,1472.1440
497.626000,1472.7680
497.876000,1472.2880
498.126000,1472.7520
498.376000,1472.8400
498.626000,1472.8880
498.876000,1472.6080
499.126000,1472.4400
499.376000,1472.5280
499.626000,1471.2640
499.876000,1472.9920
500.126000,1472.0320
500.376000,1472.2880
500.626000,1472.6400
500.876001,1472.9840
501.126000,1472.7040
501.376000,1472.2400
501.626000,1471.4880
501.876000,1471.6400
502.126000,1471.7600
502.376000,1472.6080
502.626000,1472.3840
502.876000,1473.1680
503.126000,1474.2160
503.376000,1473.3280
503.626000,1473.3040
503.876000,1474.4480
504.126000,1473.8560
504.376000,1475.3520
504.626000,1474.4160
504.876000,1473.9200
505.126000,1474.9200
505.376000,1475.2720
505.626000,1475.5120
505.876000,1475.4880
506.126000,1476.4560
506.376000,1476.3680
506.626000,1477.2080
506.876000,1476.7120
507.126000,1476.8800
507.376000,1477.2240
507.626000,1477.0160
507.876000,1477.9680
508.126000,1478.1120
508.376000,1477.3120
508.626000,1478.3760
508.876000,1477.6640
509.126000,1478.2240
509.376000,1478.6640
509.626000,1477.2960
509.876000,1477.8480
510.126000,1477.2800
510.376000,1477.8320
510.626000,1477.4640
510.876000,1477.9520
511.126000,1477.3520
511.376000,1476.9840
511.626000,1477.8720
511.876000,1477.7840
512.126000,1477.8320
512.376000,1478.0560
512.626000,1478.4720
512.876000,1478.2000
513.126000,1478.7120
513.376000,1478.7520
513.626000,1479.3120
513.876000,1478.8000
514.126000,1478.2880
514.376000,1478.2480
514.626000,1479.0400
514.876000,1478.4880
515.126000,1478.7360
515.376001,1478.4240
515.626000,1478.9520
515.876000,1477.9440
516.126000,1477.9600
516.376000,1477.6960
516.626000,1477.3280
516.876000,1478.1360
517.126000,1478.0000
517.376000,1479.0640
517.626000,1478.1040
517.876000,1478.4800
518.126000,1478.0800
518.376000,1478.4640
518.626000,1477.6400
518.876000,1477.0000
519.126000,1476.9600
519.376000,1477.7440
519.626000,1477.2160
519.876000,1477.0720
520.126000,1476.7040
520.376000,1476.8400
520.626000,1477.4080
520.876000,1477.8640
521.126000,1477.0880
521.376000,1477.3600
521.626000,1477.6400
521.876000,1476.7280
522.126000,1476.9280
522.376000,1476.5040
522.626000,1477.7440
522.876000,1476.2800
523.126000,1475.9120
523.376000,1475.1440
523.626000,1475.2400
523.876000,1475.5520
524.126000,1475.6240
524.376000,1475.6000
524.626000,1476.2720
524.876000,1475.2720
525.126000,1476.1680
525.376000,1476.3440
525.626000,1475.9360
525.876000,1477.0880
526.126000,1476.7200
526.376000,1476.1280
526.626000,1476.8000
526.876000,1476.9680
527.126000,1476.9040
527.376000,1477.4960
527.626000,1476.2000
527.876000,1476.7760
528.126000,1475.7680
528.376000,1477.3600
528.626000,1476.7520
528.876000,1477.1840
529.126000,1477.2000
529.376000,1477.8640
529.626000,1477.6640
529.876000,1477.9680
530.126000,1477.2400
530.376000,1477.2240
530.626000,1477.3520
530.876000,1476.9920
531.126000,1476.4960
531.376000,1476.4960
531.626000,1478.4880
531.876000,1478.3200
532.126000,1478.0160
532.376000,1478.2800
532.626000,1479.2720
532.876000,1479.1280
533.126000,1479.4640
533.376000,1479.6080
533.626000,1478.8160
533.876000,1480.7200
534.126000,1480.1120
534.376000,1480.3040
534.626000,1480.0880
534.876000,1479.5440
535.126000,1479.7120
535.376000,1479.7680
535.626000,1479.1040
535.876000,1479.9840
536.126000,1479.7200
536.376001,1480.1440
536.626000,1479.6560
536.876000,1478.9520
537.126000,1480.3760
537.376000,1479.4000
537.626001,1480.1120
537.876000,1479.9440
538.126000,1479.4400
538.376000,1479.5600
538.626000,1480.3360
538.876000,1479.9440
539.126000,1480.6400
539.376000,1480.4880
539.626000,1479.9840
539.876000,1480.3680
540.126000,1480.5520
540.376000,1480.0800
540.626000,1479.7920
540.876000,1479.5680
541.126000,1480.9360
541.376000,1480.6880
541.626000,1480.5680
541.876000,1480.4640
542.126000,1479.9920
542.376000,1480.8800
542.626000,1480.5440
542.876000,1480.0400
543.126000,1479.4960
543.376000,1481.0800
543.626000,1479.3840
543.876000,1478.7200
544.126000,1478.4000
544.376000,1478.8880
544.626000,1478.8320
544.876000,1478.9920
545.126000,1479.7120
545.376000,1479.5600
545.626000,1477.6000
545.876000,1479.5360
546.126000,1479.0640
546.376000,1479.2080
546.626000,1479.1200
546.876000,1479.0240
547.126000,1479.5280
547.376000,1479.2320
547.626000,1479.6880
547.876000,1479.1520
548.126000,1479.2800
548.376000,1480.5920
548.626000,1479.0320
548.876000,1479.3360
549.126000,1479.2960
549.376000,1478.6400
549.626000,1478.7280
549.876000,1478.5520
550.126000,1477.9040
550.376000,1478.3120
550.626000,1478.3760
550.876000,1478.4720
551.126000,1477.1600
551.376000,1478.1200
551.626000,1477.8480
551.876000,1477.7600
552.126000,1478.1120
552.376000,1477.5840
552.626000,1477.5520
552.876000,1477.6800
553.126000,1477.7440
553.376000,1478.0960
553.626000,1477.7360
553.876000,1476.9920
554.126000,1476.8080
554.376000,1476.2880
554.626000,1476.1840
554.876000,1476.7280
555.126000,1475.2800
555.376000,1475.8800
555.626000,1476.1440
555.876001,1475.1520
556.126000,1475.5920
556.376000,1476.0800
556.626000,1477.0240
556.876000,1476.8640
557.126000,1491.5280
557.376000,1487.2080
557.626000,1469.7520
557.876000,1483.3120
558.126000,1558.6960
558.376000,1707.5280
558.626000,1698.9760
558.876000,1779.9040
559.126000,1815.9120
559.376000,1883.8000
559.626000,1861.9040
559.876000,1877.9920
560.126000,1932.7840
560.376000,1916.7200
560.626000,1981.1760
560.876000,1959.8400
561.126000,1961.5040
561.376000,1958.3840
561.626000,1960.3200
561.876000,1934.4800
562.126000,1950.0080
562.376000,1931.1120
562.626000,1921.2960
562.876000,1931.8960
563.126000,1993.3360
563.376000,1989.6880
563.626000,1951.6240
563.876000,1939.1360
564.126000,1943.3120
564.376000,1971.3760
564.626000,1987.5600
564.876000,1981.9600
565.126000,1974.6160
565.376000,1992.1520
565.626000,2047.0320
565.876000,2018.2800
566.126000,1975.0480
566.376000,1910.4720
566.626000,1875.4320
566.876000,1904.7920
567.126000,1921.4800
567.376000,1934.8640
567.626000,1933.5600
567.876000,1902.9920
568.126000,1932.4560
568.376000,1967.1600
568.626000,1966.7360
568.876000,1970.4480
569.126000,1971.2160
569.376000,1976.5280
569.626000,1976.0960
569.876000,1967.8400
570.126000,1964.6880
570.376000,1961.1280
570.626000,1969.8880
570.876000,1985.2240
571.126000,1998.9040
571.376000,2002.8160
571.626000,2003.3280
571.876000,2005.5120
572.126000,2002.0240
572.376000,2000.5440
572.626000,1999.7840
572.876000,2019.7680
573.126000,2058.0000
573.376000,2057.7280
573.626000,2067.5600
573.876001,2074.1920
574.126000,2055.5840
574.376000,2037.8880
574.626000,2084.0560
574.876000,2103.7120
575.126000,2113.8640
575.376000,2113.0960
575.626000,2113.1120
575.876000,2087.8720
576.126000,2109.9520
576.376000,2117.6000
576.626001,2119.1280
576.876000,2117.6640
577.126000,2100.3840
577.376000,2078.6720
577.626000,2072.8080
577.876000,2010.4240
578.126000,1966.2480
578.376000,1968.8480
578.626000,1966.6560
578.876000,2033.4640
579.126000,2096.2160
579.376000,2095.4160
579.626000,2082.0640
579.876000,2119.5280
580.126000,2113.1840
580.376000,2110.2240
580.626000,2068.7280
580.876000,2066.9600
581.126000,2079.2320
581.376000,2038.0160
581.626000,2095.3760
581.876000,2112.6800
582.126000,2118.4720
582.376000,2115.5120
582.626000,2109.0320
582.876000,2114.5440
583.126000,2125.0880
583.376000,2124.0640
583.626000,2115.4000
583.876000,2114.6080
584.126000,2110.5120
584.376000,2102.6800
584.626000,2071.8800
584.876000,2088.1760
585.126000,2109.7840
585.376000,2121.3200
585.626000,2119.6000
585.876000,2128.8000
586.126000,2118.0880
586.376000,2113.0560
586.626000,2110.8320
586.876000,2108.0640
587.126000,2100.0400
587.376000,2098.1360
587.626000,2091.3680
587.876000,2083.8640
588.126000,2114.8640
588.376000,2127.4960
588.626000,2128.2880
588.876000,2128.7280
589.126000,2124.1520
589.376000,2117.6880
589.626000,2108.5360
589.876000,2109.5360
590.126000,2118.5680
590.376000,2121.1920
590.626000,2112.7120
590.876000,2090.6480
591.126000,2080.8320
591.376000,2081.5280
591.626000,2080.8320
591.876000,2088.8640
592.126000,2113.0320
592.376000,2110.0320
592.626000,2078.0800
592.876000,2075.5280
593.126000,2079.0160
593.376000,2080.1600
593.626000,2088.6720
593.876000,2109.1360
594.126000,2112.6640
594.376000,2102.8720
594.626000,2102.8080
594.876000,2132.2560
595.126000,2140.8800
595.376000,2113.7200
595.626000,2081.6480
595.876000,2074.8480
596.126000,2074.2000
596.376000,2067.8240
596.626000,2066.0080
596.876000,2066.2240
597.126000,2068.2960
597.376000,2076.1520
597.626000,2085.9920
597.876000,2114.6160
598.126000,2122.5520
598.376000,2086.9920
598.626000,2088.7200
598.876000,2070.4960
599.126000,2060.9680
599.376000,2059.7040
599.626000,2062.5920
599.876000,2071.8400
600.126000,2075.0400
600.376000,2070.1360
600.626000,2066.5680
600.876000,2066.4480
601.126000,2062.6160
601.376000,2061.6640
601.626000,2059.1040
601.876000,2042.0320
602.126000,2047.1840
602.376000,2051.7040
602.626000,2042.8560
602.876000,2040.0480
603.126000,2042.0400
603.376000,2036.9440
603.626000,2057.7840
603.876000,2088.8960
604.126000,2079.8880
604.376000,2051.1600
604.626000,2082.2240
604.876000,2088.3280
605.126000,2071.2800
605.376000,2059.7440
605.626000,2077.7440
605.876000,2086.5840
606.126000,2081.4960
606.376000,2086.9920
606.626000,2091.3760
606.876000,2092.2400
607.126000,2103.4480
607.376000,2099.6000
607.626000,2096.5920
607.876000,2065.4080
608.126000,2068.6800
608.376000,2069.2960
608.626000,2067.7280
608.876000,2068.9600
609.126000,2073.4560
609.376000,2076.1200
609.626000,2088.0960
609.876000,2091.4480
610.126000,2089.4080
610.376000,2096.4960
610.626000,2093.0960
610.876000,2097.4720
611.126000,2096.6080
611.376000,2095.4160
611.626000,2094.9600
611.876000,2093.1920
612.126000,2077.3280
612.376000,2098.5280
612.626000,2100.2880
612.876000,2099.7520
613.126000,2099.0240
613.376000,2104.7840
613.626000,2108.3920
613.876000,2106.0160
614.126000,2114.5120
614.376000,2112.7280
614.626000,2115.9040
614.876000,2114.9520
615.126000,2113.9200
615.376000,2113.7520
615.626000,2122.7440
615.876000,2124.2560
616.126000,2127.7200
616.376000,2130.0000
616.626000,2128.5040
616.876000,2125.0160
617.126000,2120.0720
617.376000,2124.0400
617.626000,2122.4160
617.876000,2121.7200
618.126000,2118.3360
618.376000,2116.4560
618.626000,2131.5680
618.876000,2127.4240
619.126000,2130.0160
619.376000,2134.9440
619.626000,2131.6880
619.876000,2132.3680
620.126000,2130.8800
620.376000,2101.8720
620.626000,1903.1360
620.876000,1749.4560
621.126000,1535.5360
621.376000,1526.5920
621.626000,1586.8080
621.876000,1567.1680
622.126000,1486.9200
622.376000,1479.7680
622.626000,1467.6240
622.876000,1464.6720
623.126000,1477.3200
623.376000,1487.6400
623.626000,1491.6160
623.876000,1493.3840
624.126000,1494.3840
624.376001,1492.7360
624.626000,1493.2080
624.876000,1499.0480
625.126000,1501.6400
625.376000,1508.0800
625.626000,1507.8800
625.876000,1507.1920
626.126000,1504.0000
626.376000,1502.7120
626.626000,1499.2960
626.876000,1494.9760
627.126000,1474.1840
627.376000,1472.5280
627.626000,1473.2320
627.876000,1474.4000
628.126000,1474.5120
628.376000,1475.8480
628.626000,1474.9840
628.876000,1475.0240
629.126000,1475.4960
629.376000,1474.9600
629.626000,1473.8240
629.876000,1473.3120
630.126000,1475.5040
630.376000,1474.5200
630.626000,1475.9760
630.876000,1477.2480
631.126000,1479.9200
631.376000,1481.2080
631.626000,1481.6560
631.876000,1482.0480
632.126000,1482.4320
632.376000,1482.5280
632.626000,1481.9120
632.876000,1482.3840
633.126000,1481.2000
633.376000,1480.1200
633.626000,1479.2560
633.876000,1479.0560
634.126000,1478.5840
634.376000,1477.8480
634.626000,1478.7040
634.876000,1478.0320
635.126000,1479.2400
635.376000,1477.1920
635.626000,1478.3920
635.876000,1475.7680
636.126000,1474.6240
636.376000,1472.7920
636.626000,1471.4320
636.876000,1471.9760
637.126000,1471.5280
637.376000,1470.1760
637.626000,1469.6480
637.876000,1470.7760
638.126000,1470.7600
638.376000,1470.0800
638.626000,1469.8640
638.876000,1470.7440
639.126000,1470.6880
639.376000,1471.5600
639.626000,1472.5840
639.876000,1472.2080
640.126000,1472.4320
640.376000,1472.5040
640.626000,1471.9520
640.876000,1472.5280
641.126000,1472.2320
641.376000,1472.9760
641.626000,1472.1840
641.876000,1472.4800
642.126000,1473.4320
642.376000,1472.6640
642.626000,1472.1280
642.876000,1471.2000
643.126000,1471.4800
643.376000,1471.1200
643.626000,1470.9760
643.876000,1470.9040
644.126000,1471.0640
644.376000,1470.6000
644.626000,1468.3520
644.876000,1469.7040
645.126000,1470.2640
645.376000,1470.1840
645.626000,1469.8160
645.876000,1469.9360
646.126000,1469.8720
646.376000,1468.9920
646.626000,1468.4320
646.876000,1468.4160
647.126000,1468.7120
647.376000,1468.3600
647.626000,1468.9040
647.876000,1468.3520
648.126000,1467.4640
648.376000,1467.2400
648.626000,1467.8480
648.876000,1466.5520
649.126000,1467.1040
649.376000,1465.3520
649.626000,1464.4800
649.876000,1462.4480
650.126000,1461.8800
650.376000,1461.6640
650.626000,1463.1040
650.876000,1463.9680
651.126000,1464.6480
651.376000,1465.4320
651.626000,1464.6400
651.876000,1465.3520
652.126000,1467.0320
652.376000,1467.0960
652.626000,1467.4400
652.876000,1466.8960
653.126000,1467.8400
653.376000,1468.0880
653.626000,1468.3440
653.876000,1468.7280
654.126000,1469.0320
654.376000,1469.3200
654.626000,1469.4560
654.876000,1469.9760
655.126000,1469.9520
655.376000,1470.2160
655.626000,1470.3200
655.876000,1470.6480
656.126000,1471.3920
656.376000,1471.8480
656.626000,1471.3840
656.876000,1471.5920
657.126000,1471.9360
657.376000,1471.8480
657.626000,1472.2640
657.876000,1472.4560
658.126000,1472.1200
658.376000,1472.3440
658.626000,1472.7920
658.876000,1473.1600
659.126000,1472.2560
659.376000,1472.7520
659.626000,1472.1200
659.876000,1472.6320
660.126000,1472.8160
660.376000,1472.4880
660.626000,1472.3440
660.876000,1472.3200
661.126000,1473.4480
661.376000,1473.5040
661.626000,1472.5520
661.876000,1472.6480
662.126000,1472.9520
662.376000,1472.8560
662.626000,1472.5440
662.876000,1472.9440
663.126000,1473.4240
663.376000,1472.8880
663.626000,1472.0880
663.876000,1473.3040
664.126000,1473.2960
664.376000,1471.3520
664.626000,1472.3120
664.876000,1472.0720
665.126000,1472.8400
665.376000,1472.4080
665.626000,1472.4240
665.876000,1472.2960
666.126000,1472.6960
666.376000,1472.1520
666.626000,1471.5600
666.876000,1472.4880
667.126000,1472.1920
667.376000,1472.4560
667.626000,1471.7920
667.876000,1472.3120
668.126000,1472.5840
668.376000,1472.5440
668.626000,1472.3280
668.876000,1472.2720
669.126000,1472.1840
669.376000,1473.0160
669.626001,1472.4800
669.876000,1472.5040
670.126000,1473.3520
670.376000,1472.8720
670.626000,1473.2160
670.876000,1473.1920
671.126000,1472.9280
671.376000,1472.6000
671.626000,1472.4800
671.876000,1472.5600
672.126000,1472.3120
672.376000,1472.6720
672.626000,1472.8080
672.876000,1472.2400
673.126000,1472.9360
673.376000,1472.4240
673.626000,1472.6560
673.876000,1472.1680
674.126000,1472.1040
674.376000,1472.2000
674.626000,1471.5920
674.876000,1471.2240
675.126000,1472.2240
675.376000,1472.0880
675.626000,1472.0160
675.876000,1471.9680
676.126000,1471.7520
676.376000,1471.8240
676.626000,1471.6800
676.876000,1472.1440
677.126000,1471.7360
677.376000,1472.0880
677.626000,1471.2960
677.876000,1471.6800
678.126000,1470.9360
678.376000,1471.5760
678.626000,1470.1840
678.876000,1470.8240
679.126000,1470.8240
679.376000,1472.5680
679.626000,1472.0480
679.876000,1472.7680
680.126000,1472.8320
680.376000,1471.7040
680.626000,1471.1920
680.876000,1470.5760
681.126000,1471.0560
681.376000,1470.5840
681.626000,1470.3920
681.876000,1471.0320
682.126000,1471.4160
682.376000,1472.9440
682.626000,1472.5280
682.876000,1472.5440
683.126000,1472.9840
683.376000,1472.7600
683.626000,1473.5360
683.876000,1473.7200
684.126000,1473.1600
684.376000,1473.4640
684.626000,1473.1440
684.876000,1474.6480
685.126000,1474.8960
685.376000,1476.8720
685.626000,1477.6320
685.876000,1478.4800
686.126000,1478.4560
686.376000,1479.5280
686.626000,1480.7200
686.876000,1479.9600
687.126000,1480.6880
687.376000,1480.5360
687.626000,1481.1360
687.876000,1480.0640
688.126000,1480.5440
688.376000,1479.2720
688.626000,1480.1840
688.876000,1480.2720
689.126000,1480.3760
689.376000,1479.5200
689.626000,1479.8480
689.876000,1480.3360
690.126000,1480.3040
690.376000,1480.5040
690.626000,1481.7920
690.876000,1481.4960
691.126000,1481.3200
691.376000,1480.1840
691.626000,1479.4800
691.876000,1480.1200
692.126000,1478.8960
692.376000,1480.7600
692.626000,1480.8080
692.876000,1481.7200
693.126000,1481.0080
693.376000,1482.0480
693.626000,1481.9840
693.876000,1481.8400
694.126000,1481.3600
694.376000,1482.6240
694.626000,1482.5760
694.876000,1481.3280
695.126000,1481.4720
695.376000,1481.4240
695.626000,1480.3520
695.876000,1480.5040
696.126000,1480.7040
696.376000,1481.2960
696.626000,1482.3040
696.876000,1483.4080
697.126000,1485.0480
697.376000,1485.3760
697.626000,1486.1520
697.876000,1487.0320
698.126000,1487.5200
698.376000,1486.4080
698.626000,1486.9040
698.876000,1486.8320
699.126000,1486.7920
699.376000,1486.3120
699.626000,1487.0480
699.876000,1485.8080
700.126000,1487.6800
700.376000,1486.8400
700.626000,1487.0960
700.876000,1486.8480
701.126000,1488.0000
701.376000,1486.4400
701.626000,1487.1360
701.876000,1486.2800
702.126000,1486.4560
702.376000,1487.0640
702.626000,1487.6240
702.876000,1487.6320
703.126000,1487.5920
703.376000,1488.5120
703.626000,1487.7360
703.876000,1488.1360
704.126000,1489.1200
704.376000,1488.6240
704.626000,1488.0080
704.876000,1488.3360
705.126000,1489.1280
705.376000,1488.0720
705.626000,1487.9680
705.876000,1488.8000
706.126000,1488.9600
706.376000,1489.7040
706.626000,1488.8240
706.876000,1488.3120
707.126000,1489.2960
707.376000,1490.7280
707.626000,1488.8320
707.876000,1489.9040
708.126000,1488.4720
708.376000,1487.3920
708.626000,1488.6240
708.876000,1488.8800
709.126000,1488.8960
709.376000,1489.1440
709.626000,1488.5520
709.876000,1488.4480
710.126000,1489.6240
710.376000,1488.6640
710.626000,1489.1680
710.876000,1489.2320
711.126000,1489.5360
711.376000,1489.3040
711.626000,1488.3680
711.876000,1489.5120
712.126000,1489.0640
712.376000,1489.2240
712.626000,1490.0480
712.876000,1488.4720
713.126000,1489.0480
713.376000,1488.5360
713.626000,1488.6800
713.876000,1489.1600
714.126000,1488.6880
714.376000,1488.8480
714.626000,1489.5600
714.876000,1487.8800
715.126000,1489.0960
715.376000,1488.7760
715.626000,1489.4080
715.876000,1489.7600
716.126000,1489.2960
716.376000,1488.5600
716.626000,1490.0800
716.876000,1490.3120
717.126000,1490.5920
717.376000,1490.4320
717.626000,1490.9200
717.876000,1489.9840
718.126000,1489.1040
718.376000,1489.1360
718.626000,1489.6800
718.876000,1489.7120
719.126000,1490.1360
719.376000,1489.7920
719.626000,1489.9120
719.876000,1489.3680
720.126000,1488.8400
720.376000,1491.2400
720.626000,1489.2800
720.876000,1489.1600
721.126000,1488.9040
721.376000,1489.0800
721.626000,1489.3760
721.876000,1489.7600
722.126000,1490.0800
722.376000,1489.5360
722.626000,1489.6560
722.876000,1489.5440
723.126000,1489.9520
723.376000,1499.2720
723.626000,1501.9360
723.876000,1489.7600
724.126000,1491.9040
724.376000,1478.6480
724.626000,1464.6880
724.876000,1478.8960
725.126000,1610.3680
725.376000,1660.9760
725.626000,1622.1600
725.876000,1706.7760
726.126000,1759.1200
726.376000,1794.0960
726.626000,1799.4800
726.876000,1827.9120
727.126000,1882.4560
727.376000,1848.3600
727.626000,1890.0960
727.876000,1887.4800
728.126000,1841.4800
728.376000,1892.4400
728.626000,1921.2640
728.876000,1890.9600
729.126000,1888.3920
729.376000,1909.1440
729.626000,1851.6160
729.876000,1900.9920
730.126000,1808.2000
730.376000,1806.6720
730.626000,1816.3760
730.876000,1831.1840
731.126000,1925.8960
731.376000,1942.8480
731.626000,1918.0080
731.876000,1924.5360
732.126000,1929.2080
732.376000,1918.0320
732.626000,1915.8320
732.876000,1886.4240
733.126000,1801.3040
733.376000,1809.5200
733.626001,1827.2880
733.876000,1813.1280
734.126000,1888.4560
734.376000,1887.1360
734.626000,1881.5440
734.876000,1881.2720
735.126000,1881.5520
735.376000,1939.7200
735.626000,1984.5120
735.876000,2017.4400
736.126000,2067.1600
736.376000,2073.1840
736.626000,2074.4800
736.876000,2068.0560
737.126000,2050.2160
737.376000,2007.0320
737.626000,1961.3360
737.876000,1963.5280
738.126000,1938.0560
738.376000,1949.6480
738.626000,1949.4800
738.876000,1946.7040
739.126000,1926.4480
739.376000,1934.2960
739.626000,1932.2160
739.876000,1923.0160
740.126000,1950.1600
740.376000,1931.0480
740.626000,1866.6880
740.876000,1878.5040
741.126000,1865.7440
741.376000,1866.2080
741.626000,1921.1840
741.876000,1905.6080
742.126000,1905.6480
742.376000,1940.6240
742.626000,1941.3280
742.876000,1959.6400
743.126000,1958.5520
743.376000,1966.3200
743.626000,1969.5360
743.876000,1968.2480
744.126000,1977.7840
744.376000,1983.4000
744.626000,1993.5520
744.876000,1998.5680
745.126000,1998.4960
745.376000,1983.9280
745.626000,1985.9440
745.876000,2010.3120
746.126000,1994.6480
746.376000,1990.1120
746.626000,1983.2000
746.876000,1980.2960
747.126000,1969.0960
747.376000,1967.4240
747.626000,1958.2160
747.876000,1953.4480
748.126000,1967.9520
748.376000,1983.3040
748.626000,1960.7600
748.876000,1929.2240
749.126000,1969.6720
749.376000,1951.3520
749.626000,1908.2720
749.876000,1929.6720
750.126000,1939.7520
750.376000,1911.1440
750.626000,1919.1600
750.876000,1908.6000
751.126000,1898.0560
751.376000,1913.7840
751.626000,1890.8720
751.876000,1864.5920
752.126000,1874.0880
752.376000,1891.1440
752.626000,1955.4320
752.876000,1988.4160
753.126000,1978.6720
753.376000,1961.2720
753.626001,1921.6240
753.876000,1914.0720
754.126000,1894.7520
754.376000,1886.9360
754.626000,1889.5040
754.876000,1914.7520
755.126000,1914.4080
755.376000,1924.0320
755.626000,1979.6640
755.876001,2003.5200
756.126000,2029.0400
756.376000,2046.8080
756.626000,2109.4720
756.876000,2082.5920
757.126000,2079.7360
757.376000,2100.3120
757.626000,2107.6400
757.876000,2084.0320
758.126000,2080.3920
758.376000,2083.9920
758.626000,2102.8640
758.876000,2091.7120
759.126000,2078.7200
759.376001,2085.0240
759.626000,2085.7200
759.876000,2100.3200
760.126000,2103.0640
760.376000,2097.7280
760.626001,2080.1280
760.876000,2099.7440
761.126000,2127.8400
761.376000,2118.8960
761.626000,2131.9360
761.876000,2133.3440
762.126000,2128.2960
762.376000,2107.8000
762.626000,2099.4000
762.876000,2122.4000
763.126000,2091.9040
763.376000,2046.6400
763.626000,2016.1520
763.876000,2036.8000
764.126000,2086.1120
764.376000,2088.1760
764.626000,2066.2720
764.876000,2080.4240
765.126000,2082.0800
765.376000,2082.9360
765.626000,2027.7840
765.876000,1887.3680
766.126000,1944.4560
766.376000,1725.8480
766.626000,1558.5440
766.876000,1521.2800
767.126000,1463.8960
767.376000,1455.5760
767.626000,1474.7840
767.876000,1486.7840
768.126000,1488.0480
768.376000,1497.6480
768.626000,1501.3520
768.876000,1486.4000
769.126000,1468.5280
769.376000,1469.7440
769.626000,1470.7600
769.876000,1470.6320
770.126000,1471.0240
770.376000,1470.8480
770.626000,1472.2720
770.876000,1471.8640
771.126000,1473.9840
771.376000,1473.5680
771.626000,1473.2320
771.876000,1474.0880
772.126000,1474.3120
772.376000,1476.8000
772.626000,1479.4080
772.876000,1480.8560
773.126000,1482.8080
773.376000,1484.9600
773.626000,1486.1600
773.876000,1485.1680
774.126000,1485.4480
774.376000,1486.1040
774.626000,1487.2720
774.876000,1487.6240
775.126000,1487.8880
775.376000,1487.4800
775.626000,1487.1680
775.876000,1487.1200
776.126000,1485.6800
776.376000,1485.2000
776.626000,1483.9520
776.876000,1484.3280
777.126000,1485.6640
777.376000,1486.2720
777.626000,1485.2640
777.876000,1485.1440
778.126000,1482.0960
778.376000,1482.2960
778.626000,1481.0480
778.876000,1482.9040
779.126000,1484.6960
779.376000,1486.0640
779.626000,1484.3680
779.876000,1484.1600
780.126000,1483.8320
780.376000,1481.7600
780.626000,1481.2160
780.876000,1482.0400
781.126000,1481.8480
781.376000,1481.1200
781.626000,1480.8880
781.876000,1480.6160
782.126000,1482.4000
782.376000,1485.6240
782.626000,1486.0080
782.876000,1485.9680
783.126000,1485.9040
783.376000,1486.2560
783.626000,1487.0560
783.876000,1487.1360
784.126000,1486.3280
784.376000,1486.9840
784.626000,1487.3840
784.876000,1488.5680
785.126000,1488.0160
785.376000,1488.4320
785.626000,1488.2800
785.876000,1487.8640
786.126000,1487.6160
786.376000,1488.9040
786.626000,1487.2480
786.876000,1487.2560
787.126000,1487.7680
787.376000,1487.1520
787.626000,1487.4400
787.876000,1486.8720
788.126000,1486.5760
788.376000,1485.9360
788.626000,1486.5040
788.876000,1486.1760
789.126000,1486.0160
789.376000,1484.9760
789.626000,1484.4640
789.876000,1483.0480
790.126000,1480.6880
790.376000,1483.9600
790.626000,1484.5520
790.876000,1484.3360
791.126000,1484.5520
791.376000,1484.8160
791.626000,1485.2240
791.876000,1485.5520
792.126000,1484.8880
792.376000,1484.6720
792.626000,1484.0320
792.876000,1484.2720
793.126000,1481.6560
793.376000,1478.8080
793.626000,1478.8000
793.876000,1479.0560
794.126000,1478.5520
794.376000,1479.3440
794.626000,1478.4160
794.876000,1478.9920
795.126000,1478.9200
795.376000,1478.7280
795.626000,1479.2320
795.876000,1479.3520
796.126000,1479.5440
796.376000,1479.1520
796.626000,1479.1360
796.876000,1479.8240
797.126000,1480.0800
797.376000,1480.2880
797.626000,1480.0080
797.876000,1480.3440
798.126000,1479.8800
798.376000,1479.6960
798.626000,1479.6160
798.876000,1478.0880
799.126000,1478.1360
799.376000,1478.6400
799.626000,1478.8720
799.876000,1477.7600
800.126000,1477.5120
800.376000,1476.5520
800.626000,1476.6960
800.876000,1476.4960
801.126000,1476.0080
801.376000,1475.9600
801.626000,1475.9280
801.876000,1476.1040
802.126000,1477.0480
802.376000,1477.0400
802.626000,1476.5840
802.876000,1476.4400
803.126000,1475.6960
803.376000,1475.5520
803.626000,1475.4640
803.876000,1476.3520
804.126000,1476.8400
804.376000,1476.8240
804.626000,1476.4640
804.876000,1475.8960
805.126000,1475.6480
805.376000,1475.7440
805.626000,1475.0320
805.876000,1476.3200
806.126000,1475.6080
806.376000,1475.1760
806.626000,1475.4720
806.876000,1475.4880
807.126000,1474.8320
807.376000,1475.5680
807.626000,1476.3760
807.876000,1475.6000
808.126000,1474.4000
808.376000,1475.2160
808.626000,1475.0560
808.876000,1474.5360
809.126000,1474.6720
809.376000,1475.0000
809.626000,1475.4880
809.876000,1475.2800
810.126000,1476.0800
810.376000,1476.0640
810.626000,1475.4960
810.876000,1476.2880
811.126000,1476.4080
811.376000,1476.4080
811.626000,1476.6640
811.876000,1477.2560
812.126000,1475.5600
812.376000,1476.3120
812.626000,1474.2960
812.876000,1475.3520
813.126000,1475.6240
813.376000,1475.7680
813.626000,1475.5680
813.876000,1475.7680
814.126000,1474.8400
814.376000,1475.4080
814.626000,1475.0880
814.876000,1476.1520
815.126000,1476.2160
815.376000,1474.8080
815.626000,1473.8080
815.876000,1474.4240
816.126000,1474.1360
816.376000,1474.4720
816.626000,1475.0640
816.876000,1474.6960
817.126000,1473.9360
817.376000,1475.0160
817.626000,1476.0080
817.876000,1476.0480
818.126000,1476.4320
818.376000,1476.4880
818.626000,1477.8720
818.876000,1487.0720
819.126000,1488.0160
819.376000,1488.6320
819.626000,1489.1040
819.876000,1488.1360
820.126000,1488.4640
820.376000,1488.2960
820.626000,1488.6240
820.876000,1488.7520
821.126000,1489.3840
821.376000,1489.9600
821.626000,1489.9520
821.876000,1490.6080
822.126000,1490.1760
822.376000,1491.5520
822.626000,1491.3440
822.876000,1491.9680
823.126000,1491.3920
823.376000,1491.3760
823.626000,1491.1840
823.876000,1491.9840
824.126000,1490.9360
824.376000,1491.4480
824.626000,1490.0000
824.876000,1490.4080
825.126000,1489.9440
825.376000,1490.0480
825.626000,1489.7600
825.876000,1489.6720
826.126000,1490.5760
826.376000,1490.2880
826.626000,1493.1680
826.876000,1489.4800
827.126000,1489.7840
827.376000,1489.3840
827.626000,1489.5760
827.876000,1489.4160
828.126000,1489.7440
828.376000,1489.1760
828.626000,1489.9600
828.876000,1488.3600
829.126000,1491.6880
829.376000,1490.0880
829.626000,1490.1040
829.876000,1489.5840
830.126000,1490.2160
830.376000,1490.0960
830.626000,1490.2880
830.876000,1490.0240
831.126000,1490.3360
831.376000,1492.7280
831.626000,1491.0480
831.876000,1490.3920
832.126000,1490.2080
832.376000,1490.2320
832.626000,1489.9680
832.876000,1490.3440
833.126000,1490.3760
833.376000,1490.1760
833.626000,1489.3920
833.876000,1489.8640
834.126000,1489.8400
834.376000,1489.9760
834.626000,1489.8400
834.876000,1489.9600
835.126000,1489.7520
835.376000,1489.5680
835.626000,1489.5760
835.876000,1489.2720
836.126000,1490.0240
836.376000,1489.2000
836.626000,1488.9840
836.876000,1489.3920
837.126000,1488.6400
837.376000,1488.8560
837.626000,1488.9840
837.876000,1488.4880
838.126000,1488.9920
838.376000,1488.6720
838.626000,1488.1600
838.876000,1488.9360
839.126000,1488.6240
839.376000,1488.3920
839.626000,1488.5760
839.876000,1488.5840
840.126000,1489.5680
840.376000,1489.8560
840.626000,1490.5360
840.876000,1489.9040
841.126000,1490.0160
841.376000,1491.0800
841.626000,1491.3200
841.876000,1491.0320
842.126000,1490.7360
842.376000,1491.2960
842.626000,1490.8560
842.876000,1491.2240
843.126000,1491.9840
843.376000,1491.7920
843.626000,1491.9840
843.876000,1492.3520
844.126000,1492.1920
844.376000,1492.5440
844.626000,1492.6640
844.876000,1492.4560
845.126000,1492.6720
845.376000,1492.1760
845.626000,1491.9040
845.876000,1492.7280
846.126000,1492.6080
846.376000,1493.0880
846.626000,1492.8160
846.876000,1492.4560
847.126000,1492.5360
847.376000,1492.1120
847.626001,1491.4160
847.876000,1491.7680
848.126000,1492.4640
848.376000,1492.0800
848.626000,1491.5120
848.876000,1491.5520
849.126000,1491.6480
849.376000,1491.7440
849.626000,1492.6400
849.876000,1491.9360
850.126000,1492.5200
850.376000,1492.4560
850.626000,1491.6080
850.876000,1490.4320
851.126000,1490.2560
851.376000,1490.7120
851.626000,1490.5440
851.876000,1490.7520
852.126000,1491.8080
852.376000,1490.6080
852.626000,1490.7440
852.876000,1490.9600
853.126000,1490.4960
853.376000,1491.6320
853.626000,1491.2800
853.876000,1490.2080
854.126000,1490.6560
854.376000,1491.0880
854.626000,1490.5520
854.876000,1490.9440
855.126000,1490.0400
855.376000,1491.7520
855.626000,1492.0960
855.876000,1491.5360
856.126000,1491.9760
856.376000,1491.6640
856.626000,1492.5680
856.876000,1491.8000
857.126000,1491.6160
857.376000,1491.9680
857.626000,1491.1680
857.876000,1491.5280
858.126000,1491.6640
858.376000,1491.5440
858.626000,1491.6080
858.876000,1491.0880
859.126000,1491.3360
859.376000,1491.2480
859.626000,1491.6400
859.876000,1491.1440
860.126000,1492.1040
860.376000,1493.2880
860.626000,1492.6720
860.876000,1492.9600
861.126000,1493.9440
861.376000,1493.8160
861.626000,1494.9840
861.876000,1494.7680
862.126000,1495.2720
862.376000,1494.7440
862.626000,1495.8720
862.876000,1495.8960
863.126000,1493.9440
863.376000,1494.5520
863.626000,1494.6160
863.876000,1494.4800
864.126000,1493.9840
864.376000,1495.0560
864.626000,1494.0800
864.876000,1494.2080
865.126000,1493.8560
865.376000,1493.8320
865.626000,1492.2240
865.876000,1492.3760
866.126000,1493.2640
866.376000,1492.5440
866.626000,1493.1760
866.876000,1491.9440
867.126000,1492.7040
867.376000,1492.5760
867.626000,1491.7600
867.876000,1492.0000
868.126000,1492.4800
868.376000,1490.2640
868.626000,1491.1600
868.876000,1491.2080
869.126000,1491.0320
869.376000,1492.4720
869.626000,1490.9040
869.876000,1491.2560
870.126000,1491.5760
870.376000,1490.9520
870.626000,1492.3200
870.876000,1491.1840
871.126000,1491.6240
871.376000,1492.0560
871.626000,1492.4560
871.876000,1490.7760
872.126000,1491.5040
872.376000,1491.8960
872.626000,1490.8080
872.876000,1491.8080
873.126000,1492.4480
873.376000,1491.8640
873.626000,1491.2080
873.876000,1491.1200
874.126000,1491.6480
874.376000,1490.6720
874.626000,1491.1840
874.876000,1491.3200
875.126000,1490.4720
875.376000,1491.4320
875.626000,1491.2240
875.876000,1491.3040
876.126000,1492.0400
876.376000,1491.6080
876.626000,1491.6000
876.876000,1491.5600
877.126000,1491.7760
877.376000,1490.6080
877.626000,1491.4560
877.876000,1492.0160
878.126000,1492.2800
878.376000,1491.3920
878.626000,1492.0720
878.876000,1490.3760
879.126000,1491.4480
879.376000,1491.9040
879.626000,1491.7280
879.876000,1492.0320
880.126000,1491.8800
880.376000,1491.4560
880.626000,1492.1200
880.876000,1491.3360
881.126000,1491.2160
881.376000,1491.0960
881.626000,1491.7120
881.876000,1491.6160
882.126000,1490.9440
882.376000,1490.7520
882.626000,1490.7520
882.876000,1490.2000
883.126000,1490.4800
883.376000,1489.8960
883.626000,1491.0000
883.876000,1489.9280
884.126000,1489.8240
884.376000,1488.9440
884.626000,1489.3280
884.876000,1488.9520
885.126000,1488.7680
885.376000,1489.4080
885.626000,1489.6240
885.876000,1489.2320
886.126000,1489.2240
886.376000,1490.0240
886.626000,1489.1040
886.876000,1490.5920
887.126000,1491.1120
887.376000,1490.8320
887.626000,1491.5840
887.876000,1489.8640
888.126000,1489.7440
888.376000,1489.9920
888.626000,1490.8080
888.876000,1494.2320
889.126000,1493.3040
889.376000,1492.1840
889.626000,1481.0800
889.876000,1489.2640
890.126000,1560.2960
890.376000,1597.2480
890.626000,1630.0800
890.876000,1642.7040
891.126000,1659.9280
891.376000,1665.8880
891.626000,1668.5120
891.876000,1667.9280
892.126000,1688.9280
892.376000,1692.0000
892.626000,1634.8720
892.876000,1553.6320
893.126000,1556.9520
893.376000,1645.9040
893.626000,1648.5440
893.876000,1570.5200
894.126000,1555.5360
894.376000,1618.7360
894.626000,1642.0240
894.876000,1569.1360
895.126000,1563.9840
895.376000,1562.7040
895.626000,1606.6800
895.876000,1589.8400
896.126000,1663.3280
896.376000,1657.9840
896.626000,1656.7680
896.876000,1657.5120
897.126000,1662.8480
897.376000,1664.6480
897.626000,1682.8800
897.876000,1707.8880
898.126000,1688.9760
898.376000,1557.2800
898.626000,1637.2080
898.876000,1698.9200
899.126000,1707.1680
899.376000,1735.4160
899.626000,1752.6320
899.876000,1743.7280
900.126000,1686.5840
900.376000,1726.8480
900.626000,1776.2640
900.876000,1765.0240
901.126000,1778.4480
901.376000,1776.5760
901.626001,1776.6480
901.876000,1779.2480
902.126000,1778.8720
902.376000,1778.2560
902.626000,1776.5680
902.876000,1782.8640
903.126000,1784.5440
903.376000,1776.2960
903.626000,1777.7760
903.876000,1777.1440
904.126000,1781.9680
904.376000,1783.5280
904.626000,1785.0400
904.876000,1800.8080
905.126000,1797.6080
905.376000,1799.0240
905.626000,1794.9840
905.876000,1799.9680
906.126000,1803.6480
906.376000,1806.4400
906.626000,1808.0640
906.876000,1807.0800
907.126000,1810.8160
907.376000,1811.1760
907.626000,1813.0480
907.876000,1813.7840
908.126001,1817.4080
908.376000,1813.8080
908.626000,1769.4880
908.876000,1825.9120
909.126000,1817.2080
909.376000,1820.0880
909.626000,1811.4160
909.876000,1811.9520
910.126000,1814.6480
910.376000,1821.2400
910.626000,1825.5520
910.876000,1825.4160
911.126000,1820.3680
911.376000,1819.4640
911.626000,1833.4880
911.876000,1831.8960
912.126000,1827.2320
912.376000,1827.7760
912.626000,1823.3600
912.876000,1831.0960
913.126000,1806.6400
913.376000,1807.1760
913.626000,1836.4720
913.876000,1828.8880
914.126000,1831.6400
914.376000,1831.3120
914.626000,1829.6800
914.876000,1838.5040
915.126000,1839.6880
915.376000,1851.4240
915.626000,1853.5680
915.876000,1853.3920
916.126000,1851.7760
916.376000,1853.4080
916.626000,1853.4720
916.876000,1856.3280
917.126000,1857.3360
917.376000,1857.8720
917.626000,1856.0640
917.876000,1862.2880
918.126000,1870.4000
918.376000,1861.6480
918.626000,1858.1120
918.876000,1859.0560
919.126000,1860.1840
919.376000,1858.6800
919.626000,1856.4240
919.876000,1858.1040
920.126000,1860.9840
920.376000,1852.3440
920.626000,1836.9200
920.876000,1847.0800
921.126000,1845.7200
921.376000,1834.4320
921.626000,1835.6560
921.876000,1840.8480
922.126000,1851.4800
922.376000,1857.9200
922.626000,1856.2560
922.876000,1857.1440
923.126000,1860.7440
923.376000,1857.7040
923.626000,1842.0320
923.876000,1842.7200
924.126000,1855.1200
924.376000,1847.3280
924.626000,1853.9680
924.876000,1868.6800
925.126000,1865.5280
925.376000,1865.2640
925.626000,1874.2640
925.876000,1870.2240
926.126000,1868.0640
926.376000,1864.0640
926.626000,1864.0640
926.876000,1869.9760
927.126000,1865.3680
927.376000,1857.2160
927.626000,1860.7200
927.876000,1860.2160
928.126000,1854.8960
928.376000,1861.1040
928.626000,1871.4800
928.876000,1876.1200
929.126000,1874.3440
929.376000,1873.5840
929.626000,1872.3280
929.876000,1869.8880
930.126000,1857.3760
930.376000,1870.8080
930.626001,1871.1680
930.876000,1849.4640
931.126000,1854.9840
931.376000,1848.4880
931.626000,1853.1840
931.876000,1880.9120
932.126000,1883.9440
932.376000,1850.5920
932.626000,1846.6240
932.876000,1846.6880
933.126000,1849.3200
933.376000,1845.0720
933.626000,1848.9440
933.876000,1852.0960
934.126000,1849.5440
934.376000,1861.2480
934.626000,1857.2960
934.876000,1862.6480
935.126000,1879.4800
935.376000,1888.2400
935.626000,1891.8960
935.876000,1880.8800
936.126000,1868.3360
936.376000,1889.2560
936.626000,1889.6560
936.876000,1900.1840
937.126000,1897.7360
937.376000,1903.3200
937.626000,1902.6640
937.876000,1904.3280
938.126000,1910.1440
938.376000,1915.8720
938.626000,1918.7360
938.876000,1925.2560
939.126000,1925.4640
939.376000,1919.9200
939.626000,1922.7760
939.876000,1926.5920
940.126000,1918.3680
940.376000,1921.1840
940.626000,1921.4720
940.876000,1909.9440
941.126000,1906.7280
941.376000,1946.3040
941.626000,1970.3040
941.876000,1948.6400
942.126000,1932.8160
942.376000,1918.2160
942.626000,1919.4560
942.876000,1912.0160
943.126000,1938.0640
943.376000,1913.9760
943.626000,1921.6480
943.876000,1947.1040
944.126000,1934.7280
944.376000,1934.9120
944.626000,1945.6160
944.876000,1953.5120
945.126000,1952.6000
945.376000,1967.0640
945.626000,2003.8800
945.876000,1981.7280
946.126000,2000.2080
946.376000,2004.3280
946.626000,2015.3520
946.876000,2008.2480
947.126000,2006.0080
947.376000,2010.8160
947.626000,2023.3120
947.876000,2030.8240
948.126000,2032.2000
948.376000,2033.8640
948.626000,2038.2240
948.876000,2026.9200
949.126000,2035.2960
949.376000,2035.1680
949.626000,2037.0560
949.876000,2023.6640
950.126000,2024.1920
950.376000,2025.2720
950.626000,1978.6880
950.876000,1829.2240
951.126000,1735.1280
951.376000,1562.9280
951.626000,1593.4880
951.876000,1566.2640
952.126000,1554.8800
952.376000,1254.1440
952.626000,1452.5040
952.876000,1470.9120
953.126000,1475.6560
953.376000,1475.4400
953.626000,1452.4720
953.876000,1452.6160
954.126000,1453.3920
954.376000,1454.8160
954.626000,1455.3200
954.876000,1455.8640
955.126000,1456.0560
955.376000,1457.6880
955.626000,1457.4160
955.876000,1460.6080
956.126000,1462.7760
956.376000,1463.6240
956.626000,1463.2720
956.876000,1464.1680
957.126000,1462.7200
957.376000,1464.1040
957.626000,1464.5360
957.876000,1465.3280
958.126000,1465.0800
958.376000,1467.0800
958.626000,1467.9520
958.876000,1467.7280
959.126000,1468.8880
959.376000,1468.6080
959.626000,1470.2240
959.876000,1468.8800
960.126000,1467.5040
960.376000,1465.7920
960.626000,1466.0000
960.876001,1465.9280
961.126000,1467.8560
961.376000,1468.0880
961.626000,1469.1760
961.876000,1468.8320
962.126000,1468.9200
962.376000,1466.3040
962.626000,1467.4400
962.876000,1472.9520
963.126000,1473.7600
963.376000,1473.2240
963.626000,1473.9600
963.876000,1474.0080
964.126000,1474.6000
964.376000,1475.7680
964.626000,1476.2320
964.876000,1477.1920
965.126000,1477.3360
965.376000,1478.5600
965.626000,1480.5760
965.876000,1479.2640
966.126000,1480.5040
966.376000,1480.1920
966.626000,1479.1840
966.876000,1482.3600
967.126000,1483.5520
967.376000,1483.3120
967.626000,1483.2000
967.876000,1483.0560
968.126000,1482.1920
968.376000,1481.4880
968.626000,1481.1360
968.876000,1481.1040
969.126000,1481.3360
969.376000,1481.6400
969.626000,1481.4560
969.876000,1481.3600
970.126000,1481.4240
970.376000,1482.0800
970.626000,1482.9760
970.876000,1482.7840
971.126000,1482.9040
971.376000,1482.4240
971.626000,1482.8880
971.876000,1482.9200
972.126000,1482.3280
972.376000,1482.6960
972.626000,1480.8960
972.876000,1481.1360
973.126000,1479.8160
973.376000,1479.4480
973.626000,1480.1920
973.876000,1480.1440
974.126000,1479.7120
974.376000,1481.0640
974.626000,1479.4880
974.876000,1479.6720
975.126000,1479.4320
975.376000,1480.7280
975.626000,1480.4160
975.876000,1480.8720
976.126000,1482.1680
976.376000,1481.3520
976.626000,1482.3840
976.876000,1480.5280
977.126000,1481.3920
977.376000,1479.7200
977.626000,1479.6480
977.876000,1478.6800
978.126000,1478.8320
978.376000,1479.6000
978.626000,1479.1600
978.876000,1479.1440
979.126000,1479.0720
979.376000,1480.3440
979.626000,1478.9040
979.876000,1479.8960
980.126000,1477.1280
980.376000,1477.1360
980.626000,1477.8320
980.876000,1476.9200
981.126000,1476.9760
981.376000,1477.4240
981.626000,1476.8400
981.876000,1476.4240
982.126000,1477.1040
982.376000,1477.8400
982.626000,1476.9840
982.876000,1476.7760
983.126000,1476.6160
983.376000,1477.1360
983.626000,1478.2160
983.876000,1477.9600
984.126000,1478.0320
984.376000,1476.6000
984.626000,1476.8960
984.876000,1477.2240
985.126000,1477.6000
985.376000,1477.9040
985.626000,1476.9200
985.876000,1478.2560
986.126000,1478.2400
986.376000,1477.5120
986.626000,1477.9840
986.876000,1477.3920
987.126000,1477.9120
987.376000,1477.3840
987.626000,1477.7440
987.876000,1477.7760
988.126000,1476.8320
988.376000,1477.1120
988.626000,1477.4080
988.876000,1476.7760
989.126000,1476.8880
989.376000,1477.3760
989.626000,1477.6080
989.876000,1478.0560
990.126000,1478.1120
990.376000,1477.6400
990.626000,1478.0000
990.876000,1477.4960
991.126000,1477.4320
991.376000,1477.9120
991.626000,1478.0800
991.876000,1478.5680
992.126000,1477.2640
992.376000,1478.2880
992.626000,1478.0720
992.876000,1477.2560
993.126000,1479.2080
993.376000,1477.6080
993.626000,1479.5280
993.876000,1478.4160
994.126000,1478.9120
994.376000,1478.5680
994.626000,1479.1680
994.876000,1480.7120
995.126000,1479.1840
995.376000,1479.9120
995.626000,1480.4160
995.876000,1479.3200
996.126000,1478.4880
996.376000,1478.6640
996.626000,1479.2560
996.876000,1480.3440
997.126000,1478.7280
997.376000,1479.3600
997.626000,1477.7520
997.876000,1479.0080
998.126000,1477.7120
998.376000,1479.3040
998.626000,1478.1840
998.876000,1479.1520
999.126000,1478.6560
999.376000,1478.4960
999.626000,1479.0320
999.876000,1478.9120
1000.126000,1477.8480
1000.376000,1477.7120
1000.626000,1478.8320
1000.876000,1478.6720
1001.126000,1479.2880
1001.376000,1478.5840
1001.626000,1479.6000
1001.876000,1479.2960
1002.126000,1479.8000
1002.376000,1482.6240
1002.626000,1482.2560
1002.876000,1484.2640
1003.126000,1484.6880
1003.376000,1485.4240
1003.626000,1487.4400
1003.876000,1487.6080
1004.126000,1487.2480
1004.376000,1487.0800
1004.626000,1486.6800
1004.876000,1486.4240
1005.126000,1486.2160
1005.376000,1486.0800
1005.626000,1486.6720
1005.876000,1486.7440
1006.126000,1489.0640
1006.376000,1486.9440
1006.626000,1487.1360
1006.876000,1487.5360
1007.126000,1487.4480
1007.376000,1487.0960
1007.626000,1487.6080
1007.876000,1488.2320
1008.126000,1487.8080
1008.376000,1488.3040
1008.626000,1488.1200
1008.876000,1488.5520
1009.126000,1488.1600
1009.376000,1488.2720
1009.626000,1489.0240
1009.876000,1488.9920
1010.126000,1488.8320
1010.376000,1489.4240
1010.626000,1489.6960
1010.876000,1489.4480
1011.126000,1489.7120
1011.376000,1489.7040
1011.626000,1490.0000
1011.876000,1490.1840
1012.126000,1489.7920
1012.376000,1489.9360
1012.626000,1490.2960
1012.876000,1489.7920
1013.126000,1490.0240
1013.376000,1489.4160
1013.626000,1489.1920
1013.876000,1489.0640
1014.126000,1489.2720
1014.376000,1489.0080
1014.626000,1488.9920
1014.876000,1488.8880
1015.126000,1489.5280
1015.376000,1488.6640
1015.626000,1489.6000
1015.876000,1489.2320
1016.126000,1487.9600
1016.376000,1487.2480
1016.626000,1487.2400
1016.876000,1487.1760
1017.126000,1486.9440
1017.376000,1486.5040
1017.626000,1487.3600
1017.876000,1486.5440
1018.126000,1486.3600
1018.376000,1486.7120
1018.626000,1486.8400
1018.876000,1487.1040
1019.126000,1487.1280
1019.376000,1487.5360
1019.626000,1488.1680
1019.876000,1488.9280
1020.126000,1488.9920
1020.376000,1489.5280
1020.626000,1490.4000
1020.876000,1489.6640
1021.126000,1489.5520
1021.376000,1489.6080
1021.626000,1489.0000
1021.876000,1489.7360
1022.126000,1489.3040
1022.376000,1489.3920
1022.626000,1489.7760
1022.876000,1490.0960
1023.126000,1490.7840
1023.376000,1490.1200
1023.626000,1490.4080
1023.876000,1490.3360
1024.126000,1489.9840
1024.376000,1490.4400
1024.626000,1489.9120
1024.876000,1491.4080
1025.126000,1490.4000
1025.376000,1489.6560
1025.626000,1491.2320
1025.876000,1491.1760
1026.126000,1491.2080
1026.376000,1491.3520
1026.626000,1491.0800
1026.876000,1490.9360
1027.126000,1490.8160
1027.376000,1490.8160
1027.626000,1491.1600
1027.876000,1489.4240
1028.126000,1491.4400
1028.376000,1490.6720
1028.626000,1490.4240
1028.876000,1490.5520
1029.126000,1490.4640
1029.376000,1489.5840
1029.626000,1490.6320
1029.876000,1489.8000
1030.126000,1491.2240
1030.376000,1491.7120
1030.626000,1490.2000
1030.876000,1490.0000
1031.126000,1490.3040
1031.376000,1491.3760
1031.626000,1490.1760
1031.876000,1490.5360
1032.126000,1490.8000
1032.376000,1490.6960
1032.626000,1492.5760
1032.876000,1489.3040
1033.126000,1490.1280
1033.376000,1490.2800
1033.626000,1489.8640
1033.876000,1489.5600
1034.126000,1489.2800
1034.376000,1489.3840
1034.626000,1489.1920
1034.876000,1489.5840
1035.126000,1489.8480
1035.376000,1489.0960
1035.626000,1489.3120
1035.876000,1489.5040
1036.126000,1489.2000
1036.376000,1489.4000
1036.626000,1489.3440
1036.876000,1489.2320
1037.126000,1489.3280
1037.376000,1489.2880
1037.626000,1489.1600
1037.876000,1489.5680
1038.126000,1489.4080
1038.376000,1489.4640
1038.626000,1489.7280
1038.876000,1489.3440
1039.126000,1489.4960
1039.376000,1489.3520
1039.626000,1489.3600
1039.876000,1489.3200
1040.126000,1489.4720
1040.376000,1489.4560
1040.626000,1489.2480
1040.876000,1488.4720
1041.126000,1488.6880
1041.376000,1489.4480
1041.626000,1488.9440
1041.876000,1488.6080
1042.126000,1489.1200
1042.376000,1489.1200
1042.626000,1488.9680
1042.876000,1489.1440
1043.126000,1488.6880
1043.376000,1488.0880
1043.626000,1488.1920
1043.876000,1488.7600
1044.126000,1488.6400
1044.376000,1488.6800
1044.626000,1488.4800
1044.876000,1487.9520
1045.126000,1488.6640
1045.376000,1489.1280
1045.626000,1489.2800
1045.876000,1487.9760
1046.126000,1488.3120
1046.376000,1488.2640
1046.626000,1488.4320
1046.876000,1488.4960
1047.126000,1487.9600
1047.376000,1488.5120
1047.626000,1488.8640
1047.876000,1488.4080
1048.126000,1489.2160
1048.376000,1488.7840
1048.626000,1488.0720
1048.876000,1488.9920
1049.126000,1489.0240
1049.376000,1488.8320
1049.626000,1490.0240
1049.876000,1488.7760
1050.126000,1488.4240
1050.376000,1487.6800
1050.626000,1488.5840
1050.876000,1490.4240
1051.126000,1491.1600
1051.376000,1490.8320
1051.626000,1495.9360
1051.876000,1491.1680
1052.126000,1495.8960
1052.376000,1489.0320
1052.626000,1486.2800
1052.876000,1491.5040
1053.126000,1487.6400
1053.376000,1478.0240
1053.626000,1514.1040
1053.876000,1530.1520
1054.126000,1593.8800
1054.376000,743.2160
1054.626000,0.0000
1054.876000,0.0000
1055.126000,0.0000
1055.376000,0.0000
1055.626000,0.0000
1055.876000,0.0000
1056.126000,0.0000
1056.376000,0.0000
1056.626000,0.0000
1056.876000,0.0000
1057.126000,222.1760
1057.376000,636.1520
1057.626000,0.0000
1057.876000,0.0000
1058.126000,0.0000
1058.376000,0.0000
1058.626000,0.0000
1058.876000,0.0000
1059.126000,0.0000
1059.376000,0.0000
1059.626000,0.0000
1059.876000,0.0000
1060.126000,0.0000
1060.376000,0.0000
1060.626000,0.0000
1060.876000,0.0000
1061.126000,0.0000
1061.376000,0.0000
1061.626000,0.0000
1061.876000,0.0000
1062.126000,0.0000
1062.376000,0.0000
1062.626000,0.0000
1062.876000,0.0000
1063.126000,0.0000
1063.376000,0.0000
1063.626000,0.0000
1063.876000,0.0000
1064.126000,0.0000
1064.376000,0.0000
1064.626000,0.0000
1064.876000,0.0000
1065.126000,0.0000
1065.376000,0.0000
1065.626000,0.0000
1065.876000,0.0000
1066.126000,0.0000
1066.376000,0.0000
1066.626000,617.4080
1066.876000,1884.6960
1067.126000,1652.6080
1067.376000,1129.3680
1067.626000,1854.6640
1067.876000,1833.2960
1068.126000,1740.4080
1068.376000,229.0560
1068.626000,0.0000
1068.876000,0.0000
1069.126000,0.0000
1069.376000,0.0000
1069.626000,0.0000
1069.876000,0.0000
1070.126000,0.0000
1070.376000,0.0000
1070.626001,0.0000
1070.876000,0.0000
1071.126000,0.0000
1071.376000,0.0000
1071.626000,0.0000
1071.876000,815.0000
1072.126000,1887.8240
1072.376000,1896.2080
1072.626000,1932.6400
1072.876000,752.6480
1073.126000,0.0000
1073.376000,1574.7840
1073.626000,1886.7920
1073.876000,1928.5520
1074.126000,1933.5920
1074.376000,1936.2480
1074.626000,1938.5360
1074.876000,1942.2960
1075.126000,1918.7680
1075.376000,1921.7600
1075.626000,1919.9280
1075.876000,1919.0800
1076.126000,1918.4480
1076.376000,1921.0320
1076.626000,1931.6640
1076.876000,1933.8480
1077.126000,1961.7840
1077.376000,1968.8560
1077.626000,1965.7440
1077.876000,1934.5920
1078.126000,1930.8400
1078.376000,1939.9040
1078.626000,1956.0080
1078.876000,1973.0000
1079.126000,1958.3760
1079.376000,1957.4800
1079.626000,1959.3360
1079.876000,1966.6080
1080.126000,1983.3600
1080.376000,1982.5280
1080.626000,1968.0080
1080.876000,1953.2640
1081.126000,1940.0400
1081.376000,1939.9040
1081.626000,1949.7680
1081.876000,1957.7760
1082.126000,1974.5120
1082.376000,1955.5440
1082.626000,1961.2560
1082.876000,1963.6800
1083.126000,1963.1680
1083.376000,1969.4720
1083.626000,1977.7360
1083.876000,1979.2960
1084.126000,1980.4080
1084.376000,1981.5680
1084.626000,1986.1120
1084.876000,1971.2960
1085.126000,1939.6160
1085.376000,1949.6720
1085.626000,1943.0080
1085.876000,1954.7520
1086.126000,1959.9120
1086.376000,1958.1520
1086.626000,1963.1200
1086.876000,1962.2000
1087.126000,1989.2480
1087.376000,1997.7520
1087.626000,2002.2000
1087.876000,1999.7840
1088.126000,2000.6320
1088.376000,1982.8080
1088.626000,1959.0080
1088.876000,1959.0480
1089.126000,1960.2960
1089.376000,1958.6960
1089.626000,1958.6240
1089.876000,1978.3040
1090.126000,1998.7760
1090.376000,1995.3760
1090.626000,1988.9360
1090.876000,1991.1120
1091.126000,1969.6080
1091.376000,1957.1920
1091.626000,1961.3040
1091.876000,1960.5760
1092.126000,1962.5200
1092.376000,1951.0560
1092.626000,1946.7760
1092.876000,1948.5200
1093.126000,1956.1600
1093.376000,1975.6560
1093.626000,1993.5440
1093.876000,2000.4560
1094.126000,1999.7040
1094.376000,1960.2720
1094.626000,1953.5280
1094.876000,1965.0480
1095.126000,1965.1920
1095.376000,1985.5360
1095.626000,1956.6800
1095.876000,1955.3200
1096.126000,1894.3120
1096.376000,73.2240
1096.626000,0.0000
1096.876000,0.0000
1097.126000,119.5200
1097.376000,1531.1520
1097.626000,1563.2080
1097.876000,1548.8320
1098.126000,1507.8720
1098.376000,1116.2960
1098.626000,727.8960
1098.876000,1222.6800
1099.126000,1469.5440
1099.376000,1461.6160
1099.626000,1460.3600
1099.876000,1463.3920
1100.126000,828.8400
1100.376000,0.0000
1100.626000,0.0000
1100.876000,0.0000
1101.126000,0.0000
1101.376000,0.0000
1101.626000,0.0000
1101.876000,0.0000
1102.126000,0.0000
1102.376000,0.0000
1102.626000,0.0000
1102.876000,0.0000
1103.126000,0.0000
1103.376000,0.0000
1103.626000,0.0000
1103.876000,0.0000
1104.126000,0.0000
1104.376000,0.0000
1104.626000,0.0000
1104.876000,0.0000
1105.126000,0.0000
1105.376000,0.0000
1105.626000,0.0000
1105.876000,0.0000
1106.126000,0.0000
1106.376000,0.0000
1106.626000,0.0000
1106.876000,0.0000
1107.126000,0.0000
1107.376000,0.0000
1107.626000,0.0000
1107.876000,0.0000
1108.126000,0.0000
1108.376000,0.0000
1108.626000,0.0000
1108.876000,0.0000
1109.126000,0.0000
1109.376000,0.0000
1109.626000,0.0000
1109.876000,0.0000
1110.126000,0.0000
1110.376000,0.0000
1110.626000,0.0000
1110.876000,0.0000
1111.126000,0.0000
1111.376000,0.0000
1111.626000,0.0000
1111.876000,0.0000
1112.126000,0.0000
1112.376000,0.0000
1112.626000,0.0000
1112.876000,0.0000
1113.126000,0.0000
1113.376000,0.0000
1113.626000,0.0000
1113.876000,0.0000
1114.126000,0.0000
1114.376000,0.0000
1114.626000,0.0000
1114.876000,0.0000
1115.126000,0.0000
1115.376000,0.0000
1115.626000,0.0000
1115.876000,0.0000
1116.126000,0.0000
1116.376000,0.0000
1116.626000,0.0000
1116.876000,0.0000
1117.126000,0.0000
1117.376000,0.0000
1117.626000,0.0000
1117.876000,0.0000
1118.126000,0.0000
1118.376000,0.0000
1118.626000,0.0000
1118.876000,0.0000
1119.126000,0.0000
1119.376000,0.0000
1119.626000,0.0000
1119.876000,0.0000
1120.126000,0.0000
1120.376000,0.0000
1120.626000,0.0000
1120.876000,0.0000
1121.126000,0.0000
1121.376000,0.0000
1121.626000,0.0000
1121.876000,0.0000
1122.126000,0.0000
1122.376000,0.0000
1122.626000,0.0000
1122.876000,0.0000
1123.126000,0.0000
1123.376000,0.0000
1123.626000,0.0000
1123.876000,0.0000
1124.126000,0.0000
1124.376000,0.0000
1124.626000,0.0000
1124.876000,0.0000
1125.126000,0.0000
1125.376000,0.0000
1125.626000,0.0000
1125.876000,0.0000
1126.126000,0.0000
1126.376000,0.0000
1126.626000,0.0000
1126.876000,0.0000
1127.126000,0.0000
1127.376000,0.0000
1127.626000,0.0000
1127.876000,0.0000
1128.126000,0.0000
1128.376000,0.0000
1128.626000,0.0000
1128.876000,0.0000
1129.126000,0.0000
1129.376000,0.0000
1129.626000,0.0000
1129.876000,0.0000
1130.126000,0.0000
1130.376000,0.0000
1130.626000,0.0000
1130.876000,0.0000
1131.126000,0.0000
1131.376000,0.0000
1131.626000,0.0000
1131.876000,0.0000
1132.126000,0.0000
1132.376000,0.0000
1132.626000,0.0000
1132.876000,0.0000
1133.126000,0.0000
1133.376000,0.0000
1133.626000,0.0000
1133.876000,0.0000
1134.126000,0.0000
1134.376000,0.0000
1134.626000,0.0000
1134.876000,0.0000
1135.126000,0.0000
1135.376000,0.0000
1135.626000,0.0000
1135.876000,0.0000
1136.126000,0.0000
1136.376000,0.0000
1136.626000,0.0000
1136.876000,0.0000
1137.126000,0.0000
1137.376000,0.0000
1137.626000,0.0000
1137.876000,0.0000
1138.126000,0.0000
1138.376000,0.0000
1138.626000,0.0000
1138.876000,0.0000
1139.126000,0.0000
1139.376000,0.0000
1139.626000,0.0000
1139.876000,0.0000
1140.126000,0.0000
1140.376000,0.0000
1140.626000,0.0000
1140.876000,0.0000
1141.126000,0.0000
1141.376000,0.0000
1141.626000,0.0000
1141.876000,0.0000
1142.126000,0.0000
1142.376000,0.0000
1142.626000,0.0000
1142.876000,0.0000
1143.126000,0.0000
1143.376000,0.0000
1143.626000,0.0000
1143.876000,0.0000
1144.126000,0.0000
1144.376000,0.0000
1144.626000,0.0000
1144.876000,0.0000
1145.126000,0.0000
1145.376000,0.0000
1145.626000,0.0000
1145.876000,0.0000
1146.126000,0.0000
1146.376000,0.0000
1146.626000,0.0000
1146.876000,0.0000
1147.126000,0.0000
1147.376000,0.0000
1147.626000,0.0000
1147.876000,0.0000
1148.126000,0.0000
1148.376000,0.0000
1148.626000,0.0000
1148.876000,0.0000
1149.126000,0.0000
1149.376000,0.0000
1149.626000,0.0000
1149.876000,0.0000
1150.126000,0.0000
1150.376000,0.0000
1150.626000,0.0000
1150.876000,0.0000
1151.126000,0.0000
1151.376000,0.0000
1151.626000,0.0000
1151.876000,0.0000
1152.126000,0.0000
1152.376000,0.0000
1152.626000,0.0000
1152.876000,0.0000
1153.126000,0.0000
1153.376000,0.0000
1153.626000,0.0000
1153.876000,0.0000
1154.126000,0.0000
1154.376000,0.0000
1154.626000,0.0000
1154.876000,0.0000
1155.126000,0.0000
1155.376000,0.0000
1155.626000,0.0000
1155.876000,0.0000
1156.126000,0.0000
1156.376000,0.0000
1156.626000,0.0000
1156.876000,0.0000
1157.126000,0.0000
1157.376000,0.0000
1157.626000,0.0000
1157.876000,0.0000
1158.126000,0.0000
1158.376000,0.0000
1158.626000,0.0000
1158.876000,0.0000
1159.126000,0.0000
1159.376000,0.0000
1159.626000,0.0000
1159.876000,0.0000
1160.126000,0.0000
1160.376000,0.0000
1160.626000,0.0000
1160.876000,0.0000
1161.126000,0.0000
1161.376000,0.0000
1161.626000,0.0000
1161.876000,0.0000
1162.126000,0.0000
1162.376000,0.0000
1162.626000,0.0000
1162.876000,0.0000
1163.126000,0.0000
1163.376000,0.0000
1163.626000,0.0000
1163.876000,0.0000
1164.126000,0.0000
1164.376000,0.0000
1164.626000,0.0000
1164.876000,0.0000
1165.126000,0.0000
1165.376000,0.0000
1165.626000,0.0000
1165.876000,0.0000
1166.126000,0.0000
1166.376000,0.0000
1166.626000,0.0000
1166.876000,0.0000
1167.126000,0.0000
1167.376000,0.0000
1167.626000,0.0000
1167.876000,0.0000
1168.126000,0.0000
1168.376000,0.0000
1168.626000,0.0000
1168.876000,0.0000
1169.126000,0.0000
1169.376000,0.0000
1169.626000,0.0000
1169.876000,0.0000
1170.126000,0.0000
1170.376000,0.0000
1170.626000,0.0000
1170.876000,0.0000
1171.126000,0.0000
1171.376000,0.0000
1171.626000,0.0000
1171.876000,0.0000
1172.126000,0.0000
1172.376000,0.0000
1172.626000,0.0000
1172.876000,0.0000
1173.126000,0.0000
1173.376000,0.0000
1173.626000,0.0000
1173.876000,0.0000
1174.126000,0.0000
1174.376000,0.0000
1174.626000,0.0000
1174.876000,0.0000
1175.126000,0.0000
1175.376000,0.0000
1175.626000,0.0000
1175.876000,0.0000
1176.126000,0.0000
1176.376000,0.0000
1176.626000,0.0000
1176.876000,0.0000
1177.126000,0.0000
1177.376000,0.0000
1177.626000,0.0000
1177.876000,0.0000
1178.126000,0.0000
1178.376000,0.0000
1178.626000,0.0000
1178.876000,0.0000
1179.126000,0.0000
1179.376000,0.0000
1179.626000,0.0000
1179.876000,0.0000
1180.126000,0.0000
1180.376000,0.0000
1180.626000,0.0000
1180.876000,0.0000
1181.126000,0.0000
1181.376000,0.0000
1181.626000,0.0000
1181.876000,0.0000
1182.126000,0.0000
1182.376000,0.0000
1182.626000,0.0000
1182.876000,0.0000
1183.126000,0.0000
1183.376000,0.0000
1183.626000,0.0000
1183.876000,0.0000
1184.126000,0.0000
1184.376000,0.0000
1184.626000,0.0000
1184.876000,0.0000
1185.126000,0.0000
1185.376000,0.0000
1185.626000,0.0000
1185.876000,0.0000
1186.126000,0.0000
1186.376000,0.0000
1186.626000,0.0000
1186.876000,0.0000
1187.126000,0.0000
1187.376000,0.0000
1187.626000,0.0000
1187.876000,0.0000
1188.126000,0.0000
1188.376000,0.0000
1188.626000,0.0000
1188.876000,0.0000
1189.126000,0.0000
1189.376000,0.0000
1189.626000,0.0000
1189.876000,0.0000
1190.126000,0.0000
1190.376000,0.0000
1190.626000,0.0000
1190.876000,0.0000
1191.126000,0.0000
1191.376000,0.0000
1191.626000,0.0000
1191.876000,0.0000
1192.126000,0.0000
1192.376000,0.0000
1192.626000,0.0000
1192.876000,0.0000
1193.126000,0.0000
1193.376000,0.0000
1193.626000,0.0000
1193.876000,0.0000
1194.126000,0.0000
1194.376000,0.0000
1194.626000,0.0000
1194.876000,0.0000
1195.126000,0.0000
1195.376000,0.0000
1195.626000,0.0000
1195.876000,0.0000
1196.126000,0.0000
1196.376000,0.0000
1196.626000,0.0000
1196.876000,0.0000
1197.126000,0.0000
1197.376000,0.0000
1197.626000,0.0000
1197.876000,0.0000
1198.126000,0.0000
1198.376000,0.0000
1198.626000,0.0000
1198.876000,0.0000
1199.126000,0.0000
1199.376000,0.0000
1199.626000,0.0000
1199.876000,0.0000
1200.126000,0.0000
1200.376000,0.0000
1200.626000,0.0000
1200.876000,0.0000
1201.126000,0.0000
1201.376000,0.0000
1201.626000,0.0000
1201.876000,0.0000
1202.126000,0.0000
1202.376000,0.0000
1202.626000,0.0000
1202.876000,0.0000
1203.126000,0.0000
1203.376000,0.0000
1203.626000,0.0000
1203.876000,0.0000
1204.126000,0.0000
1204.376000,0.0000
1204.626000,0.0000
1204.876000,0.0000
1205.126000,0.0000
1205.376000,0.0000
1205.626000,0.0000
1205.876000,0.0000
1206.126000,0.0000
1206.376000,0.0000
1206.626000,0.0000
1206.876000,0.0000
1207.126000,0.0000
1207.376000,0.0000
1207.626000,0.0000
1207.876000,0.0000
1208.126000,0.0000
1208.376000,0.0000
1208.626000,0.0000
1208.876000,0.0000
1209.126000,0.0000
1209.376000,0.0000
1209.626000,0.0000
1209.876000,0.0000
1210.126000,0.0000
1210.376000,0.0000
1210.626000,0.0000
1210.876000,0.0000
1211.126000,0.0000
1211.376000,0.0000
1211.626000,0.0000
1211.876000,0.0000
1212.126000,0.0000
1212.376000,0.0000
1212.626000,0.0000
1212.876000,0.0000
1213.126000,0.0000
1213.376000,0.0000
1213.626000,0.0000
1213.876000,0.0000
1214.126000,0.0000
1214.376000,0.0000
1214.626000,0.0000
1214.876000,0.0000
