record,split,start_sample,end_sample,duration_s,peak_rel,matched
1001,DEV,477,666,47.25,0.6908706469558235,1
1001,DEV,2482,2791,77.25,0.6828653405813123,1
1001,DEV,3301,3551,62.5,0.5549075069442856,1
1001,DEV,4960,5063,25.75,0.5181847523056553,0
1001,DEV,5063,5209,36.5,0.5297479726243935,1
1001,DEV,5587,5858,67.75,0.8810919746168254,1
1001,DEV,6176,6409,58.25,0.7677470018221603,1
1001,DEV,7048,7256,52.0,0.5564323272060974,1
1001,DEV,8247,8648,100.25,0.540167577746773,1
1001,DEV,8969,9127,39.5,0.6767660595340655,0
1001,DEV,9362,9965,150.75,0.6366124593063592,0
1001,DEV,10306,10770,116.0,1.0199776867968353,0
1001,DEV,11203,11381,44.5,0.6621531986917041,0
1001,DEV,12051,12228,44.25,0.8164141818449817,0
1001,DEV,12588,12820,58.0,0.5170411371092966,0
1001,DEV,13045,13257,53.0,0.7155219078551116,0
1001,DEV,13588,13835,61.75,0.8334413414352115,0
1001,DEV,13835,14301,116.5,1.4788215172469876,1
1001,DEV,14503,14703,50.0,1.4121106307927285,0
1002,TEST,1009,1135,31.5,0.5797921878709299,1
1002,TEST,1403,1654,62.75,0.9148846807034202,1
1002,TEST,1654,1751,24.25,0.572601851682767,0
1002,TEST,2647,2773,31.5,0.5220412337247311,1
1002,TEST,4798,4945,36.75,0.5460090210186082,1
1002,TEST,5237,5424,46.75,0.6787449096985081,1
1002,TEST,5507,5671,41.0,0.6343474370446119,1
1002,TEST,5753,5847,23.5,0.5520580340023009,0
1002,TEST,6474,6595,30.25,0.5044648563758879,1
1002,TEST,7269,7374,26.25,0.5390469494713391,1
1002,TEST,8720,8801,20.25,0.5827596282025529,0
1002,TEST,8885,9073,47.0,0.6292114826244954,1
1002,TEST,9441,9599,39.5,1.1337904713208307,1
1002,TEST,9778,9884,26.5,1.2843310019904677,1
1002,TEST,10110,10233,30.75,0.5302587607969175,1
1002,TEST,10577,10702,31.25,0.8305408958930626,1
1002,TEST,10944,11100,39.0,1.0517293329194133,1
1002,TEST,11374,11541,41.75,1.0158917842990447,1
1002,TEST,11696,11883,46.75,1.1061704497726483,1
1002,TEST,12093,12261,42.0,1.0734144738043496,1
1002,TEST,12879,13082,50.75,0.9208195613666659,1
1002,TEST,13244,13465,55.25,1.169742152261646,1
1002,TEST,13465,13796,82.75,1.1674595058527055,1
1002,TEST,13927,14136,52.25,1.0564839045855607,1
1002,TEST,14335,14703,92.0,1.4073266576397416,1
1002,TEST,14703,14835,33.0,1.1725564744801937,0
1003,DEV,5778,6015,59.25,1.0511759581881535,1
1003,DEV,6315,6477,40.5,1.005226480836237,1
1003,DEV,6780,7010,57.5,1.2361822777891645,1
1003,DEV,7329,7645,79.0,0.6260385955507908,1
1003,DEV,8273,8564,72.75,0.9954268292682927,1
1003,DEV,8564,8766,50.5,0.6287020905923344,0
1003,DEV,8939,9193,63.5,0.8144599303135888,1
1003,DEV,9530,9729,49.75,0.8808797909407666,1
1003,DEV,9979,10241,65.5,0.6450348432055748,1
1003,DEV,10887,11103,54.0,0.8177264808362369,1
1003,DEV,11103,11683,145.0,0.7338850174216027,1
1003,DEV,11893,12074,45.25,0.514808362369338,1
1003,DEV,12627,12987,90.0,0.61955574912892,1
1003,DEV,12987,13413,106.5,1.1615853658536586,1
1003,DEV,13716,13932,54.0,0.8898083623693379,1
1003,DEV,14421,14820,99.75,0.8887195121951224,1
1004,TEST,241,395,38.5,0.6079273729431791,1
1004,TEST,885,1040,38.75,0.5734781551430657,1
1004,TEST,1303,1449,36.5,1.0395558077328364,0
1004,TEST,1449,1857,102.0,0.9951771095079845,1
1004,TEST,1857,2032,43.75,0.7795655345708037,0
1004,TEST,3667,3784,29.25,0.9119333500146249,1
1004,TEST,3926,4164,59.5,1.1646429439896253,1
1004,TEST,4306,4459,38.25,1.1490285496791204,1
1004,TEST,4658,4854,49.0,1.1751236118991653,1
1004,TEST,5400,5540,35.0,0.6569668476939289,1
1004,TEST,6131,6290,39.75,0.7984112831320418,1
1004,TEST,6933,7097,41.0,1.0006484558644728,1
1004,TEST,13709,14086,94.25,0.5933371159925428,1
1004,TEST,14766,15174,102.0,0.8957492266316953,1
1004,TEST,15174,15330,39.0,0.821784729590275,0
1004,TEST,15330,15726,99.0,0.5649671719218612,1
1005,DEV,2387,2580,48.25,1.343940792648387,0
1005,DEV,2670,2807,34.25,0.608438411346328,1
1005,DEV,3253,3383,32.5,0.613027925225018,1
1005,DEV,4684,4843,39.75,0.7252743218009786,1
1005,DEV,5039,5135,24.0,0.6446300065039975,1
1005,DEV,5459,5879,105.0,1.708348194616371,1
1005,DEV,6249,6510,65.25,1.0302803012819182,1
1005,DEV,8047,8249,50.5,0.5667393995342307,1
1005,DEV,14466,15404,234.5,0.6471214568952864,0
1007,TEST,13456,13627,42.75,0.9411175144074166,1
1007,TEST,13934,14160,56.5,1.3868704585316964,1
1007,TEST,14294,14500,51.5,1.1663743422701078,1
1008,DEV,1957,2098,35.25,0.6251327433628319,0
1008,DEV,3419,3583,41.0,1.23858407079646,0
1008,DEV,3974,4218,61.0,0.6120353982300883,0
1008,DEV,5308,5720,103.0,0.7479646017699115,0
1008,DEV,6380,6530,37.5,0.687433628318584,0
1008,DEV,8671,8890,54.75,0.6470796460176991,0
1008,DEV,9420,9890,117.5,0.7568141592920355,0
1008,DEV,10468,10769,75.25,0.7330973451327433,1
1008,DEV,10769,11245,119.0,0.9072566371681415,1
1008,DEV,11444,11773,82.25,1.0453097345132742,1
1008,DEV,12120,12337,54.25,0.8191150442477877,1
1008,DEV,12590,12898,77.0,1.1794690265486725,1
1008,DEV,13067,13356,72.25,0.7387610619469026,0
1008,DEV,13356,13794,109.5,1.0208849557522122,0
1008,DEV,13794,14159,91.25,0.9702654867256637,0
1008,DEV,14520,14682,40.5,1.1228318584070796,1
1008,DEV,15021,15230,52.25,0.5950442477876106,0
1008,DEV,15847,16126,69.75,0.8113274336283186,0
1008,DEV,16126,16751,156.25,1.1412389380530974,0
1011,TEST,1491,1946,113.75,0.8014799051301214,0
1011,TEST,1946,2076,32.5,0.7060414568374543,0
1011,TEST,3290,3678,97.0,0.7332483662225521,0
1011,TEST,3767,3985,54.5,0.5137431365541418,0
1011,TEST,11239,11508,67.25,0.7882809707917738,1
1011,TEST,13584,14022,109.5,1.5676272783391276,1
1011,TEST,14437,14779,85.5,1.2634426069722866,1
1011,TEST,14779,15192,103.25,1.1050553949121158,0
1011,TEST,15192,15478,71.5,0.9592579356054455,0
1012,DEV,137,423,71.5,0.7601133535967289,1
1012,DEV,3611,3869,64.5,0.616881725236038,1
1012,DEV,9287,9598,77.75,1.0327966011289154,1
1012,DEV,9905,10081,44.0,0.7468362644509347,1
1012,DEV,10081,10234,38.25,0.5392308705348767,1
1012,DEV,10778,11063,71.25,1.1893053186354008,1
1012,DEV,11722,11948,56.5,0.870152259092934,1
1012,DEV,11948,12209,65.25,0.8939906691501557,1
1012,DEV,12742,12928,46.5,0.7812359954195838,1
1012,DEV,13437,13730,73.25,0.8641172185721184,1
1012,DEV,14062,14242,45.0,0.929597408222968,1
1012,DEV,14666,14945,69.75,1.2185931910242895,1
1012,DEV,14945,15278,83.25,0.767279715244878,0
1014,TEST,74,518,111.0,0.8215938303341899,1
1014,TEST,985,1352,91.75,0.7789203084832903,1
1014,TEST,1473,1844,92.75,0.7783033419023133,1
1014,TEST,1943,2609,166.5,1.048946015424164,1
1014,TEST,2758,2992,58.5,0.602262210796915,1
1014,TEST,3357,3507,37.5,0.8491516709511564,1
1014,TEST,3959,4119,40.0,0.7025192802056552,1
1014,TEST,4555,4754,49.75,0.8713624678663234,1
1014,TEST,5021,5196,43.75,0.6004113110539844,1
1014,TEST,5686,5982,74.0,0.9338817480719791,1
1014,TEST,6365,6505,35.0,0.5952699228791771,1
1014,TEST,7496,7662,41.5,0.7460154241645242,1
1014,TEST,8028,8138,27.5,0.5931105398457581,1
1014,TEST,8625,8844,54.75,0.8434961439588685,1
1014,TEST,9254,9470,54.0,0.7256555269922876,1
1014,TEST,10361,10746,96.25,0.9171208226221076,1
1014,TEST,10833,11111,69.5,0.5550642673521848,1
1014,TEST,11558,11715,39.25,0.6007197943444728,1
1014,TEST,12816,13308,123.0,0.5699742930591257,1
1014,TEST,13997,14190,48.25,1.0434387517187778,1
1014,TEST,14518,14724,51.5,1.207243378968135,1
1014,TEST,15058,15281,55.75,0.8857583547557837,1
1014,TEST,15554,15746,48.0,1.1596915167095112,1
1014,TEST,15859,16101,60.5,0.8627249357326475,1
1014,TEST,16101,16778,169.25,0.9249065372911645,1
1014,TEST,16778,17380,150.5,1.2828791773778918,1
1015,DEV,824,1021,49.25,0.562521030532676,1
1015,DEV,1279,2072,198.25,0.9417301866667892,1
1015,DEV,2250,2337,21.75,0.7111623988593777,0
1015,DEV,6061,6410,87.25,0.8258497006672402,0
1015,DEV,6410,6615,51.25,0.7684034977795756,0
1015,DEV,7040,7361,80.25,1.010050765877138,1
1015,DEV,8597,8808,52.75,0.6941904525039134,1
1015,DEV,8987,9550,140.75,1.0099044665193921,1
1015,DEV,9877,10025,37.0,0.6388892952759937,1
1015,DEV,10226,10595,92.25,0.8878908021593784,1
1015,DEV,11045,11347,75.5,0.9380714818661946,1
1015,DEV,12051,12291,60.0,0.7765569909148099,1
1015,DEV,12611,12854,60.75,0.9297324184746828,1
1015,DEV,12999,13521,130.5,0.9843020789138734,1
1015,DEV,14259,14547,72.0,1.260515266337981,1
1015,DEV,14547,15285,184.5,0.992933741020877,0
1015,DEV,15413,15631,54.5,0.5876845200649569,1
1015,DEV,15631,16275,161.0,1.3480022822699809,1
1016,TEST,1193,1281,22.0,0.8323309945022249,0
1016,TEST,1802,1916,28.5,0.7981127688975719,1
1016,TEST,3829,4079,62.5,0.5737412073985678,0
1016,TEST,4779,5220,110.25,0.8024877018515915,1
1016,TEST,5314,5694,95.0,0.5649913414905285,0
1016,TEST,6298,6578,70.0,0.5103046795652838,0
1016,TEST,6578,6788,52.5,0.8667054677123788,0
1016,TEST,6883,7471,147.0,0.6481150676169006,1
1016,TEST,7471,7574,25.75,0.6913956543405942,0
1016,TEST,8006,8112,26.5,0.5935846532971565,1
1016,TEST,9056,9294,59.5,0.7090516337621732,0
1016,TEST,9377,10149,193.0,1.1217015598895201,0
1017,DEV,2137,2394,64.25,0.6488055479966028,1
1017,DEV,2708,2892,46.0,0.858504646694539,1
1017,DEV,2892,3562,167.5,1.1642348268752853,1
1017,DEV,3869,4066,49.25,0.8219742885650912,1
1017,DEV,4326,4522,49.0,0.9939885708631229,1
1017,DEV,4765,5026,65.25,0.8728529137702138,1
1017,DEV,5283,5528,61.25,1.0084192992438301,1
1017,DEV,5726,5929,50.75,0.6880571291921268,1
1017,DEV,6124,6448,81.0,1.095086130833107,1
1017,DEV,6448,6704,64.0,0.8472074479050709,0
1017,DEV,6704,7007,75.75,0.6597729015659404,1
1017,DEV,8101,8330,57.25,0.9022915996668567,1
1017,DEV,8623,8839,54.0,0.7320914660795425,1
1017,DEV,9101,9258,39.25,0.7104866041609978,1
1017,DEV,9718,9927,52.25,1.0301890837724401,1
1017,DEV,10116,10277,40.25,0.6424560275090917,1
1017,DEV,10557,10696,34.75,0.5596648772563477,1
1017,DEV,11394,11614,55.0,0.7112287559062912,1
1017,DEV,11940,12130,47.5,0.8499286709711471,1
1017,DEV,12740,13048,77.0,0.7599633871805658,1
1017,DEV,13048,13479,107.75,1.2157939226640537,1
1017,DEV,13479,13709,57.5,0.7663953689731089,1
1018,TEST,159,471,78.0,0.9872714572012586,1
1018,TEST,628,904,69.0,0.8953908418318206,1
1018,TEST,1607,1850,60.75,0.8490053761269009,1
1018,TEST,2279,2926,161.75,0.9785463600053237,1
1018,TEST,2926,3508,145.5,0.9956472765659594,1
1018,TEST,3508,4041,133.25,1.2773666603126197,1
1018,TEST,4041,4503,115.5,0.7736258446534329,1
1018,TEST,4997,5255,64.5,1.1194245947453878,1
1018,TEST,5557,5727,42.5,0.7444234785282626,1
1018,TEST,6035,6189,38.5,0.6179683636427032,1
1018,TEST,6626,6813,46.75,0.6013194536871946,1
1018,TEST,7349,7535,46.5,0.7798278197877017,1
1018,TEST,8004,8240,59.0,0.5679326021721373,1
1018,TEST,8708,8896,47.0,0.6622170708506594,1
1018,TEST,9589,9781,48.0,0.9090126772499642,1
1018,TEST,10611,11385,193.5,0.996959423184333,0
1018,TEST,11481,11615,33.5,1.0342113052653563,1
1018,TEST,12149,12694,136.25,1.0412232804196804,1
1018,TEST,12694,12995,75.25,0.8653871912702894,1
1018,TEST,13115,13473,89.5,0.7799168513917419,1
1018,TEST,13473,13804,82.75,0.630221713281892,1
1018,TEST,14054,14275,55.25,0.9250943858628794,1
1018,TEST,14784,14980,49.0,0.5500932696457547,1
1019,DEV,5717,6639,230.5,1.022800657527814,1
1019,DEV,7080,7315,58.75,0.7738427216954802,1
1019,DEV,7315,8073,189.5,1.0490357237208998,1
1019,DEV,8953,9132,44.75,0.9384081369066811,1
1019,DEV,9132,9718,146.5,0.8765814424516369,1
1019,DEV,9891,10051,40.0,0.6668186055115563,1
1019,DEV,10424,10538,28.5,0.60322306043972,1
1019,DEV,10896,11055,39.75,0.5667141221710142,1
1019,DEV,11253,11471,54.5,0.5966184283911099,1
1019,DEV,11615,11773,39.5,0.6575278128394029,1
1020,TEST,4829,5034,51.25,0.6468590481045444,1
1020,TEST,5937,6205,67.0,0.8766007867018456,1
1020,TEST,6573,6764,47.75,0.7315913834792613,1
1020,TEST,7180,7379,49.75,0.682680848425563,1
1020,TEST,8417,8594,44.25,0.7791241569821511,1
1020,TEST,8985,9209,56.0,0.8394012248300186,1
1020,TEST,10273,10444,42.75,0.6117261285589303,1
1020,TEST,12344,12543,49.75,0.5480046568340416,1
1020,TEST,12820,12929,27.25,0.6523700943077783,0
1020,TEST,14841,15004,40.75,1.2492852861955182,0
1020,TEST,15004,15293,72.25,1.2165634493638187,1
1020,TEST,15293,15600,76.75,1.303017986677046,1
1020,TEST,15600,15902,75.5,0.8859006771698023,1
1020,TEST,16155,16303,37.0,0.7470912009258557,1
1022,DEV,329,639,77.5,1.1309763067621812,1
1022,DEV,639,857,54.5,0.756553770930495,1
1022,DEV,1574,1801,56.75,0.5131791226398992,1
1022,DEV,2034,2175,35.25,0.7279214593668956,1
1022,DEV,2925,3173,62.0,0.6354170681614202,1
1022,DEV,8155,8338,45.75,0.8584187255317627,1
1022,DEV,8644,8802,39.5,0.5594313182426368,1
1022,DEV,9151,9355,51.0,1.1111539372181507,1
1022,DEV,9643,9782,34.75,0.6764383606900387,1
1022,DEV,10182,10413,57.75,0.9803813603651721,1
1022,DEV,10722,10856,33.5,0.6288096116467433,1
1022,DEV,11300,11479,44.75,0.7003455725367473,1
1022,DEV,11835,12035,50.0,0.667353107982358,1
1022,DEV,12365,12533,42.0,0.7273708379906726,1
1022,DEV,12908,13150,60.5,1.1037205486391393,1
1022,DEV,13465,13669,51.0,0.938534135772219,1
1022,DEV,13924,14119,48.75,1.0101149146812178,1
1022,DEV,14388,14559,42.75,0.8069356268549058,1
1022,DEV,15053,15398,86.25,1.402707955928265,1
1023,TEST,681,1020,84.75,0.5376893921785564,0
1023,TEST,1356,1447,22.75,0.7958422819103934,0
1023,TEST,5214,5419,51.25,0.5468316613827451,0
1023,TEST,5956,6301,86.25,0.9808570180087209,1
1023,TEST,6301,6512,52.75,0.7239437579994857,1
1023,TEST,7087,7407,80.0,0.7547795473492069,1
1023,TEST,7407,7665,64.5,0.6323661122422733,1
1023,TEST,7933,8130,49.25,0.7175906556711512,1
1023,TEST,9016,9412,99.0,1.0092135479132385,1
1023,TEST,9877,10111,58.5,0.9174809484407009,1
1023,TEST,10533,10741,52.0,0.7880945961441319,1
1023,TEST,11070,11237,41.75,0.6816413937156973,1
1023,TEST,11536,11755,54.75,0.7831360772537245,1
1023,TEST,12140,12323,45.75,0.8720795098504078,1
1023,TEST,12718,12918,50.0,0.9193403930246038,1
1023,TEST,13408,13748,85.0,1.0208350765626308,1
1023,TEST,13841,14238,99.25,0.7677956594365265,0
1023,TEST,15881,16173,73.0,0.7335508883496501,0
1023,TEST,16173,16538,91.25,1.906395559646334,1
1024,DEV,0,224,56.0,1.0473300970873787,1
1024,DEV,346,497,37.75,0.5591859596713965,1
1024,DEV,7258,7727,117.25,1.2390776699029125,1
1024,DEV,7727,8029,75.5,0.5399551904406272,0
1024,DEV,10161,10256,23.75,0.6747572815533978,0
1024,DEV,10256,10509,63.25,0.9494025392083643,1
1024,DEV,10875,11115,60.0,1.026138909634055,1
1024,DEV,11255,11465,52.5,0.8706123973114261,1
1024,DEV,11697,11918,55.25,1.0496639283047047,1
1024,DEV,12290,12497,51.75,0.9744212098581029,1
1024,DEV,13263,13484,55.25,1.087394177582155,1
1024,DEV,13707,13903,49.0,0.6403397263756693,1
1024,DEV,14258,14453,48.75,0.9339058999253174,1
1024,DEV,14727,14961,58.5,1.0296863330843913,1
1024,DEV,15250,15456,51.5,1.013062132993601,1
1025,TEST,289,450,40.25,0.944884853318653,1
1025,TEST,625,802,44.25,1.084856039181443,1
1025,TEST,958,1095,34.25,0.6341551686028446,1
1025,TEST,1228,1362,33.5,0.7638110176390119,1
1025,TEST,1474,1647,43.25,0.7196931155189943,1
1025,TEST,1736,1936,50.0,0.8065006423522665,1
1025,TEST,1936,2157,55.25,0.7368324444001522,1
1025,TEST,2157,2305,37.0,0.7412759741100821,1
1025,TEST,2425,2701,69.0,0.5743262150084322,1
1025,TEST,2701,2862,40.25,0.5425867170803619,0
1025,TEST,3954,4163,52.25,0.748576058633538,1
1025,TEST,5234,5696,115.5,1.4774633794242087,1
1025,TEST,6150,6353,50.75,1.0358865280924203,1
1025,TEST,6598,6782,46.0,0.9048930859292844,1
1025,TEST,7053,7239,46.5,0.9493283830285829,1
1025,TEST,7791,8009,54.5,1.2635494125164788,1
1025,TEST,8009,8227,54.5,0.941710903525846,0
1025,TEST,8227,8441,53.5,0.8178081834836842,1
1025,TEST,8615,8783,42.0,0.7870471034765474,1
1025,TEST,8931,9100,42.25,0.6405030681884587,1
1025,TEST,9293,9443,37.5,0.7592087904394417,1
1025,TEST,9696,9867,42.75,0.680812230557108,1
1025,TEST,10013,10169,39.0,0.5795632321665638,1
1025,TEST,10381,10553,43.0,0.7493695460817398,1
1025,TEST,10797,10952,38.75,0.5773414673115989,1
1025,TEST,11161,11317,39.0,0.8503011494930035,1
1025,TEST,11502,11698,49.0,0.6125723100117568,1
1025,TEST,12083,12269,46.5,0.6236811342865815,1
1025,TEST,13307,13422,28.75,0.6443118079398272,1
1025,TEST,14956,15119,40.75,1.138178395700601,1
1026,DEV,3891,4120,57.25,0.8478399491190579,1
1026,DEV,4813,5044,57.75,0.788698543049704,1
1026,DEV,5314,5532,54.5,0.7363236871547042,1
1026,DEV,9049,9135,21.5,0.6185681386659461,1
1026,DEV,13700,14223,130.75,1.3069932186205355,0
1026,DEV,14223,14547,81.0,1.1059355057694178,0
1026,DEV,14781,14869,22.0,0.739047882679444,0
1027,TEST,835,1156,80.25,0.6532988021341544,1
1027,TEST,4552,4711,39.75,0.5391528777147495,1
1027,TEST,6720,6892,43.0,1.3387478373707864,0
1027,TEST,6974,7228,63.5,1.4755431625421205,1
1028,DEV,3008,3302,73.5,1.487318224592357,0
1028,DEV,4259,4537,69.5,0.9049241641999985,0
1028,DEV,11675,11885,52.5,1.326266033363167,1
1028,DEV,11885,12058,43.25,1.294428764828714,1
1028,DEV,12232,12414,45.5,1.4097313049264635,0
1028,DEV,12414,12661,61.75,0.6358849039719167,1
1028,DEV,19742,19888,36.5,0.8773784057705636,1
1028,DEV,20583,21243,165.0,0.9663041233565121,1
1028,DEV,21243,21600,89.25,1.1386055535084365,0
1029,TEST,1820,2097,69.25,0.6744449048655001,0
1029,TEST,3422,4335,228.25,1.7192409958907438,1
1029,TEST,4335,4431,24.0,0.7545150039711324,0
1029,TEST,12949,13086,34.25,0.5151574484226734,0
1030,DEV,73,311,59.5,1.1345268301851326,1
1030,DEV,620,1028,102.0,1.4041208533032605,1
1030,DEV,1406,1655,62.25,1.1045719387275628,1
1030,DEV,1790,2187,99.25,0.6128418381731039,1
1030,DEV,2187,2577,97.5,1.1310027253077715,1
1030,DEV,3989,4481,123.0,0.7796494690348649,1
1030,DEV,4481,4913,108.0,0.6465557748331922,1
1030,DEV,4913,5125,53.0,0.6177755850014095,1
1030,DEV,5657,5869,53.0,0.8563574851987592,1
1030,DEV,6248,6403,38.75,0.6817968236068036,1
1030,DEV,6719,6892,43.25,0.6815618832816462,1
1030,DEV,7232,7389,39.25,0.5155765435579361,1
1030,DEV,7765,7969,51.0,0.942110703881214,1
1030,DEV,8332,8476,36.0,0.6779203082417063,1
1030,DEV,8855,9095,60.0,0.834155624471384,1
1030,DEV,10045,10249,51.0,0.6524292829621273,1
1030,DEV,10656,10886,57.5,0.5548115778592235,0
1031,TEST,430,727,74.25,1.1042088553967302,1
1031,TEST,823,1234,102.75,1.1795864494012476,0
1031,TEST,1587,1678,22.75,0.8604577624671758,1
1031,TEST,2266,2428,40.5,0.7009231294738597,1
1031,TEST,2519,2751,58.0,0.516892210898344,0
1031,TEST,4538,4768,57.5,0.6241406544977218,1
1031,TEST,10749,11923,293.5,1.2102272684143542,1
1031,TEST,12716,12833,29.25,0.5033060357014941,1
1031,TEST,14108,14732,156.0,0.623317249940337,0
1031,TEST,14732,15023,72.75,0.615700757784527,0
1032,DEV,421,586,41.25,0.8479329812420324,1
1032,DEV,1314,1502,47.0,0.9577490438900017,1
1032,DEV,1954,2123,42.25,0.9129484611181933,1
1032,DEV,2524,2678,38.5,0.7149881624476415,1
1032,DEV,3062,3231,42.25,0.9193225277727188,1
1032,DEV,3593,3809,54.0,1.0493534875250408,1
1032,DEV,4001,4291,72.5,0.8300855946093607,1
1032,DEV,4291,4563,68.0,0.6627208158805318,0
1032,DEV,4702,4816,28.5,0.6825714806046257,1
1032,DEV,5052,5156,26.0,0.5581861227463122,1
1032,DEV,7783,8010,56.75,1.928064104898925,1
1032,DEV,8500,8684,46.0,0.6104534693134218,1
1032,DEV,11459,11666,51.75,0.9253323620469859,1
1032,DEV,12150,12696,136.5,0.7781824804225095,1
1032,DEV,12900,13171,67.75,1.0356947732653432,1
1032,DEV,13858,14186,82.0,0.5915133855399745,0
1032,DEV,14503,14620,29.25,0.5763977417592423,0
1032,DEV,15094,15206,28.0,0.5017301038062282,0
1032,DEV,18047,18356,77.25,1.2107084319796029,1
1032,DEV,18356,19035,169.75,2.5063841842206447,0
1033,TEST,642,845,50.75,1.007412361326243,1
1033,TEST,1491,1695,51.0,0.5213361488245691,1
1033,TEST,6119,6218,24.75,0.9911423196517929,1
1033,TEST,6328,6601,68.25,0.7099358682948523,1
1033,TEST,13808,14474,166.5,1.2664596306661797,1
1033,TEST,14631,15085,113.5,0.7367314568534716,0
1034,DEV,1339,1653,78.5,0.8602194419504915,0
1034,DEV,6289,6468,44.75,1.5500592255144758,0
1034,DEV,6851,7084,58.25,1.0744726746965476,0
1034,DEV,7084,7565,120.25,1.011508459358931,0
1034,DEV,7565,7998,108.25,0.9669088068281193,0
1034,DEV,8145,8263,29.5,0.5200377785292025,0
1034,DEV,8971,9099,32.0,0.6232291314436293,1
1034,DEV,9204,9675,117.75,0.8269883283000827,1
1034,DEV,9852,10382,132.5,1.0575656168744099,1
1034,DEV,10518,10898,95.0,0.8316523442510173,1
1034,DEV,11054,11527,118.25,0.757319590032998,1
1034,DEV,11670,11931,65.25,0.6987278896493826,1
1034,DEV,12043,12417,93.5,1.0048039364294625,1
1034,DEV,12681,12833,38.0,1.0878817205554843,1
1034,DEV,12975,13250,68.75,0.8957825635763674,1
1034,DEV,13391,13688,74.25,1.1939880834392453,1
1035,TEST,11240,11651,102.75,0.5740215740830142,1
1035,TEST,12309,12439,32.5,0.6412760130954163,1
1035,TEST,12598,12723,31.25,0.5012814548901553,1
1035,TEST,12892,13023,32.75,0.6005722661564259,1
1035,TEST,13158,13299,35.25,0.5615142232715725,1
1035,TEST,13671,13966,73.75,1.376796011691083,1
1035,TEST,13966,14314,87.0,1.1185301887951702,1
1035,TEST,14314,14759,111.25,1.2215512625841516,1
1035,TEST,14914,15013,24.75,0.5015008820973735,1
1036,DEV,108,258,37.5,0.743978243978244,1
1036,DEV,659,811,38.0,0.7062937062937062,1
1036,DEV,1393,1583,47.5,0.5625485625485626,0
1036,DEV,1705,2267,140.5,0.710955710955711,0
1036,DEV,5603,6288,171.25,0.5350824885708607,0
1036,DEV,7863,8134,67.75,0.831002331002331,1
1036,DEV,8647,8806,39.75,0.8065268065268067,1
1036,DEV,9676,9927,62.75,0.541958041958042,0
1036,DEV,10284,10441,39.25,0.9118104118104119,1
1036,DEV,11153,11370,54.25,1.1565656565656566,1
1036,DEV,11452,11678,56.5,1.1371406371406372,1
1036,DEV,11678,11940,65.5,1.4017094017094018,1
1036,DEV,12036,12220,46.0,1.0085470085470085,1
1036,DEV,12220,12501,70.25,0.9160839160839163,1
1036,DEV,12599,12717,29.5,0.5613830613830615,0
1036,DEV,12872,13092,55.0,0.7972027972027973,0
1036,DEV,13092,13255,40.75,0.5229215229215229,0
1036,DEV,13255,13423,42.0,0.6029526029526029,0
1036,DEV,13423,13609,46.5,0.6666666666666666,0
1036,DEV,13903,14226,80.75,0.8313908313908314,0
1036,DEV,14226,14499,68.25,0.6324786324786325,0
1036,DEV,14499,14801,75.5,0.8947163947163945,0
1036,DEV,14801,14935,33.5,0.8865578865578866,0
1036,DEV,14935,15094,39.75,1.0050505050505052,0
1036,DEV,15217,15438,55.25,0.6437451437451438,0
1036,DEV,15535,15736,50.25,0.7012432012432013,0
1036,DEV,15823,15951,32.0,0.7672882672882673,0
1037,TEST,284,483,49.75,1.0467408828510965,1
1037,TEST,705,910,51.25,0.8020732286386622,1
1037,TEST,1167,1364,49.25,1.009093530546099,1
1037,TEST,1608,1766,39.5,0.8671734476564719,1
1037,TEST,1987,2191,51.0,0.761455829350115,1
1037,TEST,2384,2570,46.5,0.5793999764125164,1
1037,TEST,3551,3741,47.5,0.6005113914577493,1
1037,TEST,3929,4078,37.25,0.8129901580917105,1
1037,TEST,4336,4512,44.0,1.0209737184802987,1
1037,TEST,4741,4891,37.5,0.7400233281444982,1
1037,TEST,5232,5461,57.25,0.9638203819319872,1
1037,TEST,5982,6178,49.0,0.8824250402747011,1
1037,TEST,6475,6645,42.5,0.8033575732801972,1
1037,TEST,7064,7272,52.0,0.9024126537585909,1
1037,TEST,7823,7999,44.0,0.888044048081417,1
1037,TEST,8361,8549,47.0,0.8035181163603892,1
1037,TEST,8921,9103,45.5,0.6889706286434786,1
1037,TEST,9472,9683,52.75,0.8219002990423601,1
1037,TEST,10344,10590,61.5,0.7082357982665047,1
1037,TEST,10892,11021,32.25,0.563024582232944,1
1037,TEST,11414,11852,109.5,0.7236479339649259,1
1037,TEST,11852,12302,112.5,1.1206956702148738,1
1037,TEST,12302,12776,118.5,1.1783862086084427,1
1037,TEST,12776,13083,76.75,0.9203934787400823,1
1037,TEST,13550,13674,31.0,0.541913167187711,1
1037,TEST,14053,14182,32.25,0.9542680686605701,0
1037,TEST,14182,14321,34.75,1.0269451379264605,0
1037,TEST,14321,14684,90.75,1.072508047221895,0
1037,TEST,14684,15076,98.0,1.0212948046406827,0
1037,TEST,15076,15330,63.5,0.9155771863343257,0
1038,DEV,0,159,39.75,1.2305066680417847,1
1038,DEV,1122,1266,36.0,1.211285283907829,1
1038,DEV,2023,2301,69.5,0.7960560214551627,1
1038,DEV,2917,3149,58.0,0.7591814918509726,1
1038,DEV,4130,4467,84.25,1.1478697967589953,1
1038,DEV,8448,8733,71.25,0.633193515703323,1
1038,DEV,13796,14072,69.0,1.328657989488232,1
1038,DEV,14730,14894,41.0,0.7335139271264873,1
1039,TEST,1132,2072,235.0,0.8302225515059982,1
1039,TEST,3066,3217,37.75,0.5683469637819507,1
1039,TEST,3571,3761,47.5,0.7052688570370158,1
1039,TEST,3884,4115,57.75,1.2193314906106627,1
1039,TEST,11695,11962,66.75,0.9201265209585955,1
1039,TEST,11962,12293,82.75,0.9329495910865414,0
1039,TEST,12444,12696,63.0,1.011882711651896,1
1039,TEST,12938,13195,64.25,0.6043940386971759,0
1039,TEST,13195,13365,42.5,0.5861567834040975,0
1039,TEST,13517,13999,120.5,0.9018370904193004,0
1039,TEST,14125,14656,132.75,1.5132125784083577,1
1040,DEV,10263,10419,39.0,0.8576394136315544,1
1040,DEV,10773,10855,20.5,0.5437625696050958,0
1040,DEV,11042,11427,96.25,0.7344136896804262,0
1040,DEV,11427,11948,130.25,1.1674474837539663,1
1040,DEV,17176,17376,50.0,1.1584380558235772,0
1041,TEST,1600,1779,44.75,0.7238137640539754,1
1041,TEST,1779,1879,25.0,0.6394483169294334,0
1041,TEST,2782,3005,55.75,0.8033992991601298,1
1041,TEST,3522,3998,119.0,1.2532929312212422,1
1041,TEST,6270,6517,61.75,1.0291570787634186,1
1041,TEST,7340,7748,102.0,1.3751699890339248,1
1041,TEST,13333,13422,22.25,0.9294538919754788,0
1041,TEST,13909,14118,52.25,1.0171652775128923,1
1041,TEST,14118,14275,39.25,1.2421026687680914,1
1041,TEST,14798,14981,45.75,0.9180342288446558,0
1043,DEV,0,117,29.25,0.6297120286770042,1
1043,DEV,1454,1802,87.0,0.5995598502722106,1
1043,DEV,4302,4459,39.25,0.6398027975455407,0
1043,DEV,4459,4686,56.75,1.2799659796935292,0
1043,DEV,4686,5556,217.5,1.0643358592289693,1
1043,DEV,5556,5766,52.5,0.6336762593039293,1
1043,DEV,6510,6616,26.5,0.7435935630504876,1
1043,DEV,6744,7014,67.5,0.5337295962250915,1
1043,DEV,7146,7390,61.0,0.7572881779435015,1
1043,DEV,7652,7898,61.5,0.5613590824127509,1
1043,DEV,8300,8705,101.25,1.1379533225424783,1
1046,TEST,16,192,44.0,0.8060000149328396,1
1046,TEST,527,737,52.5,1.0137531452293311,1
1046,TEST,964,1154,47.5,1.0079666699021153,1
1046,TEST,1792,2021,57.25,1.0580124224633043,1
1046,TEST,2175,2339,41.0,1.0100199353408048,1
1046,TEST,2996,3275,69.75,1.0658314231742736,1
1046,TEST,3275,3564,72.25,1.1014835776097003,1
1046,TEST,3784,4077,73.25,0.9716033153550135,1
1046,TEST,4164,4361,49.25,0.9655947376673409,1
1046,TEST,4878,5116,59.5,1.0848707936057576,1
1046,TEST,5363,5551,47.0,0.9911672254037461,1
1046,TEST,5655,5904,62.25,1.0721138025016073,1
1046,TEST,6347,6603,64.0,0.8093599038325132,1
1046,TEST,6603,7195,148.0,0.7529884345157651,1
1046,TEST,13895,14191,74.0,0.6613010059082488,1
1046,TEST,14303,14475,43.0,0.9385697853877516,1
1046,TEST,14558,14685,31.75,1.0342559745332804,1
1047,DEV,261,455,48.5,0.9665356297899296,1
1047,DEV,816,984,42.0,0.8372537939581555,1
1047,DEV,1660,1981,80.25,1.091282264126353,1
1047,DEV,2085,2235,37.5,0.6009213464373057,1
1047,DEV,2914,3162,62.0,1.00616503059736,1
1047,DEV,3337,3575,59.5,0.9108765553259075,1
1047,DEV,4198,4375,44.25,0.734203055251669,1
1047,DEV,4699,4904,51.25,0.926385991332857,1
1047,DEV,5418,5608,47.5,1.2296495938119458,1
1047,DEV,5742,5921,44.75,1.0187301597841238,1
1048,TEST,121,206,21.25,0.5219355818086032,1
1048,TEST,670,829,39.75,0.5639047389429135,1
1048,TEST,933,1262,82.25,0.5489476457088774,1
1048,TEST,1767,1976,52.25,0.7525427058497868,1
1048,TEST,1976,2149,43.25,0.5154616160804382,1
1048,TEST,2312,2463,37.75,0.5799780331645641,1
1048,TEST,2612,2742,32.5,0.7326743282702463,1
1048,TEST,2930,3036,26.5,0.6710600337539183,1
1048,TEST,3143,3352,52.25,0.7666068382937311,1
1048,TEST,3445,3620,43.75,0.6317697589898832,1
1048,TEST,3708,4391,170.75,1.845526712922037,1
1048,TEST,4543,4731,47.0,0.7969675051568491,1
1048,TEST,4964,5079,28.75,0.8074597944404267,1
1048,TEST,5264,5640,94.0,0.9217587755721652,1
1048,TEST,5844,6137,73.25,0.528856027931814,0
1048,TEST,7025,7467,110.5,0.5085411699572275,0
1048,TEST,7467,7744,69.25,0.9650673738916133,0
1048,TEST,7744,7970,56.5,0.8000928679221702,0
1048,TEST,8732,8971,59.75,1.430299945529393,1
1048,TEST,8971,9161,47.5,1.011278094778859,0
1048,TEST,9161,9319,39.5,0.7331208086652921,0
1048,TEST,9319,9546,56.75,0.8237563288596004,0
1048,TEST,9653,9878,56.25,1.0061435702358317,1
1048,TEST,10025,10241,54.0,1.096555850232617,1
1048,TEST,10450,10667,54.25,0.6246260726691496,1
1048,TEST,12564,12720,39.0,0.5721646262512617,0
1048,TEST,13273,14168,223.75,0.5190334592408051,0
1048,TEST,15764,16012,62.0,1.1159777474171118,0
1048,TEST,16012,16286,68.5,0.9409709381938621,0
1048,TEST,16286,16462,44.0,0.6502986953842858,0
1048,TEST,16655,16806,37.75,0.799423147329601,0
1049,DEV,2831,3306,118.75,1.0713808806803797,1
1049,DEV,3306,3623,79.25,1.106951600797521,1
1049,DEV,3623,4087,116.0,1.0252195254474548,1
1049,DEV,4929,5173,61.0,1.3348804869850306,1
1049,DEV,6000,6229,57.25,1.4167276779341818,1
1049,DEV,6552,6707,38.75,0.6011336584197854,1
1049,DEV,7160,7369,52.25,0.972036118670369,1
1049,DEV,8066,8199,33.25,0.5404677377022007,1
1049,DEV,8796,8978,45.5,0.6322148701726276,1
1049,DEV,9817,10044,56.75,0.7370851809386989,1
1049,DEV,10523,10645,30.5,0.7406537645103215,1
1049,DEV,11361,11555,48.5,0.6234660846421979,1
1050,TEST,3132,3758,156.5,1.2159602178546056,0
1050,TEST,7983,8153,42.5,0.6350935354013734,1
1050,TEST,9178,10177,249.75,1.0923514089509827,0
1050,TEST,13761,14024,65.75,0.7591759412739757,0
1050,TEST,14024,14582,139.5,0.7658062988396874,0
1050,TEST,15256,15458,50.5,0.9145157470992183,1
1050,TEST,15458,15691,58.25,0.5189713856538388,0
1050,TEST,15691,15838,36.75,0.5144363358902785,0
1050,TEST,15987,16258,67.75,0.6166160778995255,0
1050,TEST,16258,16471,53.25,1.0194174757281553,0
1051,DEV,1079,1518,109.75,0.9328349025965443,1
1051,DEV,3195,3348,38.25,0.5936061904971115,1
1051,DEV,6822,7054,58.0,0.5372149240701928,1
1051,DEV,8442,8606,41.0,0.5776580354607487,1
1051,DEV,9905,10413,127.0,0.7298263434596373,1
1051,DEV,10725,10816,22.75,0.5013536030768242,1
1051,DEV,14225,14475,62.5,0.8585581102643736,1
1051,DEV,15016,15245,57.25,1.293474673667448,1
1051,DEV,15563,15740,44.25,0.9418222606833346,1
1051,DEV,16263,16460,49.25,1.1444783744050737,1
1051,DEV,16685,16901,54.0,1.137565304438805,1
1051,DEV,16901,17000,24.75,0.7780624145855795,0
1051,DEV,17000,17286,71.5,1.106502380920696,1
1051,DEV,17695,17846,37.75,1.2877083978297854,1
1052,TEST,2568,2849,70.25,1.0735337567371774,0
1052,TEST,2934,3287,88.25,1.5065277869899074,1
1052,TEST,3382,3683,75.25,1.068831981375514,0
1052,TEST,3683,3962,69.75,0.7048643204018002,0
1052,TEST,4389,4498,27.25,0.7562823614943118,0
1052,TEST,5072,5313,60.25,0.6676018533752431,0
1052,TEST,5500,5599,24.75,0.6270086630390496,0
1052,TEST,6868,7092,56.0,0.7163136817786752,0
1052,TEST,7236,7459,55.75,0.757115042321721,0
1052,TEST,9250,9801,137.75,0.7591967443902438,0
1052,TEST,9964,10132,42.0,0.5826684089795152,0
1052,TEST,10798,11258,115.0,0.62430245034997,0
1052,TEST,13257,13640,95.75,0.6642711300656067,0
1052,TEST,13640,13993,88.25,0.741918617221505,0
1052,TEST,13993,14131,34.5,0.5924524087015721,0
1053,DEV,169,312,35.75,0.5713375737801079,1
1053,DEV,822,986,41.0,0.7057227700993511,1
1053,DEV,1486,1650,41.0,0.7908448509733477,1
1053,DEV,2222,2388,41.5,0.9536422627121753,1
1053,DEV,2931,3098,41.75,0.7671298163287753,1
1053,DEV,3500,3720,55.0,0.6498148623382337,1
1053,DEV,4209,4324,28.75,0.5406340506653958,1
1053,DEV,4816,5025,52.25,1.0097793012428053,1
1053,DEV,5507,5647,35.0,0.650502254646772,1
1053,DEV,6162,6354,48.0,0.7469663086116508,1
1053,DEV,6896,7044,37.0,0.71717930857499,1
1053,DEV,7321,7692,92.75,1.1167833706052719,1
1053,DEV,7692,7972,70.0,0.9983227627671665,1
1053,DEV,8448,8596,37.0,0.7329893316713716,1
1053,DEV,9767,9953,46.5,0.9457372511639842,0
1053,DEV,11937,12189,63.0,0.5882932507240533,1
1053,DEV,12752,12865,28.25,0.5847417237966053,1
1053,DEV,13467,13901,108.5,0.5453312314404077,0
1053,DEV,14264,14660,99.0,1.4321818748396085,1
1053,DEV,14901,15225,81.0,1.3492365362759835,1
1054,TEST,540,759,54.75,0.8050548042002857,1
1054,TEST,1187,1435,62.0,0.7131940906775343,1
1054,TEST,1746,1941,48.75,0.531608959295351,1
1054,TEST,4428,4643,53.75,0.5649680377302678,1
1054,TEST,4940,5330,97.5,0.6106518988381836,1
1054,TEST,5679,5830,37.75,0.6750694296090577,1
1054,TEST,6467,6653,46.5,0.7104004732716545,1
1054,TEST,6904,7024,30.0,0.6809853252920971,1
1054,TEST,7764,8070,76.5,0.8116280216258851,1
1054,TEST,9300,9880,145.0,1.1350303189653752,1
1054,TEST,9880,10192,78.0,1.3190804068821584,1
1054,TEST,10672,10937,66.25,0.9759584572658699,1
1054,TEST,10937,11131,48.5,1.0582880055215023,1
1054,TEST,11279,11583,76.0,1.0485925098187434,1
1054,TEST,11903,12082,44.75,0.8214878477642842,1
1054,TEST,12082,12707,156.25,0.9294529439797542,1
1054,TEST,14454,14641,46.75,1.0678191707886215,1
1054,TEST,14887,15116,57.25,0.5084383678701131,0
1054,TEST,15235,15463,57.0,0.5723629073340673,0
1055,DEV,3812,4009,49.25,0.5546212629506025,1
1055,DEV,6378,6812,108.5,0.5694343995887177,1
1055,DEV,10257,10389,33.0,0.5788015301098788,1
1055,DEV,12126,12308,45.5,0.5263020311424415,1
1055,DEV,13351,13540,47.25,0.7626586966182481,1
1055,DEV,13806,13941,33.75,0.5611564702909475,1
1055,DEV,14219,14407,47.0,0.5929611460139594,1
1055,DEV,14604,14839,58.75,0.7273685769803858,1
1055,DEV,14839,15245,101.5,1.2704443069630456,1
1055,DEV,15245,15548,75.75,1.1334227930604812,1
1055,DEV,15548,15732,46.0,1.1262340649861018,1
1056,TEST,3883,4057,43.5,0.5710863293573804,1
1056,TEST,5183,5327,36.0,0.6425775648271557,1
1056,TEST,5724,5855,32.75,0.7138579116967253,1
1056,TEST,6684,6969,71.25,0.9715637811482463,1
1056,TEST,7552,7757,51.25,0.9306513927083158,1
1056,TEST,7960,8196,59.0,1.0784843014526007,1
1056,TEST,8322,8513,47.75,0.8180368801984039,1
1056,TEST,8960,9213,63.25,1.3108835388794224,1
1056,TEST,9331,9587,64.0,0.8779292426568589,0
1056,TEST,9587,10134,136.75,1.0472727886221382,0
1056,TEST,10488,10597,27.25,0.714279688897137,1
1056,TEST,10892,11081,47.25,0.9158702785182549,0
1056,TEST,11081,11558,119.25,1.0075379507417328,0
1056,TEST,11558,11865,76.75,1.242133855212323,1
1057,DEV,468,794,81.5,1.7706281291608592,1
1057,DEV,1519,2498,244.75,1.0784168684642876,0
1057,DEV,3094,3535,110.25,0.689486019512727,0
1057,DEV,4879,5587,177.0,0.5423229955851093,0
1057,DEV,5819,5988,42.25,0.5613996838720228,0
1057,DEV,8267,8390,30.75,1.0332557288462887,0
1058,TEST,1145,1292,36.75,1.9246657305764363,0
1058,TEST,1292,1545,63.25,0.7630123334210146,1
1058,TEST,1545,2120,143.75,0.6233397674099815,0
1058,TEST,2777,2984,51.75,0.9840061944968269,1
1058,TEST,3469,3641,43.0,1.018646472804603,1
1058,TEST,3846,4588,185.5,0.5538739686644412,0
1058,TEST,4588,4787,49.75,0.9845619208867912,1
1058,TEST,5365,5600,58.75,0.5968501428216823,0
1058,TEST,6300,6559,64.75,0.7648647547208955,1
1058,TEST,7145,7372,56.75,0.6529785082080788,1
1058,TEST,8952,9287,83.75,1.139794825816825,1
1058,TEST,9287,9398,27.75,0.8856426234731417,0
1058,TEST,9593,9814,55.25,1.1321998984873127,1
1058,TEST,10162,11061,224.75,0.7556026482214905,0
1059,DEV,1504,2464,240.0,0.7703000644808946,0
1059,DEV,9794,10071,69.25,0.5063485365760113,0
1059,DEV,10474,10696,55.5,0.8967575651029889,1
1059,DEV,10819,11041,55.5,0.9390946948718599,0
1059,DEV,12050,12764,178.5,0.9560707938091066,1
1059,DEV,13229,13325,24.0,0.698201422104474,1
1059,DEV,13530,13618,22.0,0.7034571528920854,0
1059,DEV,13711,13841,32.5,0.8093778326499533,1
1059,DEV,14079,14914,208.75,0.8262870148634877,0
1059,DEV,15015,15150,33.75,1.0960838361198977,1
1059,DEV,15441,15592,37.75,1.244134156789038,1
1059,DEV,15881,16063,45.5,1.308706381781686,1
1059,DEV,16489,16789,75.0,1.3303185848314103,1
1059,DEV,16933,17203,67.5,1.347431450235551,1
1060,TEST,3419,3613,48.5,0.9830842965886665,1
1060,TEST,4363,4574,52.75,0.574288130814773,1
1060,TEST,5347,5621,68.5,0.9875951508316888,1
1060,TEST,6347,6555,52.0,0.9063997744572879,1
1060,TEST,8450,8736,71.5,1.005356639413589,1
1060,TEST,9700,9829,32.25,0.7820693543839866,1
1060,TEST,10713,11360,161.75,0.7160981110797857,0
1060,TEST,12267,12446,44.75,0.7273752466873417,0
1060,TEST,12446,12710,66.0,0.8536791654919652,0
1060,TEST,12710,12925,53.75,1.410769664505216,1
1060,TEST,12925,13442,129.25,1.436989004792783,1
1062,DEV,69,331,65.5,1.0080785885090158,1
1062,DEV,331,587,64.0,1.015446261229238,1
1062,DEV,704,1161,114.25,1.0212628449557295,1
1062,DEV,1332,1548,54.0,0.7723130614619015,1
1062,DEV,1694,1835,35.25,0.6055709946358173,1
1062,DEV,2166,2527,90.25,0.8465068183287016,1
1062,DEV,2619,2831,53.0,0.9188909713694824,1
1062,DEV,3184,3411,56.75,0.8171653848639565,1
1062,DEV,3675,3875,50.0,0.7394816777612615,1
1062,DEV,4219,4452,58.25,0.8724875589736961,1
1062,DEV,4702,4963,65.25,0.907387061332644,1
1062,DEV,5352,5602,62.5,0.8496089963161636,1
1062,DEV,5688,5926,59.5,0.6714922768693855,1
1062,DEV,6146,6324,44.5,0.6709752472048084,1
1062,DEV,6623,6841,54.5,0.7650746461578233,1
1062,DEV,6841,7149,77.0,0.658437277838816,1
1062,DEV,7376,7521,36.25,0.70264331416015,1
1062,DEV,7879,8044,41.25,0.854391520713501,1
1062,DEV,8268,8425,39.25,0.733018806954049,1
1062,DEV,8722,8843,30.25,0.6042784204743747,1
1062,DEV,9102,9494,98.0,0.9588315129580559,1
1062,DEV,9494,9963,117.25,1.205713177793576,1
1062,DEV,9963,10263,75.0,0.7522781619595424,1
1062,DEV,10464,10698,58.5,0.8633102824274542,1
1062,DEV,10893,11168,68.75,0.781361080591999,1
1062,DEV,11411,11566,38.75,0.7162153428552964,1
1062,DEV,11990,12120,32.5,0.6268984682996187,1
1062,DEV,12649,12805,39.0,0.9309119110708977,1
1062,DEV,13005,13148,35.75,0.5481807018677697,1
1062,DEV,13436,13623,46.75,0.5237510502165061,1
1062,DEV,13792,13943,37.75,1.004717895689265,1
1063,TEST,2022,2213,47.75,1.3432612304050795,1
1063,TEST,2617,2828,52.75,0.7743809273367634,1
1063,TEST,3255,3491,59.0,0.8408652846964565,1
1063,TEST,3834,4030,49.0,0.8213849653361434,1
1063,TEST,4425,4651,56.5,0.8049206787258419,1
1063,TEST,5176,5385,52.25,0.8561429037356684,1
1063,TEST,5695,5966,67.75,0.7645701096364687,1
1063,TEST,6321,6503,45.5,0.7423041220301564,1
1063,TEST,6857,7160,75.75,0.7512941451951464,1
1063,TEST,7380,7744,91.0,0.8647147862883332,1
1063,TEST,8618,9059,110.25,1.0771302173494905,1
1063,TEST,9287,9538,62.75,1.0098095787651473,1
1063,TEST,9695,9991,74.0,0.8945073049164974,1
1063,TEST,10671,11074,100.75,0.779309566220929,1
1063,TEST,11316,11501,46.25,0.7912265736721946,1
1063,TEST,12073,12487,103.5,0.6667252063523923,1
1063,TEST,12584,13211,156.75,1.0513100345384148,1
1063,TEST,13481,13703,55.5,1.416440657398964,1
1063,TEST,14000,14195,48.75,0.8166286158709452,1
1063,TEST,14525,14663,34.5,0.7867608026919606,1
1063,TEST,14930,15125,48.75,0.9865742651938998,1
1064,DEV,2675,2927,63.0,2.218516078179154,0
1064,DEV,4386,4581,48.75,0.7750278324912223,1
1064,DEV,4980,5200,55.0,1.0359192062540528,1
1064,DEV,5652,5859,51.75,1.1353209606185541,1
1064,DEV,9422,9580,39.5,0.702235163141218,1
1064,DEV,10346,10520,43.5,0.867395001162236,1
1064,DEV,11451,11720,67.25,0.7894028554300886,1
1064,DEV,11720,11896,44.0,0.6101738460220948,0
1064,DEV,12378,12591,53.25,1.0340840969427079,1
1064,DEV,12591,12737,36.5,0.6875542886504606,0
1064,DEV,13143,13326,45.75,0.7499480052361785,1
1064,DEV,13326,13627,75.25,0.5450502147583436,0
1064,DEV,13728,14249,130.25,1.0665043614431302,0
1064,DEV,14359,14526,41.75,0.6315834546544491,0
1065,TEST,480,728,62.0,0.6596534653465347,1
1065,TEST,1568,1738,42.5,0.5677837014470678,1
1065,TEST,3099,3336,59.25,0.7808453922315308,1
1065,TEST,3961,4184,55.75,0.7075399847677075,1
1065,TEST,4812,4991,44.75,0.6995430312261995,1
1065,TEST,5357,5701,86.0,0.5526466108149276,1
1065,TEST,5701,5934,58.25,0.5593107387661843,0
1065,TEST,6683,6919,59.0,0.7686595582635186,1
1065,TEST,7837,8060,55.75,0.6664127951256664,1
1065,TEST,9601,9770,42.25,0.576923076923077,1
1065,TEST,10565,10798,58.25,0.5756854531607007,1
1065,TEST,12639,12944,76.25,1.1953541507996954,1
1065,TEST,13706,13834,32.0,0.8416793602437167,1
1065,TEST,14136,14641,126.25,1.0555026656511806,1
1065,TEST,15329,15673,86.0,1.3497715156130998,1
1065,TEST,15921,16286,91.25,1.2222010662604723,1
1066,DEV,139,362,55.75,0.6018068861089501,1
1066,DEV,973,1118,36.25,0.5844391198126311,1
1066,DEV,1584,1749,41.25,0.7250353231637829,1
1066,DEV,2156,2350,48.5,0.5616956163293566,1
1066,DEV,3485,3661,44.0,0.7036702138310099,1
1066,DEV,4082,4257,43.75,0.5771336308149733,1
1066,DEV,4709,4876,41.75,0.6377829734370388,1
1066,DEV,6856,7024,42.0,0.6930565788721486,1
1066,DEV,7405,7610,51.25,0.6685211629932221,1
1066,DEV,7980,8311,82.75,1.2505662298076137,1
1066,DEV,8463,8885,105.5,0.9164913687860176,0
1066,DEV,9493,10048,138.75,1.1189774694946866,1
1066,DEV,10048,10629,145.25,0.9621162151676171,1
1066,DEV,14110,14247,34.25,0.6460533383400479,0
1066,DEV,14444,15145,175.25,0.5479116748243418,0
1066,DEV,15145,15397,63.0,0.8176634100774831,0
1067,TEST,188,596,102.0,0.8729532068825882,1
1067,TEST,1426,1615,47.25,0.5298298922550393,1
1067,TEST,2216,2411,48.75,0.7927457089011484,1
1067,TEST,4178,4665,121.75,1.192086967733211,1
1067,TEST,5909,6022,28.25,0.5849574021969655,0
1067,TEST,6022,6916,223.5,0.9777560554535026,0
1067,TEST,12171,12460,72.25,1.5711580366148161,1
1067,TEST,12460,12675,53.75,1.1219837033799334,0
1067,TEST,13096,13205,27.25,0.727561971870915,1
1067,TEST,13830,14075,61.25,0.6505046173147281,0
1067,TEST,16521,17082,140.25,0.6249399918251755,0
1067,TEST,17082,17506,106.0,0.874770597320234,1
1067,TEST,20393,20479,21.5,0.557454226907257,0
1068,DEV,1595,1679,21.0,0.953077376855766,0
1068,DEV,1777,2117,85.0,1.0606135089961652,0
1068,DEV,2253,2455,50.5,0.9540641526251472,0
1068,DEV,3389,4310,230.25,0.8050494439815994,1
1068,DEV,5595,5789,48.5,0.8559876118375783,1
1068,DEV,6765,6927,40.5,0.5505849965588442,1
1068,DEV,7409,7566,39.25,0.799454330940911,1
1068,DEV,7903,8045,35.5,0.5671762855176485,1
1068,DEV,8322,8513,47.75,1.0741165808268365,1
1068,DEV,8734,8937,50.75,0.8228050339199687,1
1068,DEV,9373,9570,49.25,0.8787238226329768,1
1068,DEV,9855,10006,37.75,0.6980631206371061,1
1068,DEV,10439,10630,47.75,0.9469324550191732,1
1068,DEV,10910,11059,37.25,0.5327647232327212,1
1068,DEV,11572,11766,48.5,0.7742601514108747,1
1068,DEV,12061,12223,40.5,0.5438255825385905,1
1068,DEV,12668,12830,40.5,0.7373906203913092,1
1068,DEV,13172,13324,38.0,0.6692896825115278,1
1068,DEV,13651,13852,50.25,1.2793727263789207,1
1068,DEV,14092,14270,44.5,0.9736824764610271,1
1070,TEST,2493,2910,104.25,0.8467272242913038,1
1070,TEST,4466,4770,76.0,1.0117894099026863,1
1070,TEST,4770,5266,124.0,1.2335264282319018,1
1070,TEST,5266,5524,64.5,0.8093792930532853,0
1070,TEST,5524,5821,74.25,1.204013727323538,1
1070,TEST,9964,10108,36.0,0.8443766551924076,1
1070,TEST,15084,15408,81.0,0.7430410095955459,0
1070,TEST,15604,15787,45.75,0.5845602596518011,0
1070,TEST,15787,16200,103.25,0.5962610280866898,0
1070,TEST,16742,16830,22.0,1.3810899327737243,0
1071,DEV,5596,6128,133.0,1.1053732904865108,0
1071,DEV,13317,13449,33.0,1.017562215081085,1
1071,DEV,14016,14124,27.0,0.5695388984380837,1
1071,DEV,18526,18629,25.75,0.9430535834392048,0
1072,TEST,255,498,60.75,1.147921834685996,1
1072,TEST,765,941,44.0,0.9233374401246403,1
1072,TEST,1382,1534,38.0,0.8288628239622986,1
1072,TEST,2056,2221,41.25,0.8947464378649841,1
1072,TEST,2550,2697,36.75,0.8118739675471406,1
1072,TEST,3256,3415,39.75,0.8810724802625398,1
1072,TEST,3760,3907,36.75,0.873752078717797,1
1072,TEST,4065,4489,106.0,0.9324534118596027,1
1072,TEST,4489,4893,101.0,0.8017911503251363,0
1072,TEST,5709,6519,202.5,1.1107673438268295,1
1072,TEST,6519,6806,71.75,0.997646421842973,1
1072,TEST,6806,7027,55.25,0.6899133153960475,0
1072,TEST,7416,7564,37.0,0.6892227114767321,1
1072,TEST,7988,8239,62.75,0.9378401224302627,1
1073,DEV,942,1188,61.5,0.5345389344658831,1
1073,DEV,3641,3882,60.25,0.5229003058631596,1
1073,DEV,8411,8660,62.25,0.5299765920536155,0
1073,DEV,9891,10666,193.75,1.1707700357869597,1
1074,TEST,1387,1487,25.0,0.5563843704279056,1
1074,TEST,2421,2703,70.5,1.0853978906915371,1
1074,TEST,2703,2839,34.0,0.6170465711084426,1
1074,TEST,9208,9351,35.75,1.0346711251972127,1
1074,TEST,9351,9732,95.25,1.145224495797439,1
1074,TEST,11125,11354,57.25,0.5554871938493492,1
1074,TEST,14971,15160,47.25,1.0850106634740233,1
1074,TEST,15326,15731,101.25,0.8611933317509737,1
1075,DEV,4217,4844,156.75,0.6602652919259416,1
1075,DEV,8595,8701,26.5,0.9769826323399685,1
1075,DEV,8795,9595,200.0,0.9414275100174607,0
1075,DEV,10898,11686,197.0,1.115919160226728,1
1075,DEV,12769,13230,115.25,1.1326802082975276,1
1075,DEV,13457,13719,65.5,1.1301015201566271,1
1075,DEV,13974,14170,49.0,0.8560802485467426,1
1075,DEV,14401,14742,85.25,0.840205912812101,1
1075,DEV,14986,15208,55.5,0.8850320132437318,1
1075,DEV,15776,16031,63.75,0.8558534723219621,1
1075,DEV,16422,16637,53.75,1.101074163384711,1
1075,DEV,17112,17228,29.0,1.0185276175645748,0
1077,TEST,0,133,33.25,0.9496671133403601,0
1077,TEST,735,1120,96.25,1.0569217650143272,1
1077,TEST,1893,2215,80.5,0.9880669269026447,1
1077,TEST,2215,2676,115.25,1.0415618395894133,1
1077,TEST,2676,3286,152.5,0.8818715804303957,1
1077,TEST,3482,3926,111.0,0.8609503026964616,1
1077,TEST,3926,4102,44.0,0.707615874747753,1
1077,TEST,4102,4443,85.25,1.0164033410486064,1
1077,TEST,5163,5386,55.75,1.0214350407567676,1
1077,TEST,5612,6519,226.75,1.310890187126264,1
1077,TEST,7647,7862,53.75,0.6234011112111566,1
1077,TEST,13350,13556,51.5,0.8768087246868906,1
1077,TEST,13992,14155,40.75,0.7702014261917481,0
1078,DEV,65,260,48.75,0.8277769896439214,1
1078,DEV,568,772,51.0,0.8228117463469999,1
1078,DEV,1011,1167,39.0,0.7337920272379065,1
1078,DEV,1812,2003,47.75,1.0494396368279195,1
1078,DEV,2160,2351,47.75,0.6025677401049797,1
1078,DEV,2582,2780,49.5,0.6660519222584766,1
1078,DEV,3033,3167,33.5,0.5256064690026957,1
1078,DEV,3456,3631,43.75,0.6245566747056324,1
1078,DEV,4358,4684,81.5,0.5429848205419211,1
1078,DEV,4684,5051,91.75,0.6816569726202303,1
1078,DEV,6143,6359,54.0,0.6451269683643073,1
1078,DEV,6359,6701,85.5,0.889133210384452,1
1078,DEV,6701,7121,105.0,0.6224287132926659,1
1078,DEV,7653,7825,43.0,0.6809476521492414,1
1078,DEV,7991,8227,59.0,0.5844800680947655,1
1078,DEV,8357,8741,96.0,0.7018726060434107,1
1078,DEV,9931,10020,22.25,0.6419350262448579,1
1078,DEV,13239,13428,47.25,0.8377074762377646,1
1078,DEV,13555,13672,29.25,0.7511703787771318,1
1078,DEV,14097,14212,28.75,0.873882820258193,1
1078,DEV,14408,14652,61.0,0.9196339906369703,1
1078,DEV,14836,15031,48.75,0.8646616541353389,1
1078,DEV,15226,15390,41.0,0.7213789189956026,1
1078,DEV,15652,15778,31.5,0.6195914314087106,1
1078,DEV,16107,16278,42.75,0.8695460887710084,1
1078,DEV,16480,16668,47.0,0.8142190920338824,1
1078,DEV,16900,17314,103.5,1.6069655270251106,1
1078,DEV,17398,17570,43.0,1.2044261597389707,1
1078,DEV,17851,18035,46.0,1.4548162859980145,1
1078,DEV,18273,18537,66.0,0.8976450560363176,1
1078,DEV,18682,18961,69.75,1.1916583912611725,1
1079,TEST,0,85,21.25,0.6618587947225987,0
1079,TEST,222,506,71.0,0.8943427923409842,1
1079,TEST,1019,1286,66.75,0.812311024865743,1
1079,TEST,1286,1567,70.25,0.8191530711325333,1
1079,TEST,1738,2019,70.25,0.9369236121928175,1
1079,TEST,2166,2393,56.75,0.7509509716433576,1
1079,TEST,2609,2822,53.25,0.8318181354987196,1
1079,TEST,3065,3278,53.25,0.9029317440375934,1
1079,TEST,3639,3847,52.0,1.0271076050072132,1
1079,TEST,4099,4328,57.25,1.0578968132077697,1
1079,TEST,4634,4857,55.75,1.022376402801454,1
1079,TEST,5040,5248,52.0,1.0045434098720536,1
1079,TEST,5440,5626,46.5,1.0032413183248274,1
1080,DEV,2278,2786,127.0,1.064831345804394,0
1080,DEV,7670,7935,66.25,0.5002539522874522,1
1080,DEV,8195,8419,56.0,0.5317076879141096,1
1080,DEV,8975,9175,50.0,0.5804448755403978,1
1080,DEV,9436,9695,64.75,0.5573644893297107,1
1080,DEV,11541,12095,138.5,0.5409398423983846,0
1080,DEV,13981,14849,217.0,0.7898287925967507,0
1080,DEV,14849,15136,71.75,0.784303728629211,0
1080,DEV,15568,15791,55.75,1.5809527801153025,0
1081,TEST,140,297,39.25,0.7177872658296623,1
1081,TEST,6362,6577,53.75,0.6728468109181505,0
1081,TEST,8505,8638,33.25,0.5418054844471999,0
1081,TEST,9769,9901,33.0,1.0386705139828876,0
1081,TEST,10690,11527,209.25,1.219692346383464,0
1081,TEST,12288,13248,240.0,1.193358813951887,0
1082,DEV,345,627,70.5,1.12338207654061,1
1082,DEV,1019,1155,34.0,0.535753164753818,1
1082,DEV,1827,2083,64.0,1.0194084165344781,1
1082,DEV,2546,2803,64.25,0.8044628694064172,1
1082,DEV,3191,3472,70.25,0.9379149978518749,1
1082,DEV,13095,13436,85.25,1.1733694130820191,1
1082,DEV,13845,14022,44.25,0.6166215669808093,0
1082,DEV,15992,16114,30.5,0.8403426687461398,1
1082,DEV,16778,16868,22.5,0.9127687652461377,0
1083,TEST,2023,2247,56.0,0.8736910491554232,0
1083,TEST,2247,2435,47.0,0.8303856065892663,1
1083,TEST,3287,3438,37.75,0.6400441303081391,1
1083,TEST,4290,4508,54.5,0.8884059988348778,1
1083,TEST,5426,5554,32.0,0.9037792619160331,1
1083,TEST,7094,7244,37.5,0.6279521588109634,1
1083,TEST,7825,8191,91.5,0.7521742940955095,1
1083,TEST,9880,10101,55.25,0.9279737692747889,1
1083,TEST,10470,10619,37.25,1.188450850900393,1
1083,TEST,11226,11451,56.25,1.1325146542524402,1
1083,TEST,11871,12050,44.75,0.8960102283331018,1
1083,TEST,12582,12824,60.5,0.8980723922648235,1
1083,TEST,13035,13215,45.0,0.785040031757325,1
1083,TEST,13815,13976,40.25,1.2382005557531803,1
1084,DEV,5437,5546,27.25,2.148711430575037,0
1084,DEV,5724,5905,45.25,1.0321704067321187,1
1084,DEV,6760,6954,48.5,0.8026165848527356,1
1084,DEV,7556,7698,35.5,0.7083844670406737,1
1084,DEV,9086,9259,43.25,0.622918127629734,1
1084,DEV,9915,10144,57.25,1.0376490182328197,1
1084,DEV,11613,11736,30.75,0.813573807854138,1
1084,DEV,12294,12686,98.0,1.0979137447405336,1
1084,DEV,13272,13494,55.5,1.0058730715287525,1
1084,DEV,15558,15847,72.25,1.104488078541375,0
1084,DEV,15847,16072,56.25,1.0239524894810665,0
1084,DEV,16072,16239,41.75,0.9980793048454969,0
1085,TEST,5303,5553,62.5,0.7667088154009007,1
1085,TEST,7435,7571,34.0,1.1775560049589993,1
1085,TEST,7571,7687,29.0,0.7238736196976013,1
1085,TEST,7868,7993,31.25,0.6497357809803502,1
1085,TEST,8466,8675,52.25,1.0873549678530101,1
1085,TEST,8911,9022,27.75,1.0399891264503223,0
1085,TEST,9022,9347,81.25,1.0894143522618227,1
1085,TEST,9347,9850,125.75,0.6691155103796975,0
1085,TEST,10084,10273,47.25,0.7384952490001693,1
1085,TEST,10644,11028,96.0,0.8552623449798392,1
1085,TEST,11282,11645,90.75,0.6795968549081314,1
1085,TEST,12246,12514,67.0,0.7063688522226941,1
1085,TEST,13247,13476,57.25,0.8725611740138645,1
1085,TEST,13978,14200,55.5,0.9386674135367464,1
1085,TEST,14719,14992,68.25,1.1308079788789542,1
1085,TEST,15708,15829,30.25,1.1542823797086341,0
1086,DEV,6196,6412,54.0,0.7870253299410871,0
1086,DEV,6412,7189,194.25,1.0244670934906992,0
1086,DEV,7336,7473,34.25,0.5946701259456179,1
1086,DEV,8219,8372,38.25,0.7506911052259734,1
1086,DEV,8608,8749,35.25,0.7059309882193142,1
1086,DEV,9567,9794,56.75,1.026498683352722,1
1086,DEV,10107,10260,38.25,0.6748120497289699,1
1086,DEV,10885,11173,72.0,0.9327155810530551,1
1086,DEV,11173,11447,68.5,0.5823078079152071,0
1086,DEV,11915,12032,29.25,0.5793238001147633,0
1086,DEV,12728,12937,52.25,0.8073872534344088,1
1086,DEV,13323,13645,80.5,0.7997140905189815,1
1086,DEV,13645,13967,80.5,1.2456101132710362,1
1086,DEV,13967,14426,114.75,1.0567650481857969,0
1088,TEST,162,339,44.25,0.6208573538862936,1
1088,TEST,1147,1407,65.0,0.8353636895569346,1
1088,TEST,1407,1819,103.0,0.7929180535438508,1
1088,TEST,2385,2529,36.0,0.5588675408389367,1
1088,TEST,3014,3207,48.25,0.676132603044575,1
1088,TEST,4304,4545,60.25,0.6462767743235077,1
1088,TEST,5134,5343,52.25,0.6160612368226682,1
1088,TEST,6777,7087,77.5,0.7322471726889909,1
1088,TEST,7249,7412,40.75,0.5955578363756702,1
1088,TEST,8342,8794,113.0,0.8039491227901888,1
1088,TEST,8937,9077,35.0,0.8047884432763234,1
1088,TEST,9362,9595,58.25,0.6857248371718255,1
1088,TEST,10172,10461,72.25,0.7945966945161196,1
1088,TEST,10461,10772,77.75,0.6841660991261473,1
1088,TEST,10884,11219,83.75,0.7941170828097571,1
1088,TEST,11497,11662,41.25,0.7390816395046569,1
1088,TEST,12551,12799,62.0,1.195791886888375,1
1088,TEST,13236,13545,77.25,1.103586536340179,1
1088,TEST,14102,14274,43.0,0.7992729086531544,1
1088,TEST,14507,14756,62.25,1.512695321867416,1
1088,TEST,14756,15195,109.75,1.045553519870313,1
1088,TEST,17140,17345,51.25,0.8312869900528531,1
1088,TEST,18368,18529,40.25,1.1233705192276333,1
1089,DEV,1262,1591,82.25,0.7400904931728773,1
1089,DEV,3345,3531,46.5,0.9400528313903939,0
1089,DEV,4077,4639,140.5,1.2496037246218321,0
1089,DEV,4639,5103,116.0,1.0177393489967395,1
1089,DEV,5103,5285,45.5,0.9672660967294215,0
1089,DEV,5542,5880,84.5,0.7555358599869201,0
1089,DEV,8853,9084,57.75,0.5940950020972837,1
1089,DEV,11545,11833,72.0,0.5753908759532786,1
1089,DEV,12100,12351,62.75,1.0026627533760284,1
1089,DEV,12727,12933,51.5,0.9711274384329321,1
1089,DEV,13151,13486,83.75,1.1646733881842346,1
1089,DEV,13486,13866,95.0,1.143322906822582,1
1090,TEST,756,1056,75.0,1.2204666844418448,1
1090,TEST,1486,1655,42.25,0.7429021132393542,1
1090,TEST,2148,2370,55.5,0.6243173041361693,1
1090,TEST,3617,3927,77.5,0.9271762408938048,1
1090,TEST,3927,4117,47.5,0.5389534433674215,0
1090,TEST,5036,5260,56.0,0.6425942012780926,1
1090,TEST,5780,6005,56.25,0.8766459958543694,1
1090,TEST,6356,6539,45.75,0.9842646666724004,1
1090,TEST,7063,7295,58.0,1.008884722234168,1
1090,TEST,7815,8077,65.5,1.0601675453912114,1
1090,TEST,8504,8759,63.75,0.9799642202860658,1
1090,TEST,9275,9501,56.5,0.7625766554568363,1
1090,TEST,10051,10333,70.5,0.9402926023721262,1
1090,TEST,11005,11304,74.75,0.967385414606036,1
1090,TEST,11643,11887,61.0,0.818159925000215,1
1090,TEST,12291,12541,62.5,0.8382645118563218,1
1090,TEST,12914,13586,168.0,1.274759820069323,1
1090,TEST,13586,13863,69.25,0.9349170443892075,1
1092,DEV,2591,2904,78.25,0.7743156377904226,0
1092,DEV,5186,5399,53.25,0.6977816843217974,0
1092,DEV,5399,5994,148.75,1.0186314172559083,0
1092,DEV,5994,6185,47.75,0.9563476201578559,0
1092,DEV,8098,8259,40.25,0.8923727305477067,1
1092,DEV,8582,8705,30.75,0.5927682821317337,1
1092,DEV,8970,9095,31.25,0.7500870089895678,1
1092,DEV,9915,10119,51.0,0.5562138395899252,1
1092,DEV,10393,10672,69.75,1.12067431433569,1
1092,DEV,11036,11292,64.0,1.1504056042396384,1
1092,DEV,11554,11773,54.75,1.032131494767727,1
1092,DEV,12009,12194,46.25,0.8908536135453152,1
1092,DEV,12707,12852,36.25,0.7599925346250168,1
1092,DEV,13687,13871,46.0,0.8947599144086077,1
1092,DEV,14045,14268,55.75,0.8144637299964843,1
1092,DEV,14414,14555,35.25,0.7882047075265736,1
1092,DEV,15040,15327,71.75,1.1122106624652228,1
1092,DEV,15450,15761,77.75,1.044284430786859,1
1092,DEV,15761,16032,67.75,0.5538266557290242,0
1093,TEST,723,931,52.0,0.80752434102663,1
1093,TEST,1700,1859,39.75,0.6711530237398549,1
1093,TEST,2481,2615,33.5,0.5161495788005263,1
1093,TEST,3789,3954,41.25,0.6648101717730281,1
1093,TEST,4576,4732,39.0,0.5367638476927132,1
1093,TEST,5480,5822,85.5,1.4558528422908852,1
1093,TEST,6200,6533,83.25,0.9778777534876331,1
1093,TEST,6533,6973,110.0,0.7195754752196081,0
1093,TEST,10775,10995,55.0,0.912882645000186,0
1093,TEST,13620,13901,70.25,0.7829457896551758,0
1093,TEST,13901,14268,91.75,0.7012815705822818,0
1093,TEST,14268,14564,74.0,0.527249569742473,0
1093,TEST,15456,15600,36.0,1.2376489900270684,0
1094,DEV,3510,3637,31.75,0.5151903004325907,0
1094,DEV,4762,4914,38.0,0.6769159026868272,0
1094,DEV,5473,5775,75.5,0.5863793308727224,0
1094,DEV,6474,6662,47.0,0.718339484859308,0
1094,DEV,6662,6853,47.75,0.7148668492280821,0
1094,DEV,6853,7095,60.5,0.8674147715997927,0
1094,DEV,7943,8114,42.75,0.6704667222288361,1
1094,DEV,8414,8600,46.5,0.6816287653292051,1
1094,DEV,8759,9043,71.0,0.6216017779894426,1
1094,DEV,9402,9726,81.0,0.7880402428860571,1
1094,DEV,9957,10142,46.25,1.034845418105329,1
1094,DEV,12364,12469,26.25,0.5754653331745838,0
1094,DEV,13299,13705,101.5,0.7210679842838426,0
1094,DEV,13705,13907,50.5,1.3084394967654867,0
1094,DEV,13907,14217,77.5,1.5220065880858815,1
1094,DEV,14700,15002,75.5,0.9490217089336024,0
1094,DEV,17131,17252,30.25,0.5531412469738455,0
1094,DEV,17611,18030,104.75,0.553389292376076,0
1094,DEV,18468,18877,102.25,0.844098503790133,0
1094,DEV,19237,19398,40.25,0.6322677302853509,0
1094,DEV,19398,19487,22.25,0.5913402389173309,0
1096,TEST,6245,6421,44.0,0.6603609973452154,1
1096,TEST,7433,7700,66.75,0.7216325877193819,1
1096,TEST,9279,9762,120.75,0.8937266658154076,1
1096,TEST,9913,10272,89.75,1.1137517080766057,1
1096,TEST,11214,11588,93.5,1.0244648026635512,1
1096,TEST,12004,12263,64.75,0.8983005948013484,1
1096,TEST,12772,13359,146.75,1.0498119924606404,1
1096,TEST,14004,14171,41.75,0.7019075189675118,1
1096,TEST,14750,14943,48.25,0.5373413656608469,1
1096,TEST,15920,16242,80.5,1.0678218378427826,1
1096,TEST,16793,17358,141.25,1.0116959175777995,1
1096,TEST,17621,17897,69.0,1.0236071909786872,1
1097,DEV,1940,2807,216.75,0.619539316918189,0
1097,DEV,3902,4027,31.25,0.5,0
1097,DEV,4780,5623,210.75,1.096505162827641,0
1097,DEV,5623,5944,80.25,0.9805401111993647,0
1097,DEV,10873,11150,69.25,1.1787132644956317,0
1097,DEV,11150,11667,129.25,1.016282764098491,0
1097,DEV,11667,12077,102.5,0.7887212073073869,0
1097,DEV,12262,12834,143.0,0.5083399523431295,0
1097,DEV,13310,13449,34.75,0.6576648133439237,1
1097,DEV,13679,14591,228.0,0.6640190627482131,0
1097,DEV,14708,14897,47.25,0.8332009531374108,0
1097,DEV,14897,15641,186.0,1.055996822875298,1
1098,TEST,0,385,96.25,1.1388548057259713,1
1098,TEST,1313,1627,78.5,0.9556237218813907,1
1098,TEST,2052,2243,47.75,0.8969325153374235,1
1098,TEST,6559,6874,78.75,0.7795501022494887,1
1098,TEST,7066,7359,73.25,1.0,1
1098,TEST,7968,8139,42.75,0.5447852760736196,1
1098,TEST,8346,8480,33.5,0.5349693251533743,1
1098,TEST,8773,9031,64.5,0.6122699386503068,1
1098,TEST,9183,9447,66.0,0.9464212678936604,1
1098,TEST,9599,9815,54.0,0.6801635991820041,1
1098,TEST,10844,11043,49.75,0.5824130879345604,1
1098,TEST,13841,14155,78.5,0.5971370143149284,1
1098,TEST,14388,14575,46.75,1.396728016359918,1
1098,TEST,17987,18205,54.5,1.624130879345603,1
1099,DEV,1554,2086,133.0,1.1735368653935085,1
1099,DEV,2945,3199,63.5,0.8332950178099561,1
1099,DEV,4187,4441,63.5,0.7793377454785422,1
1099,DEV,4985,5224,59.75,0.5274019100063013,1
1099,DEV,6164,6359,48.75,0.5410602671628748,1
1099,DEV,6902,7270,92.0,1.2742841533306097,1
1099,DEV,8926,9052,31.5,0.5291599163729891,1
1099,DEV,9507,9821,78.5,0.8650743636693101,1
1099,DEV,10128,10307,44.75,0.6565477623283572,1
1099,DEV,10479,10597,29.5,0.6200353224048439,1
1099,DEV,10884,11012,32.0,0.5370033293935956,1
1099,DEV,11459,11690,57.75,0.6105691342765258,0
1099,DEV,11690,12085,98.75,0.6776438387286092,0
1099,DEV,12085,12246,40.25,0.6484338867897986,0
1099,DEV,12246,12503,64.25,0.5370033293935956,0
1099,DEV,12503,12602,24.75,0.5675655939221659,0
1100,TEST,0,174,43.5,1.1689577196584244,1
1100,TEST,395,613,54.5,0.9372489511737924,1
1100,TEST,844,953,27.25,0.5471004790383526,1
1100,TEST,1270,1538,67.0,0.9011723050373408,1
1100,TEST,1538,1876,84.5,0.5515635692820373,0
1100,TEST,2039,2200,40.25,0.6694635365527088,1
1100,TEST,2858,3025,41.75,0.6828528072837629,1
1100,TEST,3299,3486,46.75,0.6151626052545446,1
1100,TEST,4031,4643,153.0,1.4969948525692516,0
1100,TEST,4643,4886,60.75,1.1008955934422324,1
1100,TEST,4886,4976,22.5,0.7029367133803442,0
1100,TEST,5271,5393,30.5,0.6776458686661309,1
1100,TEST,5695,5867,43.0,0.9163401004519686,1
1100,TEST,7188,7413,56.25,0.7526200628494658,0
1100,TEST,8601,8935,83.5,0.7802969442708796,1
1100,TEST,11083,11283,50.0,0.6513341456280016,1
1101,DEV,745,919,43.5,0.5932815468829941,1
1101,DEV,2242,3031,197.25,0.8697825354331306,1
1101,DEV,3031,3226,48.75,0.7667869543979492,0
1101,DEV,3601,3693,23.0,0.6946521816508828,1
1101,DEV,4501,4762,65.25,1.0025029440832447,1
1101,DEV,4911,5047,34.0,0.642207740572307,1
1101,DEV,5743,5899,39.0,1.1123144091575188,1
1101,DEV,6141,6320,44.75,0.5759422013033485,1
1101,DEV,7260,7616,89.0,0.7069586389436894,1
1101,DEV,7616,7804,47.0,0.6370958275429875,1
1101,DEV,8182,8324,35.5,0.6386104684405636,1
1101,DEV,9101,9336,58.75,0.8428671936444987,1
1101,DEV,11889,12521,158.0,1.0980641197599545,1
1101,DEV,14212,14687,118.75,1.0409075055084542,1
1101,DEV,14687,15051,91.0,0.9968230407173337,1
1102,TEST,294,411,29.25,0.5680935687179514,0
1102,TEST,3749,4009,65.0,0.547753832285918,0
1102,TEST,4683,4867,46.0,0.7703083902224678,0
1102,TEST,5196,5309,28.25,0.5051822909165462,0
1102,TEST,5496,5784,72.0,0.9756401039085666,0
1102,TEST,5784,6138,88.5,1.1563921036252476,0
1102,TEST,7335,7450,28.75,1.1054975038815642,0
1102,TEST,7599,7730,32.75,1.0747513906703514,1
1102,TEST,8073,8234,40.25,0.5383499694162658,1
1102,TEST,8536,8660,31.0,0.9323732356461191,1
1102,TEST,8944,9222,69.5,0.9294786532312859,1
1102,TEST,9399,9666,66.75,1.1002378358351,1
1102,TEST,9939,10146,51.75,0.8651483240509018,1
1102,TEST,10291,10556,66.25,0.8849919693504463,1
1102,TEST,10556,10757,50.25,0.9744152802322896,1
1102,TEST,11018,11252,58.5,0.6447223431828207,1
1102,TEST,12701,12850,37.25,0.6707382851307703,1
1102,TEST,13102,13263,40.25,0.8183196285445926,1
1102,TEST,13904,14278,93.5,1.496153170570258,1
1103,DEV,269,396,31.75,0.6105470341013667,1
1103,DEV,746,882,34.0,0.7815838402297631,1
1103,DEV,1150,1278,32.0,0.5889060690227735,1
1103,DEV,1466,1665,49.75,0.929620586854341,1
1103,DEV,1848,1982,33.5,0.7392428215977335,1
1103,DEV,2601,2751,37.5,0.6225476770365321,1
1103,DEV,3287,3594,76.75,1.1032561010045976,1
1103,DEV,5502,5647,36.25,0.9753997521655561,0
1103,DEV,5803,6088,71.25,1.0483845304740589,1
1103,DEV,7900,8015,28.75,0.5885924318477215,1
1103,DEV,8175,8389,53.5,1.0495740285009234,1
1103,DEV,8622,8717,23.75,0.8970023206489256,1
1103,DEV,8981,9063,20.5,0.8294657822877128,1
1103,DEV,9436,9532,24.0,0.6624017137099758,1
1103,DEV,9799,10255,114.0,1.1380265345402079,1
1103,DEV,10679,10798,29.75,0.5283740942377236,1
1103,DEV,13893,13999,26.5,0.9649886028837983,1
1103,DEV,14157,14842,171.25,1.2081619592741697,0
1107,TEST,283,556,68.25,1.1069272347958026,1
1107,TEST,1035,1234,49.75,0.8619531546339616,1
1107,TEST,1480,1607,31.75,0.5719354532810724,1
1107,TEST,1955,2155,50.0,0.7959682007839174,1
1107,TEST,2969,3158,47.25,0.8402215830067014,1
1107,TEST,3583,3766,45.75,0.7540855354659252,1
1107,TEST,4129,4325,49.0,0.6553056644329248,1
1107,TEST,5648,5856,52.0,0.965079339992414,1
1107,TEST,6102,6227,31.25,0.5507965608800103,1
1107,TEST,6508,6834,81.5,0.7590245290175751,1
1107,TEST,6961,7139,44.5,0.7532952964976611,1
1107,TEST,7421,7613,48.0,1.1187808193197628,1
1107,TEST,8066,8269,50.75,1.0126912378303203,1
1107,TEST,8428,8638,52.5,1.0782810721962326,1
1107,TEST,9068,9276,52.0,1.0642543305095467,1
1107,TEST,12241,12443,50.5,1.0049864078897461,1
1107,TEST,13020,13216,49.0,0.7517148185611332,1
1107,TEST,13469,13647,44.5,0.6130278796308005,0
1107,TEST,13761,14023,65.5,0.5656135415349602,0
1107,TEST,14798,15010,53.0,0.8457532557845494,1
1108,DEV,6275,6707,108.0,1.1291270396402802,1
1108,DEV,7104,7276,43.0,0.5702149921147751,1
1108,DEV,7565,7727,40.5,0.6739319209378931,1
1108,DEV,8203,8367,41.0,0.7897390196164907,1
1108,DEV,8709,8897,47.0,0.7495905310398003,1
1108,DEV,9168,9294,31.5,0.5130338114146411,1
1108,DEV,9682,9902,55.0,1.063174559241072,1
1108,DEV,10217,10364,36.75,0.6769734731027938,1
1108,DEV,10741,10904,40.75,0.923187120851513,1
1108,DEV,11183,11355,43.0,0.8122465056367567,1
1108,DEV,11606,11726,30.0,0.8634206208112124,1
1109,TEST,10649,10924,68.75,0.8115389040150327,1
1109,TEST,11206,11420,53.5,1.0751811941557698,1
1109,TEST,11538,11698,40.0,0.6763623116156001,1
1109,TEST,11914,12083,42.25,0.8649863864708367,1
1109,TEST,12347,12482,33.75,0.6502377574107453,1
1109,TEST,12712,12852,35.0,0.6739655635234116,1
1109,TEST,13198,13387,47.25,0.9735590750469766,1
1109,TEST,13662,13811,37.25,0.6859493039843542,1
1109,TEST,14221,14410,47.25,0.9153180964067956,1
1109,TEST,14491,14651,40.0,0.7386777620125017,1
1109,TEST,14939,15050,27.75,0.5124247421099054,1
1109,TEST,15473,15694,55.25,1.0562468842274806,1
1109,TEST,15694,15988,73.5,1.1017850979790624,1
1110,DEV,637,811,43.5,0.9158334402166577,0
1110,DEV,811,1156,86.25,0.9804336422732893,1
1110,DEV,1805,2165,90.0,1.0238626183862751,1
1110,DEV,2817,3097,70.0,0.9496524187708473,1
1110,DEV,3913,4199,71.5,1.0570878802557104,1
1110,DEV,4311,4524,53.25,1.0237458404845456,1
1110,DEV,4678,4837,39.75,0.8915637396867278,1
1110,DEV,5523,5981,114.5,0.9262574996963265,1
1110,DEV,6353,6467,28.5,0.9021582114459852,1
1110,DEV,7067,7422,88.75,0.8272993618220235,1
1110,DEV,7545,7818,68.25,0.8092390902793091,1
1110,DEV,8439,8628,47.25,0.8953903343123678,1
1110,DEV,8738,9100,90.5,0.8891210605643899,1
1110,DEV,9100,9309,52.25,0.7819171410223824,1
1110,DEV,9494,9764,67.5,0.9778948113672054,1
1110,DEV,10001,10168,41.75,0.9163980837727039,1
1110,DEV,10626,10989,90.75,0.9875797862598125,1
1110,DEV,11114,11326,53.0,1.0036893962291562,1
1110,DEV,12063,12175,28.0,0.81142123526012,1
1110,DEV,12527,12714,46.75,0.8961739842394594,1
1110,DEV,12927,13109,45.5,0.8761468628850753,1
1110,DEV,13228,13601,93.25,0.9539327947663478,1
1110,DEV,13601,13866,66.25,0.95741449953669,1
1110,DEV,14028,14269,60.25,1.12529384227681,1
1110,DEV,14391,14588,49.25,1.2500586291710611,1
1110,DEV,14731,15087,89.0,1.2094781849419245,1
1110,DEV,15755,15951,49.0,0.7576052370225748,1
1110,DEV,15951,16256,76.25,1.0653244790772822,0
1111,TEST,639,757,29.5,0.5444099512224536,1
1111,TEST,1178,1815,159.25,0.6482902952719678,1
1111,TEST,1948,2186,59.5,0.7779483543263614,1
1111,TEST,3099,3857,189.5,0.7837194845513344,1
1111,TEST,4799,4914,28.75,0.6990762412517302,1
1111,TEST,5452,5639,46.75,0.7263929243166025,1
1111,TEST,6002,6190,47.0,0.6956135631167465,1
1111,TEST,6824,7202,94.5,0.8364291406060879,1
1111,TEST,7202,7489,71.75,0.9776294601104273,0
1111,TEST,7489,7742,63.25,0.583268894737272,0
1111,TEST,9282,9666,96.0,0.6402107129570056,1
1111,TEST,9952,10191,59.75,0.7510164132764873,0
1111,TEST,10191,10647,114.0,1.406905932489662,0
1111,TEST,10647,11027,95.0,0.869901695910931,1
1111,TEST,11027,11336,77.25,1.2003950867943853,1
1111,TEST,12804,12938,33.5,0.5370998529374879,1
1112,DEV,518,757,59.75,0.8908884782589291,0
1112,DEV,1798,2009,52.75,0.541257896443885,0
1112,DEV,5349,5977,157.0,1.0948644474795355,1
1112,DEV,8010,8256,61.5,0.7364559063763692,0
1112,DEV,8256,8519,65.75,1.079986550381023,1
1112,DEV,8642,8755,28.25,0.6464446289303686,1
1112,DEV,9033,9229,49.0,0.5504821926449629,1
1112,DEV,11228,11480,63.0,0.5827672293487349,1
1112,DEV,11596,11827,57.75,0.9045761435895605,1
1112,DEV,11827,12016,47.25,1.0862352671623983,0
1112,DEV,12319,12527,52.0,1.3757591446994517,1
1112,DEV,13102,13216,28.5,0.6226399935727485,1
1112,DEV,13749,14477,182.0,0.5539041089776207,1
1112,DEV,14477,14707,57.5,0.5115021022468601,1
1112,DEV,16078,16179,25.25,0.579196534045092,1
1112,DEV,16383,16512,32.25,0.7916529046118506,1
1112,DEV,16690,16800,27.5,1.041750354837846,0
1113,TEST,0,189,47.25,0.7173071758637755,0
1113,TEST,2126,2605,119.75,1.0316899922829172,0
1113,TEST,2605,3004,99.75,0.695486517155135,1
1113,TEST,4324,4547,55.75,0.5421327167538004,1
1113,TEST,5228,5356,32.0,0.5078111764827973,1
1113,TEST,8144,8420,69.0,0.8948203725135339,1
1113,TEST,8420,8730,77.5,0.608315471828351,1
1113,TEST,9955,10226,67.75,0.5356128542650435,1
1113,TEST,10328,10549,55.25,0.5826050706934419,1
1113,TEST,12137,12711,143.5,0.5270017151289496,0
1113,TEST,12853,13295,110.5,1.5470526539359641,1
1113,TEST,15271,15891,155.0,0.6553076882567493,1
1113,TEST,15980,16217,59.25,0.5763312407514307,1
1113,TEST,16788,17067,69.75,0.8251714530304213,1
1113,TEST,17067,17489,105.5,1.8198810395226448,1
1113,TEST,17489,17606,29.25,0.9264138460162112,0
1114,DEV,448,633,46.25,0.7195362338599267,1
1114,DEV,1223,1730,126.75,0.7676511187988883,1
1114,DEV,1730,1863,33.25,0.6301800189732836,1
1114,DEV,2984,3491,126.75,0.6689218743786812,1
1114,DEV,3932,4221,72.25,0.854820293461033,1
1114,DEV,6029,6488,114.75,1.4363457682191794,1
1114,DEV,7512,7822,77.5,1.259804599159393,0
1114,DEV,7822,8467,161.25,0.999789816913489,1
1114,DEV,8467,8596,32.25,0.5495719649846336,0
1114,DEV,14328,14415,21.75,1.4203264086527254,0
1114,DEV,14415,14570,38.75,0.9432392053943198,1
1115,TEST,5861,5995,33.5,0.8064222962738565,1
1115,TEST,6868,6955,21.75,0.5758860951226901,1
1115,TEST,7647,7727,20.0,0.9275976976673735,1
1115,TEST,8042,8158,29.0,0.9460769463798848,1
1115,TEST,8920,9003,20.75,0.8682217509845501,1
1115,TEST,9398,9483,21.25,0.7779460769463798,1
1115,TEST,10814,11103,72.25,1.2768857921841867,1
1115,TEST,11103,11295,48.0,1.5474098757952135,1
1115,TEST,11620,11757,34.25,1.191457134201757,1
1115,TEST,12186,12312,31.5,0.9512269009391093,1
1115,TEST,12772,12876,26.0,1.2053923053620115,1
1115,TEST,13135,13488,88.25,1.7582550742199334,1
1115,TEST,13488,14080,148.0,0.8876098152075129,1
1116,DEV,893,1812,229.75,0.578050369083804,0
1116,DEV,7979,8796,204.25,0.963055434939934,1
1116,DEV,9048,9333,71.25,0.5892676219423942,1
1116,DEV,12037,12117,20.0,0.7792372268056162,0
1116,DEV,12267,12515,62.0,0.5655666521927922,0
1116,DEV,14016,14310,73.5,0.6703213200173691,0
1116,DEV,14430,14745,78.75,0.5800405268490378,0
1116,DEV,14866,15009,35.75,0.5543493993342022,0
1116,DEV,15188,15271,20.75,0.5026052974381244,0
1116,DEV,15760,15975,53.75,0.5680995802576353,0
1116,DEV,15975,16213,59.5,0.7844840063685052,0
1116,DEV,16213,16735,130.5,1.1694890722246354,0
1116,DEV,16735,16867,33.0,0.9556375741786083,0
1116,DEV,16867,17424,139.25,1.4287523520046326,0
1116,DEV,17932,18283,87.75,0.6003039513677815,0
1116,DEV,18447,18870,105.75,1.3583731364886389,0
1117,TEST,2407,2633,56.5,0.9433931816201319,1
1117,TEST,3178,3292,28.5,0.632909349694519,1
1117,TEST,3587,3895,77.0,0.8359180090304966,1
1117,TEST,4255,4493,59.5,1.1985256859207527,1
1117,TEST,4636,4865,57.25,1.5336997601980384,0
1117,TEST,4865,5330,116.25,0.9777658719528531,1
1117,TEST,6505,6694,47.25,0.6395256891482353,1
1117,TEST,9019,9563,136.0,0.9851890820716568,1
1117,TEST,9749,10015,66.5,1.0589370608606408,1
1117,TEST,10597,10789,48.0,1.046995375017348,1
1117,TEST,10961,11148,46.75,0.6387188184831477,1
1117,TEST,11250,11590,85.0,0.7521648339944295,1
1117,TEST,11896,12033,34.25,0.6650228021649955,1
1117,TEST,12344,12528,46.0,0.918380191002424,1
1117,TEST,12945,13083,34.5,0.7616859078424602,1
1117,TEST,13484,13638,38.5,0.8801345214772834,1
1118,DEV,8893,9213,80.0,1.012420892026346,0
1118,DEV,9213,9667,113.5,0.8821412070614275,1
1118,DEV,9667,9916,62.25,0.896377956140068,0
1118,DEV,11255,11628,93.25,0.9256573080187817,1
1118,DEV,12048,12331,70.75,1.1898430196950651,1
1118,DEV,12644,12825,45.25,0.7110316002105963,1
1118,DEV,13193,13373,45.0,0.6101655760779637,1
1118,DEV,13738,13844,26.5,0.5481148395276624,0
1118,DEV,14229,15217,247.0,1.0979756954517617,0
1118,DEV,15217,15378,40.25,0.8155239660896754,0
1120,TEST,840,1211,92.75,1.085687411178933,1
1120,TEST,1433,1632,49.75,0.5727489290351617,0
1120,TEST,4022,4533,127.75,1.0727029209990928,1
1120,TEST,4533,4917,96.0,0.813422077722911,1
1120,TEST,5006,5136,32.5,0.5817460560889094,1
1120,TEST,5320,5492,43.0,0.6794875727182588,1
1120,TEST,8103,8208,26.25,0.7271314500710587,1
1120,TEST,9797,9981,46.0,0.606794875727184,1
1120,TEST,11517,11693,44.0,0.7614841170035497,1
1120,TEST,12946,13126,45.0,0.5655921234242262,1
1120,TEST,13288,13384,24.0,0.6111911991739017,0
1120,TEST,14328,14935,151.75,0.7738551667024527,0
1120,TEST,14935,15320,96.25,1.3718573955362015,1
1121,DEV,428,856,107.0,0.9834680099008937,1
1121,DEV,995,1341,86.5,1.111442853152779,1
1121,DEV,10854,10941,21.75,0.8431399976162728,0
1121,DEV,11247,11618,92.75,0.9446541910256284,1
1121,DEV,12547,12928,95.25,1.135400514307178,1
1121,DEV,13909,14131,55.5,0.8392404819462768,1
1121,DEV,14423,14734,77.75,1.0483583584547669,1
1121,DEV,15354,15602,62.0,1.2518178928815646,1
1121,DEV,15602,15784,45.5,0.7813327683017267,0
1121,DEV,16327,16661,83.5,1.1422627589594425,1
1121,DEV,18122,18399,69.25,1.7943267148814637,1
1122,TEST,524,842,79.5,0.7791757180786871,1
1122,TEST,1725,1956,57.75,0.711038699814949,1
1122,TEST,2982,3216,58.5,0.5596789765870142,1
1122,TEST,4309,4777,117.0,0.7565471880279995,1
1122,TEST,4872,5609,184.25,0.8978497867889615,0
1122,TEST,5781,6052,67.75,1.0147638587175158,1
1122,TEST,6052,6151,24.75,0.5267418939576798,0
1122,TEST,6841,7088,61.75,1.6981454662482909,1
1122,TEST,7183,7412,57.25,1.1711521441789368,1
1122,TEST,8445,8560,28.75,0.776661436961944,0
1122,TEST,8560,8823,65.75,0.723107249175316,1
1122,TEST,10303,10772,117.25,0.7904899831040312,1
1122,TEST,14134,14929,198.75,1.024820983184488,1
1122,TEST,14929,15068,34.75,1.0213009896210479,0
1122,TEST,16597,16872,68.75,0.9350611473167594,0
1122,TEST,16872,17236,91.0,0.9778039263013923,1
1123,DEV,843,954,27.75,0.6465635524510417,0
1123,DEV,1664,2220,139.0,1.1034052638143945,1
1123,DEV,2626,2839,53.25,0.5614319570911814,1
1123,DEV,4106,4548,110.5,1.5497068728950982,1
1123,DEV,5893,6367,118.5,1.0357989272795312,1
1123,DEV,7642,7998,89.0,1.0072346264188599,1
1123,DEV,8705,8959,63.5,0.5872520893102159,1
1123,DEV,9358,9558,50.0,0.6350255706623427,1
1123,DEV,10366,10579,53.25,0.5202694274666335,1
1123,DEV,10860,11074,53.5,0.6224273418984658,1
1123,DEV,12167,12384,54.25,0.5144068853685917,1
1123,DEV,14729,15360,157.75,0.8116502432331297,1
1123,DEV,15360,15633,68.25,0.7823375327429214,0
1123,DEV,15951,16181,57.5,0.5902457278283648,1
1123,DEV,16496,16664,42.0,0.6862916302856431,1
1124,TEST,3381,3540,39.75,0.9953424777269299,1
1124,TEST,4454,4676,55.5,1.3575335110600555,1
1124,TEST,4939,5097,39.5,0.7900930880121875,1
1124,TEST,5395,5872,119.25,0.8364497942823612,1
1124,TEST,5872,6028,39.0,0.5548757265672316,0
1124,TEST,6028,6482,113.5,1.1890417116706526,0
1124,TEST,6917,7089,43.0,1.004083136148242,1
1124,TEST,8864,8962,24.5,0.5416086557491684,1
1124,TEST,10019,10676,164.25,1.2850328711189924,1
1124,TEST,10676,11108,108.0,0.6830200223511127,1
1124,TEST,12637,12822,46.25,0.5206935088124569,1
1124,TEST,13435,13574,34.75,0.6010763496513105,1
1124,TEST,14209,14457,62.0,0.7072129161958162,1
1124,TEST,14457,14733,69.0,0.7221969020609228,0
1124,TEST,17940,18086,36.5,0.6221475797741167,0
1124,TEST,20861,21102,60.25,1.0243739503405742,0
1125,DEV,7923,8189,66.5,0.5290951010348305,1
1125,DEV,8273,8482,52.25,0.6402413949259556,1
1125,DEV,10283,10989,176.5,1.338280598527403,1
1125,DEV,10989,11361,93.0,1.3376029346294498,1
1125,DEV,13119,13473,88.5,0.6522300832882163,1
1125,DEV,13626,13870,61.0,1.1785983775257325,1
1127,TEST,2486,2671,46.25,0.5918493362148811,1
1127,TEST,2843,3034,47.75,0.6727384995368941,1
1127,TEST,3334,3516,45.5,1.0182154986106824,0
1127,TEST,3516,3735,54.75,0.8650818153751159,0
1127,TEST,3735,4172,109.25,1.0663785118863847,1
1127,TEST,6687,6906,54.75,0.7468354430379746,1
1127,TEST,10984,11722,184.5,0.8474837912936092,1
1127,TEST,12452,12871,104.75,1.1556035813522691,1
1127,TEST,12871,13122,62.75,1.3575177523927138,1
1127,TEST,13122,13313,47.75,1.0855202222908307,0
1127,TEST,13446,13652,51.5,0.9867242976227231,1
1127,TEST,13652,13808,39.0,0.5276319851806113,0
1127,TEST,14162,14289,31.75,1.2102500771843163,1
1127,TEST,14973,15541,142.0,0.6180920037048472,1
1127,TEST,15541,15949,102.0,0.8406915714726766,0
1128,DEV,1966,2919,238.25,0.8240909090909091,0
1128,DEV,8143,8652,127.25,1.4072727272727275,1
1128,DEV,8652,8967,78.75,1.079090909090909,1
1128,DEV,8967,9425,114.5,0.7886363636363638,0
1128,DEV,9910,10040,32.5,0.6436363636363637,1
1128,DEV,10744,10920,44.0,0.7592261072261038,0
1129,TEST,525,635,27.5,0.5885465087830898,1
1129,TEST,4185,4398,53.25,0.7529236189264572,1
1129,TEST,4560,4712,38.0,0.8798380388511038,0
1129,TEST,5001,5133,33.0,0.6682120663502474,0
1129,TEST,8442,8553,27.75,0.5929934790800395,0
1129,TEST,12313,12549,59.0,0.601543768654891,0
1129,TEST,15164,15271,26.75,0.8367177178646575,0
1129,TEST,15271,15581,77.5,1.47568506049789,1
1129,TEST,15581,16128,136.75,1.515939227871019,1
1129,TEST,16382,16512,32.5,0.7443607183050354,1
1131,DEV,90,290,50.0,0.5978382112709505,0
1131,DEV,290,890,150.0,0.6438068063241675,0
1131,DEV,4308,4390,20.5,0.8437740628530718,0
1131,DEV,4617,4853,59.0,1.0695600860685526,1
1131,DEV,5247,5498,62.75,0.7221554559258486,1
1131,DEV,5718,5979,65.25,0.9691707625990401,1
1131,DEV,6188,6317,32.25,0.6390374139134565,1
1131,DEV,6705,7068,90.75,1.0029936887859008,1
1131,DEV,7284,7497,53.25,0.736188372109759,1
1131,DEV,11344,11511,41.75,0.6289624997301363,1
1131,DEV,12270,12371,25.25,0.545484639354054,0
1131,DEV,12953,13458,126.25,1.0657819932498074,1
1131,DEV,13458,13911,113.25,1.0684806309774826,1
1131,DEV,13911,14249,84.5,0.9427241128678238,1
1131,DEV,14249,14561,78.0,1.1265912967134184,0
1132,TEST,1088,1305,54.25,0.8143984484330455,0
1132,TEST,12185,12420,58.75,1.2510024730356535,1
1132,TEST,12962,13112,37.5,0.986085061329091,1
1132,TEST,13557,13765,52.0,1.119640600109555,1
1132,TEST,14124,14311,46.75,0.9266625245093774,1
1132,TEST,14552,14737,46.25,1.151481014789825,1
1132,TEST,14909,15106,49.25,0.8445936137225416,1
1132,TEST,15996,16216,55.0,1.1698690962161207,1
1133,DEV,0,305,76.25,0.7271807991573161,0
1133,DEV,3753,4137,96.0,0.8669159253111755,0
1133,DEV,4137,4477,85.0,0.8081115569582676,0
1133,DEV,5927,6056,32.25,0.6103694098189972,0
1133,DEV,8968,9633,166.25,0.6869147570987149,0
1133,DEV,9785,9940,38.75,0.748908514921611,1
1133,DEV,10672,10816,36.0,0.7002703255042906,1
1133,DEV,11078,11609,132.75,0.6610009676550604,0
1133,DEV,11728,12013,71.25,1.2022004933436878,0
1133,DEV,12013,12333,80.0,1.390773145756742,1
1133,DEV,12576,12724,37.0,0.8483775990168689,1
1133,DEV,13510,13680,42.5,1.3455623755995492,1
1133,DEV,13861,14035,43.5,1.230943691521847,0
1134,TEST,0,183,45.75,0.907047488396595,1
1134,TEST,736,922,46.5,0.8970431029226419,1
1134,TEST,1609,1777,42.0,1.088612687618005,1
1134,TEST,1995,2222,56.75,1.0932268609290727,1
1135,DEV,9167,9334,41.75,0.6360916604460382,0
1135,DEV,9334,9559,56.25,0.6437117028305863,0
1135,DEV,9559,9734,43.75,0.8460277248000208,0
1135,DEV,11264,11437,43.25,0.7419467008752499,0
1135,DEV,11437,11948,127.75,1.4769407659723672,1
1135,DEV,11948,12186,59.5,1.1470326642141333,1
1135,DEV,12414,12603,47.25,1.2797162066064371,1
1135,DEV,12896,13069,43.25,1.0718134524415648,1
1135,DEV,14865,14985,30.0,0.7103109022892118,1
1135,DEV,15354,15452,24.5,0.5687000710941424,1
1135,DEV,15808,16171,90.75,1.035564464775098,1
1135,DEV,16171,16772,150.25,0.8802721090522182,1
1136,TEST,441,651,52.5,0.5280170099439444,1
1136,TEST,982,1356,93.5,0.7181976332123451,1
1136,TEST,1459,1604,36.25,0.578166276497498,1
1136,TEST,1604,1744,35.0,0.5812804707802667,1
1136,TEST,2790,2948,39.5,0.631751895363072,1
1136,TEST,4718,4841,30.75,0.522003393397908,1
1136,TEST,7498,7653,38.75,0.590730439638324,1
1136,TEST,8373,8511,34.5,0.6554842035179658,1
1136,TEST,8807,8960,38.25,0.735379394772449,1
1136,TEST,9154,9319,41.25,0.5758037842829836,1
1136,TEST,10083,10186,25.75,0.503640385730547,1
1136,TEST,10447,10650,50.75,0.7618679438442758,1
1136,TEST,10650,11154,126.0,0.976031442623655,1
1136,TEST,11154,11328,43.5,0.9341508988209016,1
1136,TEST,11595,11833,59.5,1.0928674212323617,1
1136,TEST,12028,12713,171.25,1.0159790382508966,1
1136,TEST,12713,13083,92.5,1.0307983075964862,1
1136,TEST,13083,13665,145.5,0.8639204484439768,1
1136,TEST,13854,14060,51.5,0.6154292218809733,0
1136,TEST,14060,14438,94.5,0.8021734928373531,0
1136,TEST,14438,14708,67.5,1.3510233886729235,1
1137,DEV,2699,2888,47.25,0.6889648437500001,1
1137,DEV,3170,3491,80.25,0.8899739583333334,1
1137,DEV,3491,3937,111.5,1.04150390625,1
1137,DEV,4297,4563,66.5,1.1126302083333333,1
1137,DEV,4910,5275,91.25,1.0138346354166665,1
1137,DEV,5394,5645,62.75,0.9152018229166666,1
1137,DEV,5760,6043,70.75,0.9783528645833334,1
1137,DEV,6308,6551,60.75,0.8434244791666667,1
1137,DEV,6734,6967,58.25,0.6531575520833333,1
1137,DEV,7179,7447,67.0,0.8390299479166665,1
1137,DEV,8167,8373,51.5,0.6375325520833333,1
1137,DEV,8513,8957,111.0,1.0314127604166667,1
1137,DEV,9201,9378,44.25,0.6918945312499999,1
1137,DEV,10153,10467,78.5,0.7014973958333333,1
1137,DEV,10467,11195,182.0,0.9060253195349288,0
1138,TEST,193,708,128.75,0.7413024085637837,0
1138,TEST,894,1218,81.0,0.8305084745762727,0
1138,TEST,1218,1344,31.5,0.8189116859946491,0
1138,TEST,1498,1915,104.25,0.8055307760927758,0
1138,TEST,2107,2517,102.5,0.9513826940231953,0
1138,TEST,2783,3930,286.75,0.8951828724353273,0
1138,TEST,4657,4935,69.5,0.9192685102586994,0
1138,TEST,5099,6184,271.25,0.6074933095450503,0
1138,TEST,6284,6504,55.0,0.8215878679750238,0
1138,TEST,6813,6928,28.75,1.041480820695809,0
1138,TEST,11142,11289,36.75,0.6721677074041047,0
1138,TEST,11638,11826,47.0,0.6810883140053537,0
1138,TEST,12876,12980,26.0,0.7738626226583422,0
1138,TEST,13468,13558,22.5,0.8996431757359518,0
1138,TEST,13938,14033,23.75,1.033452274754685,0
1138,TEST,14418,14524,26.5,1.0352363960749351,0
1138,TEST,14885,15304,104.75,1.8663024085637858,0
1138,TEST,15304,16104,200.0,3.564674397859062,1
1139,DEV,122,325,50.75,1.2639928589785612,1
1139,DEV,567,882,78.75,1.0872482741096767,1
1139,DEV,882,1240,89.5,1.1615297846385502,1
1139,DEV,1696,1785,22.25,0.8919391549391257,1
1139,DEV,2315,2950,158.75,1.036518371919078,0
1139,DEV,3059,3180,30.25,1.2755298721364339,1
1139,DEV,3516,3673,39.25,1.294855260546176,1
1139,DEV,4106,4264,39.5,0.8704602137562125,0
1139,DEV,4446,4700,63.5,1.004983279122967,0
1139,DEV,4900,5065,41.25,0.9386200366247751,1
1139,DEV,6558,6642,21.0,0.9055749806445048,1
1139,DEV,7836,7917,20.25,0.8598975258603544,1
1139,DEV,8502,8832,82.5,0.8448407217647899,0
1139,DEV,8982,9268,71.5,0.8613198754823455,0
1139,DEV,9768,9874,26.5,0.6340101766716173,1
1139,DEV,10944,11031,21.75,0.6243983093611396,1
1139,DEV,11644,12202,139.5,0.9974020634355074,1
1139,DEV,12399,12576,44.25,0.6926823681827778,1
1139,DEV,14058,14230,43.0,0.8768131242819989,1
1139,DEV,14406,14590,46.0,0.9335053814646884,0
1139,DEV,14728,15057,82.25,0.8543154203325706,1
1139,DEV,15514,15673,39.75,0.8253084718704685,1
1139,DEV,16272,16529,64.25,1.0342816037448865,1
1140,TEST,970,1130,40.0,0.5673277171445125,1
1140,TEST,2775,2916,35.25,0.5925770790598625,0
1140,TEST,2916,3248,83.0,0.6036359081158102,1
1140,TEST,3649,3812,40.75,0.5905218984388455,1
1140,TEST,4044,4165,30.25,0.6161627233296274,1
1140,TEST,4407,4566,39.75,0.5369893365485492,1
1140,TEST,5856,6031,43.75,0.5699700922286769,1
1140,TEST,6861,7055,48.5,1.000285767972065,1
1140,TEST,7296,7391,23.75,0.5303344659662089,1
1140,TEST,9639,9821,45.5,0.6515901226062037,1
1140,TEST,11362,11522,40.0,0.9287459092119067,1
1140,TEST,11747,12085,84.5,1.3974249565476093,1
1140,TEST,12085,12443,89.5,1.123205142257645,1
1140,TEST,12443,12918,118.75,1.1335483280616316,1
1140,TEST,12918,13245,81.75,0.8025663823340585,1
1140,TEST,13245,13440,48.75,0.9855297268086654,0
1141,DEV,1717,2301,146.0,0.9434214680558457,1
1141,DEV,5169,5309,35.0,0.6442878318430164,0
1141,DEV,5309,5455,36.5,0.7852926854066666,0
1141,DEV,5602,5686,21.0,0.7277669861349688,0
1141,DEV,5850,5998,37.0,0.629304393893179,0
1141,DEV,6089,6322,58.25,1.113590513343287,1
1141,DEV,7170,7260,22.5,0.532179608611196,0
1141,DEV,9133,9684,137.75,0.8133866315626124,0
1141,DEV,9684,10018,83.5,0.8026841758841569,0
1141,DEV,13964,14396,108.0,0.775660475296057,0
1141,DEV,14486,15167,170.25,1.0772021640365383,0
1141,DEV,15325,15514,47.25,0.6159263242951099,0
1141,DEV,15670,15902,58.0,0.6967298646674482,0
1142,TEST,0,99,24.75,0.6273988247114191,0
1142,TEST,586,840,63.5,1.1747464744956613,0
1142,TEST,840,1155,78.75,0.7220868961828429,0
1142,TEST,1155,1434,69.75,1.0068739203030035,0
1142,TEST,1523,1685,40.5,0.6129426305936445,0
1142,TEST,1772,1870,24.5,0.5959566025052593,0
1142,TEST,2362,2540,44.5,0.69534293706496,0
1142,TEST,6723,7334,152.75,1.0340852298281729,0
1142,TEST,11408,11501,23.25,0.625230395593753,0
1142,TEST,15145,15346,50.25,1.9841126426645685,1
1142,TEST,16249,16408,39.75,1.3478593990560124,1
1143,DEV,69,285,54.0,0.7377091668198159,1
1143,DEV,477,690,53.25,0.5136397264986262,1
1143,DEV,960,1215,63.75,0.7193312316515164,1
1143,DEV,1809,2022,53.25,0.6144827553708335,1
1143,DEV,2531,2760,57.25,0.7240435227203111,1
1143,DEV,2918,3258,85.0,0.6792767575667613,1
1143,DEV,3258,3607,87.25,0.5913925291337393,1
1143,DEV,4013,4230,54.25,0.7410077705679723,1
1143,DEV,4594,4695,25.25,0.6012883403782082,1
1143,DEV,4799,5262,115.75,1.2025766807564164,1
1143,DEV,5519,5830,77.75,1.0828844876090302,1
1143,DEV,6071,6303,58.0,1.0701613017232845,1
1143,DEV,6669,6908,59.75,0.9591868470531684,1
1143,DEV,7102,7353,62.75,0.7718732770685778,1
1143,DEV,7593,7910,79.25,0.7523172691330796,1
1143,DEV,7910,8241,82.75,0.815461969454929,1
1143,DEV,8602,8874,68.0,1.0602654904788156,1
1143,DEV,9205,9412,51.75,0.8913298556625242,1
1143,DEV,9642,9849,51.75,0.9843976042712204,1
1143,DEV,10069,10295,56.5,0.9959427173897675,1
1143,DEV,10619,10848,57.25,1.001833081225761,1
1143,DEV,11214,11464,62.5,1.024923307462855,1
1143,DEV,11592,11900,77.0,0.985575677038419,1
1143,DEV,12042,12271,57.25,0.703545056571054,0
1143,DEV,12467,12662,48.75,0.6352168360735302,0
1143,DEV,13356,13635,69.75,0.7857745357215221,0
1143,DEV,14820,15364,136.0,0.5110479664107891,0
1143,DEV,15754,15953,49.75,0.542620316571714,0
1143,DEV,16078,16249,42.75,0.6380442107148072,0
1143,DEV,16532,16749,54.25,0.628384014023778,0
1143,DEV,17398,17665,66.75,0.5953979765422148,0
1143,DEV,17665,18066,100.25,0.954238941430934,0
1143,DEV,18066,18421,88.75,1.0744023636851998,0
1144,TEST,2831,2951,30.0,0.5770692539689426,0
1144,TEST,3217,3538,80.25,1.3933973242999065,1
1144,TEST,3825,4111,71.5,1.1173584770426592,1
1144,TEST,4615,4899,71.0,1.0637916628157662,1
1144,TEST,5130,5420,72.5,0.5856512611778287,1
1144,TEST,5982,6098,29.0,0.5846138756910403,1
1144,TEST,6572,6680,27.0,0.5814562510393656,0
1144,TEST,8508,8727,54.75,0.6907980220922849,1
1144,TEST,15352,15504,38.0,0.5060083481239355,1
1144,TEST,15662,15767,26.25,0.6224784459588177,1
1144,TEST,16054,16179,31.25,0.5786253321991253,1
1146,DEV,494,795,75.25,0.8426047430163389,1
1146,DEV,1091,1304,53.25,0.5029663500808265,1
1146,DEV,2012,2187,43.75,0.607035574056751,1
1146,DEV,2327,2960,158.25,0.6680138081927685,0
1146,DEV,2960,3410,112.5,1.0597471680928654,1
1146,DEV,5926,6226,75.0,1.2064492252604284,1
1146,DEV,6505,6589,21.0,0.5076131939616731,1
1146,DEV,11866,12620,188.5,1.0094924120481534,1
1146,DEV,13040,13319,69.75,0.5892370146242488,1
1146,DEV,13729,14310,145.25,1.0231030751435963,1
1146,DEV,14310,14664,88.5,0.9512806529630287,0
1148,TEST,2176,3128,238.0,0.7381222552978279,0
1148,TEST,7744,7984,60.0,0.9764876654189634,1
1148,TEST,8123,8400,69.25,1.1991953785846918,1
1148,TEST,14484,15018,133.5,1.0906967490936958,0
1148,TEST,15018,15163,36.25,1.0591971469834067,0
1148,TEST,15750,16358,152.0,1.0311975006631497,0
1148,TEST,16358,16956,149.5,1.1630905714875182,0
1150,DEV,798,1018,55.0,1.0217308425467022,1
1150,DEV,2056,2460,101.0,0.5536819261561922,0
1150,DEV,2865,3193,82.0,1.0058946010146925,1
1150,DEV,3455,3561,26.5,0.5193700695035044,0
1150,DEV,5188,5364,44.0,1.2847884102173084,0
1150,DEV,5364,5879,128.75,0.9006129212000351,1
1150,DEV,6093,6402,77.25,0.7243614182234083,1
1150,DEV,6402,6638,59.0,0.7891727030118185,1
1150,DEV,11605,11715,27.5,1.167776181119681,0
1150,DEV,11715,12108,98.25,1.1261327311651366,0
1150,DEV,12108,12484,94.0,0.7545675826270565,0
1150,DEV,12484,12765,70.25,0.9991495351769846,0
1150,DEV,12949,13037,22.0,0.6058828704654096,0
1150,DEV,13471,13687,54.0,1.1006187864746766,0
1150,DEV,14268,14467,49.75,0.9724625355582275,0
1150,DEV,14776,14892,29.0,0.8102876917211648,0
1150,DEV,15365,15658,73.25,0.7704038241590662,0
1150,DEV,15658,15835,44.25,0.5742103874013902,0
1150,DEV,16233,16418,46.25,0.9425496348866534,0
1152,TEST,348,547,49.75,0.5813399409129899,1
1152,TEST,781,1046,66.25,0.6773563327932913,1
1152,TEST,5170,5337,41.75,0.520346897931955,1
1152,TEST,8483,8965,120.5,0.6374487753740592,1
1152,TEST,9422,9514,23.0,0.8045840083865439,1
1152,TEST,9851,10289,109.5,0.775755265415039,1
1152,TEST,10289,10516,56.75,1.1693509959020305,1
1152,TEST,10773,10972,49.75,0.877728009148957,1
1152,TEST,11298,11499,50.25,0.7122605546554851,1
1152,TEST,11831,12017,46.5,0.8525922043266945,1
1152,TEST,12205,12368,40.75,0.7059468216906514,1
1152,TEST,12718,12901,45.75,0.8832078528542843,1
1152,TEST,13193,13368,43.75,0.8060135328314119,1
1152,TEST,13594,13978,96.0,0.9443200228723917,1
1152,TEST,13978,14303,81.25,1.0616601543886406,1
1152,TEST,14571,14692,30.25,1.589273801582008,1
1152,TEST,15618,15733,28.75,0.5097445916325172,1
1152,TEST,16630,16818,47.0,0.8100638520918713,1
1152,TEST,17219,17405,46.5,0.9368150195368347,1
1152,TEST,17691,17834,35.75,1.113837796626323,1
1152,TEST,18355,18466,27.75,1.082507385876299,1
1152,TEST,18577,18798,55.25,1.7118555227294396,1
1153,DEV,1596,1827,57.75,0.942486697400341,1
1153,DEV,2266,2510,61.0,1.4143546009309302,0
1153,DEV,2912,3153,60.25,1.0423095190018858,1
1153,DEV,4079,4298,54.75,1.1435543181191221,1
1153,DEV,4450,4588,34.5,0.6737329469346433,1
1153,DEV,5771,5944,43.25,0.6953470051731544,1
1153,DEV,6904,7118,53.5,0.7672990674671454,1
1153,DEV,7346,7520,43.5,0.6383257067939243,1
1153,DEV,7664,8587,230.75,0.7601891798886877,1
1153,DEV,8992,9124,33.0,0.5009301274855954,1
1153,DEV,10819,11743,231.0,0.7229333689775699,1
1153,DEV,12321,12602,70.25,0.8979788011591963,1
1153,DEV,15564,15746,45.5,1.0118792001660872,1
1153,DEV,15909,16110,50.25,0.9426288951519101,1
1153,DEV,16293,16490,49.25,0.9040933044766698,1
1154,TEST,0,433,108.25,1.0262643802908618,1
1154,TEST,680,891,52.75,1.0744519209897982,1
1154,TEST,1533,1753,55.0,1.029768364910537,1
1154,TEST,2279,2657,94.5,1.0216124652595957,1
1154,TEST,3095,3310,53.75,0.825957978249859,1
1154,TEST,3957,4179,55.5,0.9097780589820916,0
1154,TEST,4299,4471,43.0,0.9101244619549417,1
1154,TEST,5487,5672,46.25,0.9906663772520078,1
1154,TEST,5909,6164,63.75,0.9935264750571379,1
1154,TEST,6444,6636,48.0,0.9253310180160625,1
1154,TEST,6951,7204,63.25,1.036249186021272,1
1154,TEST,7809,8014,51.25,0.883872368135446,1
1154,TEST,8348,8762,103.5,0.9895810722813111,1
1154,TEST,9069,9355,71.5,0.9123073583677013,1
1154,TEST,9712,9950,59.5,0.9060125895376603,1
1154,TEST,10395,10605,52.5,0.917082700238767,1
1154,TEST,10855,11070,53.75,0.9570219231604079,1
1154,TEST,11405,11562,39.25,0.8871282830475363,1
1154,TEST,11898,12041,35.75,0.8554373779031906,1
1154,TEST,12274,12504,57.5,0.7082700238767095,1
1154,TEST,12504,12920,104.0,0.9708128681834025,1
1154,TEST,13275,13516,60.25,0.689602778380725,1
1154,TEST,13971,14323,88.0,1.1460820490557848,1
1154,TEST,14519,14618,24.75,0.6136314304319515,1
1154,TEST,14830,14942,28.0,0.6809203386151509,1
1154,TEST,15544,15736,48.0,0.9409594095940962,1
1154,TEST,16175,16342,41.75,1.0549164315172566,1
1154,TEST,16599,16747,37.0,1.2472324723247232,1
1156,DEV,1831,2003,43.0,1.1292934458365294,1
1156,DEV,2225,2480,63.75,0.8161864646274339,1
1156,DEV,4297,4557,65.0,1.0966594445715412,1
1156,DEV,4814,5118,76.0,1.180991983922988,1
1156,DEV,5214,5394,45.0,0.6919305422851426,1
1156,DEV,5921,6139,54.5,1.0137847815652656,1
1156,DEV,6390,6563,43.25,0.6886340204599252,1
1156,DEV,6855,7077,55.5,1.000776038792968,1
1156,DEV,7286,7381,23.75,0.6872204802468969,1
1156,DEV,7829,7934,26.25,1.1017059396125186,1
1156,DEV,8225,8397,43.0,0.5523108461514307,1
1156,DEV,8752,8925,43.25,0.7269195745692535,1
1156,DEV,9204,9335,32.75,0.6517828706258102,1
1156,DEV,9754,9970,54.0,0.7780573909844926,1
1156,DEV,10362,10564,50.5,1.0345314834003956,1
1156,DEV,10729,10841,28.0,0.506331669111413,1
1156,DEV,11055,11175,30.0,0.5401992580530846,1
1156,DEV,11859,11987,32.0,0.6506614272833708,1
1156,DEV,11987,12179,48.0,0.674884603480063,1
1156,DEV,12179,12614,108.75,0.6666980670802549,1
1156,DEV,12614,12897,70.75,0.6197095910320417,1
1156,DEV,12897,13121,56.0,0.7791788343269315,1
1156,DEV,13121,13335,53.5,0.8985004059624895,1
1156,DEV,13431,13562,32.75,1.309509390966549,1
1156,DEV,14748,14941,48.25,0.7399283173415512,0
1156,DEV,15433,15796,90.75,0.6133173639801368,0
1156,DEV,15893,16027,33.5,1.0204012972856584,0
1156,DEV,16130,16305,43.75,0.6058036935857926,0
1156,DEV,17156,17298,35.5,0.6583993863462029,0
1156,DEV,17532,17635,25.75,0.7935333091101571,0
1156,DEV,18861,18990,32.25,0.6585115306804469,0
1159,TEST,53,595,135.5,0.942056634051647,0
1159,TEST,697,811,28.5,0.788929723208435,0
1159,TEST,1773,2562,197.25,0.686741581895215,0
1159,TEST,3228,4199,242.75,0.7598935686111743,0
1159,TEST,6595,6931,84.0,1.0420041492831145,0
1159,TEST,6931,7201,67.5,0.8495454234964768,0
1159,TEST,7201,7549,87.0,0.7960195393154007,1
1159,TEST,14523,14872,87.25,0.8258913913430035,1
1159,TEST,14973,15171,49.5,0.5693339301736462,1
1159,TEST,15603,16365,190.5,1.1945762659289925,1
1159,TEST,16365,16729,91.0,1.1486071324507057,1
1160,DEV,3816,4134,79.5,0.8637840032480715,1
1160,DEV,4831,4987,39.0,0.5267185108841625,1
1160,DEV,5496,5647,37.75,0.5325744089446891,1
1160,DEV,6418,6617,49.75,0.6984134420188014,1
1160,DEV,7141,7325,46.0,0.6346873058349248,1
1160,DEV,9549,9785,59.0,0.8902526624816516,1
1160,DEV,10276,10515,59.75,1.0443018207939037,1
1160,DEV,11103,11393,72.5,1.0337612042849558,1
1160,DEV,11678,12125,111.75,0.5174271526281271,1
1160,DEV,12485,12715,57.5,0.6122927012086574,1
1160,DEV,13120,13220,25.0,0.7237109216402761,1
1160,DEV,13652,14022,92.5,0.7511165245635405,1
1160,DEV,14219,14654,108.75,1.0956503297097586,1
1160,DEV,14906,14998,23.0,0.7582997595177864,0
1161,TEST,1055,1409,88.5,0.7726082918179512,1
1161,TEST,3363,3659,74.0,1.0856322601657395,1
1161,TEST,3750,4242,123.0,1.0060192277535855,1
1161,TEST,4731,5022,72.75,0.7240564046272058,0
1161,TEST,6952,7259,76.75,1.5723573901400463,1
1161,TEST,8783,9381,149.5,0.9496266631283095,0
1161,TEST,9381,9787,101.5,0.7837661789363214,0
1161,TEST,11482,12418,234.0,0.5521646301009636,0
1161,TEST,12748,13646,224.5,0.6284604528292782,0
1161,TEST,14332,15124,198.0,0.8000506628388075,0
1161,TEST,15396,15576,45.0,0.5470380333168475,0
1162,DEV,582,854,68.0,1.2664811643835616,1
1162,DEV,2903,3320,104.25,0.5064212328767124,1
1162,DEV,3883,4075,48.0,0.6211472602739726,1
1162,DEV,5507,6290,195.75,0.7983732876712331,1
1162,DEV,6967,7706,184.75,0.7415789204661625,1
1162,DEV,11906,12246,85.0,0.7602739726027398,1
1162,DEV,12246,12999,188.25,1.0398116438356166,1
1162,DEV,13249,13593,86.0,1.0395976027397262,1
1163,TEST,3599,3831,58.0,0.6964705478138126,1
1163,TEST,4018,4167,37.25,0.6782893022696493,1
1163,TEST,4499,4716,54.25,0.7076369820850309,1
1163,TEST,5934,6087,38.25,0.6274677103942323,0
1163,TEST,6087,6276,47.25,0.6973295042962141,1
1163,TEST,6436,6544,27.0,0.5318372220202084,1
1163,TEST,8711,8827,29.0,0.5430036562914268,1
1163,TEST,9273,9463,47.5,1.0107054609589963,1
1163,TEST,9772,9962,47.5,1.0529374880103992,1
1163,TEST,10204,10383,44.75,1.0334678077426338,1
1163,TEST,10685,10817,33.0,0.8702660760863652,1
1163,TEST,11966,12119,38.25,0.6373457099418486,1
1163,TEST,12303,12479,44.0,1.6300130847704153,1
1163,TEST,14384,14575,47.75,0.79424842739384,0
1165,DEV,4805,5478,168.25,0.5329419026065491,0
1165,DEV,5478,5598,30.0,1.0828967983920745,1
1165,DEV,9032,9351,79.75,0.5657809359520156,0
1165,DEV,9502,9843,85.25,0.5226549764983306,0
1165,DEV,10591,11346,188.75,1.705255827939292,1
1165,DEV,13303,14125,205.5,0.9558928260559928,0
1165,DEV,14125,14468,85.75,0.9448145979394498,0
1165,DEV,14468,14636,42.0,0.9879405573931351,1
1165,DEV,14824,15022,49.5,1.004162248563787,1
1166,TEST,74,211,34.25,0.5731617032455281,1
1166,TEST,1015,1612,149.25,0.6630167410980822,1
1166,TEST,1612,1950,84.5,0.7516776920688749,1
1166,TEST,2281,2516,58.75,0.8839228142239629,1
1166,TEST,2516,3396,220.0,1.008406371647601,1
1166,TEST,4544,4895,87.75,0.7262667921513888,1
1166,TEST,4895,5512,154.25,1.1860267953096266,1
1166,TEST,6861,7045,46.0,0.8158598619635563,1
1166,TEST,7045,7518,118.25,1.410730342414132,1
1166,TEST,7518,8001,120.75,1.3585723497241657,1
1166,TEST,8298,8475,44.25,0.6331645690540442,1
1166,TEST,8750,8895,36.25,0.631373438731402,1
1166,TEST,9218,9389,42.75,0.6588374370119169,1
1166,TEST,9673,9839,41.5,0.7722756907792611,1
1166,TEST,10162,10481,79.75,1.035870369928116,1
1166,TEST,10481,10921,110.0,0.8391445561579058,1
1166,TEST,11080,11253,43.25,0.5845055286222625,1
1166,TEST,11481,11611,32.5,0.6663004800229265,1
1166,TEST,11965,12135,42.5,1.2382246750455377,1
1166,TEST,12474,12619,36.25,0.7313782150789291,1
1166,TEST,13352,13646,73.5,0.8510854249755211,1
1166,TEST,14143,14272,32.25,0.731378215078929,1
1166,TEST,14372,14593,55.25,0.5173381415231771,1
1167,DEV,2819,2934,28.75,0.539056397454038,1
1167,DEV,3436,3569,33.25,0.5954509591982068,1
1167,DEV,4004,4119,28.75,0.5463026260580373,1
1167,DEV,5158,5317,39.75,0.6657078713152439,1
1167,DEV,6269,6443,43.5,0.7624292705077567,1
1167,DEV,7393,7678,71.25,0.9882261259782527,1
1167,DEV,7783,8029,61.5,0.6247509270317694,0
1167,DEV,10288,10439,37.75,0.5075510556975191,1
1167,DEV,11964,12370,101.5,1.0576343227663387,1
1167,DEV,12620,13028,102.0,0.8342614497126198,1
1167,DEV,13028,13555,131.75,1.1039471751484216,1
1167,DEV,13555,13669,28.5,0.544097252135081,0
1167,DEV,16104,16289,46.25,1.6414283055146333,1
1167,DEV,16608,16757,37.25,1.5718015002327268,0
1169,TEST,821,966,36.25,0.6109625777755968,1
1169,TEST,1518,1738,55.0,0.9126623987179792,1
1169,TEST,4899,5064,41.25,0.5915442288667035,1
1169,TEST,6621,6738,29.25,0.603808449230215,0
1169,TEST,9136,9301,41.25,0.6361042295207953,0
1169,TEST,11865,12383,129.5,1.1250378146794529,1
1169,TEST,12383,12867,121.0,0.764060928646765,0
1169,TEST,12867,13321,113.5,0.8280392782097499,0
1169,TEST,13321,13619,74.5,1.4222407548218807,1
1169,TEST,14204,14414,52.5,0.6767805603931084,0
1169,TEST,14550,14835,71.25,1.5125871781664155,1
1169,TEST,14835,15260,106.25,1.1027578143524068,0
1170,DEV,1548,1654,26.5,0.5172257161448085,0
1170,DEV,3359,3448,22.25,0.5868822447512451,0
1170,DEV,11002,11390,97.0,0.6341863052227802,0
1170,DEV,11471,11816,86.25,0.9450415597500117,0
1170,DEV,11816,12349,133.25,1.0022222921881314,1
1170,DEV,12545,12823,69.5,0.5281420377920859,1
1170,DEV,13043,13228,46.25,0.8332792190755054,1
1170,DEV,13228,13864,159.0,0.743349521695554,0
1170,DEV,13864,14041,44.25,0.8208034229071887,0
1170,DEV,14462,14675,53.25,0.7355521490903558,1
1170,DEV,14675,14869,48.5,0.695525636383672,1
1170,DEV,15604,16180,144.0,0.6321070058613941,1
1170,DEV,16180,16552,93.0,0.5712874995408489,0
1170,DEV,17154,17414,65.0,1.0651877049526701,1
1170,DEV,17414,17989,143.75,1.7234336467971736,1
1170,DEV,17989,18247,64.5,1.6057389318304665,0
1171,TEST,992,1088,24.0,0.7327405675194583,1
1171,TEST,1695,1819,31.0,0.6136347771456493,1
1171,TEST,1819,2041,55.5,0.5910570311681965,1
1171,TEST,5273,5651,94.5,1.0493743673868277,1
1171,TEST,6123,6414,72.75,1.1556097518411224,1
1171,TEST,7011,7336,81.25,0.7451746884925482,1
1171,TEST,7532,7827,73.75,0.6185429827929216,1
1171,TEST,8302,8584,70.5,1.0320320407664654,1
1171,TEST,9335,9604,67.25,0.8426843740183588,1
1171,TEST,10050,10369,79.75,0.7337222086489127,1
1172,DEV,2016,2325,77.25,1.5728388198918635,1
1172,DEV,2325,2581,64.0,0.5137381658048923,0
1172,DEV,2673,2991,79.5,1.2509409149419575,1
1172,DEV,2991,3087,24.0,0.8228606822044117,0
1172,DEV,4115,4529,103.5,0.7035888169676052,0
1172,DEV,4660,5028,92.0,1.013444347464278,1
1172,DEV,5510,5706,49.0,0.8307144046739117,1
1172,DEV,6296,6604,77.0,0.7939589835166517,1
1172,DEV,6736,6916,45.0,0.662644743826612,1
1172,DEV,7060,7297,59.25,0.5115391235134322,1
1172,DEV,9229,9643,103.5,0.7832779209581316,1
1172,DEV,10016,10233,54.25,0.7601356187480053,1
1172,DEV,10744,10883,34.75,0.693431335907052,1
1172,DEV,11187,11346,39.75,0.6938502011054254,1
1172,DEV,11499,11617,29.5,0.9791107692359098,0
1172,DEV,11710,12175,116.25,1.004948959158972,1
1172,DEV,12713,13103,97.5,1.1640263862794908,1
1172,DEV,13103,13334,57.75,0.9700917994326381,0
1172,DEV,13334,13651,79.25,0.8378351130462585,1
1172,DEV,15721,15828,26.75,0.6302874072522721,1
1172,DEV,16111,16251,35.0,0.5405455385007856,1
1172,DEV,16574,16715,35.25,0.759821469849225,1
1172,DEV,17593,17677,21.0,0.6113337570258789,1
1173,TEST,903,1464,140.25,0.8790542588663229,1
1173,TEST,1811,2085,68.5,0.792222390623421,1
1173,TEST,2171,2335,41.0,0.7559108820854802,1
1173,TEST,2633,3046,103.25,0.8585303627361824,1
1173,TEST,3046,3583,134.25,1.359155552187531,1
1173,TEST,4360,4662,75.5,1.031562594725674,1
1173,TEST,4766,4902,34.0,0.749911589370516,0
1173,TEST,8733,9677,236.0,0.5957098086708206,0
1173,TEST,13352,13545,48.25,1.505380973927272,1
1174,DEV,255,518,65.75,1.032058767548214,1
1174,DEV,1163,1334,42.75,0.7614728925424269,1
1174,DEV,1792,2027,58.75,0.6529298894507517,1
1174,DEV,2418,2801,95.75,0.7375522781170103,1
1174,DEV,3884,4185,75.25,0.6390405004295422,0
1174,DEV,4185,4334,37.25,0.5807822298128019,0
1174,DEV,4451,4782,82.75,0.5176369519478581,0
1174,DEV,5640,5846,51.5,0.7030860164717865,0
1174,DEV,5846,6208,90.5,1.1984742248949292,1
1174,DEV,6208,6600,98.0,1.1622074868951042,1
1174,DEV,6735,6982,61.75,1.0082667585766978,1
1174,DEV,7394,7592,49.5,0.6773649256917686,1
1174,DEV,8421,8637,54.0,1.2461868482918623,1
1174,DEV,9128,9331,50.75,0.9065398445417272,1
1174,DEV,9595,9779,46.0,0.930846275328844,1
1174,DEV,10099,10294,48.75,0.7981254469039523,1
1174,DEV,10776,10937,40.25,0.8574125611518931,1
1174,DEV,11280,11471,47.75,1.08401537092385,1
1174,DEV,11618,11820,50.5,0.6756930547910676,1
1174,DEV,12559,12760,50.25,0.9088547427119289,1
1174,DEV,12922,13080,39.5,0.599558626082215,1
1174,DEV,13372,13553,45.25,0.8507250775490885,1
1174,DEV,13854,14025,42.75,0.7252061545426017,1
1174,DEV,14352,14635,70.75,0.9016528372935239,1
1174,DEV,15112,15366,63.5,0.8710447392653027,1
1174,DEV,15875,16324,112.25,0.8616565411305963,1
1174,DEV,16324,16519,48.75,1.1875427613134217,1
1174,DEV,16741,16961,55.0,0.5995586260822149,1
1174,DEV,17492,17842,87.5,0.5460587572597778,1
1175,TEST,0,175,43.75,0.8032342800853717,1
1175,TEST,1004,1238,58.5,0.9820226563782628,1
1175,TEST,1370,1592,55.5,1.1387292726974223,1
1175,TEST,1806,2041,58.75,1.0618945985880806,1
1175,TEST,2377,2616,59.75,0.9980298801510423,1
1175,TEST,3054,3275,55.25,1.1099260091994578,1
1175,TEST,3483,3668,46.25,0.9785846859356259,1
1175,TEST,4267,4489,55.5,1.0444195242216217,1
1175,TEST,4858,5063,51.25,1.0374420164232305,1
1175,TEST,5429,5641,53.0,1.010096864225907,1
1175,TEST,5895,6123,57.0,0.9351502216384829,1
1175,TEST,6720,6960,60.0,0.825644393367263,1
1175,TEST,7170,7328,39.5,0.6527663766212444,1
1175,TEST,7852,8060,52.0,0.878755540962075,1
1175,TEST,8378,8625,61.75,0.9793137415859464,1
1175,TEST,9022,9211,47.25,0.7448694795600064,1
1175,TEST,9649,9860,52.75,0.8707108849121654,1
1175,TEST,10228,10421,48.25,0.7602199967164668,1
1175,TEST,10717,10961,61.0,0.9344114266951239,1
1175,TEST,11891,12116,56.25,0.811689377770481,1
1175,TEST,12439,12635,49.0,0.7208996880643572,1
1175,TEST,13070,13223,38.25,0.5598423904120833,1
1175,TEST,13510,13712,50.5,0.6925792152355934,1
1175,TEST,13993,14190,49.25,0.5428587796242622,1
1175,TEST,14426,14583,39.25,0.6621212506213683,1
1176,DEV,450,638,47.0,0.6756553767026581,1
1176,DEV,1050,1227,44.25,0.7925206241625664,1
1176,DEV,1634,1814,45.0,0.7621777192950837,1
1176,DEV,2360,2498,34.5,0.5635969260534399,1
1176,DEV,2866,3012,36.5,0.6441107726325028,1
1176,DEV,3423,3583,40.0,0.5918368573162455,1
1176,DEV,4041,4218,44.25,0.7062987063708089,1
1176,DEV,4528,4710,45.5,0.5924377069175819,1
1176,DEV,5112,5488,94.0,1.3086504317104397,1
1176,DEV,5696,5810,28.5,0.5431680396080062,1
1176,DEV,6270,6484,53.5,0.9238062620545457,1
1176,DEV,6919,7044,31.25,0.6843676959220343,1
1176,DEV,7456,7584,32.0,0.613467442964352,1
1176,DEV,8006,8151,36.25,0.775095985723814,1
1176,DEV,8544,8746,50.5,1.0016162854275954,1
1176,DEV,9090,9206,29.0,0.8420907162728104,1
1176,DEV,9610,9799,47.25,0.9682691325534313,1
1176,DEV,10208,10393,46.25,0.9322181564732538,1
1176,DEV,10584,10830,61.5,0.9144930932338333,1
1176,DEV,11234,11519,71.25,0.8958667555924084,1
1176,DEV,11825,11971,36.5,0.8739357451436337,1
1176,DEV,12489,12657,42.0,0.8865535867716958,1
1176,DEV,13052,13259,51.75,1.0187404990656796,1
1176,DEV,13492,13945,113.25,0.8538365361571619,1
1176,DEV,14051,14502,112.75,1.6448418726201592,1
1178,TEST,3731,3850,29.75,0.5781829390601854,1
1178,TEST,4279,4402,30.75,0.5967004352186676,1
1178,TEST,6223,6370,36.75,0.7278181098812121,1
1178,TEST,7115,7306,47.75,1.0013249786071163,1
1178,TEST,7737,7884,36.75,0.9019515830733983,1
1178,TEST,8714,8890,44.0,0.7743993890376424,1
1178,TEST,9497,9639,35.5,0.5096336986225743,1
1178,TEST,11229,11329,25.0,1.0105262189343125,1
1178,TEST,11910,12130,55.0,1.2292857077133998,1
1178,TEST,12303,12446,35.75,0.6696202648116967,1
1178,TEST,12971,13211,60.0,1.1200209788279463,1
1178,TEST,13333,13514,45.25,0.6772112880816336,1
1178,TEST,13790,14017,56.75,0.8253512573494908,1
1178,TEST,14390,14581,47.75,1.0173442263899324,1
1179,DEV,6678,6878,50.0,0.6960367184944561,1
1179,DEV,7084,7721,159.25,0.9493784370806272,1
1179,DEV,7876,8153,69.25,0.9387158006207319,1
1179,DEV,8441,8838,99.25,0.7879120511151619,1
1179,DEV,9187,9404,54.25,0.6873047132515598,1
1179,DEV,9864,10170,76.5,0.7653880202501764,1
1179,DEV,10585,10850,66.25,0.8898064764567633,1
1179,DEV,11157,11427,67.5,0.8486196771607898,1
1179,DEV,11855,11944,22.25,0.9367119205228699,1
1179,DEV,12066,12156,22.5,0.9431334057450858,0
1179,DEV,12375,12609,58.5,0.9642430356010491,1
1179,DEV,13032,13313,70.25,1.0178716805176813,1
1179,DEV,13483,13811,82.0,0.9391448297800651,1
1179,DEV,14034,14186,38.0,0.737286610313861,1
1179,DEV,14689,14883,48.5,1.0474746925116623,1
1179,DEV,15378,15595,54.25,1.1051791144419587,1
1179,DEV,15966,16160,48.5,1.1166477963597405,1
1179,DEV,16520,16858,84.5,0.7400752998495259,1
1179,DEV,17109,17441,83.0,1.280866555188846,1
1179,DEV,17652,17853,50.25,1.256715352756146,1
1180,TEST,994,1284,72.5,1.1825826279721716,0
1180,TEST,1284,2241,239.25,1.314456866599114,1
1180,TEST,2422,2632,52.5,0.6353028402841087,1
1180,TEST,2749,2975,56.5,0.5465043187298896,1
1180,TEST,3759,3960,50.25,0.6204656189611252,1
1180,TEST,4264,4507,60.75,1.0076098801387752,1
1180,TEST,4507,4749,60.5,0.9309232348253695,1
1180,TEST,5017,5201,46.0,0.6505896743744553,1
1180,TEST,9512,10143,157.75,0.9127139177471623,1
1180,TEST,10143,10461,79.5,0.7526517725658867,1
1180,TEST,11455,11778,80.75,0.5714578273185437,1
1180,TEST,11778,12129,87.75,1.0932334438434608,1
1180,TEST,12129,12323,48.5,0.6249617466347566,1
1180,TEST,12530,12647,29.25,0.5314422910232246,1
1180,TEST,13197,13312,28.75,0.5273957761169563,1
1180,TEST,13524,13650,31.5,0.5755043422248117,1
1180,TEST,14278,14495,54.25,0.6188919742753543,1
1180,TEST,14661,14860,49.75,0.6865586957635059,1
1180,TEST,16082,16208,31.5,0.7267990384425065,1
1180,TEST,16427,16620,48.25,1.0927838310760978,1
1180,TEST,16620,16921,75.25,0.9019232113304473,1
1180,TEST,17091,17264,43.25,0.9961170860930237,1
1181,DEV,364,1339,243.75,1.5592997829421857,1
1181,DEV,4015,4760,186.25,0.9420815437719253,1
1181,DEV,5755,5992,59.25,0.5317046963036075,1
1181,DEV,9073,9293,55.0,0.7748011854322621,0
1181,DEV,9293,9593,75.0,0.7409704410249646,0
1181,DEV,9593,9745,38.0,0.5323658834907202,0
1181,DEV,9745,10168,105.75,0.5160565995419256,0
1181,DEV,13702,13904,50.5,1.1777147658045628,0
1181,DEV,14249,14332,20.75,1.0056958992905876,0
1182,TEST,1227,1518,72.75,1.3393574636902694,1
1182,TEST,2341,2525,46.0,1.1274625906157214,1
1182,TEST,3315,3566,62.75,0.951412209543305,1
1182,TEST,5015,5190,43.75,0.7633987168598859,0
1182,TEST,8345,8579,58.5,0.6887640734568892,1
1182,TEST,9775,10092,79.25,0.6506991261979884,1
1182,TEST,10446,10602,39.0,0.85096304316565,1
1182,TEST,13960,14460,125.0,0.7748331486478484,0
1182,TEST,14833,15219,96.5,0.9004474746022211,0
1182,TEST,15219,15600,95.25,1.1237618318544396,0
1183,DEV,818,1081,65.75,1.3647189705398854,1
1183,DEV,1209,1435,56.5,0.9748017267971814,1
1183,DEV,3547,3814,66.75,1.0016286022311087,0
1183,DEV,3952,4297,86.25,1.0746480919357428,1
1183,DEV,4774,4948,43.5,0.773341064069662,1
1183,DEV,5725,5955,57.5,0.8544346430606393,1
1183,DEV,6159,6384,56.25,0.9096852133621843,1
1183,DEV,7032,7184,38.0,0.6606161162806701,1
1183,DEV,8238,8512,68.5,0.8472385180120476,1
1183,DEV,8512,8962,112.5,1.0018197527277175,1
1183,DEV,9243,9390,36.75,0.5357948419949995,1
1183,DEV,12214,12421,51.75,0.8221382859152668,1
1183,DEV,12951,13123,43.0,0.6959789581533333,1
1183,DEV,13439,13685,61.5,1.0203613508987897,1
1183,DEV,13942,14149,51.75,0.9798581727799676,1
1183,DEV,14413,14544,32.75,0.9883538102963912,1
1183,DEV,15030,15338,77.0,0.9698976197940162,1
1183,DEV,15469,15737,67.0,0.969594027828813,1
1183,DEV,15853,16069,54.0,1.0289631232461942,1
1183,DEV,16526,16719,48.25,1.0440640124783045,1
1183,DEV,17122,17359,59.25,0.97677903767194,1
1183,DEV,17571,17658,21.75,0.8165949215136061,1
1183,DEV,18044,18301,64.25,1.0159648894767828,1
1183,DEV,18301,18686,96.25,0.9498565521717676,1
1183,DEV,19342,19556,53.5,1.0064527865465158,0
1183,DEV,19841,20131,72.5,1.1058540154137957,1
1183,DEV,20131,20372,60.25,0.9309029184857823,0
1184,TEST,0,124,31.0,0.6747125790056083,0
1184,TEST,387,567,45.0,0.6960464374800733,1
1184,TEST,991,1194,50.75,0.7775136442919041,1
1184,TEST,1194,1523,82.25,0.9637746394343487,1
1184,TEST,1523,1825,75.5,0.9596719743431054,1
1184,TEST,2097,2262,41.25,0.597113599279807,1
1184,TEST,2512,2736,56.0,0.5844539469982563,1
1184,TEST,2736,2958,55.5,0.6009818263658362,1
1184,TEST,3075,3279,51.0,0.7905249535812756,1
1184,TEST,7094,7516,105.5,1.1335077552092134,1
1184,TEST,7622,7774,38.0,0.6376713741818119,1
1184,TEST,8238,8351,28.25,0.506386091262027,1
1184,TEST,8705,9006,75.25,0.9227479885219161,1
1184,TEST,9838,10139,75.25,0.9215757984958465,1
1184,TEST,10381,10626,61.25,1.0458279412592142,1
1184,TEST,11014,11292,69.5,0.6339203660983894,1
1184,TEST,11292,11541,62.25,0.5612445844820799,0
1185,DEV,1890,2053,40.75,0.6004596385588181,1
1185,DEV,2668,2842,43.5,0.6295124813887282,1
1185,DEV,4056,4249,48.25,0.6456301362448976,1
1185,DEV,5450,5621,42.75,0.5919388401316711,1
1185,DEV,5994,6163,42.25,0.5967638705663205,1
1185,DEV,7140,7307,41.75,0.5659658039621753,1
1185,DEV,7639,7782,35.75,0.5410193700128176,1
1185,DEV,8212,8363,37.75,0.6035394452192326,1
1185,DEV,9309,9458,37.25,0.5426619335650388,1
1185,DEV,9798,9968,42.5,0.5122745078489488,1
1185,DEV,10857,11028,42.75,0.5686349697345345,1
1185,DEV,11408,11560,38.0,0.5045749911979125,1
1185,DEV,11907,12141,58.5,0.7787804441968188,1
1185,DEV,12299,12567,67.0,1.0389214467798322,1
1185,DEV,12854,13118,66.0,0.8125556572393646,1
1185,DEV,13237,13474,59.25,0.7887384857321591,1
1185,DEV,13658,13907,62.25,1.096308510885556,1
1185,DEV,14066,14399,83.25,1.1502790428026601,1
1185,DEV,14399,15006,151.75,1.2866118176370096,1
1187,TEST,0,238,59.5,1.1579889738926121,0
1187,TEST,3722,4149,106.75,0.8842824891543583,1
1187,TEST,5578,6085,126.75,1.0452863037062723,1
1187,TEST,6085,6229,36.0,0.8517278717064988,0
1187,TEST,6943,7067,31.0,1.0562557943680508,0
1187,TEST,7067,7431,91.0,1.6072073092193258,1
1187,TEST,12605,13554,237.25,0.8069604908976171,0
1189,DEV,3562,3728,41.5,0.6030123331029218,1
1189,DEV,5644,5797,38.25,0.500366406976805,1
1189,DEV,8340,8786,111.5,1.22541583025097,1
1189,DEV,8886,9384,124.5,1.1817588287593557,0
1189,DEV,11536,11668,33.0,0.5948537951997939,1
1189,DEV,12472,12604,33.0,0.5995908022320503,1
1189,DEV,12904,13040,34.0,0.6166551460690514,1
1189,DEV,13393,13537,36.0,0.5046541481947314,1
1189,DEV,14556,14996,110.0,1.009308296389462,1
1189,DEV,15083,15341,64.5,0.7841728551866973,1
1189,DEV,15341,15498,39.25,0.6966929821370108,0
1190,TEST,1817,2109,73.0,1.61951393367503,0
1190,TEST,2365,2456,22.75,0.5390601133702189,1
1190,TEST,4050,4402,88.0,0.7889667696276441,1
1190,TEST,6312,6516,51.0,0.6837429143613598,1
1190,TEST,9526,9790,66.0,1.0238111401513876,1
1190,TEST,11598,11727,32.25,0.5273921455483527,1
1190,TEST,14124,14235,27.75,0.6075829062149968,1
1190,TEST,15739,16023,71.0,2.1723634635619993,1
1191,DEV,2389,3194,201.25,1.0032760863866754,0
1191,DEV,3647,4602,238.75,0.9241976254713763,0
1191,DEV,4743,4991,62.0,0.748184276982486,1
1191,DEV,5956,6208,63.0,0.7530310213611657,1
1191,DEV,6486,6582,24.0,0.5726811121124041,1
1191,DEV,6989,7460,117.75,0.8481802662689283,1
1191,DEV,8372,8724,88.0,0.8009882815291534,1
1191,DEV,8724,9386,165.5,1.4787672191160832,1
1191,DEV,10227,10556,82.25,0.7757341923981386,1
1191,DEV,10556,10844,72.0,0.8239465443755302,0
1191,DEV,10844,11066,55.5,0.5111215717691102,1
1191,DEV,12430,12543,28.25,1.254258497080243,1
1192,TEST,2087,2254,41.75,0.5072463768115941,1
1192,TEST,2720,3002,70.5,1.0511060259344012,1
1192,TEST,3878,4111,58.25,0.8844393592677343,1
1192,TEST,6357,6452,23.75,0.7993897787948131,1
1192,TEST,10272,10938,166.5,0.8592677345537756,1
1192,TEST,12470,12628,39.5,0.5045766590389017,1
1192,TEST,12809,13230,105.25,0.782227307398932,1
1192,TEST,14894,15942,262.0,1.0554964255938128,0
1193,DEV,989,1213,56.0,1.1783464341788232,1
1193,DEV,2154,2484,82.5,0.9999314528567023,1
1193,DEV,2690,2813,30.75,0.5342392980772526,1
1193,DEV,3161,3484,80.75,0.689327209788532,1
1193,DEV,3770,3869,24.75,0.5136751550879117,1
1193,DEV,4169,4370,50.25,0.5946464681084416,1
1193,DEV,4560,5036,119.0,0.9510916132570175,1
1193,DEV,5504,5788,71.0,0.6940398258902559,1
1193,DEV,6400,6613,53.25,1.0438561507040105,1
1193,DEV,7396,7751,88.75,1.0881827953624381,1
1193,DEV,8292,8583,72.75,1.0913990471947081,1
1193,DEV,9369,9843,118.5,1.042761025114037,1
1193,DEV,9933,10139,51.5,1.070834904205367,0
1193,DEV,10360,10518,39.5,0.6347037049730953,1
1193,DEV,10698,10891,48.25,0.7090345134866504,1
1193,DEV,11341,11581,60.0,0.9176338347057535,0
1193,DEV,11839,12191,88.0,1.0048725594360854,1
1193,DEV,12953,13290,84.25,1.1037008113044031,1
1193,DEV,13290,13602,78.0,0.7308839154128252,0
1193,DEV,13602,13894,73.0,1.0599102032422798,1
1194,TEST,353,460,26.75,0.8135454916360667,1
1194,TEST,460,595,33.75,0.5932272541819665,1
1194,TEST,873,1046,43.25,0.5169318645450836,0
1194,TEST,1046,1427,95.25,0.7935536515707875,0
1194,TEST,1427,1848,105.25,1.6483068135454915,1
1194,TEST,1942,2128,46.5,1.121175030599755,1
1194,TEST,2297,2477,45.0,0.8759689922480619,1
1194,TEST,2748,2963,53.75,1.0203998368013056,1
1194,TEST,3099,3264,41.25,0.8784169726642187,1
1194,TEST,3730,3897,41.75,0.7201142390860872,1
1194,TEST,4205,4386,45.25,0.9567523459812322,1
1194,TEST,4693,4961,67.0,1.080375356997144,1
1194,TEST,4961,5504,135.75,0.9534883720930233,0
1194,TEST,5504,5733,57.25,1.130966952264382,0
1194,TEST,5733,5980,61.75,0.755609955120359,0
1194,TEST,6824,7318,123.5,0.673249625238953,0
1194,TEST,7318,7493,43.75,0.5271317829457364,0
1194,TEST,9675,9757,20.5,0.551203590371277,0
1194,TEST,9886,10138,63.0,0.5087719298245613,0
1194,TEST,11426,11682,64.0,0.5781313749490004,0
1194,TEST,13979,14243,66.0,0.5748674010607915,0
1195,DEV,3723,3956,58.25,0.7490196349653157,1
1195,DEV,4046,4650,151.0,1.095519022885559,1
1195,DEV,8378,8882,126.0,0.8219850749365446,0
1195,DEV,8882,9501,154.75,1.0173664663286976,0
1195,DEV,9501,10151,162.5,0.8993922982364408,0
1195,DEV,10605,11189,146.0,0.8264268582652128,0
1195,DEV,11189,11628,109.75,0.8986234634803835,0
1195,DEV,11628,12089,115.25,0.8837499898992778,0
1195,DEV,12089,12505,104.0,0.7305571467369347,0
1195,DEV,13587,13990,100.75,1.1426579645265738,0
1195,DEV,13990,14618,157.0,1.0994847758496107,0
1195,DEV,14618,14752,33.5,0.6815871193520947,0
1195,DEV,14851,15012,40.25,0.6027429472504826,0
1195,DEV,15935,16067,33.0,0.7137472421830154,0
1196,TEST,3138,3323,46.25,0.5171585934190087,0
1196,TEST,3323,3523,50.0,0.5759073577178365,0
1196,TEST,6222,6590,92.0,0.8532693122440334,0
1196,TEST,6856,7063,51.75,0.5787318175398956,0
1196,TEST,7863,8023,40.0,0.941957350656687,1
1196,TEST,8341,8498,39.25,0.5420138398531281,0
1196,TEST,8958,9190,58.0,0.5824036153085721,0
1196,TEST,9360,9576,54.0,1.189380031069058,1
1196,TEST,10211,10391,45.0,0.9911029515605141,1
1196,TEST,10618,10853,58.75,0.5442734077107755,0
1196,TEST,10996,11390,98.5,0.7360542296285836,0
1196,TEST,11390,12117,181.75,2.3835616438356166,1
1196,TEST,12117,12500,95.75,0.9371557689591865,0
1197,DEV,1025,1228,50.75,0.5971980462164643,1
1197,DEV,3053,3141,22.0,1.103305299923789,0
1197,DEV,4551,4943,98.0,0.5414167819445342,1
1197,DEV,5362,5553,47.75,0.5127049512956032,1
1197,DEV,6009,6212,50.75,1.0435003637203581,1
1197,DEV,6212,6331,29.75,0.6991431154030953,0
1197,DEV,6836,7050,53.5,0.6014546253056765,1
1197,DEV,7050,7350,75.0,0.562719755593846,1
1197,DEV,7350,7985,158.75,0.569743111091046,1
1197,DEV,10324,10508,46.0,0.6925454178148165,0
1197,DEV,10508,10976,117.0,0.621247718070513,0
1197,DEV,10976,11284,77.0,0.5831513352220642,0
1197,DEV,11852,11944,23.0,0.7187233792134712,0
1197,DEV,11944,12147,50.75,0.586556598493434,0
1197,DEV,13539,13853,78.5,0.7057408129913741,0
1197,DEV,13853,14236,95.75,0.7917237105934595,1
1197,DEV,14970,15326,89.0,1.1787808687159507,1
1197,DEV,15326,15797,117.75,1.173946364599291,1
1197,DEV,15797,15959,40.5,1.22608945844214,0
1198,TEST,8,208,50.0,0.515405467656491,1
1198,TEST,1374,1620,61.5,0.733863680657678,1
1198,TEST,2031,2155,31.0,0.5154374804510816,1
1198,TEST,9763,10088,81.25,0.8004642817258149,1
1198,TEST,11605,11886,70.25,0.7129568930387485,1
1198,TEST,12817,13191,93.5,0.6280895093991957,1
1198,TEST,13191,13420,57.25,0.7657553905848586,1
1198,TEST,13420,13710,72.5,1.029490374691131,1
1198,TEST,13710,13975,66.25,1.0498627853198554,1
1198,TEST,13975,14515,135.0,1.05242642759696,1
1199,DEV,55,456,100.25,0.5522346106998959,0
1199,DEV,647,776,32.25,0.6517380305443631,0
1199,DEV,3194,3568,93.5,0.9145819669571174,0
1199,DEV,6387,6511,31.0,0.8316312189637389,0
1199,DEV,6678,6812,33.5,0.8381898247915286,0
1199,DEV,6954,7150,49.0,0.8929073362690888,0
1199,DEV,7150,7343,48.25,0.9534338986226911,1
1199,DEV,7447,7653,51.5,1.2189637402792073,1
1199,DEV,7653,7869,54.0,0.5996439613979189,0
1199,DEV,7869,8084,53.75,0.5505481120584643,0
1199,DEV,8084,8291,51.75,1.1327649208282562,1
1199,DEV,8291,8442,37.75,0.7920921952590636,1
1199,DEV,8833,9128,73.75,0.5143820856366523,0
1199,DEV,9128,9344,54.0,0.8282582216808755,0
1199,DEV,9775,9957,45.5,0.739248571160872,1
1199,DEV,9957,10267,77.5,0.7572896435945605,1
1199,DEV,10267,10482,53.75,0.6618467728305909,1
1199,DEV,10633,10796,40.75,0.5692767362897871,1
1199,DEV,10886,11004,29.5,0.6230876057646259,1
1200,TEST,3063,3312,62.25,0.9822449911871219,1
1200,TEST,4177,4271,23.5,1.0241558511650126,1
1200,TEST,4479,4874,98.75,1.141710032628638,1
1200,TEST,5567,5808,60.25,1.0603079978695782,1
1200,TEST,5958,6236,69.5,0.9250171496400615,1
1200,TEST,7037,7164,31.75,1.054556401399214,1
1200,TEST,7884,8099,53.75,1.045060363515681,1
1200,TEST,8341,8507,41.5,0.7953690766983873,1
1200,TEST,8885,9150,66.25,1.1142966449812137,1
1200,TEST,9920,10025,26.25,1.026773676620996,1
1200,TEST,10899,11051,38.0,1.066323241362264,1
1200,TEST,11773,11859,21.5,0.976259956281878,1
1200,TEST,12546,12632,21.5,0.9527782625559359,1
1200,TEST,13441,13529,22.0,1.0530188826337805,1
1200,TEST,14127,14214,21.75,0.984889507914828,1
1200,TEST,14313,14729,104.0,0.8779420953608265,1
1200,TEST,14729,15052,80.75,0.9896878471718832,1
1200,TEST,15627,16445,204.5,1.1596354450063042,1
1200,TEST,16593,16809,54.0,0.9796804231600168,1
